classification,exness_signal_time,bitstamp_signal_time,exness_direction,bitstamp_direction,exness_trigger,bitstamp_trigger,trigger_difference_usd,stop_difference_usd,target_distance_difference_usd,planned_risk_price_difference_usd_per_btc
EXACT MATCH,2023-11-17 15:45:00+00:00,2023-11-17 15:45:00+00:00,SHORT,SHORT,35924.310664899625,35940.2586907726,-15.94802587297454,2.1420388094629743,54.27019404731254,18.090064682437514
EXNESS ONLY,2023-11-19 09:30:00+00:00,,LONG,,36643.90333411066,,,,,
EXACT MATCH,2023-11-20 08:00:00+00:00,2023-11-20 08:00:00+00:00,LONG,LONG,37273.51316646973,37283.33251308028,-9.819346610544017,-33.515980084186594,71.08990042092773,23.696633473642578
EXNESS ONLY,2023-11-20 10:15:00+00:00,,LONG,,37243.90622574107,,,,,
EXACT MATCH,2023-11-20 14:45:00+00:00,2023-11-20 14:45:00+00:00,LONG,LONG,37306.880295656636,37321.99986055547,-15.11956489883596,-33.19565265174606,54.228263258730294,18.076087752910098
NEAR MATCH,2023-11-23 09:00:00+00:00,2023-11-23 08:45:00+00:00,LONG,LONG,37519.587873528224,37533.612812471234,-14.024938943010056,-53.41259158547473,118.16295792739402,39.38765264246467
EXNESS ONLY,2023-11-23 10:45:00+00:00,,LONG,,37515.33919887886,,,,,
EXACT MATCH,2023-11-23 12:30:00+00:00,2023-11-23 12:30:00+00:00,LONG,LONG,37522.70971138112,37557.44992444579,-34.7402130646733,-54.409680402997765,59.0084020149734,19.669467338324466
EXNESS ONLY,2023-11-24 13:15:00+00:00,,LONG,,37825.97788769037,,,,,
EXACT MATCH,2023-11-24 15:00:00+00:00,2023-11-24 15:00:00+00:00,LONG,LONG,37834.89571430654,37854.523641040156,-19.627926733614004,-49.24810989958496,88.86054949791287,29.620183165970957
EXACT MATCH,2023-11-29 12:30:00+00:00,2023-11-29 12:30:00+00:00,LONG,LONG,38221.262199465185,38227.86415623037,-6.601956765181967,-41.39206485223258,104.37032426115184,34.79010808705061
EXACT MATCH,2023-12-01 16:15:00+00:00,2023-12-01 16:15:00+00:00,LONG,LONG,38529.121745944605,38529.064421913885,0.05732403072033776,-38.73098604607367,116.36493023038201,38.788310076794005
EXNESS ONLY,2023-12-03 16:00:00+00:00,,LONG,,39785.58836822988,,,,,
NEAR MATCH,2023-12-04 11:45:00+00:00,2023-12-04 12:00:00+00:00,LONG,LONG,41665.934756474955,41670.7478056988,-4.813049223841517,-91.6954261642386,260.64713082119124,86.88237694039708
EXNESS ONLY,2023-12-04 12:30:00+00:00,,LONG,,41822.71301529718,,,,,
EXNESS ONLY,2023-12-04 13:00:00+00:00,,LONG,,41807.207620332774,,,,,
EXNESS ONLY,2023-12-04 17:00:00+00:00,,LONG,,41622.21283514158,,,,,
EXACT MATCH,2023-12-06 08:15:00+00:00,2023-12-06 08:15:00+00:00,LONG,LONG,43832.00685441927,43855.939007692745,-23.932153273475706,-51.69677008978033,83.29385044891387,27.764616816304624
EXACT MATCH,2023-12-08 14:30:00+00:00,2023-12-08 14:30:00+00:00,LONG,LONG,43690.599687279006,43714.23457128391,-23.634884004903142,-67.57767399264412,131.82836996322294,43.94278998774098
EXACT MATCH,2023-12-12 19:30:00+00:00,2023-12-12 19:30:00+00:00,SHORT,SHORT,40957.974815586655,40975.63250679022,-17.657691203567083,34.10153680534859,155.277684026747,51.75922800891567
EXACT MATCH,2023-12-12 20:00:00+00:00,2023-12-12 20:00:00+00:00,SHORT,SHORT,41022.12564201094,41028.49435534463,-6.368713333686173,10.923070000535517,51.87535000266507,17.29178333422169
EXNESS ONLY,2023-12-13 12:00:00+00:00,,SHORT,,40903.206543446664,,,,,
EXACT MATCH,2023-12-14 20:00:00+00:00,2023-12-14 20:00:00+00:00,LONG,LONG,43138.51072172656,43157.91395526912,-19.403233542558155,-56.42514968616888,111.06574843083217,37.021916143610724
EXACT MATCH,2023-12-16 16:30:00+00:00,2023-12-16 16:30:00+00:00,LONG,LONG,42549.739487507715,42566.648576544285,-16.90908903656964,-36.91636644515529,60.02183222575695,20.00727740858565
EXNESS ONLY,2023-12-17 08:00:00+00:00,,SHORT,,41761.94098024226,,,,,
NEAR MATCH,2023-12-18 08:15:00+00:00,2023-12-18 08:00:00+00:00,SHORT,SHORT,40969.34065952644,41048.50901851604,-79.16835898959835,14.882538484402176,282.15269242200156,94.05089747400052
EXACT MATCH,2023-12-18 09:15:00+00:00,2023-12-18 09:15:00+00:00,SHORT,SHORT,40975.50228083962,40998.79310520147,-23.290824361851264,33.2812365427817,169.7161827138989,56.57206090463296
EXACT MATCH,2023-12-19 10:45:00+00:00,2023-12-19 10:45:00+00:00,LONG,LONG,43235.36189074838,43235.21058817908,0.15130256930569885,-27.866953853961604,84.05476926980191,28.018256423267303
EXNESS ONLY,2023-12-20 09:15:00+00:00,,LONG,,42863.296596029686,,,,,
EXACT MATCH,2023-12-20 10:45:00+00:00,2023-12-20 10:45:00+00:00,LONG,LONG,42857.33103408729,42866.88664495674,-9.555610869450902,-51.376583695819136,125.4629184791047,41.820972826368234
EXACT MATCH,2023-12-20 17:30:00+00:00,2023-12-20 17:30:00+00:00,LONG,LONG,43962.172205384086,43951.59929998199,10.572905402099423,-28.32435810314928,116.6917905157461,38.8972635052487
EXNESS ONLY,2024-01-02 11:00:00+00:00,,LONG,,45674.16516610361,,,,,
NEAR MATCH,2024-01-02 13:30:00+00:00,2024-01-02 13:45:00+00:00,LONG,LONG,45645.94924475971,45770.2325998167,-124.28335505699215,-215.55496741451498,273.8148370725685,91.27161235752283
EXNESS ONLY,2024-01-05 10:00:00+00:00,,LONG,,44239.926604803164,,,,,
EXACT MATCH,2024-01-06 15:15:00+00:00,2024-01-06 15:15:00+00:00,LONG,LONG,43906.56042036749,43927.116584857526,-20.55616449003719,-86.65575326493854,198.29876632470405,66.09958877490135
EXACT MATCH,2024-01-07 19:45:00+00:00,2024-01-07 19:45:00+00:00,LONG,LONG,44267.164465988935,44276.94255908564,-9.778093096705561,-65.3178603549386,166.61930177469912,55.53976725823304
EXACT MATCH,2024-01-08 10:30:00+00:00,2024-01-08 10:30:00+00:00,LONG,LONG,44041.88687238334,44056.4273284774,-14.54045609406603,-62.10431585890183,142.6915792945074,47.5638597648358
EXNESS ONLY,2024-01-08 12:45:00+00:00,,LONG,,45039.07250006594,,,,,
EXACT MATCH,2024-01-09 15:45:00+00:00,2024-01-09 15:45:00+00:00,LONG,LONG,47082.099626933814,47072.665496314,9.434130619811185,-44.46619592971547,161.70097964857996,53.90032654952665
EXACT MATCH,2024-01-09 16:15:00+00:00,2024-01-09 16:15:00+00:00,LONG,LONG,47015.74112730518,47002.63606569932,13.105061605856463,-13.702592408786586,80.42296204392915,26.80765401464305
EXACT MATCH,2024-01-09 16:45:00+00:00,2024-01-09 16:45:00+00:00,LONG,LONG,46973.14328833967,46960.4902811387,12.653007200970023,-32.01451080145489,134.00255400727474,44.66751800242491
EXACT MATCH,2024-01-09 20:00:00+00:00,2024-01-09 20:00:00+00:00,LONG,LONG,46939.016004352794,46927.419715687334,11.596288665459724,-35.30943299819046,140.71716499095055,46.90572166365018
EXACT MATCH,2024-01-10 18:30:00+00:00,2024-01-10 18:30:00+00:00,LONG,LONG,46480.12554635704,46504.65231907912,-24.52677272207802,-42.50484091688122,53.9342045844096,17.9780681948032
EXACT MATCH,2024-01-11 14:00:00+00:00,2024-01-11 14:00:00+00:00,LONG,LONG,47374.859838764445,47394.407228599484,-19.547389835039212,-59.81391524744686,120.79957623722294,40.266525412407645
EXACT MATCH,2024-01-13 10:15:00+00:00,2024-01-13 10:15:00+00:00,SHORT,SHORT,42582.873578412495,42598.71501352035,-15.841435107853613,5.282152661777218,63.37076330889249,21.12358776963083
EXACT MATCH,2024-01-13 10:45:00+00:00,2024-01-13 10:45:00+00:00,SHORT,SHORT,42637.101707916896,42663.56549635173,-26.463788434833987,6.340682652255055,98.41341326126712,32.80447108708904
EXNESS ONLY,2024-01-14 20:00:00+00:00,,SHORT,,42564.4632146958,,,,,
EXACT MATCH,2024-01-15 15:45:00+00:00,2024-01-15 15:45:00+00:00,SHORT,SHORT,42284.526114571476,42300.961545532664,-16.435430961188104,16.923146441782592,100.07573220891209,33.358577402970695
EXACT MATCH,2024-01-16 15:15:00+00:00,2024-01-16 15:15:00+00:00,SHORT,SHORT,42475.98984186257,42488.31459442891,-12.324752566346433,18.052128849521978,91.13064424760523,30.37688141586841
EXNESS ONLY,2024-01-17 10:00:00+00:00,,SHORT,,42608.58002187692,,,,,
EXNESS ONLY,2024-01-17 12:00:00+00:00,,SHORT,,42601.3035584105,,,,,
EXACT MATCH,2024-01-17 16:00:00+00:00,2024-01-17 16:00:00+00:00,SHORT,SHORT,42404.64215045202,42419.78109690101,-15.138946448991192,20.133419673482422,105.81709836742084,35.27236612247361
EXACT MATCH,2024-01-18 14:00:00+00:00,2024-01-18 14:00:00+00:00,SHORT,SHORT,42427.18265826876,42448.443943026905,-21.261284758147667,23.33692713722121,133.79463568610663,44.59821189536888
EXACT MATCH,2024-01-18 16:15:00+00:00,2024-01-18 16:15:00+00:00,SHORT,SHORT,42394.521645586814,42408.145987562166,-13.624341975351854,14.576512963038113,84.6025648151699,28.200854938389966
EXACT MATCH,2024-01-19 08:15:00+00:00,2024-01-19 08:15:00+00:00,SHORT,SHORT,41042.95986726428,41073.38369881309,-30.423831548810995,23.280747323209653,161.11373661606194,53.70457887202065
EXNESS ONLY,2024-01-19 15:15:00+00:00,,SHORT,,40735.24894520197,,,,,
EXACT MATCH,2024-01-21 19:15:00+00:00,2024-01-21 19:15:00+00:00,SHORT,SHORT,41599.15271795227,41610.9202293648,-11.767511412530439,38.301267118797114,150.20633559398266,50.06877853132755
EXACT MATCH,2024-01-22 07:15:00+00:00,2024-01-22 07:15:00+00:00,SHORT,SHORT,41004.970747001,41011.72817082752,-6.757423826515151,17.761135739776364,73.55567869887454,24.518559566291515
EXNESS ONLY,2024-01-22 11:30:00+00:00,,SHORT,,40693.443393514855,,,,,
EXNESS ONLY,2024-01-22 11:45:00+00:00,,SHORT,,40650.62443683522,,,,,
EXACT MATCH,2024-01-22 12:15:00+00:00,2024-01-22 12:15:00+00:00,SHORT,SHORT,40626.12043788343,40645.99139862402,-19.870960740590817,18.041441110879532,113.73720555441105,37.91240185147035
NEAR MATCH,2024-01-22 14:30:00+00:00,2024-01-22 14:15:00+00:00,SHORT,SHORT,40469.036756808746,40710.28072185959,-241.24396505084587,-129.79905242373206,334.3347378813414,111.44491262711381
EXACT MATCH,2024-01-24 19:30:00+00:00,2024-01-24 19:30:00+00:00,SHORT,SHORT,39645.06036683133,39670.614296477754,-25.553929646426695,18.450894469642662,132.01447234820807,44.00482411606936
EXACT MATCH,2024-01-25 13:45:00+00:00,2024-01-25 13:45:00+00:00,SHORT,SHORT,39742.63006212258,39778.39333166502,-35.76326954243996,21.9699043136643,173.19952156831278,57.73317385610426
EXACT MATCH,2024-01-27 11:15:00+00:00,2024-01-27 11:15:00+00:00,LONG,LONG,41783.23568860193,41800.52135513158,-17.28566652964946,-36.14150020550733,56.5675010275736,18.855833675857866
EXNESS ONLY,2024-01-27 16:15:00+00:00,,LONG,,41878.11536337515,,,,,
EXACT MATCH,2024-01-28 07:15:00+00:00,2024-01-28 07:15:00+00:00,LONG,LONG,42490.71775398429,42490.517702476514,0.200051507774333,-35.95507726167125,108.46538630833675,36.15512876944558
EXACT MATCH,2024-01-28 08:30:00+00:00,2024-01-28 08:30:00+00:00,LONG,LONG,42571.69227986868,42573.096209737036,-1.4039298683564994,-12.714105197461322,33.93052598731447,11.310175329104823
EXACT MATCH,2024-01-30 07:30:00+00:00,2024-01-30 07:30:00+00:00,LONG,LONG,43469.662494887336,43452.5318410851,17.1306538022327,-11.885980703344103,87.04990351673041,29.016634505576803
EXNESS ONLY,2024-01-30 09:00:00+00:00,,LONG,,43459.073780407,,,,,
EXNESS ONLY,2024-01-30 12:15:00+00:00,,LONG,,43697.076171098444,,,,,
EXACT MATCH,2024-01-30 15:00:00+00:00,2024-01-30 15:00:00+00:00,LONG,LONG,43492.894400024175,43491.37617645138,1.5182235727988882,-20.342335359207937,65.58167679602047,21.860558932006825
EXACT MATCH,2024-01-30 17:00:00+00:00,2024-01-30 17:00:00+00:00,LONG,LONG,43531.24514780306,43527.76444490201,3.480702901055338,-8.451054351571656,35.79527175788098,11.931757252626994
EXACT MATCH,2024-02-09 15:30:00+00:00,2024-02-09 15:30:00+00:00,LONG,LONG,47234.70123321745,47261.49651671497,-26.795283497522178,-59.677074753715715,98.64537376858061,32.88179125619354
EXACT MATCH,2024-02-13 07:15:00+00:00,2024-02-13 07:15:00+00:00,LONG,LONG,50089.27360147499,50130.19319923316,-40.9195977581694,-62.11060336274386,63.57301681372337,21.191005604574457
EXACT MATCH,2024-02-13 08:15:00+00:00,2024-02-13 08:15:00+00:00,LONG,LONG,50082.126772639705,50102.17434306794,-20.047570428236213,-55.31364435764408,105.7982217882236,35.26607392940787
EXACT MATCH,2024-02-14 16:45:00+00:00,2024-02-14 16:45:00+00:00,LONG,LONG,51754.47657368887,51832.13888716683,-77.66231347795838,-79.57152978307568,5.727648915351892,1.9092163051172975
EXACT MATCH,2024-02-14 17:15:00+00:00,2024-02-14 17:15:00+00:00,LONG,LONG,51763.500362007246,51822.021795567314,-58.521433560068544,-78.62284965989238,60.30424829947151,20.101416099823837
EXACT MATCH,2024-02-14 18:00:00+00:00,2024-02-14 18:00:00+00:00,LONG,LONG,51725.225181242684,51768.108850168144,-42.88366892546037,-85.15449661180173,126.81248305902409,42.27082768634136
EXACT MATCH,2024-02-14 20:00:00+00:00,2024-02-14 20:00:00+00:00,LONG,LONG,51703.6595498703,51787.284920236554,-83.62537036625145,-88.3019444506208,14.029722253108048,4.676574084369349
NEAR MATCH,2024-02-16 11:45:00+00:00,2024-02-16 11:30:00+00:00,LONG,LONG,52441.37415955978,52345.48896923041,95.88519032936892,-120.06278549406125,647.8439274702905,215.94797582343017
EXACT MATCH,2024-02-16 14:00:00+00:00,2024-02-16 14:00:00+00:00,LONG,LONG,52522.74255580525,52546.55770219776,-23.815146392509632,-75.3322804112322,154.55140205616772,51.51713401872257
EXACT MATCH,2024-02-18 12:00:00+00:00,2024-02-18 12:00:00+00:00,LONG,LONG,51818.008898841435,51864.548329354875,-46.539430513439584,-70.93585422984324,73.18927114921098,24.39642371640366
NEAR MATCH,2024-02-27 08:00:00+00:00,2024-02-27 08:15:00+00:00,LONG,LONG,56169.93759642097,56425.601347656266,-255.66375123529724,-146.51937314704992,-327.43313426474197,-109.14437808824732
EXNESS ONLY,2024-02-27 13:15:00+00:00,,LONG,,57119.19163319727,,,,,
EXNESS ONLY,2024-02-27 17:15:00+00:00,,LONG,,57299.3925126374,,,,,
EXACT MATCH,2024-02-28 12:15:00+00:00,2024-02-28 12:15:00+00:00,LONG,LONG,59211.04194951988,59277.66426642638,-66.62231690649787,-61.3715246402644,-15.752376798700425,-5.250792266233475
EXACT MATCH,2024-02-28 18:00:00+00:00,2024-02-28 18:00:00+00:00,LONG,LONG,61690.7717420732,61848.286645096516,-157.51490302331513,-196.55264546503167,117.11322732514964,39.037742441716546
EXACT MATCH,2024-02-28 19:30:00+00:00,2024-02-28 19:30:00+00:00,LONG,LONG,61542.091634751014,61626.65993226298,-84.56829751196346,-141.22255373205553,169.9627686602762,56.654256220092066
EXACT MATCH,2024-02-29 08:45:00+00:00,2024-02-29 08:45:00+00:00,LONG,LONG,62923.906599341215,62933.36836370503,-9.461764363812108,-68.62735345428518,177.49676727141923,59.16558909047308
EXACT MATCH,2024-02-29 11:00:00+00:00,2024-02-29 11:00:00+00:00,LONG,LONG,62872.30178140567,62854.11552218139,18.186259224283276,-48.88438883642084,201.21194418211235,67.07064806070412
EXNESS ONLY,2024-03-01 09:30:00+00:00,,LONG,,62274.28385411701,,,,,
EXNESS ONLY,2024-03-01 11:45:00+00:00,,LONG,,62077.37303870083,,,,,
NEAR MATCH,2024-03-01 18:15:00+00:00,2024-03-01 18:30:00+00:00,LONG,LONG,62122.70020092433,62343.68659302335,-220.9863920990174,-163.67041185147536,-171.9479407426261,-57.31598024754203
EXACT MATCH,2024-03-03 13:15:00+00:00,2024-03-03 13:15:00+00:00,LONG,LONG,62452.55324127649,62441.007008141874,11.54623313461343,-37.46934970191796,147.04674850959418,49.015582836531394
EXACT MATCH,2024-03-03 13:45:00+00:00,2024-03-03 13:45:00+00:00,LONG,LONG,62276.548090692486,62324.147879469274,-47.599788776788046,-47.6753168348223,0.22658417410275433,0.07552805803425144
EXNESS ONLY,2024-03-04 13:15:00+00:00,,LONG,,65430.478607703924,,,,,
NEAR MATCH,2024-03-04 14:15:00+00:00,2024-03-04 14:30:00+00:00,LONG,LONG,65332.275443165134,65512.866185938045,-180.59074277291074,-442.368885840624,785.3344292031397,261.77814306771324
EXACT MATCH,2024-03-05 13:45:00+00:00,2024-03-05 13:45:00+00:00,LONG,LONG,68003.29517765979,67994.57008960562,8.725088054168737,-91.58263208127755,300.92316040633887,100.30772013544629
EXACT MATCH,2024-03-06 10:45:00+00:00,2024-03-06 10:45:00+00:00,LONG,LONG,66769.86290938676,66780.46602700991,-10.603117623148137,-92.48032356527983,245.6316178263951,81.8772059421317
EXNESS ONLY,2024-03-06 11:30:00+00:00,,LONG,,67337.12758451996,,,,,
EXACT MATCH,2024-03-06 14:15:00+00:00,2024-03-06 14:15:00+00:00,LONG,LONG,67085.2861248786,67067.91086865138,17.37525622722751,-93.25288434083632,331.8844217041915,110.62814056806383
EXACT MATCH,2024-03-06 16:15:00+00:00,2024-03-06 16:15:00+00:00,LONG,LONG,67027.84035127876,67012.1803574518,15.659993826964637,-60.024990740435896,227.0549537022016,75.68498456740053
EXACT MATCH,2024-03-06 17:00:00+00:00,2024-03-06 17:00:00+00:00,LONG,LONG,67343.33140953332,67305.98777161866,37.34363791465876,-110.5304568720021,443.6222843599826,147.87409478666086
EXACT MATCH,2024-03-07 08:45:00+00:00,2024-03-07 08:45:00+00:00,LONG,LONG,66909.39342497473,66933.79254171213,-24.399116737404256,-131.03632489386655,319.9116244693869,106.6372081564623
EXACT MATCH,2024-03-07 15:45:00+00:00,2024-03-07 15:45:00+00:00,LONG,LONG,67437.4347908316,67470.96529641467,-33.53050558306859,-88.41924162539362,164.6662081269751,54.888736042325036
EXACT MATCH,2024-03-08 08:45:00+00:00,2024-03-08 08:45:00+00:00,LONG,LONG,67445.84424108325,67514.08480006931,-68.2405589860573,-99.38916152092861,93.44580760461395,31.148602534871316
EXACT MATCH,2024-03-08 17:30:00+00:00,2024-03-08 17:30:00+00:00,LONG,LONG,68536.65966354926,68601.8936110456,-65.23394749633735,-109.93407875551202,134.100393777524,44.70013125917467
EXACT MATCH,2024-03-11 14:15:00+00:00,2024-03-11 14:15:00+00:00,LONG,LONG,72345.5563406408,72423.75844077412,-78.20210013331962,-141.67684980000195,190.42424900004698,63.47474966668233
EXACT MATCH,2024-03-11 15:00:00+00:00,2024-03-11 15:00:00+00:00,LONG,LONG,72340.96344984979,72420.41636092594,-79.45291107615049,-134.24063338579435,164.3631669289316,54.78772230964387
EXACT MATCH,2024-03-13 12:15:00+00:00,2024-03-13 12:15:00+00:00,LONG,LONG,73217.62027680127,73275.73459369788,-58.114316896608216,-122.03352465508215,191.7576232754218,63.91920775847393
EXACT MATCH,2024-03-13 17:00:00+00:00,2024-03-13 17:00:00+00:00,LONG,LONG,73143.71045579434,73172.99819543121,-29.287739636871265,-129.74839054470067,301.3819527234882,100.4606509078294
EXACT MATCH,2024-03-16 17:15:00+00:00,2024-03-16 17:15:00+00:00,SHORT,SHORT,67932.06416494584,68011.47185387855,-79.40768893271161,0.5565333990671206,239.89266699533619,79.96422233177873
NEAR MATCH,2024-03-16 20:00:00+00:00,2024-03-16 19:45:00+00:00,SHORT,SHORT,66677.67932988792,67184.0105627929,-506.3312329049804,-233.29815064254217,819.0992467873148,273.03308226243826
EXACT MATCH,2024-03-18 14:30:00+00:00,2024-03-18 14:30:00+00:00,SHORT,SHORT,67177.78186088696,67231.94864168792,-54.16678080096608,26.01517120144854,240.54585600724386,80.18195200241462
EXACT MATCH,2024-03-18 17:00:00+00:00,2024-03-18 17:00:00+00:00,SHORT,SHORT,66838.07228546393,66876.20498021571,-38.132694751780946,1.154042127673165,117.86021063836233,39.28673687945411
EXNESS ONLY,2024-03-19 12:30:00+00:00,,SHORT,,62836.281888034675,,,,,
EXACT MATCH,2024-03-19 13:15:00+00:00,2024-03-19 13:15:00+00:00,SHORT,SHORT,63136.38637464001,63174.31709859148,-37.93072395146737,-2.3689140727874474,106.68542963603977,35.561809878679924
NEAR MATCH,2024-03-21 17:45:00+00:00,2024-03-21 17:30:00+00:00,SHORT,SHORT,65857.59770844081,66115.6640146485,-258.06630620769283,-230.41054068843368,82.96729655777744,27.65576551925915
EXACT MATCH,2024-03-22 15:45:00+00:00,2024-03-22 15:45:00+00:00,SHORT,SHORT,63471.72338876531,63582.732643757525,-111.00925499221194,-53.91611751168239,171.27941244158865,57.09313748052955
EXNESS ONLY,2024-03-24 07:15:00+00:00,,SHORT,,64071.8762974109,,,,,
NEAR MATCH,2024-03-28 10:45:00+00:00,2024-03-28 11:00:00+00:00,LONG,LONG,70566.13198689804,70844.33379417204,-278.20180727400293,-256.9772890890017,-63.67355455500365,-21.224518185001216
EXACT MATCH,2024-04-07 07:15:00+00:00,2024-04-07 07:15:00+00:00,LONG,LONG,69400.20845478644,69402.08655114916,-1.8780963627214078,-42.847855455911485,122.90927727957023,40.96975909319008
EXACT MATCH,2024-04-16 11:30:00+00:00,2024-04-16 11:30:00+00:00,SHORT,SHORT,62355.46801416899,62422.49452646615,-67.02651229716139,29.49476844574383,289.56384222871566,96.52128074290522
EXACT MATCH,2024-04-17 14:00:00+00:00,2024-04-17 14:00:00+00:00,SHORT,SHORT,62507.90514595976,62560.05830335018,-52.153157390421256,23.99473608563858,228.4436804281795,76.14789347605983
EXACT MATCH,2024-04-17 19:15:00+00:00,2024-04-17 19:15:00+00:00,SHORT,SHORT,60866.92069452882,60947.15613472646,-80.23544019764086,-19.99183970354352,180.730801482292,60.243600494097336
EXNESS ONLY,2024-04-20 09:15:00+00:00,,SHORT,,63449.328018003296,,,,,
NEAR MATCH,2024-04-22 10:00:00+00:00,2024-04-22 10:15:00+00:00,LONG,LONG,66006.16809969688,66106.66972844234,-100.50162874546368,-112.79755688177829,36.887784408943844,12.295928136314615
EXACT MATCH,2024-04-22 13:00:00+00:00,2024-04-22 13:00:00+00:00,LONG,LONG,66072.79057891789,66044.14035011255,28.65022880534525,-63.400343208020786,276.1517160400981,92.05057201336604
EXACT MATCH,2024-04-22 14:00:00+00:00,2024-04-22 14:00:00+00:00,LONG,LONG,66283.751079979,66272.56516398283,11.185915996175027,-32.95387399428,132.4193699713651,44.13978999045503
EXNESS ONLY,2024-04-23 15:00:00+00:00,,LONG,,67050.529215252,,,,,
EXACT MATCH,2024-04-23 16:15:00+00:00,2024-04-23 16:15:00+00:00,LONG,LONG,66767.18732267164,66778.5467912191,-11.359468547452707,-93.54079717880813,246.54398589406628,82.18132863135543
EXACT MATCH,2024-04-23 16:45:00+00:00,2024-04-23 16:45:00+00:00,LONG,LONG,66769.8718547526,66776.00718222464,-6.135327472045901,-91.33200879192736,255.5900439596444,85.19668131988146
NEAR MATCH,2024-04-25 09:30:00+00:00,2024-04-25 09:45:00+00:00,SHORT,SHORT,63890.15077385148,63828.286665796,61.864108055480756,111.25883791677916,148.1841895838952,49.3947298612984
EXACT MATCH,2024-04-25 13:00:00+00:00,2024-04-25 13:00:00+00:00,SHORT,SHORT,63178.13611473851,63223.46186562724,-45.32575088873273,39.33862633310491,253.99313166551292,84.66437722183764
NEAR MATCH,2024-04-27 08:00:00+00:00,2024-04-27 07:45:00+00:00,SHORT,SHORT,62861.89688030548,62960.08326347082,-98.18638316533907,-80.13542525198864,54.15287374005129,18.05095791335043
EXNESS ONLY,2024-04-27 09:15:00+00:00,,SHORT,,62797.995912799095,,,,,
EXNESS ONLY,2024-04-27 10:45:00+00:00,,SHORT,,62722.05184969777,,,,,
EXACT MATCH,2024-04-27 16:30:00+00:00,2024-04-27 16:30:00+00:00,SHORT,SHORT,62715.05585960015,62721.34693882756,-6.2910792274124105,40.98661884111789,141.8330942055909,47.2776980685303
EXNESS ONLY,2024-04-28 14:45:00+00:00,,SHORT,,63450.9943997169,,,,,
EXACT MATCH,2024-04-29 09:30:00+00:00,2024-04-29 09:30:00+00:00,SHORT,SHORT,62226.59878250041,62250.695081833015,-24.09629933260294,46.00444899890863,210.3022449945347,70.10074833151157
NEAR MATCH,2024-04-29 11:15:00+00:00,2024-04-29 11:00:00+00:00,SHORT,SHORT,62249.54697363065,62351.89770204264,-102.35072841199144,16.551092617992254,356.7054630899511,118.9018210299837
EXACT MATCH,2024-04-30 15:15:00+00:00,2024-04-30 15:15:00+00:00,SHORT,SHORT,60604.64359862327,60692.76137887092,-88.11778024765226,1.0666703714668984,267.5533518573575,89.18445061911916
EXACT MATCH,2024-05-01 13:30:00+00:00,2024-05-01 13:30:00+00:00,SHORT,SHORT,57519.533793516435,57554.84490826621,-35.31111474977661,12.886672124666802,144.59336062333023,48.19778687444341
EXACT MATCH,2024-05-01 20:00:00+00:00,2024-05-01 20:00:00+00:00,SHORT,SHORT,56714.51050375274,56722.00009519461,-7.489591441873927,82.00938716281235,268.4969358140588,89.49897860468627
EXACT MATCH,2024-05-03 11:45:00+00:00,2024-05-03 11:45:00+00:00,SHORT,SHORT,58980.45366287501,59010.30784054614,-29.854177671135403,24.171266506695247,162.07633253349195,54.02544417783065
EXACT MATCH,2024-05-03 12:15:00+00:00,2024-05-03 12:15:00+00:00,SHORT,SHORT,59033.42217870345,59054.51135230764,-21.08917360419582,11.948760406281508,99.11380203143199,33.03793401047733
EXACT MATCH,2024-05-04 18:45:00+00:00,2024-05-04 18:45:00+00:00,LONG,LONG,63824.73631899836,63781.035633326464,43.70068567189446,-26.356028507834708,210.1701425391875,70.05671417972917
EXACT MATCH,2024-05-05 08:30:00+00:00,2024-05-05 08:30:00+00:00,LONG,LONG,63953.617242498956,63914.473975627254,39.14326687170251,-30.334900307563657,208.4345015377985,69.47816717926617
NEAR MATCH,2024-05-05 09:30:00+00:00,2024-05-05 09:45:00+00:00,LONG,LONG,63776.19858072191,63747.40084122793,28.79773949398077,-49.05660924097174,233.56304620485753,77.85434873495251
EXACT MATCH,2024-05-05 11:00:00+00:00,2024-05-05 11:00:00+00:00,LONG,LONG,63780.95405014967,63766.95108537745,14.002964772218547,-42.359447158327384,169.0872357916378,56.36241193054593
EXACT MATCH,2024-05-09 13:45:00+00:00,2024-05-09 13:45:00+00:00,SHORT,SHORT,60815.37600189821,60856.42364518227,-41.047643284066,59.931464926106855,302.93732463051856,100.97910821017285
EXACT MATCH,2024-05-16 07:15:00+00:00,2024-05-16 07:15:00+00:00,LONG,LONG,66120.91220461015,66109.40410483429,11.50809977586323,-39.732149663817836,153.7207483190432,51.240249439681065
EXACT MATCH,2024-05-16 14:00:00+00:00,2024-05-16 14:00:00+00:00,LONG,LONG,66413.65043005561,66431.68471124301,-18.034281187399756,-29.97857821888465,35.83289109445468,11.944297031484894
EXNESS ONLY,2024-05-17 11:45:00+00:00,,LONG,,66401.58168541742,,,,,
EXACT MATCH,2024-05-17 13:30:00+00:00,2024-05-17 13:30:00+00:00,LONG,LONG,66381.55017900997,66370.68153467208,10.86864433788287,-28.88796650682343,119.2698325341189,39.7566108447063
EXACT MATCH,2024-05-17 14:30:00+00:00,2024-05-17 14:30:00+00:00,LONG,LONG,66494.305136576,66509.37560682448,-15.070470248479978,-35.07429462726577,60.01147313635738,20.003824378785794
EXACT MATCH,2024-05-20 09:15:00+00:00,2024-05-20 09:15:00+00:00,LONG,LONG,66972.01481628383,66958.925499295,13.089316988829523,-68.30897548326175,244.1948774162738,81.39829247209127
EXACT MATCH,2024-05-21 07:30:00+00:00,2024-05-21 07:30:00+00:00,LONG,LONG,71189.63479494721,71203.11443405211,-13.479639104902162,-72.06054134263832,175.74270671320846,58.580902237736154
EXNESS ONLY,2024-05-21 10:45:00+00:00,,LONG,,71145.10276019947,,,,,
EXNESS ONLY,2024-05-21 12:15:00+00:00,,LONG,,71269.00548881918,,,,,
EXACT MATCH,2024-05-22 15:45:00+00:00,2024-05-22 15:45:00+00:00,LONG,LONG,70613.9892614393,70611.8086859771,2.1805754622037057,-58.78086319330032,182.88431596651208,60.961438655504026
EXACT MATCH,2024-05-23 09:00:00+00:00,2024-05-23 09:00:00+00:00,LONG,LONG,69691.47411132854,69673.02702868963,18.447082638915163,-43.08562395835179,184.59811979180085,61.53270659726695
EXNESS ONLY,2024-05-23 12:00:00+00:00,,LONG,,70039.45064535848,,,,,
EXNESS ONLY,2024-05-25 09:15:00+00:00,,LONG,,68965.35422049725,,,,,
EXACT MATCH,2024-05-25 13:30:00+00:00,2024-05-25 13:30:00+00:00,LONG,LONG,69266.09404832267,69240.00331787075,26.090730451920535,-16.096095677901758,126.56047838946688,42.18682612982229
EXACT MATCH,2024-05-25 15:15:00+00:00,2024-05-25 15:15:00+00:00,LONG,LONG,69247.6730314557,69213.71595253934,33.95707891636994,-27.28061837455607,183.71309187277802,61.23769729092601
EXNESS ONLY,2024-05-26 09:15:00+00:00,,LONG,,69272.56719208615,,,,,
EXACT MATCH,2024-05-27 14:15:00+00:00,2024-05-27 14:15:00+00:00,LONG,LONG,69017.65981721414,68980.86788074188,36.79193647226202,-54.4129047083843,273.614523541939,91.20484118064633
EXACT MATCH,2024-05-27 19:30:00+00:00,2024-05-27 19:30:00+00:00,LONG,LONG,69943.17531573493,69940.3262067969,2.8491089380258927,-37.308663407035056,120.47331703518284,40.15777234506095
EXACT MATCH,2024-05-29 17:45:00+00:00,2024-05-29 17:45:00+00:00,SHORT,SHORT,67388.76190987219,67411.67855401842,-22.916644146229373,65.35996621934464,264.82983109672205,88.27661036557402
EXACT MATCH,2024-05-30 09:30:00+00:00,2024-05-30 09:30:00+00:00,SHORT,SHORT,67473.63849438058,67509.26504235863,-35.626547978055896,38.32482196710771,221.85410983549082,73.9513699451636
EXNESS ONLY,2024-05-31 10:30:00+00:00,,SHORT,,68016.27526851594,,,,,
EXNESS ONLY,2024-06-02 09:30:00+00:00,,SHORT,,67500.89295605021,,,,,
EXACT MATCH,2024-06-02 19:15:00+00:00,2024-06-02 19:15:00+00:00,SHORT,SHORT,67537.98379452394,67589.07111075196,-51.08731622801861,-29.489025657938328,64.79487171024084,21.59829057008028
EXNESS ONLY,2024-06-03 10:30:00+00:00,,LONG,,69225.06055978758,,,,,
EXACT MATCH,2024-06-03 11:15:00+00:00,2024-06-03 11:15:00+00:00,LONG,LONG,69116.44444455295,69078.8353096805,37.609134872458526,-34.58370230867877,216.57851154341188,72.19283718113729
EXACT MATCH,2024-06-03 16:00:00+00:00,2024-06-03 16:00:00+00:00,LONG,LONG,69668.94511319636,69663.70015767003,5.244955526330159,-40.58743328948913,137.49716644745786,45.832388815819286
EXACT MATCH,2024-06-04 20:00:00+00:00,2024-06-04 20:00:00+00:00,LONG,LONG,70561.05319695236,70566.26609893313,-5.212901980776223,-53.04564702884818,143.49823514421587,47.832745048071956
EXACT MATCH,2024-06-05 07:15:00+00:00,2024-06-05 07:15:00+00:00,LONG,LONG,71178.58573594822,71219.02926459565,-40.443528647432686,-92.09470702886756,154.95353514430462,51.651178381434875
EXACT MATCH,2024-06-05 16:00:00+00:00,2024-06-05 16:00:00+00:00,LONG,LONG,71684.65551338856,71732.56745656973,-47.9119431811705,-107.2320852282428,177.96042614121689,59.320142047072295
EXNESS ONLY,2024-06-05 17:45:00+00:00,,LONG,,71563.54762344084,,,,,
NEAR MATCH,2024-06-06 13:45:00+00:00,2024-06-06 13:30:00+00:00,LONG,LONG,71528.89160284674,71183.02985226351,345.8617505832226,11.7923741251725,1002.2081293741503,334.0693764580501
EXNESS ONLY,2024-06-06 14:45:00+00:00,,LONG,,71348.68761851588,,,,,
EXNESS ONLY,2024-06-07 07:30:00+00:00,,LONG,,71289.0139855004,,,,,
EXNESS ONLY,2024-06-07 10:00:00+00:00,,LONG,,71275.1341306115,,,,,
EXACT MATCH,2024-06-07 13:45:00+00:00,2024-06-07 13:45:00+00:00,LONG,LONG,71517.93824445142,71560.13592065171,-42.1976762002887,-45.56348569957481,10.097428497858346,3.365809499286115
EXACT MATCH,2024-06-10 10:30:00+00:00,2024-06-10 10:30:00+00:00,SHORT,SHORT,69271.35392637757,69318.43961896225,-47.08569258467469,6.038538876993698,159.37269438500516,53.12423146166839
EXACT MATCH,2024-06-10 11:15:00+00:00,2024-06-10 11:15:00+00:00,SHORT,SHORT,69277.32364805086,69324.37435964288,-47.05071159201907,4.666067388039664,155.1503369401762,51.716778980058734
EXACT MATCH,2024-06-10 12:15:00+00:00,2024-06-10 12:15:00+00:00,SHORT,SHORT,69277.28025530979,69336.36682855478,-59.08657324498927,15.174859867489431,222.7842993374361,74.2614331124787
EXACT MATCH,2024-06-10 13:00:00+00:00,2024-06-10 13:00:00+00:00,SHORT,SHORT,69253.68804625203,69310.05565682756,-56.3676105755294,7.346415863299626,191.14207931648707,63.71402643882902
EXNESS ONLY,2024-06-10 14:15:00+00:00,,SHORT,,69212.90118884812,,,,,
EXACT MATCH,2024-06-11 13:45:00+00:00,2024-06-11 13:45:00+00:00,SHORT,SHORT,66764.40618987195,66829.21395847746,-64.80776860550395,-27.028347091720207,113.33826454135124,37.779421513783745
EXNESS ONLY,2024-06-13 08:30:00+00:00,,SHORT,,67476.48158404125,,,,,
EXACT MATCH,2024-06-13 14:15:00+00:00,2024-06-13 14:15:00+00:00,SHORT,SHORT,67231.80768585282,67281.65813815132,-49.850452298502205,-8.774321552235051,123.22839223880146,41.076130746267154
EXACT MATCH,2024-06-17 08:00:00+00:00,2024-06-17 08:00:00+00:00,SHORT,SHORT,66065.61714278745,66099.45650545726,-33.83936266980891,2.2040440047130687,108.13022002356593,36.043406674521975
EXACT MATCH,2024-06-17 15:00:00+00:00,2024-06-17 15:00:00+00:00,SHORT,SHORT,65268.32862845906,65289.476866362405,-21.148237903347763,15.507356855028775,109.96678427512961,36.65559475837654
EXACT MATCH,2024-06-18 10:00:00+00:00,2024-06-18 10:00:00+00:00,SHORT,SHORT,65421.176148959465,65432.925719027524,-11.749570068059256,36.11435510207957,143.59177551041648,47.86392517013883
EXACT MATCH,2024-06-18 15:00:00+00:00,2024-06-18 15:00:00+00:00,SHORT,SHORT,64464.55298275877,64502.470855394495,-37.91787263572769,51.27180895359197,267.569044767959,89.18968158931966
EXNESS ONLY,2024-06-19 15:30:00+00:00,,SHORT,,64865.11383408752,,,,,
EXACT MATCH,2024-06-21 07:45:00+00:00,2024-06-21 07:45:00+00:00,SHORT,SHORT,64479.503270572015,64498.76030892788,-19.257038355863187,39.430557533793035,176.06278766896867,58.68759588965622
EXACT MATCH,2024-06-21 15:45:00+00:00,2024-06-21 15:45:00+00:00,SHORT,SHORT,63373.875240389454,63402.44055160346,-28.565311214006215,49.72796682101762,234.8798341050715,78.29327803502383
EXNESS ONLY,2024-06-21 16:15:00+00:00,,SHORT,,63488.97404911131,,,,,
EXNESS ONLY,2024-06-21 17:30:00+00:00,,SHORT,,63365.561281163886,,,,,
EXNESS ONLY,2024-06-21 18:00:00+00:00,,SHORT,,63543.302084268864,,,,,
EXACT MATCH,2024-06-23 13:30:00+00:00,2024-06-23 13:30:00+00:00,SHORT,SHORT,64207.427981232366,64251.50442011164,-44.076438879274065,2.8296583189148805,140.71829159456684,46.906097198188945
EXNESS ONLY,2024-06-24 08:15:00+00:00,,SHORT,,62263.07086040719,,,,,
EXACT MATCH,2024-06-24 09:15:00+00:00,2024-06-24 09:15:00+00:00,SHORT,SHORT,62373.32294877368,62374.75432837641,-1.4313796027272474,53.52206940409087,164.86034702045436,54.95344900681812
EXACT MATCH,2024-06-24 14:30:00+00:00,2024-06-24 14:30:00+00:00,SHORT,SHORT,61157.46833278057,61177.50219545379,-20.03386267321912,25.66579400983028,137.0989700491482,45.6996566830494
EXACT MATCH,2024-06-26 11:30:00+00:00,2024-06-26 11:30:00+00:00,SHORT,SHORT,61329.29386020039,61306.41171262375,22.882147576645366,42.186778635041264,57.913893175187695,19.3046310583959
NEAR MATCH,2024-06-26 17:15:00+00:00,2024-06-26 17:00:00+00:00,SHORT,SHORT,60826.62988837713,61111.22062308988,-284.5907347127504,-177.86389793087437,320.18051034562814,106.72683678187605
EXNESS ONLY,2024-06-26 17:45:00+00:00,,SHORT,,60907.60500579457,,,,,
EXNESS ONLY,2024-06-27 08:30:00+00:00,,SHORT,,60687.808706518954,,,,,
EXNESS ONLY,2024-06-28 07:30:00+00:00,,SHORT,,61380.433369146616,,,,,
EXACT MATCH,2024-06-28 13:00:00+00:00,2024-06-28 13:00:00+00:00,SHORT,SHORT,61274.89366519292,61255.45912550555,19.43453968736867,41.10819046894903,65.02095234474109,21.673650781580363
EXACT MATCH,2024-07-01 16:15:00+00:00,2024-07-01 16:15:00+00:00,LONG,LONG,63344.56740689511,63277.23776035174,67.32964654337411,30.245530184940435,111.25234907530103,37.084116358433675
NEAR MATCH,2024-07-03 14:30:00+00:00,2024-07-03 14:45:00+00:00,SHORT,SHORT,60224.13274186885,60162.5009659511,61.63177591775457,191.59733612337004,389.8966806168464,129.96556020561547
EXACT MATCH,2024-07-04 07:15:00+00:00,2024-07-04 07:15:00+00:00,SHORT,SHORT,58568.9585773893,58626.88587204398,-57.927294654684374,8.265941982019285,198.57970991011098,66.19323663670366
EXACT MATCH,2024-07-04 11:30:00+00:00,2024-07-04 11:30:00+00:00,SHORT,SHORT,57606.10681608666,57629.42335731829,-23.316541231622978,-10.245188152570336,39.214059237157926,13.071353079052642
EXACT MATCH,2024-07-04 12:15:00+00:00,2024-07-04 12:15:00+00:00,SHORT,SHORT,57436.76010967289,57523.27409476249,-86.51398508960119,28.720977634402516,345.7048881720111,115.23496272400371
EXACT MATCH,2024-07-07 11:00:00+00:00,2024-07-07 11:00:00+00:00,SHORT,SHORT,57507.407682275385,57471.857764425695,35.549917849690246,100.86012322548049,195.93061612737074,65.31020537579025
EXACT MATCH,2024-07-07 17:30:00+00:00,2024-07-07 17:30:00+00:00,SHORT,SHORT,56825.20174201793,56807.461586768375,17.740155249557574,59.6097671256648,125.60883562832169,41.86961187610723
EXACT MATCH,2024-07-08 16:30:00+00:00,2024-07-08 16:30:00+00:00,SHORT,SHORT,55343.46804606966,55365.849420089966,-22.381374020304065,31.917061030457262,162.89530515228398,54.29843505076133
EXACT MATCH,2024-07-10 16:45:00+00:00,2024-07-10 16:45:00+00:00,SHORT,SHORT,57821.385563993055,57781.0052016627,40.38036233035382,73.3894565044684,99.02728252234374,33.00909417411458
EXACT MATCH,2024-07-11 18:00:00+00:00,2024-07-11 18:00:00+00:00,SHORT,SHORT,57732.0592056193,57707.963513381015,24.095692238282936,55.241461642573995,93.43730821287318,31.14576940429106
EXACT MATCH,2024-07-12 07:45:00+00:00,2024-07-12 07:45:00+00:00,SHORT,SHORT,56861.60281312645,56889.5742214463,-27.971408319855982,39.427112479788775,202.19556239893427,67.39852079964476
EXNESS ONLY,2024-07-12 10:15:00+00:00,,SHORT,,56811.21060363255,,,,,
EXNESS ONLY,2024-07-14 07:15:00+00:00,,LONG,,60080.22329362218,,,,,
EXACT MATCH,2024-07-14 16:00:00+00:00,2024-07-14 16:00:00+00:00,LONG,LONG,60226.219647836995,60167.55040760801,58.66924022898456,-41.1638603434767,299.4993017173838,99.83310057246126
EXNESS ONLY,2024-07-14 17:00:00+00:00,,LONG,,60213.84055512996,,,,,
EXACT MATCH,2024-07-14 19:00:00+00:00,2024-07-14 19:00:00+00:00,LONG,LONG,60119.517524321636,60082.88264358742,36.634880734214676,-24.362321101310954,182.9916055065769,60.99720183552563
EXACT MATCH,2024-07-15 12:30:00+00:00,2024-07-15 12:30:00+00:00,LONG,LONG,62818.736261927406,62767.96301137032,50.77325055708934,12.55012416435784,114.6693791781945,38.2231263927315
EXACT MATCH,2024-07-16 17:30:00+00:00,2024-07-16 17:30:00+00:00,LONG,LONG,64525.12629565628,64510.74263469339,14.383660962885187,1.5695085556653794,38.442457221659424,12.814152407219808
EXACT MATCH,2024-07-21 19:30:00+00:00,2024-07-21 19:30:00+00:00,LONG,LONG,67486.31476504695,67486.98437056094,-0.6696055139909731,-48.970591729012085,144.90295864506334,48.30098621502111
EXACT MATCH,2024-07-24 13:15:00+00:00,2024-07-24 13:15:00+00:00,LONG,LONG,66486.72292581404,66501.34433233422,-14.621406520178425,-54.207890219739056,118.7594510986819,39.58648369956063
EXACT MATCH,2024-07-24 17:30:00+00:00,2024-07-24 17:30:00+00:00,LONG,LONG,66674.31527773362,66637.9233024457,36.39197528791556,-18.857962931884686,165.74981465940073,55.24993821980024
EXACT MATCH,2024-07-26 08:15:00+00:00,2024-07-26 08:15:00+00:00,LONG,LONG,67068.4580243449,67079.54577935308,-11.087755008178647,-30.118367487724754,57.09183743863832,19.030612479546107
EXACT MATCH,2024-07-26 15:15:00+00:00,2024-07-26 15:15:00+00:00,LONG,LONG,67738.47714767505,67702.96675195584,35.5103957192041,-41.805593578814296,231.94796789405518,77.3159892980184
EXACT MATCH,2024-07-27 16:00:00+00:00,2024-07-27 16:00:00+00:00,LONG,LONG,68952.78115091073,68918.27624994243,34.5049009682989,-40.14235145243583,223.9417572622042,74.64725242073473
EXACT MATCH,2024-07-27 18:30:00+00:00,2024-07-27 18:30:00+00:00,LONG,LONG,69031.5689833092,68999.05686262669,32.51212068251334,-21.64318102375546,162.4659051188064,54.1553017062688
NEAR MATCH,2024-07-28 18:15:00+00:00,2024-07-28 18:00:00+00:00,LONG,LONG,68048.79552144546,68006.02715783389,42.76836361156893,11.357454582641367,94.23272708678269,31.410909028927563
EXACT MATCH,2024-07-29 10:00:00+00:00,2024-07-29 10:00:00+00:00,LONG,LONG,69579.08327045896,69545.57146637504,33.511804083915194,-13.592706125884433,141.31353062939888,47.10451020979963
EXACT MATCH,2024-07-29 10:30:00+00:00,2024-07-29 10:30:00+00:00,LONG,LONG,69606.33678932431,69574.12743784378,32.20935148053104,-17.904027220778516,150.34013610392867,50.11337870130956
EXACT MATCH,2024-07-31 11:00:00+00:00,2024-07-31 11:00:00+00:00,SHORT,SHORT,65879.52007629913,65906.89095033165,-27.370874032523716,24.43631104877568,155.42155524389818,51.807185081299394
EXNESS ONLY,2024-08-01 14:30:00+00:00,,SHORT,,64085.343630556206,,,,,
EXACT MATCH,2024-08-01 18:45:00+00:00,2024-08-01 18:45:00+00:00,SHORT,SHORT,62644.77310939191,62644.016946988384,0.7561624035224668,61.9807563947179,183.6737819735863,61.224593991195434
EXACT MATCH,2024-08-02 08:00:00+00:00,2024-08-02 08:00:00+00:00,SHORT,SHORT,64062.64577758914,64031.16074149023,31.485036098907585,73.57744585163891,126.27722925819398,42.09240975273133
EXACT MATCH,2024-08-03 08:45:00+00:00,2024-08-03 08:45:00+00:00,SHORT,SHORT,61510.01808623312,61446.101400963205,63.916685269912705,8.309972095128614,-166.82013952435227,-55.60671317478409
EXNESS ONLY,2024-08-04 10:15:00+00:00,,SHORT,,60444.71687471101,,,,,
EXNESS ONLY,2024-08-05 08:00:00+00:00,,SHORT,,52274.96187372315,,,,,
EXACT MATCH,2024-08-05 08:45:00+00:00,2024-08-05 08:45:00+00:00,SHORT,SHORT,52253.05494845837,52277.04125458597,-23.98630612760462,46.704459191409114,212.0722959570412,70.69076531901374
EXNESS ONLY,2024-08-05 09:15:00+00:00,,SHORT,,52395.46456270135,,,,,
EXACT MATCH,2024-08-07 15:30:00+00:00,2024-08-07 15:30:00+00:00,SHORT,SHORT,55929.40933222536,55911.780107056875,17.6292251684863,35.52116224725614,53.67581123630953,17.891937078769843
EXACT MATCH,2024-08-10 10:45:00+00:00,2024-08-10 10:45:00+00:00,LONG,LONG,60891.07209921684,60868.682206540216,22.389892676626914,-17.814839014936297,120.61419507468963,40.20473169156321
EXNESS ONLY,2024-08-10 18:45:00+00:00,,LONG,,61206.95192952694,,,,,
EXNESS ONLY,2024-08-11 08:00:00+00:00,,LONG,,61302.64812626266,,,,,
EXNESS ONLY,2024-08-13 09:45:00+00:00,,SHORT,,58766.09828414006,,,,,
EXNESS ONLY,2024-08-14 11:45:00+00:00,,LONG,,61519.87271896864,,,,,
EXACT MATCH,2024-08-16 15:30:00+00:00,2024-08-16 15:30:00+00:00,SHORT,SHORT,57665.10872544275,57715.810876345444,-50.7021509026963,-10.151773645964568,121.6511317701952,40.550377256731736
EXACT MATCH,2024-08-18 13:15:00+00:00,2024-08-18 13:15:00+00:00,LONG,LONG,60301.951192201755,60257.84350454082,44.10768766093679,1.7234685085932142,127.15265745703073,42.384219152343576
EXACT MATCH,2024-08-19 07:30:00+00:00,2024-08-19 07:30:00+00:00,SHORT,SHORT,58540.80395913032,58520.14785233701,20.656106793307117,53.200839810036996,97.63419905018964,32.54473301672988
EXACT MATCH,2024-08-19 14:00:00+00:00,2024-08-19 14:00:00+00:00,SHORT,SHORT,58043.69859137139,58060.891482035586,-17.192890664198785,37.65433599629614,164.54167998148478,54.847226660494925
EXACT MATCH,2024-08-20 08:45:00+00:00,2024-08-20 08:45:00+00:00,LONG,LONG,60880.23675431665,60878.660914816595,1.5758395000520977,-24.933759250074218,79.52879625037895,26.509598750126315
EXACT MATCH,2024-08-20 14:00:00+00:00,2024-08-20 14:00:00+00:00,LONG,LONG,61017.214644939544,61010.30578485097,6.9088600885734195,-25.288290132870316,96.5914506643312,32.197150221443735
EXNESS ONLY,2024-08-22 10:45:00+00:00,,LONG,,61312.303857399864,,,,,
EXACT MATCH,2024-08-23 10:45:00+00:00,2024-08-23 10:45:00+00:00,LONG,LONG,61187.27708255871,61190.100273063326,-2.8231905046195607,-29.43021424307517,79.82107121536683,26.60702373845561
EXACT MATCH,2024-08-23 13:00:00+00:00,2024-08-23 13:00:00+00:00,LONG,LONG,61245.442335215674,61244.31547305115,1.1268621645212988,-40.21529324678704,124.02646623392502,41.34215541130834
EXACT MATCH,2024-08-23 13:30:00+00:00,2024-08-23 13:30:00+00:00,LONG,LONG,61150.849146180866,61151.2914027839,-0.4422566030334565,-29.546615095438028,87.31307547721372,29.10435849240457
EXACT MATCH,2024-08-23 14:00:00+00:00,2024-08-23 14:00:00+00:00,LONG,LONG,61136.792008696764,61152.24921974735,-15.457211050583282,-38.59418342413119,69.41091712064372,23.136972373547906
EXACT MATCH,2024-08-23 15:30:00+00:00,2024-08-23 15:30:00+00:00,LONG,LONG,61558.92828705562,61555.04472949189,3.8835575637276634,-44.41033634559426,144.88168172796577,48.29389390932192
EXNESS ONLY,2024-08-24 07:15:00+00:00,,LONG,,64297.977575647645,,,,,
EXACT MATCH,2024-08-24 14:00:00+00:00,2024-08-24 14:00:00+00:00,LONG,LONG,64299.45296607218,64273.14161816353,26.31134790865326,-25.557021862980037,155.6051093148999,51.8683697716333
EXACT MATCH,2024-08-24 16:30:00+00:00,2024-08-24 16:30:00+00:00,LONG,LONG,64424.104977375566,64395.14814711673,28.956830258837726,-23.89524538825208,158.55622694126941,52.852075647089805
EXACT MATCH,2024-08-25 14:45:00+00:00,2024-08-25 14:45:00+00:00,LONG,LONG,64331.735681327424,64295.46393915375,36.27174217367428,-3.6276132605125895,119.69806630256062,39.89935543418687
EXNESS ONLY,2024-08-25 15:15:00+00:00,,LONG,,64312.184184409874,,,,,
EXNESS ONLY,2024-08-25 17:45:00+00:00,,LONG,,64216.702832631745,,,,,
EXACT MATCH,2024-08-25 19:15:00+00:00,2024-08-25 19:15:00+00:00,LONG,LONG,64265.53986315736,64258.51263088869,7.027232268672378,-2.990848403002019,30.054242015023192,10.018080671674397
EXACT MATCH,2024-08-25 19:45:00+00:00,2024-08-25 19:45:00+00:00,LONG,LONG,64237.40949425303,64218.331809286676,19.077684966352535,-5.8615274495241465,74.81763724763005,24.939212415876682
EXNESS ONLY,2024-08-28 07:15:00+00:00,,SHORT,,59104.10410754866,,,,,
EXACT MATCH,2024-08-28 14:00:00+00:00,2024-08-28 14:00:00+00:00,SHORT,SHORT,59280.91102246301,59290.88948428421,-9.978461821199744,31.512692731805146,124.47346365901467,41.49115455300489
EXACT MATCH,2024-08-28 14:45:00+00:00,2024-08-28 14:45:00+00:00,SHORT,SHORT,59178.45098336415,59173.41880356138,5.032179802772589,26.45173029583384,64.25865147918375,21.41955049306125
EXNESS ONLY,2024-08-30 20:00:00+00:00,,SHORT,,58666.46075828426,,,,,
EXNESS ONLY,2024-08-31 10:45:00+00:00,,SHORT,,59033.92805876858,,,,,
EXACT MATCH,2024-08-31 15:30:00+00:00,2024-08-31 15:30:00+00:00,SHORT,SHORT,59002.78675576329,58951.051798303284,51.734957460008445,64.35756380999374,37.86781904995587,12.62260634998529
EXACT MATCH,2024-08-31 16:15:00+00:00,2024-08-31 16:15:00+00:00,SHORT,SHORT,58982.24835437753,58945.86035017212,36.388004205407924,64.96299369190092,85.72496845947899,28.574989486492996
EXACT MATCH,2024-08-31 16:45:00+00:00,2024-08-31 16:45:00+00:00,SHORT,SHORT,58987.77207086634,58961.71530193413,26.056768932212435,61.22484660168993,105.5042330084325,35.1680776694775
EXACT MATCH,2024-08-31 19:00:00+00:00,2024-08-31 19:00:00+00:00,SHORT,SHORT,58884.77433285119,58849.239081417356,35.5352514338374,74.14712284924462,115.83561424622167,38.61187141540722
EXACT MATCH,2024-09-01 08:45:00+00:00,2024-09-01 08:45:00+00:00,SHORT,SHORT,58215.167252974104,58168.06937541988,47.0978775542244,73.46818366865773,79.1109183433,26.370306114433333
EXACT MATCH,2024-09-01 10:00:00+00:00,2024-09-01 10:00:00+00:00,SHORT,SHORT,58202.00767130606,58148.38567376646,53.62199753960158,58.132003690589045,13.530018452962395,4.510006150987465
EXACT MATCH,2024-09-01 15:00:00+00:00,2024-09-01 15:00:00+00:00,SHORT,SHORT,57782.05710158677,57755.756640186555,26.300461400212953,57.70930789966951,94.22653949836968,31.40884649945656
EXACT MATCH,2024-09-01 15:30:00+00:00,2024-09-01 15:30:00+00:00,SHORT,SHORT,57833.746419225325,57808.07893975269,25.667479472635023,66.07878079105285,121.23390395525348,40.41130131841783
EXACT MATCH,2024-09-03 18:00:00+00:00,2024-09-03 18:00:00+00:00,SHORT,SHORT,57647.53457813853,57633.08426309217,14.450315046364267,83.65452743045898,207.61263715228415,69.20421238409472
EXACT MATCH,2024-09-03 19:00:00+00:00,2024-09-03 19:00:00+00:00,SHORT,SHORT,57882.989850016,57851.768035146175,31.221814869822992,62.832277695262746,94.83138847631926,31.610462825439754
EXACT MATCH,2024-09-04 10:00:00+00:00,2024-09-04 10:00:00+00:00,SHORT,SHORT,56594.44979706436,56551.49183192026,42.95796514409449,75.41305228386773,97.36526141931972,32.45508713977324
EXACT MATCH,2024-09-05 08:00:00+00:00,2024-09-05 08:00:00+00:00,SHORT,SHORT,57139.39460222102,57118.51336794653,20.88123427449318,38.91814858825819,54.11074294129503,18.03691431376501
NEAR MATCH,2024-09-05 08:30:00+00:00,2024-09-05 08:45:00+00:00,SHORT,SHORT,57129.277876404856,56953.632532572345,175.64534383251157,60.346984251227695,-345.8950787438516,-115.29835958128388
EXACT MATCH,2024-09-05 15:00:00+00:00,2024-09-05 15:00:00+00:00,SHORT,SHORT,56428.57043793528,56424.23680481449,4.333633120790182,50.09455031881225,137.2827515940662,45.76091719802207
EXACT MATCH,2024-09-08 15:00:00+00:00,2024-09-08 15:00:00+00:00,SHORT,SHORT,54124.451139679455,54115.695671154346,8.755468525108881,49.696797212338424,122.82398606168863,40.94132868722954
EXNESS ONLY,2024-09-12 08:00:00+00:00,,LONG,,58216.10445917839,,,,,
EXACT MATCH,2024-09-12 14:30:00+00:00,2024-09-12 14:30:00+00:00,LONG,LONG,58337.300728557726,58283.88595545633,53.41477310139453,7.217840347911988,138.59079826044763,46.19693275348254
EXACT MATCH,2024-09-13 15:00:00+00:00,2024-09-13 15:00:00+00:00,LONG,LONG,58664.924716438436,58579.31695140284,85.60776503559464,30.53335244661139,165.22323776694975,55.07441258898325
EXACT MATCH,2024-09-15 14:00:00+00:00,2024-09-15 14:00:00+00:00,LONG,LONG,60218.35786948708,60214.32875171561,4.029117771468009,-17.793676657194737,65.46838328598824,21.822794428662746
EXACT MATCH,2024-09-15 15:00:00+00:00,2024-09-15 15:00:00+00:00,LONG,LONG,60318.13502864485,60304.056952252955,14.078076391895593,-6.462114587840915,61.620572939209524,20.540190979736508
EXACT MATCH,2024-09-17 19:15:00+00:00,2024-09-17 19:15:00+00:00,LONG,LONG,60774.33115061366,60767.11241492121,7.218735692447808,2.2868964613226126,14.795517693375587,4.9318392311251955
EXACT MATCH,2024-09-18 19:15:00+00:00,2024-09-18 19:15:00+00:00,LONG,LONG,60841.39971125898,60829.97774065846,11.421970600516943,-28.927955900784582,121.04977950390457,40.349926501301525
EXACT MATCH,2024-09-19 07:30:00+00:00,2024-09-19 07:30:00+00:00,LONG,LONG,62190.28581994946,62166.955318796536,23.330501152922807,-1.955751729379699,75.85875864690752,25.286252882302506
EXNESS ONLY,2024-09-19 09:15:00+00:00,,LONG,,62243.71963991677,,,,,
EXNESS ONLY,2024-09-19 14:15:00+00:00,,LONG,,63529.15284255836,,,,,
EXACT MATCH,2024-09-24 13:45:00+00:00,2024-09-24 13:45:00+00:00,LONG,LONG,63693.40749013337,63673.09805209375,20.309438039621455,-33.76415705943509,162.22078529716964,54.07359509905655
EXACT MATCH,2024-09-26 10:15:00+00:00,2024-09-26 10:15:00+00:00,LONG,LONG,63986.965258145094,63950.68378501731,36.2814731277831,-1.9722096916812006,114.7610484583929,38.2536828194643
EXNESS ONLY,2024-09-26 15:15:00+00:00,,LONG,,64803.07404505223,,,,,
EXACT MATCH,2024-09-27 16:45:00+00:00,2024-09-27 16:45:00+00:00,LONG,LONG,66351.62077877564,66314.07852990426,37.54224887138116,-6.813373307071743,133.0668665353587,44.355622178452904
EXACT MATCH,2024-09-29 13:45:00+00:00,2024-09-29 13:45:00+00:00,LONG,LONG,65892.13714923784,65857.95007220979,34.187077028051135,-20.465615542096202,163.958077710442,54.65269257014734
EXACT MATCH,2024-10-01 19:15:00+00:00,2024-10-01 19:15:00+00:00,SHORT,SHORT,61641.98386480238,61684.7068193441,-42.722954541721265,-21.130568187407334,64.77715906294179,21.59238635431393
EXNESS ONLY,2024-10-01 19:45:00+00:00,,SHORT,,61707.30600587552,,,,,
EXNESS ONLY,2024-10-02 11:45:00+00:00,,SHORT,,61132.05040992092,,,,,
EXACT MATCH,2024-10-02 19:00:00+00:00,2024-10-02 19:00:00+00:00,SHORT,SHORT,60663.41756047708,60701.14735549019,-37.72979501311056,-12.255307480336342,76.42346259832266,25.47448753277422
EXACT MATCH,2024-10-03 11:30:00+00:00,2024-10-03 11:30:00+00:00,SHORT,SHORT,60601.47860070402,60650.25042909196,-48.77182838794397,-13.242257418081863,106.58871290958632,35.52957096986211
NEAR MATCH,2024-10-07 16:45:00+00:00,2024-10-07 16:30:00+00:00,LONG,LONG,63910.954982466545,63810.755934313696,100.19904815284826,43.296427770736045,170.70786114633665,56.90262038211222
EXNESS ONLY,2024-10-07 17:45:00+00:00,,LONG,,63780.79044195718,,,,,
NEAR MATCH,2024-10-09 10:30:00+00:00,2024-10-09 10:15:00+00:00,SHORT,SHORT,62005.29010683868,62126.20755156741,-120.9174447287296,-15.508832906918542,316.2258354654332,105.40861182181106
EXACT MATCH,2024-10-09 16:30:00+00:00,2024-10-09 16:30:00+00:00,SHORT,SHORT,61650.24862000866,61663.20430769056,-12.955687681904237,49.72353152286087,188.0376576142953,62.679219204765104
EXACT MATCH,2024-10-12 13:15:00+00:00,2024-10-12 13:15:00+00:00,LONG,LONG,63216.10173855748,63133.969114233005,82.13262432447664,5.6110635132863536,229.56468243357085,76.52156081119028
NEAR MATCH,2024-10-12 13:45:00+00:00,2024-10-12 14:00:00+00:00,LONG,LONG,63128.81386640925,63108.694221563375,20.119644845872244,59.775532731182466,-118.96766365593066,-39.65588788531022
EXNESS ONLY,2024-10-12 16:00:00+00:00,,LONG,,63231.53446155261,,,,,
EXACT MATCH,2024-10-14 13:45:00+00:00,2024-10-14 13:45:00+00:00,LONG,LONG,65022.85374892487,64995.43709759318,27.416651331688627,140.3350230024662,-338.7551150123327,-112.91837167077756
EXNESS ONLY,2024-10-15 08:30:00+00:00,,LONG,,65815.93093185953,,,,,
EXACT MATCH,2024-10-15 16:15:00+00:00,2024-10-15 16:15:00+00:00,LONG,LONG,66527.11221431752,66545.6367108676,-18.52449655008968,-38.633255174863734,60.326275874322164,20.108758624774055
EXACT MATCH,2024-10-20 11:30:00+00:00,2024-10-20 11:30:00+00:00,LONG,LONG,68437.35647996016,68438.1377981741,-0.7813182139361743,-15.163022679073038,43.14511339541059,14.381704465136863
EXNESS ONLY,2024-10-20 12:45:00+00:00,,LONG,,68408.88935473286,,,,,
EXNESS ONLY,2024-10-20 14:00:00+00:00,,LONG,,68484.55732157141,,,,,
EXACT MATCH,2024-10-20 15:45:00+00:00,2024-10-20 15:45:00+00:00,LONG,LONG,68566.78875075761,68554.6984853909,12.090265366714448,-22.645398050066433,104.20699025034264,34.73566341678088
EXACT MATCH,2024-10-24 17:45:00+00:00,2024-10-24 17:45:00+00:00,LONG,LONG,67801.87075117037,67803.96352024302,-2.0927690726530273,-25.695846391026862,70.8092319551215,23.603077318373835
EXACT MATCH,2024-10-25 14:15:00+00:00,2024-10-25 14:15:00+00:00,LONG,LONG,68495.68037476858,68477.09672879106,18.583645977516426,-19.220468966275803,113.41234483137669,37.80411494379223
NEAR MATCH,2024-10-27 18:30:00+00:00,2024-10-27 18:45:00+00:00,LONG,LONG,67650.2526271729,67656.24315681541,-5.990529642513138,-25.734205536238733,59.23102768117678,19.743675893725595
EXACT MATCH,2024-10-27 19:30:00+00:00,2024-10-27 19:30:00+00:00,LONG,LONG,67776.9417947388,67744.77143422866,32.17036051013565,-12.415540765199694,133.75770382600604,44.585901275335345
EXACT MATCH,2024-10-28 14:45:00+00:00,2024-10-28 14:45:00+00:00,LONG,LONG,68952.00752564464,68916.61774503079,35.38978061385569,-5.009670920786448,121.19835460392642,40.39945153464214
EXACT MATCH,2024-10-28 16:45:00+00:00,2024-10-28 16:45:00+00:00,LONG,LONG,68932.46587198428,68909.25559246982,23.210279514460126,9.81958072829002,40.172096358510316,13.390698786170105
EXACT MATCH,2024-10-29 08:00:00+00:00,2024-10-29 08:00:00+00:00,LONG,LONG,70985.54757814978,70978.9655002884,6.582077861385187,-74.4331167920609,243.04558396033826,81.01519465344609
EXACT MATCH,2024-10-29 14:45:00+00:00,2024-10-29 14:45:00+00:00,LONG,LONG,71905.29169556571,71924.39836794975,-19.106672384034027,-31.644991423963802,37.614957119789324,12.538319039929775
EXACT MATCH,2024-11-03 07:30:00+00:00,2024-11-03 07:30:00+00:00,SHORT,SHORT,68369.10955401983,68404.47242700227,-35.36287298244133,-1.9256905263318913,100.31154736832832,33.43718245610944
EXACT MATCH,2024-11-04 16:45:00+00:00,2024-11-04 16:45:00+00:00,SHORT,SHORT,67720.27077482868,67766.02465484498,-45.75388001630199,-3.5291799755505053,126.67410012225446,42.224700040751486
EXACT MATCH,2024-11-06 09:15:00+00:00,2024-11-06 09:15:00+00:00,LONG,LONG,73971.52020551692,73979.29821705668,-7.778011539761792,-68.68798269034596,182.7299134517525,60.90997115058417
EXACT MATCH,2024-11-07 20:00:00+00:00,2024-11-07 20:00:00+00:00,LONG,LONG,76654.02161515629,76687.54132873395,-33.51971357765433,-90.07542963350716,169.66714816755848,56.55571605585283
NEAR MATCH,2024-11-10 12:45:00+00:00,2024-11-10 13:00:00+00:00,LONG,LONG,79493.48109716173,79781.92598279878,-288.4448856370582,-169.002671544411,-358.3266422779416,-119.44221409264719
EXACT MATCH,2024-11-11 10:00:00+00:00,2024-11-11 10:00:00+00:00,LONG,LONG,81854.49843025712,81907.45599476952,-52.957564512398676,-73.24365323140228,60.8582661570108,20.2860887190036
EXACT MATCH,2024-11-12 07:45:00+00:00,2024-11-12 07:45:00+00:00,LONG,LONG,89660.00019552658,89688.19240962644,-28.19221409986494,-72.28667885021423,132.28339425104787,44.09446475034929
EXACT MATCH,2024-11-12 18:45:00+00:00,2024-11-12 18:45:00+00:00,LONG,LONG,88985.64570434976,88998.80087219545,-13.155167845688993,-73.09724823146826,179.8262411573378,59.94208038577926
EXACT MATCH,2024-11-14 08:15:00+00:00,2024-11-14 08:15:00+00:00,LONG,LONG,91576.13330594008,91557.29580320606,18.837502734022564,-63.60625410103239,247.33127050516487,82.44375683505496
EXACT MATCH,2024-11-15 10:00:00+00:00,2024-11-15 10:00:00+00:00,LONG,LONG,89352.53564769044,89418.11766365483,-65.58201596439176,-32.81197605341731,-98.31011973292334,-32.77003991097445
EXACT MATCH,2024-11-15 16:30:00+00:00,2024-11-15 16:30:00+00:00,LONG,LONG,89822.63492294794,89813.73698353747,8.897939410468098,-79.11190911573067,264.0295455785963,88.00984852619877
EXACT MATCH,2024-11-15 17:15:00+00:00,2024-11-15 17:15:00+00:00,LONG,LONG,89836.18818648566,89861.70938514279,-25.521198657137575,-82.8532020142884,171.99601007145247,57.332003357150825
EXACT MATCH,2024-11-18 16:00:00+00:00,2024-11-18 16:00:00+00:00,LONG,LONG,92798.90283782825,92743.03033592788,55.87250190037594,-36.34875285055023,276.6637642527785,92.22125475092616
EXACT MATCH,2024-11-18 17:30:00+00:00,2024-11-18 17:30:00+00:00,LONG,LONG,92315.74272799851,92362.48985461118,-46.74712661266676,-60.68431008097832,41.81155040493468,13.93718346831156
EXACT MATCH,2024-11-18 18:00:00+00:00,2024-11-18 18:00:00+00:00,LONG,LONG,91770.19603587626,91812.6652317821,-42.469195905840024,-94.25620614124637,155.36103070621903,51.78701023540634
EXNESS ONLY,2024-11-20 11:30:00+00:00,,LONG,,93369.89907818077,,,,,
EXACT MATCH,2024-11-21 09:00:00+00:00,2024-11-21 09:00:00+00:00,LONG,LONG,97205.55572623844,97272.3598965448,-66.80417030636454,-64.59874454046076,-6.616277297711349,-2.205425765903783
NEAR MATCH,2024-11-21 17:15:00+00:00,2024-11-21 17:30:00+00:00,LONG,LONG,97504.98203546222,97846.71852153166,-341.73648606943607,-382.49027089585434,122.2613544792548,40.75378482641827
EXACT MATCH,2024-11-29 07:15:00+00:00,2024-11-29 07:15:00+00:00,LONG,LONG,96573.46135605774,96467.02920507087,106.43215098687506,51.09677351967548,166.00613240159873,55.33537746719958
EXNESS ONLY,2024-11-29 10:15:00+00:00,,LONG,,96922.77289342285,,,,,
NEAR MATCH,2024-12-01 11:15:00+00:00,2024-12-01 11:00:00+00:00,LONG,LONG,97138.38896043504,96930.71879899487,207.67016144016816,91.86975783975504,347.40121080123936,115.80040360041312
EXNESS ONLY,2024-12-01 13:15:00+00:00,,LONG,,97208.98857779695,,,,,
EXACT MATCH,2024-12-05 07:30:00+00:00,2024-12-05 07:30:00+00:00,LONG,LONG,102342.03961226634,102327.59436414043,14.4452481259068,-46.322872188844485,182.30436094425386,60.768120314751286
EXACT MATCH,2024-12-06 15:00:00+00:00,2024-12-06 15:00:00+00:00,LONG,LONG,99713.25696088155,99675.97884133874,37.2781195428106,-22.447179314214736,179.175896571076,59.72529885702534
EXACT MATCH,2024-12-20 08:30:00+00:00,2024-12-20 08:30:00+00:00,SHORT,SHORT,96310.3225572156,96419.37130543114,-109.04874821554404,-61.24687767669093,143.40561161655933,47.80187053885311
EXNESS ONLY,2025-01-01 09:45:00+00:00,,SHORT,,92792.12087992938,,,,,
EXNESS ONLY,2025-01-01 11:00:00+00:00,,SHORT,,93102.48017686013,,,,,
EXACT MATCH,2025-01-02 16:30:00+00:00,2025-01-02 16:30:00+00:00,LONG,LONG,97421.11070952922,97392.82980930664,28.280900222584023,7.063649666131823,63.6517516693566,21.2172505564522
EXACT MATCH,2025-01-02 18:45:00+00:00,2025-01-02 18:45:00+00:00,LONG,LONG,97093.94807820444,97104.9712948006,-11.023216596164275,-31.930175105750095,62.72087552875746,20.90695850958582
EXACT MATCH,2025-01-03 15:30:00+00:00,2025-01-03 15:30:00+00:00,LONG,LONG,97334.09193992394,97294.1240530279,39.967886896032724,-8.656830344029004,145.87415172018518,48.62471724006173
EXACT MATCH,2025-01-06 08:15:00+00:00,2025-01-06 08:15:00+00:00,LONG,LONG,99669.25643190391,99628.8590273933,40.39740451061516,-0.5811067659087712,122.9355338295718,40.97851127652393
EXNESS ONLY,2025-01-06 12:15:00+00:00,,LONG,,99543.98177270163,,,,,
EXNESS ONLY,2025-01-06 14:00:00+00:00,,LONG,,99599.69496986512,,,,,
EXNESS ONLY,2025-01-08 19:45:00+00:00,,SHORT,,93900.66163730349,,,,,
EXACT MATCH,2025-01-09 07:30:00+00:00,2025-01-09 07:30:00+00:00,SHORT,SHORT,93611.71341564073,93649.9647419204,-38.25132627967105,12.491989419504534,152.22994709752675,50.74331569917558
EXACT MATCH,2025-01-09 18:00:00+00:00,2025-01-09 18:00:00+00:00,SHORT,SHORT,92165.19540883187,92228.09701044687,-62.90160161499807,-22.52259757751017,121.13701211246371,40.3790040374879
NEAR MATCH,2025-01-09 19:30:00+00:00,2025-01-09 19:45:00+00:00,SHORT,SHORT,92628.72541083413,92530.81155101224,97.91385982188513,292.5842102671595,584.0110513358231,194.67035044527438
EXACT MATCH,2025-01-10 16:30:00+00:00,2025-01-10 16:30:00+00:00,SHORT,SHORT,93140.73562205411,93198.17046531414,-57.43484326002363,25.342264890045044,248.331324450206,82.77710815006867
EXNESS ONLY,2025-01-13 13:45:00+00:00,,SHORT,,90966.6740031806,,,,,
EXACT MATCH,2025-01-13 17:00:00+00:00,2025-01-13 17:00:00+00:00,SHORT,SHORT,91089.71387363703,91080.73765992306,8.976213713962352,79.97067942902504,212.98339714518806,70.99446571506269
EXACT MATCH,2025-01-15 07:30:00+00:00,2025-01-15 07:30:00+00:00,LONG,LONG,97602.27336673444,97572.96319590528,29.310170829165145,40.46974375625723,-33.47871878127626,-11.159572927092086
EXACT MATCH,2025-01-15 08:00:00+00:00,2025-01-15 08:00:00+00:00,LONG,LONG,97384.77328050061,97332.19479646934,52.57848403126991,-6.302726046895259,176.6436302344955,58.88121007816517
EXACT MATCH,2025-01-15 13:30:00+00:00,2025-01-15 13:30:00+00:00,LONG,LONG,97395.5189332244,97331.96841754421,63.55051568019553,11.609226479718927,155.8238676014298,51.941289200476604
EXACT MATCH,2025-01-15 18:15:00+00:00,2025-01-15 18:15:00+00:00,LONG,LONG,99010.11045714516,99005.53767104888,4.572786096279742,3.6008208555867895,2.915895722078858,0.9719652406929526
EXACT MATCH,2025-01-16 19:00:00+00:00,2025-01-16 19:00:00+00:00,LONG,LONG,99725.20228757411,99718.09460476405,7.107682810063125,-35.9465242150909,129.16262107546208,43.05420702515403
EXNESS ONLY,2025-01-18 15:00:00+00:00,,LONG,,104118.25634671883,,,,,
EXACT MATCH,2025-01-20 14:00:00+00:00,2025-01-20 14:00:00+00:00,LONG,LONG,108268.38344743632,108149.98281374085,118.40063369547715,105.06404945677787,40.009752716097864,13.336584238699288
EXACT MATCH,2025-01-20 14:45:00+00:00,2025-01-20 14:45:00+00:00,LONG,LONG,108043.26731997727,107895.43922805709,147.82809192017885,112.01286211973638,107.4456894013274,35.81522980044247
EXACT MATCH,2025-01-21 17:15:00+00:00,2025-01-21 17:15:00+00:00,LONG,LONG,105683.3975996082,105647.83056184549,35.56703776271024,1.8844433559424942,101.04778322030324,33.68259440676775
EXACT MATCH,2025-01-23 15:30:00+00:00,2025-01-23 15:30:00+00:00,LONG,LONG,104634.19042806067,104521.49410906793,112.69631899273372,-27.41447848911048,420.3323924455326,140.1107974818442
NEAR MATCH,2025-01-24 10:30:00+00:00,2025-01-24 10:45:00+00:00,LONG,LONG,105349.74853531641,105479.15167083546,-129.40313551905274,-180.40029672141827,152.9914836070966,50.99716120236553
EXACT MATCH,2025-01-24 16:00:00+00:00,2025-01-24 16:00:00+00:00,LONG,LONG,106062.49777903264,106062.50203072808,-0.004251695441780612,-54.58862245682394,163.75311228414648,54.58437076138216
NEAR MATCH,2025-01-25 16:15:00+00:00,2025-01-25 16:00:00+00:00,LONG,LONG,104998.90148525286,104960.68431239821,38.217172854652745,-2.3057592819823185,121.56879640990519,40.52293213663506
EXACT MATCH,2025-01-25 18:30:00+00:00,2025-01-25 18:30:00+00:00,LONG,LONG,105119.7456907578,105086.92603474921,32.819656008592574,-57.15448401289177,269.92242006445304,89.97414002148435
EXNESS ONLY,2025-01-26 08:15:00+00:00,,LONG,,105222.63910293544,,,,,
EXACT MATCH,2025-01-26 15:15:00+00:00,2025-01-26 15:15:00+00:00,LONG,LONG,105012.71891880782,105049.11617192897,-36.397253121147514,-63.51912031829124,81.36560159143119,27.12186719714373
EXACT MATCH,2025-01-27 12:00:00+00:00,2025-01-27 12:00:00+00:00,SHORT,SHORT,98542.77458126868,98649.4885853233,-106.71400405462191,-17.073993918063934,268.9200304096739,89.64001013655798
NEAR MATCH,2025-01-27 17:15:00+00:00,2025-01-27 17:00:00+00:00,SHORT,SHORT,99045.34140822294,99430.69285021447,-385.35144199153,-214.43283701271866,512.755814936434,170.91860497881135
EXACT MATCH,2025-01-29 15:30:00+00:00,2025-01-29 15:30:00+00:00,SHORT,SHORT,101763.00908250573,101785.46400833417,-22.454925828438718,34.637388742674375,171.27694371333928,57.09231457111309
EXACT MATCH,2025-01-30 08:00:00+00:00,2025-01-30 08:00:00+00:00,LONG,LONG,105256.74460763812,105207.72823920587,49.01636843224696,9.760447351654875,117.76776324177627,39.25592108059209
EXACT MATCH,2025-01-30 15:45:00+00:00,2025-01-30 15:45:00+00:00,LONG,LONG,106117.13031506732,106062.86715908478,54.26315598253859,32.73526602619677,64.58366986902547,21.527889956341824
EXNESS ONLY,2025-01-31 14:00:00+00:00,,LONG,,104799.65608378152,,,,,
EXNESS ONLY,2025-01-31 14:30:00+00:00,,LONG,,104810.7422355055,,,,,
EXNESS ONLY,2025-01-31 15:15:00+00:00,,LONG,,105053.5066273344,,,,,
EXACT MATCH,2025-02-01 14:00:00+00:00,2025-02-01 14:00:00+00:00,SHORT,SHORT,101762.39430544656,101790.44438283818,-28.05007739161374,36.5651160874113,193.8455804370751,64.61519347902504
EXACT MATCH,2025-02-01 15:00:00+00:00,2025-02-01 15:00:00+00:00,SHORT,SHORT,101755.99148791804,101787.07581263644,-31.084324718394782,28.826487077589263,179.73243538795214,59.910811795984046
EXACT MATCH,2025-02-01 17:00:00+00:00,2025-02-01 17:00:00+00:00,SHORT,SHORT,101830.21899056062,101847.90065956282,-17.68166900219512,49.532503503301996,201.64251751649135,67.21417250549712
EXACT MATCH,2025-02-01 19:15:00+00:00,2025-02-01 19:15:00+00:00,SHORT,SHORT,101779.20456663336,101794.16214305951,-14.957576426153537,38.24636463922798,159.61182319614454,53.203941065381514
EXACT MATCH,2025-02-02 07:30:00+00:00,2025-02-02 07:30:00+00:00,SHORT,SHORT,99644.64765421482,99724.77703637443,-80.12938215961913,-6.66092676059634,220.40536619706836,73.46845539902279
EXACT MATCH,2025-02-04 14:15:00+00:00,2025-02-04 14:15:00+00:00,SHORT,SHORT,98469.4259731753,98604.43718437538,-135.01121120007883,-84.80818319988612,150.60908400057815,50.20302800019272
EXACT MATCH,2025-02-08 08:15:00+00:00,2025-02-08 08:15:00+00:00,SHORT,SHORT,96092.64754545038,96106.72168589188,-14.074140441502095,45.776210662254016,179.55105331126833,59.85035110375611
EXACT MATCH,2025-02-08 14:30:00+00:00,2025-02-08 14:30:00+00:00,SHORT,SHORT,95904.39847499857,95923.0125739583,-18.614098959733383,48.36114843960968,200.92574219802918,66.97524739934306
EXACT MATCH,2025-02-09 17:30:00+00:00,2025-02-09 17:30:00+00:00,SHORT,SHORT,96125.66431148216,96175.61427338714,-49.94996190497477,18.454942857453716,205.21471428728546,68.40490476242849
EXACT MATCH,2025-02-12 14:30:00+00:00,2025-02-12 14:30:00+00:00,SHORT,SHORT,94511.75174870656,94553.78677402405,-42.035025317483814,30.392537976207677,217.28268988107448,72.42756329369149
EXACT MATCH,2025-02-12 15:15:00+00:00,2025-02-12 15:15:00+00:00,SHORT,SHORT,94632.51534034559,94640.8703872197,-8.35504687410139,52.48257031112735,182.5128515556862,60.83761718522874
EXNESS ONLY,2025-02-13 10:30:00+00:00,,SHORT,,96117.95781012642,,,,,
EXNESS ONLY,2025-02-13 11:00:00+00:00,,SHORT,,96115.73470362941,,,,,
EXACT MATCH,2025-02-13 16:30:00+00:00,2025-02-13 16:30:00+00:00,SHORT,SHORT,95314.252983306,95318.27932989974,-4.026346593745984,39.84951989061665,131.6275994530879,43.87586648436263
NEAR MATCH,2025-02-13 18:15:00+00:00,2025-02-13 18:00:00+00:00,SHORT,SHORT,95428.65031927136,95633.1843261622,-204.53400689084083,-162.4889896637469,126.13505168128177,42.04501722709392
EXNESS ONLY,2025-02-16 18:00:00+00:00,,SHORT,,96880.50203551007,,,,,
EXACT MATCH,2025-02-17 07:30:00+00:00,2025-02-17 07:30:00+00:00,SHORT,SHORT,96112.70369660863,96075.80285290293,36.90084370570548,68.66873444145313,95.30367220724293,31.767890735747642
EXACT MATCH,2025-02-17 16:00:00+00:00,2025-02-17 16:00:00+00:00,SHORT,SHORT,95502.11974775145,95534.32913979002,-32.209392038566875,57.22908805786574,268.31544028929784,89.43848009643261
EXACT MATCH,2025-02-18 16:15:00+00:00,2025-02-18 16:15:00+00:00,SHORT,SHORT,95317.41326765464,95317.17886929282,0.2343983618193306,50.12840245728148,149.68201228638645,49.89400409546215
NEAR MATCH,2025-02-21 10:00:00+00:00,2025-02-21 10:15:00+00:00,LONG,LONG,98413.72877145791,98489.7902347752,-76.06146331728087,-89.52780502410315,40.39902512046683,13.466341706822277
EXACT MATCH,2025-02-21 15:15:00+00:00,2025-02-21 15:15:00+00:00,LONG,LONG,99360.03190963827,99367.23703770844,-7.205128070170758,-87.13230789474619,239.7815394737263,79.92717982457543
EXACT MATCH,2025-02-24 18:00:00+00:00,2025-02-24 18:00:00+00:00,SHORT,SHORT,94509.42199941321,94492.0881482115,17.3338512017217,78.41922319740115,183.25611598703836,61.08537199567945
EXACT MATCH,2025-02-24 18:30:00+00:00,2025-02-24 18:30:00+00:00,SHORT,SHORT,94437.54912194303,94475.20865840685,-37.65953646381968,39.85930469571031,232.55652347858995,77.51884115952998
EXACT MATCH,2025-02-25 12:45:00+00:00,2025-02-25 12:45:00+00:00,SHORT,SHORT,88806.91232165472,88755.8211972277,51.09112442701007,61.463313359505264,31.116566797485575,10.372188932495192
EXACT MATCH,2025-02-25 13:30:00+00:00,2025-02-25 13:30:00+00:00,SHORT,SHORT,88898.92058260764,88880.83993087072,18.080651736920117,73.01902239461197,164.81511197307555,54.93837065769185
EXACT MATCH,2025-02-25 18:30:00+00:00,2025-02-25 18:30:00+00:00,SHORT,SHORT,86672.40635793968,86668.58586429022,3.8204936494585127,65.79925952579651,185.936297629014,61.978765876338
EXACT MATCH,2025-02-25 19:00:00+00:00,2025-02-25 19:00:00+00:00,SHORT,SHORT,86756.19843108064,86758.29087278084,-2.092441700195195,63.14866255031666,195.72331275153556,65.24110425051185
EXACT MATCH,2025-02-26 16:00:00+00:00,2025-02-26 16:00:00+00:00,SHORT,SHORT,87239.19534701582,87222.71893299065,16.47641402516456,120.3403789622389,311.591894811223,103.86396493707434
EXACT MATCH,2025-02-27 16:30:00+00:00,2025-02-27 16:30:00+00:00,SHORT,SHORT,84659.05481808983,84639.7675900898,19.287228000030154,82.49915799997689,189.6357899998402,63.21192999994673
EXNESS ONLY,2025-03-01 14:30:00+00:00,,SHORT,,84385.56830530136,,,,,
EXNESS ONLY,2025-03-03 11:30:00+00:00,,LONG,,92996.31026992494,,,,,
EXACT MATCH,2025-03-03 12:00:00+00:00,2025-03-03 12:00:00+00:00,LONG,LONG,92886.48942661895,92799.70402499978,86.78540161917044,25.861897571230656,182.77051214381936,60.92350404793979
EXACT MATCH,2025-03-04 07:15:00+00:00,2025-03-04 07:15:00+00:00,SHORT,SHORT,83329.85635956371,83294.43330744002,35.42305212368956,108.83542181445227,220.23710907228815,73.41236969076272
EXACT MATCH,2025-03-04 07:45:00+00:00,2025-03-04 07:45:00+00:00,SHORT,SHORT,83285.13482023607,83258.11239263961,27.02242759645742,104.02135860532871,230.9967930266139,76.9989310088713
EXACT MATCH,2025-03-04 10:00:00+00:00,2025-03-04 10:00:00+00:00,SHORT,SHORT,83627.26290832825,83600.00482353612,27.25808479213447,111.29287281179859,252.10436405899236,84.03478801966412
EXACT MATCH,2025-03-04 14:00:00+00:00,2025-03-04 14:00:00+00:00,SHORT,SHORT,82547.44136197862,82500.58423918777,46.85712279085419,108.76931581368262,185.7365790684853,61.91219302282843
EXNESS ONLY,2025-03-04 14:30:00+00:00,,SHORT,,82451.4434702775,,,,,
EXACT MATCH,2025-03-07 13:00:00+00:00,2025-03-07 13:00:00+00:00,LONG,LONG,89249.8336805371,89211.4735548846,38.360125652499846,3.5648115212388802,104.3859423937829,34.795314131260966
EXACT MATCH,2025-03-08 08:15:00+00:00,2025-03-08 08:15:00+00:00,SHORT,SHORT,85992.75228501146,85997.37781960428,-4.625534592822078,71.3583018892532,227.95150944622583,75.98383648207528
EXACT MATCH,2025-03-08 08:45:00+00:00,2025-03-08 08:45:00+00:00,SHORT,SHORT,86058.55197023948,86052.13495669962,6.417013539859909,50.66947969021567,132.75739845106727,44.25246615035576
EXACT MATCH,2025-03-08 09:45:00+00:00,2025-03-08 09:45:00+00:00,SHORT,SHORT,86016.20434771995,85995.11754733179,21.086800388162374,99.59979941775964,235.5389970887918,78.51299902959727
EXACT MATCH,2025-03-08 16:30:00+00:00,2025-03-08 16:30:00+00:00,SHORT,SHORT,85806.37685968926,85812.85280185756,-6.475942168297479,73.15891325243865,238.9045662622084,79.63485542073613
EXACT MATCH,2025-03-08 17:15:00+00:00,2025-03-08 17:15:00+00:00,SHORT,SHORT,85665.78689239698,85686.86304871758,-21.07615632060333,62.714234480896266,251.3711724044988,83.7903908014996
EXACT MATCH,2025-03-09 18:45:00+00:00,2025-03-09 18:45:00+00:00,SHORT,SHORT,82617.43154470027,82601.33734889634,16.094195803932962,75.00370629409736,176.72853147049318,58.909510490164394
NEAR MATCH,2025-03-12 16:30:00+00:00,2025-03-12 16:45:00+00:00,SHORT,SHORT,81676.30104483967,81549.85786761466,126.44317722501,137.38523416250246,32.82617081247736,10.942056937492453
EXACT MATCH,2025-03-16 19:15:00+00:00,2025-03-16 19:15:00+00:00,SHORT,SHORT,82854.07241652231,82927.84737911932,-73.77496259701729,45.28744389550411,357.1872194775642,119.0624064925214
EXACT MATCH,2025-03-18 10:00:00+00:00,2025-03-18 10:00:00+00:00,SHORT,SHORT,82742.49636662874,82748.70987584637,-6.213509217632236,63.58026382645767,209.3813191322697,69.7937730440899
EXACT MATCH,2025-03-18 16:00:00+00:00,2025-03-18 16:00:00+00:00,SHORT,SHORT,81485.70475826091,81469.99057631762,15.714181943287258,42.683727085066494,80.9086354253377,26.969545141779236
EXACT MATCH,2025-03-18 16:45:00+00:00,2025-03-18 16:45:00+00:00,SHORT,SHORT,81628.63431628981,81639.61009335634,-10.975777066531009,52.56866559981427,190.63332799903583,63.544442666345276
EXACT MATCH,2025-04-02 18:45:00+00:00,2025-04-02 18:45:00+00:00,LONG,LONG,86719.08253114209,86744.45245364793,-25.369922505837167,-45.6551162412361,60.8555812061968,20.285193735398934
NEAR MATCH,2025-04-02 20:00:00+00:00,2025-04-02 19:45:00+00:00,LONG,LONG,87068.05894724175,86535.67909018739,532.3798570543586,38.360214418469695,1482.0589279076667,494.0196426358889
EXACT MATCH,2025-04-03 16:45:00+00:00,2025-04-03 16:45:00+00:00,SHORT,SHORT,81760.33271403637,81799.95793092759,-39.62521689121786,-2.4371746631659335,111.56412668415578,37.18804222805193
EXACT MATCH,2025-04-04 13:30:00+00:00,2025-04-04 13:30:00+00:00,SHORT,SHORT,82431.1162794213,82488.27235192314,-57.1560725018353,-1.4458912472618977,167.1305437637202,55.7101812545734
EXACT MATCH,2025-04-04 14:45:00+00:00,2025-04-04 14:45:00+00:00,SHORT,SHORT,82043.40536152195,82098.5431988208,-55.13783729885472,7.1667559483030345,186.91377974147326,62.304593247157754
EXACT MATCH,2025-04-05 08:30:00+00:00,2025-04-05 08:30:00+00:00,SHORT,SHORT,83293.29934495612,83321.3259513512,-28.026606395083945,25.11490959263756,159.4245479631645,53.141515987721505
EXACT MATCH,2025-04-05 09:00:00+00:00,2025-04-05 09:00:00+00:00,SHORT,SHORT,83423.7076290693,83449.22492744058,-25.517298371283687,25.460947556930478,152.9347377846425,50.978245928214164
EXACT MATCH,2025-04-06 08:00:00+00:00,2025-04-06 08:00:00+00:00,SHORT,SHORT,82940.21664152596,82973.12462863838,-32.90798711242678,9.706980668648612,127.84490334322618,42.61496778107539
NEAR MATCH,2025-04-06 15:30:00+00:00,2025-04-06 15:15:00+00:00,SHORT,SHORT,82327.81414406504,82347.84125721884,-20.02711315380293,-178.63933026930317,-475.83665134650073,-158.61221711550024
EXACT MATCH,2025-04-06 16:00:00+00:00,2025-04-06 16:00:00+00:00,SHORT,SHORT,82417.74638952548,82464.20373254729,-46.45734302181518,-0.17398546726326458,138.85007266365574,46.28335755455191
EXACT MATCH,2025-04-07 09:15:00+00:00,2025-04-07 09:15:00+00:00,SHORT,SHORT,75853.9302136403,75944.91609293134,-90.98587929103815,-27.98118106344191,189.0140946827887,63.004698227596236
EXACT MATCH,2025-04-08 19:00:00+00:00,2025-04-08 19:00:00+00:00,SHORT,SHORT,77041.79875884618,77079.52079665213,-37.72203780594282,17.11805670891772,164.52028354458162,54.84009451486054
EXACT MATCH,2025-04-09 12:30:00+00:00,2025-04-09 12:30:00+00:00,SHORT,SHORT,76009.29406535842,76089.85133407921,-80.55726872078958,-30.154096918806317,151.2095154059498,50.40317180198326
EXACT MATCH,2025-04-10 19:00:00+00:00,2025-04-10 19:00:00+00:00,SHORT,SHORT,79143.41635494246,79221.7256562543,-78.30930131184869,-20.75104803223803,172.67475983883196,57.55825327961065
EXACT MATCH,2025-04-10 19:30:00+00:00,2025-04-10 19:30:00+00:00,SHORT,SHORT,79151.45925502693,79207.38895870907,-55.92970368213719,1.2495555232308106,171.537777616104,57.179259205368
EXNESS ONLY,2025-04-12 08:45:00+00:00,,LONG,,83747.5918110935,,,,,
EXACT MATCH,2025-04-12 12:15:00+00:00,2025-04-12 12:15:00+00:00,LONG,LONG,83711.80897404015,83676.16102141317,35.64795262698317,-26.43692894047126,186.2546447023633,62.08488156745443
EXACT MATCH,2025-04-12 17:30:00+00:00,2025-04-12 17:30:00+00:00,LONG,LONG,84731.53978761147,84702.72065053943,28.819137072045123,-14.178705608064774,128.9935280403297,42.9978426801099
EXACT MATCH,2025-04-23 13:15:00+00:00,2025-04-23 13:15:00+00:00,LONG,LONG,94028.11492539839,94084.34844982193,-56.23352442354371,-115.9297133647051,179.08856682348414,59.69618894116138
EXACT MATCH,2025-04-24 15:45:00+00:00,2025-04-24 15:45:00+00:00,LONG,LONG,93413.33205948038,93434.40663689261,-21.07457741223334,-84.2531338816625,189.5356694082875,63.17855646942917
EXACT MATCH,2025-04-24 18:15:00+00:00,2025-04-24 18:15:00+00:00,LONG,LONG,93403.33948418741,93433.011003211,-29.67151902358455,-91.20772146462696,184.60860732312722,61.536202441042406
EXNESS ONLY,2025-04-24 18:45:00+00:00,,LONG,,93370.14693279425,,,,,
EXNESS ONLY,2025-04-25 10:00:00+00:00,,LONG,,93894.59037426212,,,,,
EXACT MATCH,2025-04-25 11:15:00+00:00,2025-04-25 11:15:00+00:00,LONG,LONG,94042.23612114911,94074.99566325781,-32.75954210870259,-73.25568683697202,121.48843418480828,40.49614472826943
EXACT MATCH,2025-04-25 16:45:00+00:00,2025-04-25 16:45:00+00:00,LONG,LONG,95497.0833316601,95546.20201304923,-49.11868138912541,-106.69697791631916,172.73488958158123,57.57829652719374
EXACT MATCH,2025-04-27 19:30:00+00:00,2025-04-27 19:30:00+00:00,LONG,LONG,94356.96605524297,94416.30050532006,-59.33445007709088,-93.9333248843759,103.79662442185509,34.59887480728503
EXACT MATCH,2025-04-29 08:15:00+00:00,2025-04-29 08:15:00+00:00,LONG,LONG,95062.95998888956,95070.72578002454,-7.765791134981555,-72.0213132975623,192.76656648774224,64.25552216258075
EXACT MATCH,2025-04-29 10:00:00+00:00,2025-04-29 10:00:00+00:00,LONG,LONG,95033.08559638787,95073.34588964435,-40.26029325647687,-65.60456011527276,76.03280057638767,25.34426685879589
EXACT MATCH,2025-04-29 11:15:00+00:00,2025-04-29 11:15:00+00:00,LONG,LONG,95229.7339652891,95262.08996066319,-32.355995374091435,-79.3860069388611,141.090034694309,47.030011564769666
EXACT MATCH,2025-04-30 10:45:00+00:00,2025-04-30 10:45:00+00:00,LONG,LONG,95008.84027916504,95038.16745746562,-29.327178300576634,-72.54423254914582,129.65116274570755,43.217054248569184
EXACT MATCH,2025-05-01 07:15:00+00:00,2025-05-01 07:15:00+00:00,LONG,LONG,95018.17502806504,95013.54278013304,4.6322479320078855,-69.59837189801328,222.6918594900635,74.23061983002117
EXACT MATCH,2025-05-01 14:15:00+00:00,2025-05-01 14:15:00+00:00,LONG,LONG,96286.12346270363,96344.59794810876,-58.47448540512414,-114.75327189231757,168.8363594615803,56.27878648719343
EXACT MATCH,2025-05-06 10:15:00+00:00,2025-05-06 10:15:00+00:00,SHORT,SHORT,94069.88995067183,94105.063401913,-35.173451241164,8.420176861764048,130.78088430878415,43.59362810292805
EXACT MATCH,2025-05-07 07:15:00+00:00,2025-05-07 07:15:00+00:00,LONG,LONG,96718.24109981865,96714.26797644614,3.9731233725178754,-35.15968505878118,117.39842529389716,39.132808431299054
EXACT MATCH,2025-05-08 14:30:00+00:00,2025-05-08 14:30:00+00:00,LONG,LONG,99569.80931418369,99591.7641104589,-21.954796275211265,-106.34780558718194,253.17902793591202,84.39300931197067
EXACT MATCH,2025-05-09 10:45:00+00:00,2025-05-09 10:45:00+00:00,LONG,LONG,103338.58961649764,103341.78428747877,-3.194670981130912,-77.20299352830625,222.02496764152602,74.00832254717534
EXNESS ONLY,2025-05-10 12:30:00+00:00,,LONG,,103780.64344942768,,,,,
EXNESS ONLY,2025-05-11 10:30:00+00:00,,LONG,,104537.81218123515,,,,,
EXNESS ONLY,2025-05-11 15:15:00+00:00,,LONG,,104574.73042746336,,,,,
EXACT MATCH,2025-05-13 15:15:00+00:00,2025-05-13 15:15:00+00:00,LONG,LONG,103964.76700690246,103939.50610279544,25.260904107024544,-39.86635616054991,195.38178080272337,65.12726026757446
EXACT MATCH,2025-05-13 16:00:00+00:00,2025-05-13 16:00:00+00:00,LONG,LONG,103817.37487323789,103814.39442705597,2.9804461819148855,13.06433072713844,-30.251653635670664,-10.083884545223555
EXACT MATCH,2025-05-14 12:15:00+00:00,2025-05-14 12:15:00+00:00,LONG,LONG,104165.34682940957,104149.34419048965,16.002638919919264,-28.083958379895194,132.25979189944337,44.08659729981446
EXNESS ONLY,2025-05-16 17:00:00+00:00,,LONG,,104297.14792232159,,,,,
EXACT MATCH,2025-05-18 07:15:00+00:00,2025-05-18 07:15:00+00:00,LONG,LONG,103586.43196006406,103554.12335454319,32.308605520869605,-57.74790828129335,270.16954140648886,90.05651380216295
EXACT MATCH,2025-05-19 19:45:00+00:00,2025-05-19 19:45:00+00:00,LONG,LONG,105549.28615798063,105589.80921901831,-40.52306103767478,-94.09540844349249,160.71704221745313,53.57234740581771
EXACT MATCH,2025-05-20 19:15:00+00:00,2025-05-20 19:15:00+00:00,LONG,LONG,105912.44170681032,105976.09375035918,-63.65204354886373,-111.43193467671517,143.33967338355433,47.77989112785144
EXACT MATCH,2025-05-21 19:45:00+00:00,2025-05-21 19:45:00+00:00,LONG,LONG,108582.38764589425,108610.65550703845,-28.267861144195194,-109.24820828372322,242.94104141858406,80.98034713952802
EXACT MATCH,2025-05-24 13:30:00+00:00,2025-05-24 13:30:00+00:00,LONG,LONG,108900.38098755083,108997.23926012308,-96.85827257225174,-145.69259114158922,146.50295570801245,48.83431856933748
EXACT MATCH,2025-05-26 09:15:00+00:00,2025-05-26 09:15:00+00:00,LONG,LONG,109847.40364953339,109931.17673441535,-83.77308488196286,-126.94537267705891,129.51686338528816,43.172287795096054
EXNESS ONLY,2025-05-27 14:15:00+00:00,,LONG,,110250.76026618341,,,,,
EXNESS ONLY,2025-05-27 15:45:00+00:00,,LONG,,110125.33992145446,,,,,
EXACT MATCH,2025-05-30 07:15:00+00:00,2025-05-30 07:15:00+00:00,SHORT,SHORT,105353.77645069372,105452.08567398378,-98.30922329005261,-2.601165064901579,287.1241746754531,95.70805822515104
EXACT MATCH,2025-05-30 14:30:00+00:00,2025-05-30 14:30:00+00:00,SHORT,SHORT,104960.05437930142,104986.04787920088,-25.993499899457674,18.985249849181855,134.9362492459186,44.97874974863953
NEAR MATCH,2025-05-30 16:15:00+00:00,2025-05-30 16:30:00+00:00,SHORT,SHORT,105180.2698547698,104589.3515017068,590.9183530629962,198.63247040551505,-1176.8576479724434,-392.2858826574811
EXNESS ONLY,2025-05-30 19:45:00+00:00,,SHORT,,104441.68165141912,,,,,
EXNESS ONLY,2025-06-01 09:15:00+00:00,,SHORT,,104088.19152225467,,,,,
EXACT MATCH,2025-06-02 10:30:00+00:00,2025-06-02 10:30:00+00:00,SHORT,SHORT,104274.11295181137,104323.37871943608,-49.265767624703585,48.18365143703704,292.3482571852219,97.44941906174063
EXACT MATCH,2025-06-03 08:30:00+00:00,2025-06-03 08:30:00+00:00,SHORT,SHORT,104854.07080919882,104951.82710020388,-97.75629100506194,-62.27056349242048,106.45718253792438,35.48572751264146
EXACT MATCH,2025-06-04 11:45:00+00:00,2025-06-04 11:45:00+00:00,SHORT,SHORT,105114.35900316993,105242.0462125194,-127.68720934947487,-54.3891859758005,219.8940701210231,73.29802337367437
EXACT MATCH,2025-06-05 11:15:00+00:00,2025-06-05 11:15:00+00:00,SHORT,SHORT,104488.88853284431,104584.19382929221,-95.30529644789931,-55.70705532815191,118.7947233592422,39.5982411197474
EXACT MATCH,2025-06-05 15:15:00+00:00,2025-06-05 15:15:00+00:00,SHORT,SHORT,104248.35559780145,104313.59497197857,-65.23937417712295,-5.8909387343301205,178.0453063283785,59.348435442792834
EXACT MATCH,2025-06-05 16:00:00+00:00,2025-06-05 16:00:00+00:00,SHORT,SHORT,104471.41442724846,104472.24590139829,-0.831474149832502,15.482211224734783,48.941056123701856,16.313685374567285
EXNESS ONLY,2025-06-08 14:15:00+00:00,,LONG,,105855.84287301642,,,,,
EXACT MATCH,2025-06-09 14:15:00+00:00,2025-06-09 14:15:00+00:00,LONG,LONG,107606.89121567404,107592.08933185592,14.801883818116039,-34.93782572717464,149.21912863587204,49.73970954529068
NEAR MATCH,2025-06-14 11:15:00+00:00,2025-06-14 11:00:00+00:00,SHORT,SHORT,104928.02973532918,105020.2578974765,-92.22816214732302,-25.8677567790146,199.08121610492526,66.36040536830842
EXACT MATCH,2025-06-14 11:45:00+00:00,2025-06-14 11:45:00+00:00,SHORT,SHORT,104931.76617995222,104995.11931514427,-63.35313519205374,1.9597027880954556,195.9385139404476,65.3128379801492
EXACT MATCH,2025-06-15 12:30:00+00:00,2025-06-15 12:30:00+00:00,SHORT,SHORT,105009.1066693368,105019.31003444766,-10.203365110850427,27.900047666291357,114.31023833142535,38.103412777141784
EXACT MATCH,2025-06-18 09:45:00+00:00,2025-06-18 09:45:00+00:00,SHORT,SHORT,104566.15960980966,104643.61906489664,-77.4594550869806,-10.700817369535798,200.2759131523344,66.7586377174448
EXACT MATCH,2025-06-18 15:15:00+00:00,2025-06-18 15:15:00+00:00,SHORT,SHORT,104270.27878013426,104313.48091934247,-43.2021392082097,30.35320881231746,220.6660440615815,73.55534802052716
EXNESS ONLY,2025-06-18 17:30:00+00:00,,SHORT,,103981.65582217799,,,,,
EXACT MATCH,2025-06-19 19:30:00+00:00,2025-06-19 19:30:00+00:00,SHORT,SHORT,104173.25569607556,104251.14190891315,-77.8862128375913,-10.255680743604898,202.8915962819592,67.6305320939864
EXACT MATCH,2025-06-21 15:30:00+00:00,2025-06-21 15:30:00+00:00,SHORT,SHORT,103296.00281481745,103419.0081785338,-123.00536371635098,-70.61195442547614,157.18022787262453,52.39340929087484
EXACT MATCH,2025-06-22 17:30:00+00:00,2025-06-22 17:30:00+00:00,SHORT,SHORT,99326.68504710363,99354.10090456063,-27.415857457002858,1.3887861855037045,86.41393092751969,28.804643642506562
EXACT MATCH,2025-06-22 18:00:00+00:00,2025-06-22 18:00:00+00:00,SHORT,SHORT,99296.03589265567,99352.1227187283,-56.086826072627446,7.2002391089336015,189.86119554468314,63.28706518156105
EXACT MATCH,2025-06-25 14:45:00+00:00,2025-06-25 14:45:00+00:00,LONG,LONG,107906.08841540974,107903.14997232356,2.938443086182815,-32.91766462927626,107.56832314637722,35.856107715459075
NEAR MATCH,2025-06-26 07:30:00+00:00,2025-06-26 07:15:00+00:00,LONG,LONG,108142.99909005978,107974.60834811453,168.39074194524437,-21.071112917881692,568.3855645893782,189.46185486312606
EXNESS ONLY,2025-06-26 08:15:00+00:00,,LONG,,108160.93610964334,,,,,
EXNESS ONLY,2025-06-28 17:15:00+00:00,,LONG,,107447.11596223625,,,,,
EXNESS ONLY,2025-06-29 08:00:00+00:00,,LONG,,107475.39009328531,,,,,
EXNESS ONLY,2025-06-29 14:15:00+00:00,,LONG,,108253.65929702812,,,,,
EXACT MATCH,2025-07-02 13:15:00+00:00,2025-07-02 13:15:00+00:00,LONG,LONG,107782.78381349662,107709.20150182402,73.5823116725951,11.986532491078833,184.7873375445488,61.595779181516264
EXNESS ONLY,2025-07-03 08:30:00+00:00,,LONG,,109623.25856673266,,,,,
EXNESS ONLY,2025-07-03 14:00:00+00:00,,LONG,,110656.32043624186,,,,,
EXACT MATCH,2025-07-08 09:30:00+00:00,2025-07-08 09:30:00+00:00,LONG,LONG,108463.74182064418,108412.69997589936,51.041844744817354,3.3522328828112222,143.0688355860184,47.68961186200613
EXACT MATCH,2025-07-08 17:15:00+00:00,2025-07-08 17:15:00+00:00,LONG,LONG,108981.05941292956,108933.68026498005,47.37914794951212,-1.4387219242780702,146.45360962137056,48.81786987379019
EXACT MATCH,2025-07-09 08:30:00+00:00,2025-07-09 08:30:00+00:00,LONG,LONG,108906.74050350406,108881.34546080035,25.395042703705258,-2.5075640555587597,83.70782027779205,27.902606759264017
EXACT MATCH,2025-07-09 10:45:00+00:00,2025-07-09 10:45:00+00:00,LONG,LONG,108926.35409645969,108904.53406935258,21.820027107110946,-27.87504066065594,149.08520330330066,49.695067767766886
EXACT MATCH,2025-07-09 14:15:00+00:00,2025-07-09 14:15:00+00:00,LONG,LONG,109405.21773724635,109390.86750594569,14.350231300661108,-45.83034695099923,180.541734754981,60.180578251660336
EXACT MATCH,2025-07-09 16:45:00+00:00,2025-07-09 16:45:00+00:00,LONG,LONG,109422.06525980339,109418.5033051651,3.561954638294992,-33.082931957455,109.93465978724998,36.644886595749995
EXACT MATCH,2025-07-10 07:15:00+00:00,2025-07-10 07:15:00+00:00,LONG,LONG,111465.14711461753,111511.09521451483,-45.94809989730129,-79.76285015404574,101.44425077023334,33.814750256744446
EXACT MATCH,2025-07-10 08:30:00+00:00,2025-07-10 08:30:00+00:00,LONG,LONG,111310.52316202641,111361.41023584455,-50.88707381814311,-91.68938927276758,122.40694636387343,40.80231545462448
EXNESS ONLY,2025-07-10 15:00:00+00:00,,LONG,,111308.77513144069,,,,,
EXACT MATCH,2025-07-11 12:15:00+00:00,2025-07-11 12:15:00+00:00,LONG,LONG,118286.32625586836,118320.17551875625,-33.84926288788847,-93.69610566817573,179.54052834086178,59.84684278028726
EXACT MATCH,2025-07-11 14:00:00+00:00,2025-07-11 14:00:00+00:00,LONG,LONG,118262.68678631648,118255.15605925651,7.530727059973287,-95.77109058992937,309.905452949708,103.30181764990266
EXACT MATCH,2025-07-13 09:00:00+00:00,2025-07-13 09:00:00+00:00,LONG,LONG,117862.54257958723,117962.74280134162,-100.20022175439226,-142.81466736839502,127.84333684200828,42.61444561400276
EXACT MATCH,2025-07-13 12:00:00+00:00,2025-07-13 12:00:00+00:00,LONG,LONG,118077.18069685472,118146.25696914691,-69.07627229219361,-126.56059156171978,172.4529578085785,57.48431926952617
EXNESS ONLY,2025-07-13 15:15:00+00:00,,LONG,,119135.1372979363,,,,,
NEAR MATCH,2025-07-13 17:45:00+00:00,2025-07-13 17:30:00+00:00,LONG,LONG,118784.36208919802,118812.73576887437,-28.373679676340544,-23.519480485469103,-14.562597572614322,-4.854199190871441
EXNESS ONLY,2025-07-13 18:15:00+00:00,,LONG,,118825.07344425748,,,,,
EXACT MATCH,2025-07-14 10:45:00+00:00,2025-07-14 10:45:00+00:00,LONG,LONG,122153.93050638685,122205.40356116922,-51.47305478237104,-101.26541782646382,149.37708913227834,49.79236304409278
EXNESS ONLY,2025-07-16 11:30:00+00:00,,LONG,,118943.80508335546,,,,,
EXNESS ONLY,2025-07-16 12:15:00+00:00,,LONG,,118912.84306929007,,,,,
EXNESS ONLY,2025-07-16 12:45:00+00:00,,LONG,,119108.89645260216,,,,,
EXNESS ONLY,2025-07-16 13:30:00+00:00,,LONG,,118860.3639709792,,,,,
EXACT MATCH,2025-07-16 15:00:00+00:00,2025-07-16 15:00:00+00:00,LONG,LONG,119309.90230390322,119393.05854278611,-83.15623888288974,-95.09564167565259,35.818208378288546,11.939402792762849
EXACT MATCH,2025-07-17 18:30:00+00:00,2025-07-17 18:30:00+00:00,LONG,LONG,119865.59233468253,119845.63148059625,19.96085408628278,-48.92628112943203,206.66140564714442,68.8871352157148
EXACT MATCH,2025-07-17 19:15:00+00:00,2025-07-17 19:15:00+00:00,LONG,LONG,119993.56961709094,120002.36186693511,-8.792249844176695,-30.14662523374136,64.063126168694,21.354375389564666
EXACT MATCH,2025-07-20 19:15:00+00:00,2025-07-20 19:15:00+00:00,LONG,LONG,118591.79027407969,118624.03807973523,-32.247805655541015,-86.29329151668935,162.136457583445,54.045485861148336
EXACT MATCH,2025-07-22 15:00:00+00:00,2025-07-22 15:00:00+00:00,LONG,LONG,119248.67109486734,119241.18025364465,7.490841222694144,-76.41626183401968,251.72130917014147,83.90710305671382
EXACT MATCH,2025-07-22 16:15:00+00:00,2025-07-22 16:15:00+00:00,LONG,LONG,119388.63377653393,119361.78669512049,26.847081413434353,-59.72562212013872,259.7181106007192,86.57270353357308
EXACT MATCH,2025-07-25 07:45:00+00:00,2025-07-25 07:45:00+00:00,SHORT,SHORT,115102.05712323888,115115.64152584645,-13.58440260757925,4.636603911349084,54.663019556785,18.221006518928334
EXACT MATCH,2025-07-25 08:45:00+00:00,2025-07-25 08:45:00+00:00,SHORT,SHORT,115064.01026647298,115011.46983599804,52.54043047493906,38.22935428759956,-42.933228562018485,-14.311076187339495
EXACT MATCH,2025-07-25 14:15:00+00:00,2025-07-25 14:15:00+00:00,SHORT,SHORT,115523.29231112348,115521.71178178134,1.5805293421435636,52.02420598678873,151.3310299339355,50.443676644645166
EXNESS ONLY,2025-07-27 11:15:00+00:00,,LONG,,118336.9528964744,,,,,
EXNESS ONLY,2025-07-29 12:45:00+00:00,,LONG,,119174.75263203146,,,,,
EXACT MATCH,2025-07-29 13:30:00+00:00,2025-07-29 13:30:00+00:00,LONG,LONG,119041.72745137505,118988.1222193941,53.6052319809387,2.88715202860476,152.1542398570018,50.71807995233394
EXACT MATCH,2025-07-31 10:00:00+00:00,2025-07-31 10:00:00+00:00,LONG,LONG,118680.26866565245,118634.27961656156,45.98904909088742,11.05642636367702,104.7978681816312,34.9326227272104
EXACT MATCH,2025-07-31 13:00:00+00:00,2025-07-31 13:00:00+00:00,LONG,LONG,118702.91343577564,118638.12678308187,64.78665269377234,-2.764979040643084,202.65489520324627,67.55163173441542
EXACT MATCH,2025-08-01 10:00:00+00:00,2025-08-01 10:00:00+00:00,SHORT,SHORT,114908.63421199865,114840.37130810828,68.26290389036876,118.45564416445268,150.57822082225175,50.19274027408392
EXACT MATCH,2025-08-01 11:00:00+00:00,2025-08-01 11:00:00+00:00,SHORT,SHORT,114671.98983623734,114615.4124201083,56.57741612903192,104.21887580645853,142.92437903227983,47.64145967742661
EXACT MATCH,2025-08-01 14:00:00+00:00,2025-08-01 14:00:00+00:00,SHORT,SHORT,114138.37925869868,114060.57333616295,77.80592253572831,140.06111619638978,186.76558098198439,62.25519366066146
EXACT MATCH,2025-08-01 15:30:00+00:00,2025-08-01 15:30:00+00:00,SHORT,SHORT,114606.6960861469,114547.72658120652,58.96950494038174,126.96074258942099,203.97371294711775,67.99123764903925
EXACT MATCH,2025-08-01 17:15:00+00:00,2025-08-01 17:15:00+00:00,SHORT,SHORT,114440.13961824862,114371.49472263998,68.64489560863876,115.07265658702818,139.28328293516824,46.427760978389415
EXNESS ONLY,2025-08-02 20:00:00+00:00,,SHORT,,112134.68448052452,,,,,
EXNESS ONLY,2025-08-05 07:30:00+00:00,,SHORT,,114158.04620076256,,,,,
EXACT MATCH,2025-08-05 14:15:00+00:00,2025-08-05 14:15:00+00:00,SHORT,SHORT,113631.68697178012,113644.32249993872,-12.63552815860021,29.05829223789624,125.08146118948935,41.69382039649645
EXACT MATCH,2025-08-09 07:15:00+00:00,2025-08-09 07:15:00+00:00,LONG,LONG,116767.90598099022,116793.88266067456,-25.97667968433234,-61.70998047348985,107.19990236747253,35.73330078915751
EXACT MATCH,2025-08-10 08:15:00+00:00,2025-08-10 08:15:00+00:00,LONG,LONG,118084.14723634276,118091.44022489164,-7.29298854888475,-41.01051717666269,101.15258588333381,33.71752862777794
EXACT MATCH,2025-08-11 08:15:00+00:00,2025-08-11 08:15:00+00:00,LONG,LONG,121716.74320343648,121710.58465883679,6.158544599689776,-56.00281689951953,186.48408449762792,62.161361499209306
EXACT MATCH,2025-08-12 15:00:00+00:00,2025-08-12 15:00:00+00:00,LONG,LONG,119533.71415165717,119508.60884115151,25.10531050566351,-19.372965758506325,133.4348287925095,44.478276264169835
EXACT MATCH,2025-08-13 15:45:00+00:00,2025-08-13 15:45:00+00:00,LONG,LONG,121463.8912142652,121456.93762325813,6.953591007069917,-42.830386510599055,149.35193255300692,49.78397751766897
EXNESS ONLY,2025-08-16 12:00:00+00:00,,SHORT,,117383.47326726979,,,,,
EXACT MATCH,2025-08-18 11:00:00+00:00,2025-08-18 11:00:00+00:00,SHORT,SHORT,115023.12574239429,115053.45967403415,-30.333931639863295,10.370897459812113,122.11448729902622,40.70482909967541
EXACT MATCH,2025-08-18 14:00:00+00:00,2025-08-18 14:00:00+00:00,SHORT,SHORT,114802.68901254784,114844.065104693,-41.37609214516124,5.054138217717991,139.2906910886377,46.43023036287923
EXNESS ONLY,2025-08-21 14:45:00+00:00,,SHORT,,112817.10613090736,,,,,
EXNESS ONLY,2025-08-25 13:45:00+00:00,,SHORT,,110685.02267001248,,,,,
EXACT MATCH,2025-08-26 07:15:00+00:00,2025-08-26 07:15:00+00:00,SHORT,SHORT,109713.26272595332,109733.72475047175,-20.46202451843419,17.4530367776606,113.74518388828437,37.91506129609479
EXACT MATCH,2025-08-26 13:30:00+00:00,2025-08-26 13:30:00+00:00,SHORT,SHORT,109704.88214656165,109736.57981680005,-31.697670238398132,11.836505357612623,130.60252678803226,43.534175596010755
NEAR MATCH,2025-08-27 09:45:00+00:00,2025-08-27 10:00:00+00:00,SHORT,SHORT,110826.87729553693,110788.14312418051,38.73417135642376,233.68874296535796,584.8637148268026,194.9545716089342
EXACT MATCH,2025-08-28 18:15:00+00:00,2025-08-28 18:15:00+00:00,SHORT,SHORT,112160.30421731118,112178.9293105286,-18.62509321742982,12.592639826136292,93.65319913069834,31.217733043566113
NEAR MATCH,2025-08-28 20:00:00+00:00,2025-08-28 19:45:00+00:00,SHORT,SHORT,111820.13470069919,111955.85983357052,-135.72513287133188,-236.08730069299054,-301.086503464976,-100.36216782165866
NEAR MATCH,2025-08-29 19:45:00+00:00,2025-08-29 20:00:00+00:00,SHORT,SHORT,108307.49460228866,108125.71565971375,181.77894257490698,111.81158613762818,-209.90206931183639,-69.9673564372788
EXACT MATCH,2025-08-31 10:00:00+00:00,2025-08-31 10:00:00+00:00,SHORT,SHORT,108413.89078724198,108440.0149341802,-26.12414693822211,12.3162204073451,115.32110203670163,38.44036734556721
EXACT MATCH,2025-09-03 17:15:00+00:00,2025-09-03 17:15:00+00:00,LONG,LONG,112508.72527769297,112506.33164260999,2.393635082975379,-20.955452624475583,70.04726312235289,23.349087707450963
EXACT MATCH,2025-09-05 10:30:00+00:00,2025-09-05 10:30:00+00:00,LONG,LONG,112344.03790062478,112339.07843590155,4.9594647232297575,-45.579197084822226,151.61598542415595,50.538661808051984
EXACT MATCH,2025-09-07 13:45:00+00:00,2025-09-07 13:45:00+00:00,LONG,LONG,111277.98036926377,111270.97604672801,7.004322535751271,-20.211483803621377,81.64741901811794,27.215806339372648
EXACT MATCH,2025-09-07 14:45:00+00:00,2025-09-07 14:45:00+00:00,LONG,LONG,111299.66488433315,111293.51833274154,6.146551591606112,-18.989827387442347,75.40913693714538,25.13637897904846
EXACT MATCH,2025-09-07 15:30:00+00:00,2025-09-07 15:30:00+00:00,LONG,LONG,111363.32596679298,111364.09459804415,-0.7686312511650613,-30.9470531232364,90.53526561621402,30.17842187207134
EXNESS ONLY,2025-09-07 19:45:00+00:00,,LONG,,111334.51918423531,,,,,
EXNESS ONLY,2025-09-08 07:30:00+00:00,,LONG,,111610.43894483802,,,,,
EXACT MATCH,2025-09-09 10:45:00+00:00,2025-09-09 10:45:00+00:00,LONG,LONG,112965.71454114703,112956.2123173055,9.502223841525847,-30.03333576230216,118.60667881148402,39.535559603828005
EXACT MATCH,2025-09-09 12:30:00+00:00,2025-09-09 12:30:00+00:00,LONG,LONG,112885.99268283181,112874.14364054964,11.849042282177834,-24.783563423261512,109.89781711631804,36.632605705439346
EXACT MATCH,2025-09-09 13:30:00+00:00,2025-09-09 13:30:00+00:00,LONG,LONG,112909.4022177832,112888.73360364791,20.66861413528386,-9.777921202927246,91.33960601463332,30.446535338211106
EXACT MATCH,2025-09-10 07:15:00+00:00,2025-09-10 07:15:00+00:00,LONG,LONG,111968.66598817786,111968.94757016948,-0.2815819916140754,-18.402627012575977,54.3631350628857,18.1210450209619
EXACT MATCH,2025-09-10 12:00:00+00:00,2025-09-10 12:00:00+00:00,LONG,LONG,112346.75656860496,112333.55986432523,13.19670427973324,-15.480056419619359,86.0302820980578,28.6767606993526
EXACT MATCH,2025-09-10 17:45:00+00:00,2025-09-10 17:45:00+00:00,LONG,LONG,113736.64062365583,113737.90722927637,-1.266605620548944,-35.20009156917513,101.80045784587855,33.933485948626185
EXACT MATCH,2025-09-13 11:45:00+00:00,2025-09-13 11:45:00+00:00,LONG,LONG,116099.73338719008,116093.65670411622,6.076683073857566,-7.555024610788678,40.89512305393873,13.631707684646244
EXNESS ONLY,2025-09-13 12:45:00+00:00,,LONG,,116160.09212441524,,,,,
EXACT MATCH,2025-09-14 08:45:00+00:00,2025-09-14 08:45:00+00:00,LONG,LONG,116054.52091177835,116040.92238223586,13.598529542490724,-18.882794313743943,97.443971568704,32.48132385623467
EXACT MATCH,2025-09-14 09:15:00+00:00,2025-09-14 09:15:00+00:00,LONG,LONG,116046.01422495175,116039.48103366255,6.533191289199749,-18.529786933780997,75.18893466894224,25.062978222980746
EXACT MATCH,2025-09-16 16:30:00+00:00,2025-09-16 16:30:00+00:00,LONG,LONG,115993.74351034053,115986.83548197265,6.908028367877705,-34.94704255180841,125.56521275905834,41.85507091968611
EXACT MATCH,2025-09-18 07:45:00+00:00,2025-09-18 07:45:00+00:00,LONG,LONG,117275.88570113022,117263.67127116003,12.214429970190395,-8.831644955294905,63.1382247764559,21.0460749254853
EXNESS ONLY,2025-09-18 08:15:00+00:00,,LONG,,117329.72430352555,,,,,
EXACT MATCH,2025-09-20 09:15:00+00:00,2025-09-20 09:15:00+00:00,LONG,LONG,115874.38364686382,115872.33112024413,2.0525266196927987,-18.743789929547347,62.38894964772044,20.796316549240146
EXACT MATCH,2025-09-20 12:00:00+00:00,2025-09-20 12:00:00+00:00,LONG,LONG,115988.48768296985,116000.52061182242,-12.032928852568148,-21.66060672115418,28.8830336057581,9.627677868586034
EXACT MATCH,2025-09-22 11:30:00+00:00,2025-09-22 11:30:00+00:00,SHORT,SHORT,112799.48807631341,112822.16690336868,-22.678827055264264,15.103240582917351,113.34620291454485,37.782067638181616
EXACT MATCH,2025-09-22 15:30:00+00:00,2025-09-22 15:30:00+00:00,SHORT,SHORT,112592.31050732537,112611.28208642652,-18.97157910115493,16.09236865171988,105.19184325862443,35.06394775287481
EXACT MATCH,2025-09-22 17:00:00+00:00,2025-09-22 17:00:00+00:00,SHORT,SHORT,112602.1620871534,112618.71701649376,-16.554929340360104,5.20739401053288,65.28697005267895,21.762323350892984
EXACT MATCH,2025-09-25 08:45:00+00:00,2025-09-25 08:45:00+00:00,SHORT,SHORT,111717.26201724082,111729.41890181514,-12.156884574316791,6.760326861476642,56.7516343073803,18.917211435793433
EXACT MATCH,2025-09-25 09:45:00+00:00,2025-09-25 09:45:00+00:00,SHORT,SHORT,111792.12316978382,111809.98491396142,-17.861744177600485,11.687616266397526,88.64808133199404,29.54936044399801
EXNESS ONLY,2025-09-26 10:45:00+00:00,,SHORT,,108765.05739380333,,,,,
EXNESS ONLY,2025-09-26 15:00:00+00:00,,SHORT,,108742.2420751449,,,,,
EXNESS ONLY,2025-09-27 08:45:00+00:00,,SHORT,,109328.0416047117,,,,,
EXNESS ONLY,2025-09-27 11:45:00+00:00,,SHORT,,109314.14569354824,,,,,
EXACT MATCH,2025-10-01 19:15:00+00:00,2025-10-01 19:15:00+00:00,LONG,LONG,117552.9376733203,117536.68235553385,16.25531778644654,-26.327976679676794,127.74988339837,42.583294466123334
EXACT MATCH,2025-10-02 08:30:00+00:00,2025-10-02 08:30:00+00:00,LONG,LONG,118760.36409214583,118753.65595537086,6.70813677496335,-20.817205162442406,82.57602581221727,27.525341937405756
EXNESS ONLY,2025-10-02 16:00:00+00:00,,LONG,,120088.99609219506,,,,,
EXNESS ONLY,2025-10-02 18:00:00+00:00,,LONG,,120119.36104258616,,,,,
EXNESS ONLY,2025-10-03 10:00:00+00:00,,LONG,,120482.2199647045,,,,,
EXACT MATCH,2025-10-03 18:30:00+00:00,2025-10-03 18:30:00+00:00,LONG,LONG,122823.45963610109,122818.85769998845,4.601936112638214,-23.94790416896285,85.64952084480319,28.549840281601064
EXACT MATCH,2025-10-06 12:15:00+00:00,2025-10-06 12:15:00+00:00,LONG,LONG,124643.80587319334,124567.21994195825,76.5859312350949,-27.14389685264905,311.18948426323186,103.72982808774395
EXACT MATCH,2025-10-08 13:15:00+00:00,2025-10-08 13:15:00+00:00,LONG,LONG,122884.06793875639,122867.68316627332,16.384772483070265,-29.60715872461151,137.97579362304532,45.99193120768177
EXACT MATCH,2025-10-08 16:45:00+00:00,2025-10-08 16:45:00+00:00,LONG,LONG,122863.0996487263,122848.12093477297,14.978713953329134,-22.1130709299905,111.2753546499589,37.09178488331963
EXNESS ONLY,2025-10-08 19:30:00+00:00,,LONG,,123777.26076811599,,,,,
EXACT MATCH,2025-10-11 07:15:00+00:00,2025-10-11 07:15:00+00:00,SHORT,SHORT,110921.54219516621,111029.16236855653,-107.62017339031445,5.745260085488553,340.096300427409,113.365433475803
EXNESS ONLY,2025-10-11 16:45:00+00:00,,SHORT,,111480.86997080434,,,,,
EXNESS ONLY,2025-10-11 19:45:00+00:00,,SHORT,,111081.00326768408,,,,,
EXACT MATCH,2025-10-13 13:00:00+00:00,2025-10-13 13:00:00+00:00,SHORT,SHORT,114330.14578622689,114356.10397211098,-25.958185884097475,45.83727882616222,215.38639413077908,71.7954647102597
EXACT MATCH,2025-10-13 15:00:00+00:00,2025-10-13 15:00:00+00:00,SHORT,SHORT,113764.18029133308,113842.64176625569,-78.46147492261662,-23.537787616078276,164.77106191961502,54.92368730653834
EXACT MATCH,2025-10-13 15:30:00+00:00,2025-10-13 15:30:00+00:00,SHORT,SHORT,114170.33503691475,114198.03295151639,-27.69791460163833,-1.9531280975643313,77.234359512222,25.744786504074
NEAR MATCH,2025-10-14 11:45:00+00:00,2025-10-14 12:00:00+00:00,SHORT,SHORT,111271.4802519662,111267.59635091879,3.883901047418476,123.98914842889644,360.3157421444339,120.10524738147797
EXACT MATCH,2025-10-14 15:15:00+00:00,2025-10-14 15:15:00+00:00,SHORT,SHORT,111082.0596279392,111115.73435098553,-33.67472304632247,6.397084569500294,120.21542284746829,40.07180761582276
EXACT MATCH,2025-10-15 14:45:00+00:00,2025-10-15 14:45:00+00:00,SHORT,SHORT,111174.24631719578,111229.13063541325,-54.884318217475084,-0.3735226737917401,163.53238663105003,54.510795543683344
EXACT MATCH,2025-10-26 10:45:00+00:00,2025-10-26 10:45:00+00:00,LONG,LONG,112503.78297396975,112480.43095917061,23.35201479913667,-27.40802219870966,152.28011099353898,50.76003699784633
EXACT MATCH,2025-10-26 16:45:00+00:00,2025-10-26 16:45:00+00:00,LONG,LONG,113695.92702943423,113686.57616968363,9.350859750600648,-14.486289625885547,71.51144812945859,23.837149376486195
EXACT MATCH,2025-10-27 16:30:00+00:00,2025-10-27 16:30:00+00:00,LONG,LONG,115471.11943764066,115440.8124528247,30.306984815964825,-18.485477223963244,146.3773861197842,48.79246203992807
EXACT MATCH,2025-10-28 11:00:00+00:00,2025-10-28 11:00:00+00:00,LONG,LONG,114648.65396791803,114641.38644391426,7.267524003764265,-20.946286005637376,84.64143002820492,28.21381000940164
EXACT MATCH,2025-10-28 13:15:00+00:00,2025-10-28 13:15:00+00:00,LONG,LONG,114902.44217589435,114879.14838951523,23.293786379115772,-18.090679568704218,124.15339784345997,41.38446594781999
EXACT MATCH,2025-10-28 15:15:00+00:00,2025-10-28 15:15:00+00:00,LONG,LONG,115480.8325376172,115455.93245373684,24.900083880362217,-11.735125820559915,109.9056291027664,36.63520970092213
EXACT MATCH,2025-10-28 16:30:00+00:00,2025-10-28 16:30:00+00:00,LONG,LONG,115229.54508857452,115222.10108501166,7.444003562864964,-31.286005344285513,116.19002672145143,38.73000890715048
EXACT MATCH,2025-10-29 13:30:00+00:00,2025-10-29 13:30:00+00:00,LONG,LONG,113718.51809348393,113697.22428664072,21.293806843212224,-19.59071026481979,122.65355132409604,40.884517108032014
EXACT MATCH,2025-11-02 16:00:00+00:00,2025-11-02 16:00:00+00:00,SHORT,SHORT,110010.95196932011,110050.12613079949,-39.17416147937183,13.121242219072883,156.88621109533415,52.295403698444716
EXACT MATCH,2025-11-03 09:30:00+00:00,2025-11-03 09:30:00+00:00,SHORT,SHORT,107193.28383611343,107218.29372149706,-25.00988538362435,59.43482807544933,253.33414037722105,84.44471345907368
NEAR MATCH,2025-11-04 13:00:00+00:00,2025-11-04 13:15:00+00:00,SHORT,SHORT,103776.19506940372,103622.52535226945,153.66971713426756,4.360424298603903,-447.92787850699096,-149.30929283566365
EXACT MATCH,2025-11-04 14:00:00+00:00,2025-11-04 14:00:00+00:00,SHORT,SHORT,103754.86313924509,103774.14781302332,-19.284673778223805,-2.6229893326672027,49.98505333666981,16.661684445556602
EXACT MATCH,2025-11-04 16:00:00+00:00,2025-11-04 16:00:00+00:00,SHORT,SHORT,103017.65232922655,103034.9838684885,-17.331539261955186,23.31230889292783,121.93154446464905,40.64384815488302
EXACT MATCH,2025-11-06 11:15:00+00:00,2025-11-06 11:15:00+00:00,SHORT,SHORT,102647.15622683051,102673.40739065586,-26.251163825349067,9.251745738016325,106.50872869009618,35.50290956336539
EXACT MATCH,2025-11-06 12:15:00+00:00,2025-11-06 12:15:00+00:00,SHORT,SHORT,102887.11524714979,102906.73851740218,-19.623270252384827,20.209905378578696,119.49952689289057,39.833175630963524
EXACT MATCH,2025-11-06 14:30:00+00:00,2025-11-06 14:30:00+00:00,SHORT,SHORT,102629.45516573897,102645.70362580137,-16.248460062401136,18.05269009360927,102.90345046803122,34.30115015601041
EXNESS ONLY,2025-11-06 18:15:00+00:00,,SHORT,,101109.275397339,,,,,
EXACT MATCH,2025-11-07 09:45:00+00:00,2025-11-07 09:45:00+00:00,SHORT,SHORT,100725.78099823146,100753.81118660055,-28.0301883690845,13.26528255364974,123.88641276820272,41.29547092273424
EXACT MATCH,2025-11-08 09:15:00+00:00,2025-11-08 09:15:00+00:00,SHORT,SHORT,102134.58857594893,102147.08017378976,-12.491597840824397,4.347396761237178,50.516983806184726,16.838994602061575
NEAR MATCH,2025-11-08 12:00:00+00:00,2025-11-08 11:45:00+00:00,SHORT,SHORT,101604.4454103221,101879.27397225634,-274.82856193423504,-412.66715709865093,-413.5157854932477,-137.8385951644159
EXNESS ONLY,2025-11-08 12:45:00+00:00,,SHORT,,101791.77613282713,,,,,
EXNESS ONLY,2025-11-08 14:00:00+00:00,,SHORT,,101680.13588554208,,,,,
EXNESS ONLY,2025-11-08 15:00:00+00:00,,SHORT,,101706.16070119137,,,,,
EXACT MATCH,2025-11-13 14:45:00+00:00,2025-11-13 14:45:00+00:00,SHORT,SHORT,101617.80950176714,101643.54120841171,-25.731706644568476,15.962559966850677,125.08279983425746,41.69426661141915
EXACT MATCH,2025-11-13 15:30:00+00:00,2025-11-13 15:30:00+00:00,SHORT,SHORT,101919.57955079534,101948.80854040837,-29.22898961302417,24.93848441951559,162.50242209761927,54.16747403253976
EXACT MATCH,2025-11-14 18:00:00+00:00,2025-11-14 18:00:00+00:00,SHORT,SHORT,95400.63366878856,95368.72711462188,31.90655416667869,7.465168749986333,-73.32415625007707,-24.441385416692356
EXACT MATCH,2025-11-14 18:45:00+00:00,2025-11-14 18:45:00+00:00,SHORT,SHORT,95061.15549866199,95074.26576925082,-13.110270588833373,9.290405883264611,67.20202941629395,22.400676472097985
EXACT MATCH,2025-11-16 18:45:00+00:00,2025-11-16 18:45:00+00:00,SHORT,SHORT,93987.63078814809,94003.65754023625,-16.02675208816072,14.080128132249229,90.32064066122985,30.10688022040995
EXACT MATCH,2025-11-17 15:15:00+00:00,2025-11-17 15:15:00+00:00,SHORT,SHORT,93972.93126531658,93960.1765351483,12.754730168278911,12.922904747581924,0.5045237379090395,0.16817457930301316
EXACT MATCH,2025-11-19 11:00:00+00:00,2025-11-19 11:00:00+00:00,SHORT,SHORT,91094.33811036087,91107.91157178106,-13.57346142019378,1.005192130280193,43.73596065142192,14.578653550473973
EXACT MATCH,2025-11-20 14:45:00+00:00,2025-11-20 14:45:00+00:00,SHORT,SHORT,90659.3944132306,90665.5156453741,-6.12123214348685,33.466848215219215,118.7642410761182,39.588080358706065
EXACT MATCH,2025-11-21 07:15:00+00:00,2025-11-21 07:15:00+00:00,SHORT,SHORT,85242.28928137031,85251.01541127397,-8.726129903661786,6.3941948555002455,45.36097427748609,15.120324759162031
EXACT MATCH,2025-11-21 16:00:00+00:00,2025-11-21 16:00:00+00:00,SHORT,SHORT,82481.7138914849,82510.4154058303,-28.701514345390024,22.517271518096095,153.65635759045836,51.21878586348612
EXACT MATCH,2025-11-24 12:15:00+00:00,2025-11-24 12:15:00+00:00,SHORT,SHORT,85833.37405856294,85840.727475609,-7.353417046062532,7.2001255691138795,43.660627845529234,14.553542615176411
EXACT MATCH,2025-11-25 14:15:00+00:00,2025-11-25 14:15:00+00:00,SHORT,SHORT,86729.04921047829,86754.81636900258,-25.767158524293336,15.780737786451937,124.64368893223582,41.54789631074527
EXACT MATCH,2025-11-25 19:15:00+00:00,2025-11-25 19:15:00+00:00,SHORT,SHORT,86637.38724229664,86623.22294152185,14.164300774791627,12.178548837808194,-5.957255810950301,-1.9857519369834336
EXACT MATCH,2025-11-26 13:15:00+00:00,2025-11-26 13:15:00+00:00,SHORT,SHORT,86485.26937628657,86507.3992539186,-22.12987763203273,5.22481644806976,82.06408224030747,27.35469408010249
EXACT MATCH,2025-11-27 11:00:00+00:00,2025-11-27 11:00:00+00:00,LONG,LONG,91715.57675765913,91714.71279690147,0.8639607576624257,-35.810941136514884,110.02470568253193,36.67490189417731
EXACT MATCH,2025-11-27 17:00:00+00:00,2025-11-27 17:00:00+00:00,LONG,LONG,91528.30562935398,91523.5588915308,4.74673782318132,-17.730106734772562,67.43053367386165,22.476844557953882
EXACT MATCH,2025-11-28 15:00:00+00:00,2025-11-28 15:00:00+00:00,LONG,LONG,92397.45804435885,92385.73238606362,11.725658295225003,-17.038487442812766,86.2924372141133,28.76414573803777
EXACT MATCH,2025-11-30 12:15:00+00:00,2025-11-30 12:15:00+00:00,LONG,LONG,91306.15815184393,91277.30351954034,28.85463230359892,-24.3219484553847,159.52974227695086,53.17658075898362
EXNESS ONLY,2025-12-01 08:15:00+00:00,,SHORT,,86316.64858203942,,,,,
EXACT MATCH,2025-12-01 11:15:00+00:00,2025-12-01 11:15:00+00:00,SHORT,SHORT,86414.3798130785,86432.74385747383,-18.36404439533362,5.036066593005671,70.20033296501788,23.400110988339293
NEAR MATCH,2025-12-01 14:45:00+00:00,2025-12-01 15:00:00+00:00,SHORT,SHORT,85811.9503003742,85797.59758881618,14.352711558021838,362.0509326629399,1043.0946633147541,347.69822110491805
EXACT MATCH,2025-12-03 07:45:00+00:00,2025-12-03 07:45:00+00:00,LONG,LONG,93212.61683740221,93203.13934145702,9.47749594518973,-16.061243917807587,76.61621958899195,25.538739862997318
EXNESS ONLY,2025-12-04 09:45:00+00:00,,LONG,,93578.20449162505,,,,,
EXACT MATCH,2025-12-07 08:15:00+00:00,2025-12-07 08:15:00+00:00,SHORT,SHORT,89165.36567300199,89194.41319868425,-29.047525682268315,12.59128852338472,124.9164426169591,41.638814205653034
EXNESS ONLY,2025-12-07 09:30:00+00:00,,SHORT,,89075.0509548587,,,,,
EXACT MATCH,2025-12-07 14:15:00+00:00,2025-12-07 14:15:00+00:00,SHORT,SHORT,88754.3367497442,88769.15912024434,-14.822370500143734,9.32855575022404,72.45277875110332,24.150926250367775
EXACT MATCH,2025-12-10 20:00:00+00:00,2025-12-10 20:00:00+00:00,LONG,LONG,93235.97319955194,93240.4313328822,-4.458133330263081,-21.792800004623132,52.00400002308015,17.33466667436005
NEAR MATCH,2025-12-13 11:45:00+00:00,2025-12-13 12:00:00+00:00,SHORT,SHORT,90334.98392180761,90301.42214721286,33.56177459475293,41.03733810788253,22.4266905393888,7.4755635131296
NEAR MATCH,2025-12-14 07:15:00+00:00,2025-12-14 07:30:00+00:00,SHORT,SHORT,90122.57970575837,90109.23328670704,13.346419051333214,18.640371423010947,15.881857115033199,5.293952371677733
NEAR MATCH,2025-12-14 09:15:00+00:00,2025-12-14 09:00:00+00:00,SHORT,SHORT,90062.7140114172,90120.75258626523,-58.03857484801847,-13.582137727964437,133.3693113601621,44.456437120054034
EXNESS ONLY,2025-12-14 14:30:00+00:00,,SHORT,,89159.21954102913,,,,,
EXACT MATCH,2025-12-16 07:45:00+00:00,2025-12-16 07:45:00+00:00,SHORT,SHORT,85813.10416616057,85831.52213424326,-18.417968082692823,16.90195212404069,105.95976062020054,35.319920206733514
EXACT MATCH,2025-12-18 18:30:00+00:00,2025-12-18 18:30:00+00:00,SHORT,SHORT,86091.54599874877,86115.5640950635,-24.01809631472861,13.35214447209728,112.11072236047767,37.37024078682589
EXACT MATCH,2025-12-21 16:15:00+00:00,2025-12-21 16:15:00+00:00,SHORT,SHORT,87911.69593244846,87924.74306657635,-13.047134127889876,4.245701191845001,51.87850595920463,17.292835319734877
EXACT MATCH,2025-12-22 14:00:00+00:00,2025-12-22 14:00:00+00:00,LONG,LONG,90005.43301348636,89976.71402124301,28.718992243346293,6.366511634987546,67.05744182507624,22.352480608358746
EXACT MATCH,2025-12-22 15:00:00+00:00,2025-12-22 15:00:00+00:00,LONG,LONG,90334.80102447375,90302.9974531633,31.803571310447296,-15.875356965654646,143.03678482830583,47.67892827610194
EXACT MATCH,2025-12-22 16:30:00+00:00,2025-12-22 16:30:00+00:00,LONG,LONG,90176.89193484899,90143.50296109956,33.3889737494319,-11.788460624156869,135.5323031207663,45.17743437358877
EXACT MATCH,2025-12-23 14:45:00+00:00,2025-12-23 14:45:00+00:00,SHORT,SHORT,87165.22037588297,87175.32615073933,-10.105774856361677,28.653662284559687,116.27831142276409,38.759437140921364
EXACT MATCH,2025-12-23 18:00:00+00:00,2025-12-23 18:00:00+00:00,SHORT,SHORT,87039.833483193,87057.90154299133,-18.06805979833007,22.627089697489282,122.08544848745805,40.69514949581935
EXACT MATCH,2025-12-24 08:00:00+00:00,2025-12-24 08:00:00+00:00,SHORT,SHORT,86793.7184368763,86812.88902674025,-19.170589863948408,25.620884795935126,134.3744239796506,44.791474659883534
EXACT MATCH,2025-12-24 15:15:00+00:00,2025-12-24 15:15:00+00:00,SHORT,SHORT,86761.8477085467,86773.51131824408,-11.663609697381617,21.025414546063985,98.0670727303368,32.6890242434456
EXACT MATCH,2025-12-25 12:15:00+00:00,2025-12-25 12:15:00+00:00,SHORT,SHORT,87389.40368325931,87406.19382175748,-16.790138498166925,12.99020774726523,89.34103873629647,29.780346245432156
EXACT MATCH,2025-12-27 12:00:00+00:00,2025-12-27 12:00:00+00:00,SHORT,SHORT,87371.82923439928,87375.45787680979,-3.628642410505563,11.01296361576533,43.92481807881268,14.641606026270892
EXACT MATCH,2025-12-28 19:00:00+00:00,2025-12-28 19:00:00+00:00,SHORT,SHORT,87436.6358442465,87463.33360907204,-26.697764825541526,14.756647238318692,124.36323619158065,41.45441206386022
NEAR MATCH,2025-12-29 08:00:00+00:00,2025-12-29 08:15:00+00:00,LONG,LONG,89602.91414848281,89580.12367262389,22.790475858928403,37.2342862115911,-43.331431057988084,-14.443810352662695
EXACT MATCH,2025-12-31 13:15:00+00:00,2025-12-31 13:15:00+00:00,LONG,LONG,88765.53547725262,88746.29704444285,19.23843280976871,-24.912649214660632,132.45324607328803,44.15108202442934
EXACT MATCH,2026-01-02 07:15:00+00:00,2026-01-02 07:15:00+00:00,LONG,LONG,89005.11859854354,88978.6964350875,26.422163456038106,3.4267548158968566,68.98622592042375,22.99540864014125
EXNESS ONLY,2026-01-02 09:00:00+00:00,,LONG,,89126.31554347672,,,,,
EXACT MATCH,2026-01-02 15:45:00+00:00,2026-01-02 15:45:00+00:00,LONG,LONG,89807.23290745588,89793.54838152695,13.684525928925723,-6.181788893372868,59.59894446689577,19.86631482229859
EXACT MATCH,2026-01-05 07:15:00+00:00,2026-01-05 07:15:00+00:00,LONG,LONG,92617.05667997368,92597.36748911344,19.68919086024107,-19.648786290345015,118.01393145175825,39.337977150586084
EXACT MATCH,2026-01-05 08:15:00+00:00,2026-01-05 08:15:00+00:00,LONG,LONG,92653.37818499396,92634.76656228054,18.61162271341891,-12.122434070144664,92.20217035069072,30.734056783563574
EXACT MATCH,2026-01-05 09:30:00+00:00,2026-01-05 09:30:00+00:00,LONG,LONG,92653.36963856386,92637.73917045136,15.630468112503877,-22.105702168759308,113.20851084378955,37.736170281263185
EXNESS ONLY,2026-01-05 17:45:00+00:00,,LONG,,93932.62828396761,,,,,
EXNESS ONLY,2026-01-06 15:30:00+00:00,,LONG,,94338.9581089004,,,,,
NEAR MATCH,2026-01-12 18:15:00+00:00,2026-01-12 18:00:00+00:00,LONG,LONG,91828.42273165131,91525.20658872277,303.2161429285479,79.11578560718044,672.3010719641024,224.10035732136748
EXACT MATCH,2026-01-13 10:00:00+00:00,2026-01-13 10:00:00+00:00,LONG,LONG,92296.14420000794,92281.13589898194,15.008301025998662,-16.147451538970927,93.46725769490877,31.15575256496959
EXACT MATCH,2026-01-13 10:30:00+00:00,2026-01-13 10:30:00+00:00,LONG,LONG,92219.16827449662,92206.40595371403,12.762320782596362,-19.803481173919863,97.69740586954867,32.565801956516225
EXACT MATCH,2026-01-13 11:00:00+00:00,2026-01-13 11:00:00+00:00,LONG,LONG,92092.60231831597,92084.60207233505,8.000245980918407,-19.030368971376447,81.09184485688456,27.030614952294854
EXNESS ONLY,2026-01-13 12:45:00+00:00,,LONG,,92102.95092783794,,,,,
EXACT MATCH,2026-01-13 14:30:00+00:00,2026-01-13 14:30:00+00:00,LONG,LONG,92390.72351440536,92370.03099754573,20.69251685962081,-9.848775289414334,91.62387644710543,30.541292149035144
EXACT MATCH,2026-01-14 13:30:00+00:00,2026-01-14 13:30:00+00:00,LONG,LONG,95237.0755162686,95220.75012647986,16.325389788733446,-4.278084683101042,61.810423415503465,20.603474471834488
EXACT MATCH,2026-01-14 19:00:00+00:00,2026-01-14 19:00:00+00:00,LONG,LONG,97006.98010466587,97005.40835255315,1.5717521127226064,-55.02762816908944,169.79814084543614,56.599380281812046
EXACT MATCH,2026-01-15 13:00:00+00:00,2026-01-15 13:00:00+00:00,LONG,LONG,97034.79191358644,97004.34663268807,30.445280898362398,-29.272921347539523,179.15460673770576,59.71820224590192
EXNESS ONLY,2026-01-17 13:45:00+00:00,,LONG,,95418.08655204489,,,,,
EXNESS ONLY,2026-01-17 14:30:00+00:00,,LONG,,95457.07898135664,,,,,
EXACT MATCH,2026-01-18 19:30:00+00:00,2026-01-18 19:30:00+00:00,LONG,LONG,95483.05618649945,95471.2860212928,11.770165206646197,-26.565247809980065,115.00623904987879,38.33541301662626
EXACT MATCH,2026-01-20 12:00:00+00:00,2026-01-20 12:00:00+00:00,SHORT,SHORT,91075.13543251224,91090.41285858669,-15.277426074448158,15.0311391116702,90.92569555835507,30.308565186118358
EXACT MATCH,2026-01-20 15:45:00+00:00,2026-01-20 15:45:00+00:00,SHORT,SHORT,90358.46379945932,90372.29218584739,-13.828386388064246,22.517579582083272,109.03789791044255,36.34596597014752
EXACT MATCH,2026-01-20 16:45:00+00:00,2026-01-20 16:45:00+00:00,SHORT,SHORT,89920.34054535501,89917.4877582254,2.8527871296100784,16.905819305597106,42.15909652796108,14.053032175987028
EXACT MATCH,2026-01-21 19:15:00+00:00,2026-01-21 19:15:00+00:00,SHORT,SHORT,88083.84007308539,88100.616273081,-16.776199995612842,22.959299993424793,119.2064999671129,39.735499989037635
EXACT MATCH,2026-01-22 17:30:00+00:00,2026-01-22 17:30:00+00:00,SHORT,SHORT,88883.11364141163,88899.38645034248,-16.27280893085117,9.34421339626715,76.85106698135496,25.61702232711832
EXNESS ONLY,2026-01-23 08:30:00+00:00,,SHORT,,89163.21114261124,,,,,
EXACT MATCH,2026-01-23 15:15:00+00:00,2026-01-23 15:15:00+00:00,SHORT,SHORT,88583.45176825725,88606.15845597765,-22.70668772040517,39.41003158062813,186.3501579030999,62.1167193010333
EXNESS ONLY,2026-01-24 17:45:00+00:00,,SHORT,,89156.70691973474,,,,,
EXACT MATCH,2026-01-24 19:15:00+00:00,2026-01-24 19:15:00+00:00,SHORT,SHORT,89149.65549766652,89158.85446934536,-9.198971678837552,10.22845751827117,58.28228759132617,19.427429197108722
EXNESS ONLY,2026-01-25 11:15:00+00:00,,SHORT,,88398.78389971674,,,,,
EXACT MATCH,2026-01-25 11:45:00+00:00,2026-01-25 11:45:00+00:00,SHORT,SHORT,88417.76850536802,88426.71238318301,-8.943877814992447,28.900816722467425,113.53408361237962,37.84469453745987
EXACT MATCH,2026-01-25 16:00:00+00:00,2026-01-25 16:00:00+00:00,SHORT,SHORT,88201.98653097799,88246.19413221009,-44.207601232104935,5.091401848141686,147.89700924073986,49.29900308024662
EXACT MATCH,2026-01-27 12:30:00+00:00,2026-01-27 12:30:00+00:00,SHORT,SHORT,87875.01937630073,87891.98830622992,-16.96892992919311,32.66839489378617,148.91197446893784,49.63732482297928
EXACT MATCH,2026-01-27 15:30:00+00:00,2026-01-27 15:30:00+00:00,SHORT,SHORT,87441.49636111302,87467.45384060936,-25.957479496340966,19.87121924449457,137.4860962225066,45.828698740835534
EXACT MATCH,2026-01-27 17:45:00+00:00,2026-01-27 17:45:00+00:00,SHORT,SHORT,87129.29154488245,87150.81003557926,-21.51849069680611,18.412736045211204,119.79368022605195,39.931226742017316
EXACT MATCH,2026-01-29 07:30:00+00:00,2026-01-29 07:30:00+00:00,SHORT,SHORT,88075.16551688351,88088.86516787898,-13.699650995462434,11.969476493191905,77.00738246596302,25.66912748865434
EXACT MATCH,2026-01-29 08:15:00+00:00,2026-01-29 08:15:00+00:00,SHORT,SHORT,87771.03934642606,87803.27571932584,-32.236372899787966,10.219559349687188,127.36779674842546,42.455932249475154
EXACT MATCH,2026-01-29 08:45:00+00:00,2026-01-29 08:45:00+00:00,SHORT,SHORT,87903.92456911226,87933.16018656157,-29.23561744930339,32.80842617395683,186.13213086978067,62.04404362326022
EXACT MATCH,2026-01-30 07:30:00+00:00,2026-01-30 07:30:00+00:00,SHORT,SHORT,82435.56633079372,82456.7733339859,-21.207003192175762,20.330504788289545,124.61252394139592,41.53750798046531
EXACT MATCH,2026-02-01 15:15:00+00:00,2026-02-01 15:15:00+00:00,SHORT,SHORT,77369.4755241385,77391.23797865966,-21.76245452115836,19.44368178177683,123.61840890880558,41.20613630293519
EXACT MATCH,2026-02-03 11:30:00+00:00,2026-02-03 11:30:00+00:00,SHORT,SHORT,77870.58991983416,77894.28266050035,-23.692740666185273,19.70411099928606,130.190554996414,43.39685166547133
EXNESS ONLY,2026-02-03 14:45:00+00:00,,SHORT,,77521.89227372571,,,,,
EXACT MATCH,2026-02-04 12:00:00+00:00,2026-02-04 12:00:00+00:00,SHORT,SHORT,75796.91037039566,75816.86141472649,-19.951044330824516,-3.318433503736742,49.89783248126332,16.632610827087774
EXACT MATCH,2026-02-04 13:30:00+00:00,2026-02-04 13:30:00+00:00,SHORT,SHORT,75588.37455640415,75595.45806497964,-7.083508575495216,13.365262863240787,61.34631431620801,20.448771438736003
EXACT MATCH,2026-02-04 19:00:00+00:00,2026-02-04 19:00:00+00:00,SHORT,SHORT,73068.58419892254,73084.65240038479,-16.06820146224345,19.82230219335179,107.67151096678572,35.89050365559524
EXNESS ONLY,2026-02-05 11:30:00+00:00,,SHORT,,69718.6252024753,,,,,
EXNESS ONLY,2026-02-05 12:00:00+00:00,,SHORT,,69957.35666948125,,,,,
EXNESS ONLY,2026-02-05 15:00:00+00:00,,SHORT,,69027.29207492864,,,,,
EXACT MATCH,2026-02-07 17:15:00+00:00,2026-02-07 17:15:00+00:00,SHORT,SHORT,68469.95496684084,68530.20433667496,-60.24936983411317,7.09905475116102,202.04527375582256,67.34842458527419
EXACT MATCH,2026-02-09 15:30:00+00:00,2026-02-09 15:30:00+00:00,SHORT,SHORT,68666.6651354291,68689.03503920448,-22.369903775383136,22.799855663077324,135.50927831538138,45.16975943846046
EXNESS ONLY,2026-02-10 10:45:00+00:00,,SHORT,,68828.944985343,,,,,
EXACT MATCH,2026-02-11 11:45:00+00:00,2026-02-11 11:45:00+00:00,SHORT,SHORT,66792.21371858094,66795.45747732071,-3.243758739772602,19.345638109662104,67.76819054830412,22.589396849434706
EXACT MATCH,2026-02-11 13:15:00+00:00,2026-02-11 13:15:00+00:00,SHORT,SHORT,66737.58267644406,66769.29682135113,-31.714144907076843,0.8562173606042052,97.71108680304314,32.57036226768105
EXACT MATCH,2026-02-11 15:00:00+00:00,2026-02-11 15:00:00+00:00,SHORT,SHORT,66280.42897795943,66313.81245459782,-33.38347663839522,51.10021495759429,253.45107478796854,84.48369159598951
EXACT MATCH,2026-02-16 18:45:00+00:00,2026-02-16 18:45:00+00:00,SHORT,SHORT,67854.28629264102,67878.19962821521,-23.913335574194207,3.315003361305571,81.68501680649933,27.228338935499778
EXACT MATCH,2026-02-17 07:15:00+00:00,2026-02-17 07:15:00+00:00,SHORT,SHORT,68181.79824529182,68207.90338794465,-26.105142652828363,7.877713979236432,101.94856989619439,33.982856632064795
EXACT MATCH,2026-02-17 08:30:00+00:00,2026-02-17 08:30:00+00:00,SHORT,SHORT,68183.13177307657,68210.9146598518,-27.78288677522505,4.819330162819824,97.80665081413463,32.602216938044876
EXACT MATCH,2026-02-17 17:15:00+00:00,2026-02-17 17:15:00+00:00,SHORT,SHORT,66943.10865051324,66972.63333630063,-29.52468578738626,9.22702868108172,116.25514340540394,38.75171446846798
EXACT MATCH,2026-02-18 15:30:00+00:00,2026-02-18 15:30:00+00:00,SHORT,SHORT,67223.73169599847,67241.3678334643,-17.63613746582996,0.2042061987303896,53.52103099368105,17.84034366456035
EXACT MATCH,2026-02-18 16:15:00+00:00,2026-02-18 16:15:00+00:00,SHORT,SHORT,66866.83583823201,66906.81090747852,-39.975069246502244,12.557603869761806,157.59801934879215,52.53267311626405
EXACT MATCH,2026-02-18 17:15:00+00:00,2026-02-18 17:15:00+00:00,SHORT,SHORT,66937.60680241942,66967.69658289499,-30.08978047556593,10.084670713360538,120.5233535667794,40.17445118892647
EXACT MATCH,2026-02-18 17:45:00+00:00,2026-02-18 17:45:00+00:00,SHORT,SHORT,66979.67708984124,66995.24144137374,-15.564351532506407,15.391527298750589,92.86763649377099,30.955878831256996
EXACT MATCH,2026-02-18 18:15:00+00:00,2026-02-18 18:15:00+00:00,SHORT,SHORT,66987.7719703223,66996.90001832736,-9.128048005062738,1.9270720076019643,33.165360037994105,11.055120012664702
EXACT MATCH,2026-02-19 12:00:00+00:00,2026-02-19 12:00:00+00:00,SHORT,SHORT,66396.37914548063,66427.85750800963,-31.47836252900015,7.032543793480727,115.53271896744263,38.51090632248088
EXACT MATCH,2026-02-20 17:30:00+00:00,2026-02-20 17:30:00+00:00,SHORT,SHORT,66895.80587771442,66916.07940918898,-20.27353147456597,23.955297211839934,132.6864860592177,44.228828686405905
EXACT MATCH,2026-02-22 13:30:00+00:00,2026-02-22 13:30:00+00:00,SHORT,SHORT,67868.41178532616,67892.33372174259,-23.92193641643098,6.092904624645598,90.04452312322974,30.01484104107658
EXACT MATCH,2026-02-22 16:00:00+00:00,2026-02-22 16:00:00+00:00,SHORT,SHORT,67614.11615312548,67629.6694628096,-15.553309684124542,22.54496452618332,114.29482263092359,38.09827421030786
EXACT MATCH,2026-02-23 15:45:00+00:00,2026-02-23 15:45:00+00:00,SHORT,SHORT,65620.05068197896,65645.59340813145,-25.542726152489195,8.96408922871342,103.52044614360784,34.506815381202614
EXACT MATCH,2026-02-24 09:15:00+00:00,2026-02-24 09:15:00+00:00,SHORT,SHORT,63117.44353581449,63140.13774705179,-22.694211237299896,11.326316855942423,102.06158427972696,34.02052809324232
EXACT MATCH,2026-02-28 11:45:00+00:00,2026-02-28 11:45:00+00:00,SHORT,SHORT,63906.925908733494,63935.198161924556,-28.27225319106219,11.713379786582664,119.95689893293456,39.985632977644855
NEAR MATCH,2026-03-01 19:15:00+00:00,2026-03-01 19:00:00+00:00,SHORT,SHORT,65959.85951252772,66181.19580876322,-221.33629623550223,-79.98055564677634,424.0672217661777,141.3557405887259
EXNESS ONLY,2026-03-02 20:00:00+00:00,,LONG,,69110.43598203092,,,,,
EXACT MATCH,2026-03-03 17:30:00+00:00,2026-03-03 17:30:00+00:00,LONG,LONG,68395.38035252935,68397.2480736147,-1.8677210853493307,-29.38841837196378,82.56209185984335,27.52069728661445
EXACT MATCH,2026-03-04 07:45:00+00:00,2026-03-04 07:45:00+00:00,LONG,LONG,69072.00607766797,69025.91209047347,46.093987194501096,-30.37598079176678,229.40990395880362,76.46996798626787
NEAR MATCH,2026-03-04 12:45:00+00:00,2026-03-04 13:00:00+00:00,LONG,LONG,71128.80531939652,71423.99570226944,-295.1903828729264,-324.67942569061415,88.4671284530632,29.489042817687732
EXACT MATCH,2026-03-05 10:30:00+00:00,2026-03-05 10:30:00+00:00,LONG,LONG,73540.4505297772,73477.14730127134,63.30322850585799,-26.629842758804443,269.7992137939873,89.93307126466243
EXACT MATCH,2026-03-08 14:45:00+00:00,2026-03-08 14:45:00+00:00,SHORT,SHORT,66980.01592207984,67011.83985931177,-31.823937231936725,14.180905847912072,138.0145292395464,46.0048430798488
EXACT MATCH,2026-03-08 15:30:00+00:00,2026-03-08 15:30:00+00:00,SHORT,SHORT,67064.63401341448,67096.21208852332,-31.5780751088314,-5.412887336788117,78.49556331612985,26.165187772043282
EXACT MATCH,2026-03-10 07:15:00+00:00,2026-03-10 07:15:00+00:00,LONG,LONG,70494.23820740203,70488.366141844,5.872065558025497,-23.748098337033298,88.86049168517638,29.620163895058795
EXNESS ONLY,2026-03-10 15:00:00+00:00,,LONG,,71623.32071826878,,,,,
EXACT MATCH,2026-03-11 16:00:00+00:00,2026-03-11 16:00:00+00:00,LONG,LONG,70439.54186861149,70439.49451649991,0.0473521115782205,-13.521028167349868,40.70514083678427,13.568380278928089
EXACT MATCH,2026-03-12 10:45:00+00:00,2026-03-12 10:45:00+00:00,LONG,LONG,70506.36033181551,70499.36710616948,6.9932256460306235,-18.914838469048846,77.72419234523841,25.90806411507947
EXACT MATCH,2026-03-12 14:15:00+00:00,2026-03-12 14:15:00+00:00,LONG,LONG,70489.67390711098,70485.93366822632,3.740238884653081,-32.60535832698224,109.03679163490597,36.34559721163532
EXACT MATCH,2026-03-13 09:30:00+00:00,2026-03-13 09:30:00+00:00,LONG,LONG,71890.87448526865,71884.62915637002,6.245328898628941,-24.15799334795156,91.2099667397415,30.4033222465805
EXACT MATCH,2026-03-15 07:15:00+00:00,2026-03-15 07:15:00+00:00,LONG,LONG,71646.21901271856,71699.50409421191,-53.285081493348116,-7.112377759985975,-138.51811120008642,-46.17270373336214
EXACT MATCH,2026-03-16 11:00:00+00:00,2026-03-16 11:00:00+00:00,LONG,LONG,73855.19955262417,73842.20225956487,12.997293059292133,-23.7259395889414,110.1696979447006,36.723232648233534
EXACT MATCH,2026-03-16 11:45:00+00:00,2026-03-16 11:45:00+00:00,LONG,LONG,73719.656210319,73712.6828586968,6.9733516221895115,-48.67502743328805,166.9451371664327,55.64837905547756
EXACT MATCH,2026-03-16 17:45:00+00:00,2026-03-16 17:45:00+00:00,LONG,LONG,74044.46429603756,74033.5157175643,10.948578473267844,-24.837867709895363,107.35933854948962,35.78644618316321
EXACT MATCH,2026-03-17 18:00:00+00:00,2026-03-17 18:00:00+00:00,LONG,LONG,74673.84980541088,74664.75220136563,9.0976040452515,-24.44140606788278,100.61703033940285,33.53901011313428
EXACT MATCH,2026-03-19 17:15:00+00:00,2026-03-19 17:15:00+00:00,SHORT,SHORT,69017.78234332122,69028.49575857853,-10.71341525731259,10.335122885968303,63.14561442984268,21.048538143280894
EXACT MATCH,2026-03-20 15:00:00+00:00,2026-03-20 15:00:00+00:00,SHORT,SHORT,69560.66122889896,69585.73382631381,-25.07259741485177,18.513896122269216,130.75948061136296,43.58649353712099
EXACT MATCH,2026-03-21 19:00:00+00:00,2026-03-21 19:00:00+00:00,SHORT,SHORT,70330.60584423636,70355.2742094844,-24.66836524804239,2.1525478720868705,80.46273936038779,26.820913120129262
NEAR MATCH,2026-03-21 19:30:00+00:00,2026-03-21 19:45:00+00:00,SHORT,SHORT,70347.89144732623,70286.23922676283,61.65222056339553,23.05166915488371,-115.80165422553546,-38.60055140851182
EXNESS ONLY,2026-03-22 12:45:00+00:00,,SHORT,,68528.42836760166,,,,,
EXACT MATCH,2026-03-22 13:45:00+00:00,2026-03-22 13:45:00+00:00,SHORT,SHORT,68482.80925289127,68515.34286788841,-32.53361499714083,10.300422495711246,128.50211247855623,42.834037492852076
EXNESS ONLY,2026-03-22 19:15:00+00:00,,SHORT,,68235.89908414315,,,,,
EXACT MATCH,2026-03-24 19:00:00+00:00,2026-03-24 19:00:00+00:00,SHORT,SHORT,69315.76548078512,69340.73183244401,-24.966351658891654,12.804527488333406,113.31263744167518,37.77087914722506
EXACT MATCH,2026-03-24 19:30:00+00:00,2026-03-24 19:30:00+00:00,SHORT,SHORT,69425.33422577902,69445.46265144408,-20.128425665054237,2.9126384975970723,69.12319248795393,23.04106416265131
EXACT MATCH,2026-03-26 14:45:00+00:00,2026-03-26 14:45:00+00:00,SHORT,SHORT,69398.45198840837,69422.17466414181,-23.722675733442884,15.119013600167818,116.5250680008321,38.8416893336107
EXACT MATCH,2026-03-27 16:00:00+00:00,2026-03-27 16:00:00+00:00,SHORT,SHORT,65976.36592448027,65977.86996312787,-1.5040386476030108,15.516057971384726,51.06028985696321,17.020096618987736
EXACT MATCH,2026-03-30 18:00:00+00:00,2026-03-30 18:00:00+00:00,SHORT,SHORT,66661.97673983444,66651.01549681136,10.961243023077259,14.453135465373634,10.475677326889127,3.4918924422963755
EXACT MATCH,2026-03-31 12:15:00+00:00,2026-03-31 12:15:00+00:00,SHORT,SHORT,66448.3554686195,66465.54563412508,-17.190165505584446,9.895248258384527,81.25624129190692,27.085413763968972
EXACT MATCH,2026-03-31 13:00:00+00:00,2026-03-31 13:00:00+00:00,SHORT,SHORT,66525.2507618648,66540.80727338658,-15.556511521790526,1.5247672826808412,51.2438364134141,17.081278804471367
EXACT MATCH,2026-04-02 07:15:00+00:00,2026-04-02 07:15:00+00:00,SHORT,SHORT,66487.70713078442,66512.19059291406,-24.483462129646796,9.03519319446059,100.55596597232216,33.518655324107385
EXNESS ONLY,2026-04-02 08:45:00+00:00,,SHORT,,66430.86361434255,,,,,
EXACT MATCH,2026-04-05 12:15:00+00:00,2026-04-05 12:15:00+00:00,SHORT,SHORT,66862.19367961463,66868.80142429765,-6.60774468301679,-10.683382975475979,-12.226914877377567,-4.075638292459189
EXACT MATCH,2026-04-06 07:30:00+00:00,2026-04-06 07:30:00+00:00,LONG,LONG,69126.65939747788,69140.47039725092,-13.810999773035292,-26.523500340466853,38.137501702294685,12.712500567431562
EXACT MATCH,2026-04-06 14:30:00+00:00,2026-04-06 14:30:00+00:00,LONG,LONG,69687.81617449128,69684.49449090974,3.321683581540128,-13.10752537229564,49.287626861507306,16.42920895383577
EXNESS ONLY,2026-04-08 08:00:00+00:00,,LONG,,71685.73608712925,,,,,
EXACT MATCH,2026-04-08 12:15:00+00:00,2026-04-08 12:15:00+00:00,LONG,LONG,71901.39226029096,71889.71744287724,11.674817413717392,-20.17722612057696,95.55613060288306,31.852043534294353
EXACT MATCH,2026-04-08 17:15:00+00:00,2026-04-08 17:15:00+00:00,LONG,LONG,71862.62658796828,71861.83874632503,0.7878416432504309,-22.126762464875355,68.74381232437736,22.914604108125786
NEAR MATCH,2026-04-09 19:15:00+00:00,2026-04-09 19:00:00+00:00,LONG,LONG,72198.05628593374,71979.76824054318,218.28804539055272,72.19793191418285,438.27034042910964,146.09011347636988
EXNESS ONLY,2026-04-09 19:45:00+00:00,,LONG,,72224.38834858571,,,,,
EXACT MATCH,2026-04-10 14:00:00+00:00,2026-04-10 14:00:00+00:00,LONG,LONG,72434.05246601083,72428.65892499578,5.393541015058872,-24.8153115225723,90.62655761289352,30.208852537631174
EXACT MATCH,2026-04-14 13:15:00+00:00,2026-04-14 13:15:00+00:00,LONG,LONG,74675.42275713324,74663.71785406824,11.704903065008693,-9.902354597550584,64.82177298767783,21.607257662559277
EXACT MATCH,2026-04-14 15:45:00+00:00,2026-04-14 15:45:00+00:00,LONG,LONG,75430.74637613891,75421.26549528427,9.48088085463678,-21.40132128194091,92.64660640973307,30.88220213657769
NEAR MATCH,2026-04-16 20:00:00+00:00,2026-04-16 19:45:00+00:00,LONG,LONG,75496.64695199365,75389.80645490691,106.84049708674138,216.61425436988065,-329.3212718494178,-109.77375728313928
EXACT MATCH,2026-04-17 11:30:00+00:00,2026-04-17 11:30:00+00:00,LONG,LONG,75560.27858132905,75548.75114717476,11.527434154297225,-21.921151231450494,100.34575615724316,33.44858538574772
EXACT MATCH,2026-04-17 17:45:00+00:00,2026-04-17 17:45:00+00:00,LONG,LONG,77659.16066847801,77654.23922420523,4.921444272782537,-25.477166409153142,91.19583204580704,30.39861068193568
EXACT MATCH,2026-04-17 18:45:00+00:00,2026-04-17 18:45:00+00:00,LONG,LONG,77500.37301307789,77491.02176391415,9.35124916373752,-26.351873745617922,107.10936872806633,35.70312290935544
EXACT MATCH,2026-04-17 20:00:00+00:00,2026-04-17 20:00:00+00:00,LONG,LONG,77593.57199832794,77589.15001039182,4.421987936118967,-24.837981904187473,87.77990952091932,29.25996984030644
EXACT MATCH,2026-04-19 16:00:00+00:00,2026-04-19 16:00:00+00:00,LONG,LONG,75961.79535159735,75954.52358836967,7.271763227676274,-23.462644841507426,92.2032242075511,30.7344080691837
EXACT MATCH,2026-04-20 09:15:00+00:00,2026-04-20 09:15:00+00:00,LONG,LONG,75165.04487125594,75154.26364550569,10.781225750251906,-23.92183862539241,104.10919312693295,34.70306437564432
EXACT MATCH,2026-04-21 14:45:00+00:00,2026-04-21 14:45:00+00:00,LONG,LONG,76686.15657090292,76689.36986614218,-3.213295239256695,-24.86505714111263,64.9552857055678,21.651761901855934
EXACT MATCH,2026-04-22 17:15:00+00:00,2026-04-22 17:15:00+00:00,LONG,LONG,79118.11960826494,79109.32279550494,8.796812760003377,-11.21521914000914,60.03609570003755,20.012031900012516
EXACT MATCH,2026-04-22 18:00:00+00:00,2026-04-22 18:00:00+00:00,LONG,LONG,79077.76248227335,79067.96894377709,9.793538496262045,-19.485307744398597,87.83653872198192,29.27884624066064
EXACT MATCH,2026-04-22 18:45:00+00:00,2026-04-22 18:45:00+00:00,LONG,LONG,79091.66684969189,79083.2336623463,8.433187345581246,-20.81478101837274,87.74390509186196,29.247968363953987
EXACT MATCH,2026-04-22 19:30:00+00:00,2026-04-22 19:30:00+00:00,LONG,LONG,79147.50891354705,79141.32731639025,6.181597156799398,-20.45739573519677,79.9169786759885,26.638992891996168
EXACT MATCH,2026-04-24 12:15:00+00:00,2026-04-24 12:15:00+00:00,LONG,LONG,78380.50171716436,78377.49490088284,3.006816281515057,-16.600224422261817,58.821122111330624,19.607040703776875
EXACT MATCH,2026-04-26 10:00:00+00:00,2026-04-26 10:00:00+00:00,LONG,LONG,78043.11258007618,78038.19869182467,4.913888251510798,-12.170832377276383,51.254161886361544,17.08472062878718
EXACT MATCH,2026-04-26 15:30:00+00:00,2026-04-26 15:30:00+00:00,LONG,LONG,78161.45171084614,78157.971706194,3.4800046521413606,-68.03500697821437,214.5450348910672,71.51501163035573
EXNESS ONLY,2026-04-26 16:00:00+00:00,,LONG,,78091.94973027041,,,,,
EXACT MATCH,2026-05-01 17:15:00+00:00,2026-05-01 17:15:00+00:00,LONG,LONG,78381.69480127159,78374.84313039221,6.851670879375888,-27.167506319092354,102.05753159540473,34.01917719846824
EXNESS ONLY,2026-05-02 14:00:00+00:00,,LONG,,78415.75908389555,,,,,
EXNESS ONLY,2026-05-03 09:30:00+00:00,,LONG,,78544.599232345,,,,,
EXACT MATCH,2026-05-04 15:45:00+00:00,2026-05-04 15:45:00+00:00,LONG,LONG,80007.30144318209,80007.62656238604,-0.3251192039460875,-13.49732119408145,39.51660597040609,13.172201990135363
EXACT MATCH,2026-05-08 16:00:00+00:00,2026-05-08 16:00:00+00:00,LONG,LONG,80225.77369523811,80209.97154741712,15.802147820984828,-18.028221731481608,101.49110865739931,33.830369552466436
EXACT MATCH,2026-05-10 19:15:00+00:00,2026-05-10 19:15:00+00:00,LONG,LONG,81404.27494481269,81400.99233367795,3.282611134738545,-6.453916702113929,29.209583510557422,9.736527836852474
EXACT MATCH,2026-05-11 13:15:00+00:00,2026-05-11 13:15:00+00:00,LONG,LONG,81307.42860090114,81307.27845090357,0.150149997571134,-11.410224996361649,34.68112498179835,11.560374993932783
NEAR MATCH,2026-05-11 16:00:00+00:00,2026-05-11 16:15:00+00:00,LONG,LONG,81494.93559548492,81815.2470760596,-320.3114805746882,-168.90277913796308,-454.2261043101753,-151.4087014367251
NEAR MATCH,2026-05-14 11:45:00+00:00,2026-05-14 11:30:00+00:00,SHORT,SHORT,79194.53528892541,79194.64289702254,-0.10760809712519404,-145.00358785429853,-434.68793927152,-144.89597975717334
EXACT MATCH,2026-05-15 18:30:00+00:00,2026-05-15 18:30:00+00:00,SHORT,SHORT,79108.93540641601,79135.65844282981,-26.723036413794034,11.724554620726849,115.34277310356265,38.44759103452088
EXNESS ONLY,2026-05-15 19:15:00+00:00,,SHORT,,78947.31682430611,,,,,
EXNESS ONLY,2026-05-15 19:45:00+00:00,,SHORT,,78996.04922095781,,,,,
EXACT MATCH,2026-05-17 17:00:00+00:00,2026-05-17 17:00:00+00:00,SHORT,SHORT,77953.7467207883,77984.53114497986,-30.784424191559083,10.171636287341244,122.86818143670098,40.956060478900326
EXACT MATCH,2026-05-18 07:45:00+00:00,2026-05-18 07:45:00+00:00,SHORT,SHORT,76836.69687074608,76846.36444809724,-9.667577351166983,16.75136602675775,79.2568301337742,26.418943377924734
EXACT MATCH,2026-05-18 09:15:00+00:00,2026-05-18 09:15:00+00:00,SHORT,SHORT,76772.74414051024,76804.19897398137,-31.45483347112895,18.707250206673052,150.486251033406,50.162083677802
EXACT MATCH,2026-05-18 10:00:00+00:00,2026-05-18 10:00:00+00:00,SHORT,SHORT,76825.97844340416,76844.67170037795,-18.69325697378372,15.104885460692458,101.39442730342853,33.798142434476176
EXACT MATCH,2026-05-18 14:15:00+00:00,2026-05-18 14:15:00+00:00,SHORT,SHORT,76574.39718701609,76582.93459087252,-8.53740385643323,29.001105784642277,112.61552892322652,37.53850964107551
EXACT MATCH,2026-05-21 16:45:00+00:00,2026-05-21 16:45:00+00:00,SHORT,SHORT,76894.69603103201,76910.61665222842,-15.920621196404682,8.240931794600328,72.48465897301503,24.16155299100501
EXACT MATCH,2026-05-22 09:00:00+00:00,2026-05-22 09:00:00+00:00,SHORT,SHORT,77133.0931614295,77134.04745828694,-0.9542968574387487,18.47144528615172,58.27722643077141,19.42574214359047
EXACT MATCH,2026-05-22 13:45:00+00:00,2026-05-22 13:45:00+00:00,SHORT,SHORT,76991.80586404918,77009.97904203187,-18.17317798269505,5.709766974061495,71.64883487026964,23.882944956756546
EXACT MATCH,2026-05-26 07:15:00+00:00,2026-05-26 07:15:00+00:00,SHORT,SHORT,76545.35112127928,76564.44558538006,-19.094464100780897,11.281696151156211,91.12848075581132,30.376160251937108
EXNESS ONLY,2026-05-27 15:45:00+00:00,,SHORT,,74968.97257186998,,,,,
NEAR MATCH,2026-05-27 16:15:00+00:00,2026-05-27 16:30:00+00:00,SHORT,SHORT,75008.09021758176,74865.08906205888,143.0011555228848,114.69826671565534,-84.9086664216884,-28.302888807229465
EXACT MATCH,2026-05-28 08:30:00+00:00,2026-05-28 08:30:00+00:00,SHORT,SHORT,73042.85648939031,73070.03353761659,-27.17704822628002,4.990572339418577,96.5028616970958,32.1676205656986
EXACT MATCH,2026-05-28 09:15:00+00:00,2026-05-28 09:15:00+00:00,SHORT,SHORT,73086.47955947176,73101.7048375159,-15.225278044148581,14.712917066237424,89.81458533115801,29.938195110386005
EXACT MATCH,2026-05-28 11:30:00+00:00,2026-05-28 11:30:00+00:00,SHORT,SHORT,73167.41543060211,73182.41456990075,-14.99913929864124,17.02870894796797,96.08354473982763,32.02784824660921
EXNESS ONLY,2026-05-28 13:15:00+00:00,,SHORT,,73162.58319952943,,,,,
EXNESS ONLY,2026-05-31 10:00:00+00:00,,SHORT,,73670.62012744449,,,,,
EXACT MATCH,2026-06-01 09:45:00+00:00,2026-06-01 09:45:00+00:00,SHORT,SHORT,72775.13088571216,72787.84068855422,-12.709802842058707,14.6797042630933,82.16852131545602,27.389507105152006
EXACT MATCH,2026-06-01 18:15:00+00:00,2026-06-01 18:15:00+00:00,SHORT,SHORT,71293.95901970674,71302.31286389151,-8.353844184763147,15.640766277123475,71.98383138565987,23.994610461886623
EXACT MATCH,2026-06-03 15:45:00+00:00,2026-06-03 15:45:00+00:00,SHORT,SHORT,66047.16260885028,66074.25434055382,-27.091731703534606,8.18259755532199,105.82298777656979,35.274329258856596
EXACT MATCH,2026-06-04 07:15:00+00:00,2026-06-04 07:15:00+00:00,SHORT,SHORT,63546.25389442553,63575.4108996775,-29.157005251974624,12.480507877968193,124.91253938982845,41.63751312994282
EXACT MATCH,2026-06-04 17:30:00+00:00,2026-06-04 17:30:00+00:00,SHORT,SHORT,62940.34068647312,62958.29988552855,-17.959199055425415,6.298798583135067,72.77399291568145,24.257997638560482
EXACT MATCH,2026-06-05 11:15:00+00:00,2026-06-05 11:15:00+00:00,SHORT,SHORT,62108.78932863481,62124.145540246755,-15.356211611942854,8.084317417917191,70.32158708958013,23.440529029860045
EXACT MATCH,2026-06-05 16:45:00+00:00,2026-06-05 16:45:00+00:00,SHORT,SHORT,60533.923353697006,60529.93282466046,3.9905290365495603,2.3042064451801707,-5.058967774108169,-1.6863225913693896
EXACT MATCH,2026-06-05 17:15:00+00:00,2026-06-05 17:15:00+00:00,SHORT,SHORT,60764.630136606094,60771.884588610286,-7.2544520041919895,8.021678006298316,45.82839003147092,15.276130010490306
EXACT MATCH,2026-06-09 08:15:00+00:00,2026-06-09 08:15:00+00:00,SHORT,SHORT,62666.94610728086,62688.12708713039,-21.18097984953056,1.811469774285797,68.97734887144907,22.992449623816356
EXACT MATCH,2026-06-09 09:00:00+00:00,2026-06-09 09:00:00+00:00,SHORT,SHORT,62753.573125253664,62762.22743309966,-8.65430784599448,2.2814617689946317,32.80730884496734,10.935769614989113
EXACT MATCH,2026-06-09 17:45:00+00:00,2026-06-09 17:45:00+00:00,SHORT,SHORT,61572.165566378484,61585.180852176185,-13.015285797700926,4.307928696536692,51.969643482712854,17.323214494237618
EXACT MATCH,2026-06-09 18:45:00+00:00,2026-06-09 18:45:00+00:00,SHORT,SHORT,61481.053440215954,61497.23523284579,-16.181792629839038,7.41268894476525,70.78344472381286,23.594481574604288
EXACT MATCH,2026-06-10 08:45:00+00:00,2026-06-10 08:45:00+00:00,SHORT,SHORT,61145.40886138744,61153.67169075122,-8.262829363775381,11.999244045677187,60.786220228357706,20.26207340945257
EXACT MATCH,2026-06-14 10:00:00+00:00,2026-06-14 10:00:00+00:00,LONG,LONG,64610.19784124199,64600.24370218219,9.9541390598024,-23.381208589715243,100.00604294855293,33.335347649517644
EXACT MATCH,2026-06-15 07:30:00+00:00,2026-06-15 07:30:00+00:00,LONG,LONG,66008.57272015975,66020.78242107265,-12.209700912906555,-7.970448630643659,-12.717756846788689,-4.239252282262896
EXACT MATCH,2026-06-15 11:00:00+00:00,2026-06-15 11:00:00+00:00,LONG,LONG,65967.60460503028,65958.55799146986,9.046613560421974,-10.304920340626268,58.054601703144726,19.351533901048242
EXACT MATCH,2026-06-15 19:15:00+00:00,2026-06-15 19:15:00+00:00,LONG,LONG,66901.42586241211,66897.78130583897,3.644556573141017,-9.696834859729279,40.02417429861089,13.341391432870296
EXACT MATCH,2026-06-19 07:45:00+00:00,2026-06-19 07:45:00+00:00,SHORT,SHORT,62396.95467804915,62408.99069069661,-12.036012647462485,4.439018971192127,49.425094855963835,16.47503161865461
EXACT MATCH,2026-06-19 08:45:00+00:00,2026-06-19 08:45:00+00:00,SHORT,SHORT,62478.322893840115,62484.11963309522,-5.796739255107241,16.800108882656787,67.79054441329208,22.596848137764027
EXACT MATCH,2026-06-23 12:15:00+00:00,2026-06-23 12:15:00+00:00,SHORT,SHORT,62270.48886649161,62281.05287181843,-10.564005326821643,8.751007990227663,57.94503995114792,19.315013317049306
EXACT MATCH,2026-06-23 15:15:00+00:00,2026-06-23 15:15:00+00:00,SHORT,SHORT,62185.634415300745,62191.878346236845,-6.243930936099787,2.480896404151281,26.174482020753203,8.724827340251068
EXACT MATCH,2026-06-23 18:00:00+00:00,2026-06-23 18:00:00+00:00,SHORT,SHORT,62201.253868021115,62209.34789541581,-8.09402739469806,13.296041092049563,64.17020546024287,21.390068486747623
EXACT MATCH,2026-06-25 15:00:00+00:00,2026-06-25 15:00:00+00:00,SHORT,SHORT,59143.27009656806,59147.63312177251,-4.363025204445876,17.314537806661974,65.03268903332355,21.67756301110785
EXACT MATCH,2026-06-25 16:45:00+00:00,2026-06-25 16:45:00+00:00,SHORT,SHORT,59037.36210974496,59038.30796019688,-0.9458504519207054,2.658775677882659,10.813878389410092,3.604626129803364
EXACT MATCH,2026-06-25 18:45:00+00:00,2026-06-25 18:45:00+00:00,SHORT,SHORT,59209.39395100469,59224.46493845118,-15.070987446488289,-2.753518830271787,36.952405848649505,12.317468616216502
NEAR MATCH,2026-06-28 16:15:00+00:00,2026-06-28 16:00:00+00:00,SHORT,SHORT,59691.61231429186,59706.10684681397,-14.494532522112422,-51.52320121682715,-111.08600608414417,-37.028668694714725
EXACT MATCH,2026-06-30 07:15:00+00:00,2026-06-30 07:15:00+00:00,SHORT,SHORT,59315.40750308138,59321.0612195231,-5.6537164417241,15.640574662582367,63.8828733129194,21.294291104306467
EXACT MATCH,2026-06-30 15:00:00+00:00,2026-06-30 15:00:00+00:00,SHORT,SHORT,58257.86019930745,58265.61768626367,-7.757486956223147,9.58623043433181,52.03115217166487,17.343717390554957
EXACT MATCH,2026-07-03 10:30:00+00:00,2026-07-03 10:30:00+00:00,LONG,LONG,61730.21299920477,61727.51882804941,2.694171155359072,-1.6062567330445745,12.90128366521094,4.300427888403647
EXNESS ONLY,2026-07-03 16:30:00+00:00,,LONG,,62100.18823499987,,,,,
EXNESS ONLY,2026-07-03 17:00:00+00:00,,LONG,,62108.97889650499,,,,,
EXACT MATCH,2026-07-04 14:15:00+00:00,2026-07-04 14:15:00+00:00,LONG,LONG,62656.98337159681,62663.36659089773,-6.383219300914789,-4.805171048625198,-4.734144756868773,-1.578048252289591
EXACT MATCH,2026-07-09 13:15:00+00:00,2026-07-09 13:15:00+00:00,LONG,LONG,62909.03622092349,62899.69706243768,9.339158485810913,0.0062622712648590095,27.99868864363816,9.332896214546054
EXACT MATCH,2026-07-09 14:45:00+00:00,2026-07-09 14:45:00+00:00,LONG,LONG,62997.8147518614,62986.75381334437,11.0609385170319,-12.911407775551197,71.91703887774929,23.972346292583097
EXACT MATCH,2026-07-10 07:15:00+00:00,2026-07-10 07:15:00+00:00,LONG,LONG,63905.394811792416,63903.56108189394,1.8337298984770314,-23.595594847713073,76.28797423857031,25.429324746190105
EXACT MATCH,2026-07-10 13:45:00+00:00,2026-07-10 13:45:00+00:00,LONG,LONG,64437.35639134352,64421.22943191614,16.126959427383554,-8.00043914107664,72.38219570538058,24.127398568460194
EXACT MATCH,2026-07-11 17:30:00+00:00,2026-07-11 17:30:00+00:00,LONG,LONG,64283.828839898015,64276.84078128433,6.9880586136860074,-11.492087920523772,55.44043960262934,18.48014653420978
EXACT MATCH,2026-07-12 15:30:00+00:00,2026-07-12 15:30:00+00:00,LONG,LONG,64224.33326441645,64219.31157641183,5.021688004620955,-10.977532006945694,47.99766003469995,15.99922001156665
EXACT MATCH,2026-07-12 16:30:00+00:00,2026-07-12 16:30:00+00:00,LONG,LONG,64164.4629280768,64164.94613067207,-0.4832025952709955,2.9348038928947062,-10.254019464497105,-3.4180064881657017
EXACT MATCH,2026-07-12 17:00:00+00:00,2026-07-12 17:00:00+00:00,LONG,LONG,64159.95046349479,64149.410806548876,10.539656945911702,-10.894485418873955,64.30242709435697,21.434142364785657
EXACT MATCH,2026-07-15 14:15:00+00:00,2026-07-15 14:15:00+00:00,LONG,LONG,65395.29633898951,65382.923610413425,12.372728576083318,-10.264092864119448,67.9104643206083,22.636821440202766
EXACT MATCH,2026-07-18 14:00:00+00:00,2026-07-18 14:00:00+00:00,LONG,LONG,64082.77969357514,64072.382949830186,10.39674374495371,-15.865115617431002,78.78557808715414,26.261859362384712
EXACT MATCH,2026-07-19 07:45:00+00:00,2026-07-19 07:45:00+00:00,LONG,LONG,64748.360343670174,64747.32841792161,1.0319257485607523,-14.052888622856699,45.254443114252354,15.084814371417451
EXACT MATCH,2026-07-20 15:15:00+00:00,2026-07-20 15:15:00+00:00,LONG,LONG,64987.19310804582,64972.765063932646,14.428044113177748,-12.79706616976182,81.6753308488187,27.225110282939568
EXACT MATCH,2026-07-27 10:30:00+00:00,2026-07-27 10:30:00+00:00,LONG,LONG,65362.94748473808,65353.83681357398,9.110671164096857,-12.836006746139901,65.84003373071027,21.946677910236758
EXACT MATCH,2026-07-28 07:45:00+00:00,2026-07-28 07:45:00+00:00,SHORT,SHORT,63386.38715220889,63392.28252148692,-5.895369278034195,9.903053917048965,47.39526958524948,15.79842319508316
NEAR MATCH,2026-07-31 11:15:00+00:00,2026-07-31 11:30:00+00:00,SHORT,SHORT,63802.35021507883,63768.746951508874,33.60326356995938,42.6851046450538,27.24552322528325,9.081841075094417
EXACT MATCH,2026-07-31 19:30:00+00:00,2026-07-31 19:30:00+00:00,SHORT,SHORT,62904.358425569306,62920.10062389368,-15.742198324376659,10.53329748656688,78.82648743283062,26.27549581094354
EXACT MATCH,2026-08-02 12:45:00+00:00,2026-08-02 12:45:00+00:00,SHORT,SHORT,63018.07697564816,63031.20121836636,-13.124242718200549,4.756364077293256,53.64182038648141,17.880606795493804
EXNESS ONLY,2026-08-03 11:15:00+00:00,,SHORT,,62470.50243488561,,,,,
EXACT MATCH,2026-08-03 12:00:00+00:00,2026-08-03 12:00:00+00:00,SHORT,SHORT,62421.04964848531,62431.21168248718,-10.16203400187078,12.068051002795983,66.69025501400029,22.230085004666762
NEAR MATCH,2026-08-14 12:45:00+00:00,2026-08-14 13:00:00+00:00,SHORT,SHORT,62663.19893583507,62641.03272243424,22.166213400829292,111.55567989875999,268.1683994937921,89.3894664979307
EXACT MATCH,2026-08-14 19:15:00+00:00,2026-08-14 19:15:00+00:00,SHORT,SHORT,62743.821043876436,62759.541310877365,-15.720267000928288,1.460400501411641,51.54200250701979,17.18066750233993
EXNESS ONLY,2026-08-16 12:30:00+00:00,,SHORT,,62930.09191565213,,,,,
EXACT MATCH,2026-08-18 07:15:00+00:00,2026-08-18 07:15:00+00:00,LONG,LONG,64307.686295068874,64306.410790450595,1.2755046182792285,-18.96325692741084,60.7162846370702,20.238761545690068
EXNESS ONLY,2026-08-18 11:15:00+00:00,,LONG,,64279.97002976493,,,,,
EXACT MATCH,2026-08-18 15:30:00+00:00,2026-08-18 15:30:00+00:00,LONG,LONG,64820.54366025349,64813.402058893946,7.141601359544438,-10.082402039312,51.67201019656932,17.22400339885644
EXNESS ONLY,2026-08-18 18:30:00+00:00,,LONG,,64795.980065026626,,,,,
EXNESS ONLY,2026-08-18 19:30:00+00:00,,LONG,,64788.1415832264,,,,,
EXACT MATCH,2026-08-20 08:00:00+00:00,2026-08-20 08:00:00+00:00,LONG,LONG,69827.01941555801,69814.00720958934,13.01220596866915,-18.26330895301362,93.82654476504831,31.27551492168277
EXACT MATCH,2026-08-20 13:15:00+00:00,2026-08-20 13:15:00+00:00,LONG,LONG,72118.1271520794,72090.34644688532,27.78070519407629,-20.671057791128987,145.35528895561583,48.45176298520528
EXACT MATCH,2026-08-20 14:00:00+00:00,2026-08-20 14:00:00+00:00,LONG,LONG,71883.04235171956,71858.93104949237,24.1113022271893,-19.56195334075892,131.01976670384465,43.67325556794822
EXACT MATCH,2026-08-21 12:45:00+00:00,2026-08-21 12:45:00+00:00,LONG,LONG,77545.07801549682,77532.43860407537,12.63941142144904,-24.04411713218724,110.05058566090884,36.68352855363628
EXACT MATCH,2026-08-21 13:45:00+00:00,2026-08-21 13:45:00+00:00,LONG,LONG,77427.76923892662,77410.06908827044,17.700150656179176,-10.190225984275457,83.6711299213639,27.890376640454633
EXACT MATCH,2026-08-23 15:45:00+00:00,2026-08-23 15:45:00+00:00,LONG,LONG,77363.01858273163,77344.18704302162,18.831539710008656,-19.577309564992902,115.22654782500467,38.40884927500156
EXACT MATCH,2026-08-23 16:15:00+00:00,2026-08-23 16:15:00+00:00,LONG,LONG,77337.05662490636,77318.72630750334,18.330317403015215,-15.120476104522822,100.35238052261411,33.45079350753804
EXACT MATCH,2026-08-24 07:15:00+00:00,2026-08-24 07:15:00+00:00,LONG,LONG,77845.84756385781,77828.40271378157,17.444850076237344,-19.737275114355725,111.54637557177921,37.18212519059307
EXACT MATCH,2026-08-24 12:30:00+00:00,2026-08-24 12:30:00+00:00,LONG,LONG,78558.65903533968,78550.65118120407,8.007854135605157,-37.9617812034121,137.90890601705178,45.96963533901726
EXACT MATCH,2026-08-24 14:00:00+00:00,2026-08-24 14:00:00+00:00,LONG,LONG,78675.96426530465,78675.11063956324,0.853625741408905,-49.99043861210521,152.53219306054234,50.84406435351411
EXACT MATCH,2026-08-27 11:00:00+00:00,2026-08-27 11:00:00+00:00,LONG,LONG,79695.93382143583,79688.02352024172,7.91030119410425,-20.690451791146188,85.80225895575131,28.600752985250438
EXACT MATCH,2026-08-30 17:45:00+00:00,2026-08-30 17:45:00+00:00,LONG,LONG,79101.67085087023,79097.26901574526,4.401835124968784,-24.602752687453176,87.01376343726588,29.00458781242196
EXACT MATCH,2026-08-30 18:30:00+00:00,2026-08-30 18:30:00+00:00,LONG,LONG,79036.66332046717,79034.82001661528,1.843303851885139,-7.749955777821015,28.77977888911846,9.593259629706154
EXACT MATCH,2026-08-31 16:45:00+00:00,2026-08-31 16:45:00+00:00,LONG,LONG,78805.42061426025,78772.2483093863,33.17230487395136,-10.553457310903468,131.1772865545645,43.72576218485483
EXACT MATCH,2026-09-03 07:15:00+00:00,2026-09-03 07:15:00+00:00,LONG,LONG,78191.75979882396,78171.61323240059,20.146566423369222,-15.394849635078572,106.62424817534338,35.541416058447794
EXACT MATCH,2026-09-03 08:15:00+00:00,2026-09-03 08:15:00+00:00,LONG,LONG,78080.52814041574,78063.22921315579,17.298927259951597,-4.66839088992856,65.90195444964047,21.967318149880157
NEAR MATCH,2026-09-09 12:15:00+00:00,2026-09-09 12:30:00+00:00,LONG,LONG,79462.36470848133,79453.32422807971,9.040480401614332,-58.40072060241073,202.32360301207518,67.44120100402506
EXACT MATCH,2026-09-10 18:15:00+00:00,2026-09-10 18:15:00+00:00,SHORT,SHORT,76889.32590742972,76908.6175462937,-19.291638863971457,12.347458295931574,94.91729147970909,31.63909715990303
EXNESS ONLY,2026-09-11 11:00:00+00:00,,SHORT,,76929.40071316529,,,,,
EXNESS ONLY,2026-09-13 08:00:00+00:00,,SHORT,,77054.80460931346,,,,,
EXACT MATCH,2026-09-13 12:45:00+00:00,2026-09-13 12:45:00+00:00,SHORT,SHORT,76647.52059683623,76670.96963152994,-23.44903469370911,8.863552040536888,96.93776020273799,32.312586734246
EXACT MATCH,2026-09-15 11:15:00+00:00,2026-09-15 11:15:00+00:00,SHORT,SHORT,76927.90340002983,76949.47313474321,-21.569734713382786,10.814602070080582,97.1530103503901,32.38433678346337
EXACT MATCH,2026-09-15 16:15:00+00:00,2026-09-15 16:15:00+00:00,SHORT,SHORT,76141.72193887421,76154.32869042236,-12.606751548155444,19.120127322225017,95.18063661114138,31.72687887038046
EXNESS ONLY,2026-09-15 17:15:00+00:00,,SHORT,,76073.69665665833,,,,,
EXACT MATCH,2026-09-15 19:15:00+00:00,2026-09-15 19:15:00+00:00,SHORT,SHORT,75658.8360656928,75670.32280592763,-11.486740234831814,20.30511035224481,95.37555176122987,31.791850587076624
EXNESS ONLY,2026-09-15 19:45:00+00:00,,SHORT,,75724.95752603104,,,,,
BITSTAMP ONLY,,2023-11-24 14:00:00+00:00,,LONG,,37859.21233129787,,,,
BITSTAMP ONLY,,2023-12-01 17:30:00+00:00,,LONG,,38856.669098451675,,,,
BITSTAMP ONLY,,2023-12-01 19:45:00+00:00,,LONG,,38802.27156377653,,,,
BITSTAMP ONLY,,2023-12-03 16:30:00+00:00,,LONG,,39798.39269685815,,,,
BITSTAMP ONLY,,2023-12-04 17:30:00+00:00,,LONG,,41742.73871917359,,,,
BITSTAMP ONLY,,2023-12-04 18:45:00+00:00,,LONG,,41770.237346154354,,,,
BITSTAMP ONLY,,2023-12-10 15:45:00+00:00,,LONG,,43972.2245721914,,,,
BITSTAMP ONLY,,2023-12-17 07:30:00+00:00,,SHORT,,41883.015251840625,,,,
BITSTAMP ONLY,,2023-12-20 10:15:00+00:00,,LONG,,42873.22829829303,,,,
BITSTAMP ONLY,,2023-12-30 08:30:00+00:00,,SHORT,,41822.15179106167,,,,
BITSTAMP ONLY,,2024-01-08 16:30:00+00:00,,LONG,,45126.11342327069,,,,
BITSTAMP ONLY,,2024-01-08 17:00:00+00:00,,LONG,,45034.61820679973,,,,
BITSTAMP ONLY,,2024-01-13 18:45:00+00:00,,SHORT,,42760.34463360027,,,,
BITSTAMP ONLY,,2024-01-17 09:30:00+00:00,,SHORT,,42727.90690967976,,,,
BITSTAMP ONLY,,2024-01-17 13:15:00+00:00,,SHORT,,42608.7951196651,,,,
BITSTAMP ONLY,,2024-01-21 17:00:00+00:00,,SHORT,,41553.203939180334,,,,
BITSTAMP ONLY,,2024-01-23 08:15:00+00:00,,SHORT,,39543.36953204625,,,,
BITSTAMP ONLY,,2024-01-30 20:00:00+00:00,,LONG,,43602.873113836875,,,,
BITSTAMP ONLY,,2024-02-29 10:00:00+00:00,,LONG,,62857.941476142994,,,,
BITSTAMP ONLY,,2024-03-01 12:15:00+00:00,,LONG,,62172.9371997785,,,,
BITSTAMP ONLY,,2024-03-04 18:45:00+00:00,,LONG,,66690.6704743061,,,,
BITSTAMP ONLY,,2024-03-28 12:45:00+00:00,,LONG,,70636.82999455438,,,,
BITSTAMP ONLY,,2024-04-16 15:15:00+00:00,,SHORT,,61833.19889579806,,,,
BITSTAMP ONLY,,2024-04-16 15:45:00+00:00,,SHORT,,61807.61333362179,,,,
BITSTAMP ONLY,,2024-04-20 12:30:00+00:00,,SHORT,,63562.43828052201,,,,
BITSTAMP ONLY,,2024-04-28 15:15:00+00:00,,SHORT,,63487.37409522065,,,,
BITSTAMP ONLY,,2024-05-07 07:30:00+00:00,,LONG,,63936.39781530313,,,,
BITSTAMP ONLY,,2024-05-21 13:00:00+00:00,,LONG,,71411.78578227258,,,,
BITSTAMP ONLY,,2024-05-23 11:15:00+00:00,,LONG,,69743.12005939701,,,,
BITSTAMP ONLY,,2024-05-25 08:15:00+00:00,,LONG,,68809.03080760328,,,,
BITSTAMP ONLY,,2024-05-29 19:45:00+00:00,,SHORT,,67254.17010962973,,,,
BITSTAMP ONLY,,2024-06-02 10:15:00+00:00,,SHORT,,67429.71272669807,,,,
BITSTAMP ONLY,,2024-06-03 12:15:00+00:00,,LONG,,69263.80452623346,,,,
BITSTAMP ONLY,,2024-06-07 09:30:00+00:00,,LONG,,71190.92901569372,,,,
BITSTAMP ONLY,,2024-06-13 09:15:00+00:00,,SHORT,,67449.36525927903,,,,
BITSTAMP ONLY,,2024-06-23 11:30:00+00:00,,SHORT,,64228.77243046824,,,,
BITSTAMP ONLY,,2024-06-23 18:30:00+00:00,,SHORT,,64017.009943348596,,,,
BITSTAMP ONLY,,2024-07-03 19:00:00+00:00,,SHORT,,60131.60767261804,,,,
BITSTAMP ONLY,,2024-07-14 11:45:00+00:00,,LONG,,60162.94252866006,,,,
BITSTAMP ONLY,,2024-07-15 10:30:00+00:00,,LONG,,62873.505247927664,,,,
BITSTAMP ONLY,,2024-07-15 18:15:00+00:00,,LONG,,63460.37272675092,,,,
BITSTAMP ONLY,,2024-07-19 13:00:00+00:00,,LONG,,64471.068502486516,,,,
BITSTAMP ONLY,,2024-07-21 15:30:00+00:00,,LONG,,67288.54134117586,,,,
BITSTAMP ONLY,,2024-07-21 16:15:00+00:00,,LONG,,67307.75594991376,,,,
BITSTAMP ONLY,,2024-08-01 15:00:00+00:00,,SHORT,,63860.49779400239,,,,
BITSTAMP ONLY,,2024-08-02 16:00:00+00:00,,SHORT,,63141.77350419833,,,,
BITSTAMP ONLY,,2024-08-03 15:45:00+00:00,,SHORT,,61217.92376397383,,,,
BITSTAMP ONLY,,2024-08-05 09:45:00+00:00,,SHORT,,52215.55968013927,,,,
BITSTAMP ONLY,,2024-08-10 18:00:00+00:00,,LONG,,60876.14924368807,,,,
BITSTAMP ONLY,,2024-08-19 14:30:00+00:00,,SHORT,,58120.61663502048,,,,
BITSTAMP ONLY,,2024-08-21 08:45:00+00:00,,LONG,,59632.73593149413,,,,
BITSTAMP ONLY,,2024-08-22 08:30:00+00:00,,LONG,,61125.99364568968,,,,
BITSTAMP ONLY,,2024-08-22 10:15:00+00:00,,LONG,,60982.14010428162,,,,
BITSTAMP ONLY,,2024-08-28 20:00:00+00:00,,SHORT,,58758.919032017795,,,,
BITSTAMP ONLY,,2024-09-03 10:00:00+00:00,,SHORT,,58841.80634644096,,,,
BITSTAMP ONLY,,2024-09-12 07:30:00+00:00,,LONG,,58102.91598889832,,,,
BITSTAMP ONLY,,2024-09-19 10:15:00+00:00,,LONG,,62576.384096548674,,,,
BITSTAMP ONLY,,2024-09-19 17:00:00+00:00,,LONG,,63753.115857739125,,,,
BITSTAMP ONLY,,2024-09-21 15:30:00+00:00,,LONG,,63220.30201842961,,,,
BITSTAMP ONLY,,2024-09-26 14:00:00+00:00,,LONG,,64454.367187914366,,,,
BITSTAMP ONLY,,2024-09-26 19:00:00+00:00,,LONG,,65357.54796510093,,,,
BITSTAMP ONLY,,2024-09-27 07:15:00+00:00,,LONG,,65449.837437745155,,,,
BITSTAMP ONLY,,2024-09-29 20:00:00+00:00,,LONG,,65982.64106485719,,,,
BITSTAMP ONLY,,2024-10-02 09:30:00+00:00,,SHORT,,61450.84683778885,,,,
BITSTAMP ONLY,,2024-10-10 08:15:00+00:00,,SHORT,,60776.48190499763,,,,
BITSTAMP ONLY,,2024-10-10 09:00:00+00:00,,SHORT,,60725.93562145765,,,,
BITSTAMP ONLY,,2024-10-10 14:30:00+00:00,,SHORT,,60564.32452370475,,,,
BITSTAMP ONLY,,2024-10-28 17:15:00+00:00,,LONG,,68915.74079146632,,,,
BITSTAMP ONLY,,2024-11-03 18:45:00+00:00,,SHORT,,67848.09628270738,,,,
BITSTAMP ONLY,,2024-11-10 15:15:00+00:00,,LONG,,79805.39340598504,,,,
BITSTAMP ONLY,,2024-11-19 13:00:00+00:00,,LONG,,92589.28751975267,,,,
BITSTAMP ONLY,,2024-11-20 08:30:00+00:00,,LONG,,93215.70214343353,,,,
BITSTAMP ONLY,,2024-11-20 17:45:00+00:00,,LONG,,94430.01284179467,,,,
BITSTAMP ONLY,,2024-11-20 18:15:00+00:00,,LONG,,94507.54678705765,,,,
BITSTAMP ONLY,,2024-11-29 09:45:00+00:00,,LONG,,96510.7456019464,,,,
BITSTAMP ONLY,,2025-01-01 09:15:00+00:00,,SHORT,,93025.60287415246,,,,
BITSTAMP ONLY,,2025-01-06 11:30:00+00:00,,LONG,,99311.58338540907,,,,
BITSTAMP ONLY,,2025-01-08 18:45:00+00:00,,SHORT,,94198.36238738122,,,,
BITSTAMP ONLY,,2025-01-31 17:00:00+00:00,,LONG,,105174.10278914215,,,,
BITSTAMP ONLY,,2025-02-12 16:15:00+00:00,,SHORT,,95149.17908500056,,,,
BITSTAMP ONLY,,2025-02-13 14:15:00+00:00,,SHORT,,95734.74093639787,,,,
BITSTAMP ONLY,,2025-02-17 10:45:00+00:00,,SHORT,,96043.67514849581,,,,
BITSTAMP ONLY,,2025-02-17 11:45:00+00:00,,SHORT,,95945.69149615236,,,,
BITSTAMP ONLY,,2025-02-23 08:30:00+00:00,,SHORT,,96337.70151565014,,,,
BITSTAMP ONLY,,2025-03-04 15:15:00+00:00,,SHORT,,82328.20399893039,,,,
BITSTAMP ONLY,,2025-03-06 10:30:00+00:00,,LONG,,91719.17976689659,,,,
BITSTAMP ONLY,,2025-03-09 08:15:00+00:00,,SHORT,,85861.10316654987,,,,
BITSTAMP ONLY,,2025-04-05 20:00:00+00:00,,SHORT,,82724.00678175628,,,,
BITSTAMP ONLY,,2025-04-12 11:30:00+00:00,,LONG,,83646.49505815099,,,,
BITSTAMP ONLY,,2025-04-25 18:45:00+00:00,,LONG,,95341.75521400227,,,,
BITSTAMP ONLY,,2025-05-07 14:30:00+00:00,,LONG,,97497.25754313309,,,,
BITSTAMP ONLY,,2025-05-11 09:15:00+00:00,,LONG,,104318.85265684799,,,,
BITSTAMP ONLY,,2025-05-18 12:30:00+00:00,,LONG,,103921.70091362923,,,,
BITSTAMP ONLY,,2025-05-24 12:45:00+00:00,,LONG,,108993.28444687198,,,,
BITSTAMP ONLY,,2025-05-24 15:00:00+00:00,,LONG,,109101.15679119078,,,,
BITSTAMP ONLY,,2025-05-24 17:15:00+00:00,,LONG,,109261.32263558755,,,,
BITSTAMP ONLY,,2025-06-05 10:45:00+00:00,,SHORT,,104559.30290261109,,,,
BITSTAMP ONLY,,2025-06-08 14:45:00+00:00,,LONG,,105854.43967052657,,,,
BITSTAMP ONLY,,2025-06-14 13:30:00+00:00,,SHORT,,104921.0053562014,,,,
BITSTAMP ONLY,,2025-06-14 14:45:00+00:00,,SHORT,,104899.54211400029,,,,
BITSTAMP ONLY,,2025-06-14 15:15:00+00:00,,SHORT,,104952.88478196964,,,,
BITSTAMP ONLY,,2025-06-18 16:30:00+00:00,,SHORT,,104325.62318413724,,,,
BITSTAMP ONLY,,2025-06-18 17:00:00+00:00,,SHORT,,104330.57917407752,,,,
BITSTAMP ONLY,,2025-06-25 17:15:00+00:00,,LONG,,107562.02003513787,,,,
BITSTAMP ONLY,,2025-06-27 17:00:00+00:00,,LONG,,107648.34203867514,,,,
BITSTAMP ONLY,,2025-06-28 17:45:00+00:00,,LONG,,107472.51952128895,,,,
BITSTAMP ONLY,,2025-07-11 14:45:00+00:00,,LONG,,118248.33668447031,,,,
BITSTAMP ONLY,,2025-07-11 19:15:00+00:00,,LONG,,117855.03384517712,,,,
BITSTAMP ONLY,,2025-07-22 17:45:00+00:00,,LONG,,119346.16199134818,,,,
BITSTAMP ONLY,,2025-07-24 11:15:00+00:00,,LONG,,118794.7291596306,,,,
BITSTAMP ONLY,,2025-07-24 11:45:00+00:00,,LONG,,118769.70932641618,,,,
BITSTAMP ONLY,,2025-07-27 10:45:00+00:00,,LONG,,118303.34797581873,,,,
BITSTAMP ONLY,,2025-07-29 09:45:00+00:00,,LONG,,118953.28401329793,,,,
BITSTAMP ONLY,,2025-07-31 14:00:00+00:00,,LONG,,118695.92637056438,,,,
BITSTAMP ONLY,,2025-08-01 17:45:00+00:00,,SHORT,,114292.39595982734,,,,
BITSTAMP ONLY,,2025-08-21 15:15:00+00:00,,SHORT,,112619.95437122244,,,,
BITSTAMP ONLY,,2025-08-22 11:30:00+00:00,,SHORT,,112190.63235674889,,,,
BITSTAMP ONLY,,2025-08-22 13:15:00+00:00,,SHORT,,112096.01816511675,,,,
BITSTAMP ONLY,,2025-09-08 14:15:00+00:00,,LONG,,112301.24130162052,,,,
BITSTAMP ONLY,,2025-09-25 17:15:00+00:00,,SHORT,,110146.72450429783,,,,
BITSTAMP ONLY,,2025-10-02 07:15:00+00:00,,LONG,,118783.40064407726,,,,
BITSTAMP ONLY,,2025-10-02 12:30:00+00:00,,LONG,,119258.03163393494,,,,
BITSTAMP ONLY,,2025-10-02 15:30:00+00:00,,LONG,,119735.1045691014,,,,
BITSTAMP ONLY,,2025-10-03 19:30:00+00:00,,LONG,,123036.85610603317,,,,
BITSTAMP ONLY,,2025-10-04 13:45:00+00:00,,LONG,,122549.041188622,,,,
BITSTAMP ONLY,,2025-11-03 14:30:00+00:00,,SHORT,,107444.49700582663,,,,
BITSTAMP ONLY,,2025-11-06 19:45:00+00:00,,SHORT,,101076.17401296162,,,,
BITSTAMP ONLY,,2025-12-01 17:00:00+00:00,,SHORT,,84368.41781434872,,,,
BITSTAMP ONLY,,2025-12-01 18:00:00+00:00,,SHORT,,84805.1928257917,,,,
BITSTAMP ONLY,,2025-12-01 18:45:00+00:00,,SHORT,,84602.74899353657,,,,
BITSTAMP ONLY,,2025-12-01 19:30:00+00:00,,SHORT,,84614.45325758013,,,,
BITSTAMP ONLY,,2025-12-06 20:00:00+00:00,,SHORT,,89346.69308424533,,,,
BITSTAMP ONLY,,2025-12-07 09:00:00+00:00,,SHORT,,89278.81880375704,,,,
BITSTAMP ONLY,,2025-12-13 12:30:00+00:00,,SHORT,,90332.65379019885,,,,
BITSTAMP ONLY,,2025-12-14 11:00:00+00:00,,SHORT,,89828.74128475292,,,,
BITSTAMP ONLY,,2025-12-17 09:30:00+00:00,,SHORT,,86215.2131947681,,,,
BITSTAMP ONLY,,2025-12-27 10:45:00+00:00,,SHORT,,87310.05985013815,,,,
BITSTAMP ONLY,,2025-12-27 13:30:00+00:00,,SHORT,,87343.06663864896,,,,
BITSTAMP ONLY,,2025-12-27 16:30:00+00:00,,SHORT,,87378.9443386497,,,,
BITSTAMP ONLY,,2026-01-02 08:30:00+00:00,,LONG,,89013.32143242574,,,,
BITSTAMP ONLY,,2026-01-05 15:15:00+00:00,,LONG,,93562.46877714252,,,,
BITSTAMP ONLY,,2026-01-10 19:15:00+00:00,,SHORT,,90452.04537150408,,,,
BITSTAMP ONLY,,2026-01-14 08:15:00+00:00,,LONG,,95327.53316119502,,,,
BITSTAMP ONLY,,2026-01-14 14:15:00+00:00,,LONG,,95524.7276340657,,,,
BITSTAMP ONLY,,2026-01-15 13:30:00+00:00,,LONG,,96988.775412879,,,,
BITSTAMP ONLY,,2026-01-15 14:15:00+00:00,,LONG,,97147.33811300845,,,,
BITSTAMP ONLY,,2026-01-18 19:00:00+00:00,,LONG,,95498.66544481296,,,,
BITSTAMP ONLY,,2026-01-20 17:30:00+00:00,,SHORT,,90021.79366064913,,,,
BITSTAMP ONLY,,2026-01-21 07:45:00+00:00,,SHORT,,89000.8228985567,,,,
BITSTAMP ONLY,,2026-01-23 12:00:00+00:00,,SHORT,,89011.80851563843,,,,
BITSTAMP ONLY,,2026-02-03 15:45:00+00:00,,SHORT,,77349.41606897788,,,,
BITSTAMP ONLY,,2026-02-05 08:00:00+00:00,,SHORT,,70365.07297543928,,,,
BITSTAMP ONLY,,2026-02-05 09:00:00+00:00,,SHORT,,70781.95559276138,,,,
BITSTAMP ONLY,,2026-02-05 11:00:00+00:00,,SHORT,,70423.72506490929,,,,
BITSTAMP ONLY,,2026-02-10 10:15:00+00:00,,SHORT,,68986.16374522555,,,,
BITSTAMP ONLY,,2026-02-16 11:45:00+00:00,,SHORT,,68495.1813550258,,,,
BITSTAMP ONLY,,2026-02-22 08:45:00+00:00,,SHORT,,67899.59466773798,,,,
BITSTAMP ONLY,,2026-03-10 15:30:00+00:00,,LONG,,71565.77046206259,,,,
BITSTAMP ONLY,,2026-03-15 08:15:00+00:00,,LONG,,71671.18250298798,,,,
BITSTAMP ONLY,,2026-03-15 09:00:00+00:00,,LONG,,71736.39809003813,,,,
BITSTAMP ONLY,,2026-03-16 17:15:00+00:00,,LONG,,74011.16852451244,,,,
BITSTAMP ONLY,,2026-03-19 16:15:00+00:00,,SHORT,,69133.34845634091,,,,
BITSTAMP ONLY,,2026-03-22 17:45:00+00:00,,SHORT,,68645.81291450365,,,,
BITSTAMP ONLY,,2026-04-02 08:15:00+00:00,,SHORT,,66675.6129978191,,,,
BITSTAMP ONLY,,2026-04-06 19:00:00+00:00,,LONG,,69967.09850027887,,,,
BITSTAMP ONLY,,2026-04-06 19:30:00+00:00,,LONG,,69945.64207422004,,,,
BITSTAMP ONLY,,2026-04-08 09:00:00+00:00,,LONG,,71838.54530157424,,,,
BITSTAMP ONLY,,2026-04-25 14:45:00+00:00,,LONG,,77778.70273907395,,,,
BITSTAMP ONLY,,2026-04-26 15:00:00+00:00,,LONG,,78181.1423338108,,,,
BITSTAMP ONLY,,2026-05-02 19:00:00+00:00,,LONG,,78495.69673286554,,,,
BITSTAMP ONLY,,2026-05-03 14:00:00+00:00,,LONG,,78705.03324686995,,,,
BITSTAMP ONLY,,2026-05-09 08:45:00+00:00,,LONG,,80444.83064947175,,,,
BITSTAMP ONLY,,2026-05-11 15:30:00+00:00,,LONG,,81435.9725883967,,,,
BITSTAMP ONLY,,2026-05-14 12:00:00+00:00,,SHORT,,79167.25433467761,,,,
BITSTAMP ONLY,,2026-05-19 16:15:00+00:00,,SHORT,,76304.17993569629,,,,
BITSTAMP ONLY,,2026-05-27 17:15:00+00:00,,SHORT,,74779.67766521258,,,,
BITSTAMP ONLY,,2026-05-28 14:45:00+00:00,,SHORT,,72607.95467902481,,,,
BITSTAMP ONLY,,2026-05-28 15:15:00+00:00,,SHORT,,72670.2819630367,,,,
BITSTAMP ONLY,,2026-05-29 12:30:00+00:00,,SHORT,,73170.7588395592,,,,
BITSTAMP ONLY,,2026-05-31 18:45:00+00:00,,SHORT,,73509.68619238486,,,,
BITSTAMP ONLY,,2026-07-03 17:45:00+00:00,,LONG,,62246.088320167095,,,,
BITSTAMP ONLY,,2026-07-12 15:00:00+00:00,,LONG,,64250.05131938886,,,,
BITSTAMP ONLY,,2026-07-12 17:45:00+00:00,,LONG,,64153.19598760491,,,,
BITSTAMP ONLY,,2026-07-15 07:15:00+00:00,,LONG,,64866.17033861942,,,,
BITSTAMP ONLY,,2026-07-27 14:15:00+00:00,,LONG,,65411.44516804698,,,,
BITSTAMP ONLY,,2026-08-18 11:45:00+00:00,,LONG,,64329.93415784448,,,,
BITSTAMP ONLY,,2026-09-15 16:45:00+00:00,,SHORT,,76188.48950347642,,,,
