segment_id,trade_id,setup_id,signal_time,entry_time,exit_time,direction,entry_price,stop_loss,take_profit,exit_price,exit_reason,pnl,realized_r,bars_held,signal_year,signal_month,h1_ema200_slope,h1_ema200_slope_magnitude,m15_atr_percent,adx,confirmed_h1_hour
S01,1,BTC_V2_SETUP_B,2021-01-14 11:00:00+00:00,2021-01-14 11:00:00+00:00,2021-01-14 12:15:00+00:00,LONG,38517.71331585165,37931.85673659338,40275.283053626474,37931.85673659338,Stop loss,-25.0,-1.0,6,2021,2021-01,111.35622979374602,111.35622979374602,0.9201722520340165,20.616935859670154,2021-01-14 09:00:00+00:00
S01,2,BTC_V2_SETUP_B,2021-01-14 15:30:00+00:00,2021-01-14 15:30:00+00:00,2021-01-14 16:45:00+00:00,LONG,39918.659787115794,39241.33085153681,41950.64659385274,39241.33085153681,Stop loss,-24.9375,-1.0,6,2021,2021-01,142.60521436265117,142.60521436265117,0.9866894411943241,20.663686056298253,2021-01-14 14:00:00+00:00
S01,3,BTC_V2_SETUP_B,2021-01-14 20:00:00+00:00,2021-01-14 20:00:00+00:00,2021-01-14 20:45:00+00:00,LONG,39889.60269486869,39367.309220525225,41456.48311789909,39367.309220525225,Stop loss,-24.875156250000003,-1.0000000000000002,4,2021,2021-01,169.15052525554347,169.15052525554347,0.8347219626133924,18.997565628359045,2021-01-14 18:00:00+00:00
S01,4,BTC_V2_SETUP_B,2021-01-17 14:00:00+00:00,2021-01-17 14:00:00+00:00,2021-01-17 15:15:00+00:00,SHORT,34783.39644675439,35582.34421298243,32386.55314807027,35582.34421298243,Stop loss,-24.812968359375002,-1.0000000000000002,6,2021,2021-01,-82.47926257325162,82.47926257325162,1.011968622416611,23.470057505129493,2021-01-17 12:00:00+00:00
S01,5,BTC_V2_SETUP_B,2021-01-19 12:00:00+00:00,2021-01-19 12:00:00+00:00,2021-01-19 12:30:00+00:00,LONG,37340.172867460795,36821.868530156804,38895.08587937277,36821.868530156804,Stop loss,-24.75093593847656,-0.9999999999999999,3,2021,2021-01,36.50395730770106,36.50395730770106,0.7787069403658675,20.59225346011475,2021-01-19 10:00:00+00:00
S01,6,BTC_V2_SETUP_B,2021-01-20 09:15:00+00:00,2021-01-20 09:30:00+00:00,2021-01-20 16:00:00+00:00,SHORT,35226.86852316786,35749.68590732857,33658.41637068574,33658.41637068574,Take profit,67.83604986339526,2.7476158960211823,27,2021,2021-01,-45.4135762850492,45.4135762850492,0.825030883553662,38.55139615049704,2021-01-20 08:00:00+00:00
S01,7,BTC_V2_SETUP_B,2021-01-21 08:15:00+00:00,2021-01-21 08:15:00+00:00,2021-01-21 10:00:00+00:00,SHORT,34267.16299007276,34918.95803970896,32311.77784116415,32311.77784116415,Take profit,69.61178461219397,2.800304448848745,8,2021,2021-01,-76.40198838146898,76.40198838146898,0.8014559701493476,19.624896958952316,2021-01-21 07:00:00+00:00
S01,8,BTC_V2_SETUP_B,2021-01-21 12:00:00+00:00,2021-01-21 12:00:00+00:00,2021-01-22 00:15:00+00:00,SHORT,32127.529747750694,32870.83100899722,29897.62596401111,29897.62596401111,Take profit,70.95141091312992,2.8343515779369235,50,2021,2021-01,-119.7517835067847,119.7517835067847,1.3961343759160203,45.496945298058996,2021-01-21 10:00:00+00:00
S01,9,BTC_V2_SETUP_B,2021-01-22 07:45:00+00:00,2021-01-22 07:45:00+00:00,2021-01-22 11:15:00+00:00,SHORT,30819.168062017423,31954.3077519303,27413.74899227879,31954.3077519303,Stop loss,-25.210056712102173,-1.0,15,2021,2021-01,-199.10868196231604,199.10868196231604,1.402654967221483,20.882865542520666,2021-01-22 06:00:00+00:00
S01,10,BTC_V2_SETUP_B,2021-01-24 19:15:00+00:00,2021-01-24 19:15:00+00:00,2021-01-24 22:30:00+00:00,SHORT,31472.962056323002,32006.701774708003,29871.742901168,32006.701774708003,Stop loss,-25.147031570321918,-1.0,14,2021,2021-01,-99.45755423967057,99.45755423967057,0.6226836866793736,37.009757976991175,2021-01-24 18:00:00+00:00
S01,11,BTC_V2_SETUP_B,2021-01-26 13:00:00+00:00,2021-01-26 13:00:00+00:00,2021-01-26 13:45:00+00:00,SHORT,31234.2557574591,31812.156970163604,29500.552119345593,31812.156970163604,Stop loss,-25.084163991396114,-1.0,4,2021,2021-01,-82.4506351160453,82.4506351160453,1.0056780934888316,20.467755239634087,2021-01-26 11:00:00+00:00
S01,12,BTC_V2_SETUP_B,2021-01-26 14:45:00+00:00,2021-01-26 14:45:00+00:00,2021-01-26 15:30:00+00:00,SHORT,31033.90435851603,31700.172565935893,29035.099736256438,31700.172565935893,Stop loss,-25.02145358141762,-1.0,4,2021,2021-01,-85.38322024777153,85.38322024777153,1.0361739688305667,21.011851564047582,2021-01-26 13:00:00+00:00
S01,13,BTC_V2_SETUP_B,2021-01-27 08:45:00+00:00,2021-01-27 08:45:00+00:00,2021-01-27 14:30:00+00:00,SHORT,31302.878675778553,31806.825296885785,29791.038812456856,29791.038812456856,Take profit,69.04078374361538,2.7661789537575427,24,2021,2021-01,-74.27763502495509,74.27763502495509,0.7228584772314552,18.13252733659649,2021-01-27 07:00:00+00:00
S01,14,BTC_V2_SETUP_B,2021-01-27 18:45:00+00:00,2021-01-27 18:45:00+00:00,2021-01-27 19:00:00+00:00,SHORT,29666.252031279593,30528.59187488163,27079.232500473485,30528.59187488163,Stop loss,-25.131501906823118,-1.0,2,2021,2021-01,-138.4081309329922,138.4081309329922,1.3297211958088349,25.296501986950258,2021-01-27 17:00:00+00:00
S01,15,BTC_V2_SETUP_B,2021-02-02 09:00:00+00:00,2021-02-02 09:00:00+00:00,2021-02-03 04:00:00+00:00,LONG,34705.06974031453,34078.10103874188,36585.97584503249,36585.97584503249,Take profit,69.94407635380584,2.7900988588248925,77,2021,2021-02,26.860338737475104,26.860338737475104,0.6079266775372077,37.46840172746591,2021-02-02 07:00:00+00:00
S01,16,BTC_V2_SETUP_B,2021-02-03 15:30:00+00:00,2021-02-03 15:30:00+00:00,2021-02-04 00:00:00+00:00,LONG,36894.11886351139,36540.474545954465,37955.05181618215,37955.05181618215,Take profit,66.18726497062414,2.6219493155514852,35,2021,2021-02,113.11732857355673,113.11732857355673,0.6144927082133365,20.766221907444333,2021-02-03 14:00:00+00:00
S01,17,BTC_V2_SETUP_B,2021-02-04 08:15:00+00:00,2021-02-04 08:15:00+00:00,2021-02-04 08:45:00+00:00,LONG,38513.2690877528,37792.90364898882,40674.36540404475,37792.90364898882,Stop loss,-25.409001505367137,-1.0,3,2021,2021-02,162.2232394859384,162.2232394859384,0.6899997115424794,20.738740737529017,2021-02-04 07:00:00+00:00
S01,18,BTC_V2_SETUP_B,2021-02-04 10:45:00+00:00,2021-02-04 10:45:00+00:00,2021-02-04 12:00:00+00:00,LONG,37797.3819460248,37160.7722159008,39707.2111363968,37160.7722159008,Stop loss,-25.345479001603714,-0.9999999999999999,6,2021,2021-02,156.23317311162828,156.23317311162828,1.0183866122875884,20.62419500281736,2021-02-04 09:00:00+00:00
S01,19,BTC_V2_SETUP_B,2021-02-06 10:00:00+00:00,2021-02-06 10:00:00+00:00,2021-02-06 23:00:00+00:00,LONG,39955.58564588498,39541.21741646007,41198.690334159706,39541.21741646007,Stop loss,-25.282115304099708,-1.0,53,2021,2021-02,173.2976103730689,173.2976103730689,0.6308997754763411,20.6568455641623,2021-02-06 08:00:00+00:00
S01,20,BTC_V2_SETUP_B,2021-02-10 10:15:00+00:00,2021-02-10 10:15:00+00:00,2021-02-10 11:00:00+00:00,LONG,47234.65824248775,46418.527030049,49683.05187980399,46418.527030049,Stop loss,-25.21891001583945,-0.9999999999999999,4,2021,2021-02,313.2142287025781,313.2142287025781,0.6616679759345369,18.57113348305944,2021-02-10 09:00:00+00:00
S01,21,BTC_V2_SETUP_B,2021-02-11 18:30:00+00:00,2021-02-11 18:30:00+00:00,2021-02-11 20:45:00+00:00,LONG,47947.72841837619,47295.41632649525,49904.664694019,47295.41632649525,Stop loss,-25.155862740799858,-1.0,10,2021,2021-02,299.02431748518575,299.02431748518575,0.8677275694219367,32.19678058970761,2021-02-11 17:00:00+00:00
S01,22,BTC_V2_SETUP_B,2021-02-14 10:00:00+00:00,2021-02-14 10:00:00+00:00,2021-02-14 11:00:00+00:00,LONG,49187.75143445182,48809.414262192724,50322.76295122911,48809.414262192724,Stop loss,-25.092973083947857,-1.0,5,2021,2021-02,207.8382906526458,207.8382906526458,0.5594722896575565,32.556162549943394,2021-02-14 08:00:00+00:00
S01,23,BTC_V2_SETUP_B,2021-02-14 12:15:00+00:00,2021-02-14 12:15:00+00:00,2021-02-14 13:45:00+00:00,LONG,49649.41968846155,48889.361246153785,51929.59501538485,48889.361246153785,Stop loss,-25.030240651237992,-1.0,7,2021,2021-02,220.50790978142322,220.50790978142322,0.5855575544913832,31.167251554354078,2021-02-14 11:00:00+00:00
S01,24,BTC_V2_SETUP_B,2021-02-17 09:15:00+00:00,2021-02-17 09:15:00+00:00,2021-02-17 12:45:00+00:00,LONG,51437.623170783445,50785.68731686621,53393.43073253514,50785.68731686621,Stop loss,-24.96766504960989,-0.9999999999999999,15,2021,2021-02,189.70900802146207,189.70900802146207,0.7563742353977386,39.11603108572978,2021-02-17 08:00:00+00:00
S01,25,BTC_V2_SETUP_B,2021-02-17 19:30:00+00:00,2021-02-17 19:30:00+00:00,2021-02-18 07:30:00+00:00,LONG,51867.2137815823,51305.05487367079,53553.69050531682,51305.05487367079,Stop loss,-24.905245886985874,-1.0000000000000002,49,2021,2021-02,212.50235421071557,212.50235421071557,0.5855719155412384,22.301049636760048,2021-02-17 18:00:00+00:00
S01,26,BTC_V2_SETUP_B,2021-02-19 09:00:00+00:00,2021-02-19 09:00:00+00:00,2021-02-19 16:15:00+00:00,LONG,52256.76558121577,51678.537675136926,53991.449299452295,53991.449299452295,Take profit,66.28887800090395,2.668313970530968,30,2021,2021-02,146.94548542373377,146.94548542373377,0.44227114877714746,22.76072387313695,2021-02-19 07:00:00+00:00
S01,27,BTC_V2_SETUP_B,2021-02-20 12:00:00+00:00,2021-02-20 12:00:00+00:00,2021-02-20 22:30:00+00:00,LONG,56369.71957710774,55704.88169156905,58364.23323372381,55704.88169156905,Stop loss,-25.008704967270663,-1.0,43,2021,2021-02,280.61659834178863,280.61659834178863,0.48564531522349325,18.052192206381093,2021-02-20 10:00:00+00:00
S01,28,BTC_V2_SETUP_B,2021-02-23 19:45:00+00:00,2021-02-23 20:00:00+00:00,2021-02-23 20:30:00+00:00,SHORT,45433.22266800731,47210.14932797077,40102.44268811691,47210.14932797077,Stop loss,-24.946183204852485,-0.9999999999999999,3,2021,2021-02,-241.45598575897748,241.45598575897748,2.1998824997053124,22.752591026929743,2021-02-23 18:00:00+00:00
S01,29,BTC_V2_SETUP_B,2021-02-26 07:30:00+00:00,2021-02-26 07:30:00+00:00,2021-02-26 09:00:00+00:00,SHORT,44967.456953519846,46546.332185920604,40230.83125631757,46546.332185920604,Stop loss,-24.88381774684035,-0.9999999999999999,7,2021,2021-02,-211.84861355827888,211.84861355827888,1.4342019629253677,36.893869453109744,2021-02-26 06:00:00+00:00
S01,30,BTC_V2_SETUP_B,2021-02-28 14:00:00+00:00,2021-02-28 14:00:00+00:00,2021-02-28 20:45:00+00:00,SHORT,44152.957042257134,44738.19183097146,42397.252676114156,44738.19183097146,Stop loss,-24.821608202473257,-1.0000000000000002,28,2021,2021-02,-199.62025085995265,199.62025085995265,0.8610972666046429,20.944988041054938,2021-02-28 12:00:00+00:00
S01,31,BTC_V2_SETUP_B,2021-03-02 19:15:00+00:00,2021-03-02 19:15:00+00:00,2021-03-02 19:30:00+00:00,SHORT,47159.71539187048,47891.868432518095,44963.25626992763,47891.868432518095,Stop loss,-24.759554181967065,-0.9999999999999999,2,2021,2021-03,-12.758506035439495,12.758506035439495,0.8572867135118671,31.851930244823198,2021-03-02 18:00:00+00:00
S01,32,BTC_V2_SETUP_B,2021-03-03 16:15:00+00:00,2021-03-03 16:15:00+00:00,2021-03-03 19:15:00+00:00,LONG,51207.47812552215,50427.8874979114,53546.25000835442,50427.8874979114,Stop loss,-24.697655296512153,-1.0,13,2021,2021-03,144.59657071867696,144.59657071867696,0.8523275416386549,26.77642916306928,2021-03-03 15:00:00+00:00
S01,33,BTC_V2_SETUP_B,2021-03-05 08:30:00+00:00,2021-03-05 08:30:00+00:00,2021-03-05 12:00:00+00:00,SHORT,46717.38923997904,47562.38304008382,44182.40783966471,47562.38304008382,Stop loss,-24.635911158270872,-1.0,15,2021,2021-03,-80.20352431417268,80.20352431417268,0.7492179770690385,20.724252036696186,2021-03-05 07:00:00+00:00
S01,34,BTC_V2_SETUP_B,2021-03-06 16:00:00+00:00,2021-03-06 16:00:00+00:00,2021-03-06 16:00:00+00:00,SHORT,47266.39371168875,47815.515153244996,45619.02938702,47815.515153244996,Stop loss,-24.5743213803752,-1.0000000000000002,1,2021,2021-03,-45.210909730390995,45.210909730390995,0.5753129063912421,36.82673472866486,2021-03-06 14:00:00+00:00
S01,35,BTC_V2_SETUP_B,2021-03-07 16:15:00+00:00,2021-03-07 16:30:00+00:00,2021-03-07 18:45:00+00:00,LONG,51022.24407471476,50426.56370114093,52809.28519543627,50426.56370114093,Stop loss,-24.512885576924266,-1.0000000000000002,10,2021,2021-03,96.4386303125575,96.4386303125575,0.5689246092161103,21.886135360867055,2021-03-07 15:00:00+00:00
S01,36,BTC_V2_SETUP_B,2021-03-09 09:45:00+00:00,2021-03-09 10:00:00+00:00,2021-03-09 12:30:00+00:00,LONG,54335.61697496004,53844.02210015983,55810.40159936065,53844.02210015983,Stop loss,-24.451603362981952,-1.0000000000000002,11,2021,2021-03,213.05872175022523,213.05872175022523,0.6118024925927111,29.211384342748328,2021-03-09 08:00:00+00:00
S01,37,BTC_V2_SETUP_B,2021-03-10 09:00:00+00:00,2021-03-10 09:15:00+00:00,2021-03-10 13:30:00+00:00,LONG,54783.92712752788,54382.29148988848,55988.83404044609,55988.83404044609,Take profit,61.455938081263334,2.519669654138445,18,2021,2021-03,159.98730351675476,159.98730351675476,0.564216131279514,22.809608625980985,2021-03-10 07:00:00+00:00
S01,38,BTC_V2_SETUP_B,2021-03-10 16:45:00+00:00,2021-03-10 16:45:00+00:00,2021-03-10 20:30:00+00:00,LONG,56684.506941995336,56085.102232018646,58482.72107192541,56085.102232018646,Stop loss,-24.54411419977765,-1.0,16,2021,2021-03,244.05287411138852,244.05287411138852,0.6360493732960791,42.704470518040175,2021-03-10 15:00:00+00:00
S01,39,BTC_V2_SETUP_B,2021-03-11 13:15:00+00:00,2021-03-11 13:15:00+00:00,2021-03-11 15:30:00+00:00,LONG,56797.89665573833,55884.67337704666,59537.56649181335,55884.67337704666,Stop loss,-24.48275391427821,-1.0000000000000002,10,2021,2021-03,179.87845950688643,179.87845950688643,0.73221482130513,25.843625294333805,2021-03-11 12:00:00+00:00
S01,40,BTC_V2_SETUP_B,2021-03-13 10:00:00+00:00,2021-03-13 10:00:00+00:00,2021-03-13 10:00:00+00:00,LONG,57589.0,57183.826295174214,58804.52111447736,58804.52111447736,Take profit,61.15345708043827,2.504077936036842,1,2021,2021-03,169.70052454531105,169.70052454531105,0.49522131902845146,18.38351350832457,2021-03-13 08:00:00+00:00
S01,41,BTC_V2_SETUP_B,2021-03-13 17:00:00+00:00,2021-03-13 17:15:00+00:00,2021-03-14 11:15:00+00:00,LONG,59995.2836082757,59372.65556689719,61863.16773241122,59372.65556689719,Stop loss,-24.5744306721936,-0.9999999999999999,73,2021,2021-03,292.12819857186696,292.12819857186696,0.5995135453360736,26.733030785142113,2021-03-13 15:00:00+00:00
S01,42,BTC_V2_SETUP_B,2021-03-19 12:00:00+00:00,2021-03-19 12:00:00+00:00,2021-03-19 13:00:00+00:00,LONG,58892.88055271731,58432.67778913076,60273.48884347697,58432.67778913076,Stop loss,-24.512994595513117,-0.9999999999999999,5,2021,2021-03,78.99041490608943,78.99041490608943,0.558794211484615,34.8933567514769,2021-03-19 10:00:00+00:00
S01,43,BTC_V2_SETUP_B,2021-03-19 14:45:00+00:00,2021-03-19 15:00:00+00:00,2021-03-19 23:30:00+00:00,LONG,58814.1881744318,58093.847302272785,60975.21079090885,58093.847302272785,Stop loss,-24.451712109024342,-1.0000000000000002,35,2021,2021-03,93.49645184125256,93.49645184125256,0.6342954969565375,27.495519899857193,2021-03-19 13:00:00+00:00
S01,44,BTC_V2_SETUP_B,2021-03-20 13:15:00+00:00,2021-03-20 13:15:00+00:00,2021-03-20 13:45:00+00:00,LONG,59571.90410825871,58912.43356696519,61550.31573213925,58912.43356696519,Stop loss,-24.390582828751775,-1.0,3,2021,2021-03,91.61150402311614,91.61150402311614,0.5217045369089064,43.399060487985615,2021-03-20 12:00:00+00:00
S01,45,BTC_V2_SETUP_B,2021-03-24 19:30:00+00:00,2021-03-24 19:30:00+00:00,2021-03-24 20:30:00+00:00,SHORT,55012.16788958893,55543.6084416443,53417.84623342282,53417.84623342282,Take profit,63.864003539770906,2.624950135408264,5,2021,2021-03,-24.16206012346811,24.16206012346811,0.6219362904151831,25.964126202016253,2021-03-24 18:00:00+00:00
S01,46,BTC_V2_SETUP_B,2021-03-25 08:00:00+00:00,2021-03-25 08:00:00+00:00,2021-03-25 11:00:00+00:00,SHORT,52185.85394037384,53083.45423850465,49493.0530459814,53083.45423850465,Stop loss,-24.48926638052933,-1.0000000000000002,13,2021,2021-03,-183.19357610108273,183.19357610108273,0.7330655578250092,27.092944536543577,2021-03-25 06:00:00+00:00
S01,47,BTC_V2_SETUP_B,2021-04-07 17:45:00+00:00,2021-04-07 17:45:00+00:00,2021-04-07 22:30:00+00:00,SHORT,55983.52440778355,56501.7323688658,54428.90052453681,56501.7323688658,Stop loss,-24.428043214577997,-0.9999999999999999,20,2021,2021-04,-68.50913767528982,68.50913767528982,0.6034534754365267,34.335395565237576,2021-04-07 16:00:00+00:00
S01,48,BTC_V2_SETUP_B,2021-04-09 17:45:00+00:00,2021-04-09 17:45:00+00:00,2021-04-09 22:45:00+00:00,LONG,58363.4177939489,58025.75882420438,59376.39470318247,58025.75882420438,Stop loss,-24.366973106541554,-1.0,21,2021,2021-04,29.74883223020879,29.74883223020879,0.3592084475666406,18.000616421367233,2021-04-09 16:00:00+00:00
S01,49,BTC_V2_SETUP_B,2021-04-10 10:00:00+00:00,2021-04-10 10:15:00+00:00,2021-04-10 11:45:00+00:00,LONG,60794.68755643823,60471.8097742471,61763.32090301161,60471.8097742471,Stop loss,-24.3060556737752,-1.0000000000000002,7,2021,2021-04,137.41885157558136,137.41885157558136,0.4268222195029146,39.47706771252927,2021-04-10 08:00:00+00:00
S01,50,BTC_V2_SETUP_B,2021-04-12 12:45:00+00:00,2021-04-12 13:00:00+00:00,2021-04-12 14:00:00+00:00,LONG,60565.293613662296,60064.605545350794,62067.3578185968,60064.605545350794,Stop loss,-24.24529053459076,-1.0,5,2021,2021-04,76.76222691858857,76.76222691858857,0.48476077983289156,24.33181311530391,2021-04-12 11:00:00+00:00
S01,51,BTC_V2_SETUP_B,2021-04-13 08:15:00+00:00,2021-04-13 08:15:00+00:00,2021-04-14 03:45:00+00:00,LONG,61554.94900004986,60779.66399980056,63880.80400079776,63880.80400079776,Take profit,65.43498130451715,2.7056379736017417,79,2021,2021-04,83.74963199995545,83.74963199995545,0.5064184054877572,27.214925651241096,2021-04-13 07:00:00+00:00
S02,1,BTC_V2_SETUP_B,2021-04-23 07:45:00+00:00,2021-04-23 07:45:00+00:00,2021-04-23 10:30:00+00:00,SHORT,47915.449181955715,49605.68327217714,42844.74691129143,49605.68327217714,Stop loss,-25.000000000000004,-1.0000000000000002,12,2021,2021-04,-377.61178157607355,377.61178157607355,1.4327298681560787,50.56533953199622,2021-04-23 06:00:00+00:00
S02,2,BTC_V2_SETUP_B,2021-04-23 13:00:00+00:00,2021-04-23 13:00:00+00:00,2021-04-23 16:00:00+00:00,SHORT,49219.97368403111,50046.575263875566,46740.16894449774,50046.575263875566,Stop loss,-24.937500000000004,-1.0000000000000002,13,2021,2021-04,-392.8148853399616,392.8148853399616,1.2183932995522162,25.569520706928316,2021-04-23 11:00:00+00:00
S02,3,BTC_V2_SETUP_B,2021-04-24 10:15:00+00:00,2021-04-24 10:30:00+00:00,2021-04-24 15:30:00+00:00,SHORT,49065.05884473331,49894.53462106678,46576.63151573289,49894.53462106678,Stop loss,-24.875156250000003,-1.0000000000000002,21,2021,2021-04,-271.7645323493416,271.7645323493416,0.6072728208789547,21.903624500154855,2021-04-24 09:00:00+00:00
S02,4,BTC_V2_SETUP_B,2021-04-30 09:00:00+00:00,2021-04-30 09:00:00+00:00,2021-04-30 10:45:00+00:00,LONG,54703.307821877475,54284.06871249009,55961.02515003964,54284.06871249009,Stop loss,-24.812968359375002,-1.0000000000000002,8,2021,2021-04,14.990995344232942,14.990995344232942,0.39501918236781963,29.610656522822453,2021-04-30 07:00:00+00:00
S02,5,BTC_V2_SETUP_B,2021-04-30 12:30:00+00:00,2021-04-30 12:30:00+00:00,2021-04-30 13:45:00+00:00,LONG,54615.537137610234,54185.42144955907,55905.88420176372,55905.88420176372,Take profit,63.092927076286934,2.549112778325519,6,2021,2021-04,21.20271169636544,21.20271169636544,0.40611677555398956,19.13494989040109,2021-04-30 11:00:00+00:00
S02,6,BTC_V2_SETUP_B,2021-05-03 11:30:00+00:00,2021-05-03 11:30:00+00:00,2021-05-03 12:30:00+00:00,LONG,58969.90658927767,58472.49364288933,60462.1454284427,58472.49364288933,Stop loss,-24.908668256167278,-1.0,5,2021,2021-05,145.36630045326456,145.36630045326456,0.4044932085353734,30.888816715745406,2021-05-03 10:00:00+00:00
S02,7,BTC_V2_SETUP_B,2021-05-11 08:30:00+00:00,2021-05-11 08:30:00+00:00,2021-05-11 09:45:00+00:00,SHORT,55304.88761953835,55993.549521846624,53238.901912613524,55993.549521846624,Stop loss,-24.84639658552687,-1.0000000000000002,6,2021,2021-05,-82.845393262367,82.845393262367,0.722305633626188,19.0323804340138,2021-05-11 07:00:00+00:00
S02,8,BTC_V2_SETUP_B,2021-05-12 13:30:00+00:00,2021-05-12 13:30:00+00:00,2021-05-12 13:45:00+00:00,SHORT,55900.35083427132,56554.09666291473,53939.11334834108,56554.09666291473,Stop loss,-24.78428059406305,-1.0,2,2021,2021-05,-16.51663242073846,16.51663242073846,0.5236553125419959,29.52618912716683,2021-05-12 12:00:00+00:00
S02,9,BTC_V2_SETUP_B,2021-05-12 16:15:00+00:00,2021-05-12 16:15:00+00:00,2021-05-12 22:00:00+00:00,SHORT,55121.33895703177,55918.36417187295,52730.26331250822,52730.26331250822,Take profit,67.77326893550337,2.741379823171457,24,2021,2021-05,-30.59417551216029,30.59417551216029,0.71229724750771,28.936729709068008,2021-05-12 15:00:00+00:00
S02,10,BTC_V2_SETUP_B,2021-05-13 07:45:00+00:00,2021-05-13 08:00:00+00:00,2021-05-13 11:00:00+00:00,SHORT,50704.357801923696,51459.71879230522,48438.274830779126,48438.274830779126,Take profit,68.41507560415627,2.7485037082656505,13,2021,2021-05,-281.33148656084813,281.33148656084813,1.0144606655698691,27.74611118707485,2021-05-13 06:00:00+00:00
S02,11,BTC_V2_SETUP_B,2021-05-13 15:15:00+00:00,2021-05-13 15:30:00+00:00,2021-05-13 17:15:00+00:00,SHORT,49895.863458383705,50639.96616646519,47663.55533413926,47663.55533413926,Take profit,68.89141439700872,2.74875272564027,8,2021,2021-05,-293.1674349398527,293.1674349398527,1.0191837036521796,22.78410606723255,2021-05-13 14:00:00+00:00
S02,12,BTC_V2_SETUP_B,2021-05-15 10:15:00+00:00,2021-05-15 10:15:00+00:00,2021-05-15 11:45:00+00:00,SHORT,48028.35303081759,48907.84787672963,45389.86849308146,48907.84787672963,Stop loss,-25.23501928991956,-1.0,7,2021,2021-05,-241.09650161620084,241.09650161620084,0.9194979477838366,33.2390928825685,2021-05-15 09:00:00+00:00
S02,13,BTC_V2_SETUP_B,2021-05-15 19:30:00+00:00,2021-05-15 19:30:00+00:00,2021-05-15 20:00:00+00:00,SHORT,47037.99766206138,48177.049351754475,43620.8425929821,48177.049351754475,Stop loss,-25.17193174169476,-0.9999999999999999,3,2021,2021-05,-245.77713176087127,245.77713176087127,0.9766644482583525,30.18164701464587,2021-05-15 18:00:00+00:00
S02,14,BTC_V2_SETUP_B,2021-05-16 15:30:00+00:00,2021-05-16 15:30:00+00:00,2021-05-16 18:30:00+00:00,SHORT,47812.420562910396,48424.97774835843,45974.749006566286,45974.749006566286,Take profit,68.05855724465428,2.71052419694966,13,2021,2021-05,-176.34672622833023,176.34672622833023,0.6522376496401191,25.875934448996116,2021-05-16 14:00:00+00:00
S02,15,BTC_V2_SETUP_B,2021-05-17 15:45:00+00:00,2021-05-17 15:45:00+00:00,2021-05-17 19:15:00+00:00,SHORT,43496.399240342755,44405.62303862897,40768.727845484114,44405.62303862897,Stop loss,-25.279148305452157,-1.0,15,2021,2021-05,-300.42471303921775,300.42471303921775,1.2182119155236233,20.111160148122988,2021-05-17 14:00:00+00:00
S02,16,BTC_V2_SETUP_B,2021-05-18 18:15:00+00:00,2021-05-18 18:15:00+00:00,2021-05-19 04:15:00+00:00,SHORT,42775.82896962466,43796.26412150138,39714.52351399449,39714.52351399449,Take profit,71.59177651792577,2.8391464641935507,41,2021,2021-05,-299.68703912682395,299.68703912682395,1.1256690681163757,39.3623033484644,2021-05-18 17:00:00+00:00
S02,17,BTC_V2_SETUP_B,2021-05-19 07:15:00+00:00,2021-05-19 07:15:00+00:00,2021-05-19 07:30:00+00:00,SHORT,38852.85602287974,39774.42590848105,36088.14636607583,39774.42590848105,Stop loss,-25.39492987598334,-0.9999999999999999,2,2021,2021-05,-439.46990911972534,439.46990911972534,1.539515914843355,54.538104148402304,2021-05-19 06:00:00+00:00
S02,18,BTC_V2_SETUP_B,2021-05-19 10:15:00+00:00,2021-05-19 10:15:00+00:00,2021-05-19 11:30:00+00:00,SHORT,39525.15922226522,40548.403110939136,36455.42755624346,36455.42755624346,Take profit,72.22776129536746,2.851308651258774,6,2021,2021-05,-416.90261252327036,416.90261252327036,1.395398224572358,33.1173772343923,2021-05-19 09:00:00+00:00
S02,19,BTC_V2_SETUP_B,2021-05-21 19:30:00+00:00,2021-05-21 19:30:00+00:00,2021-05-21 22:30:00+00:00,SHORT,36051.196482792286,37368.16406883085,32100.2937246766,37368.16406883085,Stop loss,-25.512011954531804,-1.0,13,2021,2021-05,-362.7699873280508,362.7699873280508,2.0533736251994226,50.22245592241938,2021-05-21 18:00:00+00:00
S02,20,BTC_V2_SETUP_B,2021-05-23 07:30:00+00:00,2021-05-23 07:30:00+00:00,2021-05-23 08:45:00+00:00,SHORT,36147.93351546804,36894.29593812785,33908.846247488604,33908.846247488604,Take profit,71.64463017404363,2.8153087564664565,6,2021,2021-05,-260.8366976978359,260.8366976978359,0.9613907431946838,33.67354097370611,2021-05-23 06:00:00+00:00
S02,21,BTC_V2_SETUP_B,2021-05-23 16:15:00+00:00,2021-05-23 16:15:00+00:00,2021-05-23 17:00:00+00:00,SHORT,32091.296853064505,33898.192587741985,26670.609649032063,33898.192587741985,Stop loss,-25.62734350008058,-0.9999999999999999,4,2021,2021-05,-386.27059318945976,386.27059318945976,2.4504791334293086,41.58265911039711,2021-05-23 15:00:00+00:00
S02,22,BTC_V2_SETUP_B,2021-05-25 12:00:00+00:00,2021-05-25 12:00:00+00:00,2021-05-25 13:00:00+00:00,SHORT,36519.50788416931,37385.43846332276,33921.71614670896,37385.43846332276,Stop loss,-25.563275141330383,-1.0,5,2021,2021-05,-87.86550047342462,87.86550047342462,1.2300980803300685,31.900953687007938,2021-05-25 10:00:00+00:00
S02,23,BTC_V2_SETUP_B,2021-05-28 11:30:00+00:00,2021-05-28 11:45:00+00:00,2021-05-28 12:00:00+00:00,SHORT,35557.053012901975,36310.94794839211,33295.36820643157,36310.94794839211,Stop loss,-25.49936695347706,-1.0000000000000002,2,2021,2021-05,-145.35190630018042,145.35190630018042,1.2549981831257375,33.05534226572907,2021-05-28 10:00:00+00:00
S02,24,BTC_V2_SETUP_B,2021-05-28 18:15:00+00:00,2021-05-28 18:15:00+00:00,2021-05-28 18:30:00+00:00,SHORT,35656.633790178515,36395.33483928596,33440.530642856174,36395.33483928596,Stop loss,-25.43561853609336,-1.0,2,2021,2021-05,-132.30163487717073,132.30163487717073,1.1644251869691964,21.630201141852375,2021-05-28 17:00:00+00:00
S02,25,BTC_V2_SETUP_B,2021-05-29 09:15:00+00:00,2021-05-29 09:15:00+00:00,2021-05-30 07:30:00+00:00,SHORT,35264.13746605782,36023.20013576872,32986.94945692513,36023.20013576872,Stop loss,-25.372029489753125,-0.9999999999999999,90,2021,2021-05,-120.93291633289482,120.93291633289482,0.9726805063396204,23.137399064677595,2021-05-29 08:00:00+00:00
S02,26,BTC_V2_SETUP_B,2021-06-01 12:15:00+00:00,2021-06-01 12:15:00+00:00,2021-06-01 13:30:00+00:00,SHORT,36169.23872860732,36695.685085570716,34589.899657717135,36695.685085570716,Stop loss,-25.308599416028745,-1.0000000000000002,6,2021,2021-06,-36.76107085397234,36.76107085397234,0.6943852589223161,20.902265764147987,2021-06-01 11:00:00+00:00
S02,27,BTC_V2_SETUP_B,2021-06-01 15:15:00+00:00,2021-06-01 15:30:00+00:00,2021-06-02 06:15:00+00:00,SHORT,36051.78637514085,36934.56449943658,33403.45200225367,36934.56449943658,Stop loss,-25.24532791748867,-1.0,60,2021,2021-06,-30.36693056717195,30.36693056717195,0.9939323263810567,19.132730931585066,2021-06-01 14:00:00+00:00
S02,28,BTC_V2_SETUP_B,2021-06-03 09:15:00+00:00,2021-06-03 09:15:00+00:00,2021-06-03 12:00:00+00:00,LONG,39172.20660454528,38675.22358181886,40663.155672724555,38675.22358181886,Stop loss,-25.18221459769495,-1.0,12,2021,2021-06,72.60220781496173,72.60220781496173,0.5500346715745006,40.9133072375422,2021-06-03 08:00:00+00:00
S02,29,BTC_V2_SETUP_B,2021-06-05 07:15:00+00:00,2021-06-05 07:15:00+00:00,2021-06-05 07:45:00+00:00,LONG,37923.569157709724,37589.22336916111,38926.606523355564,37589.22336916111,Stop loss,-25.119259061200715,-1.0,3,2021,2021-06,11.234583063676837,11.234583063676837,0.4885572230372718,22.93367157997964,2021-06-05 06:00:00+00:00
S02,30,BTC_V2_SETUP_B,2021-06-05 13:45:00+00:00,2021-06-05 13:45:00+00:00,2021-06-05 15:30:00+00:00,SHORT,35710.765559642205,36106.387761431164,34523.898954275326,36106.387761431164,Stop loss,-25.05646091354771,-0.9999999999999999,8,2021,2021-06,-43.181672147708014,43.181672147708014,0.8518836831464877,43.746960739533755,2021-06-05 12:00:00+00:00
S02,31,BTC_V2_SETUP_B,2021-06-07 17:15:00+00:00,2021-06-07 17:15:00+00:00,2021-06-07 20:45:00+00:00,SHORT,35593.97794997436,35890.37820010256,34704.77719958976,34704.77719958976,Take profit,64.26762818090467,2.5713407872336713,15,2021,2021-06,-33.851075609716645,33.851075609716645,0.5057952833051745,26.68081714048337,2021-06-07 16:00:00+00:00
S02,32,BTC_V2_SETUP_B,2021-06-08 13:30:00+00:00,2021-06-08 13:45:00+00:00,2021-06-08 15:15:00+00:00,SHORT,32570.601954128888,33014.292183484446,31239.531266062215,31239.531266062215,Take profit,68.58559341698651,2.726574722938125,7,2021,2021-06,-169.85383039302542,169.85383039302542,0.7539872176188259,19.180805836363966,2021-06-08 12:00:00+00:00
S02,33,BTC_V2_SETUP_B,2021-06-11 13:15:00+00:00,2021-06-11 13:15:00+00:00,2021-06-11 14:30:00+00:00,LONG,37572.857018635455,37159.86192545819,38811.84229816724,37159.86192545819,Stop loss,-25.325952815258574,-1.0,6,2021,2021-06,60.6277468683038,60.6277468683038,0.6854294675842065,24.79808935489001,2021-06-11 12:00:00+00:00
S02,34,BTC_V2_SETUP_B,2021-06-14 11:00:00+00:00,2021-06-14 11:00:00+00:00,2021-06-14 12:00:00+00:00,LONG,39421.81101013643,39079.47595945431,40448.8161621828,39079.47595945431,Stop loss,-25.262637933220425,-1.0,5,2021,2021-06,146.58508457342396,146.58508457342396,0.5633040431642674,21.73098999495024,2021-06-14 09:00:00+00:00
S02,35,BTC_V2_SETUP_B,2021-06-14 12:45:00+00:00,2021-06-14 12:45:00+00:00,2021-06-16 11:30:00+00:00,LONG,39605.36791953279,39015.66832186882,41374.466712524714,39015.66832186882,Stop loss,-25.199481338387372,-0.9999999999999999,188,2021,2021-06,138.8100986161735,138.8100986161735,0.534149766284705,18.00734161382832,2021-06-14 11:00:00+00:00
S02,36,BTC_V2_SETUP_B,2021-06-21 15:45:00+00:00,2021-06-21 15:45:00+00:00,2021-06-22 03:30:00+00:00,SHORT,32445.022548741515,33074.209805033934,30557.46077986426,33074.209805033934,Stop loss,-25.13648263504141,-1.0000000000000002,48,2021,2021-06,-195.3125544890354,195.3125544890354,1.3389188415200821,25.633656431474407,2021-06-21 14:00:00+00:00
S02,37,BTC_V2_SETUP_B,2021-06-22 12:00:00+00:00,2021-06-22 12:00:00+00:00,2021-06-22 12:15:00+00:00,SHORT,31164.16622195191,31581.095112192364,29913.379551230544,29913.379551230544,Take profit,68.24883882213018,2.7219356636679333,2,2021,2021-06,-184.24546485874453,184.24546485874453,1.1560302883210443,27.267599931131546,2021-06-22 10:00:00+00:00
S02,38,BTC_V2_SETUP_B,2021-06-23 20:00:00+00:00,2021-06-23 20:00:00+00:00,2021-06-23 21:15:00+00:00,SHORT,32860.772123141105,33414.92150743558,31198.323970257676,33414.92150743558,Stop loss,-25.244263525509126,-1.0,6,2021,2021-06,-70.07561800003896,70.07561800003896,0.8540080221343196,20.47343198386968,2021-06-23 18:00:00+00:00
S02,39,BTC_V2_SETUP_B,2021-06-25 12:00:00+00:00,2021-06-25 12:00:00+00:00,2021-06-25 16:15:00+00:00,SHORT,33214.86513187614,33579.35947249545,32121.382110018203,32121.382110018203,Take profit,67.13524987691495,2.6660911925803115,18,2021,2021-06,-28.916541523423803,28.916541523423803,0.7486241893142129,24.393750267177623,2021-06-25 10:00:00+00:00
S02,40,BTC_V2_SETUP_B,2021-06-26 13:45:00+00:00,2021-06-26 13:45:00+00:00,2021-06-26 18:00:00+00:00,SHORT,30923.20812606998,31843.54749572007,28162.190017119712,31843.54749572007,Stop loss,-25.348990991387648,-1.0000000000000002,18,2021,2021-06,-147.41721284774394,147.41721284774394,1.2162908703429811,19.022314252331103,2021-06-26 12:00:00+00:00
S02,41,BTC_V2_SETUP_B,2021-06-29 12:45:00+00:00,2021-06-29 13:00:00+00:00,2021-06-30 03:00:00+00:00,LONG,35991.39140315096,35430.43438739614,37674.26245041543,35430.43438739614,Stop loss,-25.285618513909178,-1.0000000000000002,57,2021,2021-06,68.80327411636972,68.80327411636972,0.6896601457452506,29.945220028657396,2021-06-29 11:00:00+00:00
S02,42,BTC_V2_SETUP_B,2021-07-02 09:30:00+00:00,2021-07-02 09:30:00+00:00,2021-07-02 13:00:00+00:00,SHORT,32937.57552374541,33427.06790501835,31469.098379926567,33427.06790501835,Stop loss,-25.222404467624404,-1.0000000000000002,15,2021,2021-07,-49.72788511727413,49.72788511727413,0.5907844945195216,19.508784934724222,2021-07-02 08:00:00+00:00
S02,43,BTC_V2_SETUP_B,2021-07-04 10:45:00+00:00,2021-07-04 10:45:00+00:00,2021-07-04 12:15:00+00:00,LONG,35600.26012626893,35448.93949492428,36054.22202030288,35448.93949492428,Stop loss,-25.15934845645534,-1.0,7,2021,2021-07,65.12677749925933,65.12677749925933,0.348587057503377,39.210385263855486,2021-07-04 09:00:00+00:00
S02,44,BTC_V2_SETUP_B,2021-07-07 11:15:00+00:00,2021-07-07 11:15:00+00:00,2021-07-07 14:30:00+00:00,LONG,34925.166157166605,34566.53537133357,36001.0585146657,34566.53537133357,Stop loss,-25.096450085314203,-1.0,14,2021,2021-07,21.963479055295466,21.963479055295466,0.4498735675679766,18.31563153484729,2021-07-07 10:00:00+00:00
S02,45,BTC_V2_SETUP_B,2021-07-08 11:00:00+00:00,2021-07-08 11:00:00+00:00,2021-07-08 12:30:00+00:00,SHORT,32463.42292927929,32789.14828288284,31486.246868468654,32789.14828288284,Stop loss,-25.03370896010092,-1.0,7,2021,2021-07,-75.99956226344511,75.99956226344511,0.6269618637697939,46.54106618069211,2021-07-08 09:00:00+00:00
S02,46,BTC_V2_SETUP_B,2021-07-08 13:45:00+00:00,2021-07-08 13:45:00+00:00,2021-07-08 14:30:00+00:00,SHORT,32353.107687417367,32707.899250330527,31288.732998677886,32707.899250330527,Stop loss,-24.971124687700673,-1.0000000000000002,4,2021,2021-07,-80.35685826132249,80.35685826132249,0.6679121758334325,32.66124655237689,2021-07-08 12:00:00+00:00
S02,47,BTC_V2_SETUP_B,2021-07-13 18:45:00+00:00,2021-07-13 18:45:00+00:00,2021-07-13 23:15:00+00:00,SHORT,32517.09627054581,32725.194917816763,31892.800328732956,32725.194917816763,Stop loss,-24.908696875981413,-1.0,19,2021,2021-07,-47.896898358652834,47.896898358652834,0.4209307674944805,19.55175323930706,2021-07-13 17:00:00+00:00
S02,48,BTC_V2_SETUP_B,2021-07-14 09:00:00+00:00,2021-07-14 09:00:00+00:00,2021-07-14 09:00:00+00:00,SHORT,31712.93529007183,32026.928839712684,30770.954641149267,32026.928839712684,Stop loss,-24.84642513379146,-1.0,1,2021,2021-07,-81.37988302535814,81.37988302535814,0.4448917639483878,35.240924191436214,2021-07-14 07:00:00+00:00
S02,49,BTC_V2_SETUP_B,2021-07-15 17:15:00+00:00,2021-07-15 17:15:00+00:00,2021-07-15 19:15:00+00:00,SHORT,31190.415215759156,31754.52913696338,29498.07345214648,31754.52913696338,Stop loss,-24.78430907095698,-1.0,9,2021,2021-07,-74.66393559214339,74.66393559214339,0.6128782292468992,56.0231361027072,2021-07-15 16:00:00+00:00
S02,50,BTC_V2_SETUP_B,2021-07-16 10:30:00+00:00,2021-07-16 10:30:00+00:00,2021-07-16 12:15:00+00:00,SHORT,31193.425327565445,31483.93868973821,30321.885241047148,31483.93868973821,Stop loss,-24.722348298279584,-1.0,8,2021,2021-07,-68.0578537911133,68.0578537911133,0.422381134874027,27.320769009815564,2021-07-16 09:00:00+00:00
S02,51,BTC_V2_SETUP_B,2021-07-17 10:15:00+00:00,2021-07-17 10:15:00+00:00,2021-07-17 13:45:00+00:00,SHORT,31266.674637498458,31693.54145000616,29986.07419997535,31693.54145000616,Stop loss,-24.660542427533887,-1.0,15,2021,2021-07,-55.219399344230624,55.219399344230624,0.4556761571372824,20.874373086689534,2021-07-17 09:00:00+00:00
S02,52,BTC_V2_SETUP_B,2021-07-20 08:45:00+00:00,2021-07-20 08:45:00+00:00,2021-07-20 15:15:00+00:00,SHORT,29649.588830422657,29915.61467830937,28851.511286762514,29915.61467830937,Stop loss,-24.598891071465058,-1.0000000000000002,27,2021,2021-07,-114.57766597924274,114.57766597924274,0.440101911327121,27.839499234444144,2021-07-20 07:00:00+00:00
S02,53,BTC_V2_SETUP_B,2021-07-24 09:45:00+00:00,2021-07-24 09:45:00+00:00,2021-07-25 05:15:00+00:00,LONG,33845.13842167381,33608.81631330476,34554.10474678096,34554.10474678096,Take profit,61.311136498971486,2.498681681082334,79,2021,2021-07,90.33508020218142,90.33508020218142,0.3675307411591326,34.79607806176487,2021-07-24 08:00:00+00:00
S02,54,BTC_V2_SETUP_B,2021-07-25 07:15:00+00:00,2021-07-25 07:15:00+00:00,2021-07-25 09:15:00+00:00,LONG,34650.0,34413.8967673925,35358.3096978225,34413.8967673925,Stop loss,-25.069653754941225,-1.0153492004892328,9,2021,2021-07,98.00308688265795,98.00308688265795,0.3992016987411171,37.39623837702125,2021-07-25 06:00:00+00:00
S02,55,BTC_V2_SETUP_B,2021-07-26 10:45:00+00:00,2021-07-26 10:45:00+00:00,2021-07-26 13:00:00+00:00,LONG,38508.0913283782,38085.20468648722,39776.751254051145,38085.20468648722,Stop loss,-24.627997550646466,-1.0,10,2021,2021-07,261.92753877279756,261.92753877279756,0.8087083460099648,28.861678607595987,2021-07-26 09:00:00+00:00
S02,56,BTC_V2_SETUP_B,2021-07-26 15:45:00+00:00,2021-07-26 15:45:00+00:00,2021-07-26 18:30:00+00:00,LONG,38648.789477511826,38239.08208995271,39877.91164018917,39877.91164018917,Take profit,65.22479972313076,2.6550380421575195,12,2021,2021-07,254.97323319707357,254.97323319707357,0.6595714531473849,19.432620990622997,2021-07-26 14:00:00+00:00
S02,57,BTC_V2_SETUP_B,2021-07-27 11:45:00+00:00,2021-07-27 11:45:00+00:00,2021-07-27 18:00:00+00:00,LONG,37929.73632457521,37534.25470169915,39116.181193203396,37534.25470169915,Stop loss,-24.729489556077677,-1.0,26,2021,2021-07,155.67659085043852,155.67659085043852,0.5671600487350228,26.122138249625973,2021-07-27 10:00:00+00:00
S02,58,BTC_V2_SETUP_B,2021-07-28 10:00:00+00:00,2021-07-28 10:00:00+00:00,2021-07-28 11:30:00+00:00,LONG,39973.52,39682.904417346144,40845.366747961554,40845.366747961554,Take profit,67.29874003152298,2.7282167874882,7,2021,2021-07,234.32644827420154,234.32644827420154,0.693338792180318,19.94699198622817,2021-07-28 08:00:00+00:00
S02,59,BTC_V2_SETUP_B,2021-07-31 08:15:00+00:00,2021-07-31 08:30:00+00:00,2021-07-31 11:15:00+00:00,LONG,41775.96727562085,41479.73089751659,42664.67640993365,41479.73089751659,Stop loss,-24.83591268226629,-0.9999999999999999,12,2021,2021-07,205.4404757952143,205.4404757952143,0.5151018853651861,27.250548180979663,2021-07-31 07:00:00+00:00
S02,60,BTC_V2_SETUP_B,2021-08-07 17:00:00+00:00,2021-08-07 17:00:00+00:00,2021-08-13 20:00:00+00:00,LONG,43819.84955748463,42697.47177006148,47186.98291975409,47186.98291975409,Take profit,70.59617272540034,2.849627730397748,589,2021,2021-08,174.277934620186,174.277934620186,0.9070322606640622,19.712911781673125,2021-08-07 15:00:00+00:00
S02,61,BTC_V2_SETUP_B,2021-08-16 11:15:00+00:00,2021-08-16 11:15:00+00:00,2021-08-16 12:00:00+00:00,LONG,47651.79702906083,47325.28188375668,48631.34246497327,47325.28188375668,Stop loss,-24.950313332374126,-1.0,4,2021,2021-08,93.6529542143835,93.6529542143835,0.39525589602916467,20.12491923421468,2021-08-16 10:00:00+00:00
S02,62,BTC_V2_SETUP_B,2021-08-17 10:00:00+00:00,2021-08-17 10:00:00+00:00,2021-08-17 13:00:00+00:00,LONG,46929.96370196557,46468.39519213772,48314.669231449116,46468.39519213772,Stop loss,-24.887937549043194,-1.0000000000000002,13,2021,2021-08,22.6904318174129,22.6904318174129,0.5234143172076169,20.3148441357978,2021-08-17 08:00:00+00:00
S02,63,BTC_V2_SETUP_B,2021-08-19 10:45:00+00:00,2021-08-19 10:45:00+00:00,2021-08-19 13:30:00+00:00,SHORT,44464.26290425223,44778.60838299107,43521.22646803571,44778.60838299107,Stop loss,-24.825717705170582,-1.0,12,2021,2021-08,-44.70797984817909,44.70797984817909,0.4826460358835281,18.240515665520856,2021-08-19 09:00:00+00:00
S02,64,BTC_V2_SETUP_B,2021-08-20 09:15:00+00:00,2021-08-20 09:30:00+00:00,2021-08-20 14:45:00+00:00,LONG,47207.98844849475,46732.406206021,48634.735175915994,48634.735175915994,Take profit,65.34225250409891,2.638635399222539,22,2021,2021-08,71.20193669919536,71.20193669919536,0.402954371104004,22.855243982239603,2021-08-20 08:00:00+00:00
S02,65,BTC_V2_SETUP_B,2021-08-20 19:45:00+00:00,2021-08-20 20:00:00+00:00,2021-08-21 11:00:00+00:00,LONG,48755.286553938975,48398.633784244084,49825.24486302365,48398.633784244084,Stop loss,-24.927009042167903,-1.0,61,2021,2021-08,143.16822321179643,143.16822321179643,0.4417849779489731,33.188826113765195,2021-08-20 18:00:00+00:00
S02,66,BTC_V2_SETUP_B,2021-08-21 16:15:00+00:00,2021-08-21 16:15:00+00:00,2021-08-21 19:15:00+00:00,LONG,49381.63227129938,49072.99091480248,50307.55634079007,49072.99091480248,Stop loss,-24.864691519562477,-0.9999999999999999,13,2021,2021-08,133.37051776668523,133.37051776668523,0.4145019707514331,23.13815700514216,2021-08-21 15:00:00+00:00
S02,67,BTC_V2_SETUP_B,2021-08-23 09:00:00+00:00,2021-08-23 09:15:00+00:00,2021-08-23 10:00:00+00:00,LONG,50308.29214625156,50106.60141499375,50913.36434002499,50106.60141499375,Stop loss,-24.802529790763572,-0.9999999999999999,4,2021,2021-08,146.84027855496242,146.84027855496242,0.3297833300315297,22.598832588977604,2021-08-23 07:00:00+00:00
S02,68,BTC_V2_SETUP_B,2021-08-31 10:00:00+00:00,2021-08-31 10:00:00+00:00,2021-08-31 10:45:00+00:00,SHORT,47336.182697114156,47605.89921154336,46527.03315382655,47605.89921154336,Stop loss,-24.74052346628666,-0.9999999999999999,4,2021,2021-08,-37.43071885879908,37.43071885879908,0.41971662441310265,20.60283222304409,2021-08-31 08:00:00+00:00
S02,69,BTC_V2_SETUP_B,2021-09-02 10:45:00+00:00,2021-09-02 10:45:00+00:00,2021-09-02 14:30:00+00:00,LONG,50086.060540235885,49716.68783905647,51194.17864377414,49716.68783905647,Stop loss,-24.678672157620948,-1.0000000000000002,16,2021,2021-09,89.83679048632621,89.83679048632621,0.4281564787260811,26.218972108130803,2021-09-02 09:00:00+00:00
S02,70,BTC_V2_SETUP_B,2021-09-05 14:15:00+00:00,2021-09-05 14:15:00+00:00,2021-09-05 15:30:00+00:00,LONG,50417.22521060096,50135.51915759616,51262.34336961537,50135.51915759616,Stop loss,-24.616975477226887,-0.9999999999999999,6,2021,2021-09,53.816037635064276,53.816037635064276,0.3064982037497087,22.53533569266407,2021-09-05 13:00:00+00:00
S02,71,BTC_V2_SETUP_B,2021-09-05 17:00:00+00:00,2021-09-05 17:00:00+00:00,2021-09-05 20:45:00+00:00,LONG,50462.44641793455,50219.554328261795,51191.122686952825,51191.122686952825,Take profit,56.763333303899685,2.3116404917324544,16,2021,2021-09,55.826768307364546,55.826768307364546,0.32083167263653506,19.29547637539024,2021-09-05 15:00:00+00:00
S02,72,BTC_V2_SETUP_B,2021-09-06 07:45:00+00:00,2021-09-06 07:45:00+00:00,2021-09-06 07:45:00+00:00,LONG,51952.38771622633,51740.099135094686,52589.253459621264,51740.099135094686,Stop loss,-24.69734137179357,-0.9999999999999999,1,2021,2021-09,117.80848690617859,117.80848690617859,0.21936782598962223,21.29829636168565,2021-09-06 06:00:00+00:00
S02,73,BTC_V2_SETUP_B,2021-09-06 11:15:00+00:00,2021-09-06 11:15:00+00:00,2021-09-06 11:15:00+00:00,LONG,51991.889458629434,51739.35216548228,52749.501338070884,51739.35216548228,Stop loss,-24.635598018364092,-1.0000000000000002,1,2021,2021-09,116.72972915123682,116.72972915123682,0.22196150162500278,23.60337623258405,2021-09-06 10:00:00+00:00
S02,74,BTC_V2_SETUP_B,2021-09-10 07:30:00+00:00,2021-09-10 07:30:00+00:00,2021-09-10 14:45:00+00:00,SHORT,46134.951446348874,46524.644214604494,44965.873141582015,44965.873141582015,Take profit,63.32145791309067,2.576765470095058,30,2021,2021-09,-89.6464401718622,89.6464401718622,0.3870899411992836,19.534028266573614,2021-09-10 06:00:00+00:00
S02,75,BTC_V2_SETUP_B,2021-09-13 07:30:00+00:00,2021-09-13 07:30:00+00:00,2021-09-13 12:00:00+00:00,SHORT,44274.89430469012,44958.48278123953,42224.12887504188,44958.48278123953,Stop loss,-24.732312668100906,-1.0,19,2021,2021-09,-107.51931003469508,107.51931003469508,0.5768066201409414,33.77965094864708,2021-09-13 06:00:00+00:00
S02,76,BTC_V2_SETUP_B,2021-09-20 18:30:00+00:00,2021-09-20 18:30:00+00:00,2021-09-21 00:15:00+00:00,SHORT,43569.6265974422,44195.37361023122,41692.38555907514,41692.38555907514,Take profit,67.59067917230034,2.7397389107943124,24,2021,2021-09,-157.3914748368552,157.3914748368552,0.7497472335455588,39.198626194458356,2021-09-20 17:00:00+00:00
S02,77,BTC_V2_SETUP_B,2021-09-21 17:00:00+00:00,2021-09-21 17:00:00+00:00,2021-09-21 21:15:00+00:00,SHORT,42334.11963891014,43066.88144435944,40135.83422256224,40135.83422256224,Take profit,69.09422242750193,2.7816315799653832,18,2021,2021-09,-164.74502563317947,164.74502563317947,0.7881650099937539,18.423698900433056,2021-09-21 15:00:00+00:00
S03,1,BTC_V2_SETUP_B,2021-10-02 19:15:00+00:00,2021-10-02 19:15:00+00:00,2021-10-02 23:15:00+00:00,LONG,48185.73816141103,47794.96735435591,49358.050582576376,47794.96735435591,Stop loss,-25.000000000000004,-1.0000000000000002,17,2021,2021-10,193.2567406433227,193.2567406433227,0.3116827418118668,25.527770767266087,2021-10-02 18:00:00+00:00
S03,2,BTC_V2_SETUP_B,2021-10-05 19:15:00+00:00,2021-10-05 19:15:00+00:00,2021-10-06 12:45:00+00:00,LONG,50912.265827765,50355.85668894001,52581.49324423996,52581.49324423996,Take profit,66.44654101121247,2.664522947818044,71,2021,2021-10,185.68044939053652,185.68044939053652,0.48246886889425505,18.81423357665374,2021-10-05 18:00:00+00:00
S03,3,BTC_V2_SETUP_B,2021-10-09 10:00:00+00:00,2021-10-09 10:00:00+00:00,2021-10-09 20:00:00+00:00,LONG,54938.87894433301,54531.60422266797,56160.703109328126,54531.60422266797,Stop loss,-25.10361635252803,-1.0,41,2021,2021-10,200.7454863196399,200.7454863196399,0.36741093069051084,26.18712738078825,2021-10-09 08:00:00+00:00
S03,4,BTC_V2_SETUP_B,2021-10-10 11:45:00+00:00,2021-10-10 11:45:00+00:00,2021-10-10 12:15:00+00:00,LONG,55310.6683412002,54829.66663519918,56753.673459203266,54829.66663519918,Stop loss,-25.04085731164671,-1.0,3,2021,2021-10,182.5356417938092,182.5356417938092,0.43720259001962186,26.686152668808116,2021-10-10 10:00:00+00:00
S03,5,BTC_V2_SETUP_B,2021-10-11 19:45:00+00:00,2021-10-11 19:45:00+00:00,2021-10-11 20:00:00+00:00,LONG,57796.300468278605,57457.05812688558,58814.02749245767,57457.05812688558,Stop loss,-24.978255168367596,-1.0000000000000002,2,2021,2021-10,226.31533809194661,226.31533809194661,0.3831806834741421,21.18325188176506,2021-10-11 18:00:00+00:00
S03,6,BTC_V2_SETUP_B,2021-10-13 20:00:00+00:00,2021-10-13 20:00:00+00:00,2021-10-13 20:45:00+00:00,LONG,57313.21666427136,56918.463342914576,58497.4766283417,56918.463342914576,Stop loss,-24.915809530446676,-1.0000000000000002,4,2021,2021-10,119.0159335319695,119.0159335319695,0.4615474216963038,38.72476373541708,2021-10-13 18:00:00+00:00
S03,7,BTC_V2_SETUP_B,2021-10-15 11:30:00+00:00,2021-10-15 11:45:00+00:00,2021-10-15 16:15:00+00:00,LONG,59512.32741564239,59157.34033743046,60577.28865027816,60577.28865027816,Take profit,60.28093080489104,2.4254484189295207,19,2021,2021-10,194.96899755748018,194.96899755748018,0.44429549822116315,23.48280765084962,2021-10-15 10:00:00+00:00
S04,1,BTC_V2_SETUP_B,2021-10-31 08:15:00+00:00,2021-10-31 08:15:00+00:00,2021-10-31 21:30:00+00:00,SHORT,61071.71020014047,61453.52919943812,59926.25320224753,61453.52919943812,Stop loss,-25.0,-1.0,54,2021,2021-10,-8.487862500543997,8.487862500543997,0.29957992023441726,34.64968687940666,2021-10-31 07:00:00+00:00
S04,2,BTC_V2_SETUP_B,2021-11-02 14:00:00+00:00,2021-11-02 14:00:00+00:00,2021-11-02 14:15:00+00:00,LONG,63522.4296560729,63109.44137570841,64761.39449716636,63109.44137570841,Stop loss,-24.937499999999996,-0.9999999999999999,2,2021,2021-11,67.55247863093246,67.55247863093246,0.39169779609211564,45.43245855182355,2021-11-02 12:00:00+00:00
S04,3,BTC_V2_SETUP_B,2021-11-02 15:45:00+00:00,2021-11-02 15:45:00+00:00,2021-11-02 18:15:00+00:00,LONG,64038.03715862807,63298.081365487735,66257.90453804907,63298.081365487735,Stop loss,-24.87515625,-1.0,11,2021,2021-11,87.0626471192154,87.0626471192154,0.4512295730886343,50.880375631400895,2021-11-02 14:00:00+00:00
S04,4,BTC_V2_SETUP_B,2021-11-05 19:45:00+00:00,2021-11-05 19:45:00+00:00,2021-11-05 22:15:00+00:00,SHORT,60968.34620460339,61268.14518158644,60068.94927365423,61268.14518158644,Stop loss,-24.812968359374995,-0.9999999999999999,11,2021,2021-11,-41.154754131814116,41.154754131814116,0.357870013646194,21.298308561043896,2021-11-05 18:00:00+00:00
S04,5,BTC_V2_SETUP_B,2021-11-08 09:00:00+00:00,2021-11-08 09:00:00+00:00,2021-11-08 13:30:00+00:00,LONG,66319.7670193165,65579.74192273403,68539.8423090639,65579.74192273403,Stop loss,-24.750935938476562,-1.0,19,2021,2021-11,181.5351118889448,181.5351118889448,0.42318021945170065,64.0682344859811,2021-11-08 07:00:00+00:00
S04,6,BTC_V2_SETUP_B,2021-11-08 15:30:00+00:00,2021-11-08 15:30:00+00:00,2021-11-08 23:15:00+00:00,LONG,65772.5694123406,65247.22235063764,67348.61059744947,67348.61059744947,Take profit,63.07390373869129,2.554731015227544,32,2021,2021-11,176.1302072710896,176.1302072710896,0.3832435180716557,29.992612945471773,2021-11-08 14:00:00+00:00
S04,7,BTC_V2_SETUP_B,2021-11-15 09:00:00+00:00,2021-11-15 09:00:00+00:00,2021-11-15 14:00:00+00:00,LONG,65857.81414629878,65311.393414804836,67497.07634078062,65311.393414804836,Stop loss,-24.846743357977104,-1.0,21,2021,2021-11,64.0095029535587,64.0095029535587,0.2777998416010013,23.23159887459863,2021-11-15 07:00:00+00:00
S04,8,BTC_V2_SETUP_B,2021-11-16 09:30:00+00:00,2021-11-16 09:30:00+00:00,2021-11-16 14:45:00+00:00,SHORT,60478.97061608131,61387.157535674756,57754.40985730096,61387.157535674756,Stop loss,-24.784626499582156,-0.9999999999999999,22,2021,2021-11,-166.67444830724708,166.67444830724708,0.6942778314750166,57.20870260592987,2021-11-16 08:00:00+00:00
S04,9,BTC_V2_SETUP_B,2021-11-16 19:00:00+00:00,2021-11-16 19:00:00+00:00,2021-11-16 19:30:00+00:00,SHORT,59935.8579743267,60587.01810269322,57982.37758922713,60587.01810269322,Stop loss,-24.722664933333203,-1.0,3,2021,2021-11,-165.3556007681036,165.3556007681036,0.5383791542439625,18.159661932634496,2021-11-16 17:00:00+00:00
S04,10,BTC_V2_SETUP_B,2021-11-19 07:15:00+00:00,2021-11-19 07:15:00+00:00,2021-11-19 08:15:00+00:00,SHORT,56084.715040329866,56521.77983868056,54773.520645277786,56521.77983868056,Stop loss,-24.660858270999874,-1.0000000000000002,5,2021,2021-11,-278.9837127143837,278.9837127143837,0.5417106612164014,34.05082131860505,2021-11-19 06:00:00+00:00
S04,11,BTC_V2_SETUP_B,2021-11-19 11:15:00+00:00,2021-11-19 11:15:00+00:00,2021-11-19 12:15:00+00:00,SHORT,56575.41164848782,57284.46340604875,54448.25637580502,57284.46340604875,Stop loss,-24.599206125322368,-0.9999999999999999,5,2021,2021-11,-245.08818326660548,245.08818326660548,0.55020611101585,26.451423535151896,2021-11-19 10:00:00+00:00
S04,12,BTC_V2_SETUP_B,2021-11-22 10:00:00+00:00,2021-11-22 10:00:00+00:00,2021-11-22 12:15:00+00:00,SHORT,57181.42846291042,57704.81614835832,55611.26540656674,57704.81614835832,Stop loss,-24.537708110009063,-0.9999999999999999,10,2021,2021-11,-137.15763464885094,137.15763464885094,0.44442072391891185,35.20564998980802,2021-11-22 08:00:00+00:00
S04,13,BTC_V2_SETUP_B,2021-11-22 13:15:00+00:00,2021-11-22 13:15:00+00:00,2021-11-22 13:30:00+00:00,SHORT,56860.82415961929,57551.60336152283,54788.48655390867,57551.60336152283,Stop loss,-24.476363839734045,-1.0,2,2021,2021-11,-134.14469466351147,134.14469466351147,0.5440810073053342,23.025232114052713,2021-11-22 12:00:00+00:00
S04,14,BTC_V2_SETUP_B,2021-11-22 17:45:00+00:00,2021-11-22 17:45:00+00:00,2021-11-22 19:30:00+00:00,SHORT,57359.472984270076,57776.97806291971,56106.95774832117,56106.95774832117,Take profit,61.454147313284146,2.517047390536139,8,2021,2021-11,-89.6592985824609,89.6592985824609,0.5959934910033963,18.6912038670249,2021-11-22 16:00:00+00:00
S04,15,BTC_V2_SETUP_B,2021-11-23 11:45:00+00:00,2021-11-23 11:45:00+00:00,2021-11-23 13:00:00+00:00,SHORT,56029.067178258374,56597.061286966484,54325.084852134045,56597.061286966484,Stop loss,-24.56880829841792,-1.0,6,2021,2021-11,-151.2943659220473,151.2943659220473,0.8471590181338534,23.820239007663663,2021-11-23 10:00:00+00:00
S05,1,BTC_V2_SETUP_B,2021-12-05 15:15:00+00:00,2021-12-05 15:15:00+00:00,2021-12-05 17:30:00+00:00,SHORT,48600.39591492855,49311.19634028579,46467.99463885684,49311.19634028579,Stop loss,-25.0,-1.0,10,2021,2021-12,-245.32227639082703,245.32227639082703,0.6254657387968513,19.94673895020194,2021-12-05 14:00:00+00:00
S05,2,BTC_V2_SETUP_B,2021-12-05 19:15:00+00:00,2021-12-05 19:15:00+00:00,2021-12-05 23:00:00+00:00,SHORT,48628.57084102464,49457.39663590144,46142.093456394236,49457.39663590144,Stop loss,-24.9375,-1.0,16,2021,2021-12,-258.8254343900189,258.8254343900189,0.7154647439105565,18.988450191390466,2021-12-05 18:00:00+00:00
S05,3,BTC_V2_SETUP_B,2021-12-09 14:30:00+00:00,2021-12-09 14:30:00+00:00,2021-12-09 20:00:00+00:00,SHORT,49010.81287814558,49533.808487417664,47441.826050329335,47441.826050329335,Take profit,66.10392430711359,2.657427500866998,23,2021,2021-12,-115.2858313498582,115.2858313498582,0.5172503539592435,27.06049636779108,2021-12-09 13:00:00+00:00
S05,4,BTC_V2_SETUP_B,2021-12-13 07:15:00+00:00,2021-12-13 07:30:00+00:00,2021-12-13 08:45:00+00:00,SHORT,48739.39268161026,49148.219273558956,47512.91290576418,49148.219273558956,Stop loss,-25.040416060767782,-1.0,6,2021,2021-12,-49.36143242632534,49.36143242632534,0.43484833094458947,31.161358938378175,2021-12-13 06:00:00+00:00
S05,5,BTC_V2_SETUP_B,2021-12-13 13:00:00+00:00,2021-12-13 13:00:00+00:00,2021-12-13 15:45:00+00:00,SHORT,48556.292543680036,48989.97982527985,47255.230698880594,47255.230698880594,Take profit,64.87807016653173,2.597427761915264,12,2021,2021-12,-53.56916416811873,53.56916416811873,0.40469869384949164,42.048217788297265,2021-12-13 11:00:00+00:00
S05,6,BTC_V2_SETUP_B,2021-12-13 19:15:00+00:00,2021-12-13 19:15:00+00:00,2021-12-14 11:45:00+00:00,SHORT,47075.60676671974,47560.52293312104,45620.85826751584,47560.52293312104,Stop loss,-25.14001019603219,-1.0,67,2021,2021-12,-117.6755263357627,117.6755263357627,0.7117696480538274,47.32519075126992,2021-12-13 18:00:00+00:00
S05,7,BTC_V2_SETUP_B,2021-12-17 10:30:00+00:00,2021-12-17 10:30:00+00:00,2021-12-17 12:15:00+00:00,SHORT,46866.23192974233,47306.90228103069,45544.22087587725,47306.90228103069,Stop loss,-25.07716017054211,-1.0,8,2021,2021-12,-71.06750484539953,71.06750484539953,0.42316061612019723,33.12530994157497,2021-12-17 09:00:00+00:00
S05,8,BTC_V2_SETUP_B,2021-12-17 14:00:00+00:00,2021-12-17 14:00:00+00:00,2021-12-17 15:00:00+00:00,SHORT,46902.55002858169,47300.32988567324,45709.210457307025,45709.210457307025,Take profit,64.49458970825937,2.578291554716005,5,2021,2021-12,-79.58359872343863,79.58359872343863,0.4438998290985784,22.591693177818474,2021-12-17 12:00:00+00:00
S05,9,BTC_V2_SETUP_B,2021-12-17 17:45:00+00:00,2021-12-17 17:45:00+00:00,2021-12-17 19:00:00+00:00,SHORT,46682.08172947717,47107.77308209131,45405.00767163474,47107.77308209131,Stop loss,-25.175703744386407,-1.0,6,2021,2021-12,-95.227482945862,95.227482945862,0.7672739159423269,24.541280026567765,2021-12-17 16:00:00+00:00
S05,10,BTC_V2_SETUP_B,2021-12-19 12:15:00+00:00,2021-12-19 12:15:00+00:00,2021-12-19 12:45:00+00:00,SHORT,46951.3820094614,47246.99196215441,46064.55215138236,47246.99196215441,Stop loss,-25.112764485025433,-0.9999999999999997,3,2021,2021-12,-35.32308269385976,35.32308269385976,0.35505135597589377,25.704482658197566,2021-12-19 11:00:00+00:00
S05,11,BTC_V2_SETUP_B,2021-12-20 09:15:00+00:00,2021-12-20 09:15:00+00:00,2021-12-20 16:45:00+00:00,SHORT,45911.538384027,46371.41646389201,44531.90414443197,46371.41646389201,Stop loss,-25.049982573812876,-1.0,31,2021,2021-12,-63.12154772035865,63.12154772035865,0.4980732139575832,22.234856761661245,2021-12-20 08:00:00+00:00
S05,12,BTC_V2_SETUP_B,2021-12-27 17:15:00+00:00,2021-12-27 17:15:00+00:00,2021-12-27 19:45:00+00:00,LONG,51629.14854107346,51412.935835706136,52277.786657175435,51412.935835706136,Stop loss,-24.987357617378343,-1.0,11,2021,2021-12,85.88049205125571,85.88049205125571,0.31764394392068596,21.742370861319454,2021-12-27 16:00:00+00:00
S05,13,BTC_V2_SETUP_B,2022-01-03 16:00:00+00:00,2022-01-03 16:00:00+00:00,2022-01-04 13:45:00+00:00,SHORT,46579.056244564184,46988.565021743256,45350.52991302697,46988.565021743256,Stop loss,-24.924889223334898,-1.0,88,2022,2022-01,-34.550958360006916,34.550958360006916,0.4001513212775408,20.077269410904538,2022-01-03 14:00:00+00:00
S06,1,BTC_V2_SETUP_B,2022-01-14 08:15:00+00:00,2022-01-14 08:30:00+00:00,2022-01-14 14:45:00+00:00,SHORT,42387.95059556617,42748.1676177353,41307.29952905879,42748.1676177353,Stop loss,-25.000000000000004,-1.0000000000000002,26,2022,2022-01,-17.11027143877436,17.11027143877436,0.33189145779631507,18.772115659441077,2022-01-14 07:00:00+00:00
S06,2,BTC_V2_SETUP_B,2022-01-17 08:00:00+00:00,2022-01-17 08:00:00+00:00,2022-01-17 09:45:00+00:00,SHORT,42648.536105073865,42932.56557970454,41796.44768118184,42932.56557970454,Stop loss,-24.937499999999996,-0.9999999999999999,8,2022,2022-01,-17.401518312559347,17.401518312559347,0.3320806646462864,21.7680494239182,2022-01-17 06:00:00+00:00
S06,3,BTC_V2_SETUP_B,2022-01-17 16:15:00+00:00,2022-01-17 16:15:00+00:00,2022-01-20 14:30:00+00:00,SHORT,42189.445205208576,42698.96917916567,40660.873283337285,42698.96917916567,Stop loss,-24.87515625,-1.0,282,2022,2022-01,-20.837338055294822,20.837338055294822,0.4092542798820201,38.588171533838675,2022-01-17 15:00:00+00:00
S06,4,BTC_V2_SETUP_B,2022-01-21 11:15:00+00:00,2022-01-21 11:15:00+00:00,2022-01-21 12:30:00+00:00,SHORT,38768.595962061,39086.08615175601,37816.12539297597,37816.12539297597,Take profit,63.642983307222224,2.564908091021533,6,2022,2022-01,-161.80012408292532,161.80012408292532,0.5564683000633939,39.97640136910303,2022-01-21 10:00:00+00:00
S06,5,BTC_V2_SETUP_B,2022-01-21 17:15:00+00:00,2022-01-21 17:15:00+00:00,2022-01-21 21:45:00+00:00,SHORT,38433.839551331694,38830.12179467324,37244.992821307045,37244.992821307045,Take profit,66.08899024390313,2.6465156812158366,19,2022,2022-01,-174.56970615957107,174.56970615957107,0.8594322425639138,27.958735027455752,2022-01-21 16:00:00+00:00
S06,6,BTC_V2_SETUP_B,2022-01-22 07:30:00+00:00,2022-01-22 07:30:00+00:00,2022-01-22 13:15:00+00:00,SHORT,35253.947444690595,35956.680221237606,33145.74911504956,35956.680221237606,Stop loss,-25.13729829325281,-1.0,24,2022,2022-01,-264.5433908956329,264.5433908956329,0.9490205833833198,50.97775374370191,2022-01-22 06:00:00+00:00
S06,7,BTC_V2_SETUP_B,2022-01-22 15:00:00+00:00,2022-01-22 15:15:00+00:00,2022-01-23 07:30:00+00:00,SHORT,34982.44265316811,35739.51938732755,32711.21245068979,35739.51938732755,Stop loss,-25.074455047519677,-1.0,66,2022,2022-01,-278.6521323976849,278.6521323976849,1.0666183752920637,26.789803087777212,2022-01-22 13:00:00+00:00
S06,8,BTC_V2_SETUP_B,2022-01-23 19:00:00+00:00,2022-01-23 19:15:00+00:00,2022-01-23 20:00:00+00:00,SHORT,34862.503216087214,35272.77713565115,33631.6814573954,35272.77713565115,Stop loss,-25.01176890990088,-1.0,4,2022,2022-01,-209.4325047305756,209.4325047305756,0.5475354581253298,19.370229144342183,2022-01-23 17:00:00+00:00
S06,9,BTC_V2_SETUP_B,2022-01-31 11:45:00+00:00,2022-01-31 11:45:00+00:00,2022-01-31 11:45:00+00:00,SHORT,36974.87285886144,37289.82856455424,36030.00574178303,37289.82856455424,Stop loss,-24.949239487626127,-1.0,1,2022,2022-01,-21.41519471830543,21.41519471830543,0.2891248318291745,18.129549619374878,2022-01-31 10:00:00+00:00
S06,10,BTC_V2_SETUP_B,2022-02-01 08:15:00+00:00,2022-02-01 08:15:00+00:00,2022-02-01 09:30:00+00:00,LONG,38597.17481967705,38378.6607212918,39252.71711483279,38378.6607212918,Stop loss,-24.88686638890706,-1.0,6,2022,2022-02,41.08172599019599,41.08172599019599,0.3071880923038245,22.104869713049403,2022-02-01 07:00:00+00:00
S06,11,BTC_V2_SETUP_B,2022-02-01 12:30:00+00:00,2022-02-01 12:30:00+00:00,2022-02-01 14:45:00+00:00,LONG,38641.206835030054,38366.732659879766,39464.62936048092,38366.732659879766,Stop loss,-24.824649222934795,-1.0000000000000002,10,2022,2022-02,35.85075784954097,35.85075784954097,0.43055722883055225,20.611741121744856,2022-02-01 11:00:00+00:00
S06,12,BTC_V2_SETUP_B,2022-02-01 16:15:00+00:00,2022-02-01 16:30:00+00:00,2022-02-02 06:30:00+00:00,LONG,39013.71863735102,38270.79545059592,41242.488197616316,38270.79545059592,Stop loss,-24.762587599877453,-1.0,57,2022,2022-02,45.01858531877224,45.01858531877224,0.6523897025779494,23.56784662017521,2022-02-01 15:00:00+00:00
S06,13,BTC_V2_SETUP_B,2022-02-03 17:00:00+00:00,2022-02-03 17:00:00+00:00,2022-02-03 21:30:00+00:00,SHORT,36698.3767998024,36968.122800790385,35889.13879683844,36968.122800790385,Stop loss,-24.700681130877754,-1.0,19,2022,2022-02,-51.14123425625439,51.14123425625439,0.51777439599325,19.844953875764663,2022-02-03 15:00:00+00:00
S06,14,BTC_V2_SETUP_B,2022-02-06 17:30:00+00:00,2022-02-06 17:30:00+00:00,2022-02-06 17:30:00+00:00,LONG,41755.100099016694,41611.369603933235,42186.29158426707,41611.369603933235,Stop loss,-24.63892942805056,-1.0,1,2022,2022-02,125.24619601120503,125.24619601120503,0.40105341238467973,26.690498238555968,2022-02-06 16:00:00+00:00
S06,15,BTC_V2_SETUP_B,2022-02-06 20:00:00+00:00,2022-02-06 20:00:00+00:00,2022-02-06 20:45:00+00:00,LONG,41775.25716384712,41616.15134461151,42252.57462155394,41616.15134461151,Stop loss,-24.577332104480433,-1.0,4,2022,2022-02,121.4202076245565,121.4202076245565,0.3298329274392463,19.17209942426645,2022-02-06 18:00:00+00:00
S06,16,BTC_V2_SETUP_B,2022-02-07 11:15:00+00:00,2022-02-07 11:15:00+00:00,2022-02-07 14:30:00+00:00,LONG,42740.20988792951,42524.800448281974,43386.43820687211,43386.43820687211,Take profit,57.305125094751745,2.3374687992145518,14,2022,2022-02,154.12013409176143,154.12013409176143,0.3741710603663227,22.0831292185826,2022-02-07 10:00:00+00:00
S06,17,BTC_V2_SETUP_B,2022-02-10 10:15:00+00:00,2022-02-10 10:15:00+00:00,2022-02-10 13:30:00+00:00,LONG,44604.28669327969,44306.11322688122,45498.807092475094,44306.11322688122,Stop loss,-24.659151586956117,-1.0000000000000002,14,2022,2022-02,117.84313777273928,117.84313777273928,0.3372147259741378,27.870461515582942,2022-02-10 09:00:00+00:00
S06,18,BTC_V2_SETUP_B,2022-02-10 17:15:00+00:00,2022-02-10 17:15:00+00:00,2022-02-10 17:45:00+00:00,LONG,45722.572012069584,45100.121951721674,47589.922193113314,45100.121951721674,Stop loss,-24.59750370798872,-1.0,3,2022,2022-02,135.42725393598084,135.42725393598084,0.9440498925442209,33.31315827451166,2022-02-10 16:00:00+00:00
S06,19,BTC_V2_SETUP_B,2022-02-15 07:45:00+00:00,2022-02-15 07:45:00+00:00,2022-02-15 11:45:00+00:00,LONG,43751.37962587204,43526.55149651185,44425.86401395261,44425.86401395261,Take profit,57.613752616987064,2.3481304718005136,17,2022,2022-02,58.930629927141126,58.930629927141126,0.29625548353641173,50.344645290308584,2022-02-15 06:00:00+00:00
S06,20,BTC_V2_SETUP_B,2022-02-15 14:15:00+00:00,2022-02-15 14:15:00+00:00,2022-02-15 15:15:00+00:00,LONG,44451.986731342804,44186.45307462879,45248.58770148484,44186.45307462879,Stop loss,-24.680044330261218,-0.9999999999999999,5,2022,2022-02,86.5922595866723,86.5922595866723,0.3747643607182836,58.8166841103213,2022-02-15 13:00:00+00:00
S07,1,BTC_V2_SETUP_B,2022-03-01 11:00:00+00:00,2022-03-01 11:00:00+00:00,2022-03-03 06:00:00+00:00,LONG,43634.50597153405,43025.866113863805,45460.42554454477,43025.866113863805,Stop loss,-24.999999999999996,-0.9999999999999999,173,2022,2022-03,200.06105559552088,200.06105559552088,0.5351159352212355,29.407376527766502,2022-03-01 09:00:00+00:00
S07,2,BTC_V2_SETUP_B,2022-03-03 14:00:00+00:00,2022-03-03 14:00:00+00:00,2022-03-03 14:30:00+00:00,LONG,44041.88075251938,43626.29698992249,45288.63204031003,43626.29698992249,Stop loss,-24.937499999999996,-0.9999999999999999,3,2022,2022-03,110.51154970395146,110.51154970395146,0.4496276883838422,19.6131270089361,2022-03-03 12:00:00+00:00
S07,3,BTC_V2_SETUP_B,2022-03-07 08:00:00+00:00,2022-03-07 08:15:00+00:00,2022-03-07 08:45:00+00:00,SHORT,37786.32809484031,38148.877620638756,36698.67951744498,38148.877620638756,Stop loss,-24.875156250000003,-1.0000000000000002,3,2022,2022-03,-118.30596397403133,118.30596397403133,0.45755090769543877,25.18742219016568,2022-03-07 06:00:00+00:00
S07,4,BTC_V2_SETUP_B,2022-03-09 15:45:00+00:00,2022-03-09 15:45:00+00:00,2022-03-09 18:15:00+00:00,LONG,42450.247282663004,42093.00086934799,43521.986522608044,42093.00086934799,Stop loss,-24.812968359375002,-1.0000000000000002,11,2022,2022-03,110.8940682290413,110.8940682290413,0.5434395747915647,40.846981589944676,2022-03-09 14:00:00+00:00
S07,5,BTC_V2_SETUP_B,2022-03-09 20:00:00+00:00,2022-03-09 20:00:00+00:00,2022-03-09 20:30:00+00:00,LONG,42301.98814928619,41871.63740285525,43593.040388579,41871.63740285525,Stop loss,-24.750935938476562,-1.0,3,2022,2022-03,115.642566342176,115.642566342176,0.48968296164892244,24.845432127049037,2022-03-09 18:00:00+00:00
S07,6,BTC_V2_SETUP_B,2022-03-16 14:00:00+00:00,2022-03-16 14:00:00+00:00,2022-03-16 16:15:00+00:00,LONG,40652.88525179594,40274.55899281622,41787.864028735086,40274.55899281622,Stop loss,-24.68905859863037,-1.0,10,2022,2022-03,55.56184263956675,55.56184263956675,0.5435409320022961,28.72958415016206,2022-03-16 12:00:00+00:00
S07,7,BTC_V2_SETUP_B,2022-03-22 08:15:00+00:00,2022-03-22 08:15:00+00:00,2022-03-23 01:00:00+00:00,LONG,42486.754150809786,42073.41339676086,43726.77641295657,42073.41339676086,Stop loss,-24.62733595213379,-0.9999999999999999,68,2022,2022-03,84.08801489498728,84.08801489498728,0.558643038735875,32.93778674375198,2022-03-22 07:00:00+00:00
S07,8,BTC_V2_SETUP_B,2022-03-25 09:45:00+00:00,2022-03-25 09:45:00+00:00,2022-03-25 12:30:00+00:00,LONG,44172.71428799467,43942.11284802134,44864.518607914666,44864.518607914666,Take profit,57.89389260606827,2.356689744846022,12,2022,2022-03,104.96516794882336,104.96516794882336,0.29927491056654426,26.267682858516125,2022-03-25 08:00:00+00:00
S07,9,BTC_V2_SETUP_B,2022-03-28 09:00:00+00:00,2022-03-28 09:00:00+00:00,2022-03-28 13:45:00+00:00,LONG,47083.83040488146,46891.60838047415,47660.49647810339,47660.49647810339,Take profit,54.67636138228514,2.2126770480679094,20,2022,2022-03,178.32212216872722,178.32212216872722,0.29928069986260214,30.329748904535787,2022-03-28 07:00:00+00:00
S07,10,BTC_V2_SETUP_B,2022-03-28 17:45:00+00:00,2022-03-28 17:45:00+00:00,2022-03-28 23:15:00+00:00,LONG,47644.09778742819,47317.13885028725,48624.974598851004,47317.13885028725,Stop loss,-24.847193247224343,-0.9999999999999999,23,2022,2022-03,185.3920326289226,185.3920326289226,0.3554302252377244,24.407276380386985,2022-03-28 16:00:00+00:00
S07,11,BTC_V2_SETUP_B,2022-04-03 09:45:00+00:00,2022-04-03 09:45:00+00:00,2022-04-03 10:30:00+00:00,LONG,46450.37334814197,46198.186607432115,47206.93357027153,46198.186607432115,Stop loss,-24.785075264106286,-1.0,4,2022,2022-04,27.165665717446245,27.165665717446245,0.24266224226955216,22.765326953687296,2022-04-03 08:00:00+00:00
S07,12,BTC_V2_SETUP_B,2022-04-06 10:15:00+00:00,2022-04-06 10:15:00+00:00,2022-04-06 10:15:00+00:00,SHORT,45193.96332255473,45388.06670978108,44611.65316087568,45388.06670978108,Stop loss,-24.72311257594602,-1.0,1,2022,2022-04,-29.37256669557246,29.37256669557246,0.267015752438793,21.193656688412425,2022-04-06 09:00:00+00:00
S07,13,BTC_V2_SETUP_B,2022-04-06 13:45:00+00:00,2022-04-06 13:45:00+00:00,2022-04-06 18:15:00+00:00,SHORT,44561.47515233312,44993.659390667526,43264.92243732991,43264.92243732991,Take profit,64.76771209722878,2.6262889428160836,19,2022,2022-04,-43.80286358221929,43.80286358221929,0.4542298880085972,35.133143744335186,2022-04-06 12:00:00+00:00
S07,14,BTC_V2_SETUP_B,2022-04-08 13:00:00+00:00,2022-04-08 13:00:00+00:00,2022-04-08 14:15:00+00:00,SHORT,43109.65189640065,43449.13241439741,42091.21034241035,43449.13241439741,Stop loss,-24.82322407474923,-1.0000000000000002,6,2022,2022-04,-74.50547301600454,74.50547301600454,0.31903651307567404,18.328417220523214,2022-04-08 11:00:00+00:00
S07,15,BTC_V2_SETUP_B,2022-04-08 17:15:00+00:00,2022-04-08 17:15:00+00:00,2022-04-11 10:00:00+00:00,SHORT,43045.5084988183,43647.85600472679,41238.465981092835,41238.465981092835,Take profit,67.68063866124548,2.7333381078032284,260,2022,2022-04,-80.07317985520785,80.07317985520785,0.5129885055910999,21.012979603254625,2022-04-08 16:00:00+00:00
S07,16,BTC_V2_SETUP_B,2022-04-11 16:00:00+00:00,2022-04-11 16:15:00+00:00,2022-04-11 22:00:00+00:00,SHORT,40529.20737371082,40960.59050515671,39235.05797937316,39235.05797937316,Take profit,66.2306448748748,2.6566252815734455,24,2022,2022-04,-129.2172871396615,129.2172871396615,0.5100201561634233,56.87894549529069,2022-04-11 14:00:00+00:00
S07,17,BTC_V2_SETUP_B,2022-04-12 19:15:00+00:00,2022-04-12 19:15:00+00:00,2022-04-12 22:30:00+00:00,SHORT,39468.74552135012,39825.12791459949,38399.59834160202,39825.12791459949,Stop loss,-25.09594422340266,-1.0000000000000002,14,2022,2022-04,-142.9511425761957,142.9511425761957,0.48274423585903575,19.100782961574218,2022-04-12 18:00:00+00:00
S07,18,BTC_V2_SETUP_B,2022-04-17 18:00:00+00:00,2022-04-17 18:00:00+00:00,2022-04-17 19:45:00+00:00,SHORT,40061.34040181803,40262.70839272789,39457.23642908846,40262.70839272789,Stop loss,-25.03320436284415,-1.0,8,2022,2022-04,-39.434243139927275,39.434243139927275,0.24625450489083356,21.607877031973622,2022-04-17 16:00:00+00:00
S07,19,BTC_V2_SETUP_B,2022-04-20 09:45:00+00:00,2022-04-20 09:45:00+00:00,2022-04-20 10:00:00+00:00,LONG,41648.28,41472.556431868674,42175.450704393974,41472.556431868674,Stop loss,-25.67178248940204,-1.0280794429414795,2,2022,2022-04,27.822604080836754,27.822604080836754,0.20646461747517714,24.956266378876588,2022-04-20 08:00:00+00:00
S07,20,BTC_V2_SETUP_B,2022-04-24 13:15:00+00:00,2022-04-24 13:30:00+00:00,2022-04-24 13:45:00+00:00,SHORT,39452.747403787675,39620.66038484931,38949.00846060277,39620.66038484931,Stop loss,-24.906441895713535,-1.0,2,2022,2022-04,-43.32141206209053,43.32141206209053,0.1924740969993609,28.331243703024423,2022-04-24 12:00:00+00:00
S07,21,BTC_V2_SETUP_B,2022-04-24 16:45:00+00:00,2022-04-24 16:45:00+00:00,2022-04-24 16:45:00+00:00,SHORT,39397.07050345944,39738.3879861622,38373.11805535118,39738.3879861622,Stop loss,-24.84417579097425,-1.0,1,2022,2022-04,-44.383625080830825,44.383625080830825,0.30527276224719396,23.127386169562236,2022-04-24 15:00:00+00:00
S07,22,BTC_V2_SETUP_B,2022-04-25 11:15:00+00:00,2022-04-25 11:15:00+00:00,2022-04-25 11:15:00+00:00,SHORT,38367.8982881005,38554.556847597996,37807.92260960801,38554.556847597996,Stop loss,-24.78206535149681,-1.0,1,2022,2022-04,-89.4055499112219,89.4055499112219,0.3607423773973473,45.0062490028486,2022-04-25 10:00:00+00:00
S07,23,BTC_V2_SETUP_B,2022-04-26 19:30:00+00:00,2022-04-26 19:30:00+00:00,2022-04-27 06:45:00+00:00,SHORT,38074.64155456018,38627.57378175926,36415.84487296293,38627.57378175926,Stop loss,-24.72011018811807,-1.0,46,2022,2022-04,-75.46009690711799,75.46009690711799,0.6659753716186381,66.61218693382654,2022-04-26 18:00:00+00:00
S07,24,BTC_V2_SETUP_B,2022-04-29 16:45:00+00:00,2022-04-29 16:45:00+00:00,2022-05-02 04:45:00+00:00,SHORT,38475.26486551692,39117.70053793231,36547.957848270744,39117.70053793231,Stop loss,-24.658309912647773,-1.0,241,2022,2022-04,-36.36477058930177,36.36477058930177,0.6106871089954996,22.21711896516382,2022-04-29 15:00:00+00:00
S07,25,BTC_V2_SETUP_B,2022-05-02 17:45:00+00:00,2022-05-02 17:45:00+00:00,2022-05-02 20:00:00+00:00,SHORT,38294.621230843964,38579.715076624125,37439.33969350348,38579.715076624125,Stop loss,-24.596664137866156,-1.0,10,2022,2022-05,-17.59143049606064,17.59143049606064,0.5224849724569045,34.4348489949928,2022-05-02 16:00:00+00:00
S07,26,BTC_V2_SETUP_B,2022-05-03 18:00:00+00:00,2022-05-03 18:00:00+00:00,2022-05-04 06:00:00+00:00,SHORT,38035.07892349558,38271.034306017675,37327.2127759293,38271.034306017675,Stop loss,-24.535172477521492,-1.0,49,2022,2022-05,-31.084941415268986,31.084941415268986,0.3465187781934801,24.114894645988272,2022-05-03 16:00:00+00:00
S07,27,BTC_V2_SETUP_B,2022-05-06 10:45:00+00:00,2022-05-06 10:45:00+00:00,2022-05-06 12:30:00+00:00,SHORT,36003.96466649979,36305.451334000834,35099.50466399667,36305.451334000834,Stop loss,-24.473834546327687,-0.9999999999999999,8,2022,2022-05,-109.14912730484502,109.14912730484502,0.4315758941073352,18.956967958728328,2022-05-06 09:00:00+00:00
S07,28,BTC_V2_SETUP_B,2022-05-08 12:30:00+00:00,2022-05-08 12:30:00+00:00,2022-05-08 17:00:00+00:00,SHORT,34643.98854834945,34857.0758066022,34004.726773591196,34004.726773591196,Take profit,59.58786747429892,2.4408602741622234,19,2022,2022-05,-136.97199914240628,136.97199914240628,0.34670247339586097,18.560453506549983,2022-05-08 11:00:00+00:00
S07,29,BTC_V2_SETUP_B,2022-05-09 08:30:00+00:00,2022-05-09 08:30:00+00:00,2022-05-09 08:45:00+00:00,SHORT,33214.24923312146,33564.683067514175,32162.947729943313,33564.683067514175,Stop loss,-24.56161962864761,-0.9999999999999999,2,2022,2022-05,-163.58474611927522,163.58474611927522,0.4802972081524418,25.420609496604566,2022-05-09 07:00:00+00:00
S07,30,BTC_V2_SETUP_B,2022-05-09 10:45:00+00:00,2022-05-09 10:45:00+00:00,2022-05-09 16:45:00+00:00,SHORT,32990.053153910405,33441.48738435836,31635.75046256653,31635.75046256653,Take profit,66.82974267966216,2.7277205975025436,25,2022,2022-05,-160.67191087026004,160.67191087026004,0.6021722056081519,23.384883927133107,2022-05-09 09:00:00+00:00
S08,1,BTC_V2_SETUP_B,2022-05-25 16:30:00+00:00,2022-05-25 16:30:00+00:00,2022-05-25 17:30:00+00:00,SHORT,29434.76601810881,29704.09592756476,28626.776289740967,29704.09592756476,Stop loss,-24.999999999999996,-0.9999999999999999,5,2022,2022-05,-7.31033363768438,7.31033363768438,0.4873545880703147,20.9062218316437,2022-05-25 15:00:00+00:00
S08,2,BTC_V2_SETUP_B,2022-05-27 10:45:00+00:00,2022-05-27 10:45:00+00:00,2022-05-27 12:30:00+00:00,SHORT,28807.458919778423,29049.90432088631,28080.122716454756,29049.90432088631,Stop loss,-24.9375,-1.0,8,2022,2022-05,-34.577263021339604,34.577263021339604,0.49448556824130346,18.268732731827672,2022-05-27 09:00:00+00:00
S08,3,BTC_V2_SETUP_B,2022-05-27 17:30:00+00:00,2022-05-27 17:45:00+00:00,2022-05-27 19:45:00+00:00,SHORT,28327.552324536922,28869.040701852307,26703.087192590767,28869.040701852307,Stop loss,-24.87515625,-1.0,9,2022,2022-05,-30.0020686272037,30.0020686272037,0.6384630538434733,20.055575931272656,2022-05-27 16:00:00+00:00
S08,4,BTC_V2_SETUP_B,2022-05-30 12:15:00+00:00,2022-05-30 12:15:00+00:00,2022-05-30 12:15:00+00:00,LONG,30784.827192191682,30579.25123123327,31401.55507506692,30579.25123123327,Stop loss,-24.812968359375,-1.0,1,2022,2022-05,62.69217652590669,62.69217652590669,0.33746044186897517,37.27871073240723,2022-05-30 11:00:00+00:00
S08,5,BTC_V2_SETUP_B,2022-05-30 17:30:00+00:00,2022-05-30 17:30:00+00:00,2022-05-30 20:00:00+00:00,LONG,30753.86108061249,30551.415677550045,31361.19728979982,30551.415677550045,Stop loss,-24.750935938476562,-1.0,11,2022,2022-05,54.01734937662695,54.01734937662695,0.40171703063246,19.984985390956297,2022-05-30 16:00:00+00:00
S08,6,BTC_V2_SETUP_B,2022-06-03 08:15:00+00:00,2022-06-03 08:15:00+00:00,2022-06-03 09:00:00+00:00,LONG,30510.14172021709,30349.71311913165,30991.4275234734,30349.71311913165,Stop loss,-24.689058598630375,-1.0000000000000002,4,2022,2022-06,11.34214284420159,11.34214284420159,0.28408103765055287,20.61071016999838,2022-06-03 07:00:00+00:00
S08,7,BTC_V2_SETUP_B,2022-06-06 08:30:00+00:00,2022-06-06 08:30:00+00:00,2022-06-06 15:15:00+00:00,LONG,31417.35153422278,31233.773863108872,31968.084547564504,31233.773863108872,Stop loss,-24.627335952133794,-1.0,28,2022,2022-06,58.694728926056996,58.694728926056996,0.3738463913691206,48.17664712940523,2022-06-06 07:00:00+00:00
S08,8,BTC_V2_SETUP_B,2022-06-09 08:00:00+00:00,2022-06-09 08:00:00+00:00,2022-06-09 11:45:00+00:00,LONG,30468.876011453704,30308.10595418519,30951.186183259244,30308.10595418519,Stop loss,-24.565767612253453,-0.9999999999999999,16,2022,2022-06,0.2706378712646256,0.2706378712646256,0.2603658736364116,20.44622879425071,2022-06-09 06:00:00+00:00
S08,9,BTC_V2_SETUP_B,2022-06-12 10:00:00+00:00,2022-06-12 10:00:00+00:00,2022-06-12 12:30:00+00:00,SHORT,27405.31590636173,27549.766374553084,26971.964501787672,27549.766374553084,Stop loss,-24.50435319322282,-0.9999999999999999,11,2022,2022-06,-112.12311376896832,112.12311376896832,0.4589619213308897,30.614771699773165,2022-06-12 08:00:00+00:00
S08,10,BTC_V2_SETUP_B,2022-06-12 13:30:00+00:00,2022-06-12 13:45:00+00:00,2022-06-12 14:15:00+00:00,SHORT,27258.837277723935,27468.300889104255,26630.446443582972,27468.300889104255,Stop loss,-24.44309231023977,-1.0000000000000002,3,2022,2022-06,-108.5702877820986,108.5702877820986,0.40790064354340766,25.156015321586516,2022-06-12 12:00:00+00:00
S08,11,BTC_V2_SETUP_B,2022-06-13 07:45:00+00:00,2022-06-13 07:45:00+00:00,2022-06-13 23:00:00+00:00,SHORT,24728.752783099564,25470.30886760174,22504.084529593038,22504.084529593038,Take profit,70.00015498874488,2.8709785604451086,62,2022,2022-06,-191.85608787395904,191.85608787395904,1.2990486930038685,43.68022515195892,2022-06-13 06:00:00+00:00
S08,12,BTC_V2_SETUP_B,2022-06-14 07:15:00+00:00,2022-06-14 07:15:00+00:00,2022-06-14 07:30:00+00:00,SHORT,22166.501743835528,22751.103024657892,20412.697901368436,22751.103024657892,Stop loss,-24.556984966936035,-1.0,2,2022,2022-06,-286.8597950559306,286.8597950559306,1.7689649344253038,23.593254413376346,2022-06-14 06:00:00+00:00
S08,13,BTC_V2_SETUP_B,2022-06-14 10:00:00+00:00,2022-06-14 10:00:00+00:00,2022-06-14 10:30:00+00:00,SHORT,22244.054336421523,22549.722654313908,21327.049382744368,22549.722654313908,Stop loss,-24.495592504518697,-1.0000000000000002,3,2022,2022-06,-262.6216718400465,262.6216718400465,1.3366018562866118,18.649888347874793,2022-06-14 08:00:00+00:00
S08,14,BTC_V2_SETUP_B,2022-06-15 08:00:00+00:00,2022-06-15 08:00:00+00:00,2022-06-15 11:30:00+00:00,SHORT,20623.758034884584,21158.41786046167,19019.77855815332,21158.41786046167,Stop loss,-24.4343535232574,-1.0,15,2022,2022-06,-264.08363798720893,264.08363798720893,1.2664115969875658,30.811939046121903,2022-06-15 06:00:00+00:00
S08,15,BTC_V2_SETUP_B,2022-06-15 16:45:00+00:00,2022-06-15 16:45:00+00:00,2022-06-15 17:45:00+00:00,SHORT,20719.345480008178,21406.458079967284,18658.00768013086,21406.458079967284,Stop loss,-24.37326763944926,-1.0,5,2022,2022-06,-245.18835350751397,245.18835350751397,1.2677950044479465,25.948992325450938,2022-06-15 15:00:00+00:00
S08,16,BTC_V2_SETUP_B,2022-06-16 09:15:00+00:00,2022-06-16 09:15:00+00:00,2022-06-18 06:45:00+00:00,SHORT,21393.727613855215,21840.63954457914,20052.991821683445,20052.991821683445,Take profit,68.49645578711838,2.81735412412375,183,2022,2022-06,-182.19848463206654,182.19848463206654,0.7991476401003441,22.915358839162078,2022-06-16 08:00:00+00:00
S08,17,BTC_V2_SETUP_B,2022-06-18 15:00:00+00:00,2022-06-18 15:00:00+00:00,2022-06-18 18:15:00+00:00,SHORT,19016.075528343485,19230.327886626063,18373.31845349575,18373.31845349575,Take profit,65.47077343553451,2.674069117963282,14,2022,2022-06,-212.74434379252125,212.74434379252125,0.7102937271929115,34.40107175080702,2022-06-18 13:00:00+00:00
S08,18,BTC_V2_SETUP_B,2022-06-22 12:45:00+00:00,2022-06-22 12:45:00+00:00,2022-06-22 13:45:00+00:00,SHORT,20228.830193571604,20575.64922571358,19188.37309714568,20575.64922571358,Stop loss,-24.647252543407273,-1.0,5,2022,2022-06,-58.31922442283758,58.31922442283758,0.6776129821675594,22.725761276394035,2022-06-22 11:00:00+00:00
S08,19,BTC_V2_SETUP_B,2022-06-22 19:30:00+00:00,2022-06-22 19:30:00+00:00,2022-06-23 00:15:00+00:00,SHORT,20068.66598212497,20279.15607150012,19437.195713999517,20279.15607150012,Stop loss,-24.58563441204875,-1.0,20,2022,2022-06,-55.8414174231948,55.8414174231948,0.7792340541643178,23.5301176576747,2022-06-22 18:00:00+00:00
S08,20,BTC_V2_SETUP_B,2022-06-29 11:15:00+00:00,2022-06-29 11:15:00+00:00,2022-06-29 12:15:00+00:00,SHORT,19918.92106302161,20134.88574791354,19271.027008345824,20134.88574791354,Stop loss,-24.52417032601863,-1.0,5,2022,2022-06,-48.64379433638533,48.64379433638533,0.501802554756828,22.869937846518987,2022-06-29 10:00:00+00:00
S08,21,BTC_V2_SETUP_B,2022-06-29 13:45:00+00:00,2022-06-29 13:45:00+00:00,2022-06-29 14:00:00+00:00,SHORT,19880.0134521487,20137.196191405204,19108.465234379193,20137.196191405204,Stop loss,-24.462859900203583,-1.0,2,2022,2022-06,-47.20468799077207,47.20468799077207,0.5709729352471834,22.00606176478016,2022-06-29 12:00:00+00:00
S08,22,BTC_V2_SETUP_B,2022-06-29 17:15:00+00:00,2022-06-29 17:15:00+00:00,2022-06-29 17:45:00+00:00,SHORT,19921.46133523766,20046.174659049364,19547.32136380254,20046.174659049364,Stop loss,-24.401702750453072,-1.0,3,2022,2022-06,-44.550851112893724,44.550851112893724,0.48622303851159204,27.095792473307732,2022-06-29 16:00:00+00:00
S08,23,BTC_V2_SETUP_B,2022-06-30 18:45:00+00:00,2022-06-30 19:00:00+00:00,2022-06-30 23:30:00+00:00,SHORT,18939.489265257864,19102.482938968533,18450.508244125856,19102.482938968533,Stop loss,-24.340698493576937,-0.9999999999999999,19,2022,2022-06,-80.37339469601648,80.37339469601648,0.5483323291272457,18.289311978434323,2022-06-30 17:00:00+00:00
S08,24,BTC_V2_SETUP_B,2022-07-03 08:15:00+00:00,2022-07-03 08:15:00+00:00,2022-07-03 16:30:00+00:00,SHORT,19061.785998614258,19151.23600554297,18793.435977828118,19151.23600554297,Stop loss,-24.279846747343,-1.0,34,2022,2022-07,-44.15765204951822,44.15765204951822,0.4126779776208681,28.17518861074943,2022-07-03 07:00:00+00:00
S08,25,BTC_V2_SETUP_B,2022-07-07 18:30:00+00:00,2022-07-07 18:30:00+00:00,2022-07-07 19:45:00+00:00,LONG,21097.178341450737,20860.886634197053,21806.05346321179,21806.05346321179,Take profit,64.71319298131962,2.6719847991629666,6,2022,2022-07,42.65164193569217,42.65164193569217,0.5005088636620738,41.59296774600734,2022-07-07 17:00:00+00:00
S09,1,BTC_V2_SETUP_B,2022-07-22 09:15:00+00:00,2022-07-22 09:15:00+00:00,2022-07-22 16:15:00+00:00,LONG,23486.22659124406,23144.103635023752,24512.595459904984,23144.103635023752,Stop loss,-25.0,-1.0,29,2022,2022-07,60.04683799781924,60.04683799781924,0.5377515246216161,20.99165910336247,2022-07-22 08:00:00+00:00
S09,2,BTC_V2_SETUP_B,2022-07-26 08:15:00+00:00,2022-07-26 08:15:00+00:00,2022-07-26 09:30:00+00:00,SHORT,21011.78308074596,21128.567677016155,20661.42929193538,21128.567677016155,Stop loss,-24.9375,-1.0,6,2022,2022-07,-52.171212977660616,52.171212977660616,0.4079462279288513,28.756403757219484,2022-07-26 07:00:00+00:00
S09,3,BTC_V2_SETUP_B,2022-07-26 13:15:00+00:00,2022-07-26 13:15:00+00:00,2022-07-26 21:00:00+00:00,SHORT,20873.164034575253,21083.06386169899,20243.464553204045,21083.06386169899,Stop loss,-24.875156249999996,-0.9999999999999999,32,2022,2022-07,-51.26096412228799,51.26096412228799,0.4276014184630095,29.337555703569546,2022-07-26 12:00:00+00:00
S10,1,BTC_V2_SETUP_B,2022-08-05 10:30:00+00:00,2022-08-05 10:30:00+00:00,2022-08-05 12:30:00+00:00,LONG,23219.962057323966,23102.92177070413,23571.08291718347,23102.92177070413,Stop loss,-25.0,-1.0,9,2022,2022-08,11.039232057850313,11.039232057850313,0.2898092932175806,35.2802833584285,2022-08-05 09:00:00+00:00
S10,2,BTC_V2_SETUP_B,2022-08-05 14:15:00+00:00,2022-08-05 14:15:00+00:00,2022-08-05 15:15:00+00:00,LONG,23309.88335315424,22977.066587383044,24308.33365046783,22977.066587383044,Stop loss,-24.9375,-1.0,5,2022,2022-08,9.26488563710518,9.26488563710518,0.49215317306698264,31.28270768531736,2022-08-05 13:00:00+00:00
S10,3,BTC_V2_SETUP_B,2022-08-08 11:45:00+00:00,2022-08-08 11:45:00+00:00,2022-08-08 13:15:00+00:00,LONG,24132.637192447466,24022.801230210134,24462.14507915946,24022.801230210134,Stop loss,-24.87515625,-1.0,7,2022,2022-08,44.767981966284424,44.767981966284424,0.31980423414494447,49.34113576964634,2022-08-08 10:00:00+00:00
S11,1,BTC_V2_SETUP_B,2022-08-19 15:00:00+00:00,2022-08-19 15:00:00+00:00,2022-08-19 16:15:00+00:00,SHORT,21317.07777953661,21507.688881853563,20745.244472585746,21507.688881853563,Stop loss,-25.0,-1.0,6,2022,2022-08,-104.33137283389806,104.33137283389806,0.5550347200928073,72.03706607242479,2022-08-19 13:00:00+00:00
S11,2,BTC_V2_SETUP_B,2022-08-19 17:45:00+00:00,2022-08-19 18:00:00+00:00,2022-08-19 23:45:00+00:00,SHORT,21395.861948245867,21579.552207016528,20844.791171933884,20844.791171933884,Take profit,64.4106168323134,2.5828818779875045,24,2022,2022-08,-106.39434918959887,106.39434918959887,0.4794747810873321,44.738552629153375,2022-08-19 16:00:00+00:00
S11,3,BTC_V2_SETUP_B,2022-08-20 08:45:00+00:00,2022-08-20 08:45:00+00:00,2022-08-20 12:30:00+00:00,SHORT,21183.211098140844,21287.155607436616,20871.377570253528,21287.155607436616,Stop loss,-25.098526542080787,-1.0,16,2022,2022-08,-100.89208958249947,100.89208958249947,0.3573592887672001,22.69603845538917,2022-08-20 07:00:00+00:00
S11,4,BTC_V2_SETUP_B,2022-08-26 15:00:00+00:00,2022-08-26 15:00:00+00:00,2022-08-27 05:00:00+00:00,SHORT,21127.46174662536,21470.15301349857,20099.387946005725,20099.387946005725,Take profit,69.29462734864917,2.7678237595904953,57,2022,2022-08,-18.226868332720187,18.226868332720187,0.7124666485177988,34.59911858414863,2022-08-26 13:00:00+00:00
S11,5,BTC_V2_SETUP_B,2022-08-29 09:00:00+00:00,2022-08-29 09:00:00+00:00,2022-08-29 09:30:00+00:00,SHORT,19796.20573108821,19855.177075647174,19619.29169741131,19860.0,Stop loss (opening gap),-26.752754703930464,-1.0612375295094703,3,2022,2022-08,-58.808064080032636,58.808064080032636,0.28226364076904303,18.151352113594648,2022-08-29 07:00:00+00:00
S11,6,BTC_V2_SETUP_B,2022-08-31 17:45:00+00:00,2022-08-31 17:45:00+00:00,2022-08-31 19:00:00+00:00,SHORT,19887.699245148073,20156.203019407705,19082.187922369176,20156.203019407705,Stop loss,-25.142134907337383,-1.0,6,2022,2022-08,-22.696534294675075,22.696534294675075,0.5314572741052969,24.928758108244946,2022-08-31 16:00:00+00:00
S11,7,BTC_V2_SETUP_B,2022-09-01 07:15:00+00:00,2022-09-01 07:30:00+00:00,2022-09-01 10:45:00+00:00,SHORT,19880.62697924343,20022.49208302628,19455.03166789487,20022.49208302628,Stop loss,-25.07927957006904,-1.0000000000000002,14,2022,2022-09,-26.547139089609118,26.547139089609118,0.33858871276557145,21.33907046616063,2022-09-01 06:00:00+00:00
S11,8,BTC_V2_SETUP_B,2022-09-01 14:15:00+00:00,2022-09-01 14:15:00+00:00,2022-09-01 20:15:00+00:00,SHORT,19840.839745504596,20035.64101798161,19256.43592807356,20035.64101798161,Stop loss,-25.016581371143868,-1.0000000000000002,25,2022,2022-09,-26.532417355494545,26.532417355494545,0.4186208991147534,22.719178964525295,2022-09-01 13:00:00+00:00
S11,9,BTC_V2_SETUP_B,2022-09-03 19:00:00+00:00,2022-09-03 19:00:00+00:00,2022-09-03 22:15:00+00:00,SHORT,19745.080005490425,19822.6799780383,19512.280087846797,19822.6799780383,Stop loss,-24.954039917716003,-1.0,14,2022,2022-09,-24.40789349046463,24.40789349046463,0.1943609363339637,29.22263724892323,2022-09-03 17:00:00+00:00
S11,10,BTC_V2_SETUP_B,2022-09-07 10:15:00+00:00,2022-09-07 10:15:00+00:00,2022-09-07 13:00:00+00:00,SHORT,18754.781944565915,18811.872221736336,18583.511113054654,18811.872221736336,Stop loss,-24.89165481792171,-1.0,12,2022,2022-09,-54.69136197756234,54.69136197756234,0.23646646418803505,18.41303564264224,2022-09-07 09:00:00+00:00
S11,11,BTC_V2_SETUP_B,2022-09-09 15:30:00+00:00,2022-09-09 15:30:00+00:00,2022-09-12 01:15:00+00:00,LONG,21259.396297495354,21037.41481001858,21925.34075992567,21925.34075992567,Take profit,65.80388872971047,2.650238051232543,232,2022,2022-09,65.78601416272431,65.78601416272431,0.5090366470478493,57.265138104539275,2022-09-09 14:00:00+00:00
S11,12,BTC_V2_SETUP_B,2022-09-12 11:30:00+00:00,2022-09-12 11:30:00+00:00,2022-09-12 15:45:00+00:00,LONG,22271.06075598657,22089.75697605371,22814.97209578515,22089.75697605371,Stop loss,-24.993935402701187,-1.0000000000000002,18,2022,2022-09,74.86400706560016,74.86400706560016,0.45506303269241544,24.38186049105958,2022-09-12 10:00:00+00:00
S11,13,BTC_V2_SETUP_B,2022-09-12 17:30:00+00:00,2022-09-12 17:45:00+00:00,2022-09-13 00:15:00+00:00,LONG,22320.493974655205,22139.02410137918,22864.903594483283,22139.02410137918,Stop loss,-24.931450564194428,-1.0,27,2022,2022-09,78.25205023779199,78.25205023779199,0.4925122954016298,20.522869927947564,2022-09-12 16:00:00+00:00
S11,14,BTC_V2_SETUP_B,2022-09-13 09:30:00+00:00,2022-09-13 09:30:00+00:00,2022-09-13 12:15:00+00:00,LONG,22365.247374997474,22228.0105000101,22776.9579999596,22776.9579999596,Take profit,60.661603940048515,2.439233845561899,12,2022,2022-09,67.68191177494737,67.68191177494737,0.38002728917600287,22.40629347197457,2022-09-13 08:00:00+00:00
S11,15,BTC_V2_SETUP_B,2022-09-15 19:15:00+00:00,2022-09-15 19:15:00+00:00,2022-09-15 21:00:00+00:00,SHORT,19695.11336160137,19860.54655359453,19198.813785621885,19860.54655359453,Stop loss,-25.02077594763406,-0.9999999999999999,8,2022,2022-09,-46.48827999951027,46.48827999951027,0.49582856259270364,32.61064556864933,2022-09-15 18:00:00+00:00
S11,16,BTC_V2_SETUP_B,2022-09-16 08:00:00+00:00,2022-09-16 08:00:00+00:00,2022-09-16 10:15:00+00:00,SHORT,19725.550935977397,19787.796256090416,19538.81497563834,19787.796256090416,Stop loss,-24.95822400776498,-1.0,10,2022,2022-09,-41.70514747616107,41.70514747616107,0.24815726239778485,19.619491937701856,2022-09-16 06:00:00+00:00
S11,17,BTC_V2_SETUP_B,2022-09-16 15:45:00+00:00,2022-09-16 15:45:00+00:00,2022-09-16 21:15:00+00:00,SHORT,19584.12986129032,19761.480554838723,19052.077780645108,19761.480554838723,Stop loss,-24.895828447745565,-1.0,23,2022,2022-09,-41.51452830395647,41.51452830395647,0.4972319883282627,28.928089699802857,2022-09-16 14:00:00+00:00
S11,18,BTC_V2_SETUP_B,2022-09-18 14:15:00+00:00,2022-09-18 14:15:00+00:00,2022-09-18 18:15:00+00:00,SHORT,19903.25975558984,20017.960977640636,19559.15608943745,19559.15608943745,Take profit,59.81897116632281,2.408792843575881,17,2022,2022-09,-18.580044050388096,18.580044050388096,0.27513875296544915,18.490794952625603,2022-09-18 13:00:00+00:00
S11,19,BTC_V2_SETUP_B,2022-09-20 17:45:00+00:00,2022-09-20 17:45:00+00:00,2022-09-20 19:00:00+00:00,SHORT,18796.859854888033,19064.560580447876,17993.7576782085,19064.560580447876,Stop loss,-24.983136304542015,-1.0,6,2022,2022-09,-39.537074149629916,39.537074149629916,0.6507837956511582,24.92259541916772,2022-09-20 16:00:00+00:00
S11,20,BTC_V2_SETUP_B,2022-09-23 11:00:00+00:00,2022-09-23 11:00:00+00:00,2022-09-23 22:15:00+00:00,SHORT,18918.076017375253,19125.695930498994,18295.21627800403,19125.695930498994,Stop loss,-24.92067846378066,-1.0,46,2022,2022-09,-13.63710110725151,13.63710110725151,0.4138567341399867,36.51730288235353,2022-09-23 09:00:00+00:00
S11,21,BTC_V2_SETUP_B,2022-09-25 17:00:00+00:00,2022-09-25 17:00:00+00:00,2022-09-26 08:15:00+00:00,SHORT,18956.1253360074,19076.4986559704,18595.0053761184,19076.4986559704,Stop loss,-24.858376767621213,-1.0000000000000002,62,2022,2022-09,-14.133268140398286,14.133268140398286,0.30325059260517073,21.037837927727445,2022-09-25 15:00:00+00:00
S11,22,BTC_V2_SETUP_B,2022-09-27 10:15:00+00:00,2022-09-27 10:15:00+00:00,2022-09-27 13:00:00+00:00,LONG,20243.986051186806,20146.05579525277,20537.776818988914,20146.05579525277,Stop loss,-24.796230825702153,-1.0,12,2022,2022-09,45.905756807143916,45.905756807143916,0.3939175004256706,39.99979520024435,2022-09-27 09:00:00+00:00
S11,23,BTC_V2_SETUP_B,2022-09-28 09:15:00+00:00,2022-09-28 09:15:00+00:00,2022-09-28 10:00:00+00:00,SHORT,18604.98569251004,18772.057229959843,18103.77108016063,18772.057229959843,Stop loss,-24.734240248637903,-1.0000000000000002,4,2022,2022-09,-26.29908655147301,26.29908655147301,0.43090462537146185,28.841295368459857,2022-09-28 08:00:00+00:00
S11,24,BTC_V2_SETUP_B,2022-10-04 10:30:00+00:00,2022-10-04 10:30:00+00:00,2022-10-04 11:30:00+00:00,LONG,19996.78642240137,19883.85431039453,20335.582758421882,19883.85431039453,Stop loss,-24.672404648016304,-1.0,5,2022,2022-10,25.423203506979917,25.423203506979917,0.3787937576398004,41.70144480596376,2022-10-04 09:00:00+00:00
S11,25,BTC_V2_SETUP_B,2022-10-04 13:00:00+00:00,2022-10-04 13:00:00+00:00,2022-10-04 14:00:00+00:00,LONG,19989.23290834774,19901.068366609026,20253.726533563888,20253.726533563888,Take profit,55.63030663603752,2.260409220709263,5,2022,2022-10,29.254183858811302,29.254183858811302,0.3235172968821358,34.56944433715853,2022-10-04 11:00:00+00:00
S11,26,BTC_V2_SETUP_B,2022-10-05 19:00:00+00:00,2022-10-05 19:00:00+00:00,2022-10-05 19:45:00+00:00,LONG,20276.0,20132.68030751413,20705.959077457614,20132.68030751413,Stop loss,-25.00530720277733,-1.0103236311386081,4,2022,2022-10,24.29911095803982,24.29911095803982,0.4272247776484894,30.613911559915444,2022-10-05 17:00:00+00:00
S11,27,BTC_V2_SETUP_B,2022-10-10 14:00:00+00:00,2022-10-10 14:00:00+00:00,2022-10-11 00:00:00+00:00,SHORT,19297.675651371792,19404.29739451283,18977.81042194868,18977.81042194868,Take profit,58.93454499937139,2.387242756337929,41,2022,2022-10,-14.124141661737667,14.124141661737667,0.24067808731110127,22.25294968522821,2022-10-10 12:00:00+00:00
S11,28,BTC_V2_SETUP_B,2022-10-11 09:45:00+00:00,2022-10-11 09:45:00+00:00,2022-10-11 11:00:00+00:00,SHORT,19040.14130803297,19109.434767868126,18832.2609285275,19109.434767868126,Stop loss,-24.83462249747784,-0.9999999999999999,6,2022,2022-10,-23.230340788682952,23.230340788682952,0.19515875336320254,18.44974210569234,2022-10-11 08:00:00+00:00
S11,29,BTC_V2_SETUP_B,2022-10-13 07:15:00+00:00,2022-10-13 07:30:00+00:00,2022-10-13 10:15:00+00:00,SHORT,19000.596208364004,19079.615166543983,18763.53933382407,18763.53933382407,Take profit,55.117222508463826,2.2249325882184157,12,2022,2022-10,-14.297034245941177,14.297034245941177,0.14758888040745807,30.918588382723676,2022-10-13 06:00:00+00:00
S11,30,BTC_V2_SETUP_B,2022-10-16 14:30:00+00:00,2022-10-16 14:30:00+00:00,2022-10-16 14:45:00+00:00,SHORT,19118.0,19137.456475834766,19059.630572495702,19137.456475834766,Stop loss,-20.109601135549152,-0.8072796283647262,2,2022,2022-10,-7.603418146270997,7.603418146270997,0.09039374012153266,18.681234438738993,2022-10-16 13:00:00+00:00
S11,31,BTC_V2_SETUP_B,2022-10-17 19:45:00+00:00,2022-10-17 19:45:00+00:00,2022-10-17 22:30:00+00:00,LONG,19551.50559105688,19483.977635772477,19754.089456910093,19483.977635772477,Stop loss,-24.86005499466644,-1.0000000000000002,12,2022,2022-10,11.210975210320612,11.210975210320612,0.2564051429472906,22.196512161746124,2022-10-17 18:00:00+00:00
S11,32,BTC_V2_SETUP_B,2022-10-21 12:00:00+00:00,2022-10-21 12:00:00+00:00,2022-10-21 12:00:00+00:00,SHORT,18939.064097983723,19011.74360806511,18721.02556773956,18721.02556773956,Take profit,53.89730736649138,2.1734621403261984,1,2022,2022-10,-12.035727021229832,12.035727021229832,0.20438154732661476,27.794592957382363,2022-10-21 10:00:00+00:00
S11,33,BTC_V2_SETUP_B,2022-10-23 10:45:00+00:00,2022-10-23 10:45:00+00:00,2022-10-23 12:15:00+00:00,SHORT,19168.547210983725,19182.811156065098,19125.755375739605,19125.755375739605,Take profit,12.301914766860676,0.49340586306319617,7,2022,2022-10,-1.969030955053313,1.969030955053313,0.04724179834883574,21.310445376079457,2022-10-23 09:00:00+00:00
S11,34,BTC_V2_SETUP_B,2022-10-26 07:30:00+00:00,2022-10-26 07:45:00+00:00,2022-10-26 14:15:00+00:00,LONG,20350.078163377468,20196.687346490125,20810.250614039494,20810.250614039494,Take profit,63.18930085808125,2.531277529731613,27,2022,2022-10,42.07493385511407,42.07493385511407,0.3025668037025894,27.731090964424816,2022-10-26 06:00:00+00:00
S11,35,BTC_V2_SETUP_B,2022-10-28 16:30:00+00:00,2022-10-28 16:30:00+00:00,2022-10-31 13:45:00+00:00,LONG,20705.55450213351,20435.781991465963,21514.872034136148,20435.781991465963,Stop loss,-25.12137616465835,-0.9999999999999999,278,2022,2022-10,24.881118776673247,24.881118776673247,0.4411567351326132,20.35921383143273,2022-10-28 15:00:00+00:00
S11,36,BTC_V2_SETUP_B,2022-11-01 09:45:00+00:00,2022-11-01 09:45:00+00:00,2022-11-01 11:15:00+00:00,LONG,20628.00972660421,20534.961093583162,20907.155625667354,20534.961093583162,Stop loss,-25.058572724246705,-0.9999999999999999,7,2022,2022-11,12.31937700787239,12.31937700787239,0.19489202911258927,27.3791458982552,2022-11-01 08:00:00+00:00
S11,37,BTC_V2_SETUP_B,2022-11-04 18:30:00+00:00,2022-11-04 18:30:00+00:00,2022-11-07 07:45:00+00:00,LONG,20951.583972919816,20697.664108320732,21713.343566717067,20697.664108320732,Stop loss,-24.995926292436092,-1.0,246,2022,2022-11,25.404806151622324,25.404806151622324,0.533840623309454,25.43270191733264,2022-11-04 17:00:00+00:00
S11,38,BTC_V2_SETUP_B,2022-11-08 14:00:00+00:00,2022-11-08 14:00:00+00:00,2022-11-08 16:00:00+00:00,SHORT,19521.235229267164,19692.059082931344,19008.763668274623,19692.059082931344,Stop loss,-24.933436476705,-1.0,9,2022,2022-11,-46.995079734140745,46.995079734140745,0.385123086577292,42.545326668935246,2022-11-08 12:00:00+00:00
S11,39,BTC_V2_SETUP_B,2022-11-08 18:00:00+00:00,2022-11-08 18:00:00+00:00,2022-11-08 19:30:00+00:00,SHORT,19327.155745340748,20014.37701863701,17265.491925451963,17265.491925451963,Take profit,71.89330247712087,2.8906358840643462,7,2022,2022-11,-45.65469980259513,45.65469980259513,1.2248453629010012,41.185970666060655,2022-11-08 16:00:00+00:00
S11,40,BTC_V2_SETUP_B,2022-11-09 08:15:00+00:00,2022-11-09 08:15:00+00:00,2022-11-09 10:00:00+00:00,SHORT,18102.55859448659,18333.765622053645,17408.93751178542,17408.93751178542,Take profit,67.88003959891155,2.7096915733643336,8,2022,2022-11,-102.82335430556122,102.82335430556122,0.7108934459122468,22.503278034789517,2022-11-09 07:00:00+00:00
S11,41,BTC_V2_SETUP_B,2022-11-09 17:30:00+00:00,2022-11-09 17:30:00+00:00,2022-11-09 22:00:00+00:00,SHORT,16862.321829743218,17232.712681027133,15751.149275891472,15751.149275891472,Take profit,71.27095634131662,2.825909634161256,19,2022,2022-11,-137.42377742743702,137.42377742743702,1.500819207668888,42.526792694054585,2022-11-09 16:00:00+00:00
S11,42,BTC_V2_SETUP_B,2022-11-13 17:15:00+00:00,2022-11-13 17:15:00+00:00,2022-11-14 00:15:00+00:00,SHORT,16513.554262877486,16597.78294849006,16260.868206039759,16260.868206039759,Take profit,59.54978585215241,2.344598498806051,29,2022,2022-11,-76.4795793598314,76.4795793598314,0.41723522704071236,44.13283234393725,2022-11-13 16:00:00+00:00
S11,43,BTC_V2_SETUP_B,2022-11-14 19:45:00+00:00,2022-11-14 19:45:00+00:00,2022-11-14 23:15:00+00:00,SHORT,16409.13848056654,16571.44607773384,15922.215689064644,16571.44607773384,Stop loss,-25.547588096186992,-1.0,15,2022,2022-11,-59.984412385121686,59.984412385121686,0.5923625482465966,27.316474832046232,2022-11-14 18:00:00+00:00
S11,44,BTC_V2_SETUP_B,2022-11-16 12:15:00+00:00,2022-11-16 12:15:00+00:00,2022-11-16 23:00:00+00:00,SHORT,16617.530582475574,16737.877670097707,16256.489319609176,16737.877670097707,Stop loss,-25.483719125946518,-0.9999999999999999,44,2022,2022-11,-33.92815944357062,33.92815944357062,0.29700132592775863,32.93519653960692,2022-11-16 11:00:00+00:00
S11,45,BTC_V2_SETUP_B,2022-11-21 12:15:00+00:00,2022-11-21 12:30:00+00:00,2022-11-21 12:30:00+00:00,SHORT,16010.225193500404,16077.09922599838,15809.603096006478,16077.09922599838,Stop loss,-25.420009828131658,-1.0000000000000002,1,2022,2022-11,-37.85488174346392,37.85488174346392,0.3462664877513048,18.174949525183163,2022-11-21 11:00:00+00:00
S11,46,BTC_V2_SETUP_B,2022-11-21 16:30:00+00:00,2022-11-21 16:30:00+00:00,2022-11-22 13:45:00+00:00,SHORT,15960.040703979257,16128.837184082973,15453.65126366811,16128.837184082973,Stop loss,-25.356459803561325,-0.9999999999999999,86,2022,2022-11,-33.63414189357718,33.63414189357718,0.37018964482652494,25.060408800365575,2022-11-21 15:00:00+00:00
S12,1,BTC_V2_SETUP_B,2022-12-18 14:30:00+00:00,2022-12-18 14:45:00+00:00,2022-12-18 18:00:00+00:00,SHORT,16694.315262943728,16724.73894822508,16603.044207099672,16724.73894822508,Stop loss,-24.999999999999996,-0.9999999999999999,14,2022,2022-12,-20.0854190397622,20.0854190397622,0.08199461816192107,27.187392908696577,2022-12-18 13:00:00+00:00
S12,2,BTC_V2_SETUP_B,2022-12-19 16:30:00+00:00,2022-12-19 16:30:00+00:00,2022-12-19 22:30:00+00:00,SHORT,16614.443745799286,16698.225016802855,16363.09993278858,16363.09993278858,Take profit,58.31180031393262,2.338317807074992,25,2022,2022-12,-15.329357387654454,15.329357387654454,0.18704978373964298,20.958510416793356,2022-12-19 15:00:00+00:00
S12,3,BTC_V2_SETUP_B,2022-12-21 08:00:00+00:00,2022-12-21 08:00:00+00:00,2022-12-21 08:30:00+00:00,SHORT,16817.937415825585,16839.25033669766,16753.99865320936,16839.25033669766,Stop loss,-22.754616130645502,-0.907162722878144,3,2022,2022-12,-5.497898146371881,5.497898146371881,0.12634019076331074,23.469852995735717,2022-12-21 06:00:00+00:00
S12,4,BTC_V2_SETUP_B,2022-12-21 17:00:00+00:00,2022-12-21 17:00:00+00:00,2022-12-22 00:45:00+00:00,SHORT,16784.47053813619,16839.11784745525,16620.528610179004,16839.11784745525,Stop loss,-25.026392960458217,-0.9999999999999999,32,2022,2022-12,-4.527539365502889,4.527539365502889,0.182219796725164,24.812992395247214,2022-12-21 15:00:00+00:00
S12,5,BTC_V2_SETUP_B,2022-12-25 18:00:00+00:00,2022-12-25 18:00:00+00:00,2022-12-25 19:00:00+00:00,SHORT,16794.0,16809.74530221041,16746.764093368773,16746.764093368773,Take profit,18.11413313498924,0.7256152332297192,5,2022,2022-12,-2.4259742484755407,2.4259742484755407,0.08172974725839537,37.0106867232267,2022-12-25 16:00:00+00:00
S12,6,BTC_V2_SETUP_B,2022-12-26 15:00:00+00:00,2022-12-26 15:15:00+00:00,2022-12-26 19:15:00+00:00,SHORT,16826.642754495104,16842.428982019585,16779.284071921662,16842.428982019585,Stop loss,-19.393442821816915,-0.7754550653670615,17,2022,2022-12,-0.31876028058468364,0.31876028058468364,0.04245593973456115,18.63348244391294,2022-12-26 13:00:00+00:00
S12,7,BTC_V2_SETUP_B,2022-12-27 17:30:00+00:00,2022-12-27 17:30:00+00:00,2022-12-27 19:15:00+00:00,SHORT,16732.92206518961,16776.311739241555,16602.753043033776,16602.753043033776,Take profit,47.104403116978354,1.887148103354131,8,2022,2022-12,-2.876411742061464,2.876411742061464,0.12876244524742986,41.05382304589374,2022-12-27 16:00:00+00:00
S12,8,BTC_V2_SETUP_B,2022-12-30 13:45:00+00:00,2022-12-30 13:45:00+00:00,2022-12-30 14:45:00+00:00,SHORT,16458.205989514325,16498.176041942705,16338.295832229185,16338.295832229185,Take profit,45.987470458991595,1.8337489363466026,5,2022,2022-12,-11.861821499358484,11.861821499358484,0.09643656837019611,40.5772291667989,2022-12-30 12:00:00+00:00
S12,9,BTC_V2_SETUP_B,2023-01-03 09:45:00+00:00,2023-01-03 09:45:00+00:00,2023-01-03 11:45:00+00:00,LONG,16738.63199475216,16715.47202099136,16808.11191603455,16714.0,Stop loss (opening gap),-24.899400270054883,-0.988331920135442,9,2023,2023-01,2.756501710609882,2.756501710609882,0.07551616108972184,27.628656403233435,2023-01-03 08:00:00+00:00
S12,10,BTC_V2_SETUP_B,2023-01-04 08:15:00+00:00,2023-01-04 08:15:00+00:00,2023-01-04 08:15:00+00:00,LONG,16885.950254840307,16852.198980638776,16987.2040774449,16852.198980638776,Stop loss,-25.13110988710479,-0.9999999999999999,1,2023,2023-01,9.670271265182237,9.670271265182237,0.11256942963997531,62.03493644682185,2023-01-04 07:00:00+00:00
S12,11,BTC_V2_SETUP_B,2023-01-04 16:15:00+00:00,2023-01-04 16:15:00+00:00,2023-01-04 19:15:00+00:00,LONG,16872.183842295075,16819.264630819693,17030.941476721222,16819.264630819693,Stop loss,-25.06828211238703,-1.0,13,2023,2023-01,7.28035825621555,7.28035825621555,0.14034050086855546,28.338693582310338,2023-01-04 15:00:00+00:00
S12,12,BTC_V2_SETUP_B,2023-01-05 15:45:00+00:00,2023-01-05 15:45:00+00:00,2023-01-05 16:15:00+00:00,LONG,16870.161591062595,16829.353635749616,16992.585457001533,16829.353635749616,Stop loss,-25.005611407106066,-1.0,3,2023,2023-01,5.0882189281292085,5.0882189281292085,0.137719018625367,26.015465518428115,2023-01-05 14:00:00+00:00
S12,13,BTC_V2_SETUP_B,2023-01-06 18:15:00+00:00,2023-01-06 18:30:00+00:00,2023-01-06 20:00:00+00:00,LONG,16852.18712433978,16805.251502640884,16992.99398943647,16992.99398943647,Take profit,48.46058901356408,1.9428456810325294,7,2023,2023-01,3.106022130825295,3.106022130825295,0.14101376014483705,31.763765079426477,2023-01-06 17:00:00+00:00
S12,14,BTC_V2_SETUP_B,2023-01-07 15:15:00+00:00,2023-01-07 15:15:00+00:00,2023-01-07 16:00:00+00:00,LONG,16941.397024694365,16928.411901222546,16980.35239510982,16928.411901222546,Stop loss,-17.706285371783103,-0.7064359070545349,4,2023,2023-01,7.607176951962174,7.607176951962174,0.04687145910674351,22.048891454195182,2023-01-07 14:00:00+00:00
S12,15,BTC_V2_SETUP_B,2023-01-09 08:45:00+00:00,2023-01-09 08:45:00+00:00,2023-01-09 15:45:00+00:00,LONG,17217.8949567385,17188.420173045997,17306.319307816004,17306.319307816004,Take profit,38.143887574903346,1.5245369017631094,29,2023,2023-01,18.17750374017487,18.17750374017487,0.10396198391129621,41.64651516767893,2023-01-09 07:00:00+00:00
S12,16,BTC_V2_SETUP_B,2023-01-10 11:30:00+00:00,2023-01-10 11:30:00+00:00,2023-01-10 11:30:00+00:00,LONG,17276.791979953483,17262.832080186072,17318.671679255716,17262.832080186072,Stop loss,-18.159503686044552,-0.7230442279728132,1,2023,2023-01,15.065774403981777,15.065774403981777,0.09168556997935715,27.22414323444115,2023-01-10 10:00:00+00:00
S12,17,BTC_V2_SETUP_B,2023-01-10 14:00:00+00:00,2023-01-10 14:00:00+00:00,2023-01-10 18:15:00+00:00,LONG,17253.84775958331,17211.608961666763,17380.56415333295,17380.56415333295,Take profit,46.1167165862773,1.83952211489106,18,2023,2023-01,15.498619642385165,15.498619642385165,0.09832516623862957,20.14172400939894,2023-01-10 12:00:00+00:00
S12,18,BTC_V2_SETUP_B,2023-01-10 18:30:00+00:00,2023-01-10 18:30:00+00:00,2023-01-11 15:45:00+00:00,LONG,17400.62227293404,17320.51090826384,17640.95636694464,17320.51090826384,Stop loss,-25.185235888880587,-1.0,86,2023,2023-01,17.138461441176332,17.138461441176332,0.18669347304675898,18.720934352080704,2023-01-10 17:00:00+00:00
S12,19,BTC_V2_SETUP_B,2023-01-12 17:30:00+00:00,2023-01-12 17:30:00+00:00,2023-01-12 17:30:00+00:00,LONG,18271.840730691027,18096.637077235893,18797.451691056427,18797.451691056427,Take profit,65.87232188521507,2.622068568868572,1,2023,2023-01,45.67454333850037,45.67454333850037,0.42078670950712893,35.07685932138197,2023-01-12 16:00:00+00:00
S12,20,BTC_V2_SETUP_B,2023-01-14 19:30:00+00:00,2023-01-14 19:45:00+00:00,2023-01-15 00:30:00+00:00,LONG,20827.830092280292,20707.67963087883,21188.28147648468,20707.67963087883,Stop loss,-25.286953603871424,-1.0,20,2023,2023-01,128.52033240505625,128.52033240505625,0.464141861364836,19.991322592238287,2023-01-14 18:00:00+00:00
S12,21,BTC_V2_SETUP_B,2023-01-19 19:15:00+00:00,2023-01-19 19:15:00+00:00,2023-01-20 06:15:00+00:00,LONG,21036.893586261667,20936.42565495333,21338.297380186676,20936.42565495333,Stop loss,-25.22373621986175,-1.0,45,2023,2023-01,35.67742866354092,35.67742866354092,0.2751865203677584,18.926134431053597,2023-01-19 18:00:00+00:00
S12,22,BTC_V2_SETUP_B,2023-01-21 08:15:00+00:00,2023-01-21 08:30:00+00:00,2023-01-21 10:00:00+00:00,LONG,22767.84511622624,22612.619535095047,23233.521859619814,23233.521859619814,Take profit,62.60280685052359,2.488120933741556,7,2023,2023-01,101.13565437574289,101.13565437574289,0.2500761383702452,28.92415275284519,2023-01-21 07:00:00+00:00
S12,23,BTC_V2_SETUP_B,2023-01-21 14:45:00+00:00,2023-01-21 14:45:00+00:00,2023-01-21 22:45:00+00:00,LONG,23014.60134012595,22868.594639496194,23452.621442015225,22868.594639496194,Stop loss,-25.317183896438408,-1.0000000000000002,33,2023,2023-01,111.8102101788827,111.8102101788827,0.4870095314482448,30.805355355661344,2023-01-21 13:00:00+00:00
S12,24,BTC_V2_SETUP_B,2023-01-23 18:00:00+00:00,2023-01-23 18:00:00+00:00,2023-01-23 19:00:00+00:00,LONG,23069.0,22836.28521880179,23767.14434359463,22836.28521880179,Stop loss,-25.739522337140198,-1.019229963480091,5,2023,2023-01,63.03323689992976,63.03323689992976,0.44916911397309583,27.07165043975421,2023-01-23 16:00:00+00:00
S12,25,BTC_V2_SETUP_B,2023-01-26 14:15:00+00:00,2023-01-26 14:30:00+00:00,2023-01-26 14:30:00+00:00,LONG,23213.970050162523,23027.119799349915,23774.520802600346,23027.119799349915,Stop loss,-25.18954213085446,-1.0000000000000002,1,2023,2023-01,40.291979097903095,40.291979097903095,0.34255577570399276,24.943072091734418,2023-01-26 13:00:00+00:00
S12,26,BTC_V2_SETUP_B,2023-01-27 18:00:00+00:00,2023-01-27 18:00:00+00:00,2023-01-27 20:45:00+00:00,LONG,23246.1207847859,23074.5168608564,23760.932556574397,23074.5168608564,Stop loss,-25.126568275527315,-0.9999999999999999,12,2023,2023-01,28.765599186324835,28.765599186324835,0.35499524344415906,21.229429441149737,2023-01-27 16:00:00+00:00
S12,27,BTC_V2_SETUP_B,2023-01-29 19:15:00+00:00,2023-01-29 19:15:00+00:00,2023-01-29 20:45:00+00:00,LONG,23779.6282294834,23652.4870820664,24161.051671734407,23652.4870820664,Stop loss,-25.0637518548385,-1.0,7,2023,2023-01,44.537340196897276,44.537340196897276,0.3052009996130774,30.213952424711355,2023-01-29 18:00:00+00:00
S12,28,BTC_V2_SETUP_B,2023-02-02 18:15:00+00:00,2023-02-02 18:15:00+00:00,2023-02-02 19:00:00+00:00,LONG,24001.229696457343,23860.081214170634,24424.675143317472,23860.081214170634,Stop loss,-25.001092475201403,-1.0,4,2023,2023-02,34.86131098516125,34.86131098516125,0.35251876962469353,18.529023620955783,2023-02-02 17:00:00+00:00
S12,29,BTC_V2_SETUP_B,2023-02-06 11:15:00+00:00,2023-02-06 11:15:00+00:00,2023-02-06 11:45:00+00:00,SHORT,22777.77148886499,22858.914044540037,22534.343821839848,22858.914044540037,Stop loss,-24.9385897440134,-1.0,3,2023,2023-02,-17.89563850238119,17.89563850238119,0.1954920071063636,27.50978791524698,2023-02-06 10:00:00+00:00
S12,30,BTC_V2_SETUP_B,2023-02-06 14:00:00+00:00,2023-02-06 14:00:00+00:00,2023-02-06 15:45:00+00:00,SHORT,22814.451340767726,22901.1946369291,22554.221452283604,22901.1946369291,Stop loss,-24.876243269653365,-1.0,8,2023,2023-02,-16.476354058875586,16.476354058875586,0.22326303992600766,19.177364886144204,2023-02-06 12:00:00+00:00
S12,31,BTC_V2_SETUP_B,2023-02-08 18:45:00+00:00,2023-02-08 18:45:00+00:00,2023-02-09 03:00:00+00:00,SHORT,22891.462308893013,23016.150764427948,22517.396942288207,22517.396942288207,Take profit,59.05279877899054,2.3798127450040742,34,2023,2023-02,-6.961569835231785,6.961569835231785,0.30879335809253017,44.32039209879976,2023-02-08 17:00:00+00:00
S12,32,BTC_V2_SETUP_B,2023-02-09 19:15:00+00:00,2023-02-09 19:15:00+00:00,2023-02-09 19:30:00+00:00,SHORT,22409.484231054383,22537.06307578247,22026.747696870123,22026.747696870123,Take profit,59.97347565790228,2.4026213165727217,2,2023,2023-02,-24.304238041466306,24.304238041466306,0.31334839087497085,26.68994443774104,2023-02-09 18:00:00+00:00
S12,33,BTC_V2_SETUP_B,2023-02-10 10:00:00+00:00,2023-02-10 10:00:00+00:00,2023-02-10 15:45:00+00:00,SHORT,21819.62937680122,21905.482492795134,21562.07002881947,21562.07002881947,Take profit,54.98772465454551,2.1897324136364698,24,2023,2023-02,-52.856406774331845,52.856406774331845,0.2172093823330818,42.56553400710073,2023-02-10 08:00:00+00:00
S12,34,BTC_V2_SETUP_B,2023-02-13 09:15:00+00:00,2023-02-13 09:15:00+00:00,2023-02-13 23:15:00+00:00,SHORT,21656.357749501534,21792.569001993867,21247.723992024537,21792.569001993867,Stop loss,-25.24908765920783,-1.0000000000000002,57,2023,2023-02,-25.446740080260497,25.446740080260497,0.24378377990193148,18.182186123497637,2023-02-13 08:00:00+00:00
S12,35,BTC_V2_SETUP_B,2023-02-17 17:15:00+00:00,2023-02-17 17:15:00+00:00,2023-02-20 01:00:00+00:00,LONG,24388.230155386016,24005.07937845594,25537.682486176247,24005.07937845594,Stop loss,-25.18596494005981,-1.0000000000000002,224,2023,2023-02,51.414288005125854,51.414288005125854,0.675544232620491,27.537099157720917,2023-02-17 16:00:00+00:00
S12,36,BTC_V2_SETUP_B,2023-02-25 09:30:00+00:00,2023-02-25 09:45:00+00:00,2023-02-25 20:45:00+00:00,SHORT,23038.146873618472,23127.412505526114,22770.34997789555,22770.34997789555,Take profit,54.76212700621044,2.1797606554077946,45,2023,2023-02,-40.24516458157814,40.24516458157814,0.16083374253846625,18.624008425979245,2023-02-25 08:00:00+00:00
S12,37,BTC_V2_SETUP_B,2023-02-27 18:30:00+00:00,2023-02-27 18:30:00+00:00,2023-02-27 22:00:00+00:00,SHORT,23173.34935194165,23392.60259223339,22515.589631066436,23392.60259223339,Stop loss,-25.25990534522519,-1.0000000000000002,15,2023,2023-02,-3.60227843559187,3.60227843559187,0.48626548413129606,34.43770667454112,2023-02-27 17:00:00+00:00
S12,38,BTC_V2_SETUP_B,2023-03-02 12:30:00+00:00,2023-03-02 12:30:00+00:00,2023-03-02 18:45:00+00:00,SHORT,23353.0,23442.10344453806,23085.689666385817,23442.10344453806,Stop loss,-25.359908924853897,-1.0064751726650563,26,2023,2023-03,-7.934452861409227,7.934452861409227,0.19488449516318648,27.986936130469296,2023-03-02 11:00:00+00:00
S12,39,BTC_V2_SETUP_B,2023-03-03 11:00:00+00:00,2023-03-03 11:00:00+00:00,2023-03-03 13:45:00+00:00,SHORT,22345.584107236526,22395.66357105389,22195.34571578443,22395.66357105389,"Stop loss (ambiguous bar, SL First)",-25.133355809549986,-1.0,12,2023,2023-03,-54.10933631003354,54.10933631003354,0.21614858758813843,34.58618267394837,2023-03-03 09:00:00+00:00
S12,40,BTC_V2_SETUP_B,2023-03-07 09:30:00+00:00,2023-03-07 09:30:00+00:00,2023-03-07 10:15:00+00:00,SHORT,22373.870654383525,22426.517382465907,22215.93047013638,22426.517382465907,Stop loss,-25.07052242002611,-1.0,4,2023,2023-03,-18.40347618477972,18.40347618477972,0.10089749097440977,23.83857080079118,2023-03-07 08:00:00+00:00
S12,41,BTC_V2_SETUP_B,2023-03-07 14:15:00+00:00,2023-03-07 14:15:00+00:00,2023-03-07 15:00:00+00:00,SHORT,22330.669018852688,22397.323924589247,22130.70430164301,22130.70430164301,Take profit,49.930353834260416,1.9965875352358322,4,2023,2023-03,-21.023476091875636,21.023476091875636,0.11915677236451405,28.214580878892164,2023-03-07 13:00:00+00:00
S12,42,BTC_V2_SETUP_B,2023-03-07 18:45:00+00:00,2023-03-07 18:45:00+00:00,2023-03-08 05:30:00+00:00,SHORT,22204.829527032525,22318.681891869906,21863.27243252038,21863.27243252038,Take profit,58.99805117073148,2.3474643354318974,44,2023,2023-03,-23.29428726648257,23.29428726648257,0.37551530411276157,38.44772860815235,2023-03-07 17:00:00+00:00
S12,43,BTC_V2_SETUP_B,2023-03-08 12:30:00+00:00,2023-03-08 12:30:00+00:00,2023-03-08 15:00:00+00:00,SHORT,22043.856862341578,22112.572550633693,21837.70979746523,22112.572550633693,Stop loss,-25.28016712648852,-1.0,11,2023,2023-03,-31.8716063007123,31.8716063007123,0.1944241729495981,25.663711961023406,2023-03-08 11:00:00+00:00
S12,44,BTC_V2_SETUP_B,2023-03-08 18:30:00+00:00,2023-03-08 18:30:00+00:00,2023-03-08 20:30:00+00:00,SHORT,21954.612919538624,22072.548321845497,21600.806712618003,22072.548321845497,Stop loss,-25.2169667086723,-0.9999999999999999,9,2023,2023-03,-28.786691321976832,28.786691321976832,0.308364936396069,23.445146891756547,2023-03-08 17:00:00+00:00
S12,45,BTC_V2_SETUP_B,2023-03-09 07:45:00+00:00,2023-03-09 07:45:00+00:00,2023-03-09 14:00:00+00:00,SHORT,21670.300558044415,21735.79776782234,21473.80892871064,21735.79776782234,Stop loss,-25.153924291900623,-1.0,26,2023,2023-03,-39.506408360481146,39.506408360481146,0.1567172589067207,31.738252959169085,2023-03-09 06:00:00+00:00
S12,46,BTC_V2_SETUP_B,2023-03-09 16:00:00+00:00,2023-03-09 16:00:00+00:00,2023-03-09 18:15:00+00:00,SHORT,21633.2084933649,21739.166026540413,21315.335893838354,21315.335893838354,Take profit,58.26328242307662,2.3220752757891625,10,2023,2023-03,-40.435974253487075,40.435974253487075,0.2579473882002333,33.062919494145135,2023-03-09 14:00:00+00:00
S12,47,BTC_V2_SETUP_B,2023-03-10 10:30:00+00:00,2023-03-10 10:30:00+00:00,2023-03-10 12:45:00+00:00,SHORT,19794.16257824133,19926.34968703468,19397.601251861277,19926.34968703468,Stop loss,-25.23669768722856,-1.0,10,2023,2023-03,-110.9754670980401,110.9754670980401,0.38740313549744115,36.83968078299968,2023-03-10 09:00:00+00:00
S12,48,BTC_V2_SETUP_B,2023-03-10 14:45:00+00:00,2023-03-10 14:45:00+00:00,2023-03-10 16:15:00+00:00,SHORT,19736.181002048048,20080.2759918078,18703.89603276879,20080.2759918078,Stop loss,-25.17360594301049,-1.0,7,2023,2023-03,-109.14691334592862,109.14691334592862,0.6907762702680077,28.0833856155445,2023-03-10 13:00:00+00:00
S12,49,BTC_V2_SETUP_B,2023-03-13 19:00:00+00:00,2023-03-13 19:00:00+00:00,2023-03-13 23:15:00+00:00,LONG,24410.708996399317,24157.164014402737,25171.343942389056,24157.164014402737,Stop loss,-25.110671928152964,-1.0000000000000002,18,2023,2023-03,108.28036757651716,108.28036757651716,0.8786147925762464,50.61393878187648,2023-03-13 17:00:00+00:00
S12,50,BTC_V2_SETUP_B,2023-03-14 10:30:00+00:00,2023-03-14 10:45:00+00:00,2023-03-14 12:30:00+00:00,LONG,24543.50531090352,24351.97875638591,25118.084974456357,25118.084974456357,Take profit,63.757828078208085,2.545436550500282,8,2023,2023-03,123.1361432530939,123.1361432530939,0.44965172569303824,21.42051267482497,2023-03-14 09:00:00+00:00
S12,51,BTC_V2_SETUP_B,2023-03-16 10:45:00+00:00,2023-03-16 10:45:00+00:00,2023-03-16 12:45:00+00:00,LONG,25028.231496829736,24766.074012681052,25814.703949275787,24766.074012681052,Stop loss,-25.207289818528096,-1.0,9,2023,2023-03,80.38786321692533,80.38786321692533,0.49885897047884575,28.374083829720085,2023-03-16 09:00:00+00:00
S12,52,BTC_V2_SETUP_B,2023-03-16 14:45:00+00:00,2023-03-16 14:45:00+00:00,2023-03-16 17:15:00+00:00,LONG,24961.035082508075,24723.859669967696,25672.56132012921,24723.859669967696,Stop loss,-25.144271593981774,-1.0,11,2023,2023-03,88.83346374051325,88.83346374051325,0.5641832076728139,20.399125599015047,2023-03-16 13:00:00+00:00
S12,53,BTC_V2_SETUP_B,2023-03-17 10:00:00+00:00,2023-03-17 10:00:00+00:00,2023-03-17 21:30:00+00:00,LONG,26398.558515901103,26105.765936395583,27276.936254417662,27276.936254417662,Take profit,66.94303849734764,2.669030012873824,47,2023,2023-03,127.34261378468,127.34261378468,0.49823496039078236,48.664020248880824,2023-03-17 08:00:00+00:00
S12,54,BTC_V2_SETUP_B,2023-03-18 09:45:00+00:00,2023-03-18 09:45:00+00:00,2023-03-18 15:30:00+00:00,LONG,27490.78180215277,27294.87279138891,28078.508834444357,27294.87279138891,Stop loss,-25.24876851124019,-1.0,24,2023,2023-03,163.46004092120347,163.46004092120347,0.4210305590950448,20.691912116743033,2023-03-18 08:00:00+00:00
S12,55,BTC_V2_SETUP_B,2023-03-18 19:30:00+00:00,2023-03-18 19:30:00+00:00,2023-03-18 21:45:00+00:00,LONG,27509.950553787923,27332.197784848304,28043.20886060678,27332.197784848304,Stop loss,-25.18564658996209,-1.0,10,2023,2023-03,146.08453370557982,146.08453370557982,0.5788324988478247,28.234740285548224,2023-03-18 18:00:00+00:00
S12,56,BTC_V2_SETUP_B,2023-03-20 11:30:00+00:00,2023-03-20 11:30:00+00:00,2023-03-20 13:30:00+00:00,LONG,28357.37730671728,28134.49077313087,29026.03690747651,28134.49077313087,Stop loss,-25.122682473487185,-1.0,9,2023,2023-03,133.23715675225685,133.23715675225685,0.5910125025420301,28.127285501761442,2023-03-20 10:00:00+00:00
S12,57,BTC_V2_SETUP_B,2023-03-21 12:45:00+00:00,2023-03-21 12:45:00+00:00,2023-03-21 13:45:00+00:00,LONG,28212.503547031865,27991.985811872542,28874.056752509834,27991.985811872542,Stop loss,-25.059875767303467,-1.0,5,2023,2023-03,92.81591507792837,92.81591507792837,0.4613099043740109,27.23946760853636,2023-03-21 11:00:00+00:00
S12,58,BTC_V2_SETUP_B,2023-03-21 16:45:00+00:00,2023-03-21 16:45:00+00:00,2023-03-21 17:45:00+00:00,LONG,28493.34080791591,28076.63676833636,29743.452926654554,28076.63676833636,Stop loss,-24.997226077885205,-1.0,5,2023,2023-03,98.93755948813487,98.93755948813487,0.5168673061721633,21.20136430749036,2023-03-21 15:00:00+00:00
S12,59,BTC_V2_SETUP_B,2023-03-22 14:30:00+00:00,2023-03-22 14:30:00+00:00,2023-03-22 18:00:00+00:00,LONG,28496.646840725523,28345.412637097903,28950.349451608385,28345.412637097903,Stop loss,-24.934733012690486,-0.9999999999999997,15,2023,2023-03,85.5229779883739,85.5229779883739,0.256107358090145,20.480754348633717,2023-03-22 13:00:00+00:00
S13,1,BTC_V2_SETUP_B,2023-04-04 17:30:00+00:00,2023-04-04 17:30:00+00:00,2023-04-05 00:45:00+00:00,LONG,28197.60183349221,28073.592666031163,28569.629335875343,28569.629335875343,Take profit,56.466597363971346,2.258663894558854,30,2023,2023-04,4.282705273246393,4.282705273246393,0.32689280711840213,18.802977001948403,2023-04-04 16:00:00+00:00
S13,2,BTC_V2_SETUP_B,2023-04-07 07:45:00+00:00,2023-04-07 07:45:00+00:00,2023-04-07 10:30:00+00:00,SHORT,27848.71384511251,27977.144619549963,27463.421521800152,27977.144619549963,Stop loss,-25.141166493409926,-1.0,12,2023,2023-04,-3.832312807393464,3.832312807393464,0.1639937511201754,35.809527456969214,2023-04-07 06:00:00+00:00
S13,3,BTC_V2_SETUP_B,2023-04-09 17:30:00+00:00,2023-04-09 17:30:00+00:00,2023-04-09 17:45:00+00:00,SHORT,27896.31098995148,27939.75604019409,27765.975839223644,27939.75604019409,Stop loss,-25.07831357717641,-1.0000000000000002,2,2023,2023-04,-6.181451379543432,6.181451379543432,0.12104995689262443,28.68982836442421,2023-04-09 16:00:00+00:00
S13,4,BTC_V2_SETUP_B,2023-04-11 14:00:00+00:00,2023-04-11 14:00:00+00:00,2023-04-11 14:30:00+00:00,LONG,30283.959658979133,30117.16136408347,30784.354543666122,30117.16136408347,Stop loss,-25.015617793233464,-1.0,3,2023,2023-04,86.57188419903832,86.57188419903832,0.26153626018049353,23.163665483505827,2023-04-11 12:00:00+00:00
S13,5,BTC_V2_SETUP_B,2023-04-13 13:00:00+00:00,2023-04-13 13:00:00+00:00,2023-04-14 01:00:00+00:00,LONG,30339.30105684976,30165.795772600963,30859.81690959615,30859.81690959615,Take profit,59.99730022038466,2.4044047159266566,49,2023,2023-04,59.2761480641675,59.2761480641675,0.21782684019657733,26.066198253448686,2023-04-13 11:00:00+00:00
S13,6,BTC_V2_SETUP_B,2023-04-20 11:15:00+00:00,2023-04-20 11:15:00+00:00,2023-04-20 12:15:00+00:00,SHORT,28756.4665358034,28888.1338567864,28361.4645728544,28361.4645728544,Take profit,57.317382143743224,2.283281589812532,5,2023,2023-04,-41.19247961492874,41.19247961492874,0.2455073264964493,23.306998794422228,2023-04-20 10:00:00+00:00
S13,7,BTC_V2_SETUP_B,2023-04-20 15:00:00+00:00,2023-04-20 15:00:00+00:00,2023-04-20 19:00:00+00:00,SHORT,28685.503650155246,28832.98539937901,28243.058402483955,28243.058402483955,Take profit,59.302404922349545,2.348948209153084,17,2023,2023-04,-43.105937068077765,43.105937068077765,0.3827941529235338,33.86836216302022,2023-04-20 13:00:00+00:00
S13,8,BTC_V2_SETUP_B,2023-04-20 19:15:00+00:00,2023-04-20 19:15:00+00:00,2023-04-21 19:00:00+00:00,SHORT,28212.711582846114,28412.153668615552,27614.385325537798,27614.385325537798,Take profit,63.60099866894547,2.504506663022243,96,2023,2023-04,-56.415687424225325,56.415687424225325,0.44507163662592,47.39725496398239,2023-04-20 18:00:00+00:00
S13,9,BTC_V2_SETUP_B,2023-04-24 15:30:00+00:00,2023-04-24 15:30:00+00:00,2023-04-24 18:15:00+00:00,SHORT,27235.54891963,27453.80432147999,26580.78271408003,27453.80432147999,Stop loss,-25.553623963638934,-0.9999999999999999,12,2023,2023-04,-47.13789062923024,47.13789062923024,0.40012334348721657,22.95235282025048,2023-04-24 14:00:00+00:00
S13,10,BTC_V2_SETUP_B,2023-05-05 14:45:00+00:00,2023-05-05 14:45:00+00:00,2023-05-06 12:30:00+00:00,LONG,29425.521835716627,29148.912657133493,30255.34937146603,29148.912657133493,Stop loss,-25.489739903729838,-0.9999999999999999,88,2023,2023-05,16.367791437045526,16.367791437045526,0.3759547721958594,19.907565513767615,2023-05-05 13:00:00+00:00
S13,11,BTC_V2_SETUP_B,2023-05-08 07:15:00+00:00,2023-05-08 07:15:00+00:00,2023-05-08 07:45:00+00:00,SHORT,28155.948945358276,28250.204218566905,27873.183125732387,27873.183125732387,Take profit,52.8939786242259,2.080309378870257,3,2023,2023-05,-32.2445629960057,32.2445629960057,0.28759439455672314,52.36895786010531,2023-05-08 06:00:00+00:00
S13,12,BTC_V2_SETUP_B,2023-05-08 12:15:00+00:00,2023-05-08 12:15:00+00:00,2023-05-08 14:45:00+00:00,SHORT,27869.759500977136,27990.96199609146,27506.15201563416,27990.96199609146,Stop loss,-25.55825050053108,-0.9999999999999999,11,2023,2023-05,-45.91976874977627,45.91976874977627,0.3042619661954059,52.91869307696039,2023-05-08 11:00:00+00:00
S13,13,BTC_V2_SETUP_B,2023-05-08 17:45:00+00:00,2023-05-08 17:45:00+00:00,2023-05-10 12:30:00+00:00,SHORT,27767.332234154463,27947.671063382153,27226.31574647139,27947.671063382153,Stop loss,-25.494354874279757,-1.0,172,2023,2023-05,-45.58224812334811,45.58224812334811,0.3359917830151952,32.263958809876804,2023-05-08 16:00:00+00:00
S13,14,BTC_V2_SETUP_B,2023-05-11 08:00:00+00:00,2023-05-11 08:00:00+00:00,2023-05-11 12:30:00+00:00,SHORT,27444.120621850412,27578.517512598355,27040.929949606583,27578.517512598355,Stop loss,-25.43061898709406,-1.0000000000000002,19,2023,2023-05,-38.457013126830134,38.457013126830134,0.2096303847394854,23.541543918220263,2023-05-11 06:00:00+00:00
S13,15,BTC_V2_SETUP_B,2023-05-11 17:15:00+00:00,2023-05-11 17:15:00+00:00,2023-05-12 05:45:00+00:00,SHORT,27053.456230797103,27239.17507681159,26496.299692753644,26496.299692753644,Take profit,63.20533606836673,2.4916320544184734,51,2023,2023-05,-49.26813568508442,49.26813568508442,0.40952716280546103,35.728261425762994,2023-05-11 16:00:00+00:00
S13,16,BTC_V2_SETUP_B,2023-05-12 15:00:00+00:00,2023-05-12 15:15:00+00:00,2023-05-12 19:45:00+00:00,SHORT,26307.67593178835,26497.296272846597,25738.814908613615,26497.296272846597,Stop loss,-25.525055779797235,-0.9999999999999999,19,2023,2023-05,-76.17966659638114,76.17966659638114,0.32841440106707015,25.05258574227542,2023-05-12 13:00:00+00:00
S13,17,BTC_V2_SETUP_B,2023-05-16 14:00:00+00:00,2023-05-16 14:00:00+00:00,2023-05-17 01:30:00+00:00,SHORT,26981.389614480744,27146.441542077016,26486.233831691927,27146.441542077016,Stop loss,-25.461243140347747,-1.0,47,2023,2023-05,-14.086584978602332,14.086584978602332,0.2675449641894531,19.793112119894655,2023-05-16 12:00:00+00:00
S13,18,BTC_V2_SETUP_B,2023-05-17 11:15:00+00:00,2023-05-17 11:15:00+00:00,2023-05-17 11:45:00+00:00,SHORT,26813.679888119794,26896.28044752082,26565.87820991671,26565.87820991671,Take profit,51.30584882357117,2.0201069769975812,3,2023,2023-05,-21.035398318999796,21.035398318999796,0.17299421244497074,26.007914921850595,2023-05-17 10:00:00+00:00
S13,19,BTC_V2_SETUP_B,2023-05-21 15:45:00+00:00,2023-05-21 15:45:00+00:00,2023-05-22 13:30:00+00:00,SHORT,26833.52732192182,26971.89071231271,26418.437150749156,26971.89071231271,Stop loss,-25.525854654555804,-1.0,88,2023,2023-05,-9.788803306844784,9.788803306844784,0.18428067358601777,30.402634666541868,2023-05-21 14:00:00+00:00
S13,20,BTC_V2_SETUP_B,2023-05-24 11:15:00+00:00,2023-05-24 11:15:00+00:00,2023-05-24 11:15:00+00:00,SHORT,26693.69796271403,26744.208149143873,26542.167403424508,26744.208149143873,Stop loss,-25.46204001791942,-1.0000000000000002,1,2023,2023-05,-16.722998280976753,16.722998280976753,0.17243079180313917,43.430468572200205,2023-05-24 10:00:00+00:00
S13,21,BTC_V2_SETUP_B,2023-05-24 19:00:00+00:00,2023-05-24 19:00:00+00:00,2023-05-24 19:15:00+00:00,SHORT,26207.818191665967,26298.72723333614,25935.09106665545,26298.72723333614,Stop loss,-25.39838491787462,-1.0,2,2023,2023-05,-36.0268790848786,36.0268790848786,0.31901501575577146,46.45420777259869,2023-05-24 17:00:00+00:00
S13,22,BTC_V2_SETUP_B,2023-05-28 11:00:00+00:00,2023-05-28 11:00:00+00:00,2023-05-28 11:45:00+00:00,LONG,27225.471374353485,27173.114502586057,27382.54198965577,27173.114502586057,Stop loss,-25.33488895557993,-1.0,4,2023,2023-05,19.858931080183538,19.858931080183538,0.10809788439820589,37.69991177235755,2023-05-28 09:00:00+00:00
S13,23,BTC_V2_SETUP_B,2023-05-28 13:30:00+00:00,2023-05-28 13:30:00+00:00,2023-05-28 18:15:00+00:00,LONG,27214.8317242996,27136.6731028016,27449.307588793607,27449.307588793607,Take profit,49.697405823477425,1.9665355870572117,20,2023,2023-05,18.5785567363273,18.5785567363273,0.13469056212360725,36.171310245458955,2023-05-28 12:00:00+00:00
S13,24,BTC_V2_SETUP_B,2023-06-05 12:45:00+00:00,2023-06-05 12:45:00+00:00,2023-06-05 14:00:00+00:00,SHORT,26683.871025950117,26796.51589619954,26345.936415201846,26796.51589619954,Stop loss,-25.395795247749675,-1.0,6,2023,2023-06,-16.95115943707424,16.95115943707424,0.1594737116018666,56.77182928310983,2023-06-05 11:00:00+00:00
S13,25,BTC_V2_SETUP_B,2023-06-10 12:30:00+00:00,2023-06-10 12:30:00+00:00,2023-06-10 17:00:00+00:00,SHORT,25638.518082816157,25758.92766873537,25277.28932505852,25758.92766873537,Stop loss,-25.3323057596303,-1.0000000000000002,19,2023,2023-06,-45.68591003001711,45.68591003001711,0.27145218553383516,38.82669833481308,2023-06-10 11:00:00+00:00
S13,26,BTC_V2_SETUP_B,2023-06-15 09:00:00+00:00,2023-06-15 09:15:00+00:00,2023-06-15 11:45:00+00:00,SHORT,24862.928068518602,24981.28772592559,24507.849096297636,24981.28772592559,Stop loss,-25.268974995231225,-1.0,11,2023,2023-06,-54.48749548425258,54.48749548425258,0.24703912194592045,48.153267446479475,2023-06-15 07:00:00+00:00
S13,27,BTC_V2_SETUP_B,2023-06-15 16:00:00+00:00,2023-06-15 16:00:00+00:00,2023-06-15 17:15:00+00:00,SHORT,24915.017417692183,24993.930329231265,24678.278683074936,24993.930329231265,Stop loss,-25.20580255774314,-0.9999999999999999,6,2023,2023-06,-51.795799570478266,51.795799570478266,0.23928615731207917,26.80645763170748,2023-06-15 14:00:00+00:00
S13,28,BTC_V2_SETUP_B,2023-06-17 18:45:00+00:00,2023-06-17 18:45:00+00:00,2023-06-18 00:15:00+00:00,LONG,26514.46752993594,26429.129880256238,26770.48047897505,26429.129880256238,Stop loss,-25.142788051348784,-0.9999999999999999,23,2023,2023-06,24.972584119317617,24.972584119317617,0.18615140401649696,38.954304606708604,2023-06-17 17:00:00+00:00
S13,29,BTC_V2_SETUP_B,2023-06-18 19:30:00+00:00,2023-06-18 19:30:00+00:00,2023-06-18 20:00:00+00:00,LONG,26640.795111683263,26588.819553266945,26796.721786932216,26588.819553266945,Stop loss,-25.079931081220415,-1.0,3,2023,2023-06,25.244356471055653,25.244356471055653,0.1347732034433525,20.638998939457554,2023-06-18 18:00:00+00:00
S13,30,BTC_V2_SETUP_B,2023-06-21 09:30:00+00:00,2023-06-21 09:30:00+00:00,2023-06-21 13:45:00+00:00,LONG,28922.909985693248,28796.360057227008,29302.55977109197,29302.55977109197,Take profit,56.42810042695339,2.255569365575566,18,2023,2023-06,114.19788420622353,114.19788420622353,0.27051236289250785,56.465270786970066,2023-06-21 08:00:00+00:00
S13,31,BTC_V2_SETUP_B,2023-06-22 12:45:00+00:00,2023-06-22 13:00:00+00:00,2023-06-22 14:30:00+00:00,LONG,30139.33448953287,29996.66204186852,30567.35183252592,29996.66204186852,Stop loss,-25.15830150458475,-0.9999999999999999,7,2023,2023-06,137.47553047885594,137.47553047885594,0.3540747068147058,24.238311243973214,2023-06-22 11:00:00+00:00
S13,32,BTC_V2_SETUP_B,2023-06-27 16:45:00+00:00,2023-06-27 16:45:00+00:00,2023-06-28 02:45:00+00:00,LONG,30737.371604638203,30442.513581447194,31621.94567421123,30442.513581447194,Stop loss,-25.09540575082329,-1.0,41,2023,2023-06,56.30125827232405,56.30125827232405,0.4146695283721014,29.333804150340814,2023-06-27 15:00:00+00:00
S16,1,BTC_V2_SETUP_B,2023-07-12 07:30:00+00:00,2023-07-12 07:30:00+00:00,2023-07-12 08:30:00+00:00,LONG,30802.520591458117,30702.917634167527,31101.329463329886,30702.917634167527,Stop loss,-25.0,-1.0,5,2023,2023-07,9.534720463107078,9.534720463107078,0.16372261103038227,37.32876896588855,2023-07-12 06:00:00+00:00
S16,2,BTC_V2_SETUP_B,2023-07-12 12:00:00+00:00,2023-07-12 12:15:00+00:00,2023-07-12 12:45:00+00:00,LONG,30800.08610969125,30702.65556123501,31092.377755059966,30702.65556123501,Stop loss,-24.9375,-1.0,3,2023,2023-07,12.829684870019264,12.829684870019264,0.13555409150705852,24.630538796603457,2023-07-12 10:00:00+00:00
S16,3,BTC_V2_SETUP_B,2023-07-17 15:30:00+00:00,2023-07-17 15:30:00+00:00,2023-07-18 16:45:00+00:00,SHORT,30142.78435408866,30309.862583645358,29641.54966541857,29641.54966541857,Take profit,59.424471933249166,2.3889084890973966,102,2023,2023-07,-12.729966985796636,12.729966985796636,0.21318257168783045,19.615984982149776,2023-07-17 14:00:00+00:00
S16,4,BTC_V2_SETUP_B,2023-07-18 19:30:00+00:00,2023-07-18 19:30:00+00:00,2023-07-19 00:30:00+00:00,SHORT,29768.607430866115,29956.57027653553,29204.71889385787,29956.57027653553,Stop loss,-25.02371742983312,-0.9999999999999999,21,2023,2023-07,-25.89350175558502,25.89350175558502,0.2950210983869309,22.878351484244394,2023-07-18 18:00:00+00:00
S16,5,BTC_V2_SETUP_B,2023-07-22 12:45:00+00:00,2023-07-22 12:45:00+00:00,2023-07-22 14:15:00+00:00,SHORT,29851.920154597727,29889.319381609093,29739.722473563626,29889.319381609093,Stop loss,-22.499501198828185,-0.9013804998953732,7,2023,2023-07,-9.083134082797187,9.083134082797187,0.07234417996670169,18.920358395502223,2023-07-22 11:00:00+00:00
S16,6,BTC_V2_SETUP_B,2023-07-24 09:15:00+00:00,2023-07-24 09:30:00+00:00,2023-07-24 09:45:00+00:00,SHORT,29733.957691168085,29787.16923532766,29574.323058689362,29574.323058689362,Take profit,39.014946952442116,1.5665564709367692,2,2023,2023-07,-12.320532184432523,12.320532184432523,0.13732576868712412,30.924124336922546,2023-07-24 08:00:00+00:00
S16,7,BTC_V2_SETUP_B,2023-07-29 12:00:00+00:00,2023-07-29 12:00:00+00:00,2023-07-29 12:15:00+00:00,SHORT,29267.093514838285,29292.62594064686,29190.49623741256,29292.62594064686,Stop loss,-18.73013115850377,-0.7491319287790262,2,2023,2023-07,-10.425708205832052,10.425708205832052,0.061941655793811286,36.00670531607908,2023-07-29 10:00:00+00:00
S16,8,BTC_V2_SETUP_B,2023-07-30 09:45:00+00:00,2023-07-30 09:45:00+00:00,2023-07-30 10:45:00+00:00,SHORT,29282.533292982396,29291.866828070415,29254.53268771834,29254.53268771834,Take profit,-0.432229329507857,-0.017319918513986295,5,2023,2023-07,-8.218089387981308,8.218089387981308,0.03187454019969543,25.591575154008044,2023-07-30 08:00:00+00:00
S16,9,BTC_V2_SETUP_B,2023-07-31 15:45:00+00:00,2023-07-31 16:00:00+00:00,2023-08-01 01:00:00+00:00,SHORT,29223.92724829742,29336.291006810327,28886.835972758698,29336.291006810327,Stop loss,-24.954540849422546,-1.0,37,2023,2023-07,-2.909289204802917,2.909289204802917,0.14171692209635367,30.59904577518428,2023-07-31 14:00:00+00:00
S16,10,BTC_V2_SETUP_B,2023-08-01 11:30:00+00:00,2023-08-01 11:30:00+00:00,2023-08-01 15:30:00+00:00,SHORT,28877.43453475805,28925.261860967803,28733.95255612879,28733.95255612879,Take profit,37.203038206005154,1.4945688293089294,17,2023,2023-08,-22.43207192810587,22.43207192810587,0.10840045992113673,25.95936752580265,2023-08-01 10:00:00+00:00
S16,11,BTC_V2_SETUP_B,2023-08-03 12:30:00+00:00,2023-08-03 12:30:00+00:00,2023-08-03 13:15:00+00:00,SHORT,29082.2208721159,29142.116511536406,28902.533953854385,29142.116511536406,Stop loss,-24.985162092814,-0.9999999999999999,4,2023,2023-08,-11.482712215467473,11.482712215467473,0.12228943768095495,28.17416158128887,2023-08-03 11:00:00+00:00
S16,12,BTC_V2_SETUP_B,2023-08-05 15:30:00+00:00,2023-08-05 15:30:00+00:00,2023-08-05 18:45:00+00:00,SHORT,28983.831412832933,29052.674348668264,28777.30260532694,29052.674348668264,Stop loss,-24.922699187581966,-1.0,14,2023,2023-08,-11.833855925786338,11.833855925786338,0.08061445688923043,21.91620111005936,2023-08-05 14:00:00+00:00
S16,13,BTC_V2_SETUP_B,2023-08-07 15:30:00+00:00,2023-08-07 15:30:00+00:00,2023-08-07 18:00:00+00:00,SHORT,28872.799774565,28988.800901740007,28524.796393039975,28988.800901740007,Stop loss,-24.860392439613012,-1.0,11,2023,2023-08,-7.321597066511458,7.321597066511458,0.15228054365515453,18.86090683472243,2023-08-07 14:00:00+00:00
S16,14,BTC_V2_SETUP_B,2023-08-14 08:15:00+00:00,2023-08-14 08:30:00+00:00,2023-08-14 09:30:00+00:00,LONG,29431.57929288905,29361.68282844379,29641.268686224834,29361.68282844379,Stop loss,-24.798241458513978,-1.0000000000000002,5,2023,2023-08,0.8371206729752885,0.8371206729752885,0.1073874061844718,21.58850734968976,2023-08-14 07:00:00+00:00
S16,15,BTC_V2_SETUP_B,2023-08-16 11:45:00+00:00,2023-08-16 11:45:00+00:00,2023-08-16 12:30:00+00:00,SHORT,29123.708889840866,29159.164440636534,29017.34223745386,29017.34223745386,Take profit,26.260611297327923,1.0616247692315146,4,2023,2023-08,-9.621970039821463,9.621970039821463,0.08865992509073913,23.35689182618155,2023-08-16 10:00:00+00:00
S16,16,BTC_V2_SETUP_B,2023-08-16 16:00:00+00:00,2023-08-16 16:00:00+00:00,2023-08-16 18:00:00+00:00,SHORT,29066.037897208254,29136.84841116699,28853.60635533205,29136.84841116699,Stop loss,-24.80189738311101,-1.0,9,2023,2023-08,-10.77386232504432,10.77386232504432,0.13496837776419887,22.93684602729117,2023-08-16 14:00:00+00:00
S16,17,BTC_V2_SETUP_B,2023-08-17 08:30:00+00:00,2023-08-17 08:30:00+00:00,2023-08-17 13:45:00+00:00,SHORT,28544.93599694602,28606.256012215912,28360.975951136345,28360.975951136345,Take profit,42.796624359024555,1.7298629780805876,22,2023,2023-08,-32.07016651063168,32.07016651063168,0.14459878478198906,33.95112402928271,2023-08-17 07:00:00+00:00
S16,18,BTC_V2_SETUP_B,2023-08-17 14:00:00+00:00,2023-08-17 14:00:00+00:00,2023-08-17 15:45:00+00:00,SHORT,28342.29826811151,28498.80692755396,27872.77228978416,27872.77228978416,Take profit,59.3084933278252,2.386958978402228,8,2023,2023-08,-36.018351257956965,36.018351257956965,0.19054460035900014,42.704960522291366,2023-08-17 12:00:00+00:00
S16,19,BTC_V2_SETUP_B,2023-08-17 18:45:00+00:00,2023-08-17 18:45:00+00:00,2023-08-17 21:30:00+00:00,SHORT,27852.736739291915,27994.05304283234,27428.78782867064,27428.78782867064,Take profit,58.53108850468759,2.3416973204884917,12,2023,2023-08,-54.8632959361712,54.8632959361712,0.37775502103533753,52.64806161370967,2023-08-17 17:00:00+00:00
S16,20,BTC_V2_SETUP_B,2023-08-18 13:00:00+00:00,2023-08-18 13:00:00+00:00,2023-08-18 14:45:00+00:00,SHORT,26308.253574568702,26414.985701725192,25988.05719309923,25988.05719309923,Take profit,55.54587425009208,2.2093316415485065,8,2023,2023-08,-116.90932840056485,116.90932840056485,0.28468278353327603,19.578195283093876,2023-08-18 11:00:00+00:00
S16,21,BTC_V2_SETUP_B,2023-08-21 07:30:00+00:00,2023-08-21 07:30:00+00:00,2023-08-21 08:15:00+00:00,SHORT,25997.0,26047.50717009387,25845.478489718385,26047.50717009387,Stop loss,-25.321092797700274,-1.001611724537954,4,2023,2023-08,-70.43617854810145,70.43617854810145,0.14437420850554106,23.502890277566866,2023-08-21 06:00:00+00:00
S16,22,BTC_V2_SETUP_B,2023-08-22 09:00:00+00:00,2023-08-22 09:00:00+00:00,2023-08-22 16:00:00+00:00,SHORT,26043.69578717424,26094.216851303026,25892.132594787887,25892.132594787887,Take profit,41.35188601822751,1.639838682124477,29,2023,2023-08,-55.87713391941725,55.87713391941725,0.10011228752691355,18.60600277851577,2023-08-22 07:00:00+00:00
S16,23,BTC_V2_SETUP_B,2023-08-25 08:00:00+00:00,2023-08-25 08:00:00+00:00,2023-08-25 08:15:00+00:00,SHORT,25956.15689416157,26055.37242335372,25658.510306585114,26055.37242335372,Stop loss,-25.320424823808626,-0.9999999999999999,2,2023,2023-08,-29.70726690178344,29.70726690178344,0.1419848885625249,25.385785908597963,2023-08-25 06:00:00+00:00
S16,24,BTC_V2_SETUP_B,2023-08-26 17:30:00+00:00,2023-08-26 17:30:00+00:00,2023-08-27 06:15:00+00:00,SHORT,26004.297603800616,26033.80958479753,25915.761660809872,26033.80958479753,Stop loss,-21.574191076528326,-0.8541824191874756,52,2023,2023-08,-22.164937095250934,22.164937095250934,0.054018011180683584,19.836176900513518,2023-08-26 16:00:00+00:00
S16,25,BTC_V2_SETUP_B,2023-08-28 07:30:00+00:00,2023-08-28 07:30:00+00:00,2023-08-28 08:30:00+00:00,SHORT,25902.571047638055,25944.71580944778,25776.136762208876,25944.71580944778,Stop loss,-25.20318828405778,-0.9999999999999997,5,2023,2023-08,-17.75780063225102,17.75780063225102,0.1103267728493833,45.79724696587828,2023-08-28 06:00:00+00:00
S16,26,BTC_V2_SETUP_B,2023-08-29 10:30:00+00:00,2023-08-29 10:30:00+00:00,2023-08-29 11:00:00+00:00,SHORT,25939.763416094298,25978.946335622815,25822.214657508746,25978.946335622815,Stop loss,-25.140180313347635,-0.9999999999999997,3,2023,2023-08,-13.82183395816537,13.82183395816537,0.09533818323917922,27.156074499242397,2023-08-29 09:00:00+00:00
S16,27,BTC_V2_SETUP_B,2023-09-01 10:45:00+00:00,2023-09-01 11:00:00+00:00,2023-09-01 11:45:00+00:00,SHORT,25978.46380187714,26036.144792491443,25805.420830034232,26036.144792491443,Stop loss,-25.07732986256427,-1.0,4,2023,2023-09,-29.919522283045808,29.919522283045808,0.11825550385745419,23.353440913870966,2023-09-01 09:00:00+00:00
S16,28,BTC_V2_SETUP_B,2023-09-01 13:45:00+00:00,2023-09-01 13:45:00+00:00,2023-09-01 14:45:00+00:00,SHORT,25978.938550523966,26052.245797904132,25759.01680838347,25759.01680838347,Take profit,48.87253922610186,1.9537577190873465,5,2023,2023-09,-28.129516446413618,28.129516446413618,0.1586645738720571,20.136912321077368,2023-09-01 12:00:00+00:00
S16,29,BTC_V2_SETUP_B,2023-09-04 15:00:00+00:00,2023-09-04 15:00:00+00:00,2023-09-04 15:30:00+00:00,SHORT,25829.409499400455,25897.362002398182,25625.551990407275,25897.362002398182,Stop loss,-25.136817885973116,-1.0,3,2023,2023-09,-16.138134178276232,16.138134178276232,0.12307994579572525,28.56786556375313,2023-09-04 13:00:00+00:00
S16,30,BTC_V2_SETUP_B,2023-09-09 13:30:00+00:00,2023-09-09 13:30:00+00:00,2023-09-09 15:00:00+00:00,SHORT,25836.30788331256,25868.768466749767,25738.926133000932,25868.768466749767,Stop loss,-22.637008494205734,-0.9028088978596479,7,2023,2023-09,-4.961241486555082,4.961241486555082,0.05356940305273803,21.62782041002278,2023-09-09 12:00:00+00:00
S16,31,BTC_V2_SETUP_B,2023-09-10 10:00:00+00:00,2023-09-10 10:00:00+00:00,2023-09-10 16:45:00+00:00,SHORT,25821.071037270933,25859.715850916265,25705.136596334934,25705.136596334934,Take profit,34.94589208842241,1.3968643979026163,28,2023,2023-09,-4.952134315113653,4.952134315113653,0.0719429025414676,26.887019580821196,2023-09-10 08:00:00+00:00
S16,32,BTC_V2_SETUP_B,2023-09-11 19:45:00+00:00,2023-09-11 19:45:00+00:00,2023-09-11 21:00:00+00:00,SHORT,24996.682070367715,25170.271718529137,24475.91312588345,25170.271718529137,Stop loss,-25.104748050243717,-0.9999999999999999,6,2023,2023-09,-36.228082265410194,36.228082265410194,0.3451720398324818,46.34328375588929,2023-09-11 18:00:00+00:00
S16,33,BTC_V2_SETUP_B,2023-09-13 19:45:00+00:00,2023-09-13 19:45:00+00:00,2023-09-14 00:45:00+00:00,LONG,26202.996939771372,26100.01224091451,26511.951036341954,26511.951036341954,Take profit,54.80090422631127,2.1883609324016007,21,2023,2023-09,16.250221686710574,16.250221686710574,0.3051331988222248,20.478481289187265,2023-09-13 18:00:00+00:00
S16,34,BTC_V2_SETUP_B,2023-09-14 11:30:00+00:00,2023-09-14 11:30:00+00:00,2023-09-14 12:15:00+00:00,LONG,26371.730658317265,26318.077366730944,26532.690533076227,26532.690533076227,Take profit,42.33554139312562,1.681383725675031,4,2023,2023-09,19.36244754598374,19.36244754598374,0.13125963725931836,22.036474225390126,2023-09-14 10:00:00+00:00
S16,35,BTC_V2_SETUP_B,2023-09-14 18:15:00+00:00,2023-09-14 18:15:00+00:00,2023-09-14 18:45:00+00:00,LONG,26710.96388201306,26603.144471947755,27034.422112208977,26603.144471947755,Stop loss,-25.284827294166703,-1.0,3,2023,2023-09,34.93316381749173,34.93316381749173,0.29693112199420496,43.70885836004088,2023-09-14 17:00:00+00:00
S16,36,BTC_V2_SETUP_B,2023-09-18 07:30:00+00:00,2023-09-18 07:30:00+00:00,2023-09-18 10:45:00+00:00,LONG,26752.332580360588,26623.669678557642,27138.321285769423,27138.321285769423,Take profit,58.291608033167144,2.3111766439619363,14,2023,2023-09,17.96625760248935,17.96625760248935,0.17439853163282057,27.20721354364948,2023-09-18 06:00:00+00:00
S16,37,BTC_V2_SETUP_B,2023-09-19 12:00:00+00:00,2023-09-19 12:00:00+00:00,2023-09-19 12:45:00+00:00,LONG,27238.86872101686,27112.52511593256,27617.899536269764,27112.52511593256,Stop loss,-25.367344246014202,-0.9999999999999999,4,2023,2023-09,30.081469900203956,30.081469900203956,0.28409921181271086,35.161027396659165,2023-09-19 10:00:00+00:00
S16,38,BTC_V2_SETUP_B,2023-09-19 15:30:00+00:00,2023-09-19 15:30:00+00:00,2023-09-19 17:00:00+00:00,LONG,27368.197914651268,27131.208341394926,28079.166634420293,27131.208341394926,Stop loss,-25.303925885399167,-1.0,7,2023,2023-09,33.72777548231534,33.72777548231534,0.3805765596184599,22.688032112082137,2023-09-19 14:00:00+00:00
S16,39,BTC_V2_SETUP_B,2023-09-20 17:15:00+00:00,2023-09-20 17:15:00+00:00,2023-09-20 18:00:00+00:00,LONG,27226.902996622182,27139.38801351127,27489.44794595492,27139.38801351127,Stop loss,-25.24066607068567,-1.0,4,2023,2023-09,25.838845558180765,25.838845558180765,0.21326745681623283,18.398891411364165,2023-09-20 16:00:00+00:00
S16,40,BTC_V2_SETUP_B,2023-09-26 09:15:00+00:00,2023-09-26 09:15:00+00:00,2023-09-26 09:30:00+00:00,SHORT,26227.891514713294,26279.43394114682,26073.264235412713,26279.43394114682,Stop loss,-25.177564405508953,-0.9999999999999999,2,2023,2023-09,-11.577686369604635,11.577686369604635,0.0845236407568356,23.338555941932206,2023-09-26 08:00:00+00:00
S16,41,BTC_V2_SETUP_B,2023-09-27 17:30:00+00:00,2023-09-27 17:30:00+00:00,2023-09-27 19:00:00+00:00,SHORT,26186.241441697606,26268.03423320958,25940.86306716169,26268.03423320958,Stop loss,-25.114620494495185,-1.0,7,2023,2023-09,-3.004014354231913,3.004014354231913,0.2870114392268188,33.46897843523612,2023-09-27 16:00:00+00:00
S16,42,BTC_V2_SETUP_B,2023-09-30 15:15:00+00:00,2023-09-30 15:15:00+00:00,2023-09-30 21:30:00+00:00,LONG,27026.0,26981.674421470136,27158.976735589593,26981.674421470136,Stop loss,-25.378834947392157,-1.0130529766752345,26,2023,2023-09,16.55377646040506,16.55377646040506,0.08003808988722366,20.551089546665644,2023-09-30 14:00:00+00:00
S16,43,BTC_V2_SETUP_B,2023-10-02 11:30:00+00:00,2023-10-02 11:30:00+00:00,2023-10-02 11:30:00+00:00,LONG,28370.880962349664,28246.47615060135,28744.095397594607,28246.47615060135,Stop loss,-24.988386855890468,-1.0,1,2023,2023-10,68.7452033033187,68.7452033033187,0.273673390428206,50.80656591490453,2023-10-02 10:00:00+00:00
S16,44,BTC_V2_SETUP_B,2023-10-02 13:45:00+00:00,2023-10-02 13:45:00+00:00,2023-10-02 14:00:00+00:00,LONG,28490.04520691001,28298.81917235996,29063.723310560163,28298.81917235996,Stop loss,-24.925915888750744,-1.0000000000000002,2,2023,2023-10,68.84509779497603,68.84509779497603,0.28444305523399277,41.337659720277884,2023-10-02 12:00:00+00:00
S16,45,BTC_V2_SETUP_B,2023-10-04 12:30:00+00:00,2023-10-04 12:30:00+00:00,2023-10-04 13:15:00+00:00,LONG,27613.226577913403,27535.09368834639,27847.62524661444,27535.09368834639,Stop loss,-24.863601099028866,-1.0,4,2023,2023-10,18.580960807557858,18.580960807557858,0.1612819465721784,31.066012757167346,2023-10-04 11:00:00+00:00
S16,46,BTC_V2_SETUP_B,2023-10-04 19:00:00+00:00,2023-10-04 19:00:00+00:00,2023-10-05 13:15:00+00:00,LONG,27630.12257546897,27512.509698124122,27982.96120750351,27982.96120750351,Take profit,55.52439538905789,2.2387567292864463,74,2023,2023-10,13.104806743653171,13.104806743653171,0.2260524464451144,27.44610756974801,2023-10-04 17:00:00+00:00
S16,47,BTC_V2_SETUP_B,2023-10-06 09:45:00+00:00,2023-10-06 09:45:00+00:00,2023-10-06 12:30:00+00:00,LONG,27684.011855726276,27607.952577094893,27912.189691620424,27607.952577094893,Stop loss,-24.94025308475394,-1.0,12,2023,2023-10,11.83249887220154,11.83249887220154,0.14538630772342997,27.294225193012945,2023-10-06 08:00:00+00:00
S16,48,BTC_V2_SETUP_B,2023-10-06 15:15:00+00:00,2023-10-06 15:15:00+00:00,2023-10-06 21:30:00+00:00,LONG,27738.074204785025,27583.703180859906,28201.187276560384,28201.187276560384,Take profit,59.47010017648859,2.3904788714052985,26,2023,2023-10,11.880493764034327,11.880493764034327,0.36593262791790704,24.190201493309804,2023-10-06 14:00:00+00:00
S16,49,BTC_V2_SETUP_B,2023-10-07 11:30:00+00:00,2023-10-07 11:30:00+00:00,2023-10-07 11:45:00+00:00,LONG,28017.427241670444,27955.29103331822,28203.83586672712,27955.29103331822,Stop loss,-25.026577702483273,-1.0,2,2023,2023-10,25.63472696118697,25.63472696118697,0.10189124900555704,18.70154921039805,2023-10-07 10:00:00+00:00
S16,50,BTC_V2_SETUP_B,2023-10-10 07:15:00+00:00,2023-10-10 07:15:00+00:00,2023-10-10 10:30:00+00:00,LONG,27691.47792515513,27623.088299379477,27896.64680248209,27623.088299379477,Stop loss,-24.96401125822706,-0.9999999999999999,14,2023,2023-10,1.2153919813972607,1.2153919813972607,0.10674793464291328,18.875641121673123,2023-10-10 06:00:00+00:00
S16,51,BTC_V2_SETUP_B,2023-10-11 07:30:00+00:00,2023-10-11 07:30:00+00:00,2023-10-11 09:00:00+00:00,SHORT,27041.5697688041,27113.720924783607,26825.11630086558,27113.720924783607,Stop loss,-24.901601230081496,-1.0,7,2023,2023-10,-24.364037688301323,24.364037688301323,0.17965116953622987,51.5294673541972,2023-10-11 06:00:00+00:00
S16,52,BTC_V2_SETUP_B,2023-10-12 14:30:00+00:00,2023-10-12 14:30:00+00:00,2023-10-12 16:30:00+00:00,SHORT,26666.215061024708,26776.13975590117,26336.44097639532,26776.13975590117,Stop loss,-24.83934722700629,-0.9999999999999999,9,2023,2023-10,-30.89417499490446,30.89417499490446,0.20877386523426955,23.42030392359082,2023-10-12 13:00:00+00:00
S16,53,BTC_V2_SETUP_B,2023-10-16 12:30:00+00:00,2023-10-16 12:30:00+00:00,2023-10-16 13:15:00+00:00,LONG,27826.044827734684,27703.820689061264,28192.717243754945,28192.717243754945,Take profit,55.944997972397424,2.257918071974096,4,2023,2023-10,32.95839972563408,32.95839972563408,0.21902871882054886,25.074188095114707,2023-10-16 11:00:00+00:00
S16,54,BTC_V2_SETUP_B,2023-10-16 17:15:00+00:00,2023-10-16 17:15:00+00:00,2023-10-16 19:00:00+00:00,LONG,28237.963682735233,28047.14526905907,28810.418923763722,28810.418923763722,Take profit,61.897746658751004,2.48414616685244,8,2023,2023-10,43.991962786352815,43.991962786352815,0.706794547437905,61.97413921735733,2023-10-16 16:00:00+00:00
S16,55,BTC_V2_SETUP_B,2023-10-17 14:15:00+00:00,2023-10-17 14:15:00+00:00,2023-10-20 03:15:00+00:00,LONG,28421.99163904497,28136.033443820128,29279.86622471949,29279.86622471949,Take profit,66.14481352636764,2.638209722634947,245,2023,2023-10,49.561439724177035,49.561439724177035,0.35131358306424765,24.37405104590162,2023-10-17 13:00:00+00:00
S16,56,BTC_V2_SETUP_B,2023-10-20 07:15:00+00:00,2023-10-20 07:30:00+00:00,2023-10-20 08:15:00+00:00,LONG,29339.252970538517,29238.988117845936,29640.04752861626,29640.04752861626,Take profit,52.850413349847386,2.0941457915175437,4,2023,2023-10,64.8761915891082,64.8761915891082,0.28995878905855554,46.698976759252744,2023-10-20 06:00:00+00:00
S16,57,BTC_V2_SETUP_B,2023-10-20 20:00:00+00:00,2023-10-20 20:00:00+00:00,2023-10-21 17:45:00+00:00,LONG,29592.55119063353,29403.79523746588,30158.819050136477,30158.819050136477,Take profit,62.3489585399567,2.4576496365731035,88,2023,2023-10,71.57313664746835,71.57313664746835,0.3077103974530594,25.679533295190225,2023-10-20 18:00:00+00:00
S16,58,BTC_V2_SETUP_B,2023-10-23 11:45:00+00:00,2023-10-23 11:45:00+00:00,2023-10-23 13:15:00+00:00,LONG,30715.92735953798,30575.29056184808,31137.837752607673,30575.29056184808,Stop loss,-25.525216184057076,-0.9999999999999999,7,2023,2023-10,80.02938943788467,80.02938943788467,0.32088564605382963,21.530230475296303,2023-10-23 10:00:00+00:00
S16,59,BTC_V2_SETUP_B,2023-10-23 15:15:00+00:00,2023-10-23 15:15:00+00:00,2023-10-23 20:15:00+00:00,LONG,30908.46550280428,30685.13798878288,31578.448044868477,31578.448044868477,Take profit,63.996998103279495,2.513490625098308,21,2023,2023-10,80.3363353864479,80.3363353864479,0.35371988507783253,18.301292657207988,2023-10-23 14:00:00+00:00
S16,60,BTC_V2_SETUP_B,2023-10-24 09:30:00+00:00,2023-10-24 09:30:00+00:00,2023-10-24 15:15:00+00:00,LONG,34248.479964275066,34007.080142899744,34972.67942840103,34007.080142899744,Stop loss,-25.62139563885514,-1.0000000000000002,24,2023,2023-10,222.92621261803652,222.92621261803652,0.6708133505748907,21.561891415750303,2023-10-24 08:00:00+00:00
S16,61,BTC_V2_SETUP_B,2023-10-25 13:15:00+00:00,2023-10-25 13:15:00+00:00,2023-10-26 10:45:00+00:00,LONG,34542.52321444333,34255.90714222667,35402.371431093314,34255.90714222667,Stop loss,-25.557342149758,-1.0,87,2023,2023-10,172.92767590203584,172.92767590203584,0.37809160397222924,26.418400019947207,2023-10-25 12:00:00+00:00
S16,62,BTC_V2_SETUP_B,2023-10-29 08:45:00+00:00,2023-10-29 08:45:00+00:00,2023-10-29 12:00:00+00:00,LONG,34173.70245513494,34120.190179460245,34334.23928215902,34334.23928215902,Take profit,36.72614761857207,1.4406111905370413,14,2023,2023-10,64.13826331284145,64.13826331284145,0.09964035672126294,28.14400721740768,2023-10-29 07:00:00+00:00
S16,63,BTC_V2_SETUP_B,2023-10-30 12:15:00+00:00,2023-10-30 12:15:00+00:00,2023-10-30 13:00:00+00:00,LONG,34671.42310960482,34564.30756158072,34992.769753677116,34564.30756158072,Stop loss,-25.58526416343004,-1.0,4,2023,2023-10,65.20834174292395,65.20834174292395,0.25517694665358165,20.29545811232759,2023-10-30 11:00:00+00:00
S16,64,BTC_V2_SETUP_B,2023-10-30 14:15:00+00:00,2023-10-30 14:15:00+00:00,2023-10-30 14:15:00+00:00,LONG,34839.416835266704,34646.3326589332,35418.66936426722,34646.3326589332,Stop loss,-25.521301003021463,-1.0,1,2023,2023-10,70.54339103887469,70.54339103887469,0.3111693053021999,21.395290583213487,2023-10-30 13:00:00+00:00
S16,65,BTC_V2_SETUP_B,2023-11-02 09:30:00+00:00,2023-11-02 09:30:00+00:00,2023-11-02 13:00:00+00:00,LONG,35361.072935975644,35262.70825609743,35656.166975610286,35262.70825609743,Stop loss,-25.45749775051391,-1.0,15,2023,2023-11,70.8545242017426,70.8545242017426,0.28706065955423266,20.161767755786528,2023-11-02 08:00:00+00:00
S16,66,BTC_V2_SETUP_B,2023-11-08 18:45:00+00:00,2023-11-08 18:45:00+00:00,2023-11-08 21:00:00+00:00,LONG,35486.28709480889,35356.85162076443,35874.593516942274,35874.593516942274,Take profit,54.316955566464955,2.1389803829437115,10,2023,2023-11,28.40892808057106,28.40892808057106,0.24164899435726545,18.004187937278324,2023-11-08 17:00:00+00:00
S16,67,BTC_V2_SETUP_B,2023-11-09 09:45:00+00:00,2023-11-09 09:45:00+00:00,2023-11-09 14:00:00+00:00,LONG,36826.10060523,36635.597579079986,37397.60968368004,37397.60968368004,Take profit,60.039341101543805,2.3517498116689963,18,2023,2023-11,87.00256604827155,87.00256604827155,0.3315185974352422,46.655787246464094,2023-11-09 08:00:00+00:00
S16,68,BTC_V2_SETUP_B,2023-11-10 16:15:00+00:00,2023-11-10 16:15:00+00:00,2023-11-11 22:00:00+00:00,LONG,37401.32399213199,36921.70403147203,38840.18387411188,36921.70403147203,Stop loss,-25.679744747807643,-1.0000000000000002,120,2023,2023-11,83.22811847922276,83.22811847922276,0.44659006019598146,23.960408346226814,2023-11-10 15:00:00+00:00
S16,69,BTC_V2_SETUP_B,2023-11-16 11:15:00+00:00,2023-11-16 11:15:00+00:00,2023-11-16 11:45:00+00:00,LONG,37458.92754260099,37280.28982959603,37994.84068161587,37280.28982959603,Stop loss,-25.615545385938123,-1.0000000000000002,3,2023,2023-11,50.30688322758215,50.30688322758215,0.263125038767138,22.363313066740027,2023-11-16 10:00:00+00:00
S16,70,BTC_V2_SETUP_B,2023-11-18 19:00:00+00:00,2023-11-18 19:00:00+00:00,2023-11-18 20:00:00+00:00,LONG,36763.23960677605,36628.0415728958,37168.83370841679,36628.0415728958,Stop loss,-25.55150652247328,-1.0,5,2023,2023-11,8.93042963003245,8.93042963003245,0.17637232012466308,26.85236701894151,2023-11-18 17:00:00+00:00
S16,71,BTC_V2_SETUP_B,2023-11-19 08:15:00+00:00,2023-11-19 08:15:00+00:00,2023-11-19 10:15:00+00:00,LONG,36690.27781145032,36605.88875419869,36943.44498320522,36605.88875419869,Stop loss,-25.487627756167093,-1.0,9,2023,2023-11,6.883787959908659,6.883787959908659,0.12417201539067732,30.31470253908102,2023-11-19 07:00:00+00:00
S16,72,BTC_V2_SETUP_B,2023-11-23 09:45:00+00:00,2023-11-23 09:45:00+00:00,2023-11-23 11:00:00+00:00,LONG,37550.32891462536,37439.68434149857,37882.262634005725,37439.68434149857,Stop loss,-25.423908686776677,-1.0,6,2023,2023-11,29.32736946787918,29.32736946787918,0.17732459518233276,24.80213448601618,2023-11-23 08:00:00+00:00
S16,73,BTC_V2_SETUP_B,2023-11-24 15:15:00+00:00,2023-11-24 15:15:00+00:00,2023-11-24 16:45:00+00:00,LONG,37970.760845241464,37663.95661903414,38891.17352386343,37663.95661903414,Stop loss,-25.360348915059735,-1.0,7,2023,2023-11,39.98301750745304,39.98301750745304,0.35641548007086055,49.87470207731482,2023-11-24 14:00:00+00:00
S16,74,BTC_V2_SETUP_B,2023-11-25 18:45:00+00:00,2023-11-25 19:00:00+00:00,2023-11-25 22:00:00+00:00,LONG,37842.811722960105,37776.75310815959,38040.987567361655,37776.75310815959,Stop loss,-25.296948042772087,-1.0,13,2023,2023-11,30.176662440360815,30.176662440360815,0.09576715086710338,21.079241711821243,2023-11-25 17:00:00+00:00
S16,75,BTC_V2_SETUP_B,2023-11-29 08:45:00+00:00,2023-11-29 08:45:00+00:00,2023-11-29 10:30:00+00:00,LONG,38256.28355515732,38108.8657793707,38698.53688251718,38108.8657793707,Stop loss,-25.233705672665156,-1.0,8,2023,2023-11,36.09082224285521,36.09082224285521,0.22404117039276794,21.83357557172948,2023-11-29 07:00:00+00:00
S16,76,BTC_V2_SETUP_B,2023-11-29 12:30:00+00:00,2023-11-29 12:30:00+00:00,2023-11-29 14:15:00+00:00,LONG,38211.466039057595,38057.13584376963,38674.456624921484,38057.13584376963,Stop loss,-25.17062140848349,-0.9999999999999999,8,2023,2023-11,40.63530341289879,40.63530341289879,0.28613511268346603,26.698221281919626,2023-11-29 11:00:00+00:00
S16,77,BTC_V2_SETUP_B,2023-12-01 16:15:00+00:00,2023-12-01 16:15:00+00:00,2023-12-01 16:30:00+00:00,LONG,38514.01610547847,38391.935578086115,38880.25768765553,38880.25768765553,Take profit,51.2284714272143,2.0403494515582543,2,2023,2023-12,40.728847481404955,40.728847481404955,0.2605160081264987,22.711384571838078,2023-12-01 15:00:00+00:00
S16,78,BTC_V2_SETUP_B,2023-12-03 16:00:00+00:00,2023-12-03 16:00:00+00:00,2023-12-03 17:00:00+00:00,LONG,39812.54196536124,39579.832138555044,40510.67144577983,39579.832138555044,Stop loss,-25.235766033530318,-1.0,5,2023,2023-12,69.7764990785654,69.7764990785654,0.22842886620760755,18.681186171891774,2023-12-03 14:00:00+00:00
S16,79,BTC_V2_SETUP_B,2023-12-04 08:30:00+00:00,2023-12-04 08:30:00+00:00,2023-12-04 15:30:00+00:00,LONG,41596.54756680403,41343.80973278387,42354.761068864515,41343.80973278387,Stop loss,-25.172676618446484,-0.9999999999999999,29,2023,2023-12,137.019583316629,137.019583316629,0.41123727707634267,66.0282750363587,2023-12-04 07:00:00+00:00
S16,80,BTC_V2_SETUP_B,2023-12-04 17:00:00+00:00,2023-12-04 17:00:00+00:00,2023-12-05 16:30:00+00:00,LONG,41642.01211384323,41338.951544627074,42551.193821491695,42551.193821491695,Take profit,63.19030443352594,2.5165649678037707,95,2023,2023-12,146.4283174523298,146.4283174523298,0.4330664989539271,28.132405718532876,2023-12-04 15:00:00+00:00
S16,81,BTC_V2_SETUP_B,2023-12-06 08:15:00+00:00,2023-12-06 08:15:00+00:00,2023-12-06 11:15:00+00:00,LONG,43833.484751923184,43604.060992307255,44521.75603077097,43604.060992307255,Stop loss,-25.26772068798419,-1.0,13,2023,2023-12,186.57537156057515,186.57537156057515,0.34167588437809965,21.126888704518663,2023-12-06 07:00:00+00:00
S16,82,BTC_V2_SETUP_B,2023-12-17 08:15:00+00:00,2023-12-17 08:15:00+00:00,2023-12-17 16:30:00+00:00,SHORT,41699.1346855224,41973.46125791041,40876.154968358365,41973.46125791041,Stop loss,-25.204551386264235,-1.0,34,2023,2023-12,-18.990076316600607,18.990076316600607,0.23332044011995884,46.16754538516377,2023-12-17 07:00:00+00:00
S16,83,BTC_V2_SETUP_B,2023-12-18 08:00:00+00:00,2023-12-18 08:00:00+00:00,2023-12-18 13:45:00+00:00,SHORT,41063.87725462901,41281.49098148396,40411.03607406416,41281.49098148396,Stop loss,-25.141540007798568,-0.9999999999999999,24,2023,2023-12,-55.92159895462828,55.92159895462828,0.24936088645995313,32.17738503221823,2023-12-18 06:00:00+00:00
S16,84,BTC_V2_SETUP_B,2023-12-19 10:45:00+00:00,2023-12-19 10:45:00+00:00,2023-12-19 12:15:00+00:00,LONG,43217.80264704477,42914.78941182092,44126.842352716325,42914.78941182092,Stop loss,-25.07868615777907,-0.9999999999999999,7,2023,2023-12,43.83034233622311,43.83034233622311,0.26869704543860634,26.30174784206281,2023-12-19 09:00:00+00:00
S16,85,BTC_V2_SETUP_B,2023-12-20 18:45:00+00:00,2023-12-20 18:45:00+00:00,2023-12-20 19:30:00+00:00,LONG,44191.91663568761,43912.333457249566,45030.666171001736,43912.333457249566,Stop loss,-25.01598944238463,-1.0000000000000002,4,2023,2023-12,79.59329416444962,79.59329416444962,0.4491128229709037,36.16592873359059,2023-12-20 17:00:00+00:00
S16,86,BTC_V2_SETUP_B,2023-12-21 08:30:00+00:00,2023-12-21 08:30:00+00:00,2023-12-21 08:45:00+00:00,LONG,43928.39391622933,43708.42433508266,44588.30265966935,43708.42433508266,Stop loss,-24.95344946877866,-1.0,2,2023,2023-12,60.065998558085994,60.065998558085994,0.2456078241165032,19.978451678571467,2023-12-21 07:00:00+00:00
S16,87,BTC_V2_SETUP_B,2023-12-28 15:30:00+00:00,2023-12-28 15:30:00+00:00,2023-12-28 23:15:00+00:00,SHORT,42448.68856913396,42735.24572346414,41589.01710614343,42735.24572346414,Stop loss,-24.89106584510672,-1.0,32,2023,2023-12,-10.113526271481533,10.113526271481533,0.3444076907077456,31.752622169836094,2023-12-28 14:00:00+00:00
S16,88,BTC_V2_SETUP_B,2023-12-30 08:30:00+00:00,2023-12-30 08:30:00+00:00,2023-12-30 12:00:00+00:00,SHORT,41834.78794776541,42002.84820893833,41330.607164246656,42002.84820893833,Stop loss,-24.828838180493953,-1.0,15,2023,2023-12,-41.94786178151844,41.94786178151844,0.2013216821806581,19.297191949623635,2023-12-30 07:00:00+00:00
S16,89,BTC_V2_SETUP_B,2024-01-02 07:15:00+00:00,2024-01-02 07:15:00+00:00,2024-01-02 14:45:00+00:00,LONG,45439.10145154839,45180.594193806435,46214.62322477426,45180.594193806435,Stop loss,-24.76676608504272,-1.0,31,2024,2024-01,124.3235963474799,124.3235963474799,0.3570415613755318,51.65034118763001,2024-01-02 06:00:00+00:00
S16,90,BTC_V2_SETUP_B,2024-01-04 17:15:00+00:00,2024-01-04 17:15:00+00:00,2024-01-05 01:45:00+00:00,LONG,44202.230816843236,43849.07673262704,45261.69306949181,43849.07673262704,Stop loss,-24.704849169830116,-1.0000000000000002,35,2024,2024-01,18.253839744378638,18.253839744378638,0.4630166927606284,36.91289632913796,2024-01-04 16:00:00+00:00
S16,91,BTC_V2_SETUP_B,2024-01-06 17:45:00+00:00,2024-01-06 17:45:00+00:00,2024-01-06 19:30:00+00:00,LONG,44015.090342814736,43880.63862874105,44418.445485035794,43880.63862874105,Stop loss,-24.64308704690554,-1.0,8,2024,2024-01,13.529281440904015,13.529281440904015,0.18594157717688883,24.08227602513722,2024-01-06 16:00:00+00:00
S16,92,BTC_V2_SETUP_B,2024-01-07 18:15:00+00:00,2024-01-07 18:15:00+00:00,2024-01-07 22:15:00+00:00,LONG,44158.83388521109,43997.66445915563,44642.34216337746,43997.66445915563,Stop loss,-24.581479329288275,-0.9999999999999999,17,2024,2024-01,27.740583193248312,27.740583193248312,0.2642876330113396,27.12683391623738,2024-01-07 17:00:00+00:00
S16,93,BTC_V2_SETUP_B,2024-01-08 10:30:00+00:00,2024-01-08 10:30:00+00:00,2024-01-08 12:00:00+00:00,LONG,44035.10683211935,43687.5726715226,45077.70931390962,45077.70931390962,Take profit,62.525285259120785,2.5499681851947527,7,2024,2024-01,7.710989222003263,7.710989222003263,0.322869051148259,21.556060747942546,2024-01-08 09:00:00+00:00
S16,94,BTC_V2_SETUP_B,2024-01-08 17:30:00+00:00,2024-01-08 17:30:00+00:00,2024-01-08 18:30:00+00:00,LONG,45397.267445088204,44918.93021964717,46832.27912141131,46832.27912141131,Take profit,65.46933470040113,2.6531218878938536,5,2024,2024-01,62.66903591274604,62.66903591274604,0.4973162266107716,32.02905297615175,2024-01-08 16:00:00+00:00
S16,95,BTC_V2_SETUP_B,2024-01-09 12:15:00+00:00,2024-01-09 12:15:00+00:00,2024-01-09 12:45:00+00:00,LONG,46774.14006525128,46453.43973899486,47736.24104402056,46453.43973899486,Stop loss,-24.84001218086386,-1.0,3,2024,2024-01,119.6613264727057,119.6613264727057,0.3054769397516567,23.555784110922833,2024-01-09 11:00:00+00:00
S16,96,BTC_V2_SETUP_B,2024-01-09 19:30:00+00:00,2024-01-09 19:30:00+00:00,2024-01-09 21:00:00+00:00,LONG,46787.39033176733,46557.438672930664,47477.245308277335,47477.245308277335,Take profit,57.570280785295566,2.3234516466044943,7,2024,2024-01,118.76749096736603,118.76749096736603,0.4016738714746485,22.392714618205087,2024-01-09 18:00:00+00:00
S16,97,BTC_V2_SETUP_B,2024-01-13 11:45:00+00:00,2024-01-13 11:45:00+00:00,2024-01-13 13:30:00+00:00,SHORT,42541.1122106759,42768.551157296395,41858.79537081441,42768.551157296395,Stop loss,-24.92183785237494,-1.0,8,2024,2024-01,-97.41615991765138,97.41615991765138,0.37076261835054597,29.74659034594462,2024-01-13 10:00:00+00:00
S16,98,BTC_V2_SETUP_B,2024-01-14 20:00:00+00:00,2024-01-14 20:00:00+00:00,2024-01-14 21:30:00+00:00,SHORT,42616.207659329135,42808.16936268347,42040.32254926614,42040.32254926614,Take profit,56.5208768078851,2.2736097344176107,7,2024,2024-01,-74.11189336171083,74.11189336171083,0.2248236381529249,21.17683645807454,2024-01-14 18:00:00+00:00
S16,99,BTC_V2_SETUP_B,2024-01-17 08:00:00+00:00,2024-01-17 08:00:00+00:00,2024-01-17 14:45:00+00:00,SHORT,42589.368387027665,42824.52645188933,41883.89419244267,42824.52645188933,Stop loss,-25.000835449763713,-1.0,28,2024,2024-01,-40.808667687742854,40.808667687742854,0.21727320787784443,34.231350827501856,2024-01-17 06:00:00+00:00
S16,100,BTC_V2_SETUP_B,2024-01-17 16:45:00+00:00,2024-01-17 16:45:00+00:00,2024-01-17 18:45:00+00:00,SHORT,42235.06585913735,42562.73656345061,41252.05374619756,42562.73656345061,Stop loss,-24.938333361139307,-1.0000000000000002,9,2024,2024-01,-49.13406628410303,49.13406628410303,0.3754828736969251,25.971663980351018,2024-01-17 15:00:00+00:00
S16,101,BTC_V2_SETUP_B,2024-01-18 16:15:00+00:00,2024-01-18 16:15:00+00:00,2024-01-18 16:45:00+00:00,SHORT,42423.78649689054,42671.854012437834,41679.58395024866,41679.58395024866,Take profit,60.102458196267136,2.4160833064115965,3,2024,2024-01,-42.19964142952813,42.19964142952813,0.24572870687709683,20.514560775103757,2024-01-18 15:00:00+00:00
S16,102,BTC_V2_SETUP_B,2024-01-22 10:00:00+00:00,2024-01-22 10:15:00+00:00,2024-01-22 13:00:00+00:00,SHORT,40592.63196535747,40990.472138570134,39399.11144571947,40990.472138570134,Stop loss,-25.02624367322712,-1.0,12,2024,2024-01,-64.39678746174468,64.39678746174468,0.3620922742478921,31.94839096827766,2024-01-22 08:00:00+00:00
S16,103,BTC_V2_SETUP_B,2024-01-22 14:15:00+00:00,2024-01-22 14:15:00+00:00,2024-01-22 19:15:00+00:00,SHORT,40735.5701804649,40978.71927814041,40006.122887438374,40006.122887438374,Take profit,60.568677737854856,2.4262721856317224,21,2024,2024-01,-71.4196704520873,71.4196704520873,0.41361167435853735,22.007672941907558,2024-01-22 13:00:00+00:00
S16,104,BTC_V2_SETUP_B,2024-01-23 19:00:00+00:00,2024-01-23 19:00:00+00:00,2024-01-23 22:30:00+00:00,SHORT,39067.094817580626,39451.62072967749,37913.51708129004,39451.62072967749,Stop loss,-25.115099758388695,-1.0000000000000002,15,2024,2024-01,-127.53964526403433,127.53964526403433,0.5581095943791793,26.497837880517924,2024-01-23 17:00:00+00:00
S16,105,BTC_V2_SETUP_B,2024-01-25 17:15:00+00:00,2024-01-25 17:15:00+00:00,2024-01-25 18:00:00+00:00,SHORT,39553.69568817938,39824.217247282475,38742.1310108701,39824.217247282475,Stop loss,-25.052312008992722,-1.0,4,2024,2024-01,-55.75142186345329,55.75142186345329,0.31836742857378314,24.191523457297247,2024-01-25 16:00:00+00:00
S16,106,BTC_V2_SETUP_B,2024-01-30 20:00:00+00:00,2024-01-30 20:00:00+00:00,2024-01-30 22:45:00+00:00,LONG,43584.21827845922,43353.126886163125,44277.492455347514,43353.126886163125,Stop loss,-24.98968122897024,-1.0,12,2024,2024-01,77.8291749695054,77.8291749695054,0.28558929245273035,18.09093724654137,2024-01-30 18:00:00+00:00
S16,107,BTC_V2_SETUP_B,2024-02-01 17:15:00+00:00,2024-02-01 17:15:00+00:00,2024-02-04 22:30:00+00:00,LONG,42915.378729115546,42483.48508353781,44211.059665848756,42483.48508353781,Stop loss,-24.927207025897815,-1.0,310,2024,2024-02,12.09772207030619,12.09772207030619,0.3905621179111435,26.64522856624703,2024-02-01 16:00:00+00:00
S16,108,BTC_V2_SETUP_B,2024-02-05 07:30:00+00:00,2024-02-05 07:30:00+00:00,2024-02-05 13:30:00+00:00,LONG,42901.04383465132,42735.824661394734,43396.70135442107,43396.70135442107,Take profit,54.084342837260934,2.1751290673019064,25,2024,2024-02,2.656459941623325,2.656459941623325,0.188726123643872,24.81824482908121,2024-02-05 06:00:00+00:00
S16,109,BTC_V2_SETUP_B,2024-02-06 20:00:00+00:00,2024-02-06 20:00:00+00:00,2024-02-06 20:30:00+00:00,LONG,43275.68264079,43101.269436840004,43798.92225263999,43101.269436840004,Stop loss,-25.000099865426222,-1.0,3,2024,2024-02,22.19925110562326,22.19925110562326,0.2626596159000724,23.700536825584,2024-02-06 18:00:00+00:00
S16,110,BTC_V2_SETUP_B,2024-02-08 08:15:00+00:00,2024-02-08 08:15:00+00:00,2024-02-08 14:00:00+00:00,LONG,44625.225184852854,44481.099260588584,45057.602957645664,45057.602957645664,Take profit,51.22044382494503,2.053944429862825,24,2024,2024-02,78.79410017606278,78.79410017606278,0.1894064710458273,39.89111037527691,2024-02-08 07:00:00+00:00
S16,111,BTC_V2_SETUP_B,2024-02-08 19:00:00+00:00,2024-02-08 19:00:00+00:00,2024-02-09 02:45:00+00:00,LONG,45328.11017704728,45101.55929181086,46007.76283275655,46007.76283275655,Take profit,58.47403984017667,2.332835499901767,32,2024,2024-02,100.96990285763604,100.96990285763604,0.3581996355049003,24.45681925763828,2024-02-08 17:00:00+00:00
S16,112,BTC_V2_SETUP_B,2024-02-09 11:00:00+00:00,2024-02-09 11:00:00+00:00,2024-02-09 12:00:00+00:00,LONG,46802.26284426482,46542.94862294072,47580.20550823712,47580.20550823712,Take profit,60.210386355531696,2.388179376291401,5,2024,2024-02,144.33936709843692,144.33936709843692,0.31051065689693597,53.91706363407403,2024-02-09 09:00:00+00:00
S16,113,BTC_V2_SETUP_B,2024-02-09 17:30:00+00:00,2024-02-09 17:45:00+00:00,2024-02-09 22:30:00+00:00,LONG,47634.85209596314,47176.591616147416,49009.63353541032,47176.591616147416,Stop loss,-25.36236179081429,-1.0,20,2024,2024-02,177.8844746089526,177.8844746089526,0.5399473149100222,35.31900326261301,2024-02-09 16:00:00+00:00
S16,114,BTC_V2_SETUP_B,2024-02-14 20:00:00+00:00,2024-02-14 20:00:00+00:00,2024-02-17 13:30:00+00:00,LONG,51753.32123005914,51333.715079763446,53012.139680946224,51333.715079763446,Stop loss,-25.298955886337254,-1.0,263,2024,2024-02,209.1328617472318,209.1328617472318,0.4378315791990405,21.586146699781306,2024-02-14 18:00:00+00:00
S17,1,BTC_V2_SETUP_B,2024-02-27 09:30:00+00:00,2024-02-27 09:30:00+00:00,2024-02-27 19:45:00+00:00,LONG,56504.14558571918,56152.41765712326,57559.32937150695,57559.32937150695,Take profit,61.152852432849095,2.4461140973139637,42,2024,2024-02,207.22258356115344,207.22258356115344,0.4300083455190109,31.16531541287711,2024-02-27 08:00:00+00:00
S17,2,BTC_V2_SETUP_B,2024-02-29 11:15:00+00:00,2024-02-29 11:15:00+00:00,2024-02-29 12:00:00+00:00,LONG,62967.79467479211,62442.82130083157,64542.71479667372,62442.82130083157,Stop loss,-25.152882131082126,-1.0000000000000002,4,2024,2024-02,396.28471814958175,396.28471814958175,0.597633425826594,18.925924744278237,2024-02-29 10:00:00+00:00
S17,3,BTC_V2_SETUP_B,2024-03-01 12:30:00+00:00,2024-03-01 12:30:00+00:00,2024-03-01 14:30:00+00:00,LONG,62236.37470709144,61850.50117163425,63393.99531346301,61850.50117163425,Stop loss,-25.08999992575442,-1.0,9,2024,2024-03,275.34171164741565,275.34171164741565,0.3337582104083267,18.73124032607618,2024-03-01 11:00:00+00:00
S17,4,BTC_V2_SETUP_B,2024-03-01 18:30:00+00:00,2024-03-01 18:30:00+00:00,2024-03-02 09:30:00+00:00,LONG,62298.92164825584,61764.31340697665,63902.7463720934,61764.31340697665,Stop loss,-25.027274925940034,-1.0,61,2024,2024-03,254.16211530353758,254.16211530353758,0.4793564821895348,20.163355297679292,2024-03-01 17:00:00+00:00
S17,5,BTC_V2_SETUP_B,2024-03-03 16:15:00+00:00,2024-03-03 16:15:00+00:00,2024-03-03 22:15:00+00:00,LONG,62331.637856514026,62087.44857394389,63064.205704224434,63064.205704224434,Take profit,54.57953766958192,2.1862679277997255,25,2024,2024-03,174.15110669190472,174.15110669190472,0.27724091326138234,19.292713986694917,2024-03-03 15:00:00+00:00
S17,6,BTC_V2_SETUP_B,2024-03-04 12:00:00+00:00,2024-03-04 12:00:00+00:00,2024-03-04 14:00:00+00:00,LONG,65261.45800727017,64812.16797091931,66609.32811632275,64812.16797091931,Stop loss,-25.101155582799137,-1.0,9,2024,2024-03,261.59472706981614,261.59472706981614,0.4738376994810979,21.92565520941605,2024-03-04 10:00:00+00:00
S17,7,BTC_V2_SETUP_B,2024-03-05 14:45:00+00:00,2024-03-05 14:45:00+00:00,2024-03-05 15:15:00+00:00,LONG,68466.95315447488,67217.18738210053,72216.25047159792,67217.18738210053,Stop loss,-25.038402693842137,-0.9999999999999999,3,2024,2024-03,290.8915816353765,290.8915816353765,0.6124325395279004,24.626671529298555,2024-03-05 13:00:00+00:00
S17,8,BTC_V2_SETUP_B,2024-03-06 11:30:00+00:00,2024-03-06 11:45:00+00:00,2024-03-06 12:30:00+00:00,LONG,67241.11254203178,66334.5498318729,69960.80067250846,66334.5498318729,Stop loss,-24.975806687107532,-1.0,4,2024,2024-03,227.37665417439712,227.37665417439712,0.718951116829247,29.643724888853995,2024-03-06 10:00:00+00:00
S17,9,BTC_V2_SETUP_B,2024-03-06 14:15:00+00:00,2024-03-06 14:15:00+00:00,2024-03-06 15:00:00+00:00,LONG,66976.47771716285,65774.08913134862,70583.64347460555,65774.08913134862,Stop loss,-24.913367170389765,-1.0,4,2024,2024-03,222.1145774198376,222.1145774198376,0.9115785476713959,25.770589017242717,2024-03-06 13:00:00+00:00
S17,10,BTC_V2_SETUP_B,2024-03-06 16:15:00+00:00,2024-03-06 16:15:00+00:00,2024-03-06 22:30:00+00:00,LONG,66921.29508936295,66168.8196425482,69178.72142980718,66168.8196425482,Stop loss,-24.851083752463794,-1.0,26,2024,2024-03,213.5907868716822,213.5907868716822,0.9069842932443836,23.319803762146442,2024-03-06 15:00:00+00:00
S17,11,BTC_V2_SETUP_B,2024-03-07 17:15:00+00:00,2024-03-07 17:15:00+00:00,2024-03-07 23:15:00+00:00,LONG,67993.43197383684,67057.27210465267,70801.91158138933,67057.27210465267,Stop loss,-24.78895604308263,-1.0,25,2024,2024-03,199.42817917669163,199.42817917669163,0.542763404550521,28.32436091973807,2024-03-07 16:00:00+00:00
S17,12,BTC_V2_SETUP_B,2024-03-08 11:45:00+00:00,2024-03-08 11:45:00+00:00,2024-03-08 14:30:00+00:00,LONG,67610.5764728348,67306.6941086608,68522.2235653568,68522.2235653568,Take profit,56.172644613848576,2.271714391136033,12,2024,2024-03,179.57197415830888,179.57197415830888,0.2833485563962158,18.2671718377465,2024-03-08 10:00:00+00:00
S17,13,BTC_V2_SETUP_B,2024-03-10 16:30:00+00:00,2024-03-10 16:30:00+00:00,2024-03-10 21:15:00+00:00,LONG,69768.33839538021,69263.64641847918,71282.4143260833,69263.64641847918,Stop loss,-24.867415264509546,-1.0,20,2024,2024-03,187.7833228501695,187.7833228501695,0.35382969746219933,33.507358049488424,2024-03-10 15:00:00+00:00
S17,14,BTC_V2_SETUP_B,2024-03-11 15:15:00+00:00,2024-03-11 15:30:00+00:00,2024-03-11 19:45:00+00:00,LONG,72638.81094092924,71828.75623628306,75068.97505486775,71828.75623628306,Stop loss,-24.805246726348276,-1.0000000000000002,18,2024,2024-03,258.27352091119974,258.27352091119974,0.6014156766457499,42.65646361460418,2024-03-11 14:00:00+00:00
S17,15,BTC_V2_SETUP_B,2024-03-13 17:00:00+00:00,2024-03-13 17:00:00+00:00,2024-03-14 01:30:00+00:00,LONG,73118.2495488578,72557.00180456879,74801.99278172482,72557.00180456879,Stop loss,-24.743233609532403,-1.0,35,2024,2024-03,197.63390868269198,197.63390868269198,0.4994744812262317,31.675876080164755,2024-03-13 15:00:00+00:00
S17,16,BTC_V2_SETUP_B,2024-03-16 17:30:00+00:00,2024-03-16 17:30:00+00:00,2024-03-16 21:15:00+00:00,SHORT,67793.95953750752,68277.16184996991,66344.35260012033,66344.35260012033,Take profit,61.90237612584564,2.508060219815083,16,2024,2024-03,-68.24616952006181,68.24616952006181,0.4141240706842701,36.74715050561461,2024-03-16 16:00:00+00:00
S17,17,BTC_V2_SETUP_B,2024-03-18 14:45:00+00:00,2024-03-18 14:45:00+00:00,2024-03-18 16:15:00+00:00,SHORT,66786.19164896327,67830.23340414693,63654.0663834123,67830.23340414693,Stop loss,-24.836131465823186,-1.0,7,2024,2024-03,-32.75142615541699,32.75142615541699,0.5925587757970736,20.46409016957063,2024-03-18 13:00:00+00:00
S17,18,BTC_V2_SETUP_B,2024-03-19 11:15:00+00:00,2024-03-19 11:15:00+00:00,2024-03-19 12:00:00+00:00,SHORT,62570.68329285332,63541.26682858671,59658.93268565314,63541.26682858671,Stop loss,-24.774041137158633,-1.0000000000000002,4,2024,2024-03,-210.4948934209533,210.4948934209533,0.9353808674200058,58.93032662587849,2024-03-19 10:00:00+00:00
S17,19,BTC_V2_SETUP_B,2024-03-19 14:15:00+00:00,2024-03-19 14:15:00+00:00,2024-03-19 15:30:00+00:00,SHORT,62600.7367714811,63700.05291407561,59302.78834369755,63700.05291407561,Stop loss,-24.712106034315738,-1.0000000000000002,6,2024,2024-03,-231.8763252373028,231.8763252373028,0.9322468467315471,36.884821255486536,2024-03-19 13:00:00+00:00
S17,20,BTC_V2_SETUP_B,2024-03-21 18:00:00+00:00,2024-03-21 18:00:00+00:00,2024-03-22 06:00:00+00:00,SHORT,65639.88471744336,66478.46113022654,63124.155479093824,66478.46113022654,Stop loss,-24.650325769229944,-1.0,49,2024,2024-03,-2.783603683914407,2.783603683914407,0.5818428319068455,19.7951093042005,2024-03-21 16:00:00+00:00
S17,21,BTC_V2_SETUP_B,2024-03-22 16:45:00+00:00,2024-03-22 16:45:00+00:00,2024-03-22 18:00:00+00:00,SHORT,62969.59001742997,63864.63993028013,60284.44027887948,63864.63993028013,Stop loss,-24.588699954806867,-0.9999999999999999,6,2024,2024-03,-148.97191328840563,148.97191328840563,0.8049412392502284,52.65845428180861,2024-03-22 15:00:00+00:00
S17,22,BTC_V2_SETUP_B,2024-03-28 08:45:00+00:00,2024-03-28 08:45:00+00:00,2024-03-29 05:15:00+00:00,LONG,70700.39568829193,70247.41724683228,72059.33101267088,70247.41724683228,Stop loss,-24.527228204919854,-1.0000000000000002,83,2024,2024-03,101.57844701048452,101.57844701048452,0.32271432634600283,32.78898961236593,2024-03-28 07:00:00+00:00
S19,1,BTC_V2_SETUP_B,2024-04-16 16:00:00+00:00,2024-04-16 16:00:00+00:00,2024-04-16 16:45:00+00:00,SHORT,61751.174523876485,62419.30190449405,59746.792382023785,62419.30190449405,Stop loss,-24.999999999999996,-0.9999999999999999,4,2024,2024-04,-206.07223534565128,206.07223534565128,0.7387602719847317,20.697013142013684,2024-04-16 14:00:00+00:00
S19,2,BTC_V2_SETUP_B,2024-04-22 13:00:00+00:00,2024-04-22 13:00:00+00:00,2024-04-22 13:30:00+00:00,LONG,66018.53508752813,65820.85964988745,66611.56140045015,65820.85964988745,Stop loss,-24.9375,-1.0,3,2024,2024-04,61.48815739051497,61.48815739051497,0.2585998342110573,22.496342283046886,2024-04-22 11:00:00+00:00
S19,3,BTC_V2_SETUP_B,2024-04-22 14:15:00+00:00,2024-04-22 14:15:00+00:00,2024-04-22 15:00:00+00:00,LONG,66337.2097702103,65877.1609191588,67717.3563233648,65877.1609191588,Stop loss,-24.87515625,-1.0,4,2024,2024-04,62.003626663245086,62.003626663245086,0.308014909653954,18.45234617977367,2024-04-22 13:00:00+00:00
S19,4,BTC_V2_SETUP_B,2024-04-27 10:45:00+00:00,2024-04-27 10:45:00+00:00,2024-04-27 12:00:00+00:00,SHORT,62767.81863918683,62969.72544325267,62162.098226989314,62969.72544325267,Stop loss,-24.812968359375,-1.0,6,2024,2024-04,-90.27851406591071,90.27851406591071,0.19689624811005954,28.599264224906744,2024-04-27 09:00:00+00:00
S19,5,BTC_V2_SETUP_B,2024-04-27 15:30:00+00:00,2024-04-27 15:30:00+00:00,2024-04-27 17:30:00+00:00,SHORT,62971.978101274464,63198.08759490215,62293.64962039141,63198.08759490215,Stop loss,-24.750935938476562,-1.0,9,2024,2024-04,-85.22426975322014,85.22426975322014,0.2228891164784435,27.446571911611095,2024-04-27 14:00:00+00:00
S19,6,BTC_V2_SETUP_B,2024-04-30 16:30:00+00:00,2024-04-30 16:30:00+00:00,2024-04-30 22:30:00+00:00,SHORT,60174.490638966054,60906.03744413578,57979.85022345688,60906.03744413578,Stop loss,-24.689058598630368,-0.9999999999999999,25,2024,2024-04,-140.23464762268122,140.23464762268122,0.5813779936230011,59.96817671316848,2024-04-30 15:00:00+00:00
S19,7,BTC_V2_SETUP_B,2024-05-01 15:15:00+00:00,2024-05-01 15:15:00+00:00,2024-05-01 17:45:00+00:00,SHORT,56886.76763864596,57605.92944541616,54729.28221833536,57605.92944541616,Stop loss,-24.627335952133794,-1.0,11,2024,2024-05,-265.8179396642663,265.8179396642663,0.6403386139163415,29.31773171392181,2024-05-01 14:00:00+00:00
S19,8,BTC_V2_SETUP_B,2024-05-04 18:45:00+00:00,2024-05-04 18:45:00+00:00,2024-05-05 01:00:00+00:00,LONG,63764.0,63422.964366673536,64787.10689997939,63422.964366673536,Stop loss,-25.28417372356225,-1.029244195526398,26,2024,2024-05,101.79140616558288,101.79140616558288,0.298365495187229,18.165342849156733,2024-05-04 17:00:00+00:00
S19,9,BTC_V2_SETUP_B,2024-05-05 11:45:00+00:00,2024-05-05 11:45:00+00:00,2024-05-05 12:30:00+00:00,LONG,63912.28632785844,63680.854688566236,64606.581245735055,63680.854688566236,Stop loss,-24.502557177944553,-1.0000000000000002,4,2024,2024-05,85.03550218178862,85.03550218178862,0.22803623686540211,24.33804137528257,2024-05-05 10:00:00+00:00
S19,10,BTC_V2_SETUP_B,2024-05-05 15:30:00+00:00,2024-05-05 15:45:00+00:00,2024-05-05 18:30:00+00:00,LONG,64461.59632530096,63966.61469879614,65946.54120481542,63966.61469879614,Stop loss,-24.44130078499969,-1.0,12,2024,2024-05,94.92910924128955,94.92910924128955,0.29805492214883467,30.79623488754869,2024-05-05 14:00:00+00:00
S19,11,BTC_V2_SETUP_B,2024-05-06 08:00:00+00:00,2024-05-06 08:00:00+00:00,2024-05-06 08:30:00+00:00,LONG,64575.88796397084,64283.44814411665,65453.20742353341,65453.20742353341,Take profit,55.494108853348145,2.2761960307396616,3,2024,2024-05,87.47275362056826,87.47275362056826,0.24441371954379412,27.7242917064996,2024-05-06 06:00:00+00:00
S19,12,BTC_V2_SETUP_B,2024-05-09 09:30:00+00:00,2024-05-09 09:30:00+00:00,2024-05-09 12:30:00+00:00,SHORT,60975.73936489512,61357.04254041951,59831.82983832194,61357.04254041951,Stop loss,-24.518932805170564,-1.0000000000000002,13,2024,2024-05,-57.678461318188056,57.678461318188056,0.27070736047448507,24.553426502987122,2024-05-09 08:00:00+00:00
S19,13,BTC_V2_SETUP_B,2024-05-09 13:45:00+00:00,2024-05-09 13:45:00+00:00,2024-05-09 14:45:00+00:00,SHORT,60887.60591129557,61491.57635481773,59075.6945807291,61491.57635481773,Stop loss,-24.457635473157637,-1.0000000000000002,5,2024,2024-05,-67.75747857105307,67.75747857105307,0.34079538039743984,25.21157620910321,2024-05-09 12:00:00+00:00
S19,14,BTC_V2_SETUP_B,2024-05-15 18:15:00+00:00,2024-05-15 18:15:00+00:00,2024-05-15 19:30:00+00:00,LONG,65268.49213874196,64925.03144503216,66298.87421987136,66298.87421987136,Take profit,57.59977253669383,2.3609859151037083,6,2024,2024-05,130.99160089251382,130.99160089251382,0.4442102941641896,65.0905522612744,2024-05-15 17:00:00+00:00
S19,15,BTC_V2_SETUP_B,2024-05-16 07:15:00+00:00,2024-05-16 07:15:00+00:00,2024-05-16 12:30:00+00:00,LONG,66088.10102620858,65883.59589516571,66701.61641933718,66701.61641933718,Take profit,49.637908348638405,2.0226941963461673,22,2024,2024-05,170.03890635944845,170.03890635944845,0.21492535324601353,22.46896547610265,2024-05-16 06:00:00+00:00
S19,16,BTC_V2_SETUP_B,2024-05-17 10:30:00+00:00,2024-05-17 10:30:00+00:00,2024-05-17 12:15:00+00:00,LONG,66423.47405024392,66170.10379902432,67183.58480390273,66170.10379902432,Stop loss,-24.66458558668807,-0.9999999999999999,8,2024,2024-05,143.0696459685205,143.0696459685205,0.25518483005100173,39.030750766016745,2024-05-17 09:00:00+00:00
S19,17,BTC_V2_SETUP_B,2024-05-17 15:00:00+00:00,2024-05-17 15:00:00+00:00,2024-05-19 19:00:00+00:00,LONG,66883.8853030017,66265.45878799318,68739.16484802729,66265.45878799318,Stop loss,-24.60292412272135,-1.0,209,2024,2024-05,145.31986563973624,145.31986563973624,0.3555227412604276,30.131135406960333,2024-05-17 13:00:00+00:00
S19,18,BTC_V2_SETUP_B,2024-05-22 15:45:00+00:00,2024-05-22 16:00:00+00:00,2024-05-22 17:30:00+00:00,LONG,70571.45217149427,69878.1913140229,72651.23474390837,69878.1913140229,Stop loss,-24.541416812414546,-0.9999999999999999,7,2024,2024-05,141.48030611436116,141.48030611436116,0.38162729951558866,21.180721529982385,2024-05-22 14:00:00+00:00
S19,19,BTC_V2_SETUP_B,2024-05-23 11:30:00+00:00,2024-05-23 11:30:00+00:00,2024-05-23 12:45:00+00:00,LONG,69921.67429950288,69496.30280198848,71197.78879204606,69496.30280198848,Stop loss,-24.48006327038351,-1.0,6,2024,2024-05,105.71827885368839,105.71827885368839,0.21961080277230705,19.745260918653713,2024-05-23 10:00:00+00:00
S19,20,BTC_V2_SETUP_B,2024-05-24 17:15:00+00:00,2024-05-24 17:15:00+00:00,2024-05-27 15:30:00+00:00,LONG,68626.81568476743,68121.7372609303,70142.0509562788,70142.0509562788,Take profit,61.56747309650594,2.521307925499895,282,2024,2024-05,11.473677976508043,11.473677976508043,0.37410957825300223,29.06717161931348,2024-05-24 16:00:00+00:00
S19,21,BTC_V2_SETUP_B,2024-06-03 12:30:00+00:00,2024-06-03 12:30:00+00:00,2024-06-03 14:45:00+00:00,LONG,69440.56176501849,69025.75293992608,70684.9882402957,69025.75293992608,Stop loss,-24.57278179494882,-1.0,10,2024,2024-06,47.03501557315758,47.03501557315758,0.30443065757219545,29.59815215571551,2024-06-03 11:00:00+00:00
S19,22,BTC_V2_SETUP_B,2024-06-05 07:15:00+00:00,2024-06-05 07:15:00+00:00,2024-06-05 08:45:00+00:00,LONG,71193.50731614891,70955.97073540435,71906.1170583826,70955.97073540435,Stop loss,-24.51134984046145,-1.0,7,2024,2024-06,119.67260190493835,119.67260190493835,0.23916437966073892,23.914074553360216,2024-06-05 06:00:00+00:00
S19,23,BTC_V2_SETUP_B,2024-06-06 12:30:00+00:00,2024-06-06 12:30:00+00:00,2024-06-06 12:45:00+00:00,LONG,71360.01061066275,71056.957557349,72269.169770604,71056.957557349,Stop loss,-24.450071465860297,-1.0,2,2024,2024-06,88.11207776507945,88.11207776507945,0.16851313239273394,22.938663621543096,2024-06-06 11:00:00+00:00
S19,24,BTC_V2_SETUP_B,2024-06-07 09:30:00+00:00,2024-06-07 09:30:00+00:00,2024-06-07 12:00:00+00:00,LONG,71173.73225392343,70972.07098430628,71778.71606277488,71778.71606277488,Take profit,47.70831527238196,1.9561449974339047,11,2024,2024-06,79.92956483800663,79.92956483800663,0.16109076898130234,21.870382352880362,2024-06-07 08:00:00+00:00
S19,25,BTC_V2_SETUP_B,2024-06-10 13:15:00+00:00,2024-06-10 13:30:00+00:00,2024-06-10 13:30:00+00:00,SHORT,69253.93792033497,69466.24831866012,68617.00672535952,69466.24831866012,Stop loss,-24.5082170753766,-0.9999999999999999,1,2024,2024-06,-9.874891047424171,9.874891047424171,0.1461255027143128,20.471486750887046,2024-06-10 12:00:00+00:00
S19,26,BTC_V2_SETUP_B,2024-06-11 09:45:00+00:00,2024-06-11 09:45:00+00:00,2024-06-11 19:45:00+00:00,SHORT,67125.09375854678,67545.62496581288,65863.50013674847,67545.62496581288,Stop loss,-24.44694653268816,-0.9999999999999999,41,2024,2024-06,-90.70636907107837,90.70636907107837,0.3247403252458426,61.20212226936586,2024-06-11 08:00:00+00:00
S19,27,BTC_V2_SETUP_B,2024-06-13 09:15:00+00:00,2024-06-13 09:15:00+00:00,2024-06-13 10:45:00+00:00,SHORT,67471.59131481976,67632.63474072097,66988.46103711613,67632.63474072097,Stop loss,-24.385829166356444,-1.0,7,2024,2024-06,-65.95566386746941,65.95566386746941,0.21949708708088675,32.10646063426634,2024-06-13 08:00:00+00:00
S19,28,BTC_V2_SETUP_B,2024-06-13 15:30:00+00:00,2024-06-13 15:30:00+00:00,2024-06-18 01:30:00+00:00,SHORT,66879.83821672546,67572.64713309816,64801.411467607366,64801.411467607366,Take profit,64.41265824727799,2.6480171348886983,425,2024,2024-06,-57.09315153805073,57.09315153805073,0.4529488483289467,19.16974769846909,2024-06-13 14:00:00+00:00
S19,29,BTC_V2_SETUP_B,2024-06-18 10:00:00+00:00,2024-06-18 10:00:00+00:00,2024-06-18 13:30:00+00:00,SHORT,65458.48142975688,65698.07428097248,64739.702876110096,64739.702876110096,Take profit,52.449022672850816,2.1420095127735865,15,2024,2024-06,-72.44806964960299,72.44806964960299,0.26024012840422495,24.463511608839557,2024-06-18 08:00:00+00:00
S19,30,BTC_V2_SETUP_B,2024-06-18 19:45:00+00:00,2024-06-18 19:45:00+00:00,2024-06-18 20:45:00+00:00,SHORT,64326.4143390543,64683.34264378279,63255.62942486885,64683.34264378279,Stop loss,-24.617018795740876,-1.0000000000000002,5,2024,2024-06,-112.25556594082445,112.25556594082445,0.4533298402678152,38.81159605480004,2024-06-18 18:00:00+00:00
S19,31,BTC_V2_SETUP_B,2024-06-21 07:45:00+00:00,2024-06-21 07:45:00+00:00,2024-06-21 08:45:00+00:00,SHORT,64516.94007723197,64721.23969107212,63904.04123571152,63904.04123571152,Take profit,50.10177269566205,2.040350274135261,5,2024,2024-06,-73.22094280320744,73.22094280320744,0.18783760110443823,27.806815309152753,2024-06-21 06:00:00+00:00
S19,32,BTC_V2_SETUP_B,2024-06-21 11:45:00+00:00,2024-06-21 11:45:00+00:00,2024-06-21 14:15:00+00:00,SHORT,63651.27690685147,64017.89237259413,62551.43050962349,64017.89237259413,Stop loss,-24.68073068049067,-0.9999999999999999,11,2024,2024-06,-97.85153378616087,97.85153378616087,0.3053495532238821,37.09778462578582,2024-06-21 10:00:00+00:00
S19,33,BTC_V2_SETUP_B,2024-06-21 15:45:00+00:00,2024-06-21 15:45:00+00:00,2024-06-21 19:45:00+00:00,SHORT,63441.86013790086,64193.55944839654,61186.76220641383,64193.55944839654,Stop loss,-24.619028853789445,-1.0,17,2024,2024-06,-105.49333861275227,105.49333861275227,0.41414088814723266,31.401411769222996,2024-06-21 14:00:00+00:00
S19,34,BTC_V2_SETUP_B,2024-06-23 14:15:00+00:00,2024-06-23 14:15:00+00:00,2024-06-23 16:00:00+00:00,SHORT,64219.011790359444,64287.95283856222,64012.18864575112,64012.18864575112,Take profit,21.828662587056755,0.8888803512338739,8,2024,2024-06,-49.45565557671944,49.45565557671944,0.06191677744557732,22.54848581906055,2024-06-23 13:00:00+00:00
S19,35,BTC_V2_SETUP_B,2024-06-24 16:00:00+00:00,2024-06-24 16:00:00+00:00,2024-06-24 20:30:00+00:00,SHORT,60641.32043797706,61363.71824809177,58474.12700763294,58474.12700763294,Take profit,66.21549626044607,2.690368675336391,19,2024,2024-06,-176.40554450144555,176.40554450144555,0.4499781919028232,43.99802757386438,2024-06-24 14:00:00+00:00
S19,36,BTC_V2_SETUP_B,2024-06-28 19:30:00+00:00,2024-06-28 19:30:00+00:00,2024-06-29 01:00:00+00:00,SHORT,60180.72293474066,60768.10826103735,58418.5669558506,60768.10826103735,Stop loss,-24.77759167877373,-1.0000000000000002,23,2024,2024-06,-88.53789849212626,88.53789849212626,0.340757149798129,27.22254629291612,2024-06-28 18:00:00+00:00
S19,37,BTC_V2_SETUP_B,2024-07-01 17:30:00+00:00,2024-07-01 17:30:00+00:00,2024-07-01 22:15:00+00:00,LONG,63289.0437135356,62951.82514585761,64300.69941656955,62951.82514585761,Stop loss,-24.71564769957679,-1.0,20,2024,2024-07,36.361584235404734,36.361584235404734,0.28591298206182514,30.666391690947723,2024-07-01 16:00:00+00:00
S19,38,BTC_V2_SETUP_B,2024-07-03 07:30:00+00:00,2024-07-03 07:30:00+00:00,2024-07-03 08:45:00+00:00,SHORT,60837.37562979307,60977.497480827726,60417.01007668909,60417.01007668909,Take profit,44.11764457739241,1.7894823414212078,6,2024,2024-07,-61.307449562853435,61.307449562853435,0.2177493329475953,47.32137927370154,2024-07-03 06:00:00+00:00
S19,39,BTC_V2_SETUP_B,2024-07-03 12:45:00+00:00,2024-07-03 12:45:00+00:00,2024-07-03 13:30:00+00:00,SHORT,59914.77749525657,60335.890018973725,58651.43992410509,60335.890018973725,Stop loss,-24.764152691771336,-1.0000000000000002,4,2024,2024-07,-83.72879231803381,83.72879231803381,0.3406252621849268,57.42980934527425,2024-07-03 11:00:00+00:00
S19,40,BTC_V2_SETUP_B,2024-07-03 19:15:00+00:00,2024-07-03 19:15:00+00:00,2024-07-04 01:00:00+00:00,SHORT,60002.716066857756,60417.13573256896,58759.45706972414,60417.13573256896,Stop loss,-24.702242310041907,-1.0,24,2024,2024-07,-88.28484033047425,88.28484033047425,0.30903693697854584,26.548740194900173,2024-07-03 18:00:00+00:00
S19,41,BTC_V2_SETUP_B,2024-07-04 07:30:00+00:00,2024-07-04 07:30:00+00:00,2024-07-04 13:15:00+00:00,SHORT,58378.0,58871.705975959165,56896.882072122506,56896.882072122506,Take profit,63.65652220001287,2.5834117225042466,24,2024,2024-07,-141.8541495727477,141.8541495727477,0.39980462549145496,45.5441371528858,2024-07-04 06:00:00+00:00
S19,42,BTC_V2_SETUP_B,2024-07-07 11:15:00+00:00,2024-07-07 11:15:00+00:00,2024-07-07 12:15:00+00:00,SHORT,57445.43483817025,57599.260647318995,56983.95741072402,57599.260647318995,Stop loss,-24.799628009766835,-1.0,5,2024,2024-07,-82.13236424303614,82.13236424303614,0.26335132472627043,18.73040882803588,2024-07-07 10:00:00+00:00
S19,43,BTC_V2_SETUP_B,2024-07-11 19:15:00+00:00,2024-07-11 19:15:00+00:00,2024-07-12 01:15:00+00:00,SHORT,57641.0,57925.770292188936,56786.68912343319,56786.68912343319,Take profit,58.81669275908478,2.3776204624280863,25,2024,2024-07,-21.40256934663921,21.40256934663921,0.40556965130885164,22.756905541303386,2024-07-11 18:00:00+00:00
S19,44,BTC_V2_SETUP_B,2024-07-12 07:45:00+00:00,2024-07-12 07:45:00+00:00,2024-07-12 08:30:00+00:00,SHORT,56916.143555361574,57285.4257785537,55808.2968857852,57285.4257785537,Stop loss,-24.88467067164013,-1.0,4,2024,2024-07,-46.51008440799342,46.51008440799342,0.31110175068231793,19.55963761194141,2024-07-12 06:00:00+00:00
S19,45,BTC_V2_SETUP_B,2024-07-15 12:30:00+00:00,2024-07-15 12:30:00+00:00,2024-07-15 16:45:00+00:00,LONG,62737.99075284258,62449.03698862968,63604.85204548128,63604.85204548128,Take profit,56.74786897016669,2.286150174794791,18,2024,2024-07,191.6980454959048,191.6980454959048,0.3185420495657248,36.07519772333002,2024-07-15 11:00:00+00:00
S19,46,BTC_V2_SETUP_B,2024-07-15 17:15:00+00:00,2024-07-15 17:15:00+00:00,2024-07-15 17:45:00+00:00,LONG,63762.538423644684,63267.84630542127,65246.61477831493,63267.84630542127,Stop loss,-24.964328667386454,-1.0000000000000002,3,2024,2024-07,201.51846135081723,201.51846135081723,0.39372670062276544,27.11619562612546,2024-07-15 16:00:00+00:00
S19,47,BTC_V2_SETUP_B,2024-07-16 19:15:00+00:00,2024-07-16 19:15:00+00:00,2024-07-16 22:00:00+00:00,LONG,64995.11810119765,64450.5275952094,66628.8896191624,64450.5275952094,Stop loss,-24.901917845717982,-1.0,12,2024,2024-07,219.11097977419558,219.11097977419558,0.49633864622925195,26.337250660720894,2024-07-16 18:00:00+00:00
S19,48,BTC_V2_SETUP_B,2024-07-19 13:00:00+00:00,2024-07-19 13:00:00+00:00,2024-07-19 13:30:00+00:00,LONG,64444.01712562163,64092.931497513484,65497.27400994606,64092.931497513484,Stop loss,-24.839663051103685,-1.0,3,2024,2024-07,81.53520603555808,81.53520603555808,0.2799002226142529,18.32258549344544,2024-07-19 11:00:00+00:00
S19,49,BTC_V2_SETUP_B,2024-07-22 19:45:00+00:00,2024-07-22 19:45:00+00:00,2024-07-22 22:00:00+00:00,LONG,68017.47683737375,67609.09265050503,69242.6293979799,67609.09265050503,Stop loss,-24.777563893475925,-1.0,10,2024,2024-07,115.52775067829498,115.52775067829498,0.33775271847392707,24.77777975377311,2024-07-22 18:00:00+00:00
S19,50,BTC_V2_SETUP_B,2024-07-24 08:45:00+00:00,2024-07-24 08:45:00+00:00,2024-07-24 15:45:00+00:00,LONG,66414.79974344483,66137.8010262207,67245.79589511725,66137.8010262207,Stop loss,-24.715619983742236,-1.0,29,2024,2024-07,27.251564157297253,27.251564157297253,0.2350594733538527,18.493029977416253,2024-07-24 07:00:00+00:00
S19,51,BTC_V2_SETUP_B,2024-07-24 17:30:00+00:00,2024-07-24 17:30:00+00:00,2024-07-24 18:30:00+00:00,LONG,66602.73082561142,66275.0766975543,67585.6932097828,66275.0766975543,Stop loss,-24.653830933782874,-0.9999999999999999,5,2024,2024-07,45.98247915972024,45.98247915972024,0.3524569783801048,19.742638937986023,2024-07-24 16:00:00+00:00
S19,52,BTC_V2_SETUP_B,2024-07-26 09:30:00+00:00,2024-07-26 09:30:00+00:00,2024-07-26 14:30:00+00:00,LONG,67297.0,67055.61840555024,68021.14478334929,67055.61840555024,Stop loss,-24.62450176498912,-1.0013136447055175,21,2024,2024-07,79.29610243187926,79.29610243187926,0.22575453974464907,49.412400697537,2024-07-26 08:00:00+00:00
S19,53,BTC_V2_SETUP_B,2024-07-26 19:15:00+00:00,2024-07-26 19:15:00+00:00,2024-07-27 13:00:00+00:00,LONG,67704.21333454321,67426.14666182718,68538.41335269129,68538.41335269129,Take profit,54.37113801700804,2.2164586359403082,72,2024,2024-07,92.2975514660211,92.2975514660211,0.3017946499380524,18.606716642463173,2024-07-26 18:00:00+00:00
S19,54,BTC_V2_SETUP_B,2024-07-27 18:30:00+00:00,2024-07-27 18:30:00+00:00,2024-07-27 19:00:00+00:00,LONG,68968.26421565667,68494.94313737331,70388.22745050676,68494.94313737331,Stop loss,-24.666562947078468,-1.0,3,2024,2024-07,137.9750267546333,137.9750267546333,0.29778538830161466,26.59842432729983,2024-07-27 17:00:00+00:00
S19,55,BTC_V2_SETUP_B,2024-07-28 18:00:00+00:00,2024-07-28 18:00:00+00:00,2024-07-29 00:00:00+00:00,LONG,67985.75678945848,67713.97284216611,68801.10863133558,68801.10863133558,Take profit,54.11367691259109,2.199305200298444,25,2024,2024-07,66.23099422056112,66.23099422056112,0.19879634165888296,20.265809067747426,2024-07-28 16:00:00+00:00
S19,56,BTC_V2_SETUP_B,2024-07-29 10:45:00+00:00,2024-07-29 10:45:00+00:00,2024-07-29 13:30:00+00:00,LONG,69706.80101235659,69363.79595057364,70735.81619770546,69363.79595057364,Stop loss,-24.740180731992247,-0.9999999999999999,12,2024,2024-07,136.85069356815075,136.85069356815075,0.22390644096934192,30.688431756634124,2024-07-29 09:00:00+00:00
S19,57,BTC_V2_SETUP_B,2024-08-05 10:30:00+00:00,2024-08-05 10:30:00+00:00,2024-08-05 14:00:00+00:00,SHORT,51063.04169253517,52793.833229859345,45870.667080562635,52793.833229859345,Stop loss,-24.678330280162267,-1.0,15,2024,2024-08,-522.0478613465893,522.0478613465893,1.481184198885382,47.05151623742075,2024-08-05 09:00:00+00:00
S19,58,BTC_V2_SETUP_B,2024-08-07 18:15:00+00:00,2024-08-07 18:15:00+00:00,2024-08-08 01:30:00+00:00,SHORT,55177.78137275754,55956.87450896984,52840.50196412064,55956.87450896984,Stop loss,-24.61663445446186,-0.9999999999999999,30,2024,2024-08,-181.74208684924815,181.74208684924815,0.6591518385810691,29.684021465602218,2024-08-07 17:00:00+00:00
S19,59,BTC_V2_SETUP_B,2024-08-10 18:00:00+00:00,2024-08-10 18:00:00+00:00,2024-08-11 09:15:00+00:00,LONG,60856.537310922016,60594.85075631193,61641.59697475228,61641.59697475228,Take profit,55.125810187128096,2.244984797358938,62,2024,2024-08,45.43388755583146,45.43388755583146,0.21510326644024702,18.461970472366403,2024-08-10 16:00:00+00:00
S19,60,BTC_V2_SETUP_B,2024-08-15 07:30:00+00:00,2024-08-15 07:30:00+00:00,2024-08-15 08:15:00+00:00,SHORT,57757.92730474938,58196.290781002484,56442.836875990055,58196.290781002484,Stop loss,-24.69290739379353,-1.0,4,2024,2024-08,-71.08634480611363,71.08634480611363,0.3832045423298312,45.59168152328065,2024-08-15 06:00:00+00:00
S19,61,BTC_V2_SETUP_B,2024-08-16 15:30:00+00:00,2024-08-16 15:30:00+00:00,2024-08-16 16:00:00+00:00,SHORT,57767.70271908636,58303.189123654556,56161.24350538177,58303.189123654556,Stop loss,-24.631175125309042,-0.9999999999999999,3,2024,2024-08,-56.889390107455256,56.889390107455256,0.5978908388599671,19.245704510730505,2024-08-16 14:00:00+00:00
S19,62,BTC_V2_SETUP_B,2024-08-22 10:30:00+00:00,2024-08-22 10:30:00+00:00,2024-08-22 12:45:00+00:00,LONG,61115.56466706537,60824.74133173849,61988.034673046015,60824.74133173849,Stop loss,-24.569597187495773,-1.0,10,2024,2024-08,63.2148402344028,63.2148402344028,0.24758757803119655,19.41641934504283,2024-08-22 09:00:00+00:00
S19,63,BTC_V2_SETUP_B,2024-08-23 09:00:00+00:00,2024-08-23 09:00:00+00:00,2024-08-23 09:30:00+00:00,LONG,61327.48302079698,61137.067916812084,61898.72833275166,61137.067916812084,Stop loss,-24.508173194527032,-0.9999999999999999,3,2024,2024-08,53.234360355367244,53.234360355367244,0.2114453709814959,40.12782067822938,2024-08-23 07:00:00+00:00
S19,64,BTC_V2_SETUP_B,2024-08-23 12:45:00+00:00,2024-08-23 12:45:00+00:00,2024-08-23 14:00:00+00:00,LONG,60982.53878120608,60779.84487517568,61590.62049929728,61590.62049929728,Take profit,50.71589724824917,2.07453262046897,6,2024,2024-08,58.869725417091104,58.869725417091104,0.2145304616571768,25.824279308117188,2024-08-23 11:00:00+00:00
S19,65,BTC_V2_SETUP_B,2024-08-23 17:45:00+00:00,2024-08-23 17:45:00+00:00,2024-08-23 21:15:00+00:00,LONG,62305.264789505556,61649.94084197778,64271.236632088876,64271.236632088876,Take profit,65.18313183339495,2.6525574787358672,15,2024,2024-08,68.92910800540994,68.92910800540994,0.4903483562922166,29.398539479311143,2024-08-23 16:00:00+00:00
S19,66,BTC_V2_SETUP_B,2024-08-24 07:45:00+00:00,2024-08-24 07:45:00+00:00,2024-08-24 10:45:00+00:00,LONG,64335.95930722374,64159.16277110504,64866.348915579845,64159.16277110504,Stop loss,-24.73665033424483,-1.0,13,2024,2024-08,179.9773616129023,179.9773616129023,0.21639300457828853,28.56897554517769,2024-08-24 06:00:00+00:00
S19,67,BTC_V2_SETUP_B,2024-08-24 13:30:00+00:00,2024-08-24 13:30:00+00:00,2024-08-24 15:30:00+00:00,LONG,64227.70555792907,63992.17776828372,64934.28892686511,63992.17776828372,Stop loss,-24.674808708409213,-1.0,9,2024,2024-08,179.31883788595587,179.31883788595587,0.2088275775546811,22.786621289942193,2024-08-24 12:00:00+00:00
S19,68,BTC_V2_SETUP_B,2024-08-28 07:30:00+00:00,2024-08-28 07:30:00+00:00,2024-08-28 09:00:00+00:00,SHORT,58897.67524030928,59320.299038762874,57629.80384494851,59320.299038762874,Stop loss,-24.61312168663819,-1.0,7,2024,2024-08,-130.87646983062587,130.87646983062587,0.31597037394637834,33.4021307495434,2024-08-28 06:00:00+00:00
S19,69,BTC_V2_SETUP_B,2024-08-31 16:15:00+00:00,2024-08-31 16:15:00+00:00,2024-08-31 18:00:00+00:00,SHORT,58958.71508754303,59052.13964982788,58678.44140068849,59052.13964982788,Stop loss,-24.551588882421598,-1.0,8,2024,2024-08,-70.83022637882823,70.83022637882823,0.1453350221133761,25.514973107330366,2024-08-31 15:00:00+00:00
S19,70,BTC_V2_SETUP_B,2024-08-31 19:45:00+00:00,2024-08-31 20:00:00+00:00,2024-08-31 21:00:00+00:00,SHORT,58832.1291965993,58963.4832136028,58438.06714558881,58963.4832136028,Stop loss,-24.490209910215544,-1.0,5,2024,2024-08,-72.25433033475565,72.25433033475565,0.16555533124974522,36.09161831428952,2024-08-31 18:00:00+00:00
S19,71,BTC_V2_SETUP_B,2024-09-01 10:15:00+00:00,2024-09-01 10:15:00+00:00,2024-09-01 18:15:00+00:00,SHORT,57999.853817124356,58363.584731502575,56908.6610739897,58363.584731502575,Stop loss,-24.428984385440007,-1.0000000000000002,33,2024,2024-09,-100.3224419710532,100.3224419710532,0.2463861148684012,31.451361382004926,2024-09-01 09:00:00+00:00
S19,72,BTC_V2_SETUP_B,2024-09-04 10:00:00+00:00,2024-09-04 10:00:00+00:00,2024-09-04 14:30:00+00:00,SHORT,56577.372957980064,56830.50816807974,55817.96732768104,56830.50816807974,Stop loss,-24.3679119244764,-0.9999999999999999,19,2024,2024-09,-131.0096888934495,131.0096888934495,0.30491789559022026,25.97317786230263,2024-09-04 08:00:00+00:00
S19,73,BTC_V2_SETUP_B,2024-09-05 08:45:00+00:00,2024-09-05 08:45:00+00:00,2024-09-05 14:00:00+00:00,SHORT,56976.408133143086,57236.367467427655,56196.53013028938,57236.367467427655,Stop loss,-24.30699214466521,-1.0,22,2024,2024-09,-84.51554957080225,84.51554957080225,0.2662878588885748,32.656628712117204,2024-09-05 07:00:00+00:00
S19,74,BTC_V2_SETUP_B,2024-09-05 15:00:00+00:00,2024-09-05 15:00:00+00:00,2024-09-06 15:15:00+00:00,SHORT,56466.05920120362,57202.76319518551,54255.94721925796,54255.94721925796,Take profit,65.83748938300103,2.715370755428582,98,2024,2024-09,-95.82250915742043,95.82250915742043,0.49304328192312463,35.06845454774258,2024-09-05 13:00:00+00:00
S19,75,BTC_V2_SETUP_B,2024-09-08 15:15:00+00:00,2024-09-08 15:15:00+00:00,2024-09-08 17:30:00+00:00,SHORT,53998.4364950894,54277.254019642394,53161.98392143042,54277.254019642394,Stop loss,-24.410818387761047,-1.0,10,2024,2024-09,-114.57426999908057,114.57426999908057,0.24289935461016676,27.00247883717413,2024-09-08 14:00:00+00:00
S19,76,BTC_V2_SETUP_B,2024-09-12 08:00:00+00:00,2024-09-12 08:00:00+00:00,2024-09-12 10:45:00+00:00,LONG,58148.53622719875,57943.85509120502,58762.57963517993,57943.85509120502,Stop loss,-24.349791341791647,-1.0000000000000002,12,2024,2024-09,72.49688403094478,72.49688403094478,0.2936438664859021,26.129856262284456,2024-09-12 06:00:00+00:00
S19,77,BTC_V2_SETUP_B,2024-09-15 15:00:00+00:00,2024-09-15 15:00:00+00:00,2024-09-15 16:15:00+00:00,LONG,60289.76423806324,60049.943047747045,61009.22780901182,60049.943047747045,Stop loss,-24.288916863437162,-1.0,6,2024,2024-09,97.87098820070969,97.87098820070969,0.1580571639127174,23.003421596329883,2024-09-15 13:00:00+00:00
S19,78,BTC_V2_SETUP_B,2024-09-17 10:00:00+00:00,2024-09-17 10:15:00+00:00,2024-09-17 14:15:00+00:00,LONG,59074.36038917063,58683.558443317495,60246.76622673003,60246.76622673003,Take profit,59.95319947304596,2.474521958153571,17,2024,2024-09,13.050401428081386,13.050401428081386,0.24963164899532014,51.72902858878287,2024-09-17 08:00:00+00:00
S19,79,BTC_V2_SETUP_B,2024-09-19 17:45:00+00:00,2024-09-19 17:45:00+00:00,2024-09-19 19:45:00+00:00,LONG,63873.34472844869,63247.621086205225,65750.51565517909,63247.621086205225,Stop loss,-24.378077569961178,-0.9999999999999999,9,2024,2024-09,188.46743450262875,188.46743450262875,0.4493892153535494,31.734062496388486,2024-09-19 16:00:00+00:00
S19,80,BTC_V2_SETUP_B,2024-09-24 08:00:00+00:00,2024-09-24 08:00:00+00:00,2024-09-24 14:00:00+00:00,LONG,63559.93589638913,63366.256414443495,64140.97434222603,63366.256414443495,Stop loss,-24.31713237603628,-1.0,25,2024,2024-09,61.034875413206464,61.034875413206464,0.18680145356239614,23.58770248101798,2024-09-24 06:00:00+00:00
S19,81,BTC_V2_SETUP_B,2024-09-26 07:30:00+00:00,2024-09-26 07:30:00+00:00,2024-09-26 09:00:00+00:00,LONG,63826.84076717515,63630.63693129941,64415.452274802374,63630.63693129941,Stop loss,-24.25633954509619,-1.0,7,2024,2024-09,46.45457341043948,46.45457341043948,0.18313920749857177,21.564831428611097,2024-09-26 06:00:00+00:00
S19,82,BTC_V2_SETUP_B,2024-09-27 09:15:00+00:00,2024-09-27 09:15:00+00:00,2024-09-27 10:00:00+00:00,LONG,65865.37100790699,65604.51596837207,66647.93612651173,65604.51596837207,Stop loss,-24.19569869623345,-1.0,4,2024,2024-09,118.52368225598184,118.52368225598184,0.22398152198430227,28.321258509033516,2024-09-27 08:00:00+00:00
S19,83,BTC_V2_SETUP_B,2024-09-29 13:45:00+00:00,2024-09-29 13:45:00+00:00,2024-09-29 14:30:00+00:00,LONG,65847.48751805244,65723.04992779021,66220.80028883912,65723.04992779021,Stop loss,-24.135209449492862,-1.0,4,2024,2024-09,72.36352274821547,72.36352274821547,0.10593275172974877,18.24073510212351,2024-09-29 12:00:00+00:00
S19,84,BTC_V2_SETUP_B,2024-09-29 20:00:00+00:00,2024-09-29 20:00:00+00:00,2024-09-29 20:45:00+00:00,LONG,65973.1602662143,65841.35893514281,66368.56425942876,65841.35893514281,Stop loss,-24.074871425869134,-1.0,4,2024,2024-09,75.76971912145382,75.76971912145382,0.0958091924904224,18.913309049146047,2024-09-29 18:00:00+00:00
S19,85,BTC_V2_SETUP_B,2024-10-01 19:15:00+00:00,2024-10-01 19:15:00+00:00,2024-10-01 20:15:00+00:00,SHORT,61735.92670483603,62111.2931806559,60609.82727737641,60609.82727737641,Take profit,58.48263129833481,2.4352862896750027,5,2024,2024-10,-90.8799220507426,90.8799220507426,0.5529543557065856,44.21517922489886,2024-10-01 18:00:00+00:00
S19,86,BTC_V2_SETUP_B,2024-10-02 09:30:00+00:00,2024-10-02 09:30:00+00:00,2024-10-02 15:30:00+00:00,SHORT,61475.71170944721,61823.15316221115,60433.3873511554,61823.15316221115,Stop loss,-24.160890825550297,-1.0,25,2024,2024-10,-109.00956010118534,109.00956010118534,0.26954228695710897,20.274801008017935,2024-10-02 08:00:00+00:00
S19,87,BTC_V2_SETUP_B,2024-10-02 19:00:00+00:00,2024-10-02 19:00:00+00:00,2024-10-03 03:15:00+00:00,SHORT,60749.03683887255,61300.85264450981,59093.58942196076,61300.85264450981,Stop loss,-24.100488598486415,-0.9999999999999999,34,2024,2024-10,-102.29795035967982,102.29795035967982,0.5254064388201124,23.224753547698924,2024-10-02 17:00:00+00:00
S19,88,BTC_V2_SETUP_B,2024-10-03 13:15:00+00:00,2024-10-03 13:15:00+00:00,2024-10-03 14:00:00+00:00,SHORT,60180.98745981382,60602.05016074474,58917.79935702107,60602.05016074474,Stop loss,-24.0402373769902,-0.9999999999999999,4,2024,2024-10,-123.87265222211863,123.87265222211863,0.3324547659522338,27.68377485194399,2024-10-03 12:00:00+00:00
S19,89,BTC_V2_SETUP_B,2024-10-05 18:15:00+00:00,2024-10-05 18:30:00+00:00,2024-10-05 22:30:00+00:00,SHORT,61894.15878702569,62054.36485189722,61413.54059241111,62054.36485189722,Stop loss,-23.98013678354773,-1.0000000000000002,17,2024,2024-10,-20.357945519259374,20.357945519259374,0.1241122788512099,24.057880321459134,2024-10-05 17:00:00+00:00
S19,90,BTC_V2_SETUP_B,2024-10-09 10:30:00+00:00,2024-10-09 10:30:00+00:00,2024-10-09 15:15:00+00:00,SHORT,62018.89461018529,62234.42155925884,61372.31376296466,62234.42155925884,Stop loss,-23.92018644158886,-1.0000000000000002,20,2024,2024-10,-13.71926401679957,13.71926401679957,0.16453607318024024,20.41834417652113,2024-10-09 09:00:00+00:00
S19,91,BTC_V2_SETUP_B,2024-10-09 18:15:00+00:00,2024-10-09 18:15:00+00:00,2024-10-10 17:45:00+00:00,SHORT,61336.85894747317,61831.564210107324,59852.74315957071,59852.74315957071,Take profit,61.057707839025134,2.5589572566746512,95,2024,2024-10,-33.14265577620972,33.14265577620972,0.3303059255693948,29.84256050345454,2024-10-09 17:00:00+00:00
S19,92,BTC_V2_SETUP_B,2024-10-12 14:15:00+00:00,2024-10-12 14:15:00+00:00,2024-10-12 18:45:00+00:00,LONG,63179.40401572007,62943.383937119725,63887.464251521116,62943.383937119725,Stop loss,-24.013030245082447,-0.9999999999999999,19,2024,2024-10,48.33358887250506,48.33358887250506,0.17108353816663716,36.15907704149784,2024-10-12 13:00:00+00:00
S19,93,BTC_V2_SETUP_B,2024-10-14 07:45:00+00:00,2024-10-14 07:45:00+00:00,2024-10-14 14:00:00+00:00,LONG,64344.45431144261,63974.182754229536,65455.26898308184,65455.26898308184,Take profit,57.66808117214536,2.407551738112868,26,2024,2024-10,74.45325601282093,74.45325601282093,0.3253500799071221,36.317296302637956,2024-10-14 06:00:00+00:00
S19,94,BTC_V2_SETUP_B,2024-10-14 19:15:00+00:00,2024-10-14 19:15:00+00:00,2024-10-15 03:15:00+00:00,LONG,66004.82549310596,65647.69802757613,67076.20788969546,65647.69802757613,Stop loss,-24.097167872400114,-1.0000000000000002,33,2024,2024-10,158.53610251119244,158.53610251119244,0.3583971482768113,31.14315419815516,2024-10-14 18:00:00+00:00
S19,95,BTC_V2_SETUP_B,2024-10-15 16:15:00+00:00,2024-10-15 16:15:00+00:00,2024-10-18 14:00:00+00:00,LONG,66477.6591777169,65813.3632891324,68470.5468434704,68470.5468434704,Take profit,63.360348033579584,2.6359589738791493,280,2024,2024-10,142.5489413604082,142.5489413604082,0.682166324474279,19.8025132738544,2024-10-15 15:00:00+00:00
S19,96,BTC_V2_SETUP_B,2024-10-18 15:30:00+00:00,2024-10-18 15:30:00+00:00,2024-10-18 21:45:00+00:00,LONG,68679.04769065564,68249.80923737746,69966.7630504902,68249.80923737746,Stop loss,-24.195325822803053,-0.9999999999999999,26,2024,2024-10,131.76989694537042,131.76989694537042,0.3218039543740086,33.544401495102285,2024-10-18 14:00:00+00:00
S19,97,BTC_V2_SETUP_B,2024-10-24 17:45:00+00:00,2024-10-24 17:45:00+00:00,2024-10-25 07:15:00+00:00,LONG,67769.49088006075,67384.03647975698,68925.85408097207,67384.03647975698,Stop loss,-24.13483750824605,-1.0,55,2024,2024-10,32.37306907727907,32.37306907727907,0.33930431880809747,23.19238113392987,2024-10-24 16:00:00+00:00
S19,98,BTC_V2_SETUP_B,2024-10-27 19:30:00+00:00,2024-10-27 19:30:00+00:00,2024-10-28 10:00:00+00:00,LONG,67729.19285855717,67454.22856577134,68554.08573691468,68554.08573691468,Take profit,53.18373589241635,2.2091314451716806,59,2024,2024-10,25.75758224540914,25.75758224540914,0.15337168637152088,42.70082772200446,2024-10-27 18:00:00+00:00
S19,99,BTC_V2_SETUP_B,2024-10-28 17:45:00+00:00,2024-10-28 18:00:00+00:00,2024-10-29 02:00:00+00:00,LONG,69173.0867267319,68720.65309307241,70530.38762771036,70530.38762771036,Take profit,59.77567938375645,2.4693082211308583,33,2024,2024-10,69.07905788948119,69.07905788948119,0.3495951156781644,23.249953231160006,2024-10-28 16:00:00+00:00
S19,100,BTC_V2_SETUP_B,2024-10-29 09:15:00+00:00,2024-10-29 09:15:00+00:00,2024-10-29 13:30:00+00:00,LONG,71210.37600102383,71029.49599590464,71753.01601638141,71029.49599590464,Stop loss,-24.356898952665865,-0.9999999999999999,18,2024,2024-10,167.52916356547212,167.52916356547212,0.23534042381048342,32.279478679350056,2024-10-29 08:00:00+00:00
S19,101,BTC_V2_SETUP_B,2024-11-03 09:45:00+00:00,2024-11-03 09:45:00+00:00,2024-11-03 10:30:00+00:00,SHORT,68200.87478182944,68518.50087268226,67247.99650927098,68518.50087268226,Stop loss,-24.296006705284206,-1.0000000000000002,4,2024,2024-11,-55.41061184895807,55.41061184895807,0.2088771743247132,26.986078743962523,2024-11-03 08:00:00+00:00
S19,102,BTC_V2_SETUP_B,2024-11-03 14:00:00+00:00,2024-11-03 14:00:00+00:00,2024-11-03 16:00:00+00:00,SHORT,67971.81295453187,68377.7481818725,66754.00727250995,68377.7481818725,Stop loss,-24.23526668852099,-1.0,9,2024,2024-11,-57.41913217064575,57.41913217064575,0.21131843013563406,18.64199563599503,2024-11-03 12:00:00+00:00
S19,103,BTC_V2_SETUP_B,2024-11-03 18:45:00+00:00,2024-11-03 18:45:00+00:00,2024-11-03 19:15:00+00:00,SHORT,67880.27407067684,68375.90371729262,66393.3851308295,68375.90371729262,Stop loss,-24.174678521799684,-0.9999999999999999,3,2024,2024-11,-69.78837678855052,69.78837678855052,0.3159749988409559,19.832906205389136,2024-11-03 17:00:00+00:00
S19,104,BTC_V2_SETUP_B,2024-11-06 11:30:00+00:00,2024-11-06 11:30:00+00:00,2024-11-06 14:45:00+00:00,LONG,74371.63323256995,73595.46706972021,76700.13172111916,73595.46706972021,Stop loss,-24.11424182549519,-1.0,14,2024,2024-11,213.76688926672796,213.76688926672796,0.6090505649650383,19.506080263120214,2024-11-06 10:00:00+00:00
S19,105,BTC_V2_SETUP_B,2024-11-10 09:00:00+00:00,2024-11-10 09:00:00+00:00,2024-11-10 17:30:00+00:00,LONG,79182.10552929509,78870.57788281963,80116.68846872146,80116.68846872146,Take profit,52.65477916921443,2.1890278125389995,35,2024,2024-11,257.86166806393885,257.86166806393885,0.3563847268179573,43.65945951765953,2024-11-10 07:00:00+00:00
S19,106,BTC_V2_SETUP_B,2024-11-11 10:00:00+00:00,2024-11-11 10:00:00+00:00,2024-11-11 15:15:00+00:00,LONG,81863.61399869238,81359.54400523048,83375.8239790781,83375.8239790781,Take profit,59.03461895658871,2.4409001898126608,22,2024,2024-11,309.24980741221225,309.24980741221225,0.35738475459158225,19.907607593236776,2024-11-11 08:00:00+00:00
S19,107,BTC_V2_SETUP_B,2024-11-12 18:45:00+00:00,2024-11-12 18:45:00+00:00,2024-11-12 23:15:00+00:00,LONG,88892.45021804886,87583.19912780455,92820.20348878182,87583.19912780455,Stop loss,-24.333179716245954,-1.0,19,2024,2024-11,437.8776043461112,437.8776043461112,0.799013197697965,23.13126942933953,2024-11-12 17:00:00+00:00
S19,108,BTC_V2_SETUP_B,2024-11-13 13:30:00+00:00,2024-11-13 13:30:00+00:00,2024-11-13 14:45:00+00:00,LONG,88524.32212491788,87649.7115003285,91148.153998686,91148.153998686,Take profit,63.88924012137674,2.632182241576917,6,2024,2024-11,390.8316519277578,390.8316519277578,0.4145933726580401,18.5270237540784,2024-11-13 12:00:00+00:00
S19,109,BTC_V2_SETUP_B,2024-11-15 12:00:00+00:00,2024-11-15 12:00:00+00:00,2024-11-15 14:30:00+00:00,LONG,89783.0389357357,89242.84425705716,91403.62297177133,89242.84425705716,Stop loss,-24.432069867258775,-0.9999999999999999,11,2024,2024-11,257.4410750341922,257.4410750341922,0.40194154871843835,27.103294038279593,2024-11-15 10:00:00+00:00
S19,110,BTC_V2_SETUP_B,2024-11-15 16:30:00+00:00,2024-11-15 16:30:00+00:00,2024-11-19 19:00:00+00:00,LONG,89721.68424588436,88281.26301646253,94042.94793414985,94042.94793414985,Take profit,67.39419365331021,2.7653449656088305,395,2024,2024-11,290.18126990183373,290.18126990183373,0.6848015596577774,21.014011389732566,2024-11-15 15:00:00+00:00
S19,111,BTC_V2_SETUP_B,2024-11-20 08:45:00+00:00,2024-11-20 08:45:00+00:00,2024-11-20 13:30:00+00:00,LONG,93286.10942615422,92897.56229538315,94451.75081846742,94451.75081846742,Take profit,54.6067398054483,2.225261111421147,20,2024,2024-11,184.60160339986032,184.60160339986032,0.3025890787752692,20.124945798622992,2024-11-20 07:00:00+00:00
S19,112,BTC_V2_SETUP_B,2024-11-21 11:00:00+00:00,2024-11-21 11:00:00+00:00,2024-11-21 12:45:00+00:00,LONG,97802.23363585808,97457.06545656768,98837.73817372927,97457.06545656768,Stop loss,-24.675992026237523,-0.9999999999999999,8,2024,2024-11,357.0820487201272,357.0820487201272,0.35256668524421714,27.013653707782243,2024-11-21 09:00:00+00:00
S19,113,BTC_V2_SETUP_B,2024-11-21 16:30:00+00:00,2024-11-21 16:45:00+00:00,2024-11-24 15:45:00+00:00,LONG,97271.68859216379,96206.24563134485,100468.0174746206,96206.24563134485,Stop loss,-24.614302046171936,-1.0000000000000002,285,2024,2024-11,340.114553470994,340.114553470994,0.5491310384203875,23.358552667835795,2024-11-21 15:00:00+00:00
S19,114,BTC_V2_SETUP_B,2024-11-29 09:45:00+00:00,2024-11-29 10:00:00+00:00,2024-11-29 15:00:00+00:00,LONG,96477.18640048661,95903.2543980536,98198.98240778563,98198.98240778563,Take profit,59.51889725715885,2.4241218505321322,21,2024,2024-11,57.843053495918866,57.843053495918866,0.23192421136154248,18.540412581631315,2024-11-29 08:00:00+00:00
S19,115,BTC_V2_SETUP_B,2024-12-01 11:45:00+00:00,2024-12-01 11:45:00+00:00,2024-12-01 12:45:00+00:00,LONG,97177.89613715303,96932.41545138785,97914.33819444859,96932.41545138785,Stop loss,-24.70156353419941,-1.0000000000000002,5,2024,2024-12,56.763367214021855,56.763367214021855,0.16258904876017188,21.101449362927017,2024-12-01 10:00:00+00:00
S19,116,BTC_V2_SETUP_B,2024-12-04 09:15:00+00:00,2024-12-04 09:15:00+00:00,2024-12-04 10:30:00+00:00,LONG,96908.95460399581,96693.18158401678,97556.27366393288,96693.18158401678,Stop loss,-24.639809625363903,-0.9999999999999999,6,2024,2024-12,33.81558746455994,33.81558746455994,0.22610588445177127,24.407031503400283,2024-12-04 08:00:00+00:00
S19,117,BTC_V2_SETUP_B,2024-12-05 07:45:00+00:00,2024-12-05 07:45:00+00:00,2024-12-05 15:45:00+00:00,LONG,102605.76297738975,101260.94809044103,106640.20763823591,101260.94809044103,Stop loss,-24.578210101300495,-1.0,33,2024,2024-12,312.1282206593314,312.1282206593314,0.6193182948845393,28.289901734056787,2024-12-05 06:00:00+00:00
S21,1,BTC_V2_SETUP_B,2024-12-20 08:30:00+00:00,2024-12-20 08:30:00+00:00,2024-12-20 12:00:00+00:00,SHORT,96496.34282635778,97857.62869456886,92412.48522172454,92412.48522172454,Take profit,68.38369554194757,2.735347821677903,15,2024,2024-12,-241.9159011861484,241.9159011861484,0.5316336926755862,18.491095674176844,2024-12-20 07:00:00+00:00
S21,2,BTC_V2_SETUP_B,2024-12-21 19:15:00+00:00,2024-12-21 19:15:00+00:00,2024-12-21 20:00:00+00:00,SHORT,96904.86297047058,97526.5481181177,95039.80752752922,97526.5481181177,Stop loss,-25.170959238854866,-0.9999999999999999,4,2024,2024-12,-158.87432440453267,158.87432440453267,0.35330439190648066,31.253410981429106,2024-12-21 18:00:00+00:00
S21,3,BTC_V2_SETUP_B,2024-12-22 19:45:00+00:00,2024-12-22 19:45:00+00:00,2024-12-23 04:00:00+00:00,SHORT,95183.74266765847,95989.02932936614,92767.88268253548,95989.02932936614,Stop loss,-25.108031840757736,-1.0,34,2024,2024-12,-209.06095624924637,209.06095624924637,0.3833761843988445,24.822328137596195,2024-12-22 18:00:00+00:00
S21,4,BTC_V2_SETUP_B,2024-12-23 18:45:00+00:00,2024-12-23 18:45:00+00:00,2024-12-23 21:00:00+00:00,SHORT,92930.62899662685,93694.48401349258,90639.06394602968,93694.48401349258,Stop loss,-25.045261761155835,-0.9999999999999999,10,2024,2024-12,-246.73785922462412,246.73785922462412,0.545871237427228,31.719267377036854,2024-12-23 17:00:00+00:00
S21,5,BTC_V2_SETUP_B,2024-12-26 18:15:00+00:00,2024-12-26 18:30:00+00:00,2024-12-27 02:00:00+00:00,SHORT,95496.84710770808,96225.61156916771,93310.55372332917,96225.61156916771,Stop loss,-24.982648606752953,-1.0000000000000002,31,2024,2024-12,-100.6993813777517,100.6993813777517,0.46360481106494006,24.175982701482546,2024-12-26 17:00:00+00:00
S21,6,BTC_V2_SETUP_B,2025-01-01 09:15:00+00:00,2025-01-01 09:15:00+00:00,2025-01-01 11:30:00+00:00,SHORT,93051.40071853812,93379.39712584754,92067.41149660987,93379.39712584754,Stop loss,-24.92019198523607,-1.0,10,2025,2025-01,-79.48762450541835,79.48762450541835,0.18477382571542347,21.867417075971513,2025-01-01 08:00:00+00:00
S21,7,BTC_V2_SETUP_B,2025-01-03 18:15:00+00:00,2025-01-03 18:15:00+00:00,2025-01-04 01:15:00+00:00,LONG,98282.86949651019,97819.52201395921,99672.91194416312,97819.52201395921,Stop loss,-24.857891505272974,-0.9999999999999999,29,2025,2025-01,97.6591279447166,97.6591279447166,0.3230037351203033,38.172169852740815,2025-01-03 17:00:00+00:00
S21,8,BTC_V2_SETUP_B,2025-01-06 12:15:00+00:00,2025-01-06 12:15:00+00:00,2025-01-06 13:00:00+00:00,LONG,99488.58375526092,99097.66497895637,100661.34008417456,99097.66497895637,Stop loss,-24.795746776509795,-1.0,4,2025,2025-01,113.72822563252703,113.72822563252703,0.2128393363882178,24.773817951489725,2025-01-06 11:00:00+00:00
S21,9,BTC_V2_SETUP_B,2025-01-09 07:30:00+00:00,2025-01-09 07:30:00+00:00,2025-01-09 14:00:00+00:00,SHORT,93693.4911854801,94318.0352580796,91819.8589676816,91819.8589676816,Take profit,61.300888893770946,2.47843010177079,27,2025,2025-01,-143.84422628568427,143.84422628568427,0.3096171513299958,29.05372045511002,2025-01-09 06:00:00+00:00
S21,10,BTC_V2_SETUP_B,2025-01-09 17:45:00+00:00,2025-01-09 17:45:00+00:00,2025-01-10 05:30:00+00:00,SHORT,93394.22611819724,94149.09552721106,91129.6178911558,94149.09552721106,Stop loss,-24.887009631802947,-1.0,48,2025,2025-01,-176.01727977734117,176.01727977734117,0.4660156410106962,23.870270156389807,2025-01-09 16:00:00+00:00
S21,11,BTC_V2_SETUP_B,2025-01-12 09:00:00+00:00,2025-01-12 09:15:00+00:00,2025-01-12 12:00:00+00:00,SHORT,94085.97799181455,94310.08803274183,93413.64786903272,94310.08803274183,Stop loss,-24.82479210772344,-0.9999999999999999,12,2025,2025-01,-57.77582617994631,57.77582617994631,0.1067297477436607,24.98356429729147,2025-01-12 07:00:00+00:00
S21,12,BTC_V2_SETUP_B,2025-01-15 13:30:00+00:00,2025-01-15 13:30:00+00:00,2025-01-15 13:45:00+00:00,LONG,97295.24210438605,96761.03158245579,98897.87367017684,98897.87367017684,Take profit,59.0210910725907,2.3834646167368576,2,2025,2025-01,79.69814026044332,79.69814026044332,0.251791534061169,18.737290346946878,2025-01-15 12:00:00+00:00
S21,13,BTC_V2_SETUP_B,2025-01-15 19:00:00+00:00,2025-01-15 19:00:00+00:00,2025-01-16 08:45:00+00:00,LONG,99492.97905095613,98941.08379617552,101148.66481529796,98941.08379617552,Stop loss,-24.91028285513561,-1.0,56,2025,2025-01,178.4573803483072,178.4573803483072,0.3614787827317647,34.746396593182496,2025-01-15 17:00:00+00:00
S21,14,BTC_V2_SETUP_B,2025-01-16 19:45:00+00:00,2025-01-16 19:45:00+00:00,2025-01-16 22:30:00+00:00,LONG,100050.18415148201,99483.26339407192,101750.94642371227,99483.26339407192,Stop loss,-24.848007147997777,-1.0000000000000002,12,2025,2025-01,140.14366060523025,140.14366060523025,0.42361948671734123,18.715261392125868,2025-01-16 18:00:00+00:00
S21,15,BTC_V2_SETUP_B,2025-01-17 07:15:00+00:00,2025-01-17 07:15:00+00:00,2025-01-17 12:45:00+00:00,LONG,101643.51381749219,101239.94473003123,102854.22107987506,102854.22107987506,Take profit,54.403041984174926,2.1949201050805582,23,2025,2025-01,223.90796913584927,223.90796913584927,0.26607764461189265,24.60106183190562,2025-01-17 06:00:00+00:00
S21,16,BTC_V2_SETUP_B,2025-01-17 19:15:00+00:00,2025-01-17 19:15:00+00:00,2025-01-17 20:45:00+00:00,LONG,105193.47798095972,104672.0880761611,106757.64769535558,104672.0880761611,Stop loss,-24.92189473508822,-1.0000000000000002,7,2025,2025-01,344.7063209661719,344.7063209661719,0.408435343241981,53.12306901945241,2025-01-17 18:00:00+00:00
S21,17,BTC_V2_SETUP_B,2025-01-18 15:45:00+00:00,2025-01-18 15:45:00+00:00,2025-01-18 16:15:00+00:00,LONG,104794.74406177716,103947.02375289133,107337.90498843468,103947.02375289133,Stop loss,-24.8595899982505,-1.0,3,2025,2025-01,253.73573147662682,253.73573147662682,0.3584567473784557,21.801163164096938,2025-01-18 14:00:00+00:00
S21,18,BTC_V2_SETUP_B,2025-01-21 12:15:00+00:00,2025-01-21 12:15:00+00:00,2025-01-21 14:30:00+00:00,LONG,103887.88133606457,103426.47465574171,105272.10137703316,103426.47465574171,Stop loss,-24.797441023254876,-1.0000000000000002,10,2025,2025-01,69.99290944245877,69.99290944245877,0.42133780187109227,26.47407284626292,2025-01-21 11:00:00+00:00
S21,19,BTC_V2_SETUP_B,2025-01-21 18:00:00+00:00,2025-01-21 18:15:00+00:00,2025-01-22 04:30:00+00:00,LONG,106437.22982364928,105352.08070540287,109692.6771783885,105352.08070540287,Stop loss,-24.735447420696733,-0.9999999999999999,42,2025,2025-01,136.15386472817045,136.15386472817045,0.6825127375861049,32.09057554048608,2025-01-21 16:00:00+00:00
S21,20,BTC_V2_SETUP_B,2025-01-24 08:15:00+00:00,2025-01-24 08:15:00+00:00,2025-01-24 14:30:00+00:00,LONG,105246.60705319591,104752.57178721635,106728.7128511346,104752.57178721635,Stop loss,-24.673608802144997,-1.0000000000000002,26,2025,2025-01,102.80195255068247,102.80195255068247,0.3536655743159483,27.7026215686344,2025-01-24 07:00:00+00:00
S21,21,BTC_V2_SETUP_B,2025-01-24 17:30:00+00:00,2025-01-24 17:45:00+00:00,2025-01-24 20:15:00+00:00,LONG,106541.17947078135,105575.28211687459,109438.87153250165,105575.28211687459,Stop loss,-24.611924780139635,-1.0,11,2025,2025-01,133.9455061841436,133.9455061841436,0.3976618622109059,32.64803672654108,2025-01-24 16:00:00+00:00
S21,22,BTC_V2_SETUP_B,2025-01-27 10:45:00+00:00,2025-01-27 10:45:00+00:00,2025-01-27 12:30:00+00:00,SHORT,98581.67490183825,99386.300392647,96167.79842941203,99386.300392647,Stop loss,-24.550394968189288,-1.0000000000000002,8,2025,2025-01,-209.74867971224012,209.74867971224012,0.5128614451549199,57.20921072886445,2025-01-27 09:00:00+00:00
S21,23,BTC_V2_SETUP_B,2025-01-30 09:45:00+00:00,2025-01-30 09:45:00+00:00,2025-01-30 11:00:00+00:00,LONG,105503.08623270551,105100.65506917796,106710.37972328816,105100.65506917796,Stop loss,-24.48901898076881,-1.0,6,2025,2025-01,115.782568390714,115.782568390714,0.24822847208309548,23.342106389316513,2025-01-30 08:00:00+00:00
S21,24,BTC_V2_SETUP_B,2025-02-01 14:00:00+00:00,2025-02-01 14:00:00+00:00,2025-02-01 23:00:00+00:00,SHORT,101814.11109570955,102270.55561716182,100444.77753135274,100444.77753135274,Take profit,55.470297668728776,2.2707859802316532,37,2025,2025-02,-70.92836045179865,70.92836045179865,0.15495176560447113,20.63426266656587,2025-02-01 12:00:00+00:00
S21,25,BTC_V2_SETUP_B,2025-02-02 07:30:00+00:00,2025-02-02 07:30:00+00:00,2025-02-02 16:45:00+00:00,SHORT,99772.94425909361,100334.22296362557,98089.10814549774,98089.10814549774,Take profit,58.87437742186406,2.3965336576007488,38,2025,2025-02,-152.8933474841324,152.8933474841324,0.32147808836771763,33.15907237494907,2025-02-02 06:00:00+00:00
S21,26,BTC_V2_SETUP_B,2025-02-02 17:00:00+00:00,2025-02-02 17:15:00+00:00,2025-02-03 01:15:00+00:00,SHORT,98050.1695271188,98998.32189152483,95205.71243390068,95205.71243390068,Take profit,64.88050806442686,2.6252895361201873,33,2025,2025-02,-191.82932540017646,191.82932540017646,0.3630167024219066,28.951600595910936,2025-02-02 15:00:00+00:00
S21,27,BTC_V2_SETUP_B,2025-02-04 07:45:00+00:00,2025-02-04 07:45:00+00:00,2025-02-04 12:30:00+00:00,SHORT,98649.02234262532,99656.9106294987,95625.35748200519,99656.9106294987,Stop loss,-24.87585939120444,-1.0,20,2025,2025-02,-54.03808283455146,54.03808283455146,0.4656248961391562,32.68629839237445,2025-02-04 06:00:00+00:00
S21,28,BTC_V2_SETUP_B,2025-02-04 14:00:00+00:00,2025-02-04 14:00:00+00:00,2025-02-04 14:30:00+00:00,SHORT,99059.38693425492,99692.45226298037,97160.19094807855,99692.45226298037,Stop loss,-24.81366974272643,-1.0,3,2025,2025-02,-108.04375574656297,108.04375574656297,0.37560419221251723,18.79872193058278,2025-02-04 12:00:00+00:00
S21,29,BTC_V2_SETUP_B,2025-02-06 18:15:00+00:00,2025-02-06 18:15:00+00:00,2025-02-07 01:45:00+00:00,SHORT,96273.65763358002,97091.36946567993,93820.52213728028,97091.36946567993,Stop loss,-24.75163556836961,-1.0,31,2025,2025-02,-116.72818832288613,116.72818832288613,0.44315544891994857,21.928133401005308,2025-02-06 17:00:00+00:00
S21,30,BTC_V2_SETUP_B,2025-02-08 11:30:00+00:00,2025-02-08 11:30:00+00:00,2025-02-08 12:00:00+00:00,SHORT,95892.62094892956,96152.51620428178,95112.93518287288,96152.51620428178,Stop loss,-24.689756479448693,-1.0000000000000002,3,2025,2025-02,-138.67007389343053,138.67007389343053,0.1747437684788807,28.144974424890144,2025-02-08 10:00:00+00:00
S21,31,BTC_V2_SETUP_B,2025-02-09 17:30:00+00:00,2025-02-09 17:30:00+00:00,2025-02-09 20:30:00+00:00,SHORT,96202.90356834678,96637.38572661286,94899.45709354854,96637.38572661286,Stop loss,-24.628032088250066,-1.0,13,2025,2025-02,-96.30141361495771,96.30141361495771,0.18899123553627784,19.548854641923267,2025-02-09 16:00:00+00:00
S21,32,BTC_V2_SETUP_B,2025-02-11 16:30:00+00:00,2025-02-11 16:30:00+00:00,2025-02-12 13:30:00+00:00,SHORT,96489.45478581505,97107.18085673983,94636.27657304071,94636.27657304071,Take profit,60.42955472088477,2.459839544706667,85,2025,2025-02,-27.472659384919098,27.472659384919098,0.30105900390069845,38.86728317806146,2025-02-11 15:00:00+00:00
S21,33,BTC_V2_SETUP_B,2025-02-13 16:30:00+00:00,2025-02-13 16:30:00+00:00,2025-02-13 19:00:00+00:00,SHORT,95372.81983247494,96072.72067010026,93273.11731959898,96072.72067010026,Stop loss,-24.71753589483165,-1.0,11,2025,2025-02,-69.17053218273213,69.17053218273213,0.3810397284763709,31.492011295724726,2025-02-13 15:00:00+00:00
S21,34,BTC_V2_SETUP_B,2025-02-17 07:30:00+00:00,2025-02-17 07:30:00+00:00,2025-02-17 14:00:00+00:00,SHORT,96102.95071322573,96493.19714709707,94932.21141161169,96493.19714709707,Stop loss,-24.65574205509457,-1.0,27,2025,2025-02,-49.70158244862978,49.70158244862978,0.18818767791933605,29.390558410305125,2025-02-17 06:00:00+00:00
S21,35,BTC_V2_SETUP_B,2025-02-21 07:15:00+00:00,2025-02-21 07:15:00+00:00,2025-02-21 07:30:00+00:00,LONG,98497.58645768659,98363.65416925366,98899.38332298538,98363.65416925366,Stop loss,-23.207704663198687,-0.9436288425045659,2,2025,2025-02,74.57546591300343,74.57546591300343,0.11346171410611615,26.75008355686359,2025-02-21 06:00:00+00:00
S21,36,BTC_V2_SETUP_B,2025-02-21 09:15:00+00:00,2025-02-21 09:15:00+00:00,2025-02-21 09:30:00+00:00,LONG,98374.0,98175.46214561381,98969.61356315856,98175.46214561381,Stop loss,-25.074099361954566,-1.0219275388840554,2,2025,2025-02,74.34764054405969,74.34764054405969,0.1145658607296945,20.07885341691108,2025-02-21 08:00:00+00:00
S21,37,BTC_V2_SETUP_B,2025-02-21 11:30:00+00:00,2025-02-21 11:30:00+00:00,2025-02-21 14:30:00+00:00,LONG,98807.36318881287,98479.5472447485,99790.81102100601,98479.5472447485,Stop loss,-24.473398189893953,-1.0,13,2025,2025-02,76.9710381719633,76.9710381719633,0.1693313115718301,30.212575023073335,2025-02-21 10:00:00+00:00
S21,38,BTC_V2_SETUP_B,2025-02-24 19:45:00+00:00,2025-02-24 19:45:00+00:00,2025-02-25 00:00:00+00:00,SHORT,93712.71955984014,94615.12176063945,91005.51295744223,91005.51295744223,Take profit,64.05417247307622,2.623857494081412,18,2025,2025-02,-102.41993031813763,102.41993031813763,0.41126341502657315,28.959917143243686,2025-02-24 18:00:00+00:00
S21,39,BTC_V2_SETUP_B,2025-02-25 14:45:00+00:00,2025-02-25 14:45:00+00:00,2025-02-26 20:15:00+00:00,SHORT,87818.44438238753,89441.22247044985,82950.11011820058,82950.11011820058,Take profit,68.67347067671274,2.7947457335455232,119,2025,2025-02,-345.3639071362122,345.3639071362122,0.7174992635848348,41.38706451601015,2025-02-25 13:00:00+00:00
S21,40,BTC_V2_SETUP_B,2025-02-27 19:15:00+00:00,2025-02-27 19:15:00+00:00,2025-02-28 01:30:00+00:00,SHORT,84083.13174230316,84944.47303078738,81499.10787685048,81499.10787685048,Take profit,65.43347728732861,2.644414318625088,26,2025,2025-02,-360.9938284462114,360.9938284462114,0.5436280534599374,22.375634229733084,2025-02-27 18:00:00+00:00
S21,41,BTC_V2_SETUP_B,2025-02-28 08:15:00+00:00,2025-02-28 08:15:00+00:00,2025-02-28 09:15:00+00:00,SHORT,78525.11772974662,79452.5290810135,75742.88367594597,79452.5290810135,Stop loss,-24.907617495512007,-0.9999999999999999,5,2025,2025-02,-555.7947479022696,555.7947479022696,0.9121181065691168,48.855203152783275,2025-02-28 07:00:00+00:00
S21,42,BTC_V2_SETUP_B,2025-03-03 13:45:00+00:00,2025-03-03 14:00:00+00:00,2025-03-03 14:30:00+00:00,LONG,93689.3078821734,92778.76847130641,96420.92611477435,92778.76847130641,Stop loss,-24.84534845177323,-1.0,3,2025,2025-03,166.18655435512483,166.18655435512483,0.45526744382616985,20.39309886970098,2025-03-03 12:00:00+00:00
S21,43,BTC_V2_SETUP_B,2025-03-04 07:15:00+00:00,2025-03-04 07:15:00+00:00,2025-03-04 09:00:00+00:00,SHORT,83383.35832686,84070.56669255998,81321.73322976008,84070.56669255998,Stop loss,-24.783235080643795,-1.0,8,2025,2025-03,-244.96574555656116,244.96574555656116,0.7104651831787879,31.641951886527437,2025-03-04 06:00:00+00:00
S21,44,BTC_V2_SETUP_B,2025-03-08 08:00:00+00:00,2025-03-08 08:00:00+00:00,2025-03-08 14:30:00+00:00,SHORT,86092.39018220115,86517.43927119538,84817.24291521846,86517.43927119538,Stop loss,-24.721276992942183,-1.0,27,2025,2025-03,-109.92264826563769,109.92264826563769,0.339057491937607,22.942607035799174,2025-03-08 06:00:00+00:00
S21,45,BTC_V2_SETUP_B,2025-03-08 16:30:00+00:00,2025-03-08 16:30:00+00:00,2025-03-09 13:45:00+00:00,SHORT,85847.4632004644,86472.14719814244,83973.41120743025,83973.41120743025,Take profit,62.066081384859395,2.5169264310782675,86,2025,2025-03,-100.93063310399884,100.93063310399884,0.2685912400905947,18.189623735834648,2025-03-08 15:00:00+00:00
S21,46,BTC_V2_SETUP_B,2025-03-10 17:00:00+00:00,2025-03-10 17:00:00+00:00,2025-03-11 04:15:00+00:00,SHORT,78906.73547514179,79904.05809943285,75914.7676022686,79904.05809943285,Stop loss,-24.814639003921975,-1.0,46,2025,2025-03,-246.79729747242527,246.79729747242527,0.8931232473049904,28.81728893411585,2025-03-10 15:00:00+00:00
S21,47,BTC_V2_SETUP_B,2025-03-13 17:00:00+00:00,2025-03-13 17:00:00+00:00,2025-03-13 22:45:00+00:00,SHORT,80605.83341453159,81315.66634187366,78476.33463250539,81315.66634187366,Stop loss,-24.75260240641217,-1.0,24,2025,2025-03,-108.27402414116659,108.27402414116659,0.5240096913714974,21.681765328380237,2025-03-13 15:00:00+00:00
S21,48,BTC_V2_SETUP_B,2025-03-16 19:15:00+00:00,2025-03-16 19:15:00+00:00,2025-03-17 12:00:00+00:00,SHORT,82987.21184477983,83935.15262088068,80143.38951647728,83935.15262088068,Stop loss,-24.69072090039614,-1.0,68,2025,2025-03,-13.049555395511561,13.049555395511561,0.47577402161909516,27.729386430479792,2025-03-16 18:00:00+00:00
S21,49,BTC_V2_SETUP_B,2025-03-18 10:00:00+00:00,2025-03-18 10:00:00+00:00,2025-03-18 13:30:00+00:00,SHORT,82782.6774689616,83233.29012415363,81430.8395033855,81430.8395033855,Take profit,58.6038097494147,2.3794642004412294,15,2025,2025-03,-36.65946734121826,36.65946734121826,0.2734382495751207,19.714706948837897,2025-03-18 08:00:00+00:00
S22,1,BTC_V2_SETUP_B,2025-04-02 20:00:00+00:00,2025-04-02 20:00:00+00:00,2025-04-02 20:00:00+00:00,LONG,87045.57193165064,86168.71227339742,89676.1509064103,86168.71227339742,Stop loss,-25.000000000000004,-1.0000000000000002,1,2025,2025-04,106.93619125377154,106.93619125377154,0.4272208608086539,34.338783901724824,2025-04-02 18:00:00+00:00
S22,2,BTC_V2_SETUP_B,2025-04-03 15:00:00+00:00,2025-04-03 15:00:00+00:00,2025-04-03 21:00:00+00:00,SHORT,81264.43780597662,82426.2487760935,77779.00489562596,82426.2487760935,Stop loss,-24.9375,-1.0,25,2025,2025-04,-75.63786409414024,75.63786409414024,0.4800185022790081,32.69063322340002,2025-04-03 13:00:00+00:00
S22,3,BTC_V2_SETUP_B,2025-04-05 19:45:00+00:00,2025-04-05 19:45:00+00:00,2025-04-05 21:15:00+00:00,SHORT,82834.39028739592,83102.43885041632,82030.2445983347,83102.43885041632,Stop loss,-24.87515625,-1.0,7,2025,2025-04,-52.832211777058546,52.832211777058546,0.18368968556928886,22.75868515995618,2025-04-05 18:00:00+00:00
S22,4,BTC_V2_SETUP_B,2025-04-06 08:00:00+00:00,2025-04-06 08:00:00+00:00,2025-04-06 13:15:00+00:00,SHORT,82991.0311571596,83140.87537136162,82541.49851455353,82541.49851455353,Take profit,39.07327286694003,1.5747117515739348,22,2025,2025-04,-23.586794773989823,23.586794773989823,0.14383100413033165,26.759691758952442,2025-04-06 06:00:00+00:00
S22,5,BTC_V2_SETUP_B,2025-04-06 13:30:00+00:00,2025-04-06 13:30:00+00:00,2025-04-06 17:30:00+00:00,SHORT,82498.5026950661,82831.98921973562,81498.04312105752,81498.04312105752,Take profit,54.97866653706403,2.207034466576622,17,2025,2025-04,-44.4228659246146,44.4228659246146,0.1817374267372584,29.35424735258089,2025-04-06 12:00:00+00:00
S22,6,BTC_V2_SETUP_B,2025-04-07 11:45:00+00:00,2025-04-07 11:45:00+00:00,2025-04-07 12:15:00+00:00,SHORT,76496.96466359864,77312.14134560544,74051.43461757824,77312.14134560544,Stop loss,-25.04809820788502,-1.0000000000000002,3,2025,2025-04,-351.06280310594593,351.06280310594593,0.7583700887091422,21.17680312142198,2025-04-07 10:00:00+00:00
S22,7,BTC_V2_SETUP_B,2025-04-08 19:15:00+00:00,2025-04-08 19:15:00+00:00,2025-04-09 07:15:00+00:00,SHORT,76689.46732779425,77721.13068882302,73594.47724470794,77721.13068882302,Stop loss,-24.9854779623653,-1.0,49,2025,2025-04,-199.23647136674845,199.23647136674845,0.6916123973505014,36.068740556138735,2025-04-08 18:00:00+00:00
S22,8,BTC_V2_SETUP_B,2025-04-12 12:15:00+00:00,2025-04-12 12:15:00+00:00,2025-04-12 13:30:00+00:00,LONG,83650.54025535329,83396.83897858683,84411.64408565266,84411.64408565266,Take profit,50.039870100563434,2.0077776132358816,6,2025,2025-04,111.35591280038352,111.35591280038352,0.20423415327369296,22.99664112856665,2025-04-12 11:00:00+00:00
S22,9,BTC_V2_SETUP_B,2025-04-12 19:00:00+00:00,2025-04-12 19:15:00+00:00,2025-04-12 19:45:00+00:00,LONG,85190.83009061613,84847.67963753549,86220.28144985806,84847.67963753549,Stop loss,-25.0481139427108,-1.0,3,2025,2025-04,162.50352983456105,162.50352983456105,0.3013314532417569,33.01960706548893,2025-04-12 17:00:00+00:00
S22,10,BTC_V2_SETUP_B,2025-04-15 08:15:00+00:00,2025-04-15 08:15:00+00:00,2025-04-15 10:30:00+00:00,LONG,85921.37569613682,85597.49721545269,86893.0111381892,85597.49721545269,Stop loss,-24.98549365785402,-0.9999999999999999,10,2025,2025-04,127.33130823016108,127.33130823016108,0.24158178623079565,30.43166208799709,2025-04-15 07:00:00+00:00
S22,11,BTC_V2_SETUP_B,2025-04-15 13:00:00+00:00,2025-04-15 13:00:00+00:00,2025-04-15 14:15:00+00:00,LONG,85818.42608780564,85408.29564877746,87048.81740489016,85408.29564877746,Stop loss,-24.923029923709386,-1.0,6,2025,2025-04,134.6496000066254,134.6496000066254,0.24300969153541063,18.55055590418924,2025-04-15 11:00:00+00:00
S22,12,BTC_V2_SETUP_B,2025-04-16 14:30:00+00:00,2025-04-16 14:30:00+00:00,2025-04-16 17:45:00+00:00,LONG,84452.78577033972,83682.85691864113,86762.57232543547,83682.85691864113,Stop loss,-24.86072234890011,-1.0,14,2025,2025-04,24.95360580738634,24.95360580738634,0.32685129132158125,19.876838912837997,2025-04-16 13:00:00+00:00
S22,13,BTC_V2_SETUP_B,2025-04-17 18:15:00+00:00,2025-04-17 18:15:00+00:00,2025-04-17 18:45:00+00:00,LONG,85305.4091922631,84969.36323094755,86313.54707620977,84969.36323094755,Stop loss,-24.798570543027864,-1.0,3,2025,2025-04,52.54809413256589,52.54809413256589,0.291005270870871,22.480212718938436,2025-04-17 17:00:00+00:00
S22,14,BTC_V2_SETUP_B,2025-04-19 07:30:00+00:00,2025-04-19 07:30:00+00:00,2025-04-19 16:45:00+00:00,LONG,85214.45531875775,84895.178724969,86172.28510012403,84895.178724969,Stop loss,-24.73657411667029,-0.9999999999999999,38,2025,2025-04,50.82122924394207,50.82122924394207,0.12812378918350134,35.677873800239325,2025-04-19 06:00:00+00:00
S22,15,BTC_V2_SETUP_B,2025-04-21 14:15:00+00:00,2025-04-21 14:15:00+00:00,2025-04-21 17:00:00+00:00,LONG,87717.09030316272,86918.6387873491,90112.44485060358,86918.6387873491,Stop loss,-24.674732681378615,-0.9999999999999999,12,2025,2025-04,129.24788464485027,129.24788464485027,0.344130697773692,23.40439483447711,2025-04-21 13:00:00+00:00
S22,16,BTC_V2_SETUP_B,2025-04-22 07:45:00+00:00,2025-04-22 08:00:00+00:00,2025-04-22 13:00:00+00:00,LONG,88495.0,88136.98712954279,89569.03861137164,89569.03861137164,Take profit,54.34878493658152,2.20812918760718,21,2025,2025-04,156.93445788549434,156.93445788549434,0.2431177041702886,19.34595925550346,2025-04-22 06:00:00+00:00
S22,17,BTC_V2_SETUP_B,2025-04-22 17:45:00+00:00,2025-04-22 17:45:00+00:00,2025-04-22 21:45:00+00:00,LONG,91460.4843379593,90675.0626481628,93816.74940734878,93816.74940734878,Take profit,63.91668967723613,2.5826054360325172,17,2025,2025-04,246.99839000456268,246.99839000456268,0.38274020312815094,52.86327397835603,2025-04-22 16:00:00+00:00
S22,18,BTC_V2_SETUP_B,2025-04-23 08:00:00+00:00,2025-04-23 08:00:00+00:00,2025-04-23 10:00:00+00:00,LONG,94271.6963274627,93518.21469014917,96532.14123940333,93518.21469014917,Stop loss,-24.908709536209717,-1.0,9,2025,2025-04,354.1206198629952,354.1206198629952,0.31217638045559976,46.234696018789194,2025-04-23 06:00:00+00:00
S22,19,BTC_V2_SETUP_B,2025-04-23 13:15:00+00:00,2025-04-23 13:15:00+00:00,2025-04-23 13:30:00+00:00,LONG,94047.33711245548,93610.65155017807,95357.39379928773,93610.65155017807,Stop loss,-24.84643776236919,-1.0,2,2025,2025-04,355.0434585859912,355.0434585859912,0.2624945468671363,25.49465913071182,2025-04-23 12:00:00+00:00
S22,20,BTC_V2_SETUP_B,2025-04-24 16:15:00+00:00,2025-04-24 16:15:00+00:00,2025-04-24 17:00:00+00:00,LONG,93513.67464494241,93148.30142023035,94609.7943190786,93148.30142023035,Stop loss,-24.78432166796327,-1.0,4,2025,2025-04,233.36806034886104,233.36806034886104,0.2925089026066982,35.07473413824684,2025-04-24 15:00:00+00:00
S22,21,BTC_V2_SETUP_B,2025-04-24 19:30:00+00:00,2025-04-24 19:30:00+00:00,2025-04-24 21:15:00+00:00,LONG,93566.0925683008,93196.62972679683,94674.48109281268,93196.62972679683,Stop loss,-24.722360863793355,-0.9999999999999999,8,2025,2025-04,242.36835266467824,242.36835266467824,0.279941164035837,25.31669934256486,2025-04-24 18:00:00+00:00
S22,22,BTC_V2_SETUP_B,2025-04-25 11:15:00+00:00,2025-04-25 11:15:00+00:00,2025-04-25 14:45:00+00:00,LONG,94044.99891581445,93589.00433674219,95412.98265303121,95412.98265303121,Take profit,57.10896197323359,2.315801978588152,15,2025,2025-04,228.45699471251282,228.45699471251282,0.21266370637424226,27.042675912945327,2025-04-25 10:00:00+00:00
S22,23,BTC_V2_SETUP_B,2025-04-25 17:15:00+00:00,2025-04-25 17:15:00+00:00,2025-04-25 17:30:00+00:00,LONG,95572.11752577209,95210.52989691163,96656.88041235348,95210.52989691163,Stop loss,-24.803327366566954,-0.9999999999999997,2,2025,2025-04,276.1528047523025,276.1528047523025,0.3793848973320535,37.55580587698812,2025-04-25 16:00:00+00:00
S22,24,BTC_V2_SETUP_B,2025-04-29 11:15:00+00:00,2025-04-29 11:15:00+00:00,2025-04-29 13:00:00+00:00,LONG,95235.0224901658,94768.91003933681,96633.35984265273,94768.91003933681,Stop loss,-24.74131904815054,-1.0,8,2025,2025-04,126.61784611847543,126.61784611847543,0.18953218565240315,19.784144743106683,2025-04-29 10:00:00+00:00
S22,25,BTC_V2_SETUP_B,2025-04-30 11:30:00+00:00,2025-04-30 11:30:00+00:00,2025-04-30 12:15:00+00:00,LONG,95153.79042493185,94930.8383002726,95822.6467989096,94930.8383002726,Stop loss,-24.679465750530163,-1.0,4,2025,2025-04,94.6195393033122,94.6195393033122,0.14273545002676957,22.555738874415685,2025-04-30 10:00:00+00:00
S22,26,BTC_V2_SETUP_B,2025-05-01 08:30:00+00:00,2025-05-01 08:45:00+00:00,2025-05-01 10:15:00+00:00,LONG,95175.2033887777,94905.18644488916,95985.25422044336,95985.25422044336,Take profit,48.18059701200287,1.957147325481922,7,2025,2025-05,87.41931912543077,87.41931912543077,0.15140485481876512,33.19461791836237,2025-05-01 07:00:00+00:00
S22,27,BTC_V2_SETUP_B,2025-05-01 15:00:00+00:00,2025-05-01 15:00:00+00:00,2025-05-03 08:00:00+00:00,LONG,96970.29399526193,96189.82401895229,99311.70392419086,96189.82401895229,Stop loss,-24.73821857868384,-0.9999999999999999,165,2025,2025-05,134.82049025908054,134.82049025908054,0.315691600171909,39.645438060834856,2025-05-01 13:00:00+00:00
S22,28,BTC_V2_SETUP_B,2025-05-06 10:45:00+00:00,2025-05-06 10:45:00+00:00,2025-05-06 14:15:00+00:00,SHORT,94061.29249352461,94339.83002590155,93225.67989639379,94339.83002590155,Stop loss,-24.67637303223713,-1.0,15,2025,2025-05,-24.044123668660177,24.044123668660177,0.14260822322736064,19.006240595264302,2025-05-06 09:00:00+00:00
S22,29,BTC_V2_SETUP_B,2025-05-07 07:15:00+00:00,2025-05-07 07:15:00+00:00,2025-05-07 17:45:00+00:00,LONG,96686.31699411153,96398.73202355386,97549.07190578454,96398.73202355386,Stop loss,-24.614682099656537,-1.0,43,2025,2025-05,81.79089666299114,81.79089666299114,0.19276473070506667,18.218405619490945,2025-05-07 06:00:00+00:00
S22,30,BTC_V2_SETUP_B,2025-05-08 07:15:00+00:00,2025-05-08 07:15:00+00:00,2025-05-08 15:15:00+00:00,LONG,99189.51241775768,98825.95032896931,100280.19868412279,100280.19868412279,Take profit,52.59957093613748,2.142274241902969,33,2025,2025-05,177.41237899092084,177.41237899092084,0.2120636197384224,32.28832785953252,2025-05-08 06:00:00+00:00
S22,31,BTC_V2_SETUP_B,2025-05-09 10:45:00+00:00,2025-05-09 10:45:00+00:00,2025-05-09 11:15:00+00:00,LONG,103287.1960718697,102860.21571252123,104568.1371499151,102860.21571252123,Stop loss,-24.68464432174774,-1.0,3,2025,2025-05,317.84711918095127,317.84711918095127,0.35240825955425426,24.06883909498344,2025-05-09 09:00:00+00:00
S22,32,BTC_V2_SETUP_B,2025-05-11 09:15:00+00:00,2025-05-11 09:15:00+00:00,2025-05-11 22:30:00+00:00,LONG,104281.0,103765.14734315201,105828.55797054396,103765.14734315201,Stop loss,-24.63433748493477,-1.0004631769141912,54,2025,2025-05,227.3660603040189,227.3660603040189,0.24385553021057846,18.01111288844916,2025-05-11 08:00:00+00:00
S22,33,BTC_V2_SETUP_B,2025-05-13 11:00:00+00:00,2025-05-13 11:15:00+00:00,2025-05-13 14:00:00+00:00,LONG,103619.35972040727,103366.56111837088,104377.75552651644,103366.56111837088,Stop loss,-24.56134686723104,-1.0000000000000002,12,2025,2025-05,93.05319685176073,93.05319685176073,0.2193822077283632,24.056552384510095,2025-05-13 09:00:00+00:00
S22,34,BTC_V2_SETUP_B,2025-05-13 16:15:00+00:00,2025-05-13 16:15:00+00:00,2025-05-14 08:45:00+00:00,LONG,104369.47727770942,103330.09088916231,107487.63644335074,103330.09088916231,Stop loss,-24.499943500062958,-1.0,67,2025,2025-05,128.02888003918633,128.02888003918633,0.3541811748245466,23.753361708269665,2025-05-13 15:00:00+00:00
S22,35,BTC_V2_SETUP_B,2025-05-14 12:45:00+00:00,2025-05-14 12:45:00+00:00,2025-05-14 13:00:00+00:00,LONG,104204.32215330708,103903.71138677168,105106.15445291325,103903.71138677168,Stop loss,-24.438693641312803,-1.0,2,2025,2025-05,101.9035701877583,101.9035701877583,0.19813525490349967,20.3977216378235,2025-05-14 11:00:00+00:00
S22,36,BTC_V2_SETUP_B,2025-05-19 19:45:00+00:00,2025-05-19 19:45:00+00:00,2025-05-20 12:30:00+00:00,LONG,105536.70230475458,104807.19078098169,107725.23687607325,104807.19078098169,Stop loss,-24.377596907209522,-1.0,68,2025,2025-05,94.2452402284689,94.2452402284689,0.33557599246622216,36.48773323304065,2025-05-19 18:00:00+00:00
S22,37,BTC_V2_SETUP_B,2025-05-20 19:45:00+00:00,2025-05-20 19:45:00+00:00,2025-05-21 16:30:00+00:00,LONG,106702.6793926157,105761.28242953723,109526.87028185111,109526.87028185111,Take profit,63.04319916254854,2.5925936181706697,84,2025,2025-05,88.2392781120725,88.2392781120725,0.3505530137784633,28.345090766156645,2025-05-20 18:00:00+00:00
S22,38,BTC_V2_SETUP_B,2025-05-21 19:45:00+00:00,2025-05-21 19:45:00+00:00,2025-05-25 15:30:00+00:00,LONG,108508.16387675962,106709.34449296155,113904.62202815381,106709.34449296155,Stop loss,-24.474260912847868,-1.0,368,2025,2025-05,194.33531160313578,194.33531160313578,0.6316525705973121,26.682668941091208,2025-05-21 18:00:00+00:00
S22,39,BTC_V2_SETUP_B,2025-05-29 11:00:00+00:00,2025-05-29 11:00:00+00:00,2025-05-29 12:30:00+00:00,LONG,108907.62887719892,108438.48449120429,110315.06203518281,108438.48449120429,Stop loss,-24.413075260565748,-1.0,7,2025,2025-05,0.03729499904147815,0.03729499904147815,0.19536940664153063,20.515095087505138,2025-05-29 09:00:00+00:00
S22,40,BTC_V2_SETUP_B,2025-05-30 07:15:00+00:00,2025-05-30 07:30:00+00:00,2025-05-30 10:45:00+00:00,SHORT,105486.52141849595,105915.91432601622,104198.34269593512,105915.91432601622,Stop loss,-24.352042572414337,-1.0000000000000002,14,2025,2025-05,-93.48217607433617,93.48217607433617,0.21745915513982864,22.75087446794024,2025-05-30 06:00:00+00:00
S22,41,BTC_V2_SETUP_B,2025-05-30 16:30:00+00:00,2025-05-30 16:30:00+00:00,2025-06-01 22:00:00+00:00,SHORT,104646.0878754267,105640.6484982932,101662.40600682721,105640.6484982932,Stop loss,-24.291162465983298,-1.0,215,2025,2025-05,-103.97329787581111,103.97329787581111,0.361325243562421,18.23747805280722,2025-05-30 15:00:00+00:00
S22,42,BTC_V2_SETUP_B,2025-06-03 08:30:00+00:00,2025-06-03 08:30:00+00:00,2025-06-03 09:30:00+00:00,SHORT,104976.70677505097,105337.17289979612,103895.30840081554,105337.17289979612,Stop loss,-24.230434559818338,-0.9999999999999999,5,2025,2025-06,-27.567438633021084,27.567438633021084,0.15798875932809298,25.227750623507823,2025-06-03 07:00:00+00:00
S22,43,BTC_V2_SETUP_B,2025-06-04 12:00:00+00:00,2025-06-04 12:00:00+00:00,2025-06-04 15:30:00+00:00,SHORT,105127.53572790629,105549.85708837485,103860.57164650061,105549.85708837485,Stop loss,-24.1698584734188,-1.0000000000000002,15,2025,2025-06,-14.979046397071215,14.979046397071215,0.1609957696927446,21.34003166050038,2025-06-04 10:00:00+00:00
S22,44,BTC_V2_SETUP_B,2025-06-05 16:30:00+00:00,2025-06-05 16:30:00+00:00,2025-06-05 19:15:00+00:00,SHORT,103978.04280272489,104692.82878910046,101833.68484359817,101833.68484359817,Take profit,60.08664023547886,2.4922460090125353,12,2025,2025-06,-38.95975108422863,38.95975108422863,0.3066657174588726,20.49945356658064,2025-06-05 15:00:00+00:00
S22,45,BTC_V2_SETUP_B,2025-06-08 13:45:00+00:00,2025-06-08 13:45:00+00:00,2025-06-08 14:00:00+00:00,LONG,105927.47089022573,105637.11643909708,106798.53424361166,105637.11643909708,Stop loss,-24.259650427823942,-0.9999999999999999,2,2025,2025-06,17.990486019698437,17.990486019698437,0.12218909750616243,23.542646594050996,2025-06-08 12:00:00+00:00
S22,46,BTC_V2_SETUP_B,2025-06-08 16:15:00+00:00,2025-06-08 16:15:00+00:00,2025-06-08 22:15:00+00:00,LONG,106288.05214840113,105962.79140639547,107263.8343744181,105962.79140639547,Stop loss,-24.199001301754386,-1.0000000000000002,25,2025,2025-06,32.85837934118172,32.85837934118172,0.151628362966068,41.50393174040464,2025-06-08 15:00:00+00:00
S22,47,BTC_V2_SETUP_B,2025-06-09 14:45:00+00:00,2025-06-09 14:45:00+00:00,2025-06-09 21:15:00+00:00,LONG,107988.57257281078,107355.70970875688,109887.16116497247,109887.16116497247,Take profit,58.33551490129989,2.4166997005392252,27,2025,2025-06,99.10727378356387,99.10727378356387,0.2700650082150629,46.51912410040505,2025-06-09 13:00:00+00:00
S22,48,BTC_V2_SETUP_B,2025-06-14 10:00:00+00:00,2025-06-14 10:00:00+00:00,2025-06-14 10:30:00+00:00,SHORT,104902.72386987026,105088.10452051897,104346.58191792411,105088.10452051897,Stop loss,-24.28434258575325,-1.0000000000000002,3,2025,2025-06,-68.67345300990564,68.67345300990564,0.11964218900524819,23.3641671811805,2025-06-14 08:00:00+00:00
S22,49,BTC_V2_SETUP_B,2025-06-14 14:45:00+00:00,2025-06-14 14:45:00+00:00,2025-06-14 21:15:00+00:00,SHORT,104918.63552850008,105147.45788599971,104232.16845600116,105147.45788599971,Stop loss,-24.223631729288865,-1.0,27,2025,2025-06,-74.56852222949965,74.56852222949965,0.12129271801966654,24.375692689261033,2025-06-14 13:00:00+00:00
S22,50,BTC_V2_SETUP_B,2025-06-15 11:45:00+00:00,2025-06-15 11:45:00+00:00,2025-06-15 12:00:00+00:00,SHORT,104947.26587784756,105171.93648860975,104273.254045561,105171.93648860975,Stop loss,-24.163072649965642,-1.0,2,2025,2025-06,-51.68120730390365,51.68120730390365,0.12829587442011206,26.44617205014891,2025-06-15 10:00:00+00:00
S22,51,BTC_V2_SETUP_B,2025-06-18 09:45:00+00:00,2025-06-18 09:45:00+00:00,2025-06-18 14:00:00+00:00,SHORT,104673.15476622416,105108.38093510336,103367.47625958659,105108.38093510336,Stop loss,-24.102664968340726,-0.9999999999999999,18,2025,2025-06,-48.35891512937087,48.35891512937087,0.18805840800429016,20.763821306214474,2025-06-18 08:00:00+00:00
S22,52,BTC_V2_SETUP_B,2025-06-19 17:00:00+00:00,2025-06-19 17:00:00+00:00,2025-06-19 17:30:00+00:00,SHORT,103959.9691318647,104432.12347254124,102543.50610983507,104432.12347254124,Stop loss,-24.042408305919874,-1.0,3,2025,2025-06,-66.19190112371871,66.19190112371871,0.1928586588602191,29.524488234075733,2025-06-19 15:00:00+00:00
S22,53,BTC_V2_SETUP_B,2025-06-21 17:30:00+00:00,2025-06-21 17:30:00+00:00,2025-06-21 19:00:00+00:00,SHORT,103412.00004669164,103658.99981323341,102671.00074706631,102671.00074706631,Take profit,43.64666910769291,1.8199532550596687,7,2025,2025-06,-76.0867693299515,76.0867693299515,0.13537074054777753,27.076249059382594,2025-06-21 16:00:00+00:00
S22,54,BTC_V2_SETUP_B,2025-06-22 19:15:00+00:00,2025-06-22 19:30:00+00:00,2025-06-22 22:00:00+00:00,SHORT,99098.37708060852,99908.49167756592,96668.03328973633,99908.49167756592,Stop loss,-24.09141895792431,-1.0000000000000002,11,2025,2025-06,-250.71001822360267,250.71001822360267,0.43582733311459243,31.465797604390346,2025-06-22 18:00:00+00:00
S22,55,BTC_V2_SETUP_B,2025-06-25 13:00:00+00:00,2025-06-25 13:00:00+00:00,2025-06-25 15:30:00+00:00,LONG,107330.25889726497,106947.96441094013,108477.14235623949,106947.96441094013,Stop loss,-24.031190410529497,-1.0,11,2025,2025-06,127.59923249257554,127.59923249257554,0.19121717905648628,18.25611951237683,2025-06-25 11:00:00+00:00
S22,56,BTC_V2_SETUP_B,2025-06-26 07:15:00+00:00,2025-06-26 07:15:00+00:00,2025-06-26 09:00:00+00:00,LONG,107949.40208702863,107718.39165188547,108642.43339245813,107718.39165188547,Stop loss,-23.971112434503176,-1.0,8,2025,2025-06,148.31673093630525,148.31673093630525,0.15574562359020444,29.039948123418355,2025-06-26 06:00:00+00:00
S22,57,BTC_V2_SETUP_B,2025-07-02 13:15:00+00:00,2025-07-02 13:30:00+00:00,2025-07-02 16:00:00+00:00,LONG,107685.050375456,107242.79849817598,109011.80600729608,109011.80600729608,Take profit,52.99749350211349,2.2164311082989414,11,2025,2025-07,50.45005299473996,50.45005299473996,0.14952822712380998,36.68519085413084,2025-07-02 12:00:00+00:00
S22,58,BTC_V2_SETUP_B,2025-07-02 19:00:00+00:00,2025-07-02 19:00:00+00:00,2025-07-02 20:45:00+00:00,LONG,109630.21723212163,109290.13107151345,110650.4757139462,109290.13107151345,Stop loss,-24.0436783871722,-1.0,8,2025,2025-07,99.2207197962125,99.2207197962125,0.27766898321528677,47.49467431899171,2025-07-02 17:00:00+00:00
S22,59,BTC_V2_SETUP_B,2025-07-03 08:30:00+00:00,2025-07-03 08:30:00+00:00,2025-07-03 12:30:00+00:00,LONG,109574.9987458022,109298.00501679121,110405.97993283514,109298.00501679121,Stop loss,-23.983569191204268,-1.0,17,2025,2025-07,106.41642029525246,106.41642029525246,0.14600647644268205,21.310740546124073,2025-07-03 07:00:00+00:00
S22,60,BTC_V2_SETUP_B,2025-07-08 10:15:00+00:00,2025-07-08 10:15:00+00:00,2025-07-08 10:30:00+00:00,LONG,108525.28336798934,108414.86652804266,108856.53388782936,108856.53388782936,Take profit,19.624659746917313,0.8203051097593526,2,2025,2025-07,14.285493202289217,14.285493202289217,0.09737132306178678,19.89864425759549,2025-07-08 09:00:00+00:00
S22,61,BTC_V2_SETUP_B,2025-07-08 17:15:00+00:00,2025-07-08 17:15:00+00:00,2025-07-09 19:30:00+00:00,LONG,108897.17006624502,108260.31973501995,110807.72105992022,110807.72105992022,Take profit,57.90967497637517,2.415653756721012,106,2025,2025-07,26.260005330303102,26.260005330303102,0.22372473450093144,23.953792063381083,2025-07-08 16:00:00+00:00
S22,62,BTC_V2_SETUP_B,2025-07-10 14:15:00+00:00,2025-07-10 14:15:00+00:00,2025-07-10 17:00:00+00:00,LONG,111178.59754536602,110639.60981853592,112795.56072585634,112795.56072585634,Take profit,55.84914144786507,2.315715403887919,12,2025,2025-07,113.13606974443246,113.13606974443246,0.1727280073792054,18.498957489827184,2025-07-10 13:00:00+00:00
S22,63,BTC_V2_SETUP_B,2025-07-11 09:30:00+00:00,2025-07-11 09:30:00+00:00,2025-07-11 11:00:00+00:00,LONG,118284.67250479599,117877.30998081605,119506.76007673582,117877.30998081605,Stop loss,-24.257068958654155,-1.0,7,2025,2025-07,393.7543037302821,393.7543037302821,0.26510994800118926,51.145667777126064,2025-07-11 08:00:00+00:00
S22,64,BTC_V2_SETUP_B,2025-07-13 07:30:00+00:00,2025-07-13 07:30:00+00:00,2025-07-13 08:15:00+00:00,LONG,118034.21972808757,117871.1210876497,118523.51564940116,117871.1210876497,Stop loss,-23.04564673261976,-0.9524401025166533,4,2025,2025-07,257.51098272284435,257.51098272284435,0.08844897969249006,22.822930323187933,2025-07-13 06:00:00+00:00
S22,65,BTC_V2_SETUP_B,2025-07-13 12:00:00+00:00,2025-07-13 12:00:00+00:00,2025-07-13 12:45:00+00:00,LONG,118131.81424228672,117967.74303085309,118624.02787658763,118624.02787658763,Take profit,30.555528574719638,1.2658256901895544,4,2025,2025-07,250.94899608872947,250.94899608872947,0.08151443086232822,18.12022389284587,2025-07-13 10:00:00+00:00
S22,66,BTC_V2_SETUP_B,2025-07-13 19:15:00+00:00,2025-07-13 19:15:00+00:00,2025-07-13 21:30:00+00:00,LONG,119165.22958921829,118823.08164312685,120191.67342749261,118823.08164312685,Stop loss,-24.21520099086277,-1.0,10,2025,2025-07,273.9127565738745,273.9127565738745,0.18853771678496917,36.77409087683759,2025-07-13 18:00:00+00:00
S22,67,BTC_V2_SETUP_B,2025-07-20 14:00:00+00:00,2025-07-20 14:00:00+00:00,2025-07-20 17:45:00+00:00,LONG,118433.37718231851,118096.49127072598,119444.0349170961,118096.49127072598,Stop loss,-24.154662988385617,-1.0000000000000002,16,2025,2025-07,27.282897506607696,27.282897506607696,0.12458825954831558,21.234345870279537,2025-07-20 12:00:00+00:00
S22,68,BTC_V2_SETUP_B,2025-07-20 19:15:00+00:00,2025-07-20 19:15:00+00:00,2025-07-20 19:45:00+00:00,LONG,118592.50951993381,118268.96192026477,119563.15231894092,118268.96192026477,Stop loss,-24.09427633091465,-1.0,3,2025,2025-07,45.37363912102592,45.37363912102592,0.17728161287767094,25.50511258978457,2025-07-20 18:00:00+00:00
S22,69,BTC_V2_SETUP_B,2025-07-21 13:45:00+00:00,2025-07-21 13:45:00+00:00,2025-07-21 16:15:00+00:00,LONG,118738.1347638255,117958.46094469802,121077.15622120793,117958.46094469802,Stop loss,-24.034040640087365,-1.0,11,2025,2025-07,43.69239423298859,43.69239423298859,0.23821565028810657,18.611790513225323,2025-07-21 12:00:00+00:00
S22,70,BTC_V2_SETUP_B,2025-07-22 16:15:00+00:00,2025-07-22 16:15:00+00:00,2025-07-22 16:45:00+00:00,LONG,119301.94667378013,118729.21330487951,121020.14678048198,118729.21330487951,Stop loss,-23.973955538487147,-1.0,3,2025,2025-07,62.51532621633669,62.51532621633669,0.33451016326019106,21.303264199619214,2025-07-22 15:00:00+00:00
S22,71,BTC_V2_SETUP_B,2025-07-24 11:15:00+00:00,2025-07-24 11:15:00+00:00,2025-07-24 14:00:00+00:00,LONG,118752.18228990765,118097.2708403694,120716.91663852241,118097.2708403694,Stop loss,-23.914020649640925,-0.9999999999999999,12,2025,2025-07,15.841124965285417,15.841124965285417,0.23888577120274468,18.651104089971263,2025-07-24 10:00:00+00:00
S22,72,BTC_V2_SETUP_B,2025-07-27 10:45:00+00:00,2025-07-27 10:45:00+00:00,2025-07-27 11:45:00+00:00,LONG,118288.83699395468,118121.65202418127,118790.39190327493,118121.65202418127,Stop loss,-23.020821175917916,-0.9650622037887395,5,2025,2025-07,17.75904035566782,17.75904035566782,0.08179440534840854,21.349146536451126,2025-07-27 09:00:00+00:00
S22,73,BTC_V2_SETUP_B,2025-08-01 08:30:00+00:00,2025-08-01 08:30:00+00:00,2025-08-01 09:15:00+00:00,SHORT,114313.59454594995,115120.62181620023,111892.5127351991,115120.62181620023,Stop loss,-23.79668354507703,-1.0,4,2025,2025-08,-122.21337529801531,122.21337529801531,0.28682117312919303,39.179941923516054,2025-08-01 07:00:00+00:00
S22,74,BTC_V2_SETUP_B,2025-08-01 11:00:00+00:00,2025-08-01 11:00:00+00:00,2025-08-01 11:30:00+00:00,SHORT,114662.35310502708,115065.5875798917,113452.64968043324,115065.5875798917,Stop loss,-23.737191836214336,-1.0,3,2025,2025-08,-138.07618314339197,138.07618314339197,0.27280786283539304,31.718760765809108,2025-08-01 09:00:00+00:00
S22,75,BTC_V2_SETUP_B,2025-08-01 17:15:00+00:00,2025-08-01 17:30:00+00:00,2025-08-04 17:00:00+00:00,SHORT,114443.12368065999,115582.50527736002,111024.97889055991,115582.50527736002,Stop loss,-23.677848856623797,-0.9999999999999999,287,2025,2025-08,-122.55949450141634,122.55949450141634,0.41692616824559614,19.153786997621765,2025-08-01 16:00:00+00:00
S22,76,BTC_V2_SETUP_B,2025-08-09 07:30:00+00:00,2025-08-09 07:30:00+00:00,2025-08-09 10:15:00+00:00,LONG,116906.90133194231,116616.39467223076,117778.42131107696,117778.42131107696,Take profit,43.73690013081613,1.8517947592019064,12,2025,2025-08,43.45248814865772,43.45248814865772,0.13518219903180537,25.6468937653921,2025-08-09 06:00:00+00:00
S22,77,BTC_V2_SETUP_B,2025-08-10 12:15:00+00:00,2025-08-10 12:15:00+00:00,2025-08-10 20:15:00+00:00,LONG,118537.43693646003,118193.25225415992,119569.99098336036,118193.25225415992,Stop loss,-23.727996484809285,-1.0000000000000002,33,2025,2025-08,105.18318971499684,105.18318971499684,0.19300403257007218,18.551325546871393,2025-08-10 11:00:00+00:00
S22,78,BTC_V2_SETUP_B,2025-08-12 15:30:00+00:00,2025-08-12 15:30:00+00:00,2025-08-12 17:45:00+00:00,LONG,119789.27512009516,119237.89951961936,121443.40192152257,119237.89951961936,Stop loss,-23.66867649359726,-1.0,10,2025,2025-08,74.24249596020672,74.24249596020672,0.2884787979186101,29.847953963851428,2025-08-12 14:00:00+00:00
S22,79,BTC_V2_SETUP_B,2025-08-13 10:15:00+00:00,2025-08-13 10:15:00+00:00,2025-08-13 13:45:00+00:00,LONG,120444.27007609616,119964.91969561539,121882.32121753847,121882.32121753847,Take profit,51.85691253828795,2.1964421944630184,15,2025,2025-08,92.93902502307901,92.93902502307901,0.20385911206622603,20.690687979263707,2025-08-13 09:00:00+00:00
S22,80,BTC_V2_SETUP_B,2025-08-18 09:15:00+00:00,2025-08-18 09:15:00+00:00,2025-08-18 12:45:00+00:00,SHORT,114954.15101436357,115418.39594254573,113561.41622981708,115418.39594254573,Stop loss,-23.739147083708982,-0.9999999999999999,15,2025,2025-08,-138.25481080147438,138.25481080147438,0.24087496432583302,62.86319378999468,2025-08-18 08:00:00+00:00
S22,81,BTC_V2_SETUP_B,2025-08-19 07:15:00+00:00,2025-08-19 07:15:00+00:00,2025-08-19 08:45:00+00:00,SHORT,114873.71810411724,115174.12758353104,113972.48966587587,115174.12758353104,Stop loss,-23.679799215999715,-1.0,7,2025,2025-08,-125.0444074402476,125.0444074402476,0.23113018154979678,33.12998265621139,2025-08-19 06:00:00+00:00
S22,82,BTC_V2_SETUP_B,2025-08-21 15:15:00+00:00,2025-08-21 15:15:00+00:00,2025-08-22 02:15:00+00:00,SHORT,112671.73859280562,113449.04562877756,110339.81748488979,113449.04562877756,Stop loss,-23.620599717959717,-1.0,45,2025,2025-08,-141.56967775106023,141.56967775106023,0.3063547851944488,19.6679609604285,2025-08-21 14:00:00+00:00
S22,83,BTC_V2_SETUP_B,2025-08-25 10:30:00+00:00,2025-08-25 10:30:00+00:00,2025-08-25 14:00:00+00:00,SHORT,111060.02735362343,111840.89058550629,108717.43765797485,111840.89058550629,Stop loss,-23.561548218664818,-1.0000000000000002,15,2025,2025-08,-163.02637429597962,163.02637429597962,0.28728297948835824,40.561484288811265,2025-08-25 09:00:00+00:00
S22,84,BTC_V2_SETUP_B,2025-08-27 08:30:00+00:00,2025-08-27 08:30:00+00:00,2025-08-27 09:00:00+00:00,SHORT,110554.5603372264,110882.75865109442,109569.96539562233,110882.75865109442,Stop loss,-23.502644348118157,-1.0,3,2025,2025-08,-111.79786273586797,111.79786273586797,0.18881647266423357,22.96698965888843,2025-08-27 07:00:00+00:00
S22,85,BTC_V2_SETUP_B,2025-08-28 19:45:00+00:00,2025-08-28 19:45:00+00:00,2025-08-28 22:30:00+00:00,SHORT,112000.21495839264,112485.14016642948,110545.4393342821,112485.14016642948,Stop loss,-23.443887737247863,-1.0000000000000002,12,2025,2025-08,-23.548448094472406,23.548448094472406,0.2639125638336287,18.097882052457678,2025-08-28 18:00:00+00:00
S22,86,BTC_V2_SETUP_B,2025-08-31 10:15:00+00:00,2025-08-31 10:15:00+00:00,2025-08-31 15:45:00+00:00,SHORT,108394.44632400612,108788.21470397552,107213.1411840979,108788.21470397552,Stop loss,-23.38527801790474,-1.0,23,2025,2025-08,-128.4036816504813,128.4036816504813,0.13932044697111967,21.37716170472217,2025-08-31 09:00:00+00:00
S22,87,BTC_V2_SETUP_B,2025-09-03 17:15:00+00:00,2025-09-03 17:15:00+00:00,2025-09-04 02:15:00+00:00,LONG,112455.08291065249,111635.66835739001,114913.32657043994,111635.66835739001,Stop loss,-23.326814822859976,-0.9999999999999999,37,2025,2025-09,62.50355012243381,62.50355012243381,0.3039096014534063,33.79886746909968,2025-09-03 16:00:00+00:00
S22,88,BTC_V2_SETUP_B,2025-09-05 12:30:00+00:00,2025-09-05 12:30:00+00:00,2025-09-05 12:30:00+00:00,LONG,112693.1300452187,112224.47981912522,114099.08072349914,112224.47981912522,Stop loss,-23.268497785802833,-1.0000000000000002,1,2025,2025-09,86.86517551544239,86.86517551544239,0.17991697248318692,36.142254180269205,2025-09-05 11:00:00+00:00
S22,89,BTC_V2_SETUP_B,2025-09-08 10:30:00+00:00,2025-09-08 10:45:00+00:00,2025-09-08 11:00:00+00:00,LONG,112156.7769212196,111861.89231512161,113041.43073951355,111861.89231512161,Stop loss,-23.210326541338322,-1.0,2,2025,2025-09,28.16480006747588,28.16480006747588,0.19222019280299124,42.21598274087497,2025-09-08 09:00:00+00:00
S22,90,BTC_V2_SETUP_B,2025-09-10 12:30:00+00:00,2025-09-10 12:30:00+00:00,2025-09-10 13:45:00+00:00,LONG,112707.37578708031,112251.49685167876,114075.01259328495,114075.01259328495,Take profit,51.09218591155022,2.2067865530276958,6,2025,2025-09,53.45035198266851,53.45035198266851,0.16657109244248325,24.20744076416947,2025-09-10 11:00:00+00:00
S22,91,BTC_V2_SETUP_B,2025-09-10 17:15:00+00:00,2025-09-10 17:15:00+00:00,2025-09-10 17:15:00+00:00,LONG,114047.06984754167,113592.72060983331,115410.11756066675,113592.72060983331,Stop loss,-23.28003118976385,-1.0,1,2025,2025-09,121.91521142653073,121.91521142653073,0.22923725616589924,43.63735101786597,2025-09-10 16:00:00+00:00
S22,92,BTC_V2_SETUP_B,2025-09-14 08:45:00+00:00,2025-09-14 08:45:00+00:00,2025-09-14 11:30:00+00:00,LONG,116028.23059555897,115824.07761776414,116640.68952894346,115824.07761776414,Stop loss,-23.22183111178944,-1.0000000000000002,12,2025,2025-09,107.7622358565859,107.7622358565859,0.07292621455845723,20.926743454493707,2025-09-14 07:00:00+00:00
S22,93,BTC_V2_SETUP_B,2025-09-16 08:15:00+00:00,2025-09-16 08:15:00+00:00,2025-09-16 08:30:00+00:00,LONG,115986.95264430968,115754.18942276126,116685.24230895494,115754.18942276126,Stop loss,-23.163776534009966,-1.0,2,2025,2025-09,67.77149638542323,67.77149638542323,0.1543945350076352,19.63903810016824,2025-09-16 07:00:00+00:00
S22,94,BTC_V2_SETUP_B,2025-09-16 17:00:00+00:00,2025-09-16 17:00:00+00:00,2025-09-17 05:45:00+00:00,LONG,116101.9903015987,115765.03879360521,117112.84482557913,117112.84482557913,Take profit,45.62384216846688,1.9745565914265393,52,2025,2025-09,50.4080018739769,50.4080018739769,0.20656906880347894,25.26298944276396,2025-09-16 15:00:00+00:00
S22,95,BTC_V2_SETUP_B,2025-09-20 12:00:00+00:00,2025-09-20 12:00:00+00:00,2025-09-20 18:00:00+00:00,LONG,115988.88015295561,115834.47938817758,116452.08244728968,115834.47938817758,Stop loss,-21.64564444358589,-0.9322012392640627,25,2025,2025-09,7.699829049219261,7.699829049219261,0.06692341978306515,18.05902283223417,2025-09-20 10:00:00+00:00
S22,96,BTC_V2_SETUP_B,2025-09-22 09:15:00+00:00,2025-09-22 09:15:00+00:00,2025-09-22 11:00:00+00:00,SHORT,112494.94104481318,112932.2358207473,111183.05671701083,112932.2358207473,Stop loss,-23.165812586987148,-1.0000000000000002,8,2025,2025-09,-114.97797812377394,114.97797812377394,0.26769096412451343,58.56238356227014,2025-09-22 08:00:00+00:00
S22,97,BTC_V2_SETUP_B,2025-09-22 15:30:00+00:00,2025-09-22 15:30:00+00:00,2025-09-23 08:00:00+00:00,SHORT,112655.32052160663,113178.71791357348,111085.12834570608,113178.71791357348,Stop loss,-23.10789805551968,-1.0000000000000002,67,2025,2025-09,-122.34897651158099,122.34897651158099,0.2604268169916812,25.387828882099253,2025-09-22 14:00:00+00:00
S22,98,BTC_V2_SETUP_B,2025-09-23 19:45:00+00:00,2025-09-23 19:45:00+00:00,2025-09-23 21:15:00+00:00,SHORT,111636.92611278531,112049.29554885876,110399.81780456495,112049.29554885876,Stop loss,-23.050128310380877,-1.0,7,2025,2025-09,-115.79931182853761,115.79931182853761,0.23419412834197045,28.740724346075336,2025-09-23 18:00:00+00:00
S22,99,BTC_V2_SETUP_B,2025-09-25 10:00:00+00:00,2025-09-25 10:00:00+00:00,2025-09-25 17:30:00+00:00,SHORT,111601.0,112198.12829417868,109809.61511746397,109809.61511746397,Take profit,54.59516060147862,2.3744766120574816,31,2025,2025-09,-120.27039801301726,120.27039801301726,0.2111217865979141,28.397116420856776,2025-09-25 08:00:00+00:00
S22,100,BTC_V2_SETUP_B,2025-09-26 10:45:00+00:00,2025-09-26 10:45:00+00:00,2025-09-26 12:30:00+00:00,SHORT,108825.72598582937,109304.09605668251,107390.61577326995,109304.09605668251,Stop loss,-23.12899089110863,-1.0000000000000002,8,2025,2025-09,-189.23153902583,189.23153902583,0.22540565571461207,18.462958447971697,2025-09-26 09:00:00+00:00
S22,101,BTC_V2_SETUP_B,2025-09-27 09:00:00+00:00,2025-09-27 09:00:00+00:00,2025-09-27 10:30:00+00:00,SHORT,109312.39040164514,109428.43839341943,108964.24642632226,109428.43839341943,Stop loss,-19.030472184424923,-0.8248594888230789,7,2025,2025-09,-145.2487556810811,145.2487556810811,0.08433451987997372,20.280175630086323,2025-09-27 07:00:00+00:00
S22,102,BTC_V2_SETUP_B,2025-10-01 14:00:00+00:00,2025-10-01 14:00:00+00:00,2025-10-01 23:15:00+00:00,LONG,116912.65656550752,116410.37373796992,118419.50504812035,118419.50504812035,Take profit,51.67503271465773,2.244438321820566,38,2025,2025-10,194.42740711726947,194.42740711726947,0.2165977651093861,52.03307339180594,2025-10-01 12:00:00+00:00
S22,103,BTC_V2_SETUP_B,2025-10-02 12:30:00+00:00,2025-10-02 12:30:00+00:00,2025-10-02 14:45:00+00:00,LONG,119232.50790848373,118789.96836606506,120560.12653573975,118789.96836606506,Stop loss,-23.152779815206436,-1.0,10,2025,2025-10,254.92287874323665,254.92287874323665,0.14278847482096915,18.560185414049133,2025-10-02 11:00:00+00:00
S22,104,BTC_V2_SETUP_B,2025-10-02 16:00:00+00:00,2025-10-02 16:00:00+00:00,2025-10-03 15:45:00+00:00,LONG,120013.07024512517,119229.7190194993,122363.12392200278,122363.12392200278,Take profit,57.00662652088965,2.4683645215696104,96,2025,2025-10,265.64191730401944,265.64191730401944,0.28451356920520515,21.706316504680665,2025-10-02 14:00:00+00:00
S22,105,BTC_V2_SETUP_B,2025-10-03 19:30:00+00:00,2025-10-03 19:30:00+00:00,2025-10-03 20:00:00+00:00,LONG,122955.96402650829,122355.14389396683,124758.42442413265,122355.14389396683,Stop loss,-23.23741443197065,-1.0000000000000002,3,2025,2025-10,337.18439747688535,337.18439747688535,0.43879262997521523,18.85862918819725,2025-10-03 18:00:00+00:00
S22,106,BTC_V2_SETUP_B,2025-10-06 13:15:00+00:00,2025-10-06 13:15:00+00:00,2025-10-07 02:15:00+00:00,LONG,124870.55737298436,124333.77050806253,126480.91796774985,124333.77050806253,Stop loss,-23.179320895890715,-0.9999999999999999,53,2025,2025-10,252.8005015967792,252.8005015967792,0.20132867825349787,23.98732167637661,2025-10-06 12:00:00+00:00
S22,107,BTC_V2_SETUP_B,2025-10-08 10:45:00+00:00,2025-10-08 11:00:00+00:00,2025-10-08 13:00:00+00:00,LONG,123139.85969647784,122494.56121408862,125075.7551436455,122494.56121408862,Stop loss,-23.121372593650992,-1.0000000000000002,9,2025,2025-10,65.01607921301911,65.01607921301911,0.2578602792918468,29.872784230737686,2025-10-08 09:00:00+00:00
S22,108,BTC_V2_SETUP_B,2025-10-08 16:15:00+00:00,2025-10-08 16:15:00+00:00,2025-10-09 02:30:00+00:00,LONG,122772.07855505252,121916.68577978993,125338.25688084029,121916.68577978993,Stop loss,-23.063569162166864,-1.0,42,2025,2025-10,89.25680641602958,89.25680641602958,0.343511538941346,22.360565034154618,2025-10-08 15:00:00+00:00
S22,109,BTC_V2_SETUP_B,2025-10-11 07:15:00+00:00,2025-10-11 07:15:00+00:00,2025-10-11 13:00:00+00:00,SHORT,111134.79059213914,112609.83763144347,106709.64947422613,112609.83763144347,Stop loss,-23.005910239261446,-1.0,24,2025,2025-10,-383.5266916972323,383.5266916972323,0.6312814612567871,20.520963639663822,2025-10-11 06:00:00+00:00
S22,110,BTC_V2_SETUP_B,2025-10-11 19:15:00+00:00,2025-10-11 19:15:00+00:00,2025-10-12 06:15:00+00:00,SHORT,111419.3211735402,112192.7153058392,109099.1387766432,112192.7153058392,Stop loss,-22.948395463663296,-1.0,45,2025,2025-10,-370.4098870547896,370.4098870547896,0.26278825700528713,23.40861237423066,2025-10-11 18:00:00+00:00
S22,111,BTC_V2_SETUP_B,2025-10-14 09:45:00+00:00,2025-10-14 09:45:00+00:00,2025-10-14 14:15:00+00:00,SHORT,111504.68559889989,112076.25760440048,109789.9695823981,112076.25760440048,Stop loss,-22.89102447500414,-1.0000000000000002,19,2025,2025-10,-225.38480191142298,225.38480191142298,0.32818860665572236,51.29624615209726,2025-10-14 08:00:00+00:00
S22,112,BTC_V2_SETUP_B,2025-10-16 18:15:00+00:00,2025-10-16 18:15:00+00:00,2025-10-16 19:00:00+00:00,SHORT,107733.83118054458,108770.67527782166,104623.29888871335,108770.67527782166,Stop loss,-22.833796913816627,-1.0,4,2025,2025-10,-252.28170772384328,252.28170772384328,0.6145275909070973,29.613366650921726,2025-10-16 17:00:00+00:00
S23,1,BTC_V2_SETUP_B,2025-10-27 16:15:00+00:00,2025-10-27 16:15:00+00:00,2025-10-27 19:30:00+00:00,LONG,115341.02642960665,114813.8942815734,116922.42287370637,114813.8942815734,Stop loss,-25.000000000000004,-1.0000000000000002,14,2025,2025-10,215.02447427604056,215.02447427604056,0.2607374499032395,25.675922383533905,2025-10-27 15:00:00+00:00
S23,2,BTC_V2_SETUP_B,2025-10-28 13:15:00+00:00,2025-10-28 13:15:00+00:00,2025-10-28 14:45:00+00:00,LONG,114852.03709737881,114345.85161048477,116370.59355806094,114345.85161048477,Stop loss,-24.9375,-1.0,7,2025,2025-10,149.46011653491587,149.46011653491587,0.15752030431414724,18.845081484548846,2025-10-28 12:00:00+00:00
S23,3,BTC_V2_SETUP_B,2025-10-30 15:45:00+00:00,2025-10-30 15:45:00+00:00,2025-10-30 16:00:00+00:00,SHORT,107460.67227257529,108064.31090969882,105649.75636120471,108064.31090969882,Stop loss,-24.875156250000003,-1.0000000000000002,2,2025,2025-10,-144.279116102407,144.279116102407,0.4147437062265368,46.7528447926767,2025-10-30 14:00:00+00:00
S23,4,BTC_V2_SETUP_B,2025-11-02 16:00:00+00:00,2025-11-02 16:00:00+00:00,2025-11-02 23:45:00+00:00,SHORT,110083.03153269987,110587.87386920051,108568.50452319793,110587.87386920051,Stop loss,-24.812968359374995,-0.9999999999999999,32,2025,2025-11,-3.4684704438841436,3.4684704438841436,0.19924011698370298,22.970171724087425,2025-11-02 14:00:00+00:00
S23,5,BTC_V2_SETUP_B,2025-11-03 08:30:00+00:00,2025-11-03 08:30:00+00:00,2025-11-03 09:00:00+00:00,SHORT,107183.97922170995,107751.08311316022,105482.66754735913,107751.08311316022,Stop loss,-24.750935938476562,-1.0,3,2025,2025-11,-144.4566869004193,144.4566869004193,0.31751036786341524,55.75296060579813,2025-11-03 07:00:00+00:00
S23,6,BTC_V2_SETUP_B,2025-11-03 14:30:00+00:00,2025-11-03 14:30:00+00:00,2025-11-04 05:45:00+00:00,SHORT,107493.62425145665,108371.50299417337,104859.98802330652,104859.98802330652,Take profit,63.2987199218039,2.5638369186468455,62,2025,2025-11,-143.55866706444067,143.55866706444067,0.3045885878587115,18.912563016936296,2025-11-03 13:00:00+00:00
S23,7,BTC_V2_SETUP_B,2025-11-06 12:45:00+00:00,2025-11-06 12:45:00+00:00,2025-11-06 13:15:00+00:00,SHORT,102402.3890426543,103054.44382938281,100446.22468246873,103054.44382938281,Stop loss,-24.847305398434887,-1.0000000000000002,3,2025,2025-11,-194.37639932996535,194.37639932996535,0.2853006071897393,22.601173947556163,2025-11-06 11:00:00+00:00
S23,8,BTC_V2_SETUP_B,2025-11-06 14:45:00+00:00,2025-11-06 14:45:00+00:00,2025-11-07 19:30:00+00:00,SHORT,102157.78119884674,103155.87520461301,99163.49918154794,103155.87520461301,Stop loss,-24.785187134938795,-1.0,116,2025,2025-11,-196.19365337159252,196.19365337159252,0.3751181081557865,21.217080252373776,2025-11-06 13:00:00+00:00
S23,9,BTC_V2_SETUP_B,2025-11-08 14:15:00+00:00,2025-11-08 14:15:00+00:00,2025-11-08 14:30:00+00:00,SHORT,101541.47759811077,102004.08960755695,100153.64156977223,102004.08960755695,Stop loss,-24.723224167101446,-0.9999999999999999,2,2025,2025-11,-147.52161673322553,147.52161673322553,0.2465719270908798,30.07814953399667,2025-11-08 13:00:00+00:00
S23,10,BTC_V2_SETUP_B,2025-11-13 15:45:00+00:00,2025-11-13 15:45:00+00:00,2025-11-14 04:30:00+00:00,SHORT,101537.9126968805,103068.34921247794,96946.6031500882,96946.6031500882,Take profit,67.8496053084484,2.751245306227971,52,2025,2025-11,-62.54432263922354,62.54432263922354,0.5333826228632493,22.155463928955847,2025-11-13 14:00:00+00:00
S23,11,BTC_V2_SETUP_B,2025-11-14 11:30:00+00:00,2025-11-14 11:30:00+00:00,2025-11-14 15:45:00+00:00,SHORT,96330.67085825566,96993.31656697737,94342.73373209052,96993.31656697737,Stop loss,-24.831040119954817,-1.0,18,2025,2025-11,-306.1459899439069,306.1459899439069,0.48355062636605983,50.164181853008756,2025-11-14 10:00:00+00:00
S23,12,BTC_V2_SETUP_B,2025-11-14 18:45:00+00:00,2025-11-14 18:45:00+00:00,2025-11-15 03:00:00+00:00,SHORT,95169.3164423127,96398.73423074918,91481.06307700327,96398.73423074918,Stop loss,-24.768962519654934,-1.0,34,2025,2025-11,-326.227490630321,326.227490630321,0.6648736753290606,26.038900472316293,2025-11-14 17:00:00+00:00
S23,13,BTC_V2_SETUP_B,2025-11-16 13:30:00+00:00,2025-11-16 13:30:00+00:00,2025-11-16 17:45:00+00:00,SHORT,95318.4411487926,95840.23540482961,93753.05838068156,93753.05838068156,Take profit,58.86269937294943,2.3824261871469674,18,2025,2025-11,-213.06469328023377,213.06469328023377,0.2634539795972659,23.04513693776176,2025-11-16 12:00:00+00:00
S23,14,BTC_V2_SETUP_B,2025-11-17 16:15:00+00:00,2025-11-17 16:15:00+00:00,2025-11-19 17:30:00+00:00,SHORT,93051.65251340829,94422.38994636685,88939.44021453262,88939.44021453262,Take profit,68.24571948319269,2.745842879683486,198,2025,2025-11,-219.88776096080255,219.88776096080255,0.6305456586750746,20.058458934182386,2025-11-17 15:00:00+00:00
S23,15,BTC_V2_SETUP_B,2025-11-19 19:45:00+00:00,2025-11-19 19:45:00+00:00,2025-11-19 20:15:00+00:00,SHORT,88556.70808050298,89189.16767798807,86659.32928804774,89189.16767798807,Stop loss,-25.02481116049615,-0.9999999999999999,3,2025,2025-11,-307.9090604668745,307.9090604668745,0.5257650955286763,35.05537115162791,2025-11-19 18:00:00+00:00
S23,16,BTC_V2_SETUP_B,2025-11-20 15:15:00+00:00,2025-11-20 15:15:00+00:00,2025-11-20 17:00:00+00:00,SHORT,90240.89355110742,91242.42579557029,87236.29681771882,87236.29681771882,Take profit,66.63747710673212,2.6695301674446883,8,2025,2025-11,-186.4661762323667,186.4661762323667,0.5338600131230962,21.045150950604594,2025-11-20 14:00:00+00:00
S23,17,BTC_V2_SETUP_B,2025-11-21 07:30:00+00:00,2025-11-21 07:30:00+00:00,2025-11-21 07:30:00+00:00,SHORT,85049.75714904575,85727.97140381702,83015.11438473193,83015.11438473193,Take profit,64.19117357811739,2.554481876631871,1,2025,2025-11,-421.39438505860744,421.39438505860744,0.4758209565441149,45.59687660712242,2025-11-21 06:00:00+00:00
S23,18,BTC_V2_SETUP_B,2025-11-25 14:45:00+00:00,2025-11-25 14:45:00+00:00,2025-11-25 17:00:00+00:00,SHORT,86497.02699791,87272.89200836001,84169.43196655996,87272.89200836001,Stop loss,-25.28932075930704,-1.0000000000000002,10,2025,2025-11,-89.39995391700359,89.39995391700359,0.3690150764113477,20.069740087996628,2025-11-25 13:00:00+00:00
S23,19,BTC_V2_SETUP_B,2025-11-25 19:00:00+00:00,2025-11-25 19:00:00+00:00,2025-11-25 23:00:00+00:00,SHORT,87169.59463810203,87737.62144759185,85465.51420963257,87737.62144759185,Stop loss,-25.22609745740876,-0.9999999999999999,17,2025,2025-11,-97.04956532832875,97.04956532832875,0.42214616906075547,20.12783296625755,2025-11-25 17:00:00+00:00
S23,20,BTC_V2_SETUP_B,2025-11-26 12:15:00+00:00,2025-11-26 12:15:00+00:00,2025-11-26 14:00:00+00:00,SHORT,86552.51824287085,87181.92702851661,84664.29188593356,87181.92702851661,Stop loss,-25.163032213765245,-1.0000000000000002,8,2025,2025-11,-75.81543455545034,75.81543455545034,0.26527787831320787,22.288657167708667,2025-11-26 11:00:00+00:00
S23,21,BTC_V2_SETUP_B,2025-11-27 16:15:00+00:00,2025-11-27 16:15:00+00:00,2025-11-28 02:00:00+00:00,LONG,91250.43880272651,90789.24478909398,92634.0208436241,90789.24478909398,Stop loss,-25.10012463323083,-1.0,40,2025,2025-11,97.73352675836941,97.73352675836941,0.27273889373352,30.29470110770002,2025-11-27 15:00:00+00:00
S23,22,BTC_V2_SETUP_B,2025-11-30 12:45:00+00:00,2025-11-30 12:45:00+00:00,2025-11-30 18:00:00+00:00,LONG,91470.18200867642,91189.2719652943,92312.91213882276,91189.2719652943,Stop loss,-25.037374321647757,-1.0000000000000002,22,2025,2025-11,57.75702805488254,57.75702805488254,0.17894145756486043,34.40446794448244,2025-11-30 11:00:00+00:00
S23,23,BTC_V2_SETUP_B,2025-12-01 11:15:00+00:00,2025-12-01 11:15:00+00:00,2025-12-01 12:30:00+00:00,SHORT,86467.43596436846,86740.25614252617,85648.97542989533,85648.97542989533,Take profit,50.89138858095926,2.0377111140064437,6,2025,2025-12,-164.91004929182236,164.91004929182236,0.26743219702461535,39.497250321435224,2025-12-01 10:00:00+00:00
S23,24,BTC_V2_SETUP_B,2025-12-01 15:15:00+00:00,2025-12-01 15:15:00+00:00,2025-12-01 21:15:00+00:00,SHORT,85577.57086883232,86374.71652467069,83186.13390131723,86374.71652467069,Stop loss,-25.102009357296037,-1.0000000000000002,25,2025,2025-12,-186.14054777710408,186.14054777710408,0.4305771166017903,35.6087139153324,2025-12-01 14:00:00+00:00
S23,25,BTC_V2_SETUP_B,2025-12-03 10:00:00+00:00,2025-12-03 10:15:00+00:00,2025-12-03 11:15:00+00:00,LONG,93228.2949723953,92742.82011041879,94684.71955832485,92742.82011041879,Stop loss,-25.039254333902797,-1.0,5,2025,2025-12,191.013487236909,191.013487236909,0.3067590642768768,20.601680865003853,2025-12-03 08:00:00+00:00
S23,26,BTC_V2_SETUP_B,2025-12-07 08:15:00+00:00,2025-12-07 08:15:00+00:00,2025-12-07 08:30:00+00:00,SHORT,89214.35329967106,89439.58680131575,88538.65279473699,89439.58680131575,Stop loss,-24.97665619806804,-1.0,2,2025,2025-12,-39.328392206007265,39.328392206007265,0.14898572902377658,18.70891913774953,2025-12-07 07:00:00+00:00
S23,27,BTC_V2_SETUP_B,2025-12-07 09:30:00+00:00,2025-12-07 09:45:00+00:00,2025-12-07 12:45:00+00:00,SHORT,89110.5828798915,89443.66848043399,88111.32607826404,89443.66848043399,Stop loss,-24.914214557572866,-0.9999999999999999,13,2025,2025-12,-42.94701516912028,42.94701516912028,0.1662975484792436,18.886597482849837,2025-12-07 08:00:00+00:00
S23,28,BTC_V2_SETUP_B,2025-12-08 10:45:00+00:00,2025-12-08 10:45:00+00:00,2025-12-08 11:30:00+00:00,LONG,92206.83407730037,91927.66369079851,93044.34523680597,91927.66369079851,Stop loss,-24.851929021178933,-0.9999999999999999,4,2025,2025-12,63.84777347675117,63.84777347675117,0.23502271899804744,41.28575973380291,2025-12-08 09:00:00+00:00
S23,29,BTC_V2_SETUP_B,2025-12-13 11:45:00+00:00,2025-12-13 11:45:00+00:00,2025-12-14 11:00:00+00:00,SHORT,90359.72134732654,90572.11461069384,89722.54155722466,89722.54155722466,Take profit,44.78469967935439,1.8065777508127878,94,2025,2025-12,-28.659325967295445,28.659325967295445,0.09468769056278412,25.653570130624594,2025-12-13 10:00:00+00:00
S23,30,BTC_V2_SETUP_B,2025-12-14 14:45:00+00:00,2025-12-14 14:45:00+00:00,2025-12-15 02:00:00+00:00,SHORT,88929.78095379967,89471.87618480131,87303.49526079473,89471.87618480131,Stop loss,-24.90176094782437,-1.0,46,2025,2025-12,-58.53412391294842,58.53412391294842,0.2746285078625345,50.50339321789554,2025-12-14 13:00:00+00:00
S23,31,BTC_V2_SETUP_B,2025-12-16 07:45:00+00:00,2025-12-16 07:45:00+00:00,2025-12-16 10:00:00+00:00,SHORT,85868.63053356082,86413.47786575674,84234.08853697307,86413.47786575674,Stop loss,-24.83950654545481,-1.0,10,2025,2025-12,-193.02143435255857,193.02143435255857,0.28806060570289604,25.209914659359427,2025-12-16 06:00:00+00:00
S23,32,BTC_V2_SETUP_B,2025-12-17 09:00:00+00:00,2025-12-17 09:15:00+00:00,2025-12-17 10:00:00+00:00,SHORT,86285.3437665304,86595.62493387841,85354.50026448634,86595.62493387841,Stop loss,-24.777407779091174,-1.0,4,2025,2025-12,-120.96915295172948,120.96915295172948,0.269935816717847,18.532253321759075,2025-12-17 07:00:00+00:00
S23,33,BTC_V2_SETUP_B,2025-12-17 18:45:00+00:00,2025-12-17 18:45:00+00:00,2025-12-18 02:15:00+00:00,SHORT,85749.37350539476,86778.50597842097,82661.97608631612,86778.50597842097,Stop loss,-24.715464259643444,-1.0,31,2025,2025-12,-74.81108843340189,74.81108843340189,0.6665384792131018,22.565538701749276,2025-12-17 17:00:00+00:00
S23,34,BTC_V2_SETUP_B,2025-12-18 19:15:00+00:00,2025-12-18 19:15:00+00:00,2025-12-19 03:15:00+00:00,SHORT,85413.71897930525,86612.12408277896,81818.50366888414,86612.12408277896,Stop loss,-24.653675598994337,-1.0,33,2025,2025-12,-57.9830379467021,57.9830379467021,0.7074343681604792,33.092103164410375,2025-12-18 18:00:00+00:00
S23,35,BTC_V2_SETUP_B,2025-12-24 08:00:00+00:00,2025-12-24 08:00:00+00:00,2025-12-24 11:00:00+00:00,SHORT,86840.72225668507,87141.11097325975,85939.55610696101,87141.11097325975,Stop loss,-24.59204140999685,-1.0,13,2025,2025-12,-57.051633227441926,57.051633227441926,0.21364981726973678,26.738951415237807,2025-12-24 06:00:00+00:00
S23,36,BTC_V2_SETUP_B,2025-12-27 13:30:00+00:00,2025-12-27 13:30:00+00:00,2025-12-27 14:30:00+00:00,SHORT,87352.76665966224,87435.93336135104,87103.26655459586,87435.93336135104,Stop loss,-19.15890472711543,-0.7810218644308301,5,2025,2025-12,-21.77192050953454,21.77192050953454,0.07402674888408953,20.69232989058852,2025-12-27 12:00:00+00:00
S23,37,BTC_V2_SETUP_B,2025-12-31 14:00:00+00:00,2025-12-31 14:00:00+00:00,2025-12-31 14:30:00+00:00,LONG,88936.99028850591,88611.03884597633,89914.84461609465,88611.03884597633,Stop loss,-24.482664044654076,-1.0000000000000002,3,2025,2025-12,35.11294404049113,35.11294404049113,0.1347949708801986,27.409718821707408,2025-12-31 12:00:00+00:00
S23,38,BTC_V2_SETUP_B,2026-01-02 08:15:00+00:00,2026-01-02 08:15:00+00:00,2026-01-02 14:15:00+00:00,LONG,88969.20577026847,88663.17691892612,89887.2923242955,88663.17691892612,Stop loss,-24.421457384542435,-1.0,25,2026,2026-01,37.38479754178843,37.38479754178843,0.1620075153664605,25.46315857366946,2026-01-02 07:00:00+00:00
S23,39,BTC_V2_SETUP_B,2026-01-02 16:30:00+00:00,2026-01-02 16:30:00+00:00,2026-01-05 14:45:00+00:00,LONG,90144.13308985192,89064.4676405923,93383.1294376308,93383.1294376308,Take profit,65.56900977387508,2.6916224571147116,282,2026,2026-01,65.52854920264508,65.52854920264508,0.4473175034032422,29.907093828715198,2026-01-02 15:00:00+00:00
S23,40,BTC_V2_SETUP_B,2026-01-05 15:45:00+00:00,2026-01-05 15:45:00+00:00,2026-01-06 07:45:00+00:00,LONG,93958.8819175218,93135.47232991282,96429.1106803487,93135.47232991282,Stop loss,-24.524326265515768,-1.0,65,2026,2026-01,169.9139525766368,169.9139525766368,0.33853258135724745,25.291830261104526,2026-01-05 14:00:00+00:00
S23,41,BTC_V2_SETUP_B,2026-01-13 08:45:00+00:00,2026-01-13 08:45:00+00:00,2026-01-13 12:00:00+00:00,LONG,92088.96539076556,91806.13843693776,92937.44625224895,91806.13843693776,Stop loss,-24.463015449851984,-1.0,14,2026,2026-01,39.87319504095649,39.87319504095649,0.19483626568638585,32.857315676997494,2026-01-13 07:00:00+00:00
S23,42,BTC_V2_SETUP_B,2026-01-14 08:00:00+00:00,2026-01-14 08:00:00+00:00,2026-01-14 11:45:00+00:00,LONG,95215.50123570635,94790.99505717459,96489.01977130165,94790.99505717459,Stop loss,-24.401857911227353,-1.0,16,2026,2026-01,189.90104978258023,189.90104978258023,0.24166829245767998,20.96958812269375,2026-01-14 06:00:00+00:00
S23,43,BTC_V2_SETUP_B,2026-01-14 19:30:00+00:00,2026-01-14 19:30:00+00:00,2026-01-15 00:30:00+00:00,LONG,97605.76710660903,96601.93157356387,100617.2737057445,96601.93157356387,Stop loss,-24.340853266449287,-1.0,21,2026,2026-01,249.33837214870437,249.33837214870437,0.4871506642828638,22.362210931688914,2026-01-14 18:00:00+00:00
S23,44,BTC_V2_SETUP_B,2026-01-15 14:15:00+00:00,2026-01-15 14:15:00+00:00,2026-01-15 14:15:00+00:00,LONG,97117.8345282521,96713.66188699155,98330.35245203375,96713.66188699155,Stop loss,-24.280001133283164,-1.0,1,2026,2026-01,205.41215588602063,205.41215588602063,0.20255034656843024,18.91648981095193,2026-01-15 13:00:00+00:00
S23,45,BTC_V2_SETUP_B,2026-01-20 13:15:00+00:00,2026-01-20 13:15:00+00:00,2026-01-20 14:30:00+00:00,SHORT,90790.19438101648,91250.22247593409,89410.11009626366,91250.22247593409,Stop loss,-24.219301130449953,-1.0,6,2026,2026-01,-130.02337183970667,130.02337183970667,0.21590195265037032,42.18131609939552,2026-01-20 12:00:00+00:00
S23,46,BTC_V2_SETUP_B,2026-01-20 17:45:00+00:00,2026-01-20 17:45:00+00:00,2026-01-23 17:15:00+00:00,SHORT,89557.83781407926,90487.64874368295,86768.4050252682,90487.64874368295,Stop loss,-24.158752877623833,-1.0000000000000002,287,2026,2026-01,-147.542753407266,147.542753407266,0.40551455570103523,38.455264422733464,2026-01-20 16:00:00+00:00
S23,47,BTC_V2_SETUP_B,2026-01-25 16:00:00+00:00,2026-01-25 16:00:00+00:00,2026-01-25 18:30:00+00:00,SHORT,88265.54853305253,88639.80586778991,87142.77652884038,87142.77652884038,Take profit,53.90726953106771,2.236968760080197,11,2026,2026-01,-101.57816980821372,101.57816980821372,0.14607150096742047,22.233944986979143,2026-01-25 14:00:00+00:00
S23,48,BTC_V2_SETUP_B,2026-01-27 13:15:00+00:00,2026-01-27 13:15:00+00:00,2026-01-27 13:30:00+00:00,SHORT,87782.25042900757,87932.9982839697,87330.00686412118,87932.9982839697,Stop loss,-24.23312416925744,-1.0,2,2026,2026-01,-87.09185991002596,87.09185991002596,0.13096972647891728,25.71632884241586,2026-01-27 12:00:00+00:00
S23,49,BTC_V2_SETUP_B,2026-01-27 17:45:00+00:00,2026-01-27 17:45:00+00:00,2026-01-27 18:45:00+00:00,SHORT,87201.95250889481,87976.18996442074,84879.24014231702,87976.18996442074,Stop loss,-24.172541358834298,-1.0000000000000002,5,2026,2026-01,-78.16874388798897,78.16874388798897,0.39075104246598963,22.06047131134654,2026-01-27 16:00:00+00:00
S23,50,BTC_V2_SETUP_B,2026-01-29 08:15:00+00:00,2026-01-29 08:15:00+00:00,2026-01-29 08:30:00+00:00,SHORT,87830.06892983147,88318.72428067416,86364.1028773034,88318.72428067416,Stop loss,-24.112110005437216,-1.0000000000000002,2,2026,2026-01,-61.96188401863037,61.96188401863037,0.20335090719472132,39.403845927157484,2026-01-29 07:00:00+00:00
S23,51,BTC_V2_SETUP_B,2026-01-29 10:00:00+00:00,2026-01-29 10:00:00+00:00,2026-01-29 14:45:00+00:00,SHORT,87745.30509727578,88024.77961089686,86906.88155641253,86906.88155641253,Take profit,49.17598474101623,2.044583937778862,20,2026,2026-01,-60.98713890401996,60.98713890401996,0.22095133607310763,37.2274856346342,2026-01-29 08:00:00+00:00
S23,52,BTC_V2_SETUP_B,2026-01-30 09:30:00+00:00,2026-01-30 09:45:00+00:00,2026-01-30 10:45:00+00:00,SHORT,82133.47958474315,82752.08166102738,80277.67335589048,82752.08166102738,Stop loss,-24.174769692276158,-1.0,5,2026,2026-01,-287.6333983967197,287.6333983967197,0.40159992359205376,21.806436761449095,2026-01-30 08:00:00+00:00
S23,53,BTC_V2_SETUP_B,2026-01-30 15:30:00+00:00,2026-01-30 15:30:00+00:00,2026-01-30 18:45:00+00:00,SHORT,82464.13800128447,83569.4479948621,79148.2080205516,83569.4479948621,Stop loss,-24.114332768045468,-1.0,14,2026,2026-01,-264.3485582590947,264.3485582590947,0.5299685760644948,20.32341416891997,2026-01-30 14:00:00+00:00
S23,54,BTC_V2_SETUP_B,2026-01-31 13:00:00+00:00,2026-01-31 13:00:00+00:00,2026-01-31 14:15:00+00:00,SHORT,82575.14822462248,82892.40710151012,81623.37159395954,81623.37159395954,Take profit,52.29911113965741,2.1742333536862133,6,2026,2026-01,-208.96249028347665,208.96249028347665,0.23848403237784693,41.77611662479679,2026-01-31 11:00:00+00:00
S23,55,BTC_V2_SETUP_B,2026-02-03 14:45:00+00:00,2026-02-03 14:45:00+00:00,2026-02-03 17:30:00+00:00,SHORT,77588.52846281516,78411.8861487394,75118.45540504242,75118.45540504242,Take profit,64.22711415460142,2.6556815930916136,12,2026,2026-02,-218.11721567751374,218.11721567751374,0.37199026257227713,27.192333772978266,2026-02-03 13:00:00+00:00
S23,56,BTC_V2_SETUP_B,2026-02-04 13:30:00+00:00,2026-02-04 13:30:00+00:00,2026-02-04 14:45:00+00:00,SHORT,75633.36451624491,76127.54193502036,74150.83225991856,74150.83225991856,Take profit,60.11584366578103,2.469293429800395,6,2026,2026-02,-255.8320974995877,255.8320974995877,0.33365858421919364,22.118964139207108,2026-02-04 12:00:00+00:00
S23,57,BTC_V2_SETUP_B,2026-02-05 11:00:00+00:00,2026-02-05 11:15:00+00:00,2026-02-05 15:15:00+00:00,SHORT,70498.18126622733,71687.27493509071,66930.90025963719,66930.90025963719,Take profit,68.00554841086911,2.7762293532573685,17,2026,2026-02,-440.0990963091317,440.0990963091317,0.701827723119537,24.86612935863869,2026-02-05 09:00:00+00:00
S23,58,BTC_V2_SETUP_B,2026-02-05 18:00:00+00:00,2026-02-05 18:00:00+00:00,2026-02-06 00:00:00+00:00,SHORT,65979.22044621022,67591.11821515908,61143.527139363665,61143.527139363665,Take profit,70.11914494806177,2.842783365597719,25,2026,2026-02,-512.999699716238,512.999699716238,1.4166607246834069,37.760426252651406,2026-02-05 16:00:00+00:00
S23,59,BTC_V2_SETUP_B,2026-02-07 17:00:00+00:00,2026-02-07 17:00:00+00:00,2026-02-07 18:30:00+00:00,SHORT,68764.51655218173,69514.93379127313,66513.26483490752,69514.93379127313,Stop loss,-24.840963841922775,-1.0,7,2026,2026-02,-303.57829678802227,303.57829678802227,0.7105301473759597,20.2609406159295,2026-02-07 15:00:00+00:00
S23,60,BTC_V2_SETUP_B,2026-02-09 14:00:00+00:00,2026-02-09 14:00:00+00:00,2026-02-09 14:30:00+00:00,SHORT,68536.35090418698,69272.59638325206,66327.61446699174,69272.59638325206,Stop loss,-24.77886143231797,-1.0000000000000002,3,2026,2026-02,-194.87477444192336,194.87477444192336,0.4857291675934388,36.32418521094571,2026-02-09 12:00:00+00:00
S23,61,BTC_V2_SETUP_B,2026-02-11 13:15:00+00:00,2026-02-11 13:15:00+00:00,2026-02-11 13:30:00+00:00,SHORT,66809.57420533778,67241.70317864887,65513.18728540451,67241.70317864887,Stop loss,-24.71691427873717,-1.0,2,2026,2026-02,-231.21332450582122,231.21332450582122,0.4014230512988867,34.82511743581859,2026-02-11 12:00:00+00:00
S23,62,BTC_V2_SETUP_B,2026-02-12 18:30:00+00:00,2026-02-12 18:30:00+00:00,2026-02-12 19:15:00+00:00,SHORT,65111.13810609754,65859.44757560983,62866.209697560684,65859.44757560983,Stop loss,-24.65512199304033,-1.0,4,2026,2026-02,-179.89438589679776,179.89438589679776,0.7619102663864734,39.61637881893873,2026-02-12 17:00:00+00:00
S23,63,BTC_V2_SETUP_B,2026-02-15 17:45:00+00:00,2026-02-15 17:45:00+00:00,2026-02-16 12:15:00+00:00,SHORT,68789.58728735744,69074.65085057027,67934.39659771897,69074.65085057027,Stop loss,-24.593484188057726,-0.9999999999999999,75,2026,2026-02,-25.782001682193368,25.782001682193368,0.30269513495830014,47.729652162758235,2026-02-15 16:00:00+00:00
S23,64,BTC_V2_SETUP_B,2026-02-16 19:00:00+00:00,2026-02-16 19:15:00+00:00,2026-02-16 20:15:00+00:00,SHORT,67792.13205654996,68153.47177380016,66708.11290479936,68153.47177380016,Stop loss,-24.53200047758758,-0.9999999999999999,5,2026,2026-02,-68.92809698096244,68.92809698096244,0.4089210329231726,20.502662446076705,2026-02-16 17:00:00+00:00
S23,65,BTC_V2_SETUP_B,2026-02-17 07:30:00+00:00,2026-02-17 07:30:00+00:00,2026-02-17 07:30:00+00:00,SHORT,68166.28114363001,68412.87542547997,67426.49829808013,68412.87542547997,Stop loss,-24.470670476393618,-1.0000000000000002,1,2026,2026-02,-40.01670253871998,40.01670253871998,0.285110782973266,24.104152966381132,2026-02-17 06:00:00+00:00
S23,66,BTC_V2_SETUP_B,2026-02-17 10:30:00+00:00,2026-02-17 10:30:00+00:00,2026-02-17 12:30:00+00:00,SHORT,67758.19600324414,68180.21598702343,66492.13605190627,68180.21598702343,Stop loss,-24.409493800202632,-1.0,9,2026,2026-02,-50.034994455447304,50.034994455447304,0.2593988437200683,30.378000384830543,2026-02-17 09:00:00+00:00
S23,67,BTC_V2_SETUP_B,2026-02-17 17:45:00+00:00,2026-02-17 17:45:00+00:00,2026-02-17 18:15:00+00:00,SHORT,66915.35029825868,67537.59880696528,65048.604772138875,67537.59880696528,Stop loss,-24.348470065702127,-1.0,3,2026,2026-02,-80.79961605474818,80.79961605474818,0.5868911245577878,20.365578977110548,2026-02-17 16:00:00+00:00
S23,68,BTC_V2_SETUP_B,2026-02-18 13:45:00+00:00,2026-02-18 13:45:00+00:00,2026-02-18 15:30:00+00:00,SHORT,67198.81770096399,67605.72919614402,65978.0832154239,67605.72919614402,Stop loss,-24.287598890537872,-1.0000000000000002,8,2026,2026-02,-55.62569188377529,55.62569188377529,0.3027832833568028,33.151801752144394,2026-02-18 12:00:00+00:00
S23,69,BTC_V2_SETUP_B,2026-02-19 12:00:00+00:00,2026-02-19 12:00:00+00:00,2026-02-19 17:15:00+00:00,SHORT,66451.21437700241,66845.14249199037,65269.43003203855,66845.14249199037,Stop loss,-24.226879893311526,-1.0,22,2026,2026-02,-75.33969465145492,75.33969465145492,0.23426328055459383,20.423252718244267,2026-02-19 10:00:00+00:00
S23,70,BTC_V2_SETUP_B,2026-02-20 17:15:00+00:00,2026-02-20 17:15:00+00:00,2026-02-20 22:30:00+00:00,SHORT,67033.54061016627,67991.83755933495,64158.64976266022,67991.83755933495,Stop loss,-24.166312693578252,-1.0000000000000002,22,2026,2026-02,-38.949929651556886,38.949929651556886,0.6400533840500048,24.865241104823905,2026-02-20 16:00:00+00:00
S23,71,BTC_V2_SETUP_B,2026-02-23 17:15:00+00:00,2026-02-23 17:15:00+00:00,2026-02-24 04:00:00+00:00,SHORT,65030.357886671554,65657.56845331378,63148.72618674487,63148.72618674487,Take profit,63.26358720504852,2.6244029598402667,44,2026,2026-02,-92.37156137767306,92.37156137767306,0.4809110658687228,27.06792653972935,2026-02-23 16:00:00+00:00
S23,72,BTC_V2_SETUP_B,2026-02-24 13:00:00+00:00,2026-02-24 13:00:00+00:00,2026-02-24 14:30:00+00:00,SHORT,62948.14109051581,63363.43563793674,61702.25744825303,63363.43563793674,Stop loss,-24.264055879856922,-1.0,7,2026,2026-02,-192.2402085277281,192.2402085277281,0.313125390550725,34.927099340201835,2026-02-24 11:00:00+00:00
S23,73,BTC_V2_SETUP_B,2026-03-01 19:45:00+00:00,2026-03-01 20:00:00+00:00,2026-03-01 22:00:00+00:00,SHORT,65773.06372010321,66179.74511958717,64553.019521651324,66179.74511958717,Stop loss,-24.20339574015728,-1.0,9,2026,2026-03,-6.603435750235803,6.603435750235803,0.45382474163811504,24.78630162088916,2026-03-01 18:00:00+00:00
S23,74,BTC_V2_SETUP_B,2026-03-03 18:30:00+00:00,2026-03-03 18:30:00+00:00,2026-03-03 21:00:00+00:00,LONG,68631.77600498822,67886.89598004713,70866.41607981148,67886.89598004713,Stop loss,-24.142887250806886,-1.0000000000000002,11,2026,2026-03,33.974293921666685,33.974293921666685,0.7820437515725612,18.18209210916517,2026-03-03 17:00:00+00:00
S23,75,BTC_V2_SETUP_B,2026-03-04 07:45:00+00:00,2026-03-04 07:45:00+00:00,2026-03-04 08:45:00+00:00,LONG,68978.72802261836,68286.08790952653,71056.64836189388,71056.64836189388,Take profit,63.51914007116995,2.6375609200933128,5,2026,2026-03,54.577544462896185,54.577544462896185,0.4561557626522105,19.056455132060954,2026-03-04 06:00:00+00:00
S23,76,BTC_V2_SETUP_B,2026-03-04 13:00:00+00:00,2026-03-04 13:00:00+00:00,2026-03-04 19:00:00+00:00,LONG,71366.99892556736,70526.00429773056,73889.98280907776,73889.98280907776,Take profit,65.13563933509087,2.686966640187703,25,2026,2026-03,188.09479581427877,188.09479581427877,0.5326378437421305,44.69321372619871,2026-03-04 11:00:00+00:00
S23,77,BTC_V2_SETUP_B,2026-03-05 10:30:00+00:00,2026-03-05 10:30:00+00:00,2026-03-05 13:15:00+00:00,LONG,73428.28682531783,72480.85269872866,76270.58920508534,72480.85269872866,Stop loss,-24.404166981195516,-1.0,12,2026,2026-03,210.20079489899217,210.20079489899217,0.44510467923353436,18.300586961755112,2026-03-05 09:00:00+00:00
S23,78,BTC_V2_SETUP_B,2026-03-10 07:15:00+00:00,2026-03-10 07:15:00+00:00,2026-03-10 13:30:00+00:00,LONG,70444.591535461,69776.633858156,72448.46456737602,69776.633858156,Stop loss,-24.343156563742532,-1.0000000000000002,26,2026,2026-03,79.13673891681537,79.13673891681537,0.41542920683864704,24.362190558328525,2026-03-10 06:00:00+00:00
S23,79,BTC_V2_SETUP_B,2026-03-11 16:45:00+00:00,2026-03-11 16:45:00+00:00,2026-03-11 23:45:00+00:00,LONG,70802.79770888759,70211.8091644496,72575.76334220156,70211.8091644496,Stop loss,-24.28229867233317,-0.9999999999999999,29,2026,2026-03,53.118522164280876,53.118522164280876,0.5878961708365387,22.280796337547923,2026-03-11 15:00:00+00:00
S23,80,BTC_V2_SETUP_B,2026-03-12 11:30:00+00:00,2026-03-12 11:30:00+00:00,2026-03-12 12:00:00+00:00,LONG,70643.7394435363,70331.04222585482,71581.83109658072,70331.04222585482,Stop loss,-24.221592925652338,-1.0,3,2026,2026-03,42.92280044427025,42.92280044427025,0.3326940865015359,36.8134892479715,2026-03-12 10:00:00+00:00
S23,81,BTC_V2_SETUP_B,2026-03-15 09:00:00+00:00,2026-03-15 09:00:00+00:00,2026-03-15 13:00:00+00:00,LONG,71717.34952250952,71492.60190996187,72391.59236015248,71492.60190996187,Stop loss,-24.161038943338212,-1.0000000000000002,17,2026,2026-03,71.95857588171202,71.95857588171202,0.17708643052057133,34.57049787952878,2026-03-15 07:00:00+00:00
S23,82,BTC_V2_SETUP_B,2026-03-16 11:00:00+00:00,2026-03-16 11:00:00+00:00,2026-03-16 14:30:00+00:00,LONG,73802.30056489122,73169.79774043513,75699.80903825951,73169.79774043513,Stop loss,-24.100636345979858,-0.9999999999999999,15,2026,2026-03,150.44632140602334,150.44632140602334,0.36050264649798913,27.38452884870137,2026-03-16 09:00:00+00:00
S23,83,BTC_V2_SETUP_B,2026-03-16 18:15:00+00:00,2026-03-16 18:30:00+00:00,2026-03-17 10:00:00+00:00,LONG,74357.01320952598,73701.9471618961,76322.21135241562,73701.9471618961,Stop loss,-24.04038475511491,-1.0,63,2026,2026-03,146.95637835330854,146.95637835330854,0.45841026920062783,21.667139406783164,2026-03-16 17:00:00+00:00
S23,84,BTC_V2_SETUP_B,2026-03-22 07:45:00+00:00,2026-03-22 07:45:00+00:00,2026-03-22 21:00:00+00:00,SHORT,68921.35387857658,69221.58448569366,68020.66205722536,68020.66205722536,Take profit,54.039477610175304,2.2534961669401907,54,2026,2026-03,-89.62457907562202,89.62457907562202,0.22184211983854468,27.648384158881207,2026-03-22 06:00:00+00:00
S23,85,BTC_V2_SETUP_B,2026-03-24 16:45:00+00:00,2026-03-24 17:00:00+00:00,2026-03-24 20:15:00+00:00,SHORT,69331.46114697402,70043.15541210391,67196.37835158435,70043.15541210391,Stop loss,-24.11538248725256,-1.0,14,2026,2026-03,-4.493318645909312,4.493318645909312,0.44700687607086054,38.97016234240229,2026-03-24 15:00:00+00:00
S23,86,BTC_V2_SETUP_B,2026-03-26 15:15:00+00:00,2026-03-26 15:15:00+00:00,2026-03-27 10:45:00+00:00,SHORT,68871.73101816322,69571.0759273471,66773.69629061157,66773.69629061157,Take profit,63.54291112295033,2.641557378282168,79,2026,2026-03,-53.61994783510454,53.61994783510454,0.3560096289235118,45.70999949285229,2026-03-26 14:00:00+00:00
S23,87,BTC_V2_SETUP_B,2026-03-27 17:45:00+00:00,2026-03-27 18:00:00+00:00,2026-03-27 23:45:00+00:00,SHORT,65544.75293025673,66287.98827897308,63315.04688410768,66287.98827897308,Stop loss,-24.2139513088418,-1.0,24,2026,2026-03,-190.8737904772861,190.8737904772861,0.49554144978173637,44.551241221764684,2026-03-27 16:00:00+00:00
S23,88,BTC_V2_SETUP_B,2026-03-30 19:15:00+00:00,2026-03-30 19:15:00+00:00,2026-03-30 21:15:00+00:00,SHORT,66227.47267798461,66783.10928806155,64560.5628477538,66783.10928806155,Stop loss,-24.153416430569695,-1.0,9,2026,2026-03,-53.6781098292704,53.6781098292704,0.40768277072385456,27.160720321923293,2026-03-30 18:00:00+00:00
S23,89,BTC_V2_SETUP_B,2026-04-02 08:45:00+00:00,2026-04-02 08:45:00+00:00,2026-04-02 14:30:00+00:00,SHORT,66483.10917937681,66808.56328249272,65506.74687002911,66808.56328249272,Stop loss,-24.09303288949327,-1.0,24,2026,2026-04,-69.98875815248175,69.98875815248175,0.2974638162788464,29.596113571276888,2026-04-02 07:00:00+00:00
S23,90,BTC_V2_SETUP_B,2026-04-05 12:15:00+00:00,2026-04-05 12:15:00+00:00,2026-04-05 15:15:00+00:00,SHORT,66879.4503560744,67008.19857570235,66493.20569719057,67008.19857570235,Stop loss,-24.032800307269536,-1.0,13,2026,2026-04,-24.633412672788836,24.633412672788836,0.10613376963935811,19.904448266904936,2026-04-05 11:00:00+00:00
S23,91,BTC_V2_SETUP_B,2026-04-06 08:30:00+00:00,2026-04-06 08:30:00+00:00,2026-04-06 09:15:00+00:00,LONG,69241.05537676933,69032.77849292266,69865.88602830935,69865.88602830935,Take profit,47.98428701363982,2.0016206088996826,4,2026,2026-04,78.21930951079412,78.21930951079412,0.2616631539669957,42.23288928881363,2026-04-06 07:00:00+00:00
S23,92,BTC_V2_SETUP_B,2026-04-06 16:00:00+00:00,2026-04-06 16:00:00+00:00,2026-04-06 17:00:00+00:00,LONG,69994.74517676698,69617.01929293205,71127.9228282718,69617.01929293205,Stop loss,-24.092679024035462,-1.0,5,2026,2026-04,95.3403934234957,95.3403934234957,0.3357635473188576,38.28198350961328,2026-04-06 14:00:00+00:00
S23,93,BTC_V2_SETUP_B,2026-04-08 12:00:00+00:00,2026-04-08 12:00:00+00:00,2026-04-08 13:15:00+00:00,LONG,71746.71238846694,71380.1504461322,72846.39821547116,72846.39821547116,Take profit,56.355281011284426,2.3449663800656944,6,2026,2026-04,164.7244914949988,164.7244914949988,0.24305728740267205,25.588718706597557,2026-04-08 10:00:00+00:00
S23,94,BTC_V2_SETUP_B,2026-04-08 17:00:00+00:00,2026-04-08 17:00:00+00:00,2026-04-08 18:45:00+00:00,LONG,71698.22197016444,71191.11211934229,73219.55152263088,71191.11211934229,Stop loss,-24.17333552900358,-0.9999999999999999,8,2026,2026-04,149.20541014161427,149.20541014161427,0.3972395442832597,19.415627859449927,2026-04-08 15:00:00+00:00
S23,95,BTC_V2_SETUP_B,2026-04-09 19:45:00+00:00,2026-04-09 19:45:00+00:00,2026-04-09 23:15:00+00:00,LONG,72171.93402190902,71701.26391236392,73583.94435054432,71701.26391236392,Stop loss,-24.112902190181075,-1.0,15,2026,2026-04,137.3790053316916,137.3790053316916,0.4140805453693255,18.779934747116982,2026-04-09 18:00:00+00:00
S23,96,BTC_V2_SETUP_B,2026-04-11 18:30:00+00:00,2026-04-11 18:30:00+00:00,2026-04-11 23:00:00+00:00,LONG,73282.59950505769,73052.60197976923,73972.59208092307,73052.60197976923,Stop loss,-24.05261993470562,-1.0,19,2026,2026-04,122.8987037105544,122.8987037105544,0.1529480629243943,27.315540681617502,2026-04-11 17:00:00+00:00
S23,97,BTC_V2_SETUP_B,2026-04-14 13:15:00+00:00,2026-04-14 13:15:00+00:00,2026-04-14 14:00:00+00:00,LONG,74641.42946351705,74315.28214593176,75619.87141627292,75619.87141627292,Take profit,54.09709703660981,2.254751410892702,4,2026,2026-04,156.29442950867815,156.29442950867815,0.19921070176721692,22.81146147442355,2026-04-14 12:00:00+00:00
S23,98,BTC_V2_SETUP_B,2026-04-16 19:45:00+00:00,2026-04-16 19:45:00+00:00,2026-04-17 01:15:00+00:00,LONG,75341.95161372673,74743.19354509309,77138.22581962767,74743.19354509309,Stop loss,-24.12773112746038,-0.9999999999999999,23,2026,2026-04,88.48986439687724,88.48986439687724,0.42390682239513655,18.01021018909187,2026-04-16 18:00:00+00:00
S23,99,BTC_V2_SETUP_B,2026-04-17 12:00:00+00:00,2026-04-17 12:00:00+00:00,2026-04-17 13:00:00+00:00,LONG,75640.14508147007,75353.41967411972,76500.3213035211,76500.3213035211,Take profit,52.09896650060932,2.164709979383195,5,2026,2026-04,118.51189148788399,118.51189148788399,0.32120073178979247,30.535107132741455,2026-04-17 10:00:00+00:00
S23,100,BTC_V2_SETUP_B,2026-04-20 09:15:00+00:00,2026-04-20 09:15:00+00:00,2026-04-21 08:45:00+00:00,LONG,75115.81591137643,74595.73635449431,76676.05458202279,76676.05458202279,Take profit,60.37230885037863,2.494964835719544,95,2026,2026-04,12.242301962178317,12.242301962178317,0.34148444914527126,29.582865284774435,2026-04-20 08:00:00+00:00
S23,101,BTC_V2_SETUP_B,2026-04-22 08:15:00+00:00,2026-04-22 08:15:00+00:00,2026-04-22 14:00:00+00:00,LONG,78186.6997050767,77946.20117969322,78908.19528122712,78908.19528122712,Take profit,49.14187546090354,2.018263705827892,24,2026,2026-04,140.3170687535312,140.3170687535312,0.27385636417996145,48.86117431793559,2026-04-22 07:00:00+00:00
S23,102,BTC_V2_SETUP_B,2026-04-22 15:45:00+00:00,2026-04-22 15:45:00+00:00,2026-04-22 16:30:00+00:00,LONG,79364.9369090933,78818.25236362677,81004.9905454929,78818.25236362677,Stop loss,-24.47144467667146,-0.9999999999999999,4,2026,2026-04,166.12728545584832,166.12728545584832,0.32622829063209896,56.99086220601804,2026-04-22 14:00:00+00:00
S23,103,BTC_V2_SETUP_B,2026-04-26 08:00:00+00:00,2026-04-26 08:00:00+00:00,2026-04-26 09:30:00+00:00,LONG,78140.79973453603,77970.80106185585,78650.7957525766,77970.80106185585,Stop loss,-24.410266064979783,-1.0,7,2026,2026-04,50.1620475014206,50.1620475014206,0.12287634975716188,28.522908135388413,2026-04-26 06:00:00+00:00
S23,104,BTC_V2_SETUP_B,2026-04-26 11:15:00+00:00,2026-04-26 11:15:00+00:00,2026-04-26 12:30:00+00:00,LONG,78107.8323168377,77980.67073264923,78489.31706940309,77980.67073264923,Stop loss,-24.349240399817333,-1.0,6,2026,2026-04,62.32437227880291,62.32437227880291,0.09816259621908906,27.25145215159059,2026-04-26 10:00:00+00:00
S23,105,BTC_V2_SETUP_B,2026-05-01 18:00:00+00:00,2026-05-01 18:15:00+00:00,2026-05-01 20:15:00+00:00,LONG,78597.65972644603,78138.36109421586,79975.55562313655,78138.36109421586,Stop loss,-24.288367298817793,-1.0000000000000002,9,2026,2026-05,75.78965593075554,75.78965593075554,0.3223067695058227,33.80245896779807,2026-05-01 16:00:00+00:00
S23,106,BTC_V2_SETUP_B,2026-05-02 16:00:00+00:00,2026-05-02 16:00:00+00:00,2026-05-02 18:00:00+00:00,LONG,78499.00365511196,78354.98537955216,78931.05848179133,78354.98537955216,Stop loss,-24.227646380570746,-1.0,9,2026,2026-05,58.81390103655576,58.81390103655576,0.10202474674987784,23.197808050780957,2026-05-02 14:00:00+00:00
S23,107,BTC_V2_SETUP_B,2026-05-02 19:00:00+00:00,2026-05-02 19:00:00+00:00,2026-05-02 21:30:00+00:00,LONG,78485.42418321638,78376.30326713446,78812.78693146216,78812.78693146216,Take profit,30.633366040477355,1.2675660240191604,11,2026,2026-05,64.26354080130113,64.26354080130113,0.08726145733072484,20.37662622702936,2026-05-02 17:00:00+00:00
S23,108,BTC_V2_SETUP_B,2026-05-03 09:30:00+00:00,2026-05-03 09:30:00+00:00,2026-05-03 20:30:00+00:00,LONG,78524.29736388609,78338.81054445564,79080.75782217742,79080.75782217742,Take profit,43.877872708585365,1.80986994036295,45,2026,2026-05,48.71931396808941,48.71931396808941,0.10949255722814642,22.831397857951536,2026-05-03 08:00:00+00:00
S23,109,BTC_V2_SETUP_B,2026-05-05 07:30:00+00:00,2026-05-05 07:30:00+00:00,2026-05-05 07:45:00+00:00,LONG,81092.76517475638,80865.93930097445,81773.24279610216,80865.93930097445,Stop loss,-24.353355361491978,-1.0,2,2026,2026-05,136.41051862528548,136.41051862528548,0.21629856148620047,42.79741195726792,2026-05-05 06:00:00+00:00
S23,110,BTC_V2_SETUP_B,2026-05-05 10:45:00+00:00,2026-05-05 11:00:00+00:00,2026-05-05 13:00:00+00:00,LONG,80838.8693748966,80659.52250041357,81376.9099983457,81376.9099983457,Take profit,42.6766371770169,1.7567844566948583,9,2026,2026-05,131.5083881929313,131.5083881929313,0.1699688212841297,26.0309185670579,2026-05-05 09:00:00+00:00
S23,111,BTC_V2_SETUP_B,2026-05-05 19:45:00+00:00,2026-05-05 19:45:00+00:00,2026-05-05 21:30:00+00:00,LONG,81673.28622820866,81398.85508716539,82496.57965133847,81398.85508716539,Stop loss,-24.399163566030786,-0.9999999999999999,8,2026,2026-05,147.0841689624067,147.0841689624067,0.22744754111527227,20.597666297874536,2026-05-05 18:00:00+00:00
S23,112,BTC_V2_SETUP_B,2026-05-06 09:45:00+00:00,2026-05-06 10:00:00+00:00,2026-05-06 13:45:00+00:00,LONG,82064.53079051485,81637.87683794058,83344.49264823766,81637.87683794058,Stop loss,-24.33816565711571,-1.0,16,2026,2026-05,132.78778098548355,132.78778098548355,0.23239878847747222,18.35292693934913,2026-05-06 08:00:00+00:00
S23,113,BTC_V2_SETUP_B,2026-05-09 08:15:00+00:00,2026-05-09 08:15:00+00:00,2026-05-10 15:30:00+00:00,LONG,80409.0,80151.35853670731,81181.92438987807,81181.92438987807,Take profit,53.373390777711585,2.1984877343767186,126,2026,2026-05,32.453159432217944,32.453159432217944,0.1221772763009069,21.766295702200733,2026-05-09 07:00:00+00:00
S23,114,BTC_V2_SETUP_B,2026-05-11 15:30:00+00:00,2026-05-11 15:30:00+00:00,2026-05-12 01:30:00+00:00,LONG,81399.99314709917,80751.0274116033,83346.8903535868,80751.0274116033,Stop loss,-24.410753719917203,-1.0000000000000002,41,2026,2026-05,41.82872288506769,41.82872288506769,0.29493279311370335,20.280221250777462,2026-05-11 14:00:00+00:00
S23,115,BTC_V2_SETUP_B,2026-05-16 09:15:00+00:00,2026-05-16 09:15:00+00:00,2026-05-17 10:00:00+00:00,SHORT,78211.60501011214,78457.57995955145,77473.68016179418,78457.57995955145,Stop loss,-24.349726835617407,-1.0000000000000002,100,2026,2026-05,-77.25107370076876,77.25107370076876,0.1890648979985117,59.069055148541395,2026-05-16 08:00:00+00:00
S23,116,BTC_V2_SETUP_B,2026-05-17 17:15:00+00:00,2026-05-17 17:15:00+00:00,2026-05-17 18:00:00+00:00,SHORT,77850.69473008461,78158.22107966155,76928.11568135377,78158.22107966155,Stop loss,-24.288852518528362,-1.0,4,2026,2026-05,-76.50321220610931,76.50321220610931,0.13623516808046432,24.892806650340404,2026-05-17 16:00:00+00:00
S23,117,BTC_V2_SETUP_B,2026-05-18 10:15:00+00:00,2026-05-18 10:15:00+00:00,2026-05-18 11:30:00+00:00,SHORT,76731.38450187346,76972.4619925062,76008.15202997523,76972.4619925062,Stop loss,-24.22813038723205,-1.0000000000000002,6,2026,2026-05,-119.59023543733929,119.59023543733929,0.19847790892632472,41.38116800437159,2026-05-18 09:00:00+00:00
S23,118,BTC_V2_SETUP_B,2026-05-18 14:15:00+00:00,2026-05-18 14:15:00+00:00,2026-05-18 22:15:00+00:00,SHORT,76618.98364771812,77160.06540912748,74995.73836349006,77160.06540912748,Stop loss,-24.167560061263963,-1.0,33,2026,2026-05,-107.78480688502896,107.78480688502896,0.3135341295448068,32.39384300521152,2026-05-18 13:00:00+00:00
S23,119,BTC_V2_SETUP_B,2026-05-21 12:30:00+00:00,2026-05-21 12:30:00+00:00,2026-05-21 12:30:00+00:00,SHORT,77010.82354360961,77235.21582556155,76337.64669775381,77235.21582556155,Stop loss,-24.107141161110803,-1.0,1,2026,2026-05,-34.33701612566074,34.33701612566074,0.1961823952612123,30.415581567894918,2026-05-21 11:00:00+00:00
S23,120,BTC_V2_SETUP_B,2026-05-21 16:45:00+00:00,2026-05-21 16:45:00+00:00,2026-05-21 17:00:00+00:00,SHORT,76941.58666305711,77247.29334777159,76024.46660891369,77247.29334777159,Stop loss,-24.046873308208028,-1.0,2,2026,2026-05,-52.82087989026331,52.82087989026331,0.2682073108306701,30.24825550722463,2026-05-21 15:00:00+00:00
S23,121,BTC_V2_SETUP_B,2026-05-22 08:45:00+00:00,2026-05-22 09:00:00+00:00,2026-05-22 12:15:00+00:00,SHORT,77118.72743107725,77482.10027569099,76028.60889723603,77482.10027569099,Stop loss,-23.986756124937507,-1.0,14,2026,2026-05,-28.769537953223335,28.769537953223335,0.1624092207226005,20.85799713052421,2026-05-22 07:00:00+00:00
S23,122,BTC_V2_SETUP_B,2026-05-22 13:30:00+00:00,2026-05-22 13:30:00+00:00,2026-05-22 18:45:00+00:00,SHORT,77215.0,77485.17103165797,76404.48690502609,76404.48690502609,Take profit,50.84290605192243,2.124936428091495,22,2026,2026-05,-36.13412793354655,36.13412793354655,0.14995439192690282,20.374378894922167,2026-05-22 12:00:00+00:00
S23,123,BTC_V2_SETUP_B,2026-05-23 12:15:00+00:00,2026-05-23 12:15:00+00:00,2026-05-23 13:00:00+00:00,SHORT,74608.13222316864,74770.99110732549,74119.55557069807,74770.99110732549,Stop loss,-24.053896499754966,-0.9999999999999999,4,2026,2026-05,-148.19029758285615,148.19029758285615,0.14734607717018922,55.184180079848446,2026-05-23 11:00:00+00:00
S23,124,BTC_V2_SETUP_B,2026-05-26 07:15:00+00:00,2026-05-26 07:15:00+00:00,2026-05-26 10:15:00+00:00,SHORT,76584.33139634502,76929.51441461995,75548.78234152024,76929.51441461995,Stop loss,-23.99376175850558,-1.0,13,2026,2026-05,-24.589046625827905,24.589046625827905,0.17305787198636735,32.906109426887525,2026-05-26 06:00:00+00:00
S23,125,BTC_V2_SETUP_B,2026-05-27 17:15:00+00:00,2026-05-27 17:15:00+00:00,2026-05-27 20:15:00+00:00,SHORT,74815.22191630316,75262.75233478742,73472.63066085035,75262.75233478742,Stop loss,-23.933777354109314,-0.9999999999999999,13,2026,2026-05,-85.49055321446212,85.49055321446212,0.31660118144352667,20.09498031595077,2026-05-27 16:00:00+00:00
S23,126,BTC_V2_SETUP_B,2026-06-01 10:30:00+00:00,2026-06-01 10:30:00+00:00,2026-06-01 13:00:00+00:00,SHORT,72569.75128068091,72843.35487727638,71748.94049089451,71748.94049089451,Take profit,51.61056309933848,2.1617946935843304,11,2026,2026-06,-87.58166897874617,87.58166897874617,0.22775885881181954,36.7290285655699,2026-06-01 09:00:00+00:00
S23,127,BTC_V2_SETUP_B,2026-06-02 18:30:00+00:00,2026-06-02 18:30:00+00:00,2026-06-02 21:00:00+00:00,SHORT,67165.44084149967,67609.34663400134,65833.72346399467,67609.34663400134,Stop loss,-24.00296931847239,-1.0,11,2026,2026-06,-294.7273379543767,294.7273379543767,0.48548554036745484,55.079764532974195,2026-06-02 17:00:00+00:00
S23,128,BTC_V2_SETUP_B,2026-06-03 16:00:00+00:00,2026-06-03 16:00:00+00:00,2026-06-04 00:15:00+00:00,SHORT,65960.77918619999,66637.30325520002,63931.20697919988,63931.20697919988,Take profit,63.324592262767354,2.644810301248709,34,2026,2026-06,-268.6870550887543,268.6870550887543,0.45925675635759805,21.922022215222416,2026-06-03 14:00:00+00:00
S23,129,BTC_V2_SETUP_B,2026-06-04 07:15:00+00:00,2026-06-04 07:15:00+00:00,2026-06-04 14:00:00+00:00,SHORT,63639.40772491937,64334.88910032249,61552.96359871001,64334.88910032249,Stop loss,-24.101273375833127,-1.0000000000000002,28,2026,2026-06,-365.36793200543616,365.36793200543616,0.6691967242854804,22.51976616779689,2026-06-04 06:00:00+00:00
S23,130,BTC_V2_SETUP_B,2026-06-04 17:30:00+00:00,2026-06-04 17:30:00+00:00,2026-06-04 18:15:00+00:00,SHORT,63020.489971382136,63720.40011447146,60920.759542114174,63720.40011447146,Stop loss,-24.041020192393546,-1.0000000000000002,4,2026,2026-06,-334.5073115061241,334.5073115061241,0.6566949888147423,19.67599065410342,2026-06-04 16:00:00+00:00
S23,131,BTC_V2_SETUP_B,2026-06-05 11:15:00+00:00,2026-06-05 11:15:00+00:00,2026-06-05 14:00:00+00:00,SHORT,62183.62388506169,62701.26445975324,60630.70216098702,60630.70216098702,Take profit,61.65994639929431,2.5712087969281194,12,2026,2026-06,-338.53738984052325,338.53738984052325,0.6368649356364506,21.56317373546353,2026-06-05 10:00:00+00:00
S23,132,BTC_V2_SETUP_B,2026-06-05 18:15:00+00:00,2026-06-05 18:15:00+00:00,2026-06-05 18:45:00+00:00,SHORT,60539.308384939206,61017.40646024317,59105.01415902732,59105.01415902732,Take profit,61.55952283898605,2.5506256743971636,3,2026,2026-06,-399.0020430331206,399.0020430331206,0.8938083957110279,25.09933128330202,2026-06-05 17:00:00+00:00
S23,133,BTC_V2_SETUP_B,2026-06-09 11:15:00+00:00,2026-06-09 11:15:00+00:00,2026-06-09 12:00:00+00:00,SHORT,62478.463321072464,62833.11671571014,61414.503137159445,62833.11671571014,Stop loss,-24.288966315008267,-1.0,4,2026,2026-06,-100.52298273159249,100.52298273159249,0.302030845754652,33.250862423568826,2026-06-09 10:00:00+00:00
S23,134,BTC_V2_SETUP_B,2026-06-09 13:30:00+00:00,2026-06-09 13:30:00+00:00,2026-06-10 09:15:00+00:00,SHORT,62219.06808954664,62732.087641813414,60680.00943274633,60680.00943274633,Take profit,62.20708434374758,2.567544086253332,80,2026,2026-06,-110.12716712838301,110.12716712838301,0.31049750859249964,32.830525413290076,2026-06-09 12:00:00+00:00
S23,135,BTC_V2_SETUP_B,2026-06-15 11:00:00+00:00,2026-06-15 11:00:00+00:00,2026-06-15 13:15:00+00:00,LONG,65936.95949786746,65635.61200853014,66841.00196587942,66841.00196587942,Take profit,55.63406129183832,2.28160290366518,10,2026,2026-06,84.4243106001959,84.4243106001959,0.2186136006111049,19.214182385149236,2026-06-15 09:00:00+00:00
S23,136,BTC_V2_SETUP_B,2026-06-15 15:45:00+00:00,2026-06-15 15:45:00+00:00,2026-06-15 19:15:00+00:00,LONG,66892.84009918792,66512.84960324834,68032.81158700665,66512.84960324834,Stop loss,-24.522846763309705,-1.0,15,2026,2026-06,111.17735169659863,111.17735169659863,0.2919096736541707,45.191415074676975,2026-06-15 14:00:00+00:00
S23,137,BTC_V2_SETUP_B,2026-06-19 09:15:00+00:00,2026-06-19 09:15:00+00:00,2026-06-19 12:45:00+00:00,SHORT,62255.41765305241,62637.019387790344,61110.61244883862,62637.019387790344,Stop loss,-24.46153964640143,-1.0,15,2026,2026-06,-91.92295486100193,91.92295486100193,0.2781091434531767,31.09351755962768,2026-06-19 08:00:00+00:00
S23,138,BTC_V2_SETUP_B,2026-06-23 13:30:00+00:00,2026-06-23 13:30:00+00:00,2026-06-23 13:30:00+00:00,SHORT,61937.74577119005,62246.95691523978,61010.112339040854,62246.95691523978,Stop loss,-24.40038579728543,-1.0000000000000002,1,2026,2026-06,-87.59423719788174,87.59423719788174,0.27540764450150124,56.02317803569164,2026-06-23 12:00:00+00:00
S23,139,BTC_V2_SETUP_B,2026-06-23 18:00:00+00:00,2026-06-23 18:00:00+00:00,2026-06-23 22:00:00+00:00,SHORT,62241.539473853954,62657.572104584186,60993.44158166326,62657.572104584186,Stop loss,-24.339384832792213,-1.0,17,2026,2026-06,-80.46181886624254,80.46181886624254,0.34458885215135876,21.119567791374614,2026-06-23 16:00:00+00:00
S23,140,BTC_V2_SETUP_B,2026-06-25 19:15:00+00:00,2026-06-25 19:15:00+00:00,2026-06-25 20:00:00+00:00,SHORT,59118.30353647735,59585.54585409057,57716.57658363771,59585.54585409057,Stop loss,-24.27853637071023,-1.0,4,2026,2026-06,-177.4268630530496,177.4268630530496,0.6725815978931061,25.55181893219269,2026-06-25 18:00:00+00:00
S23,141,BTC_V2_SETUP_B,2026-06-28 16:45:00+00:00,2026-06-28 16:45:00+00:00,2026-06-29 03:00:00+00:00,SHORT,59511.26774001916,59847.54903992336,58502.42384030656,59847.54903992336,Stop loss,-24.217840029783453,-0.9999999999999999,42,2026,2026-06,-72.67634138393623,72.67634138393623,0.2610770101313644,24.7031406800568,2026-06-28 15:00:00+00:00
S23,142,BTC_V2_SETUP_B,2026-06-30 08:15:00+00:00,2026-06-30 08:15:00+00:00,2026-06-30 12:15:00+00:00,SHORT,59328.68788777332,59496.548448906724,58825.1062043731,58825.1062043731,Take profit,47.247253181687945,1.9558171699793254,17,2026,2026-06,-72.9146735980903,72.9146735980903,0.24107224998180607,24.551307381419615,2026-06-30 07:00:00+00:00
S23,143,BTC_V2_SETUP_B,2026-07-03 07:45:00+00:00,2026-07-03 07:45:00+00:00,2026-07-03 08:45:00+00:00,LONG,61777.16063662533,61596.51745349865,62319.09018600538,61596.51745349865,Stop loss,-24.275413562663218,-1.0,5,2026,2026-07,47.41976063098991,47.41976063098991,0.2195900859959905,22.54828338779278,2026-07-03 06:00:00+00:00
S23,144,BTC_V2_SETUP_B,2026-07-03 10:45:00+00:00,2026-07-03 11:00:00+00:00,2026-07-04 17:45:00+00:00,LONG,61982.412406511474,61564.88037395411,63235.00850418356,63235.00850418356,Take profit,60.118664632580575,2.4827316668343644,124,2026,2026-07,53.497611397084256,53.497611397084256,0.2447861129413743,20.461844140777703,2026-07-03 09:00:00+00:00
S23,145,BTC_V2_SETUP_B,2026-07-04 19:30:00+00:00,2026-07-04 19:30:00+00:00,2026-07-04 23:00:00+00:00,LONG,63337.50441248843,63043.04235004629,64220.89059981484,63043.04235004629,Stop loss,-24.365021690338008,-1.0,15,2026,2026-07,94.44218664002256,94.44218664002256,0.21745202147122872,54.47428319566831,2026-07-04 18:00:00+00:00
S23,146,BTC_V2_SETUP_B,2026-07-09 13:45:00+00:00,2026-07-09 13:45:00+00:00,2026-07-10 09:30:00+00:00,LONG,62914.76232340812,62416.06070636752,64410.867174529914,64410.867174529914,Take profit,62.01687276280571,2.5517031879460332,80,2026,2026-07,24.041731225115655,24.041731225115655,0.33518652351529504,24.26509418096876,2026-07-09 12:00:00+00:00
S23,147,BTC_V2_SETUP_B,2026-07-11 17:30:00+00:00,2026-07-11 17:30:00+00:00,2026-07-11 23:00:00+00:00,LONG,64260.79019532108,64097.43921871567,64750.84312513732,64097.43921871567,Stop loss,-24.459151318019178,-1.0,23,2026,2026-07,63.96534252509446,63.96534252509446,0.16652897104826736,23.191322006702517,2026-07-11 16:00:00+00:00
S23,148,BTC_V2_SETUP_B,2026-07-19 10:45:00+00:00,2026-07-19 10:45:00+00:00,2026-07-19 11:00:00+00:00,LONG,64627.285116017636,64516.24953592945,64960.3918562822,64516.24953592945,Stop loss,-24.39800343972413,-1.0,2,2026,2026-07,39.583215906022815,39.583215906022815,0.09857364390394226,20.603235167463385,2026-07-19 09:00:00+00:00
S23,149,BTC_V2_SETUP_B,2026-07-20 15:45:00+00:00,2026-07-20 15:45:00+00:00,2026-07-21 14:00:00+00:00,LONG,65251.4643390365,64695.432643853994,66919.55942458403,66919.55942458403,Take profit,62.782282720536195,2.579704194055477,90,2026,2026-07,24.406723986685392,24.406723986685392,0.3946155004129415,20.32145114450128,2026-07-20 14:00:00+00:00
S23,150,BTC_V2_SETUP_B,2026-07-27 10:30:00+00:00,2026-07-27 10:30:00+00:00,2026-07-27 11:15:00+00:00,LONG,65337.56420339349,65157.16318642602,65878.7672542959,65157.16318642602,Stop loss,-24.49396413792616,-1.0,4,2026,2026-07,26.173342794252676,26.173342794252676,0.1661539152299222,19.349670494617023,2026-07-27 09:00:00+00:00
S23,151,BTC_V2_SETUP_B,2026-07-28 08:15:00+00:00,2026-07-28 08:30:00+00:00,2026-07-28 09:30:00+00:00,SHORT,63360.38133690215,63486.04465239138,62983.39139043447,63486.04465239138,Stop loss,-24.43272922758134,-0.9999999999999999,5,2026,2026-07,-63.401726115858764,63.401726115858764,0.17386840452628766,23.054481323760733,2026-07-28 07:00:00+00:00
S23,152,BTC_V2_SETUP_B,2026-07-31 12:15:00+00:00,2026-07-31 12:30:00+00:00,2026-07-31 14:00:00+00:00,SHORT,63627.26899494033,63809.1740202387,63081.55391904521,63081.55391904521,Take profit,47.861609959008746,1.963823338021344,7,2026,2026-07,-30.068591060007748,30.068591060007748,0.16559865094802484,30.745743990762563,2026-07-31 11:00:00+00:00
S23,153,BTC_V2_SETUP_B,2026-08-03 12:00:00+00:00,2026-08-03 12:00:00+00:00,2026-08-03 13:15:00+00:00,SHORT,62449.112920621796,62721.85831751282,61630.876729948715,62721.85831751282,Stop loss,-24.491301429409916,-1.0,6,2026,2026-08,-55.544405640459445,55.544405640459445,0.19101417440148827,32.95346974907853,2026-08-03 10:00:00+00:00
S24,1,BTC_V2_SETUP_B,2026-08-14 19:00:00+00:00,2026-08-14 19:00:00+00:00,2026-08-15 02:15:00+00:00,SHORT,62821.09154523622,62992.293819055136,62307.48472377946,62992.293819055136,Stop loss,-25.0,-1.0,30,2026,2026-08,-55.39330025421805,55.39330025421805,0.1816419937529695,25.179770881186155,2026-08-14 17:00:00+00:00
S24,2,BTC_V2_SETUP_B,2026-08-31 18:45:00+00:00,2026-08-31 19:00:00+00:00,2026-08-31 21:00:00+00:00,LONG,79211.621842226,78770.53263109602,80534.88947561593,78770.53263109602,Stop loss,-24.9375,-1.0,9,2026,2026-08,52.65745621123642,52.65745621123642,0.3414748041584232,25.799950577812922,2026-08-31 17:00:00+00:00
S24,3,BTC_V2_SETUP_B,2026-09-03 12:45:00+00:00,2026-09-03 12:45:00+00:00,2026-09-03 14:45:00+00:00,LONG,78404.24907704603,77866.44369181586,80017.66523273653,80017.66523273653,Take profit,61.959847878699826,2.4908325099947795,9,2026,2026-09,9.62060207533068,9.62060207533068,0.25038352009620235,19.445245093742184,2026-09-03 11:00:00+00:00
S24,4,BTC_V2_SETUP_B,2026-09-09 12:45:00+00:00,2026-09-09 12:45:00+00:00,2026-09-09 13:30:00+00:00,LONG,79588.14962437566,79261.12150249741,80569.2339900104,79261.12150249741,Stop loss,-25.030055869696746,-0.9999999999999999,4,2026,2026-09,13.887040831468767,13.887040831468767,0.2261797060433728,22.137614861492416,2026-09-09 11:00:00+00:00
S24,5,BTC_V2_SETUP_B,2026-09-09 19:45:00+00:00,2026-09-09 19:45:00+00:00,2026-09-10 12:30:00+00:00,SHORT,78269.35743843805,78612.1602462478,77240.94901500878,77240.94901500878,Take profit,56.34606456629347,2.256778133748165,68,2026,2026-09,-13.168703244955395,13.168703244955395,0.2718888845531372,20.55057145666724,2026-09-09 18:00:00+00:00
S24,6,BTC_V2_SETUP_B,2026-09-10 16:15:00+00:00,2026-09-10 16:15:00+00:00,2026-09-10 17:30:00+00:00,SHORT,76866.83629945961,77327.85480216159,75483.78079135368,77327.85480216159,Stop loss,-25.10834589143824,-1.0,6,2026,2026-09,-75.42907970200758,75.42907970200758,0.31536944257179667,36.58169245383477,2026-09-10 15:00:00+00:00
S24,7,BTC_V2_SETUP_B,2026-09-11 11:15:00+00:00,2026-09-11 11:15:00+00:00,2026-09-11 12:00:00+00:00,SHORT,76722.70920022432,77033.61319910277,75789.99720358897,77033.61319910277,Stop loss,-25.04557502670965,-1.0000000000000002,4,2026,2026-09,-66.87847274834348,66.87847274834348,0.17093261622538727,21.359252345562894,2026-09-11 10:00:00+00:00
