segment_id,trade_id,signal_time,signal_candle_time,signal_utc_hour,signal_utc_weekday,signal_utc_weekday_number,signal_year,signal_month,direction,signal_open,signal_high,signal_low,signal_close,ema20,ema50,ema20_minus_ema50,ema_separation_atr,close_to_ema20_atr,close_to_ema50_atr,rsi,directional_rsi_strength,adx,plus_di,minus_di,directional_di_advantage,atr,atr_percent,atr_percentile,confirmed_h1_hour,confirmed_h1_close,h1_ema50,h1_ema200,h1_ema200_slope,h1_directional_slope_percent,h1_slope_percentile,bars_since_prior_ema_touch,prior_ema_touch_type,signal_touches_ema20,signal_touches_ema50,pullback_depth_atr,pullback_distance_atr,prior_five_high,prior_five_low,body_percent,close_location,range_atr,planned_stop_distance_atr,entry_trigger_distance_atr,pending_trigger,structural_stop,recent_volatility_24h_percent,directional_efficiency_24h,range_chop_24h,entry_time,exit_time,entry_price,exit_price,target,quantity,planned_risk,gross_pnl,realized_r,bars_held,exit_reason,gap_fill,mfe_price_distance,mae_price_distance,mfe_dollars,mae_dollars,mfe_r,mae_r,bars_to_mfe,bars_to_mae,excursion_path_conservative,reached_0.25r,reached_0.5r,reached_0.75r,reached_1r,reached_1.5r,reached_2r,reached_2.5r,reached_3r
exness_native-S01,1,2023-11-19 09:30:00+00:00,2023-11-19 09:15:00+00:00,9,Sunday,6,2023,2023-11,LONG,36576.98,36631.68,36563.03,36624.04,36582.995614351064,36551.26272528609,31.73288906497328,0.5192182227480105,0.6715743066063208,1.1907925293543313,57.42229464818198,7.422294648181982,36.488485990771515,25.124261426512735,10.533227675506552,14.591033751006183,61.11667055332539,0.1668758295188772,11.6751269035533,2023-11-19 08:00:00+00:00,36605.51,36498.58883608371,36494.80419943505,3.4841069566682563,0.009546857513273607,12.704918032786885,0,EMA20,True,False,0.32668033402842583,0.1925378887195847,36715.52,36570.79,68.55061908229668,0.8887108521485906,1.1232614502470828,1.6232614502470804,0.32500680961228756,36643.90333411066,36544.694998834,0.9877872448986185,0.07404002920293594,12.696252079459876,2023-11-19 09:30:00+00:00,2023-11-19 10:15:00+00:00,36643.90333411066,36544.694998834,36941.528339940654,0.2519949551646247,25.0,-25.000000000000004,-1.0000000000000002,4,Stop loss,False,4.746665889339056,99.208335276664,1.1961358579654489,25.000000000000004,0.04784543431861795,1.0,1,4,True,False,False,False,False,False,False,False,False
exness_native-S01,2,2023-11-20 10:15:00+00:00,2023-11-20 10:00:00+00:00,10,Monday,0,2023,2023-11,LONG,37183.92,37226.02,37157.82,37218.16,37167.29922948799,37110.599180619036,56.70004886895185,0.6340079756317539,0.5687143978645111,1.2027223734962649,54.67683847471323,4.676838474713229,20.404896955117362,15.53156039011925,18.66402592119178,-3.13246553107253,89.43112870536586,0.24028895760931185,38.191881918819185,2023-11-20 09:00:00+00:00,37184.64,36808.615335171424,36591.475951060405,29.83572410328634,0.08153736171558204,60.223048327137555,0,EMA20,True,False,0.10599474282850348,0.5280132328032505,37208.07,37054.12,50.20527859238519,0.8847507331379232,0.7625980012472446,1.2625980012472762,0.28788886055422647,37243.90622574107,37130.99066138839,1.848173586214164,0.1371229915577341,7.687893528019688,2023-11-20 10:30:00+00:00,2023-11-20 11:45:00+00:00,37243.90622574107,37130.99066138839,37582.65291879912,0.22085086447524355,24.9375,-24.9375,-1.0,6,Stop loss,False,185.48377425892977,112.91556435268285,40.96425189121557,24.9375,1.6426767675675413,1.0,3,6,True,True,True,True,True,True,False,False,False
exness_native-S01,3,2023-11-20 14:45:00+00:00,2023-11-20 14:30:00+00:00,14,Monday,0,2023,2023-11,LONG,37106.0,37279.15,37098.9,37241.77,37150.286065097695,37136.82817761294,13.45788748475752,0.09706270464186782,0.6598121854529697,0.7568748900948375,54.26811727610181,4.268117276101812,19.002328722537044,18.268939034443367,27.57459248677375,-9.305653452330382,138.65147828316836,0.3723009896768289,76.40653357531761,2023-11-20 13:00:00+00:00,37099.32,36862.443311013456,36614.346674436536,28.832171104164445,0.07874555665442075,54.57875457875458,2,EMA50,True,True,0.3706131786979374,0.2735504740560696,37244.07,36696.33,75.3231622746168,0.7926213592232751,1.3000222012193396,1.8000222012193292,0.4695968370684389,37306.880295656636,37057.30455651505,2.124401984250573,0.13991426208268518,9.121635592314016,2023-11-20 14:45:00+00:00,2023-11-20 17:15:00+00:00,37306.880295656636,37057.30455651505,38055.607513081384,0.0996697689268927,24.87515625,-24.87515625,-1.0,11,Stop loss,False,325.9397043433637,249.57573914158274,32.48633501600278,24.87515625,1.3059751138649744,1.0,6,11,True,True,True,True,True,False,False,False,False
exness_native-S01,4,2023-11-24 13:15:00+00:00,2023-11-24 13:00:00+00:00,13,Friday,4,2023,2023-11,LONG,37706.71,37791.9,37637.43,37791.9,37695.7338459818,37539.07389586527,156.65995011652558,0.9194228911130299,0.5643903453873902,1.48381323650042,55.946212336488315,5.9462123364883155,55.14771564948397,24.171851964448912,9.244712925337254,14.927139039111658,170.38943845185,0.4508623235451247,84.52702702702702,2023-11-24 12:00:00+00:00,37702.63,37263.05787629082,36942.97118027275,34.254717993077065,0.0927232350260144,72.55434782608695,0,EMA20,True,False,0.34217992917603307,0.5772429619369968,38012.33,37678.05,55.14986728814766,1.0,0.9065702745634233,1.4065702745634228,0.20000000000000837,37825.97788769037,37586.31316846445,1.899124628628864,0.08834917699863305,8.848512398762177,2023-11-24 13:15:00+00:00,2023-11-24 14:30:00+00:00,37825.97788769037,37586.31316846445,38544.97204536815,0.10353200270576504,24.812968359375,-24.812968359375,-1.0,6,Stop loss,False,37.6521123096245,239.6647192259261,3.898198593517813,24.812968359375,0.15710327507208421,1.0,1,6,True,False,False,False,False,False,False,False,False
exness_native-S01,5,2023-11-24 15:00:00+00:00,2023-11-24 14:45:00+00:00,14,Friday,4,2023,2023-11,LONG,37679.8,37802.64,37650.35,37783.59,37706.48215826277,37582.403281812185,124.07887645058508,0.7693450857817691,0.47810345171362806,1.2474485374953972,55.123105448873886,5.123105448873886,47.476357955196704,23.30993951989491,12.228344859873697,11.081594660021214,161.27857153269846,0.4268481939717705,80.8338937457969,2023-11-24 13:00:00+00:00,37771.01,37282.97756741667,36951.21037250884,37.38531781404163,0.10117481250859313,77.77777777777779,0,EMA20,True,False,0.34804473854972745,0.4213003472320416,37828.44,37582.36,68.15286624203361,0.874909711734173,0.9442667959712477,1.4442667959712665,0.3181186057079088,37834.89571430654,37601.96642854019,1.9257406535875252,0.1161624898607207,8.970239634334503,2023-11-24 15:00:00+00:00,2023-11-24 16:45:00+00:00,37834.89571430654,37601.96642854019,38533.6835716056,0.10625944203213566,24.750935938476562,-24.750935938476562,-1.0,8,Stop loss,False,606.5042856934597,232.92928576635313,64.44680698788602,24.750935938476562,2.603812928451738,1.0,3,8,True,True,True,True,True,True,True,True,False
exness_native-S01,6,2023-11-29 12:30:00+00:00,2023-11-29 12:15:00+00:00,12,Wednesday,2,2023,2023-11,LONG,38057.44,38194.85,38044.43,38188.57,38105.186455184004,38037.81149372964,67.37496145436307,0.5101806197031235,0.6314017499821929,1.1415823696853165,55.546300345798315,5.546300345798315,22.238564159479548,22.51502832564708,13.432894287792967,9.082134037854113,132.06099732594484,0.34581288936963295,68.31885539090445,2023-11-29 11:00:00+00:00,38116.68,37680.295788767544,37372.81646242597,40.53399947395519,0.10845850891304223,85.01026694045176,0,EMA20,True,False,0.46006357981720225,0.05011703988592128,38173.3,37904.6,87.17590745911376,0.9582502326818315,1.1390191127266809,1.6390191127266684,0.2475537829272697,38221.262199465185,38004.81170080222,2.08463191934695,0.15537510662530316,9.791303210719859,2023-11-29 12:30:00+00:00,2023-11-29 14:15:00+00:00,38221.262199465185,38004.81170080222,38870.61369545409,0.11406330200732517,24.68905859863037,-24.68905859863037,-1.0,8,Stop loss,False,64.7178005348178,216.45049866296904,7.381926027652753,24.68905859863037,0.2989958486332187,1.0,1,8,True,True,False,False,False,False,False,False,False
exness_native-S01,7,2023-12-01 16:15:00+00:00,2023-12-01 16:00:00+00:00,16,Friday,4,2023,2023-12,LONG,38402.2,38504.61,38379.94,38492.98,38387.937646840335,38302.53508471865,85.40256212168606,0.696829693932806,0.8570776916263795,1.5539073855591854,58.20371610528549,8.203716105285487,21.919294204570207,19.240170547381943,15.342371017586947,3.8977995297949963,122.55872972302078,0.31839241784611316,62.01478743068392,2023-12-01 15:00:00+00:00,38403.11,37992.18258570885,37606.72736243363,40.36422643896367,0.10733246222133272,84.60111317254174,1,both,True,False,0.0652556277174816,0.6315740662153244,38450.5,38225.42,72.8162348600364,0.9067137242319921,1.017226600518371,1.5172266005183805,0.2948932811745138,38529.121745944605,38343.172381083095,1.4629278305775866,0.2070780282635541,7.520396815872666,2023-12-01 16:15:00+00:00,2023-12-02 19:00:00+00:00,38529.121745944605,39086.969840529135,39086.969840529135,0.13244108669301227,24.627335952133794,73.88200785640137,2.9999999999999996,108,Take profit,False,557.8480945845295,0.0,73.88200785640137,0.0,3.0,0.0,108,0,True,True,True,True,True,True,True,True,True
exness_native-S01,8,2023-12-03 16:00:00+00:00,2023-12-03 15:45:00+00:00,15,Sunday,6,2023,2023-12,LONG,39674.42,39764.61,39643.09,39732.03,39555.68021166838,39467.80075849153,87.8794531768508,0.8378101882269104,1.6812536265849976,2.519063814811908,66.24269258469644,16.242692584696442,18.16676151035489,27.233752515087897,13.955918092332109,13.277834422755788,104.89184114940572,0.2639981927664046,45.22292993630573,2023-12-03 14:00:00+00:00,39542.23,39017.766761758845,38160.52265778743,68.87351899212081,0.1804836888890613,98.63481228668942,1,EMA20,False,False,0.0,1.6711427656111597,39709.36,39465.54,47.40783410138138,0.7318959842001262,1.1585267135020878,1.6585267135021022,0.5106056643013314,39785.58836822988,39611.62244765517,1.8909787617739833,0.22299529231364468,8.673174628238199,2023-12-03 16:00:00+00:00,2023-12-03 17:00:00+00:00,39785.58836822988,39611.62244765517,40307.486129954006,0.14262587114652403,24.8120409717748,-24.8120409717748,-1.0,5,Stop loss,False,5.231631770118838,173.96592057470843,0.7461660387310308,24.8120409717748,0.030072739263160172,1.0,1,5,True,False,False,False,False,False,False,False,False
exness_native-S01,9,2023-12-04 13:00:00+00:00,2023-12-04 12:45:00+00:00,12,Monday,0,2023,2023-12,LONG,41594.49,41762.37,41564.11,41744.59,41542.65166210287,41160.590114348226,382.0615477546453,1.7042008247497478,0.9007540382312386,2.6049548629809864,59.31042655386048,9.31042655386048,47.01449766294071,24.2684323754505,12.3621824914843,11.906249883966202,224.18810166386868,0.5370470800261032,94.7519475194752,2023-12-04 11:00:00+00:00,41538.97,39976.22671593565,38615.208120634896,152.4923214175942,0.39490223888268144,100.0,0,EMA20,False,False,0.0,1.799916599752394,41777.77,41412.53,75.70866538888177,0.9103197821042776,0.8843466648254984,1.384346664825491,0.2793084015968967,41807.207620332774,41496.85356950084,2.6771792096959754,0.3043889958826284,5.7217634964246145,2023-12-04 13:00:00+00:00,2023-12-04 14:00:00+00:00,41807.207620332774,41496.85356950084,42738.26977282858,0.07974766497489082,24.750010869345363,-24.750010869345367,-1.0000000000000002,5,Stop loss,False,60.31237966722256,310.3540508319347,4.809771447540081,24.750010869345367,0.19433411455577673,1.0,1,5,True,False,False,False,False,False,False,False,False
exness_native-S01,10,2023-12-04 17:00:00+00:00,2023-12-04 16:45:00+00:00,16,Monday,0,2023,2023-12,LONG,41377.95,41581.93,41350.46,41581.93,41480.09448266614,41317.298110488686,162.79637217745767,0.8082667051874107,0.5056025325722178,1.3138692377596286,54.22146250430699,4.2214625043069915,29.03537011877301,18.43368097686358,21.84511776806427,-3.411436791200689,201.41417570789395,0.48437909377437255,91.20162932790224,2023-12-04 15:00:00+00:00,41198.75,40208.25549958272,38730.35501434078,144.5314352070418,0.37317353572805056,99.01800327332242,1,EMA50,True,False,0.64362144427287,0.1646452609145407,41410.48,41094.94,88.12373093705543,1.0,1.1492239768450878,1.6492239768451156,0.20000000000001106,41622.21283514158,41290.03574728763,2.7901707260683666,0.23588257337946922,6.157803768147325,2023-12-04 17:00:00+00:00,2023-12-05 07:30:00+00:00,41622.21283514158,41290.03574728763,42618.74409870344,0.07432221169036947,24.688135842172002,-24.688135842172006,-1.0000000000000002,59,Stop loss,False,734.0871648584216,332.1770878539537,54.55898166579076,24.688135842172006,2.209927149404035,1.0,22,59,True,True,True,True,True,True,True,False,False
exness_native-S01,11,2023-12-06 08:15:00+00:00,2023-12-06 08:00:00+00:00,8,Wednesday,2,2023,2023-12,LONG,43641.47,43796.39,43601.82,43786.03,43671.355610137296,43580.835184927375,90.52042520992109,0.5083010652448224,0.6439332823319901,1.1522343475768126,54.73150849416699,4.731508494166988,21.138184763911998,18.84839696305296,18.031092625912716,0.8173043371402429,178.08427209634522,0.4067148177086281,80.01531393568146,2023-12-06 07:00:00+00:00,43644.51,42389.60639154416,40021.747745084416,186.78121657515294,0.466699300002694,98.15668202764977,0,EMA20,True,False,0.39046463406761106,0.11783643117721139,43725.22,43439.61,74.29716811430225,0.9467543814565421,1.0925726214313611,1.5925726214313494,0.2581747050317635,43832.00685441927,43548.3947183711,3.355998615740711,0.21088020370542343,6.706624565268891,2023-12-06 08:15:00+00:00,2023-12-06 11:15:00+00:00,43832.00685441927,43548.3947183711,44682.84326256378,0.08683131774863077,24.62641550256657,-24.62641550256657,-1.0,13,Stop loss,False,446.56314558073063,283.6121360481702,38.77566638874848,24.62641550256657,1.5745558416614582,1.0,9,13,True,True,True,True,True,True,False,False,False
exness_native-S01,12,2023-12-08 14:30:00+00:00,2023-12-08 14:15:00+00:00,14,Friday,4,2023,2023-12,LONG,43570.08,43660.98,43530.0,43620.19,43506.45301678137,43416.23906909752,90.21394768384926,0.6091485493015616,0.7679823365269748,1.3771308858285363,59.09940003532525,9.099400035325253,19.99968240689436,17.07580972606963,16.192662414030398,0.883147312039231,148.0984363950089,0.33951809103767977,63.76811594202898,2023-12-08 13:00:00+00:00,43531.69,43340.78021742237,41494.73207363661,100.2529213995731,0.24160397329874095,85.67375886524823,2,EMA20,False,False,0.0,0.768144037652455,43737.56,43430.4,38.257749274697936,0.6885784089173929,0.884411768201608,1.3844117682016184,0.47542492002553083,43690.599687279006,43485.5704690815,1.8954630755551687,0.04351488158151401,14.847473888489262,2023-12-08 14:30:00+00:00,2023-12-08 20:45:00+00:00,43690.599687279006,44305.68734187153,44305.68734187153,0.11981145750722362,24.56484946381015,73.69454839143046,3.0,26,Take profit,False,615.0876545925275,88.31968727900676,73.69454839143046,10.581710459479996,3.0,0.4307663466478541,26,12,True,True,True,True,True,True,True,True,True
exness_native-S01,13,2023-12-16 16:30:00+00:00,2023-12-16 16:15:00+00:00,16,Saturday,5,2023,2023-12,LONG,42451.34,42528.42,42439.59,42502.67,42349.78031266425,42270.51169557608,79.26861708816432,0.7436259155804108,1.4342716941989726,2.177897609779383,64.25852696587685,14.258526965876854,22.63698673192301,29.253202363935323,12.252133369225108,17.001068994710216,106.5974375385963,0.2508017438400842,32.53472222222222,2023-12-16 15:00:00+00:00,42524.49,42314.59465537829,42276.805562371184,4.715942799266486,0.011154917540562595,7.777777777777778,3,EMA20,False,False,0.0,1.5861385444907639,42582.89,42247.34,57.78453225261819,0.7101204548013116,0.8333220952693032,1.33332209526925,0.44156302998066244,42549.739487507715,42407.61076873842,1.4881617076859641,0.10531487968947768,10.635737567564806,2023-12-16 16:30:00+00:00,2023-12-16 17:30:00+00:00,42549.739487507715,42407.61076873842,42976.1256438156,0.17413149185536436,24.749085834788726,-24.749085834788726,-1.0,5,Stop loss,False,120.49051249228796,142.1287187692942,20.98119269469952,24.749085834788726,0.8477562700601716,1.0,1,5,True,True,True,True,False,False,False,False,False
exness_native-S01,14,2023-12-17 08:00:00+00:00,2023-12-17 07:45:00+00:00,7,Sunday,6,2023,2023-12,SHORT,41896.91,41938.46,41784.43,41835.97,41918.76259526381,42027.85961628069,-109.09702101688163,0.9702247780660443,0.736293499278158,1.7065182773442025,41.11027434563766,8.889725654362337,42.48641349011588,10.42945151252016,24.86418293184832,14.434731419328159,112.44509878870076,0.2687761244419593,39.34027777777778,2023-12-17 06:00:00+00:00,41936.25,42219.706558788865,42256.578129850786,-19.20376081370341,0.045445612644478516,28.749999999999996,1,EMA20,True,False,0.17517352866754418,0.7950512493985001,41986.5,41755.05,39.563721352985,0.33461014088165464,1.3698240444382694,1.8698240444382472,0.6583570164925714,41761.94098024226,41972.19352963661,1.3082124661602805,0.07531567852250426,10.35680459425287,2023-12-17 08:00:00+00:00,2023-12-17 16:45:00+00:00,41761.94098024226,41972.19352963661,41131.18333205922,0.11741695019306884,24.687213120201754,-24.687213120201754,-1.0,36,Stop loss,False,271.34098024226114,210.25254939434672,31.860030362444054,24.687213120201754,1.2905478721845975,1.0,27,36,True,True,True,True,True,False,False,False,False
exness_native-S01,15,2023-12-18 09:15:00+00:00,2023-12-18 09:00:00+00:00,9,Monday,0,2023,2023-12,SHORT,41166.53,41184.34,41002.67,41011.6,41131.80023556172,41276.34269933348,-144.54246377175878,1.0640750732032491,0.884875427724496,1.9489505009277452,42.11760835582724,7.882391644172763,25.09758368643497,13.864068364736964,22.15559279016085,8.291524425423885,135.83859580192393,0.33121993729072735,58.75,2023-12-18 08:00:00+00:00,41169.12,41748.81397378627,42097.94505373214,-50.19235870204284,0.11922757426278008,64.02777777777777,0,EMA20,True,False,0.38678082711402306,0.6772942460892261,41216.24,40996.24,85.28100401827588,0.049155061375022714,1.3373960392295603,1.8373960392295487,0.2657397843910152,40975.50228083962,41225.091578740576,2.154604864855869,0.12514493746510075,8.49274205710837,2023-12-18 09:15:00+00:00,2023-12-18 13:30:00+00:00,40975.50228083962,41225.091578740576,40226.73438713674,0.09866406650646165,24.62549508740125,-24.62549508740125,-1.0,18,Stop loss,False,494.1622808396205,249.58929790095863,48.756060141745095,24.62549508740125,1.9799017225318398,1.0,6,18,True,True,True,True,True,True,False,False,False
exness_native-S01,16,2023-12-19 10:45:00+00:00,2023-12-19 10:30:00+00:00,10,Tuesday,1,2023,2023-12,LONG,43012.42,43207.74,42974.75,43179.67,43016.38122039494,42783.786364564534,232.59485583040805,1.6841342104286603,1.1823142817592323,2.8664484921878928,61.65272969212005,11.652729692120047,28.302762904916868,22.070084534866155,13.105089566300283,8.964994968565872,138.10945374193545,0.31984833080460195,52.361111111111114,2023-12-19 09:00:00+00:00,43021.69,42128.346848051406,42117.83486767515,44.14435111972125,0.10481153947825896,58.47222222222223,0,EMA20,True,False,0.30143642789820874,1.3826977825304516,43151.41,42919.67,71.78419674664211,0.8795227262972661,1.6869953047193398,2.186995304719308,0.4032445950618861,43235.36189074838,42933.31716387742,2.72903886761565,0.29350662080102896,5.768410019257083,2023-12-19 10:45:00+00:00,2023-12-19 11:45:00+00:00,43235.36189074838,42933.31716387742,44141.49607136127,0.08132547654168079,24.563931349682747,-24.563931349682747,-1.0,5,Stop loss,False,15.92810925161757,302.0447268709613,1.2953610752957534,24.563931349682747,0.05273427355155361,1.0,1,5,True,False,False,False,False,False,False,False,False
exness_native-S01,17,2023-12-20 09:15:00+00:00,2023-12-20 09:00:00+00:00,9,Wednesday,2,2023,2023-12,LONG,42725.49,42836.59,42725.49,42820.86,42724.05419035886,42588.76014625162,135.29404410724237,1.0131882322766763,0.7249580555569272,1.7381462878336034,57.748997788576915,7.748997788576915,33.962010171816736,20.13309432373879,12.91143578266116,7.221658541077629,133.53298014844785,0.31184095823495334,48.020833333333336,2023-12-20 08:00:00+00:00,42722.49,42364.921542867436,42199.8520599436,29.73609667389246,0.07046493108945795,36.52777777777778,0,EMA20,False,False,0.0,1.0239407043591664,42958.86,42695.11,85.84158415841932,0.8584158415841933,0.8320041975884108,1.3320041975884103,0.3177986141139735,42863.296596029686,42685.430105955464,2.3123629521137534,0.04271999306511221,9.68860008533174,2023-12-20 09:15:00+00:00,2023-12-20 10:15:00+00:00,42863.296596029686,42685.430105955464,43396.89606625235,0.13775794142608772,24.50252152130854,-24.502521521308537,-0.9999999999999999,5,Stop loss,False,65.92340397031512,177.86649007422238,9.08147242275099,24.502521521308537,0.3706341983968187,1.0,2,5,True,True,False,False,False,False,False,False,False
exness_native-S01,18,2023-12-20 10:45:00+00:00,2023-12-20 10:30:00+00:00,10,Wednesday,2,2023,2023-12,LONG,42716.88,42828.9,42708.94,42817.17,42760.28956054984,42635.47044374019,124.81911680965277,0.878048377884763,0.4001292339597793,1.2781776118445423,54.69548147341252,4.695481473412521,27.731706343791934,16.103873374381006,14.22395428190611,1.8799190924748963,142.15517043644525,0.3320050588033848,54.44444444444444,2023-12-20 09:00:00+00:00,42762.59,42380.516384323615,42205.451442431724,29.266185264197702,0.06934219221447449,36.25,0,EMA20,True,False,0.36122189852247827,0.5168264793622848,42929.22,42630.8,83.60286762254219,0.9022174058019066,0.8438665975475782,1.3438665975476083,0.28251546506533265,42857.33103408729,42666.293448869066,2.317215747123375,0.04834480716756776,9.77171049512728,2023-12-20 10:45:00+00:00,2023-12-20 13:30:00+00:00,42857.33103408729,43430.44378974197,43430.44378974197,0.12793956325183617,24.44126521750527,73.32379565251581,3.0000000000000004,12,Take profit,False,573.112755654678,142.48103408729366,73.32379565251581,18.228961272798333,3.0,0.7458272356433671,12,4,True,True,True,True,True,True,True,True,True
exness_native-S01,19,2023-12-20 17:30:00+00:00,2023-12-20 17:15:00+00:00,17,Wednesday,2,2023,2023-12,LONG,43626.27,43912.25,43576.66,43907.26,43685.16993775811,43284.52509797535,400.6448397827626,1.6050766856165413,0.889744595749376,2.494821281365917,59.610358886262716,9.610358886262716,40.137329099636275,22.0829144661723,16.675053466060763,5.407861000111538,249.611026920416,0.5684960230276633,95.72916666666667,2023-12-20 16:00:00+00:00,43684.08,42644.78549697311,42288.78488360101,70.56372393321362,0.1668615547300278,74.58333333333333,0,EMA20,True,False,0.4347161225080927,1.1703605631084486,44156.18,43477.2,83.73014690545254,0.9851306653952799,1.3444518222626172,1.844451822262629,0.21999110400515903,43962.172205384086,43501.77669192388,2.701734813813881,0.23710228554266685,6.379019784561989,2023-12-20 17:45:00+00:00,2023-12-20 20:00:00+00:00,43962.172205384086,43501.77669192388,45343.35874576471,0.05348569650812831,24.624574706636558,-24.624574706636558,-1.0,10,Stop loss,False,323.5577946159174,460.39551346020744,17.305714005666267,24.624574706636558,0.7027822495144338,1.0,6,10,True,True,True,False,False,False,False,False,False
exness_native-S02,1,2024-01-02 11:00:00+00:00,2024-01-02 10:45:00+00:00,10,Tuesday,1,2024,2024-01,LONG,45594.06,45634.14,45461.07,45615.98,45569.422330284506,45089.64952809669,479.7728021878138,2.3973557083853496,0.23264198127236527,2.629997689657715,56.587244431002894,6.587244431002894,48.44109020630771,16.591105745990685,12.567168030479598,4.023937715511087,200.12583051805316,0.43871869138414465,93.09462915601023,2024-01-02 09:00:00+00:00,45702.9,43586.07927944211,42996.89222051954,127.64667765717604,0.2968741950057935,100.0,0,EMA20,True,False,0.5414210149885258,1.8559346933968242,45856.06,45532.47,12.665395504712293,0.8950713584099136,0.8648059051247121,1.364805905124711,0.2907429088638134,45674.16516610361,45401.03225084458,2.5578668416452284,0.3379856640848785,5.207296385910538,2024-01-02 11:00:00+00:00,2024-01-02 11:30:00+00:00,45674.16516610361,45401.03225084458,46493.56391188069,0.09153052819097694,25.0,-25.0,-1.0,3,Stop loss,False,61.47483389639092,273.13291525902605,5.626824016989234,25.0,0.22507296067956936,1.0,1,3,True,False,False,False,False,False,False,False,False
exness_native-S02,2,2024-01-02 13:30:00+00:00,2024-01-02 13:15:00+00:00,13,Tuesday,1,2024,2024-01,LONG,45498.68,45604.42,45356.39,45584.71,45509.07211542553,45215.891872250555,293.18024317497475,1.4119218631174728,0.3642632319085439,1.7761850950260167,54.30654733724491,4.306547337244908,29.229933428130977,15.82222062826563,18.354379641213786,-2.5321590129481564,207.64622379856297,0.45551726400927633,94.92814877430263,2024-01-02 12:00:00+00:00,45326.45,43799.04008976249,43070.04394673917,128.91596357688104,0.299317000317668,99.31740614334471,0,EMA20,True,False,0.7352992634898425,0.6766225996276303,45637.4,45290.8,34.68532032415403,0.920533806394391,1.1944835569974634,1.6944835569974426,0.2949210615990616,45645.94924475971,45294.09613286043,2.698521915526899,0.30753799039632296,5.521213261559161,2024-01-02 13:30:00+00:00,2024-01-02 14:45:00+00:00,45645.94924475971,45294.09613286043,46701.508580457536,0.07087474618425085,24.9375,-24.937499999999996,-0.9999999999999999,6,Stop loss,False,190.93075524028973,351.853111899276,13.532168816422859,24.937499999999996,0.5426433610595632,1.0,3,6,True,True,True,False,False,False,False,False,False
exness_native-S02,3,2024-01-07 19:45:00+00:00,2024-01-07 19:30:00+00:00,19,Sunday,6,2024,2024-01,LONG,44156.12,44241.29,44097.08,44206.64,44117.12067584425,44095.00803034287,22.11264550138003,0.1709225265621793,0.6919510856303734,0.8628736121925528,56.35122131647196,6.351221316471957,22.209470019795273,21.529046853310057,23.77556046892153,-2.246513615611473,129.37232994467672,0.2926536148069085,36.0781990521327,2024-01-07 18:00:00+00:00,44088.41,43932.47087517646,43649.585610735914,22.87524237127218,0.05240655106161158,59.665871121718375,0,both,True,False,0.15490697162845954,0.01601555493371974,44174.86,44017.68,35.03224464322662,0.7597254004576544,1.1146896717533603,1.6146896717533419,0.46783161449452,44267.164465988935,44058.2683010166,1.4514544347638203,0.0765481431064961,13.468512151057716,2024-01-07 19:45:00+00:00,2024-01-07 22:15:00+00:00,44267.164465988935,44058.2683010166,44893.85296090594,0.11907904701502926,24.87515625,-24.87515625,-1.0,11,Stop loss,False,22.3055340110659,208.8961649723351,2.656121733199051,24.87515625,0.10677809242701945,1.0,2,11,True,False,False,False,False,False,False,False,False
exness_native-S02,4,2024-01-08 10:30:00+00:00,2024-01-08 10:15:00+00:00,10,Monday,0,2024,2024-01,LONG,43791.91,44008.91,43764.72,43980.12,43832.25328884427,43827.39871381414,4.854575030134583,0.029442301099407295,0.8967903895607087,0.9262326906601159,56.92669027068672,6.92669027068672,21.61896681395494,24.96960815109949,19.628785882465937,5.340822268633552,164.88436191668154,0.37490657578169756,66.1705781339439,2024-01-08 09:00:00+00:00,43702.14,43871.39245346036,43671.98924601977,6.785437126229226,0.015537275135337796,25.34562211981567,1,both,True,True,0.4095797082224043,0.380137407122997,43906.64,43624.61,77.07522830582634,0.8821000040951693,1.480977317445029,1.9809773174450025,0.3746072196618966,44041.88687238334,43715.254691425,2.3095758564299977,0.005029316404421582,11.318136361874489,2024-01-08 10:45:00+00:00,2024-01-08 12:00:00+00:00,44041.88687238334,45021.78341525835,45021.78341525835,0.0759660860316144,24.812968359375,74.438905078125,3.0000000000000004,6,Take profit,False,979.8965428750162,119.9768723833331,74.438905078125,9.114173409276303,3.0,0.3673149168318963,6,3,True,True,True,True,True,True,True,True,True
exness_native-S02,5,2024-01-08 12:45:00+00:00,2024-01-08 12:30:00+00:00,12,Monday,0,2024,2024-01,LONG,44560.65,44985.1,44533.83,44917.77,44237.671798571006,44020.16056728737,217.51123128363542,0.8060076187610704,2.520165642125669,3.326173260886739,66.68702177627384,16.687021776273838,27.21150822507855,31.935677951003267,13.389514730936742,18.546163220066525,269.86250032968184,0.6007922929604071,96.5261958997722,2024-01-08 11:00:00+00:00,44634.07,43909.577970303086,43685.69055596716,18.445198773195443,0.04222251849164362,50.917431192660544,4,EMA20,False,False,0.0,1.9034487269817002,45189.72,43921.91,79.13665876304604,0.8507988565603691,1.6722219628466186,2.1722219628466357,0.4494974289415863,45039.07250006594,44452.871249901094,3.1438535198305804,0.08843491745940055,8.526140715504273,2024-01-08 12:45:00+00:00,2024-01-08 18:30:00+00:00,45039.07250006594,46797.676250560464,46797.676250560464,0.042645875652841864,24.99906562207031,74.99719686621094,3.0000000000000004,24,Take profit,False,1758.603750494527,362.0625000659347,74.99719686621094,15.440472356368902,3.0,0.6176419786960897,24,10,True,True,True,True,True,True,True,True,True
exness_native-S02,6,2024-01-10 18:30:00+00:00,2024-01-10 18:15:00+00:00,18,Wednesday,2,2024,2024-01,LONG,46244.82,46404.37,46121.15,46352.65,45656.07842856248,45610.461040419,45.61738814348064,0.12043313087198237,1.8389982118392314,1.9594313427112138,65.86749782167325,15.867497821673254,32.30178858670501,27.36425518396783,11.386778180342713,15.977477003625118,378.7777317852084,0.8171652144703883,97.51395230847285,2024-01-10 17:00:00+00:00,46408.11,45720.161249055906,44695.92791084994,38.08484420255991,0.08520875610530687,70.20408163265306,3,EMA50,False,False,0.0,1.3482549704653513,46654.05,45198.25,38.07287620930771,0.8173857778405447,0.7477208300106863,1.2477208300106772,0.33654445776481634,46480.12554635704,46007.51668046444,6.106425899077392,0.01767016373794583,8.136957728097903,2024-01-10 18:30:00+00:00,2024-01-10 20:00:00+00:00,46480.12554635704,46007.51668046444,47897.95214403485,0.053292607125908976,25.186558614235835,-25.186558614235835,-1.0,7,Stop loss,False,238.74445364296116,472.6088658926019,12.723314371484117,25.186558614235835,0.5051628754193,1.0,3,7,True,True,True,False,False,False,False,False,False
exness_native-S02,7,2024-01-11 14:00:00+00:00,2024-01-11 13:45:00+00:00,13,Thursday,3,2024,2024-01,LONG,47023.65,47323.07,47011.76,47312.32,46896.44103518381,46581.700349244195,314.7406859396142,1.2154534304349964,1.6060253313693789,2.821478761804375,64.89916603288876,14.899166032888758,34.11787715225679,23.750779140188996,14.205462248320801,9.545316891868195,258.94919382223657,0.5473187402821011,86.09077598828698,2024-01-11 12:00:00+00:00,47446.57,46131.23338916409,45003.33291273453,89.76661342495936,0.19946658972797596,87.81925343811395,0,EMA20,False,False,0.0,1.6607877568873022,47455.34,46797.51,92.72750634415868,0.9654685040634734,1.2022049399146064,1.7022049399146024,0.2415139349975262,47374.859838764445,46934.07524185333,4.957561110025053,0.13749095048574425,11.415735700671375,2024-01-11 14:00:00+00:00,2024-01-11 14:45:00+00:00,47374.859838764445,48697.21362949779,48697.21362949779,0.05699743682914236,25.12359221770025,75.37077665310075,3.0,4,Take profit,False,1322.3537907333448,0.0,75.37077665310075,0.0,3.0,0.0,4,0,True,True,True,True,True,True,True,True,True
exness_native-S02,8,2024-01-13 10:45:00+00:00,2024-01-13 10:30:00+00:00,10,Saturday,5,2024,2024-01,SHORT,42802.63,42865.21,42673.29,42741.52,42951.86046983113,43098.10626382444,-146.24579399330833,0.8082492186006014,1.1624780155310126,1.970727234131614,41.13742917840272,8.86257082159728,24.287425488264052,11.213227675325514,24.800919586235846,13.587691910910332,180.94146041553563,0.4233388527491199,64.00359066427289,2024-01-13 09:00:00+00:00,42921.02,44497.814208487325,44902.6247032123,-93.36707790543005,0.20793233919519774,87.36462093862815,2,EMA20,False,False,0.0,1.287135979170226,43051.02,42619.0,31.841392246770077,0.35551271363066145,1.060674538379707,1.5606745383796963,0.5770832834183064,42637.101707916896,42919.49243812466,4.555648462143229,0.23089813896505476,5.524918786315889,2024-01-13 10:45:00+00:00,2024-01-13 14:45:00+00:00,42637.101707916896,42919.49243812466,41789.9295172936,0.08963473815415299,25.312019159332998,-25.312019159332998,-1.0,17,Stop loss,False,182.09170791689394,282.39073020776414,16.321742559173295,25.312019159332998,0.6448218317326603,1.0,7,17,True,True,True,False,False,False,False,False,False
exness_native-S02,9,2024-01-14 20:00:00+00:00,2024-01-14 19:45:00+00:00,19,Sunday,6,2024,2024-01,SHORT,42709.88,42781.35,42588.67,42626.8,42828.872340279304,42846.30727792831,-17.434937649006315,0.14405000440917196,1.6695512249144184,1.8136012293235904,32.25337677449136,17.746623225508642,19.555677928616973,7.814192474675297,22.3145211747675,14.500328700092203,121.03392652097827,0.2839385703852465,26.090639559508684,2024-01-14 18:00:00+00:00,42874.79,43286.9713726254,44321.72744598428,-73.74123088924534,0.16637715887566693,78.02385008517888,2,both,False,False,0.0,0.5366865291034982,42951.75,42625.92,43.118123313262586,0.19789287938553352,1.591950336062211,2.091950336062205,0.5150356358421162,42564.4632146958,42817.66017795629,1.4010530767255693,0.02757788970106913,19.40333973267617,2024-01-14 20:00:00+00:00,2024-01-14 23:30:00+00:00,42564.4632146958,41804.87232491434,41804.87232491434,0.09971975487501719,25.248739111434666,75.746217334304,3.0000000000000004,15,Take profit,False,759.5908897814661,163.3067853041939,75.746217334304,16.284912599961277,3.0,0.64497924146185,15,4,True,True,True,True,True,True,True,True,True
exness_native-S02,10,2024-01-15 15:45:00+00:00,2024-01-15 15:30:00+00:00,15,Monday,0,2024,2024-01,SHORT,42400.9,42444.05,42319.48,42365.88,42525.26721730675,42562.6099364773,-37.34271917055594,0.21366848756722107,0.9119856940234252,1.1256541815906462,41.59586592157753,8.404134078422473,19.492097635937462,12.601654539691037,22.74799822729463,10.146343687603594,174.7694271426326,0.41252401022387025,63.52459016393443,2024-01-15 14:00:00+00:00,42186.59,42862.752178404495,43991.32789316997,-72.40159040768776,0.1645815070268173,76.11202635914333,4,both,False,False,0.0,0.6783791559867143,42643.97,42115.58,28.112707714541347,0.3724813357950894,0.7127676850387328,1.212767685038725,0.46549265943480594,42284.526114571476,42496.48082814279,2.4255165149964752,0.06819956748448848,12.067414910918096,2024-01-15 15:45:00+00:00,2024-01-15 16:45:00+00:00,42284.526114571476,42496.48082814279,41648.66197385753,0.12001669708662308,25.438104654770427,-25.438104654770427,-1.0,5,Stop loss,False,187.47611457147286,211.95471357131464,22.5002640535015,25.438104654770427,0.8845102400065018,1.0,1,5,True,True,True,True,False,False,False,False,False
exness_native-S02,11,2024-01-17 10:00:00+00:00,2024-01-17 09:45:00+00:00,9,Wednesday,2,2024,2024-01,SHORT,42771.13,42773.14,42631.61,42651.65,42768.28728311937,42870.807678443045,-102.5203953236778,0.8903212567184482,1.0129170118706663,1.9032382685891145,37.57269243071561,12.427307569284388,35.26012380999826,10.983714231561533,23.798909332273546,12.815195100712012,115.14989061538094,0.26997757558120483,19.816021464162514,2024-01-17 08:00:00+00:00,42692.19,42889.078419133555,43606.39269107043,-44.50067433860386,0.10205080400451595,61.47919876733437,0,EMA20,True,False,0.042142609556105146,0.848178647162343,42804.8,42623.5,84.42026425492611,0.14159542146542103,1.2290936556138963,1.7290936556139205,0.37403403418714704,42608.58002187692,42807.684967184614,2.910544662586987,0.034047688191293675,9.851409129425116,2024-01-17 10:00:00+00:00,2024-01-17 10:30:00+00:00,42608.58002187692,42807.684967184614,42011.265185953846,0.12744288874352333,25.374509393133504,-25.374509393133504,-1.0,3,Stop loss,False,31.20002187692444,199.1049453076921,3.9762209168563754,25.374509393133504,0.15670139096097618,1.0,1,3,True,False,False,False,False,False,False,False,False
exness_native-S02,12,2024-01-17 12:00:00+00:00,2024-01-17 11:45:00+00:00,11,Wednesday,2,2024,2024-01,SHORT,42733.06,42741.72,42625.36,42661.72,42749.051530596036,42833.64893435732,-84.5974037612832,0.7033243337053082,0.7260552669115313,1.4293796006168396,40.621764173333275,9.378235826666725,28.34713470894647,13.40366131867602,18.440649171354533,5.036987852678513,120.28220794750631,0.28194411277254244,24.11157814291173,2024-01-17 10:00:00+00:00,42828.42,42877.75387325631,43589.24626863395,-44.62446534696937,0.10237494145220022,61.44393241167435,0,EMA20,False,False,0.0,0.7642770774330808,42832.65,42611.65,61.3097284290101,0.31247851495359574,0.9673916199707819,1.4673916199707593,0.5022890967870021,42601.3035584105,42777.80466238425,2.9089055029794775,0.030094517316862017,9.982742449821764,2024-01-17 12:00:00+00:00,2024-01-17 14:45:00+00:00,42601.3035584105,42777.80466238425,42071.80024648925,0.14340461645732763,25.31107311965067,-25.311073119650672,-1.0000000000000002,12,Stop loss,False,269.1335584105036,176.50110397375101,38.59499471965405,25.311073119650672,1.5248264874905755,1.0,11,12,True,True,True,True,True,True,False,False,False
exness_native-S02,13,2024-01-17 16:00:00+00:00,2024-01-17 15:45:00+00:00,15,Wednesday,2,2024,2024-01,SHORT,42586.9,42657.78,42442.43,42458.99,42625.32199692973,42723.66811090498,-98.34611397525441,0.520517124693137,0.8803464548494049,1.400863579542542,39.89560155113598,10.104398448864018,23.514530127935704,14.28138723034087,18.274354273947726,3.992967043606855,188.93924773989494,0.44499232727838073,70.64185339916446,2024-01-17 14:00:00+00:00,42554.17,42842.207998272606,43551.99544696442,-44.897316831680655,0.10308900056337145,61.52671755725191,0,EMA20,True,False,0.17179068646951828,0.34872643822361876,42908.22,42332.17,59.396331553287375,0.07689807290456366,1.1397843623070958,1.6397843623070938,0.2876472209881873,42404.64215045202,42714.461774321964,1.7070396411481428,0.13937071075254814,11.417402402281066,2024-01-17 16:15:00+00:00,2024-01-17 20:30:00+00:00,42404.64215045202,42714.461774321964,41475.18327884218,0.0814919181731688,25.247795436851543,-25.247795436851543,-1.0,18,Stop loss,False,259.1521504520206,309.81962386994564,21.11880583903679,25.247795436851543,0.8364613810286143,1.0,4,18,True,True,True,True,False,False,False,False,False
exness_native-S02,14,2024-01-18 14:00:00+00:00,2024-01-18 13:45:00+00:00,13,Thursday,3,2024,2024-01,SHORT,42526.99,42613.95,42451.33,42478.69,42508.57838495738,42584.571158926614,-75.99277396923571,0.6294090241071694,0.2475501054320904,0.8769591295392598,45.416757921286774,4.583242078713226,36.949407925895116,17.291986966946492,20.920525483154982,3.62853851620849,120.7367086562401,0.28422888901762294,25.83608967291437,2024-01-18 12:00:00+00:00,42390.37,42698.5270529558,43362.40953996318,-42.10094827920693,0.09709088753568071,59.67503692762186,0,EMA20,True,True,0.8727388398720687,0.24332981576489932,42533.76,42305.5,29.70114377075207,0.16824498831632864,1.3468977398001198,1.8468977398000774,0.42660879449593164,42427.18265826876,42650.17101259687,1.5252970767193417,0.0221530375012625,16.540807363024822,2024-01-18 14:00:00+00:00,2024-01-18 14:45:00+00:00,42427.18265826876,42650.17101259687,41758.217595284426,0.11294166470775462,25.184675948259414,-25.184675948259414,-1.0,4,Stop loss,False,57.33265826875868,222.9883543281103,6.475245866994418,25.184675948259414,0.25711054929979915,1.0,1,4,True,True,False,False,False,False,False,False,False
exness_native-S02,15,2024-01-18 16:15:00+00:00,2024-01-18 16:00:00+00:00,16,Thursday,3,2024,2024-01,SHORT,42585.88,42586.62,42420.68,42439.44,42550.317259242795,42583.20648586746,-32.889226624662115,0.25146250490501343,0.8477387949672264,1.0992012998722398,41.85116870962552,8.148831290374481,24.818390077318426,17.55337329701806,24.919458215059958,7.366084918041899,130.79177206592124,0.3081844908083642,36.37362637362637,2024-01-18 15:00:00+00:00,42585.03,42685.93239020585,43339.46670578499,-41.47337007299939,0.09569423259069196,59.26470588235294,0,EMA50,True,True,0.2775613494930774,0.02609884458806401,42787.72,42477.75,88.24876461371159,0.11305291069062176,1.2687342435911473,1.7687342435911868,0.3434340991308593,42394.521645586814,42625.85753161978,1.4501673800113244,0.0036398381246795734,15.464895385345946,2024-01-18 16:15:00+00:00,2024-01-18 16:45:00+00:00,42394.521645586814,41700.51398748791,41700.51398748791,0.10859410828637552,25.121714258388764,75.36514277516629,3.0,3,Take profit,False,694.0076580989044,47.73835441318806,75.36514277516629,5.184104028559117,3.0,0.20635948547293168,3,2,True,True,True,True,True,True,True,True,True
exness_native-S02,16,2024-01-19 15:15:00+00:00,2024-01-19 15:00:00+00:00,15,Friday,4,2024,2024-01,SHORT,40907.53,40997.43,40769.04,40855.43,41173.42263288466,41253.06441165982,-79.64177877515613,0.4713778794487958,1.8821113148752382,2.353489194324034,32.41637730613043,17.58362269386957,18.5199733875733,10.316765269011288,24.32965442658505,14.012889157573763,168.95527399012653,0.4135442314280538,64.3160878809355,2024-01-19 14:00:00+00:00,40902.2,41819.36689965254,42910.23707283244,-83.50843976854958,0.19461192821379422,82.07681365576103,3,both,False,False,0.0,1.513030079633727,41421.5,40786.74,22.81185691142286,0.378256491089801,1.351777867634639,1.8517778676346388,0.7113187529443491,40735.24894520197,41048.116582197035,2.9004235533759757,0.20875081899100464,8.437016922721224,2024-01-19 15:15:00+00:00,2024-01-19 15:15:00+00:00,40735.24894520197,41048.116582197035,39796.646034216785,0.08089723615525661,25.310127115326683,-25.310127115326683,-1.0,1,Stop loss,False,0.0,312.86763699506264,0.0,25.310127115326683,0.0,1.0,0,1,True,False,False,False,False,False,False,False,False
exness_native-S02,17,2024-01-22 07:15:00+00:00,2024-01-22 07:00:00+00:00,7,Monday,0,2024,2024-01,SHORT,41174.42,41179.25,41035.25,41088.29,41142.10349193088,41321.26104427347,-179.15755234259268,1.183368376680513,0.35544794934450175,1.5388163260250147,44.91598162956724,5.084018370432759,35.91704557473801,19.584627374174648,25.353015152133118,5.76838777795847,151.39626499497192,0.3684657234335425,53.47222222222222,2024-01-22 06:00:00+00:00,41172.13,41552.12485929271,42270.66775757055,-60.086368302523624,0.1421467213319864,71.25,0,EMA20,True,False,0.24535947482160989,0.9380089018589031,41270.94,40961.48,59.81249999999818,0.3683333333333394,0.951146317941083,1.4511463179411184,0.5503388937749855,41004.970747001,41224.668879498495,1.5505962697747706,0.1106128417600924,7.873013519191303,2024-01-22 07:30:00+00:00,2024-01-22 10:15:00+00:00,41004.970747001,40345.87634950853,40345.87634950853,0.11491609651177465,25.246851797538366,75.7405553926151,3.0,12,Take profit,False,659.094397492474,49.74925299899769,75.7405553926151,5.716989959021513,3.0,0.22644367721043676,12,2,True,True,True,True,True,True,True,True,True
exness_native-S02,18,2024-01-22 11:30:00+00:00,2024-01-22 11:15:00+00:00,11,Monday,0,2024,2024-01,SHORT,40802.55,40836.56,40732.44,40770.54,40839.07206620617,41066.06869177987,-226.99662557369447,1.164186558951729,0.35147707651060534,1.5156636354623345,45.28439346030136,4.715606539698641,35.713120250012814,15.916887221930201,26.415291009724466,10.498403787794265,194.98303242573897,0.4782449102360159,76.70138888888889,2024-01-22 10:00:00+00:00,40676.55,41444.71334590287,42214.18358009073,-67.52475795791543,0.1599575124550361,74.72222222222223,0,EMA20,False,False,0.0,1.1770700707882333,40856.92,40319.86,30.743373031121273,0.36592393392239964,0.5339951825790297,1.0339951825790183,0.39540161790492406,40693.443393514855,40895.05490972772,2.0808615041868697,0.17014631997221125,7.717272389541507,2024-01-22 11:30:00+00:00,2024-01-22 11:30:00+00:00,40693.443393514855,40895.05490972772,40088.60884487627,0.12616443576151776,25.436203186019902,-25.436203186019902,-1.0,1,Stop loss,False,0.0,201.61151621286263,0.0,25.436203186019902,0.0,1.0,0,1,True,False,False,False,False,False,False,False,False
exness_native-S02,19,2024-01-22 14:30:00+00:00,2024-01-22 14:15:00+00:00,14,Monday,0,2024,2024-01,SHORT,40764.8,40805.13,40509.47,40555.95,40822.7603043976,40971.42414590936,-148.66384151176317,0.7353545240413271,1.319757127250709,2.055111651292036,40.09019298016259,9.909807019837409,22.371904514220127,17.5503448667268,26.42037247199459,8.87002760526779,202.16621595627558,0.4984871910441639,78.99305555555556,2024-01-22 13:00:00+00:00,40913.69,41377.1231920764,42173.73819932778,-71.02991105442197,0.168422136825315,76.38888888888889,0,EMA20,False,False,0.0,0.8225615003118504,41173.73,40710.82,70.63857133193821,0.15720760332813544,1.4624599792872486,1.962459979287233,0.4299098283070639,40469.036756808746,40865.77986478688,2.3414572708845625,0.17661922351966386,8.841173712588878,2024-01-22 14:30:00+00:00,2024-01-23 09:00:00+00:00,40469.036756808746,39278.80743287435,39278.80743287435,0.06395224559125406,25.372612678054853,76.11783803416456,3.0,75,Take profit,False,1190.2293239343926,352.1532431912565,76.11783803416456,22.520990694323853,3.0,0.887610234708016,75,7,True,True,True,True,True,True,True,True,True
exness_native-S02,20,2024-01-24 19:30:00+00:00,2024-01-24 19:15:00+00:00,19,Wednesday,2,2024,2024-01,SHORT,39793.05,39833.71,39680.94,39711.69,39929.01277924419,39935.38047420204,-6.3676949578439235,0.03549476065102756,1.2113991144922094,1.2468938751432368,39.32830670859308,10.671693291406918,21.069930879374258,9.896686072195063,20.934030889527737,11.037344817332674,179.39816584337444,0.45175152667482654,66.875,2024-01-24 18:00:00+00:00,39746.05,39959.08271080058,41170.25189978817,-60.54665360222134,0.147064083429941,64.72222222222223,4,both,False,False,0.0,0.566730845458041,40153.04,39573.85,53.25652942331759,0.20128297440597398,0.8515694643911484,1.3515694643911549,0.3714064347059551,39645.06036683133,39887.52944975301,2.3634127551592035,0.07026322489746328,10.517004071801326,2024-01-24 19:30:00+00:00,2024-01-24 20:00:00+00:00,39645.06036683133,39887.52944975301,38917.65311806627,0.10542749188933417,25.56290727314026,-25.56290727314026,-1.0,3,Stop loss,False,66.84036683132581,242.46908292168519,7.046812231989723,25.56290727314026,0.27566552413989415,1.0,2,3,True,True,False,False,False,False,False,False,False
exness_native-S02,21,2024-01-25 13:45:00+00:00,2024-01-25 13:30:00+00:00,13,Thursday,3,2024,2024-01,SHORT,39821.26,39948.71,39768.41,39814.85,39980.412565749975,39989.82751737504,-9.414951625061803,0.07304091786278753,1.2844295167599475,1.357470434622735,35.16628283932225,14.83371716067775,18.75316526836274,17.888577556230903,21.13192378566999,3.243346229439087,128.89968938709734,0.32374777096258645,34.75694444444444,2024-01-25 12:00:00+00:00,39840.62,39962.737252966595,40969.84832520396,-47.961670889322704,0.11706577605223277,50.27777777777778,4,both,False,False,0.0,0.31898849074460073,40144.02,39753.6,3.5551858014440643,0.25757071547418847,1.3987620983208,1.8987620983208418,0.5602801544426823,39742.63006212258,39987.37990681613,1.9533664437599199,0.020441202154958496,14.673617138148904,2024-01-25 13:45:00+00:00,2024-01-25 14:15:00+00:00,39742.63006212258,39987.37990681613,39008.38052804193,0.1041839272130473,25.49900000495741,-25.49900000495741,-1.0,3,Stop loss,False,53.200062122581585,244.74984469354968,5.542591399908634,25.49900000495741,0.2173650495639463,1.0,1,3,True,False,False,False,False,False,False,False,False
exness_native-S02,22,2024-01-27 16:15:00+00:00,2024-01-27 16:00:00+00:00,16,Saturday,5,2024,2024-01,LONG,41798.73,41861.21,41776.91,41855.83,41767.460131878484,41730.0103791019,37.44975277658523,0.4430517338849589,1.0454654675024384,1.4885172013873973,59.2318117379103,9.231811737910299,19.5691834920176,17.152805627925765,9.432558453164544,7.720247174761221,84.52681687576758,0.20194753484942857,4.548611111111111,2024-01-27 15:00:00+00:00,41801.37,41178.386580448045,41008.92629283135,37.94368084146845,0.092525418906423,37.77777777777778,3,EMA20,False,False,0.0,0.5548490127935914,41879.88,41713.88,67.73428232503143,0.936180308422329,0.9973166282115496,1.4973166282115116,0.2636484396177458,41878.11536337515,41751.55195493728,1.5534290884314033,0.05395688111012821,12.611933888901788,2024-01-27 16:15:00+00:00,2024-01-27 18:00:00+00:00,41878.11536337515,41751.55195493728,42257.80558868878,0.20096845382786876,25.43525250494502,-25.43525250494502,-1.0,8,Stop loss,False,15.424636624848063,126.5634084378762,3.0998653733524315,25.43525250494502,0.12187279732134634,1.0,1,8,True,False,False,False,False,False,False,False,False
exness_native-S02,23,2024-01-28 07:15:00+00:00,2024-01-28 07:00:00+00:00,7,Sunday,6,2024,2024-01,LONG,42399.57,42465.45,42364.67,42465.45,42367.64307528941,42198.95757625295,168.68549903645908,1.335183959297073,0.7741639780994403,2.109347937396513,57.95147781941428,7.951477819414279,38.48275685607191,26.257559985564395,16.916814730114766,9.34074525544963,126.33876992146163,0.2975095516978194,31.006944444444446,2024-01-28 06:00:00+00:00,42402.28,41619.156497767726,41164.55374151013,62.84610630945099,0.15267044240073296,66.25,0,EMA20,True,False,0.023532564795892812,1.31165139450118,42550.35,42277.62,65.37011311768023,1.0,0.7976965428953331,1.2976965428953482,0.1999999999999945,42490.71775398429,42326.76836902356,1.4740724849133024,0.17713476016877977,6.4100856132894695,2024-01-28 07:15:00+00:00,2024-01-28 08:00:00+00:00,42490.71775398429,42326.76836902356,42982.56590886648,0.15475303173451713,25.371664373682655,-25.371664373682655,-1.0,4,Stop loss,False,34.73224601570837,163.94938496073155,5.374920369879973,25.371664373682655,0.21184736999182577,1.0,1,4,True,False,False,False,False,False,False,False,False
exness_native-S02,24,2024-01-28 08:30:00+00:00,2024-01-28 08:15:00+00:00,8,Sunday,6,2024,2024-01,LONG,42364.0,42547.08,42348.56,42496.06,42389.236910772044,42239.29449410973,149.94241666231392,1.2184358170992153,0.8680470870470981,2.0864829041463135,58.66099040505027,8.66099040505027,32.10980494471645,27.69823403306702,18.352928543108465,9.345305489958555,123.06139934337168,0.2895830798040375,28.506944444444443,2024-01-28 07:00:00+00:00,42391.88,41649.45938020821,41176.76594308714,65.09788634617144,0.1580937328496053,67.22222222222223,0,EMA20,True,False,0.3305415913445606,0.8878942257546548,42525.45,42305.02,66.52226475921567,0.742998186580682,1.613178470741132,2.1131784707411656,0.6145897923494985,42571.69227986868,42311.641580196985,1.4631982840370963,0.20362564198380323,6.438889002404249,2024-01-28 08:30:00+00:00,2024-01-28 12:15:00+00:00,42571.69227986868,42311.641580196985,43351.84437888376,0.09732038884994086,25.30823521274845,-25.30823521274845,-1.0,16,Stop loss,False,120.70772013132228,260.050699671694,11.747322260370119,25.30823521274845,0.46416994948951124,1.0,5,16,True,True,False,False,False,False,False,False,False
exness_native-S02,25,2024-01-30 12:15:00+00:00,2024-01-30 12:00:00+00:00,12,Tuesday,1,2024,2024-01,LONG,43514.28,43676.23,43486.14,43608.5,43439.225012236624,43342.96656738224,96.25844485438574,0.923511990761592,1.6240391289510516,2.5475511197126437,67.87370072793351,17.87370072793351,18.06154794216885,26.74372495257076,11.101671968188427,15.642052984382332,104.23085549220033,0.23901499820493788,14.166666666666666,2024-01-30 11:00:00+00:00,43514.66,42741.864911487326,41788.02068863604,83.56037854244641,0.1999625183615602,77.63888888888889,2,EMA20,False,False,0.0,1.3736185119239945,43550.46,43395.62,49.565995054973584,0.643695091798612,1.8237401880888173,2.3237401880888426,0.8498075803001783,43697.076171098444,43454.87074335234,2.239430967583032,0.2077015389974703,6.660552377253605,2024-01-30 12:15:00+00:00,2024-01-30 12:15:00+00:00,43697.076171098444,43454.87074335234,44423.692454336764,0.10422955777514524,25.24496462471658,-25.24496462471658,-1.0,1,Stop loss,False,0.0,242.20542774610658,0.0,25.24496462471658,0.0,1.0,0,1,True,False,False,False,False,False,False,False,False
exness_native-S02,26,2024-01-30 15:00:00+00:00,2024-01-30 14:45:00+00:00,14,Tuesday,1,2024,2024-01,LONG,43417.0,43461.99,43361.95,43461.99,43363.392038445876,43334.89124947369,28.500788972189184,0.18444486189597217,0.6380836481340922,0.8225285100300644,55.614538228214535,5.614538228214535,20.698965996559934,22.47224971827545,12.760419099396119,9.71183061887933,154.5220001209021,0.3555336516365268,44.513888888888886,2024-01-30 13:00:00+00:00,43271.76,42786.67244616727,41818.46300018999,80.58278583845822,0.19269667045891217,74.58333333333333,0,both,True,False,0.009332253302123436,0.17511260859384872,43494.37,43108.13,44.972011195519364,1.0,0.6474159014362157,1.147415901436191,0.19999999999998075,43492.894400024175,43315.59339996373,2.267871337628262,0.23905481928375405,6.95757927610506,2024-01-30 15:15:00+00:00,2024-01-30 15:45:00+00:00,43492.894400024175,43315.59339996373,44024.79740020552,0.14202882219823582,25.181852213154787,-25.181852213154784,-0.9999999999999999,3,Stop loss,False,103.33559997582779,177.30100006044813,14.676633555714867,25.181852213154784,0.5828258156502053,1.0,1,3,True,True,True,False,False,False,False,False,False
exness_native-S02,27,2024-01-30 17:00:00+00:00,2024-01-30 16:45:00+00:00,16,Tuesday,1,2024,2024-01,LONG,43364.55,43500.12,43347.59,43483.2,43384.38638260567,43353.97551446013,30.410868145540007,0.19541027299187486,0.6349439239264886,0.8303541969183634,55.59657242584305,5.59657242584305,19.981631288989163,23.238303878285137,15.191324041178145,8.046979837106992,155.62573901528958,0.35789854246074254,44.895833333333336,2024-01-30 15:00:00+00:00,43380.11,42835.388997788395,41850.192557375405,79.525027647549,0.19002308660473302,73.47222222222223,0,both,True,True,0.23644149636492906,0.04103122337305419,43562.81,43206.31,77.78797613583521,0.8890710024257205,0.9801077955685767,1.4801077955685766,0.3087223752771778,43531.24514780306,43300.90227829541,1.6633959877880005,0.05265252301252901,13.349899352308597,2024-01-30 17:00:00+00:00,2024-01-30 17:30:00+00:00,43531.24514780306,43300.90227829541,44222.273756326016,0.10905003326698406,25.1188975826219,-25.1188975826219,-1.0,3,Stop loss,False,65.50485219693655,230.3428695076509,7.143306311224805,25.1188975826219,0.2843797697621406,1.0,1,3,True,True,False,False,False,False,False,False,False
exness_native-S03,1,2024-02-09 15:30:00+00:00,2024-02-09 15:15:00+00:00,15,Friday,4,2024,2024-02,LONG,46859.75,47174.8,46710.93,47154.9,47045.72917093384,46628.48626134146,417.2429095923799,1.3931029035003721,0.3645027763280453,1.7576056798284174,54.970361384244015,4.970361384244015,47.796605781027836,20.218822698355112,17.601295078392738,2.617527619962374,299.50616608722646,0.6351538569421766,100.0,2024-02-09 14:00:00+00:00,47010.37,45288.59035967175,43747.14765864704,172.92458997370704,0.3952819766056836,100.0,1,EMA20,True,False,1.1178373230430705,0.2752655804573017,47684.79,46643.24,63.62774053075211,0.9571000495828543,1.5487828049086234,2.0487828049086305,0.2664427055375105,47234.70123321745,46621.07815017383,2.7374598902641245,0.20505105145716424,6.578797209917311,2024-02-09 15:30:00+00:00,2024-02-12 15:00:00+00:00,47234.70123321745,49075.5704823483,49075.5704823483,0.04074162248916398,25.0,75.0,3.0,287,Take profit,False,1840.8692491308539,403.22123321744584,75.0,16.427887263360326,3.0,0.657115490534413,287,79,True,True,True,True,True,True,True,True,True
exness_native-S03,2,2024-02-13 07:15:00+00:00,2024-02-13 07:00:00+00:00,7,Tuesday,1,2024,2024-02,LONG,49974.16,50062.58,49942.64,50056.54,49939.14832655449,49784.59982811681,154.5484984376817,1.1579441506423125,0.8795491575426441,2.0374933081849567,57.75939656678478,7.75939656678478,21.94487549472096,19.738453833545876,12.261843990244186,7.47660984330169,133.46800737492697,0.26663450445221937,38.3248730964467,2024-02-13 06:00:00+00:00,49976.45,48822.59729755377,46448.79312519625,177.43252543072595,0.3819959863165471,92.15017064846417,0,EMA20,False,False,0.0,1.1841052772986989,50083.33,49873.35,68.68434217108202,0.9496414874103656,0.8986423215495912,1.3986423215496147,0.2452542906633537,50089.27360147499,49902.59959778752,2.7416309369657705,0.19488034920882372,6.915693962305135,2024-02-13 07:15:00+00:00,2024-02-13 07:30:00+00:00,50089.27360147499,49902.59959778752,50649.2956125374,0.1349277323165421,25.1875,-25.1875,-1.0,2,Stop loss,False,1.8163985250066617,186.67400368746894,0.24508253396226073,25.1875,0.009730323929022759,1.0,1,2,True,False,False,False,False,False,False,False,False
exness_native-S03,3,2024-02-13 08:15:00+00:00,2024-02-13 08:00:00+00:00,8,Tuesday,1,2024,2024-02,LONG,49971.72,50055.31,49936.65,50031.98,49954.900705492604,49814.445445622034,140.45525987057044,1.0475179974684328,0.5748588433289997,1.6223768407974326,55.29929539860113,5.2992953986011315,18.683325937296694,17.683196314274895,15.16742603561247,2.5157702786624245,134.08386319854432,0.26799631595340484,38.61720067453626,2024-02-13 07:00:00+00:00,49968.28,48867.526030983034,46483.812895094794,176.1209580135037,0.3788866425630262,91.83673469387756,0,EMA20,True,False,0.1361141084186845,0.9114038890497483,50091.09,49860.05,50.78375189617728,0.8033878307770502,0.8849685351345429,1.3849685351345227,0.37399558338685057,50082.126772639705,49896.42484104044,2.724034145226498,0.19699376731010865,6.8884020686117005,2024-02-13 08:30:00+00:00,2024-02-13 10:30:00+00:00,50082.126772639705,49896.42484104044,50639.2325674375,0.13529493761118935,25.12453125,-25.12453125,-1.0,9,Stop loss,False,141.99322736029717,185.70193159926566,19.21096483692283,25.12453125,0.764629781378422,1.0,6,9,True,True,True,True,False,False,False,False,False
exness_native-S03,4,2024-02-14 20:00:00+00:00,2024-02-14 19:45:00+00:00,19,Wednesday,2,2024,2024-02,LONG,51507.98,51654.84,51483.0,51652.39,51496.302437350954,51192.062308649205,304.2401287017492,1.246386455876824,0.6394469554254978,1.8858334113023218,57.572322415018974,7.572322415018974,23.816826606371688,15.748418855458425,20.091412109457377,-4.3429932539989515,244.09774935151907,0.4725778407379002,88.63807373965388,2024-02-14 18:00:00+00:00,51398.99,50036.733247198514,47571.39326516101,206.5776011573471,0.43424753192720666,98.48024316109422,0,EMA20,True,False,0.05449635396595882,1.1918901019108654,51543.57,51165.2,84.03747672253209,0.985742551210445,0.7039802720693422,1.203980272069352,0.21003696267789554,51703.6595498703,51409.770675194544,2.8300301287546406,0.27697413061916903,7.163082228099023,2024-02-14 20:00:00+00:00,2024-02-15 14:30:00+00:00,51703.6595498703,52585.32617389758,52585.32617389758,0.08527617777136029,25.061719921875,75.185159765625,3.0,75,Take profit,False,881.6666240272752,293.0395498703001,75.185159765625,24.98929274877911,3.0,0.9971100477811712,75,7,True,True,True,True,True,True,True,True,True
exness_native-S03,5,2024-02-16 14:00:00+00:00,2024-02-16 13:45:00+00:00,13,Friday,4,2024,2024-02,LONG,52275.43,52482.83,52163.2,52459.18,52191.0254285059,52076.36351523128,114.66191327462002,0.5745656270879018,1.3437103492071218,1.9182759762950237,64.49353338041534,14.493533380415343,24.656518882540198,22.298393294469538,13.762961613356547,8.53543168111299,199.56277902624706,0.38041536109837604,73.07949231796927,2024-02-16 12:00:00+00:00,52370.99,51621.93984494196,49081.386961476805,154.43194263692567,0.3146446182503702,68.19407008086253,0,EMA20,True,False,0.13943195540607997,0.4351336716818218,52456.61,52113.57,57.48834589994598,0.926008196977752,1.6016513778752601,2.101651377875235,0.31850907326204814,52522.74255580525,52103.331166292126,2.331573559852803,0.032509017032353295,13.232277605501807,2024-02-16 14:00:00+00:00,2024-02-16 14:15:00+00:00,52522.74255580525,52103.331166292126,53780.97672434462,0.060202663667766255,25.24968282128906,-25.24968282128906,-1.0,2,Stop loss,False,29.097444194747368,419.41138951312314,1.7517436464479734,25.24968282128906,0.06937685747763157,1.0,1,2,True,False,False,False,False,False,False,False,False
exness_native-S03,6,2024-02-18 12:00:00+00:00,2024-02-18 11:45:00+00:00,11,Sunday,6,2024,2024-02,LONG,51709.18,51793.19,51694.47,51781.04,51723.024740944886,51628.15607278269,94.86866816219845,0.7644873269221676,0.46750872732726556,1.231996054249433,56.87444472327045,6.87444472327045,22.40198810308487,24.027534804078634,18.97132990413686,5.0562048999417755,124.09449420717084,0.23965237895409366,22.48661511005354,2024-02-18 10:00:00+00:00,51769.33,51601.97544231177,50026.443568458795,86.0427857869654,0.17199460854981616,44.12470023980815,0,EMA20,True,False,0.23010481752086062,0.5343825094013069,51836.25,51593.1,72.79173419773069,0.8769246353322395,0.795522804059236,1.2955228040592146,0.2979092592111013,51818.008898841435,51657.24165173785,1.7689509057178916,0.02297109621122453,10.237952216574715,2024-02-18 12:15:00+00:00,2024-02-18 12:30:00+00:00,51818.008898841435,51657.24165173785,52300.31064015219,0.15666473779953377,25.186558614235835,-25.18655861423583,-0.9999999999999999,2,Stop loss,False,9.321101158566307,160.76724710358394,1.460287869009721,25.18655861423583,0.05797885655503343,1.0,1,2,True,False,False,False,False,False,False,False,False
exness_native-S03,7,2024-02-19 10:15:00+00:00,2024-02-19 10:00:00+00:00,10,Monday,0,2024,2024-02,LONG,52223.04,52310.51,52182.33,52295.98,52219.884173884675,52114.119087484905,105.76508639976964,0.7190866717353455,0.5173682185385341,1.2364548902738794,55.09960160133246,5.099601601332459,20.654985967545915,19.676040155345245,15.84296935992566,3.8330707954195855,147.0825292096301,0.28125016341529524,36.89265536723163,2024-02-19 09:00:00+00:00,52219.6,51836.775179374985,50422.527243953,91.75945984237478,0.18198108039770888,48.63636363636364,0,EMA20,True,False,0.25532722401821734,0.4637594477171281,52342.02,52002.6,56.90435325323933,0.8866437821813169,0.871483518054759,1.3714835180547482,0.29878807549799336,52339.926505841926,52138.20524123711,1.4928065673963813,0.06883175335945191,13.556256614020743,2024-02-19 10:15:00+00:00,2024-02-19 10:15:00+00:00,52339.926505841926,52138.20524123711,52945.09029965637,0.12454607731574133,25.12359221770025,-25.12359221770025,-1.0,1,Stop loss,False,0.0,201.72126460481377,0.0,25.12359221770025,0.0,1.0,0,1,True,False,False,False,False,False,False,False,False
exness_native-S03,8,2024-02-20 11:00:00+00:00,2024-02-20 10:45:00+00:00,10,Tuesday,1,2024,2024-02,LONG,51991.53,52068.74,51964.41,52055.89,51801.37215375677,51788.39803388963,12.974119867139962,0.08711720599170635,1.70900869321356,1.7961258992052662,64.56431050273675,14.564310502736745,20.65745848122659,24.617438220571298,17.030485806554577,7.5869524140167215,148.9271805660883,0.2860909314317521,38.095238095238095,2024-02-20 09:00:00+00:00,51700.6,51824.043489478674,50726.471400767405,54.123446469413466,0.10669665161964069,36.637931034482754,2,both,False,False,0.0,1.1818659659125619,52041.45,51477.06,61.68887184894469,0.8768331256589742,0.7005437127287636,1.2005437127287941,0.28628377943607153,52098.52543611322,51919.731845830174,1.787330340931357,0.03891856271858584,12.42022473755967,2024-02-20 11:00:00+00:00,2024-02-20 13:30:00+00:00,52098.52543611322,52634.90620696235,52634.90620696235,0.14016600481864575,25.060783237156,75.182349711468,3.0000000000000004,11,Take profit,False,536.3807708491295,32.735436113216565,75.182349711468,4.588395295985583,3.0,0.18309065812367215,11,8,True,True,True,True,True,True,True,True,True
exness_native-S03,9,2024-02-25 07:45:00+00:00,2024-02-25 07:30:00+00:00,7,Sunday,6,2024,2024-02,LONG,51667.02,51686.65,51603.97,51676.57,51628.23917083737,51536.948428392,91.29074244536605,0.9217317730580897,0.4879800477479918,1.4097118208060815,56.42710020130988,6.427100201309877,20.937661777496167,21.671754140213675,14.645920715158447,7.025833425055229,99.04263378323695,0.19165868358375363,9.417808219178083,2024-02-25 06:00:00+00:00,51695.25,51293.29042794196,51131.79179694915,24.483196295099333,0.04788253146364442,34.59552495697074,0,EMA20,True,False,0.2450376157249898,0.6766941573330999,51779.79,51607.86,11.550556361880595,0.8780841799709518,0.8347920167485888,1.334792016748639,0.3017743532756272,51706.45852675665,51574.25720986503,1.036604783359321,0.1808347882431286,9.860835752799616,2024-02-25 07:45:00+00:00,2024-02-25 08:45:00+00:00,51706.45852675665,51574.25720986503,52103.06247743152,0.19098704691522198,25.248739111434666,-25.248739111434666,-1.0,5,Stop loss,False,24.57147324334801,132.20131689162372,4.692833113103427,25.248739111434666,0.18586405809778178,1.0,3,5,True,False,False,False,False,False,False,False,False
exness_native-S03,10,2024-02-27 08:00:00+00:00,2024-02-27 07:45:00+00:00,7,Tuesday,1,2024,2024-02,LONG,55937.26,56113.13,55933.29,56052.89,55941.089826361225,55216.53855244838,724.5512739128462,2.5508957236761747,0.39360994191793713,2.9445056655941118,56.87834592455801,6.878345924558012,36.755684861872226,27.016380882985015,21.166761579761342,5.8496193032236725,284.03798210484,0.5067320919667835,93.27797548438119,2024-02-27 06:00:00+00:00,56335.76,53060.7410801128,51748.48376019602,217.38262710817799,0.42007535547425007,97.13831478537361,0,EMA20,True,False,0.02746050476568111,2.523435218910494,56438.89,55778.13,64.2960409252667,0.6650355871886169,0.6331547586252622,1.1331547586252637,0.4120843119416548,56169.93759642097,55848.07860536855,3.386411554233308,0.3687544771117009,4.049057726220074,2024-02-27 08:00:00+00:00,2024-02-27 12:30:00+00:00,56169.93759642097,57135.51456957822,57135.51456957822,0.07825046981382734,25.185617263656077,75.55685179096824,3.0000000000000004,19,Take profit,False,965.5769731572509,26.867596420968766,75.55685179096824,2.102402042709112,3.0,0.08347629604230379,19,5,True,True,True,True,True,True,True,True,True
exness_native-S03,11,2024-02-27 13:15:00+00:00,2024-02-27 13:00:00+00:00,13,Tuesday,1,2024,2024-02,LONG,56767.13,57054.03,56576.15,56973.87,56589.16496725428,56009.8154775712,579.3494896830744,1.7781920472409793,1.1807716101316432,2.958963657372623,61.293588393672614,11.293588393672614,29.421231034704896,26.5759945112137,14.739713178399807,11.836281332813893,325.80816598633754,0.5718554242257678,97.29411764705883,2024-02-27 12:00:00+00:00,56766.57,53785.52365795143,52022.07848614808,230.76481311819225,0.4435901444799788,99.21259842519686,4,EMA20,True,False,0.039946718999122506,1.7382453282418568,57384.14,56292.49,43.26190675483518,0.8322591445551254,1.4667526780775557,1.9667526780775568,0.44603434894679483,57119.19163319727,56478.4075502041,3.613380681300414,0.3864004997479342,4.496926241023163,2024-02-27 13:15:00+00:00,2024-02-27 16:00:00+00:00,57119.19163319727,56478.4075502041,59041.54388217677,0.03959915682456815,25.374509393133497,-25.374509393133497,-1.0,12,Stop loss,False,235.49836680273438,640.7840829931665,9.325536758951154,25.374509393133497,0.36751594344025834,1.0,6,12,True,True,False,False,False,False,False,False,False
exness_native-S03,12,2024-02-28 12:15:00+00:00,2024-02-28 12:00:00+00:00,12,Wednesday,2,2024,2024-02,LONG,58933.8,59151.13,58875.5,59143.34,58779.052127831776,58062.78463361035,716.2674942214289,2.391067224356454,1.2160775107053956,3.6071447350618495,65.51173377062665,15.511733770626648,47.45922068553795,24.521523347145106,20.731897460323612,3.7896258868214936,299.5597475994049,0.5064978535189337,91.86222558667676,2024-02-28 11:00:00+00:00,58929.87,56083.248214332394,53141.50106349067,301.04906333154213,0.5665046287869523,100.0,0,EMA20,False,False,0.0,2.713032618375954,59468.18,58492.6,76.02220367884323,0.9717374741501253,0.920116945647156,1.420116945647172,0.2260048289612669,59211.04194951988,58785.632075720176,2.9910587295871736,0.20087640422967043,8.256008413925908,2024-02-28 12:15:00+00:00,2024-02-28 13:15:00+00:00,59211.04194951988,60487.271570918994,60487.271570918994,0.059498085678114404,25.311073119650665,75.93321935895199,2.9999999999999996,5,Take profit,False,1276.229621399114,27.891949519878835,75.93321935895199,1.6595176022633928,3.0,0.06556488515593593,5,2,True,True,True,True,True,True,True,True,True
exness_native-S03,13,2024-02-29 08:45:00+00:00,2024-02-29 08:30:00+00:00,8,Thursday,3,2024,2024-02,LONG,62479.93,62828.14,62443.97,62690.61,62493.65066928558,61850.5597274561,643.0909418294759,1.3430380659923704,0.41133199271837023,1.7543700587107405,55.137956496040275,5.137956496040275,25.804817410279757,24.643254112637376,14.723815889859242,9.919438222778133,478.83299670608835,0.7638033777404437,98.23788546255507,2024-02-29 07:00:00+00:00,62702.03,59096.55106294422,54644.89244213823,399.0977729635342,0.7303478058560118,100.0,0,EMA20,True,False,0.1037536461090414,1.2392844198833288,63130.93,62334.11,54.840305073275175,0.6420074446208723,0.8023047756581507,1.3023047756581476,0.4872191368307348,62923.906599341215,62300.320100988174,6.2296949446066225,0.14542293346662896,9.842575844850542,2024-02-29 09:00:00+00:00,2024-02-29 09:30:00+00:00,62923.906599341215,62300.320100988174,64794.66609440034,0.04089393570162068,25.500906168048047,-25.500906168048044,-0.9999999999999999,3,Stop loss,False,74.48340065878438,623.586498353041,3.0459193973783796,25.500906168048044,0.11944357495792973,1.0,1,3,True,False,False,False,False,False,False,False,False
exness_native-S03,14,2024-02-29 11:00:00+00:00,2024-02-29 10:45:00+00:00,10,Thursday,3,2024,2024-02,LONG,62506.1,62787.91,62481.53,62704.27,62536.375464192715,62068.72300233515,467.65246185756405,1.108289110783379,0.3978930957748587,1.5061822065582375,54.67799035992475,4.677990359924749,18.966161945866688,22.40788298245158,18.00048409032824,4.407398892123339,421.9589070283388,0.6729348847029697,96.9264544456641,2024-02-29 09:00:00+00:00,62640.83,59375.648066946975,54804.94040051276,406.0467346632213,0.7408944005701762,99.8529411764706,0,EMA20,True,False,0.12997821180969416,0.9783108989736847,62730.85,62061.47,64.68111495528274,0.7270056792218637,0.7260896615684621,1.2260896615684636,0.39821835398391325,62872.30178140567,62354.9423278915,6.189377743606133,0.13015799046946114,9.920827478417827,2024-02-29 11:00:00+00:00,2024-02-29 12:00:00+00:00,62872.30178140567,62354.9423278915,64424.3801419482,0.049167273797444955,25.437153902627923,-25.437153902627923,-1.0,5,Stop loss,False,431.12821859432734,517.3594535141747,21.197399165431992,25.437153902627923,0.8333243273431655,1.0,3,5,True,True,True,True,False,False,False,False,False
exness_native-S03,15,2024-03-01 11:45:00+00:00,2024-03-01 11:30:00+00:00,11,Friday,4,2024,2024-03,LONG,61920.47,62024.72,61793.97,61964.37,61871.3318724659,61683.831864391694,187.50000807420292,0.7122096376604877,0.35340079064664637,1.0656104283071341,54.92194439213663,4.921944392136631,22.385289302050708,18.54128282282286,14.691614776050383,3.8496680467724786,263.2651935041417,0.4248654404202636,76.62429378531074,2024-03-01 10:00:00+00:00,61986.06,60833.93247881978,56339.22201620651,279.9913452664696,0.4969741065752158,94.18439716312056,0,EMA20,True,False,0.29385530018679956,0.4183543374736881,62243.09,61834.23,19.024918743229232,0.7384615384615447,0.8764926230036173,1.3764926230036338,0.4292365321701834,62077.37303870083,61714.99044194876,4.036979808689338,0.04658796955468238,11.517381161221156,2024-03-01 12:00:00+00:00,2024-03-01 14:30:00+00:00,62077.37303870083,61714.99044194876,63164.52082895706,0.0700187074249339,25.373561017871353,-25.373561017871353,-1.0,11,Stop loss,False,617.4869612991679,362.3825967520752,43.235638881917914,25.373561017871353,1.7039641716614302,1.0,6,11,True,True,True,True,True,True,False,False,False
exness_native-S03,16,2024-03-01 18:15:00+00:00,2024-03-01 18:00:00+00:00,18,Friday,4,2024,2024-03,LONG,61894.45,62053.32,61758.87,61992.44,61817.269219910486,61810.53429237751,6.734927532976144,0.019414551826742718,0.5049589875952293,0.5243735394219721,54.169770471792354,4.169770471792354,21.09706540364512,17.94066740556962,17.24302116770753,0.6976462378620916,346.90100462165026,0.5595859827773358,90.27291812456262,2024-03-01 17:00:00+00:00,61897.07,61077.968843542025,56711.42391171774,259.5374053492269,0.45764572188003405,91.43258426966293,1,both,True,True,0.16834549088197856,0.14893093905523583,62092.02,61333.32,33.278994735950484,0.7932416369502531,0.8488012316976159,1.348801231697626,0.3754967532204078,62122.70020092433,61654.799698613504,3.3742152018985125,0.043360248940979035,13.747363474557947,2024-03-01 18:15:00+00:00,2024-03-02 09:30:00+00:00,62122.70020092433,61654.799698613504,63526.40170785681,0.05409296846301137,25.310127115326672,-25.310127115326672,-1.0,62,Stop loss,False,1058.9897990756726,467.9005023108257,57.283901804051105,25.310127115326672,2.263279893579142,1.0,11,62,True,True,True,True,True,True,True,False,False
exness_native-S03,17,2024-03-03 13:45:00+00:00,2024-03-03 13:30:00+00:00,13,Sunday,6,2024,2024-03,LONG,62134.35,62231.29,62016.49,62225.32,62001.01560742623,61899.9813510293,101.03425639692432,0.446480418643483,0.9912233995811245,1.4377038182246076,58.1249220721045,8.124922072104503,24.463750055685924,25.04210645375081,17.365605293200765,7.676501160550046,226.29045346241872,0.3636629807004909,63.22916666666667,2024-03-03 12:00:00+00:00,62182.04,61754.18082487614,58545.02125906365,165.93665458515898,0.2834342716366671,60.0,0,EMA20,False,False,0.0,0.5148632970946109,62638.19,61957.04,42.35102420856607,0.9722067039106095,0.9492225443601221,1.4492225443601359,0.22638202323013099,62276.548090692486,61948.60286396127,1.7895456983047957,0.03225430055315002,12.183176985150007,2024-03-03 13:45:00+00:00,2024-03-04 00:00:00+00:00,62276.548090692486,63260.38377088613,63260.38377088613,0.076984964986945,25.246851797538355,75.74055539261506,3.0,42,Take profit,False,983.8356801936461,220.18809069248528,75.74055539261506,16.95117245250325,3.0,0.6714172756444842,42,10,True,True,True,True,True,True,True,True,True
exness_native-S03,18,2024-03-04 13:15:00+00:00,2024-03-04 13:00:00+00:00,13,Monday,0,2024,2024-03,LONG,65092.39,65366.83,65061.12,65315.27,64901.18938927393,64331.17083635451,570.0185529194205,1.7911422526978893,1.3011458558599718,3.092288108557861,63.95664966805762,13.956649668057622,21.517188457982456,24.967366117098173,14.696636278500876,10.270729838597298,318.24303851960167,0.4872414039161159,82.46527777777779,2024-03-04 12:00:00+00:00,65089.27,62994.51219779707,59617.45201534687,284.5977930485169,0.4773732915912861,92.5,0,EMA20,False,False,0.0,2.293684622422719,65241.53,64845.68,72.90569493964803,0.8313434300480681,0.960618027725277,1.4606180277252834,0.3620145415901422,65430.478607703924,64965.64708844412,2.934125879584373,0.21685756888959154,8.022918783492257,2024-03-04 13:30:00+00:00,2024-03-04 14:00:00+00:00,65430.478607703924,64965.64708844412,66824.97316548333,0.054721339091902625,25.436203186019892,-25.436203186019892,-1.0,3,Stop loss,False,174.62139229608147,464.831519259802,9.555516420534026,25.436203186019892,0.37566598877405877,1.0,1,3,True,True,False,False,False,False,False,False,False
exness_native-S03,19,2024-03-04 14:15:00+00:00,2024-03-04 14:00:00+00:00,14,Monday,0,2024,2024-03,LONG,65103.49,65260.33,64614.25,65186.49,65017.70461319907,64468.259266364345,549.4453468347274,1.5273944329556106,0.46920382827728346,1.996598261232894,56.393119831000334,6.393119831000334,21.67294770274419,21.116165521665156,20.330944941524013,0.7852205801411429,359.7272158256553,0.5518432052801974,88.71527777777779,2024-03-04 13:00:00+00:00,65101.6,63077.143092001104,59672.020652010084,280.49771550574224,0.4700657233337607,91.66666666666666,4,EMA20,True,False,1.1215571006298546,0.40583733232575614,65605.1,64845.68,12.84670629024266,0.8857107478949919,1.7960275774995285,2.296027577499525,0.4052666485923931,65332.275443165134,64506.331835252306,3.0474475487143633,0.20088074433124128,8.346618799912074,2024-03-04 14:15:00+00:00,2024-03-04 20:30:00+00:00,65332.275443165134,67810.10626690362,67810.10626690362,0.03071954602587435,25.372612678054843,76.11783803416454,3.0000000000000004,26,Take profit,False,2477.8308237384845,92.5554431651326,76.11783803416454,2.8432611962564884,3.0,0.11206024512862517,26,2,True,True,True,True,True,True,True,True,True
exness_native-S03,20,2024-03-06 11:30:00+00:00,2024-03-06 11:15:00+00:00,11,Wednesday,2,2024,2024-03,LONG,66577.25,67230.63,66507.91,67032.72,66379.33058233758,65614.63251008354,764.6980722540466,1.436085289072137,1.2270502107774093,2.6631354998495462,63.06295365514351,13.06295365514351,29.25170846474306,27.997807053172078,16.089610936277914,11.908196116894164,532.4879225997241,0.7943701562456724,94.40972222222223,2024-03-06 10:00:00+00:00,66683.72,65191.2368076644,61943.20094580151,229.38545206810522,0.37031578698816486,70.83333333333334,4,EMA20,False,False,0.0,1.6775544608698096,66753.07,66100.88,63.02164046933812,0.7261595085233519,1.35725144050502,1.8572514405050375,0.5716704015252959,67337.12758451996,66348.16362322008,7.511283359943135,0.007049467579464964,6.803643505404467,2024-03-06 11:45:00+00:00,2024-03-06 12:30:00+00:00,67337.12758451996,66348.16362322008,70304.01946841957,0.025848168662830674,25.562907273140254,-25.562907273140254,-1.0,4,Stop loss,False,268.342415480045,988.9639612998726,6.936160014719588,25.562907273140254,0.2713369000093205,1.0,2,4,True,True,False,False,False,False,False,False,False
exness_native-S03,21,2024-03-06 14:15:00+00:00,2024-03-06 14:00:00+00:00,14,Wednesday,2,2024,2024-03,LONG,66296.26,66951.36,66270.77,66868.83,66408.86947609071,65917.57886897789,491.29060711282364,0.7336740423993245,0.686886930128393,1.4205609725277175,57.77967049011713,7.779670490117127,25.34700107942615,19.68756277767254,22.981510877053946,-3.2939480993814065,669.6306243930376,1.0014092132209247,97.39583333333334,2024-03-06 13:00:00+00:00,66289.31,65339.33692384458,62078.20063532027,225.07116204113845,0.36256070526806,69.16666666666667,0,both,True,False,0.20623231832606284,0.5274417240732617,66613.09,64603.85,84.1284767628102,0.8787375659354395,1.0163662998789709,1.5163662998789653,0.3232470514245129,67085.2861248786,66069.8808126821,7.626970815546094,0.017273410125562928,7.2164677938356085,2024-03-06 14:30:00+00:00,2024-03-06 14:45:00+00:00,67085.2861248786,66069.8808126821,70131.50206146814,0.025112139653670214,25.499000004957402,-25.499000004957402,-1.0,2,Stop loss,False,189.66387512139045,1015.4053121965117,4.762865719304624,25.499000004957402,0.1867863727353484,1.0,1,2,True,False,False,False,False,False,False,False,False
exness_native-S03,22,2024-03-07 15:45:00+00:00,2024-03-07 15:30:00+00:00,15,Thursday,3,2024,2024-03,LONG,66914.27,67357.47,66906.58,67238.18,66913.61806991728,66681.97552039441,231.64254952287592,0.5793613592029285,0.8117620935599075,1.391123452762836,61.3299027039476,11.329902703947603,19.566997237125562,28.141699134290413,14.663833912564591,13.477865221725821,399.82395415801324,0.5946382756910037,83.71527777777777,2024-03-07 14:00:00+00:00,67035.68,66075.76541844486,63054.843753776484,196.32226575972163,0.3113516013557063,55.55555555555556,0,EMA20,True,False,0.017602922096309613,0.5617584371066189,67976.97,66537.69,71.83792055711801,0.7354343631484214,1.1277213266261794,1.627721326626159,0.49835631096994687,67437.4347908316,66786.6328137526,3.2015728058435964,0.04379311221789092,14.839006273443188,2024-03-07 15:45:00+00:00,2024-03-08 00:00:00+00:00,67437.4347908316,66786.6328137526,69389.84072206859,0.039082936746913946,25.435252504945012,-25.435252504945012,-1.0,34,Stop loss,False,629.2852091684035,650.8019770789979,24.594314025697226,25.435252504945012,0.9669380723040082,1.0,7,34,True,True,True,True,False,False,False,False,False
exness_native-S03,23,2024-03-08 08:45:00+00:00,2024-03-08 08:30:00+00:00,8,Friday,4,2024,2024-03,LONG,67080.95,67399.2,67080.95,67356.38,67212.70104320947,67169.20194908202,43.49909412744455,0.1865143182404961,0.6160630056519955,0.8025773238924915,55.15330104105173,5.1533010410517335,18.502002352684258,23.952245440609254,18.017025988561365,5.935219452047889,233.2212054162821,0.3462496134980563,45.24305555555556,2024-03-08 07:00:00+00:00,67291.29,66659.76920094508,63714.3737320376,179.59124145348324,0.28186927208731094,46.80555555555556,0,both,True,True,0.564918798761484,0.3784044805209879,67688.64,67073.51,86.54516889238259,0.8654516889238258,1.3645843199890335,1.8645843199890313,0.3836025155755407,67445.84424108325,67010.98363837511,2.3788707161322553,0.04782932220515347,17.58852872420712,2024-03-08 08:45:00+00:00,2024-03-08 15:00:00+00:00,67445.84424108325,68750.42604920767,68750.42604920767,0.058344361884424385,25.37166437368265,76.11499312104795,3.0,26,Take profit,False,1304.5818081244215,361.01424108324863,76.11499312104795,21.06314552719189,3.0,0.8301838309448917,26,2,True,True,True,True,True,True,True,True,True
exness_native-S03,24,2024-03-08 17:30:00+00:00,2024-03-08 17:15:00+00:00,17,Friday,4,2024,2024-03,LONG,67990.67,68405.29,67769.78,68311.45,67799.56430552813,67605.5734839022,193.99082162592094,0.2953357972986911,0.7793057858900481,1.0746415831887393,55.902811894595565,5.902811894595565,24.64031344725832,23.702282177981594,21.62339019064424,2.0788919873373537,656.8483177463455,0.9615493709273417,96.5625,2024-03-08 16:00:00+00:00,67853.91,66966.59564113256,64053.53599977163,195.1137436778663,0.30461041788319376,50.83333333333333,0,EMA20,True,False,0.04534426704526965,0.24999153025342144,68241.61,66135.02,50.47599565703159,0.8523390662617468,0.9675140863273232,1.467514086327315,0.3428640333920022,68536.65966354926,67572.7255046761,3.9407373534281045,0.023673521837944713,8.463169764367374,2024-03-08 17:30:00+00:00,2024-03-11 00:45:00+00:00,68536.65966354926,67572.7255046761,71428.46214016875,0.026518358770859573,25.561951856485265,-25.561951856485265,-1.0,222,Stop loss,False,1413.7803364507417,963.9341588731622,37.49113418518733,25.561951856485265,1.4666772864481212,1.0,164,222,True,True,True,True,True,False,False,False,False
exness_native-S03,25,2024-03-11 15:00:00+00:00,2024-03-11 14:45:00+00:00,14,Monday,0,2024,2024-03,LONG,71888.66,72245.96,71796.14,72118.19,71678.43296933244,70857.97116511509,820.4618042173533,1.727225286059766,0.9257706564611198,2.652995942520886,60.3056870691904,10.305687069190398,43.37178515864645,23.00555281709534,14.061118451901343,8.944434365193995,475.0172492489572,0.6586649626799524,86.875,2024-03-11 13:00:00+00:00,71419.83,69387.10919232451,66594.03131265295,255.7958735825232,0.38411231238064675,74.58333333333333,2,EMA20,False,False,0.0,1.9750205626600672,72325.83,71248.0,51.027077497664685,0.7159530478858164,0.9469550857599608,1.4469550857599542,0.4689797058991274,72340.96344984979,71653.63482522531,3.289191184419196,0.18314491264131522,6.3471504251872295,2024-03-11 15:00:00+00:00,2024-03-12 03:15:00+00:00,72340.96344984979,71653.63482522531,74402.94932372324,0.03709731569927666,25.49804697684405,-25.49804697684405,-1.0,50,Stop loss,False,409.7865501502092,687.3286246244825,15.20198102023978,25.49804697684405,0.5962017810244604,1.0,18,50,True,True,True,False,False,False,False,False,False
exness_native-S03,26,2024-03-13 17:00:00+00:00,2024-03-13 16:45:00+00:00,16,Wednesday,2,2024,2024-03,LONG,72745.16,73059.84,72650.56,73003.19,72717.8077975302,72622.22651390439,95.58128362581192,0.2279259906734842,0.6805309444593467,0.9084569351328309,55.794470593031214,5.794470593031214,35.75217447060754,17.084527941217658,20.689880299936288,-3.60535235871863,419.352278971717,0.5744300748662038,78.09027777777777,2024-03-13 15:00:00+00:00,72602.6,71755.33312247292,68733.9954718919,196.48198285250692,0.2858585209597721,48.05555555555556,0,both,True,False,0.16036111141472575,0.06756487925875848,72934.79,72301.4,63.04485926505071,0.861586200156386,0.9759813419962421,1.4759813419962509,0.33508928612216626,73143.71045579434,72524.75431630848,3.3197554658163035,0.16194768585894748,7.123654740710947,2024-03-13 17:00:00+00:00,2024-03-14 01:30:00+00:00,73143.71045579434,72524.75431630848,75000.57887425192,0.041092252321027256,25.434301859401945,-25.434301859401945,-1.0,35,Stop loss,False,293.2995442056563,618.9561394858611,12.052338876141116,25.434301859401945,0.47386159615330253,1.0,13,35,True,True,False,False,False,False,False,False,False
exness_native-S03,27,2024-03-16 17:15:00+00:00,2024-03-16 17:00:00+00:00,17,Saturday,5,2024,2024-03,SHORT,68118.67,68207.67,67996.85,68063.13,68165.64788614381,68401.88474164388,-236.23685550007212,0.7292855152753115,0.3164824102617494,1.0457679255370609,44.83092805600324,5.169071943996762,34.49822046675284,10.699390316488826,18.89952159863044,8.200131282141614,323.9291752708001,0.47592459422715366,61.736111111111114,2024-03-16 16:00:00+00:00,68128.17,69227.54824012457,69324.53441734168,-66.91876412490092,0.09652969859421233,24.02777777777778,0,EMA20,True,False,0.12972623975923206,0.5995592755160793,68441.42,68034.47,26.344749075038226,0.31439142396357656,0.6508212785209914,1.1508212785210046,0.4046126285000242,67932.06416494584,68304.84875258124,3.912898127703284,0.0036827404408367927,11.932709009658,2024-03-16 17:15:00+00:00,2024-03-16 18:00:00+00:00,67932.06416494584,66813.71040203965,66813.71040203965,0.068057309626672,25.370716104753438,76.11214831426032,3.0000000000000004,4,Take profit,False,1118.3537629061902,150.26583505416056,76.11214831426032,10.22668846259143,3.0,0.40309025651331,4,2,True,True,True,True,True,True,True,True,True
exness_native-S03,28,2024-03-16 20:00:00+00:00,2024-03-16 19:45:00+00:00,19,Saturday,5,2024,2024-03,SHORT,67332.64,67363.4,66766.87,66812.69,67498.01348988316,67967.49028822606,-469.47679834290466,1.0527486737187588,1.5367604908045815,2.5895091645233403,32.13466198450968,17.865338015490323,41.27654509036732,11.813354668033396,26.345433359188743,14.532078691155347,445.9533505604065,0.6674680372252734,81.73611111111111,2024-03-16 18:00:00+00:00,66916.83,69060.50546887316,69279.63928766981,-79.32488201060914,0.11449955979307062,26.805555555555554,0,EMA20,False,False,0.0,1.3546042146940744,67659.02,66564.53,87.16242267781973,0.0768108896451261,1.3376511225902228,1.8376511225902046,0.3027461727609429,66677.67932988792,67497.18600516811,3.4453658299008185,0.13019309908963914,10.506066386875238,2024-03-16 20:00:00+00:00,2024-03-17 14:45:00+00:00,66677.67932988792,67497.18600516811,64219.15930404734,0.031190711737399374,25.560996475539085,-25.560996475539085,-1.0,76,Stop loss,False,2213.2893298879208,819.506675280194,69.03406947999596,25.560996475539085,2.7007581471269706,1.0,46,76,True,True,True,True,True,True,True,True,False
exness_native-S03,29,2024-03-18 14:30:00+00:00,2024-03-18 14:15:00+00:00,14,Monday,0,2024,2024-03,SHORT,67661.73,67762.83,67264.29,67294.16,67917.93857444226,67970.32684171449,-52.388267272224766,0.12111754526072852,1.4421269046769623,1.5632444499376907,36.524803896888784,13.475196103111216,18.40933291475696,11.228665032131998,21.684497017542327,10.45583198541033,432.5406955651972,0.642761118595131,77.84722222222223,2024-03-18 13:00:00+00:00,67477.37,67877.69966742702,68608.77748674373,-31.35415766623919,0.04569992181000062,18.194444444444443,2,both,False,False,0.0,0.47971634540271474,68559.49,67103.24,73.72928952541149,0.059914951658862695,1.152585190506919,1.652585190506922,0.26905708597193756,67177.78186088696,67892.59220866956,2.9761670644334126,0.0032105178804482937,16.023414782045432,2024-03-18 14:30:00+00:00,2024-03-18 16:15:00+00:00,67177.78186088696,67892.59220866956,65033.35081753913,0.03566973262690449,25.49709398435024,-25.497093984350236,-0.9999999999999999,8,Stop loss,False,662.1618608869612,714.810347782608,23.61913653357143,25.497093984350236,0.9263462160851951,1.0,4,8,True,True,True,True,False,False,False,False,False
exness_native-S03,30,2024-03-18 17:00:00+00:00,2024-03-18 16:45:00+00:00,16,Monday,0,2024,2024-03,SHORT,67637.71,67675.88,66931.05,67081.9,67517.46628345184,67731.5547553081,-214.08847185625928,0.4605156685652923,0.9369261991976857,1.397441867762978,41.272153612574115,8.727846387425885,22.36563724242538,17.92857903302644,25.68980089107829,7.761221858051847,464.8885726803574,0.6930164063336868,82.22222222222221,2024-03-18 15:00:00+00:00,67433.46,67824.81012744801,68580.60720013213,-45.57010612956947,0.06644751044065074,23.47222222222222,0,both,True,False,0.3407563142170121,0.11975935434828024,68081.25,66877.87,74.62239705704803,0.20252943624718514,1.6021688717913984,2.1021688717913976,0.5244863583767002,66838.07228546393,67815.34657180411,3.1552639318943436,0.05468213294906965,15.190359367673654,2024-03-18 17:00:00+00:00,2024-03-18 21:30:00+00:00,66838.07228546393,67815.34657180411,63906.24942644339,0.026024783016276205,25.433351249389364,-25.433351249389364,-1.0,19,Stop loss,False,307.2722854639287,977.27428634018,7.996694556114026,25.433351249389364,0.31441765096945373,1.0,1,19,True,True,False,False,False,False,False,False,False
exness_native-S03,31,2024-03-19 13:15:00+00:00,2024-03-19 13:00:00+00:00,13,Tuesday,1,2024,2024-03,SHORT,63571.07,63686.24,63248.33,63309.07,63500.0379275396,64441.15470458095,-941.1167770413522,1.6814120036131646,0.3411858905327956,2.02259789414596,44.75587938999324,5.24412061000676,41.84051717867015,15.700641919720221,19.53124240164094,3.8306004819207207,559.7181267999744,0.884104168328447,91.63194444444444,2024-03-19 12:00:00+00:00,63578.85,66427.57473391044,68022.24631441214,-233.5543575297197,0.3433499629668002,72.77777777777777,0,EMA20,True,False,0.33267114918174445,1.34874085443142,63742.44,62840.27,59.82964536091943,0.13870429997031009,0.7823759478786569,1.2823759478786525,0.3085189081641126,63136.38637464001,63854.15543803999,4.451339771245583,0.21437883517366466,7.815252451894444,2024-03-19 13:30:00+00:00,2024-03-19 15:30:00+00:00,63136.38637464001,63854.15543803999,60983.07918444007,0.03534530695860939,25.369767871265893,-25.369767871265893,-1.0,9,Stop loss,False,811.196374640007,717.769063399981,28.671984865362152,25.369767871265893,1.1301634690097575,1.0,5,9,True,True,True,True,True,False,False,False,False
exness_native-S03,32,2024-03-21 17:45:00+00:00,2024-03-21 17:30:00+00:00,17,Thursday,3,2024,2024-03,SHORT,66167.25,66390.01,65944.32,65955.53,66625.14328865604,66771.27122836185,-146.1279397058097,0.33700202584258104,1.544270283030794,1.881272308873375,36.99624449768822,13.003755502311783,18.34346971931079,14.19777615291698,23.467278545502502,9.269502392585522,433.6114577960085,0.6574300256491131,71.63194444444444,2024-03-21 16:00:00+00:00,66771.4,65891.39043240574,66855.09011663149,-1.1148452600755263,0.0016675547937047611,0.8333333333333334,1,both,False,False,0.0,0.8792692663144857,66979.91,66144.19,47.50387040319661,0.02515201148778783,1.0278556804411327,1.5278556804411352,0.22585263788223764,65857.59770844081,66520.0934373388,4.019372127550374,0.09035019299026463,9.534719668804703,2024-03-21 17:45:00+00:00,2024-03-22 06:00:00+00:00,65857.59770844081,66520.0934373388,63870.11052174683,0.03819850053023397,25.306343451587733,-25.30634345158773,-0.9999999999999999,50,Stop loss,False,1330.6777084408095,662.4957288979931,50.82989315144679,25.30634345158773,2.0085830751758684,1.0,10,50,True,True,True,True,True,True,True,False,False
exness_native-S03,33,2024-03-22 15:45:00+00:00,2024-03-22 15:30:00+00:00,15,Friday,4,2024,2024-03,SHORT,64020.75,64270.79,63581.52,63834.16,63914.72945955512,64712.216355414,-797.4868958588777,1.452662130262459,0.14676128643516106,1.59942341669762,45.05982973029942,4.94017026970058,58.11762192328526,16.123017024907355,24.788013464977194,8.664996440069839,548.9830561734216,0.8600145379424144,87.01388888888889,2024-03-22 14:00:00+00:00,62658.3,65439.827342320285,66533.91945886583,-142.8715529313049,0.21473491129533462,40.13888888888889,0,EMA20,True,False,0.6485820216870256,0.8040801085754332,64039.28,62507.3,27.070668968618307,0.3665327085177147,1.2555396605578777,1.7555396605578828,0.6601963524356904,63471.72338876531,64435.48491685203,3.5745380721535907,0.1486501562780192,8.525471704441024,2024-03-22 16:00:00+00:00,2024-03-23 07:00:00+00:00,63471.72338876531,64435.48491685203,60580.43880450516,0.02619224450997948,25.243077592958763,-25.243077592958763,-1.0,61,Stop loss,False,1248.2633887653137,963.7615280867176,32.69481989139667,25.243077592958763,1.2951994371920987,1.0,23,61,True,True,True,True,True,False,False,False,False
exness_native-S03,34,2024-03-24 07:15:00+00:00,2024-03-24 07:00:00+00:00,7,Sunday,6,2024,2024-03,SHORT,64249.81,64259.26,64113.91,64164.22,64266.62203901137,64437.21013490934,-170.58809589797602,0.8116729452340848,0.487237776849568,1.2989107220836529,43.89975912206838,6.100240877931618,29.653466771938483,11.045576198507428,20.55633479761398,9.510758599106554,210.16851294554206,0.327547834206575,19.166666666666668,2024-03-24 06:00:00+00:00,64249.57,64634.09365644795,65806.30918721523,-81.51176119517186,0.12386617970516398,30.97222222222222,0,EMA20,False,False,0.0,0.8467021649215853,64389.26,64096.77,58.88544891640686,0.34613003095973977,0.6915878975537167,1.1915878975537204,0.43937934039163695,64071.8762974109,64322.31055388367,2.180180498474448,0.029869211570070074,11.227513579131145,2024-03-24 07:30:00+00:00,2024-03-24 07:30:00+00:00,64071.8762974109,64322.31055388367,63320.57352799259,0.10054522992829527,25.179969898976363,-25.179969898976363,-1.0,1,Stop loss,False,0.0,250.43425647277036,0.0,25.179969898976363,0.0,1.0,0,1,True,False,False,False,False,False,False,False,False
exness_native-S03,35,2024-03-28 10:45:00+00:00,2024-03-28 10:30:00+00:00,10,Thursday,3,2024,2024-03,LONG,70293.83,70513.26,70293.83,70499.24,70296.1414243676,69937.07492323873,359.06650112886564,1.3582485629725802,0.7682653425680974,2.1265139055406777,60.01638493887078,10.016384938870779,37.72879717467008,17.509429617534046,11.861839426783803,5.647590190750243,264.3599344902192,0.37498267284898273,16.875,2024-03-28 09:00:00+00:00,70479.95,69560.31720272098,67932.25455304996,119.37841174170899,0.17573156157872466,31.38888888888889,0,EMA20,True,False,0.008743474581550035,1.34950508839103,70760.24,70264.83,93.6107186802215,0.9361071868022149,0.8300425721587985,1.3300425721587683,0.253033755009139,70566.13198689804,70214.52201965294,3.750359858310279,0.02729340277475689,10.467685160368088,2024-03-28 10:45:00+00:00,2024-03-29 05:15:00+00:00,70566.13198689804,70214.52201965294,71620.96188863332,0.07143432301144284,25.117019974228924,-25.117019974228924,-1.0,75,Stop loss,False,974.8780131019594,351.6099672450946,69.63975088467897,25.117019974228924,2.7726119960143425,1.0,17,75,True,True,True,True,True,True,True,True,False
exness_native-S03,36,2024-03-31 08:15:00+00:00,2024-03-31 08:00:00+00:00,8,Sunday,6,2024,2024-03,LONG,70275.57,70319.4,70231.79,70294.22,70167.98289529781,70058.40002343003,109.58287186778034,0.8366005805206554,0.9637458233849112,1.8003464039055668,62.47190612496901,12.47190612496901,28.855499907686326,20.882559623634535,11.220385231709262,9.662174391925273,130.98589030332948,0.18633948894138022,0.8333333333333334,2024-03-31 07:00:00+00:00,70281.37,70002.67101736336,69029.5249976921,58.29842507964349,0.08445433324594456,18.75,1,EMA20,False,False,0.0,1.3237301832161794,70328.19,70122.78,21.28752425521522,0.7125898869992826,0.6688506662596899,1.1688506662596956,0.39223444557032705,70345.59717806066,70192.494232909,0.9300966123628891,0.07402541221919297,14.481854295717799,2024-03-31 08:15:00+00:00,2024-03-31 09:00:00+00:00,70345.59717806066,70192.494232909,70804.90601351566,0.14246365617382092,25.054227424293355,-21.811605337286316,-0.8705758500514411,4,Stop loss,False,88.46282193933439,153.10294515166606,12.602737048931276,21.811605337286316,0.577799609613661,1.0,2,4,True,True,True,False,False,False,False,False,False
exness_native-S03,37,2024-03-31 10:45:00+00:00,2024-03-31 10:30:00+00:00,10,Sunday,6,2024,2024-03,LONG,70263.04,70274.88,70178.84,70263.73,70234.54376039024,70130.23237969287,104.31138069737062,0.8791991952869744,0.24599922085968295,1.1251984161466575,55.474583198290425,5.474583198290425,22.106498581252986,14.711107211067516,14.864716728389348,-0.1536095173218328,118.64362621865564,0.16885472237049703,0.24305555555555555,2024-03-31 09:00:00+00:00,70222.55,70021.84309599748,69053.74082853406,61.82369524464593,0.0895298277875475,20.833333333333336,0,EMA20,True,False,0.4695048707259064,0.409694324561068,70322.05,70146.22,0.7184506455667116,0.8839025406079989,0.809483012791687,1.3094830127917123,0.2939789212061568,70298.60872524374,70143.2469121344,0.9098092490566572,0.04464163935374584,14.017020052233164,2024-03-31 10:45:00+00:00,2024-03-31 18:30:00+00:00,70298.60872524374,70764.69416457176,70764.69416457176,0.14224860983328633,24.999698410950135,66.30000580794693,2.6520322252730386,32,Take profit,False,466.08543932801695,58.00872524373699,66.30000580794693,8.25166052412265,3.0,0.37337827155062997,32,2,True,True,True,True,True,True,True,True,True
exness_native-S03,38,2024-04-05 09:00:00+00:00,2024-04-05 08:45:00+00:00,8,Friday,4,2024,2024-04,SHORT,67242.99,67345.45,66958.66,67087.57,67228.82162410328,67460.60854920835,-231.78692510507244,0.6850970385520075,0.4175001213720104,1.1025971599240179,43.78371291296557,6.216287087034431,19.974622698881205,20.451655662668653,21.320279498865652,0.8686238361969991,338.3271450055712,0.5043067516166873,53.36805555555556,2024-04-05 07:00:00+00:00,66903.47,67123.3876198961,67845.62780846069,-29.846806011817534,0.043992232036056844,12.36111111111111,0,both,True,False,0.34472071667438287,0.3403763218776246,67651.03,66743.4,40.1820109103133,0.33328162568837255,1.1432425854970176,1.6432425854970252,0.5810217474506445,66890.99457099888,67446.94814350166,3.000728634893543,0.06589217066386718,9.815984484984302,2024-04-05 09:00:00+00:00,2024-04-05 13:45:00+00:00,66890.99457099888,67446.94814350166,65223.13385349054,0.04526537766846365,25.165448425470004,-25.165448425470004,-1.0,20,Stop loss,False,1002.7045709988888,555.9535725027818,45.38780109615952,25.165448425470004,1.8035760908684002,1.0,15,20,True,True,True,True,True,True,False,False,False
exness_native-S03,39,2024-04-07 07:15:00+00:00,2024-04-07 07:00:00+00:00,7,Sunday,6,2024,2024-04,LONG,69235.27,69359.47,69218.13,69333.1,69289.88167277946,69018.62012707916,271.2615457002976,1.331722310639142,0.21217460233633872,1.5438969129754807,54.573718998984866,4.573718998984866,22.879540598149905,17.060332365440438,16.49584748286475,0.5644848825756874,203.6922739321753,0.2937879222653758,14.097222222222221,2024-04-07 06:00:00+00:00,69231.41,68176.21300803166,67945.32027684206,71.20348929580359,0.10479528097841936,40.97222222222222,0,EMA20,True,False,0.3522552495208969,0.9794670611182451,69445.77,69082.63,69.21607471345986,0.8134286118579596,0.693889843102539,1.1938898431025724,0.32945999124530245,69400.20845478644,69157.02231782035,1.774669864338017,0.14880961982960697,8.743484722334134,2024-04-07 07:15:00+00:00,2024-04-07 16:30:00+00:00,69400.20845478644,70129.76686568471,70129.76686568471,0.10322354356863087,25.10253480440633,75.30760441321898,3.0,38,Take profit,False,729.558410898273,234.86845478643954,75.30760441321898,24.24395417554505,3.0,0.9657970545384696,38,17,True,True,True,True,True,True,True,True,True
exness_native-S03,40,2024-04-08 18:30:00+00:00,2024-04-08 18:15:00+00:00,18,Monday,0,2024,2024-04,LONG,71721.76,71932.77,71704.59,71872.69,71712.42019857037,71405.04156852965,307.3786300407228,0.9287390961343978,0.4842523714081119,1.4129914675425097,54.7061086003747,4.706108600374698,21.399578767009523,17.250178329547136,18.233390648806363,-0.983212319259227,330.96337961877083,0.46048558864120825,48.298611111111114,2024-04-08 17:00:00+00:00,71618.24,69965.35390804478,68628.7742083384,158.53592186860624,0.23100503206910566,74.58333333333333,0,EMA20,True,False,0.023658806540446598,0.9050802895939511,71820.95,71252.44,66.14514856692197,0.7366990972039629,0.6894418357186312,1.1894418357186298,0.3815306577700722,71998.96267592376,71605.30098611437,2.541834835019965,0.18058738960134124,7.439526409777345,2024-04-08 18:30:00+00:00,2024-04-08 19:15:00+00:00,71998.96267592376,71605.30098611437,73179.94774535194,0.06424502172839057,25.290803815439375,-25.29080381543937,-0.9999999999999999,4,Stop loss,False,108.22732407624426,393.66168980939256,6.9530667868838805,25.29080381543937,0.2749247053444468,1.0,1,4,True,True,False,False,False,False,False,False,False
exness_native-S03,41,2024-04-10 19:15:00+00:00,2024-04-10 19:00:00+00:00,19,Wednesday,2,2024,2024-04,LONG,69353.4,69386.22,69207.81,69372.83,69096.72897659881,68968.3010176935,128.42795890530397,0.3295559764741235,0.7084963675205367,1.0380523439946603,57.758758065079995,7.758758065079995,26.470335096875743,19.140412920729865,10.55814047985124,8.582272440878626,389.69998444372936,0.5617472783562806,68.68055555555556,2024-04-10 18:00:00+00:00,69344.87,69462.02079335593,69046.92391671022,3.1459633247577585,0.004556268616039527,3.3333333333333335,1,EMA20,False,False,0.0,0.6145983881635891,69478.75,69021.95,10.89064514321349,0.9249481531304347,0.4578137211236275,0.9578137211236196,0.23435976529255323,69464.15999688875,69090.90000466688,2.839149043860537,0.057544219195681215,12.222281097361817,2024-04-10 19:15:00+00:00,2024-04-10 22:15:00+00:00,69464.15999688875,70583.93997355434,70583.93997355434,0.06758714389863017,25.227576805900775,75.68273041770233,3.0000000000000004,13,Take profit,False,1119.7799766655953,42.14999688875105,75.68273041770233,2.848797905046831,3.0,0.11292396122565732,13,2,True,True,True,True,True,True,True,True,True
exness_native-S03,42,2024-04-11 07:15:00+00:00,2024-04-11 07:00:00+00:00,7,Thursday,3,2024,2024-04,LONG,70684.57,70974.22,70684.57,70864.54,70629.2000457998,70324.80499880169,304.3950469981064,1.2527488492866194,0.9685501118462722,2.2212989611328915,60.72695791569875,10.726957915698748,27.709864267259817,22.54255308256355,11.008495323629504,11.534057758934047,242.98170153694,0.3428819287290089,18.125,2024-04-11 06:00:00+00:00,70685.0,69853.64417312293,69207.29410009335,77.02969668667356,0.11130285859069537,51.66666666666667,2,EMA20,False,False,0.0,1.4806259027848079,70818.81,70380.91,62.13360952873821,0.6213360952873821,1.1920650739041734,1.69206507390413,0.6513920155560724,71022.81634030738,70611.67548953893,2.910657647575879,0.10187404655554616,8.51202936957782,2024-04-11 07:15:00+00:00,2024-04-11 08:00:00+00:00,71022.81634030738,70611.67548953893,72256.23889261275,0.06182013678387618,25.41678363194503,-25.41678363194503,-1.0,4,Stop loss,False,252.91365969261096,411.1408507684537,15.63515703670792,25.41678363194503,0.6151508886064131,1.0,1,4,True,True,True,False,False,False,False,False,False
exness_native-S03,43,2024-04-11 08:15:00+00:00,2024-04-11 08:00:00+00:00,8,Thursday,3,2024,2024-04,LONG,70705.55,70819.13,70562.01,70791.98,70689.96158323267,70397.60099562407,292.36058760859305,1.10982161714614,0.3872691774275181,1.497090794573658,56.07315200800453,6.073152008004527,29.279858168837247,22.004344055624863,14.517460802040349,7.486883253584514,263.43025139516214,0.3721187787022798,24.65277777777778,2024-04-11 07:00:00+00:00,70699.62,69886.81969574555,69222.14311402277,73.84034647088265,0.10667156945610998,49.72222222222222,0,EMA20,True,False,0.4857133247036875,0.6241082924424525,71275.73,70614.7,33.61465463596363,0.8944072806471387,0.9760458361872553,1.4760458361872972,0.30306333405606645,70871.81605027904,70482.98092458144,2.8755762402271463,0.13097452019612876,8.261744637110722,2024-04-11 08:15:00+00:00,2024-04-11 10:30:00+00:00,70871.81605027904,70482.98092458144,72038.32142737185,0.06520306422260432,25.35324167286517,-25.353241672865167,-0.9999999999999999,10,Stop loss,False,358.90394972095964,388.83512569760205,23.40163728340208,25.353241672865167,0.9230234770509906,1.0,3,10,True,True,True,True,False,False,False,False,False
exness_native-S03,44,2024-04-13 17:30:00+00:00,2024-04-13 17:15:00+00:00,17,Saturday,5,2024,2024-04,SHORT,66996.39,67193.53,66626.19,66772.61,67407.11014805635,67422.60548854656,-15.495340490204399,0.049770380313836245,2.037987722690788,2.087758103004624,33.6171075314646,16.382892468535402,20.394857259542388,11.670124535776926,31.495531504921885,19.825406969144957,311.33659000585675,0.4662639216976194,49.548611111111114,2024-04-13 16:00:00+00:00,67400.3,68359.38118526118,69029.1462700415,-77.28233334857214,0.11195609032486686,56.80555555555556,1,both,False,False,0.0,0.7357808105441391,67773.25,66968.55,39.44371981527836,0.2580815736595325,1.8222721588532973,2.3222721588533197,0.6702948663928309,66563.92268199883,67286.93097700176,3.170514351060084,0.06979764768371664,10.265722574617714,2024-04-13 17:30:00+00:00,2024-04-13 19:45:00+00:00,66563.92268199883,64394.89779699003,64394.89779699003,0.034978656183440406,25.28985856868301,75.86957570604902,2.9999999999999996,10,Take profit,False,2169.0248850087955,636.4373180011753,75.86957570604902,22.261722128674037,3.0,0.8802628163465186,10,6,True,True,True,True,True,True,True,True,True
exness_native-S03,45,2024-04-16 11:30:00+00:00,2024-04-16 11:15:00+00:00,11,Tuesday,1,2024,2024-04,SHORT,62722.96,62807.62,62444.89,62575.01,62910.49510616494,63149.65150557749,-239.1563994125463,0.5348939574312289,0.7503414357156695,1.2852353931468985,43.45209717686986,6.547902823130137,22.44417519694698,15.798137867057086,28.69045372626092,12.892315859203833,447.1099291550597,0.7145183503047937,86.875,2024-04-16 10:00:00+00:00,62557.09,64319.64032093008,66733.0196654121,-182.03482124961738,0.27278073457833724,88.19444444444444,3,EMA20,False,False,0.0,0.7649830238032277,63386.17,61563.25,40.78791387533311,0.35872411986877695,0.8112769955377278,1.311276995537716,0.49102462619405235,62355.46801416899,62941.75297874652,4.37142840645552,0.1792949873273753,8.927170160133821,2024-04-16 11:30:00+00:00,2024-04-16 11:45:00+00:00,62355.46801416899,62941.75297874652,60596.61312043641,0.04345929718035406,25.47953250794813,-25.47953250794813,-1.0,2,Stop loss,False,65.70801416898757,586.2849645775277,2.8556241149009463,25.47953250794813,0.11207521621560984,1.0,1,2,True,False,False,False,False,False,False,False,False
exness_native-S03,46,2024-04-17 14:00:00+00:00,2024-04-17 13:45:00+00:00,13,Wednesday,2,2024,2024-04,SHORT,62770.43,62976.22,62579.03,62673.37,62815.105555026355,63164.82661095151,-349.72105592515436,0.9834004178828747,0.3985542239458598,1.3819546418287345,43.463745600789224,6.536254399210776,40.234776105907024,16.720682768870827,22.425906631741615,5.705223862870788,355.62427020120197,0.5674248412064039,70.06944444444444,2024-04-17 12:00:00+00:00,62329.17,63641.554635685374,65933.47375276143,-155.4217832305294,0.2357251550454218,81.80555555555556,0,EMA20,True,False,0.45304682068659663,0.5303535971962781,62983.92,62021.69,24.436667589817745,0.23751856793978507,1.1168810266388278,1.616881026638818,0.46527998200636334,62507.90514595976,63082.90728106036,3.1832977386903667,0.0012121386561029896,11.581905326268814,2024-04-17 14:00:00+00:00,2024-04-17 14:30:00+00:00,62507.90514595976,60782.89874065796,60782.89874065796,0.044201285743454874,25.415833676678258,76.24750103003477,3.0,3,Take profit,False,1725.0064053017995,0.0,76.24750103003477,0.0,3.0,0.0,3,0,True,True,True,True,True,True,True,True,True
exness_native-S03,47,2024-04-17 19:15:00+00:00,2024-04-17 19:00:00+00:00,19,Wednesday,2,2024,2024-04,SHORT,61391.44,61443.06,60982.73,61128.36,61289.10249062552,61941.103440363106,-652.0009497375868,1.125990605132862,0.2775985746076539,1.403589179740516,45.55240053083202,4.447599469167983,37.92778704855622,17.34747116734093,24.966577175208524,7.619106007867593,579.0465273559307,0.9472633117524021,96.77083333333333,2024-04-17 18:00:00+00:00,61400.25,63108.17692339347,65655.31258527239,-245.7223241779866,0.3742611443039665,98.88888888888889,3,EMA20,True,False,0.26588106844796533,0.8601095366848968,61979.56,60527.11,57.150305215824496,0.3163600026068237,0.7949792948452257,1.2949792948452197,0.45149965178960655,60866.92069452882,61616.77395820677,3.8339000723735026,0.10138979594307079,7.728761226398527,2024-04-17 19:15:00+00:00,2024-04-17 21:15:00+00:00,60866.92069452882,61616.77395820677,58617.36090349495,0.034148617695755855,25.606452429253345,-25.606452429253345,-1.0,9,Stop loss,False,193.30069452881435,749.8532636779564,6.600951517788567,25.606452429253345,0.2577846945423608,1.0,2,9,True,True,False,False,False,False,False,False,False
exness_native-S03,48,2024-04-22 10:00:00+00:00,2024-04-22 09:45:00+00:00,9,Monday,0,2024,2024-04,LONG,65912.74,65959.82,65827.22,65937.93,65930.27244655493,65605.7671753517,324.5052712032193,1.4002959056600313,0.03304365656909754,1.4333395622291287,54.18349210424001,4.18349210424001,31.110561594307093,17.524394500287144,14.258498554705763,3.2658959455813807,231.7404984843281,0.351452492494575,24.54861111111111,2024-04-22 08:00:00+00:00,65970.96,64895.85472393755,64707.17896906467,70.08115405691933,0.1083050678046463,50.69444444444444,0,EMA20,True,False,0.44468898284472,0.9556069228153112,66244.94,65812.94,18.996983408738064,0.834917043740475,0.572191744072619,1.0721917440726558,0.29445910465882874,66006.16809969688,65757.6978504547,1.9551236919992288,0.11823462437417956,10.131119127409326,2024-04-22 10:00:00+00:00,2024-04-22 11:30:00+00:00,66006.16809969688,65757.6978504547,66751.57884742341,0.10279877118521569,25.54243629818021,-25.54243629818021,-1.0,7,Stop loss,False,163.70190030311642,248.4702492421784,16.828354191845055,25.54243629818021,0.6588390392910173,1.0,2,7,True,True,True,False,False,False,False,False,False
exness_native-S03,49,2024-04-22 13:00:00+00:00,2024-04-22 12:45:00+00:00,12,Monday,0,2024,2024-04,LONG,65926.69,66028.69,65806.54,66021.46,65947.04317421022,65741.05405304517,205.9891211650538,0.9341787623632026,0.33748684310175114,1.2716656054649538,56.22105259018196,6.221052590181962,21.348158501908195,14.275857593101529,18.584961591092892,-4.309103997991363,220.5028945894261,0.3339866985513893,20.416666666666668,2024-04-22 11:00:00+00:00,65895.03,65017.043641258104,64744.438875899956,62.64225235050981,0.09675310102012073,44.166666666666664,0,EMA20,True,False,0.6371942394309359,0.29698452293226674,65975.61,65634.63,42.66036461850117,0.967454422687393,1.007469767749079,1.507469767749121,0.23278868521640866,66072.79057891789,65740.38913162316,1.9048335008688002,0.1141935922663624,10.10696919891565,2024-04-22 13:00:00+00:00,2024-04-22 13:30:00+00:00,66072.79057891789,65740.38913162316,67069.99492080208,0.07665002789486539,25.47858020743476,-25.47858020743476,-1.0,3,Stop loss,False,201.13942108210176,332.40144729473104,15.417342236700176,25.47858020743476,0.6051099437715657,1.0,1,3,True,True,True,False,False,False,False,False,False
exness_native-S03,50,2024-04-22 14:00:00+00:00,2024-04-22 13:45:00+00:00,13,Monday,0,2024,2024-04,LONG,65943.34,66234.45,65898.15,66123.23,65985.06214985655,65788.68582439884,196.37632545770612,0.7966410696938343,0.560506383236517,1.3571474529303513,58.04257225114906,8.04257225114906,18.052836409904813,18.74283995743079,20.82396455362298,-2.08112459619219,246.5053998950589,0.37279697300791104,31.52777777777778,2024-04-22 12:00:00+00:00,66021.46,65056.43251807151,64757.145553751696,62.66790158084768,0.09677372442062038,44.30555555555556,0,both,True,False,0.35257706278868856,0.44406400690514575,66273.93,65689.18,53.490930716621435,0.6692833779363657,1.3642703167686019,1.8642703167685761,0.6511868707433742,66283.751079979,65824.19838003148,1.9165896948733934,0.14043194808084836,10.20216866955536,2024-04-22 14:00:00+00:00,2024-04-22 15:00:00+00:00,66283.751079979,65824.19838003148,67662.40917982158,0.055303523969760536,25.414883756916176,-25.414883756916176,-1.0,5,Stop loss,False,231.65892002100009,459.552699947526,12.811554636190218,25.414883756916176,0.5040965270086588,1.0,2,5,True,True,True,False,False,False,False,False,False
exness_native-S03,51,2024-04-23 16:45:00+00:00,2024-04-23 16:30:00+00:00,16,Tuesday,1,2024,2024-04,LONG,66637.5,66711.37,66521.91,66673.02,66499.50296124654,66418.67591033707,80.82705090947275,0.27632303711153827,0.5932018377443644,0.8695248748559027,57.205644583548036,7.205644583548036,25.306611973166433,17.433010192030146,12.218408248590446,5.2146019434397,292.5092737629645,0.4387221004282759,50.798611111111114,2024-04-23 15:00:00+00:00,66423.91,65957.12950629956,65151.20445987518,64.65563765835395,0.09923935895640051,44.72222222222222,1,both,False,False,0.0,0.3529258691011214,66778.17,66300.08,18.748020690386152,0.7975826031880454,0.6477059600972555,1.1477059600972481,0.33110695434249116,66769.8718547526,66434.15721787112,1.9585195432857225,0.06229162907818755,15.455678689147145,2024-04-23 16:45:00+00:00,2024-04-23 19:30:00+00:00,66769.8718547526,66434.15721787112,67777.01576539701,0.07551457029999702,25.351346547523885,-25.351346547523885,-1.0,12,Stop loss,False,149.29814524740505,335.71463688147196,11.274185284944334,25.351346547523885,0.4447174142726357,1.0,5,12,True,True,False,False,False,False,False,False,False
exness_native-S03,52,2024-04-25 09:30:00+00:00,2024-04-25 09:15:00+00:00,9,Thursday,3,2024,2024-04,SHORT,64105.84,64138.06,63940.33,63979.24,64087.6709605399,64291.34109553682,-203.67013499692257,0.8117707291622227,0.43217470201297437,1.2439454311751972,45.410473167123854,4.589526832876146,26.350248189799068,15.795224011294462,20.698057888083436,4.902833876788975,250.89613074262687,0.392152408722934,42.11805555555556,2024-04-25 08:00:00+00:00,63915.5,65210.560303070095,65229.49828609369,-56.878547360087396,0.08719758522535404,37.083333333333336,0,EMA20,True,False,0.2008362556686318,0.6109344734935909,64180.06,63638.26,64.0267030799581,0.19678349264146572,0.7880950551717771,1.2880950551717667,0.35508409749016673,63890.15077385148,64213.328839222784,2.5812185013571796,0.19258725286373674,8.43247939644155,2024-04-25 09:30:00+00:00,2024-04-25 12:30:00+00:00,63890.15077385148,64213.328839222784,62920.61657773756,0.07824778625399947,25.287968181155076,-25.28796818115508,-1.0000000000000002,13,Stop loss,False,611.250773851476,323.17806537130673,47.82901989992206,25.28796818115508,1.8913745682250924,1.0,5,13,True,True,True,True,True,True,False,False,False
exness_native-S03,53,2024-04-25 13:00:00+00:00,2024-04-25 12:45:00+00:00,12,Thursday,3,2024,2024-04,SHORT,63753.31,63799.98,63242.58,63376.65,63829.80801950494,64056.869028258916,-227.06100875397533,0.7046782106095312,1.4063646773193894,2.1110428879289205,37.45067672714208,12.549323272857919,23.93663479271074,13.248431024408472,26.952942578164127,13.704511553755655,322.2194263074667,0.5084197828497825,65.24305555555556,2024-04-25 11:00:00+00:00,63836.54,65043.90137696583,65185.413464884135,-70.01318889912363,0.10740622046808103,51.66666666666667,0,both,False,False,0.0,0.7972487295467571,64250.95,63608.58,67.57445281664786,0.24052744886975128,1.7298770790688514,2.2298770790688462,0.6160829206866812,63178.13611473851,63896.645827892244,2.766554354103148,0.21050001002483304,9.307861175667755,2024-04-25 13:00:00+00:00,2024-04-25 15:30:00+00:00,63178.13611473851,63896.645827892244,61022.60697527731,0.03510703863693638,25.224748260702185,-25.224748260702185,-1.0,11,Stop loss,False,451.6861147385134,718.5097131537332,15.857361881892668,25.224748260702185,0.6286430182772911,1.0,2,11,True,True,True,False,False,False,False,False,False
exness_native-S03,54,2024-04-27 10:45:00+00:00,2024-04-27 10:30:00+00:00,10,Saturday,5,2024,2024-04,SHORT,62932.28,62932.28,62753.48,62805.71,62956.261785784365,63141.1248388597,-184.8630530753362,1.1764170102126121,0.958069656257577,2.134486666470189,38.074366539710255,11.925633460289745,25.19949095049504,9.102113820742586,20.72997986363014,11.627866042887552,157.1407515111722,0.2502013774084748,7.291666666666667,2024-04-27 09:00:00+00:00,62940.27,63876.825610027096,64692.15677269003,-89.10501086118165,0.13773696118104625,67.5,3,EMA20,False,False,0.0,1.3290304192344045,62999.07,62839.48,70.78859060402841,0.2921140939597159,1.1378334281879996,1.6378334281880202,0.5323771809522232,62722.05184969777,62979.42222545335,2.3996694336502853,0.13462944389949982,9.576866253206466,2024-04-27 10:45:00+00:00,2024-04-27 12:00:00+00:00,62722.05184969777,62979.42222545335,61949.94072243101,0.097764501124813,25.16168639005043,-25.16168639005043,-1.0,6,Stop loss,False,97.86184969776514,257.370375755585,9.56741491485344,25.16168639005043,0.38023742791089865,1.0,2,6,True,True,False,False,False,False,False,False,False
exness_native-S03,55,2024-04-27 16:30:00+00:00,2024-04-27 16:15:00+00:00,16,Saturday,5,2024,2024-04,SHORT,62972.47,63081.06,62752.66,62752.66,62991.72494363012,63055.33225045504,-63.60730682491703,0.3382994859000655,1.2714820287771602,1.6097815146772259,37.062154553075345,12.937845446924655,20.305229453638663,15.65538749945152,19.084571075434887,3.4291835759833678,188.020701999254,0.2996218837564081,16.84027777777778,2024-04-27 15:00:00+00:00,62928.2,63683.42205461969,64591.64887084861,-81.45858072012925,0.1261131773907896,64.44444444444444,0,EMA20,True,True,0.47513414969715034,0.1368346637970849,63161.71,62803.83,66.93361753958634,0.0,1.7466161784743106,2.246616178474306,0.20000000000001358,62715.05585960015,63137.46621059977,1.9691600712808506,0.1103843146486848,10.851931260229122,2024-04-27 16:45:00+00:00,2024-04-27 17:30:00+00:00,62715.05585960015,63137.46621059977,61447.82480660129,0.05941800932358749,25.098782174075303,-25.098782174075303,-1.0,4,Stop loss,False,3.035859600153344,422.4103509996203,0.180384734027014,25.098782174075303,0.007186991495281974,1.0,2,4,True,False,False,False,False,False,False,False,False
exness_native-S03,56,2024-04-28 14:45:00+00:00,2024-04-28 14:30:00+00:00,14,Sunday,6,2024,2024-04,SHORT,63625.2,63711.26,63486.45,63549.96,63643.0505812124,63644.812435034095,-1.761853821692057,0.009938366901840868,0.5251107326860782,0.5350490995879191,43.452860951756264,6.547139048243736,22.854602815548226,13.116504342503767,20.10888364023619,6.992379297732423,177.27800141547516,0.27895847836170967,13.402777777777777,2024-04-28 13:00:00+00:00,63743.37,63638.83168230353,64390.70657523213,-39.04683497652877,0.060640482226899696,29.583333333333332,0,both,True,True,0.3847596331354225,0.37482126623358164,63836.64,63509.56,33.46826208798377,0.28250522663582867,1.2681212457553155,1.7681212457553024,0.5582508799338095,63450.9943997169,63764.44340042464,1.619490759645395,0.06539506999059354,10.49712228468737,2024-04-28 14:45:00+00:00,2024-04-28 16:30:00+00:00,63450.9943997169,63764.44340042464,62510.64739759368,0.07987275493656372,25.03603521864012,-25.03603521864012,-1.0,8,Stop loss,False,37.78439971690386,313.4490007077402,3.01794409901343,25.03603521864012,0.12054401076918421,1.0,4,8,True,False,False,False,False,False,False,False,False
exness_native-S03,57,2024-04-29 11:15:00+00:00,2024-04-29 11:00:00+00:00,11,Monday,0,2024,2024-04,SHORT,62404.79,62460.39,62291.09,62342.53,62433.57446544791,62659.41788153246,-225.84341608454997,1.0872747405383056,0.43831407292506713,1.5255888134633728,43.616945370220364,6.383054629779636,30.424759394439242,16.167940170172226,19.533128932774044,3.365188762601818,207.71513184674532,0.3331836738848188,25.590277777777775,2024-04-29 10:00:00+00:00,62404.1,63237.16608359338,64132.19000535608,-89.28710526762734,0.13922354009768015,70.13888888888889,0,EMA20,True,False,0.129097645961928,0.9581770945763777,62704.29,62300.66,36.7749556999415,0.3038393384524598,0.8150585780380913,1.3150585780381059,0.44764685915109503,62249.54697363065,62522.704539554026,1.5868073037064767,0.17616387231516187,9.14940811345778,2024-04-29 11:30:00+00:00,2024-04-29 12:30:00+00:00,62249.54697363065,62522.704539554026,61430.07427586051,0.09142505369080144,24.973445130593518,-24.973445130593518,-1.0,5,Stop loss,False,107.3869736306442,273.15756592337857,9.817859829874324,24.973445130593518,0.39313197592618226,1.0,2,5,True,True,False,False,False,False,False,False,False
exness_native-S03,58,2024-04-30 15:15:00+00:00,2024-04-30 15:00:00+00:00,15,Tuesday,1,2024,2024-04,SHORT,61187.2,61347.09,60678.2,60786.5,61272.13689812547,61966.00637464694,-693.8694765214677,1.8866324712317304,1.3204476810609815,3.207080152292712,34.85111183785389,15.148888162146108,66.0873384013031,12.578004661613722,33.50858163909745,20.930576977483728,367.782006883651,0.605038959116993,81.66666666666667,2024-04-30 14:00:00+00:00,61193.9,62788.762441282444,63781.94298722091,-132.53278203238006,0.20779044322769188,83.19444444444444,0,EMA20,True,False,0.20379763140026927,1.6828348398314612,61496.05,60481.23,59.9052161042918,0.16191003004978846,1.8187132254449982,2.3187132254449896,0.4944679129837438,60604.64359862327,61457.42460206509,2.7908215808544306,0.15725540904588373,6.269622324711486,2024-04-30 15:30:00+00:00,2024-05-01 07:00:00+00:00,60604.64359862327,58046.3005882978,58046.3005882978,0.029211499103786627,24.911011517767033,74.7330345533011,3.0,63,Take profit,False,2558.343010325465,391.3064013767289,74.7330345533011,11.430646593122287,3.0,0.4588591910436764,63,29,True,True,True,True,True,True,True,True,True
exness_native-S03,59,2024-05-01 13:30:00+00:00,2024-05-01 13:15:00+00:00,13,Wednesday,2,2024,2024-05,SHORT,57814.17,57814.9,57592.68,57639.69,57865.47725285033,58536.01891790638,-670.541665056051,1.8334284094602504,0.6173587495643147,2.450787159024565,42.14514851328619,7.854851486713812,30.522551393189268,18.91485636710942,24.977750527015377,6.062894159905959,365.73103241781564,0.6345124902958632,82.84722222222223,2024-05-01 12:00:00+00:00,57924.65,60667.99533431769,62906.75611267933,-274.6278465748401,0.436563357492037,99.86111111111111,0,EMA20,False,False,0.0,1.9717192526407363,58240.5,57651.64,78.51678516784943,0.21154711547116278,0.6076049891936277,1.1076049891936408,0.3285370828098042,57519.533793516435,57924.61930972535,4.1858731008670675,0.19149368637886088,7.382459623611984,2024-05-01 13:30:00+00:00,2024-05-01 18:00:00+00:00,57519.533793516435,57924.61930972535,56304.277244889694,0.06195690317203698,25.097844104150287,-25.097844104150287,-1.0,19,Stop loss,False,945.5237935164332,405.08551620891376,58.58172612175474,25.097844104150287,2.334133795662051,1.0,16,19,True,True,True,True,True,True,True,False,False
exness_native-S03,60,2024-05-03 12:15:00+00:00,2024-05-03 12:00:00+00:00,12,Friday,4,2024,2024-05,SHORT,59290.25,59297.07,59077.83,59143.11,59255.22182980928,59280.662651642815,-25.440821833537484,0.11457811300241902,0.5049192981596837,0.6194974111621028,44.88254685479394,5.117453145206063,19.606237310021115,18.136585594524533,19.89801216054235,1.7614265660178177,222.03910648275703,0.3754268358271268,34.09722222222222,2024-05-03 11:00:00+00:00,59288.87,59094.1363524382,61263.28342029442,-103.66542144569394,0.16921297008275132,71.52777777777779,0,both,True,True,0.18847207076998382,0.07389395776756481,59422.68,58838.5,67.11366538952782,0.29775588396277797,0.9873936329185488,1.487393632918547,0.4940022639888937,59033.42217870345,59363.681731944824,2.4963273342911396,0.024742840238095577,13.698772511423702,2024-05-03 12:15:00+00:00,2024-05-03 12:30:00+00:00,59033.42217870345,59363.681731944824,58042.64351897932,0.07580431587271166,25.035099493889913,-25.035099493889913,-1.0,2,Stop loss,False,59.20217870344641,330.2595532413761,4.487780654788775,25.035099493889913,0.17925954941317757,1.0,1,2,True,False,False,False,False,False,False,False,False
exness_native-S03,61,2024-05-05 11:00:00+00:00,2024-05-05 10:45:00+00:00,10,Sunday,6,2024,2024-05,LONG,63678.07,63745.53,63557.85,63708.84,63643.71082009392,63580.61835339036,63.092466703557875,0.3562126094390232,0.3677116514396709,0.7239242608786941,54.667465540675266,4.667465540675266,20.969829222400183,20.655364824115722,16.183903860160584,4.471460963955138,177.1202507483332,0.2780151871362486,7.152777777777778,2024-05-05 09:00:00+00:00,63695.29,62683.73360620862,61970.54726388714,80.79361008167325,0.13037420782752246,61.38888888888889,0,EMA20,True,True,0.48476004144730894,0.12854743200828572,63825.4,63617.41,16.394927536230153,0.804507672634259,1.0596190961059062,1.559619096105924,0.40714740321893345,63780.95405014967,63504.7139247755,1.9668105788595938,0.07423265519040209,12.953849996877567,2024-05-05 11:15:00+00:00,2024-05-06 08:15:00+00:00,63780.95405014967,64609.67442627218,64609.67442627218,0.09040146398474758,24.972511745155185,74.91753523546556,3.0000000000000004,85,Take profit,False,828.7203761225101,215.97405014966353,74.91753523546556,19.524370316244873,3.0,0.7818344632486844,85,38,True,True,True,True,True,True,True,True,True
exness_native-S03,62,2024-05-16 07:15:00+00:00,2024-05-16 07:00:00+00:00,7,Thursday,3,2024,2024-05,LONG,65958.26,66085.66,65918.54,66064.72,65906.45694046035,65660.97423255118,245.4827079091774,1.3927225864248483,0.897890281131804,2.290612867556652,59.74460456220389,9.74460456220389,21.940299399423786,21.960194430605554,16.230995009277322,5.729199421328232,176.2610230507838,0.2668005299209378,8.92361111111111,2024-05-16 06:00:00+00:00,65960.91,63906.15504652371,62590.00746012299,168.0913023758767,0.26855932631573837,88.75,0,EMA20,False,False,0.0,1.4612746652140356,65999.57,65620.25,63.70272857826718,0.8747008137864942,0.9481392829080527,1.448139282908057,0.3188010805654046,66120.91220461015,65865.66169308475,2.8973932771594586,0.3298658563042446,5.604542343118355,2024-05-16 07:15:00+00:00,2024-05-16 13:00:00+00:00,66120.91220461015,65865.66169308475,66886.66373918636,0.09856907017692673,25.15980558324385,-25.15980558324385,-1.0,24,Stop loss,False,591.9977953898488,255.25051152540254,58.352672238367916,25.15980558324385,2.3192815240683,1.0,22,24,True,True,True,True,True,True,True,False,False
exness_native-S03,63,2024-05-17 13:30:00+00:00,2024-05-17 13:15:00+00:00,13,Friday,4,2024,2024-05,LONG,66244.88,66337.29,66176.98,66333.74,66235.10927794555,66005.98492173903,229.12435620652104,1.0353521442148688,0.44568605125723576,1.4810381954721044,56.77869549795141,6.778695497951411,37.42798633866599,20.864277499913396,10.787779195071023,10.076498304842373,221.3008950498396,0.3336173944810583,30.729166666666668,2024-05-17 12:00:00+00:00,66382.09,65241.05334941227,63419.402369409705,148.2257107279729,0.23372296992736952,86.80555555555556,0,EMA20,True,False,0.2626707765120559,0.7726813677028128,66582.63,66099.62,55.43010417316566,0.9778554051525893,0.7243983354151999,1.2243983354152188,0.21604150764592897,66381.55017900997,66110.58973148504,2.3281920187475045,0.035283151680689254,11.53013887075879,2024-05-17 13:30:00+00:00,2024-05-17 13:30:00+00:00,66381.55017900997,66110.58973148504,67194.43152158473,0.0926220276742695,25.096906069285737,-25.096906069285737,-1.0,1,Stop loss,False,0.0,270.9604475249216,0.0,25.096906069285737,0.0,1.0,0,1,True,False,False,False,False,False,False,False,False
exness_native-S03,64,2024-05-17 14:30:00+00:00,2024-05-17 14:15:00+00:00,14,Friday,4,2024,2024-05,LONG,66147.71,66443.0,66096.82,66336.71,66193.49191227494,66019.61586338766,173.87604888727947,0.6778114648606561,0.5582992163480776,1.2361106812087337,55.88631166892729,5.886311668927291,30.182354429035307,23.185861069476235,15.450932117103854,7.734928952372382,256.52568288000964,0.38670245009137416,49.09722222222222,2024-05-17 13:00:00+00:00,65934.56,65268.249688651005,63444.42881349518,144.6777932082914,0.2280386094003532,86.25,0,EMA50,True,False,0.3768508134920473,0.30096065136860883,66470.81,65794.28,54.59587497833607,0.6929631983361381,1.3494945071909987,1.8494945071910176,0.6143444773508814,66494.305136576,66019.862295136,2.3539701639593686,0.03588404228205429,11.518480956732141,2024-05-17 14:45:00+00:00,2024-05-19 19:00:00+00:00,66494.305136576,66019.862295136,67917.63366089601,0.05276539472727677,25.034163804112524,-25.034163804112524,-1.0,210,Stop loss,False,1177.204863423991,474.44284144000267,62.11567929343681,25.034163804112524,2.481236432719701,1.0,176,210,True,True,True,True,True,True,True,False,False
exness_native-S03,65,2024-05-20 09:15:00+00:00,2024-05-20 09:00:00+00:00,9,Monday,0,2024,2024-05,LONG,66758.1,66929.69,66706.29,66902.54,66806.55581772256,66708.02347706801,98.53234065455035,0.46560079549446637,0.4535598294568123,0.9191606249512787,54.73304838067149,4.733048380671491,18.773232835861684,21.719541129444597,21.41897678767625,0.30056434176834657,211.62408141916802,0.31631696108872404,31.770833333333332,2024-05-20 08:00:00+00:00,66757.57,66667.57731826155,65103.48003860319,88.68470373377204,0.13622114160592694,65.69444444444444,0,both,True,True,0.473792098943452,0.008191303448985584,67062.29,66691.42,64.65532676812091,0.8784691136973695,1.0556454563293103,1.555645456329314,0.32829352792902,66972.01481628383,66642.80277557424,2.0087810285246395,0.01883630688988926,10.684039280326076,2024-05-20 09:15:00+00:00,2024-05-20 16:30:00+00:00,66972.01481628383,67959.65093841261,67959.65093841261,0.07585256705914446,24.971578394602243,74.91473518380673,3.0,30,Take profit,False,987.6361221287807,268.20481628383277,74.91473518380673,20.344023812754948,3.0,0.8146871411681542,30,22,True,True,True,True,True,True,True,True,True
exness_native-S03,66,2024-05-21 12:15:00+00:00,2024-05-21 12:00:00+00:00,12,Tuesday,1,2024,2024-05,LONG,71076.0,71221.89,70990.87,71164.47,71059.44973169721,70742.86599787135,316.58373382585705,1.3438626734439212,0.4457993366292691,1.7896620100731904,55.485140583104425,5.485140583104425,19.709900855095622,18.406750990041086,12.35770972230736,6.049041267733726,235.5774440959409,0.33103238750452424,37.01388888888889,2024-05-21 11:00:00+00:00,71071.65,68864.03062021379,66181.52489218923,244.5743283109332,0.3695507601394025,95.41666666666667,0,EMA20,True,False,0.2911133192755371,1.052749354168384,71415.26,70870.44,38.295385680893254,0.7514500909012326,0.9806541576447328,1.4806541576446912,0.4437415017398976,71269.00548881918,70920.19676677122,3.0708729380570863,0.306071711304627,5.925167371303541,2024-05-21 12:15:00+00:00,2024-05-21 13:15:00+00:00,71269.00548881918,70920.19676677122,72315.43165496307,0.07212797055316228,25.158865232561762,-25.158865232561762,-1.0,5,Stop loss,False,139.4645111808204,348.8087220479647,10.059292155661385,25.158865232561762,0.39983091696211265,1.0,1,5,True,True,False,False,False,False,False,False,False
exness_native-S03,67,2024-05-22 15:45:00+00:00,2024-05-22 15:30:00+00:00,15,Wednesday,2,2024,2024-05,LONG,70171.7,70553.72,70072.91,70434.59,69911.41683850155,69909.7905588428,1.6262796587543562,0.005396713415485295,1.7361193716479872,1.7415160850634723,63.75922356095671,13.759223560956713,22.77509702842817,26.29569246104597,14.772386031461291,11.523306429584679,301.3463071965096,0.42783851967692244,69.34027777777779,2024-05-22 14:00:00+00:00,70079.52,69552.34958270384,67068.35412319443,141.8730790150148,0.21153505385627236,79.16666666666666,0,EMA50,False,False,0.0,0.5413022733702716,70241.18,69415.11,54.676483434204926,0.7522306108441895,1.595539711347645,2.095539711347644,0.5953258996544437,70613.9892614393,69982.50610784105,2.1093379448825087,0.03196715484474368,16.73988054373196,2024-05-22 16:00:00+00:00,2024-05-22 17:30:00+00:00,70613.9892614393,69982.50610784105,72508.43872223406,0.03974131047911746,25.09596806948036,-25.09596806948036,-1.0,7,Stop loss,False,23.14073856070172,631.4831535982521,0.9196432758569328,25.09596806948036,0.03664506080462092,1.0,2,7,True,False,False,False,False,False,False,False,False
exness_native-S03,68,2024-05-23 09:00:00+00:00,2024-05-23 08:45:00+00:00,8,Thursday,3,2024,2024-05,LONG,69607.21,69655.07,69525.48,69629.41,69543.81262337796,69522.71198419436,21.100639183598105,0.11592448442526337,0.47026214072123584,0.5861866251464992,56.18589385869922,6.185893858699217,18.27690395583891,18.89742387536833,12.276289257915813,6.621134617452515,182.0205566426453,0.2614133261256203,12.5,2024-05-23 07:00:00+00:00,69719.87,69548.64622958841,67458.61412484034,105.75995608148514,0.15677754050174159,65.69444444444444,0,EMA20,True,False,0.10071732399960757,0.015207160425655803,69836.62,69454.62,17.13095146230048,0.8019908943591226,0.7119525529988937,1.2119525529988924,0.34097308827808176,69691.47411132854,69470.87383300721,2.0040266321886153,0.03320144934374137,12.275141796680455,2024-05-23 09:00:00+00:00,2024-05-23 10:45:00+00:00,69691.47411132854,69470.87383300721,70353.27494629254,0.11347777228477678,25.03322814930666,-25.03322814930666,-1.0,8,Stop loss,False,122.75588867145416,220.60027832133346,13.930064781274684,25.03322814930666,0.5564629818492068,1.0,3,8,True,True,True,False,False,False,False,False,False
exness_native-S03,69,2024-05-25 09:15:00+00:00,2024-05-25 09:00:00+00:00,9,Saturday,5,2024,2024-05,LONG,68890.07,68940.05,68811.69,68919.34,68775.84663490641,68671.64149628015,104.20513862626103,0.8236186420966336,1.1341457059246356,1.9577643480212692,64.46767599016817,14.467675990168175,19.98883338742751,23.442458435805143,10.995783302087908,12.446675133717235,126.52110248620968,0.1835785172728144,2.013888888888889,2024-05-25 08:00:00+00:00,68885.84,68488.50625324884,67751.41751999572,50.64060741527646,0.07474472013863137,31.11111111111111,3,EMA20,False,False,0.0,1.1069181422531238,69049.51,68682.75,22.803053910867398,0.8386569024617769,1.0145343146530938,1.5145343146530847,0.3636881088849677,68965.35422049725,68773.73366925414,1.6958764303707292,0.22288212970266813,7.66285280914996,2024-05-25 09:15:00+00:00,2024-05-25 11:00:00+00:00,68965.35422049725,69540.21587422656,69540.21587422656,0.13031298008976996,24.970645078933394,74.91193523680018,2.9999999999999996,8,Take profit,False,574.8616537293128,0.0,74.91193523680018,0.0,3.0,0.0,8,0,True,True,True,True,True,True,True,True,True
exness_native-S03,70,2024-05-27 14:15:00+00:00,2024-05-27 14:00:00+00:00,14,Monday,0,2024,2024-05,LONG,68876.57,68979.21,68762.46,68921.84,68637.31096724399,68634.90754794593,2.4034192980616353,0.012501590239954818,1.4800020045420557,1.4925035947820104,65.4735522908395,15.473552290839507,22.98062100889697,26.98817797881273,16.15892785018655,10.829250128626178,192.24908607069509,0.2789378317100865,25.520833333333332,2024-05-27 13:00:00+00:00,68884.5,68763.51935637055,68220.60901456924,17.944210462243063,0.0263032106007891,10.0,3,both,False,False,0.0,0.6634749462849152,69006.44,68490.57,20.885813148784095,0.7353171856977628,1.1274435911767886,1.6274435911767737,0.4984149426796571,69017.65981721414,68704.7852741788,1.4860881828642927,0.027779656203087803,11.94777514556457,2024-05-27 14:15:00+00:00,2024-05-27 15:15:00+00:00,69017.65981721414,69956.28344632017,69956.28344632017,0.08040898653165068,25.157924917025394,75.47377475107618,3.0,5,Take profit,False,938.6236291060341,25.21981721413613,75.47377475107618,2.027899942702164,3.0,0.08060680478976234,5,2,True,True,True,True,True,True,True,True,True
exness_native-S03,71,2024-05-29 17:45:00+00:00,2024-05-29 17:30:00+00:00,17,Wednesday,2,2024,2024-05,SHORT,67569.93,67650.33,67443.77,67472.72,67571.81520621761,67802.3677539637,-230.55254774609057,0.8382496000512445,0.3602932077349538,1.1985428077861984,45.06935697592546,4.930643024074541,19.484125450192796,16.223110117590803,17.00291464171064,0.7798045241198359,275.04045063904147,0.40763207802952284,64.16666666666667,2024-05-29 16:00:00+00:00,67498.8,68250.79344436945,68276.80386083537,-34.15732206580287,0.0500277109271602,26.25,2,EMA20,True,False,0.28546635085845834,0.5527832491927862,67709.26,67094.8,47.061386522072496,0.1401529821843407,0.7510168032377302,1.2510168032377682,0.3052572446443333,67388.76190987219,67732.84213519172,2.1907875798656518,0.04732116915302819,12.454739854917428,2024-05-29 17:45:00+00:00,2024-05-29 21:45:00+00:00,67388.76190987219,67732.84213519172,66356.5212339136,0.07366482433091016,25.34660935390308,-25.34660935390308,-1.0,17,Stop loss,False,344.3119098721945,344.08022531952884,25.363676355775382,25.34660935390308,1.0006733445737852,1.0,10,17,True,True,True,True,True,False,False,False,False
exness_native-S03,72,2024-05-30 09:30:00+00:00,2024-05-30 09:15:00+00:00,9,Thursday,3,2024,2024-05,SHORT,67660.86,67737.27,67523.41,67527.65,67692.06199302283,67733.01154934292,-40.94955632009078,0.16455020120631433,0.6606671467003192,0.8252173479066335,44.10456869689063,5.895431303109369,19.084971324892866,18.829412382498525,20.98688992982131,2.1574775473227845,248.85752809714225,0.3685268598820517,54.270833333333336,2024-05-30 08:00:00+00:00,67612.16,67985.53001337199,68187.06796582593,-18.625657921671518,0.027315528409296533,13.61111111111111,1,both,True,True,0.1816622037631481,0.017112002556833778,67753.87,67052.82,62.28841298045733,0.01982605442808695,0.8593672115738437,1.3593672115738427,0.21703786111037596,67473.63849438058,67811.92725842915,1.969307612583809,0.018846215980866915,16.893414387031406,2024-05-30 09:30:00+00:00,2024-05-30 10:30:00+00:00,67473.63849438058,67811.92725842915,66458.77220223486,0.07473864200493564,25.283242830518326,-25.283242830518326,-1.0,5,Stop loss,False,83.38849438057514,338.28876404857147,6.232342828840393,25.283242830518326,0.24650092832702605,1.0,1,5,True,False,False,False,False,False,False,False,False
exness_native-S03,73,2024-06-02 09:30:00+00:00,2024-06-02 09:15:00+00:00,9,Sunday,6,2024,2024-06,SHORT,67660.08,67691.57,67519.87,67528.86,67685.54679694641,67695.0321462995,-9.485349353097263,0.09996656358283132,1.6513298631872335,1.7512964267700648,33.901662240567546,16.098337759432454,18.871871280920917,7.873000627452659,21.099087499561726,13.226086872109068,94.88521974887928,0.14051061982814353,0.7638888888888888,2024-06-02 08:00:00+00:00,67694.77,67749.59485235257,68012.63617526468,-15.5713133647223,0.022894735802617496,14.166666666666666,0,both,True,False,0.06347883336877799,0.03648773021405333,67755.68,67599.66,76.42399534070604,0.052358765288320494,1.8095547489316917,2.309554748931741,0.29474605237573054,67500.89295605021,67720.03556592467,0.6040548597227365,0.023498760163050195,25.853945267331248,2024-06-02 09:30:00+00:00,2024-06-02 11:45:00+00:00,67500.89295605021,67720.03556592467,66843.46512642685,0.11508503406932256,25.220034723442026,-25.220034723442026,-1.0,10,Stop loss,False,196.86295605021587,219.14260987445596,22.655980004026645,25.220034723442026,0.8983326253301271,1.0,1,10,True,True,True,True,False,False,False,False,False
exness_native-S03,74,2024-06-02 19:15:00+00:00,2024-06-02 19:00:00+00:00,19,Sunday,6,2024,2024-06,SHORT,67638.26,67682.69,67573.46,67585.89,67819.88639251271,67824.45824840954,-4.571855896836496,0.02577421026563968,1.319173735593223,1.3449479458588625,39.34882079668762,10.651179203312381,23.980765772577524,13.522894992541977,25.65278932598158,12.129894333439603,177.38102738035644,0.26245275068561863,24.86111111111111,2024-06-02 18:00:00+00:00,67638.2,67796.09634868699,68000.5891455796,-2.845887876363122,0.004185092970695416,2.5,4,both,False,False,0.0,0.7992300557914226,68003.03,67410.15,47.94470383594003,0.11379657603216588,0.6157930282237857,1.115793028223778,0.27007513815630985,67537.98379452394,67735.90430821411,1.3095438167546678,0.0118784604996626,11.196001592286342,2024-06-02 19:15:00+00:00,2024-06-02 19:45:00+00:00,67537.98379452394,67735.90430821411,66944.22225345342,0.12710650436171803,25.156984636633425,-25.15698463663342,-0.9999999999999999,3,Stop loss,False,309.79379452393914,197.9205136901728,39.37680629489025,25.15698463663342,1.5652434846086452,1.0,1,3,True,True,True,True,True,True,False,False,False
exness_native-S03,75,2024-06-03 11:15:00+00:00,2024-06-03 11:00:00+00:00,11,Monday,0,2024,2024-06,LONG,68891.68,69078.28,68826.41,69069.51,68961.61306250191,68648.98445696339,312.62860553852806,1.6383238860179574,0.5654317192976993,2.203755605315657,56.96820011718702,6.968200117187017,29.762945429669575,19.82611986936445,20.864682885768335,-1.0385630164038844,190.82222276474909,0.2762756283702449,30.486111111111114,2024-06-03 10:00:00+00:00,68895.08,68104.99979324684,68057.18754192237,47.3023821067618,0.06950387433748144,45.0,0,EMA20,True,False,0.70852891525424,0.9297949707637174,69187.49,68848.29,70.60388295549491,0.9651804502322459,1.3199196422237867,1.8199196422237873,0.24595900767186288,69116.44444455295,68769.16333317058,1.8013741672708177,0.17689344518993222,8.669345247966245,2024-06-03 11:15:00+00:00,2024-06-03 13:45:00+00:00,69116.44444455295,70158.28777870006,70158.28777870006,0.07225873032700666,25.09409217504184,75.28227652512551,2.9999999999999996,11,Take profit,False,1041.84333414711,154.7344445529452,75.28227652512551,11.180914501250433,3.0,0.44555963305063423,11,3,True,True,True,True,True,True,True,True,True
exness_native-S03,76,2024-06-03 16:00:00+00:00,2024-06-03 15:45:00+00:00,15,Monday,0,2024,2024-06,LONG,69221.86,69598.2,69091.98,69570.51,69354.40329009837,69071.37978518156,283.02350491681136,0.8001217105449234,0.6109445589600229,1.4110662695049463,55.322199111491024,5.322199111491024,27.05097011329321,21.86984151275859,22.194540819082885,-0.32469930632429467,353.72556598177795,0.5084418182097242,94.27083333333334,2024-06-03 14:00:00+00:00,68775.02,68288.86097969435,68107.94341492635,59.1769027334085,0.08688693236982904,55.97222222222222,1,EMA50,True,False,0.7418838651653912,0.05823784537953227,69834.81,68518.25,68.87321717830062,0.9453004622496103,1.4311094494823111,1.931109449482327,0.2782810253569117,69668.94511319636,68985.86233020546,2.158394449303749,0.13677369868859385,7.038339406129977,2024-06-03 16:00:00+00:00,2024-06-03 16:30:00+00:00,69668.94511319636,68985.86233020546,71718.19346216905,0.03701205548711894,25.282297866354657,-25.28229786635466,-1.0000000000000002,3,Stop loss,False,15.774886803643312,683.0827829908958,0.5838609856794665,25.28229786635466,0.023093667702430674,1.0,1,3,True,False,False,False,False,False,False,False,False
exness_native-S03,77,2024-06-05 07:15:00+00:00,2024-06-05 07:00:00+00:00,7,Wednesday,2,2024,2024-06,LONG,71042.77,71140.54,70988.93,71082.3,70924.44939730238,70686.81948702027,237.62991028210672,1.2491802529748448,0.829793924409432,2.0789741773842767,59.00207153607558,9.002071536075583,23.774606475758354,20.951066437349073,11.151145767984959,9.799920669364115,190.22867974113896,0.26761750779186794,28.09027777777778,2024-06-05 06:00:00+00:00,71038.12,69712.89875509842,68673.48990904751,117.83327116793953,0.17158480124426495,78.88888888888889,1,EMA20,False,False,0.0,1.5881438771000782,71109.26,70809.24,26.073478002769395,0.6158564738474345,0.7969881313706733,1.2969881313706275,0.5061578310864563,71178.58573594822,70931.86139607766,1.7534924765408415,0.2149092347774101,7.942470859063867,2024-06-05 07:30:00+00:00,2024-06-05 08:45:00+00:00,71178.58573594822,70931.86139607766,71918.7587555599,0.10221566358195312,25.219092121688767,-25.219092121688767,-1.0,6,Stop loss,False,139.78426405177743,246.72433987056138,14.288141308367384,25.219092121688767,0.5665604947007346,1.0,2,6,True,True,True,False,False,False,False,False,False
exness_native-S03,78,2024-06-05 16:00:00+00:00,2024-06-05 15:45:00+00:00,15,Wednesday,2,2024,2024-06,LONG,71491.72,71626.34,71284.39,71541.15,70994.31891469807,70875.46360049922,118.85531419885228,0.40762845868104836,1.8754223482811627,2.283050806962211,66.3042696187911,16.304269618791096,18.996603067934906,25.83188202799923,14.741606635118117,11.090275392881114,291.57756694277185,0.40756622858700464,74.61805555555556,2024-06-05 14:00:00+00:00,70820.56,70027.14581176628,68842.02997721883,100.96579676840338,0.14666301502412832,73.75,1,EMA20,False,False,0.0,1.402461800434184,71683.64,70624.59,14.455329726566294,0.7508700102354056,1.1727582597844775,1.672758259784495,0.49216925325646743,71684.65551338856,71196.91672991717,1.9785058030607983,0.10752496102965646,13.567988685974298,2024-06-05 16:00:00+00:00,2024-06-05 17:00:00+00:00,71684.65551338856,71196.91672991717,73147.87186380272,0.05157687935402877,25.156044391384548,-25.156044391384548,-1.0,5,Stop loss,False,23.97448661144881,487.73878347138816,1.2365292035334734,25.156044391384548,0.049154357668289066,1.0,1,5,True,False,False,False,False,False,False,False,False
exness_native-S03,79,2024-06-05 17:45:00+00:00,2024-06-05 17:30:00+00:00,17,Wednesday,2,2024,2024-06,LONG,71347.19,71508.32,71337.51,71446.03,71221.0418450578,71016.41059514043,204.6312499173655,0.7410467341096693,0.8147667450626656,1.5558134791723348,58.461471280303044,8.461471280303044,18.051244642346095,18.95879500099876,15.401202788254633,3.557592212744126,276.1381172042,0.3864988960257134,68.78472222222223,2024-06-05 16:00:00+00:00,71261.34,70132.58995542131,68892.69239642195,110.25383574233274,0.1600370545948629,77.5,1,EMA20,False,False,0.0,1.1628217361318216,71685.72,71174.98,57.86546455124959,0.6353258005971332,0.6185672652852224,1.1185672652851997,0.42557552224468964,71563.54762344084,71254.66856483874,1.9173911825572834,0.10583034320745331,13.139945133804451,2024-06-05 17:45:00+00:00,2024-06-05 18:00:00+00:00,71563.54762344084,71254.66856483874,72490.18479924716,0.0812394158217465,25.09315428040609,-25.09315428040609,-1.0,2,Stop loss,False,124.31237655915902,308.87905860210594,10.099064851079053,25.09315428040609,0.40246294819001194,1.0,1,2,True,True,False,False,False,False,False,False,False
exness_native-S03,80,2024-06-06 14:45:00+00:00,2024-06-06 14:30:00+00:00,14,Thursday,3,2024,2024-06,LONG,71135.09,71307.46,71118.27,71307.46,71112.3723582989,71054.27838842249,58.0939698764123,0.2818206433828075,0.9463929701688798,1.2282136135516872,58.32079932652927,8.320799326529269,31.268393940768764,24.115932207766935,10.382124909777378,13.733807297989557,206.13809257933278,0.2890834880099961,38.923611111111114,2024-06-06 13:00:00+00:00,71079.25,70657.17640232947,69304.6446548867,89.56223436327127,0.1292297721303679,68.47222222222223,0,both,False,False,0.0,0.3104307931484565,71490.17,70939.09,91.10946667371836,1.0,0.9177828204032308,1.4177828204032705,0.20000000000001592,71348.68761851588,71056.4285722262,1.8151043820331725,0.052278271005523326,18.744174712923673,2024-06-06 14:45:00+00:00,2024-06-06 16:00:00+00:00,71348.68761851588,71056.4285722262,72225.4647573849,0.08564464201356421,25.030421394705073,-25.030421394705073,-1.0,6,Stop loss,False,278.0923814841226,292.2590462896769,23.817122458907214,25.030421394705073,0.9515270271856262,1.0,3,6,True,True,True,True,False,False,False,False,False
exness_native-S03,81,2024-06-07 10:00:00+00:00,2024-06-07 09:45:00+00:00,9,Friday,4,2024,2024-06,LONG,71098.29,71247.82,71072.9,71227.32,71085.36804907332,71016.61505734231,68.75299173101666,0.5034243462397139,1.039403032413475,1.542827378653189,60.502862271879664,10.502862271879664,22.690940147780854,21.08557462960486,11.86821689655336,9.2173577330515,136.5706530575277,0.19173914315114998,10.104166666666666,2024-06-07 08:00:00+00:00,71057.84,70820.28458993834,69590.82852030566,79.10231156894588,0.11366772497307587,64.44444444444444,0,EMA20,True,False,0.09129376475982709,0.4121305814798868,71161.64,70941.02,73.76514978276009,0.8828035673450806,1.2808022520499422,1.7808022520498836,0.3501054548765954,71275.1341306115,71031.92880408274,1.445761765899976,0.037168339144485474,10.635679489980868,2024-06-07 10:00:00+00:00,2024-06-07 12:30:00+00:00,71275.1341306115,71031.92880408274,72004.75011019781,0.102661589273477,24.967845341218307,-24.967845341218307,-1.0,11,Stop loss,False,644.7758693884971,243.20532652876864,66.19371547661095,24.967845341218307,2.6511585029459743,1.0,10,11,True,True,True,True,True,True,True,True,False
exness_native-S03,82,2024-06-07 13:45:00+00:00,2024-06-07 13:30:00+00:00,13,Friday,4,2024,2024-06,LONG,71317.78,71463.02,71134.11,71460.83,71302.45471124175,71173.71723244745,128.7374787942972,0.4688331904279135,0.576767485342137,1.0456006757700504,55.35589766894391,5.355897668943911,28.270948116444075,19.596284319485218,23.827586215389,-4.231301895903783,274.59122225710155,0.3842541742897494,72.43055555555556,2024-06-07 12:00:00+00:00,71147.03,70895.90580626077,69659.06970292136,82.98501658247551,0.11913023951710237,65.69444444444444,0,both,True,True,0.6130738989323069,0.14424070850439338,71919.91,70563.81,43.49214070718476,0.9933416436107072,1.1978168759234515,1.697816875923433,0.20797549164898974,71517.93824445142,71051.73263332287,1.9530323281446378,0.005377720274773521,9.82769921315199,2024-06-07 13:45:00+00:00,2024-06-07 15:15:00+00:00,71517.93824445142,71051.73263332287,72916.55507783707,0.05342154863296565,24.905425727865264,-24.905425727865264,-1.0,7,Stop loss,False,51.71175554857473,466.2056111285492,2.7625220639342163,24.905425727865264,0.11092049154748587,1.0,1,7,True,False,False,False,False,False,False,False,False
exness_native-S03,83,2024-06-10 11:15:00+00:00,2024-06-10 11:00:00+00:00,11,Monday,0,2024,2024-06,SHORT,69411.63,69418.48,69301.74,69333.49,69397.91365097111,69475.34551573408,-77.43186476296978,0.6342623576547824,0.52770906239627,1.1619714200510525,43.96351491389162,6.036485086108378,31.055455515257627,12.286345341148857,24.05039855741109,11.764053216262232,122.08175974572741,0.17607906330076187,12.881944444444443,2024-06-10 10:00:00+00:00,69408.29,69570.68968065243,69578.03626062316,-10.985827184907976,0.015789217079593364,11.805555555555555,0,EMA20,True,False,0.16846373341703044,0.46579862423775203,69443.69,69294.81,66.93506938496286,0.2719719033750431,0.9562444073802461,1.456244407380219,0.46007161156691095,69277.32364805086,69455.10452792372,0.9770192073626017,0.00577207479779925,15.729585079064583,2024-06-10 11:30:00+00:00,2024-06-10 11:30:00+00:00,69277.32364805086,69455.10452792372,68743.98100843231,0.1397403488008015,24.8431621635456,-24.8431621635456,-1.0,1,Stop loss,False,0.0,177.78087987285107,0.0,24.8431621635456,0.0,1.0,0,1,True,False,False,False,False,False,False,False,False
exness_native-S03,84,2024-06-10 13:00:00+00:00,2024-06-10 12:45:00+00:00,12,Monday,0,2024,2024-06,SHORT,69362.67,69442.28,69281.01,69319.03,69392.2998779082,69454.37068850784,-62.07081059964548,0.454365827365245,0.5363443521212722,0.9907101794865172,45.107698223114745,4.892301776885255,24.63573978863079,13.120702893213018,19.609841822612555,6.489138929399537,136.60976873982526,0.19707397628014306,19.40972222222222,2024-06-10 11:00:00+00:00,69437.93,69565.48341866606,69576.64216847766,-10.571142337299534,0.01519352185996824,11.527777777777779,0,both,True,False,0.36586052778545636,0.08850529957978864,69526.59,69273.09,27.06020958640684,0.23575370496684514,1.1805158700410692,1.6805158700410288,0.47831099013430317,69253.68804625203,69483.26293062195,0.9729784546668755,0.07559674780415039,16.182767941613548,2024-06-10 13:00:00+00:00,2024-06-10 13:30:00+00:00,69253.68804625203,69483.26293062195,68564.9633931423,0.10794322874712779,24.781054258136734,-24.781054258136734,-1.0,3,Stop loss,False,69.88804625203193,229.57488436991116,7.543941363272929,24.781054258136734,0.30442374584591836,1.0,2,3,True,True,False,False,False,False,False,False,False
exness_native-S03,85,2024-06-11 13:45:00+00:00,2024-06-11 13:30:00+00:00,13,Tuesday,1,2024,2024-06,SHORT,67178.82,67178.82,66818.96,66891.88,67107.43382679166,67629.24932486935,-521.815498077689,1.9130304440801993,0.7902429776607276,2.703273421740927,41.48562976453695,8.514370235463048,56.4100773686296,10.428234956931014,29.277919492186026,18.84968453525501,272.7690506402694,0.4077760269860399,81.14583333333333,2024-06-11 12:00:00+00:00,66947.17,68797.10845716707,69355.2279623607,-120.37341558646585,0.17356069487911263,79.16666666666666,0,EMA20,True,False,0.2617092116601264,1.6513212324200728,67230.64,66698.58,79.73656421941918,0.20263435780580819,1.3192845711612187,1.8192845711611974,0.46733238184036674,66764.40618987195,67260.65071519208,2.133041787419601,0.23505111173572757,6.417429249641066,2024-06-11 13:45:00+00:00,2024-06-11 19:15:00+00:00,66764.40618987195,67260.65071519208,65275.67261391156,0.04981234121735649,24.71910162249139,-24.71910162249139,-1.0,23,Stop loss,False,712.4961898719484,496.24452532012947,35.49110332596791,24.71910162249139,1.435776423754628,1.0,9,23,True,True,True,True,True,False,False,False,False
exness_native-S03,86,2024-06-13 08:30:00+00:00,2024-06-13 08:15:00+00:00,8,Thursday,3,2024,2024-06,SHORT,67642.26,67673.23,67517.12,67546.99,67609.25958390639,67854.96898201178,-245.7093981053913,1.2092469271183628,0.30645674757395036,1.5157036746923132,45.77833626802771,4.221663731972292,30.60982674872874,15.767505384362769,23.362313764018037,7.594808379655268,203.1920797937582,0.3008158909727261,51.21527777777778,2024-06-13 07:00:00+00:00,67707.74,68092.20442911547,68820.48419430145,-68.42751731150202,0.09942899721296647,58.88888888888889,0,EMA20,True,False,0.3148273109785553,0.8944196161398075,67727.24,67333.02,61.02748062263095,0.19133944013842666,0.7682878198719834,1.2682878198719612,0.34700376131945443,67476.48158404125,67734.18762393812,3.511859965927063,0.012751183934788884,8.541697111560886,2024-06-13 08:45:00+00:00,2024-06-13 10:45:00+00:00,67476.48158404125,67734.18762393812,66703.36346435062,0.09567996108396273,24.65730386843516,-24.65730386843516,-1.0,9,Stop loss,False,333.96158404124435,257.70603989687515,31.95343136460481,24.65730386843516,1.2959012686504514,1.0,5,9,True,True,True,True,True,False,False,False,False
exness_native-S03,87,2024-06-13 14:15:00+00:00,2024-06-13 14:00:00+00:00,14,Thursday,3,2024,2024-06,SHORT,67555.34,67656.42,67293.02,67410.17,67690.2734201482,67738.91345690361,-48.64003675541608,0.1589223914601841,0.9151865079783545,1.0741088994385386,42.519290977987396,7.480709022012604,24.418328279365397,25.89721008384765,23.933779861503215,-1.963430222344435,306.0615707359412,0.4540287774618299,89.65277777777779,2024-06-13 13:00:00+00:00,67555.9,67989.28281911516,68749.8217510047,-57.649665243996424,0.08385427594676483,52.083333333333336,0,both,False,False,0.0,0.2695322274706111,68279.19,67395.52,39.94771601541018,0.3223720418271768,1.1873427922564068,1.6873427922564037,0.5827661202884591,67231.80768585282,67748.23847122079,2.805904080918631,0.15562960214624244,8.535421691421341,2024-06-13 14:15:00+00:00,2024-06-14 16:00:00+00:00,67231.80768585282,65682.51532974893,65682.51532974893,0.04762624790317126,24.595660608764074,73.78698182629222,3.0,104,Take profit,False,1549.2923561038915,480.65231414718437,73.78698182629222,22.891666268806752,3.0,0.9307197164954316,104,2,True,True,True,True,True,True,True,True,True
exness_native-S03,88,2024-06-17 08:00:00+00:00,2024-06-17 07:45:00+00:00,7,Monday,0,2024,2024-06,SHORT,66133.89,66235.72,66100.15,66124.13,66237.54597425136,66341.12248192243,-103.57650767106679,0.5998722146479329,0.6568583280165984,1.2567305426645314,43.077091093036266,6.922908906963734,21.645524399261355,13.989265645395022,21.649875103223174,7.660609457828151,172.66428606275122,0.26112144849807656,42.53472222222222,2024-06-17 06:00:00+00:00,66077.18,66393.45902228857,67338.73905943798,-56.58787086614757,0.08403464581687381,51.66666666666667,0,EMA20,False,False,0.0,0.610447500904283,66313.52,65872.85,7.199232868624518,0.1768827911780574,0.7851652654489123,1.2851652654488583,0.33888222368862553,66065.61714278745,66287.51928581882,1.1998924819829406,0.012510436700453834,12.223489372997365,2024-06-17 08:00:00+00:00,2024-06-17 13:00:00+00:00,66065.61714278745,65399.91071369333,65399.91071369333,0.11167142292909854,24.7801280633298,74.34038418998941,3.0,21,Take profit,False,665.7064290941198,196.62285721255466,74.34038418998941,21.957154245310946,3.0,0.8860791271617213,21,2,True,True,True,True,True,True,True,True,True
exness_native-S03,89,2024-06-17 15:00:00+00:00,2024-06-17 14:45:00+00:00,14,Monday,0,2024,2024-06,SHORT,65673.47,65724.09,65315.13,65412.27,65610.20239210104,65881.30548091092,-271.10308880987577,1.1585262563201715,0.84584013495373,2.0043663912739014,42.09279378671456,7.907206213285441,37.418293192627786,15.218059626639672,26.26224323340871,11.044183606769039,234.00685770470227,0.3577415333617107,73.09027777777779,2024-06-17 13:00:00+00:00,65103.05,66226.39448370812,67229.8009875295,-85.07655492746562,0.1265458973220024,70.55555555555556,0,EMA20,True,False,0.4866849160577721,0.6718413402623993,65684.94,65034.69,63.86932707355363,0.23752934272300377,1.7476410905704036,2.2476410905704114,0.6151160395588984,65268.32862845906,65794.29205731141,1.6034065152147972,0.13679270383536699,8.193706352811857,2024-06-17 15:15:00+00:00,2024-06-17 16:15:00+00:00,65268.32862845906,65794.29205731141,63690.438341902,0.047467138691145,24.965979023804774,-24.965979023804774,-1.0,5,Stop loss,False,79.98862845906115,525.9634288523521,3.7968313207807234,24.965979023804774,0.15208020951874104,1.0,3,5,True,False,False,False,False,False,False,False,False
exness_native-S03,90,2024-06-18 10:00:00+00:00,2024-06-18 09:45:00+00:00,9,Tuesday,1,2024,2024-06,SHORT,65597.21,65662.23,65459.84,65479.44,65643.35084853887,65748.00986515838,-104.6590166195092,0.54137916323856,0.8478764744207925,1.3892556376593523,41.98912982737844,8.010870172621559,18.007992142231338,12.97777557730749,21.798207774366414,8.820432197058924,193.3192552026443,0.2952365738049139,52.361111111111114,2024-06-18 08:00:00+00:00,65747.19,66046.08510520973,67003.57275571843,-70.36837223233306,0.10502182098390785,62.77777777777778,0,EMA20,True,False,0.09765789466409994,0.44372126857446,65785.68,65538.61,58.18963387519365,0.09684272938389188,1.0469210621975902,1.5469210621976293,0.3013866931127135,65421.176148959465,65720.2257765608,2.7337056451742345,0.012935219357551899,9.449914635582243,2024-06-18 10:00:00+00:00,2024-06-18 14:00:00+00:00,65421.176148959465,64524.02726615548,64524.02726615548,0.0832756899782696,24.90356407624526,74.71069222873578,3.0,17,Take profit,False,897.1488828039874,196.98385104053887,74.71069222873578,16.403966109977556,3.0,0.6586995363296128,17,3,True,True,True,True,True,True,True,True,True
exness_native-S03,91,2024-06-18 15:00:00+00:00,2024-06-18 14:45:00+00:00,14,Tuesday,1,2024,2024-06,SHORT,65184.46,65285.34,64530.37,64613.49,65117.800944080234,65390.10611944073,-272.3051753604959,0.8274613064352182,1.5324636855901241,2.3599249920253422,33.882842244841726,16.117157755158274,32.72151363998133,14.935572383295563,29.191388226895914,14.25581584360035,329.08508620616044,0.509313281493014,96.18055555555556,2024-06-18 13:00:00+00:00,64823.01,65904.83231731642,66919.32485546295,-84.24790025547554,0.12589472538379617,73.19444444444444,0,EMA20,True,False,0.5091055867989251,0.31835571963629306,65408.69,64340.12,75.62817065578842,0.11009708995058878,2.294148327119969,2.794148327119974,0.4525790547309307,64464.55298275877,65384.06552586184,2.8119957699914813,0.060655257199005636,9.432533769167925,2024-06-18 15:00:00+00:00,2024-06-19 01:00:00+00:00,64464.55298275877,65384.06552586184,61706.01535344954,0.027286567208909214,25.090340806817103,-25.090340806817103,-1.0,41,Stop loss,False,444.12298275876674,919.5125431030756,12.118591618068317,25.090340806817103,0.482998286526888,1.0,20,41,True,True,False,False,False,False,False,False,False
exness_native-S03,92,2024-06-19 15:30:00+00:00,2024-06-19 15:15:00+00:00,15,Wednesday,2,2024,2024-06,SHORT,65082.57,65084.32,64901.38,64907.99,65080.154146778485,65155.62708749393,-75.47294071544457,0.41621681706073266,0.9494477425265434,1.365664559587276,40.662230181237746,9.337769818762254,18.64642885943596,13.874447897789274,19.61528649141364,5.7408385936243675,181.33082956240057,0.27936596028069977,46.145833333333336,2024-06-19 14:00:00+00:00,64925.33,65413.246620277394,66514.859195817,-69.36409762986295,0.10428361191543369,63.47222222222222,0,EMA20,True,False,0.02297377247745706,0.3932430445832756,65129.7,64775.04,95.43019569257653,0.03613206515797802,1.0088742242093367,1.508874224209338,0.2364527092053288,64865.11383408752,65138.71924886872,2.0050723228422584,0.044421760765683264,12.778273085067006,2024-06-19 15:30:00+00:00,2024-06-19 17:15:00+00:00,64865.11383408752,65138.71924886872,64044.29758974391,0.09147339052048432,25.02761495480006,-25.02761495480006,-1.0,8,Stop loss,False,152.44383408752037,273.60541478120285,13.94455436792767,25.02761495480006,0.5571667293552172,1.0,2,8,True,True,True,False,False,False,False,False,False
exness_native-S03,93,2024-06-21 07:45:00+00:00,2024-06-21 07:30:00+00:00,7,Friday,4,2024,2024-06,SHORT,64717.67,64717.67,64510.25,64530.04,64660.11967835178,64796.36470413666,-136.2450257848759,0.8862407697962345,0.8461366836199389,1.7323774534161733,40.76804309266999,9.231956907330009,28.428432104889442,12.94015802701331,23.36420261602908,10.42404458901577,153.7336471399319,0.2382357846670045,32.708333333333336,2024-06-21 06:00:00+00:00,64611.58,65112.74619104747,66044.99234703176,-72.66530956143106,0.11002395030892426,70.13888888888889,0,EMA20,True,False,0.3743508510913937,0.5118899187048407,64734.29,64500.36,90.45897213383422,0.0954102786616577,1.3492166735054416,1.8492166735054425,0.3287291387940999,64479.503270572015,64763.79009414198,1.8545666872812276,0.15481143646474627,8.529876356410721,2024-06-21 07:45:00+00:00,2024-06-21 08:45:00+00:00,64479.503270572015,63626.64279986212,63626.64279986212,0.08781640177308127,24.965045917413057,74.89513775223917,2.9999999999999996,5,Take profit,False,852.860470709893,0.0,74.89513775223917,0.0,3.0,0.0,5,0,True,True,True,True,True,True,True,True,True
exness_native-S03,94,2024-06-23 13:30:00+00:00,2024-06-23 13:15:00+00:00,13,Sunday,6,2024,2024-06,SHORT,64320.31,64323.94,64220.85,64244.07,64307.76028091796,64318.73500517152,-10.974724253559543,0.16353313824927157,0.9490417502848334,1.112574888534105,40.29467352501433,9.705326474985668,21.032920178614248,12.654750159836015,18.674435428189902,6.0196852683538875,67.11009383817306,0.10446114923630004,2.3958333333333335,2024-06-23 12:00:00+00:00,64325.19,64360.449141879304,65277.243217687275,-49.51055412855203,0.07584657636880235,48.333333333333336,0,both,True,True,0.24109218385327635,0.07755904560400478,64388.31,64249.24,73.95479677950836,0.22524008148220304,1.536132556282687,2.0361325562826753,0.5459986221445509,64207.427981232366,64344.073028151455,0.5664662645436025,0.010736956751439946,20.614265997912863,2024-06-23 13:45:00+00:00,2024-06-23 20:30:00+00:00,64207.427981232366,63797.4928404751,63797.4928404751,0.1566939187730466,25.152283761793655,64.23434364803686,2.5538175481945258,28,Take profit,False,409.9351407572685,73.94201876763691,64.23434364803686,11.586264682691183,3.0,0.5411247640129948,28,2,True,True,True,True,True,True,True,True,True
exness_native-S03,95,2024-06-24 09:15:00+00:00,2024-06-24 09:00:00+00:00,9,Monday,0,2024,2024-06,SHORT,62719.25,62849.68,62424.13,62459.01,62599.31968252662,62947.98740507842,-348.66772255179967,1.3725170586999427,0.5523236603581705,1.9248407190581132,43.203662638089966,6.796337361910034,40.96945576899243,18.624180474067128,24.264000818043975,5.639820343976847,254.03525613157777,0.4067231551245813,86.04166666666667,2024-06-24 08:00:00+00:00,62716.8,63746.51525158752,64928.30745491388,-123.01820863324247,0.18946775829427887,99.02777777777779,0,EMA20,True,False,0.9855337455353265,0.38698331316461615,62981.25,62304.78,61.15380096345816,0.08196451650805879,1.675161182271444,2.175161182271451,0.33730377637794406,62373.32294877368,62925.890576839476,1.5426964786679214,0.2904036808961128,6.643157945689533,2024-06-24 09:15:00+00:00,2024-06-24 09:30:00+00:00,62373.32294877368,60715.6200645763,60715.6200645763,0.04580954137599204,25.312869620913748,75.93860886274125,3.0,2,Take profit,False,1657.7028841973806,0.0,75.93860886274125,0.0,3.0,0.0,2,0,True,True,True,True,True,True,True,True,True
exness_native-S03,96,2024-06-24 14:30:00+00:00,2024-06-24 14:15:00+00:00,14,Monday,0,2024,2024-06,SHORT,61420.44,61457.84,61216.85,61219.61,61427.4109145243,61990.41261538261,-563.001700858309,1.8962138559628563,0.6998823854386427,2.596096241401499,42.3395789210538,7.6604210789462,44.426814884160756,16.077701127732567,29.53563497941194,13.457933851679375,296.9083360971587,0.48498893752697664,95.38194444444444,2024-06-24 13:00:00+00:00,61551.19,63305.38445349191,64751.88287563172,-176.424579282153,0.272462469733907,100.0,0,EMA20,True,False,0.10248646392245712,1.793727392040399,61678.46,60894.87,83.33540810822169,0.011452757375833273,0.8116646476410742,1.31166464764107,0.2092957982799679,61157.46833278057,61546.912500829145,2.6343854792672303,0.28835916945993456,5.756213898006081,2024-06-24 14:30:00+00:00,2024-06-24 16:45:00+00:00,61157.46833278057,59989.13582863484,59989.13582863484,0.06548490961068802,25.5027161430706,76.5081484292118,3.0,10,Take profit,False,1168.3325041457283,181.64166721943184,76.5081484292118,11.894788159399168,3.0,0.46641260062925205,10,3,True,True,True,True,True,True,True,True,True
exness_native-S03,97,2024-06-26 11:30:00+00:00,2024-06-26 11:15:00+00:00,11,Wednesday,2,2024,2024-06,SHORT,61517.16,61572.15,61362.24,61381.95,61482.21827038777,61605.94185464998,-123.72358426221035,0.751065739505434,0.6086799303204884,1.3597456698259225,42.141581760239646,7.858418239760354,22.9647480705749,16.46408610635398,19.04639323853521,2.582307132181228,164.7306989980405,0.26836993448080504,44.27083333333333,2024-06-26 10:00:00+00:00,61274.27,61727.330833216685,63478.516500603495,-101.6026291571252,0.1600582917783834,89.02777777777777,0,EMA20,True,False,0.5459318157406803,0.2051339237647537,61527.91,61186.62,64.41331999428525,0.09389738459339145,1.2742615752665531,1.7742615752665591,0.3196498292053691,61329.29386020039,61621.56920969942,2.467991227872338,0.017287515325265377,13.363828700663943,2024-06-26 11:30:00+00:00,2024-06-26 13:30:00+00:00,61329.29386020039,61621.56920969942,60452.46781170332,0.08791020713236498,25.69398651414363,-25.693986514143635,-1.0000000000000002,9,Stop loss,False,1.0138602003935375,292.27534949902474,0.08912866021985695,25.693986514143635,0.0034688529228734037,1.0,1,9,True,False,False,False,False,False,False,False,False
exness_native-S03,98,2024-06-27 08:30:00+00:00,2024-06-27 08:15:00+00:00,8,Thursday,3,2024,2024-06,SHORT,60797.01,60807.89,60716.84,60748.58,60831.082336141044,60940.04510616723,-108.96277002618444,0.7506573559827224,0.568368310526156,1.3190256665088784,42.5087902279634,7.491209772036598,18.332870235366386,13.214439079509784,18.601306876638386,5.386867797128602,145.15646740520637,0.23894627233296048,33.85416666666667,2024-06-27 07:00:00+00:00,60739.54,61341.252613826415,63026.129504706616,-111.0972555251501,0.1762717406228375,92.36111111111111,2,EMA20,False,False,0.0,0.910432091174526,60867.37,60643.37,53.19055464030614,0.3485996705107548,0.6272541735659323,1.1272541735659312,0.4186605982315894,60687.808706518954,60851.43694022156,1.7247800240127318,0.1033657100535953,12.503885357452873,2024-06-27 08:30:00+00:00,2024-06-27 09:00:00+00:00,60687.808706518954,60851.43694022156,60196.924005411136,0.15663404149702126,25.629751547858273,-25.62975154785827,-0.9999999999999999,3,Stop loss,False,10.358706518956751,163.62823370260594,1.6225260667457364,25.62975154785827,0.06330635174968449,1.0,2,3,True,False,False,False,False,False,False,False,False
exness_native-S03,99,2024-06-28 07:30:00+00:00,2024-06-28 07:15:00+00:00,7,Friday,4,2024,2024-06,SHORT,61524.57,61555.82,61409.76,61435.06,61592.03449601662,61598.961834387315,-6.927338370696816,0.04724264717164158,1.070525262867088,1.1177679100387297,41.589363937654895,8.410636062345105,18.770243996331665,12.190902703630204,22.611703010308915,10.42080030667871,146.63315426691628,0.2386799235923531,34.375,2024-06-28 06:00:00+00:00,61584.28,61486.234810148766,62724.093501202544,-54.86005798749102,0.08746249634749882,44.02777777777778,3,both,False,False,0.0,0.2942160973280609,61633.59,61460.73,61.28303436943959,0.17321648637543502,0.9960912368707878,1.496091236870805,0.37253942416013586,61380.433369146616,61599.809946280075,1.957281519328418,0.07393330942990302,10.034728940589543,2024-06-28 07:30:00+00:00,2024-06-28 11:15:00+00:00,61380.433369146616,61599.809946280075,60722.30363774624,0.11653786153038426,25.56567716898863,-25.56567716898863,-1.0,16,Stop loss,False,224.5933691466198,219.37657713345834,26.173630954251255,25.56567716898863,1.0237800775330168,1.0,3,16,True,True,True,True,True,False,False,False,False
exness_native-S03,100,2024-06-28 13:00:00+00:00,2024-06-28 12:45:00+00:00,12,Friday,4,2024,2024-06,SHORT,61474.95,61512.41,61306.9,61331.37,61523.38201548176,61534.630697222026,-11.248681740267784,0.0702903460084877,1.1998375736496236,1.2701279196581112,39.685338435906075,10.314661564093925,18.76143474873015,18.758757152160324,21.737339395175244,2.9785822430149196,160.03167403542847,0.2609295602485783,43.78472222222222,2024-06-28 11:00:00+00:00,61628.62,61484.69214912551,62663.090372098464,-61.00312910407956,0.09735097446014565,51.24999999999999,0,both,False,False,0.0,0.13885187014355393,61803.14,61378.26,69.8652133716087,0.11906963164809947,1.2841832795831742,1.7841832795831396,0.35290723006860303,61274.89366519292,61560.41950221063,1.8738233681725642,0.003343592494982866,13.392930737714817,2024-06-28 13:00:00+00:00,2024-06-28 13:30:00+00:00,61274.89366519292,61560.41950221063,60418.316154139786,0.08931508000267002,25.501762976066157,-25.501762976066157,-1.0,3,Stop loss,False,75.47366519291973,285.5258370177107,6.740936444800357,25.501762976066157,0.2643321738629146,1.0,1,3,True,True,False,False,False,False,False,False,False
exness_native-S03,101,2024-07-03 14:30:00+00:00,2024-07-03 14:15:00+00:00,14,Wednesday,2,2024,2024-07,SHORT,60396.29,60537.04,60275.67,60288.11,60345.88517172966,60698.40365953233,-352.5184878026703,1.3680141341846894,0.22420739412498522,1.5922215283096746,45.20693908725219,4.793060912747812,50.700769296562285,13.716014520512179,27.222083360143245,13.506068839631066,257.68629065573555,0.42742472878273274,88.50694444444444,2024-07-03 13:00:00+00:00,60498.37,61686.12795722994,62078.35350400247,-89.54657021052117,0.14424765664048692,77.63888888888889,0,EMA20,True,False,0.7418121770619294,0.6262019571227601,60601.74,59667.36,41.38960094884616,0.04759536289552054,1.0142953252766886,1.51429532527669,0.24827575408976893,60224.13274186885,60614.34588719672,2.0784061295821847,0.23813026464699846,6.8638671234181485,2024-07-03 14:30:00+00:00,2024-07-04 01:45:00+00:00,60224.13274186885,59053.49330588524,59053.49330588524,0.06519003491605105,25.438008568625992,76.31402570587798,3.0,46,Take profit,False,1170.6394359836122,385.4972581311449,76.31402570587798,25.13057971761128,3.0,0.9879145865453524,46,9,True,True,True,True,True,True,True,True,True
exness_native-S03,102,2024-07-04 07:15:00+00:00,2024-07-04 07:00:00+00:00,7,Thursday,3,2024,2024-07,SHORT,58752.34,58823.52,58620.57,58691.83,58956.44787388439,59405.434431530484,-448.9865576460943,1.739872822467039,1.0254236775466246,2.7652965000136636,38.400274228261935,11.599725771738065,42.6701352675962,13.878356741974464,31.02020452761888,17.141847785644416,258.05711305350314,0.43968149068363205,90.41666666666667,2024-07-04 06:00:00+00:00,58750.42,60639.294645831884,61697.378410396464,-143.8229419917625,0.2331102968996285,96.66666666666667,1,EMA20,False,False,0.0,2.2549831106954947,59041.29,58455.87,29.81522542497937,0.3511209657551272,0.7864538109357184,1.2864538109357317,0.47614042161755493,58568.9585773893,58900.93713391605,2.9528890739649998,0.19880550173730724,7.830647107551234,2024-07-04 07:15:00+00:00,2024-07-04 08:30:00+00:00,58568.9585773893,57573.02290780904,57573.02290780904,0.07720014780781609,25.628793632890687,76.88638089867206,3.0,6,Take profit,False,995.9356695802562,6.281422610700247,76.88638089867206,0.4849267539894171,3.0,0.018921169717761775,6,2,True,True,True,True,True,True,True,True,True
exness_native-S03,103,2024-07-04 12:15:00+00:00,2024-07-04 12:00:00+00:00,12,Thursday,3,2024,2024-07,SHORT,57698.5,57698.5,57495.3,57527.97,57879.12429631145,58494.231362461614,-615.1070661501653,2.101497159331906,1.1997094437629945,3.3012066030949003,34.993361696333025,15.006638303666975,47.33603634531485,14.258249629612436,32.342400121005674,18.08415049139324,292.699451635574,0.5087950289842905,95.34722222222223,2024-07-04 11:00:00+00:00,57699.65,60123.09931914371,61507.08786045406,-190.2905499424014,0.309379872404508,98.88888888888889,3,EMA20,False,False,0.0,2.7185953305178763,58027.23,57565.39,83.92224409448882,0.16077755905511182,0.6942274707538285,1.194227470753809,0.31161619817679675,57436.76010967289,57786.30983549067,3.1197416285742867,0.21557027883239524,7.156811566475827,2024-07-04 12:15:00+00:00,2024-07-04 15:45:00+00:00,57436.76010967289,57786.30983549067,56388.110932219555,0.07386934584122078,25.821009585137368,-25.82100958513737,-1.0000000000000002,15,Stop loss,False,733.8901096728878,349.5497258177784,54.21198232087799,25.82100958513737,2.099529925122778,1.0,7,15,True,True,True,True,True,True,True,False,False
exness_native-S03,104,2024-07-07 11:00:00+00:00,2024-07-07 10:45:00+00:00,10,Sunday,6,2024,2024-07,SHORT,57659.92,57661.19,57544.33,57578.29,57676.04124817995,57726.59200749512,-50.55075931517058,0.273822243187422,0.5294968149562768,0.8033190581436987,44.30814031750341,5.691859682496592,19.06185039870755,19.875254148296882,22.247961051067808,2.3727069027709256,184.61158862309924,0.3206270777112332,58.854166666666664,2024-07-07 09:00:00+00:00,57759.01,57422.08719519834,59207.23670828592,-79.68399810437404,0.13458489626357184,67.36111111111111,0,both,False,False,0.0,0.35426815826086916,57956.28,57600.61,69.8528153345858,0.2906041417080178,0.6330046822714934,1.1330046822714905,0.38395378238864697,57507.407682275385,57716.573476586935,1.9919684999661829,0.09562313977116599,9.125255501974552,2024-07-07 11:00:00+00:00,2024-07-07 13:15:00+00:00,57507.407682275385,56879.910299340736,56879.910299340736,0.12313895369914366,25.756457061174522,77.26937118352356,2.9999999999999996,10,Take profit,False,627.4973829346491,178.092317724615,77.26937118352356,21.930101666464545,3.0,0.8514409266141711,10,6,True,True,True,True,True,True,True,True,True
exness_native-S03,105,2024-07-07 17:30:00+00:00,2024-07-07 17:15:00+00:00,17,Sunday,6,2024,2024-07,SHORT,57084.03,57098.47,56868.5,56880.39,57057.72643550658,57288.85522742963,-231.12879192305263,1.0676124292057563,0.8191388927472913,1.8867513219530476,40.1600839309408,9.8399160690592,22.89244136195011,18.704762562906915,24.783193361310726,6.0784307984038115,216.49128991032774,0.3806079562927184,73.33333333333333,2024-07-07 16:00:00+00:00,57152.41,57355.84667502171,59069.11022999835,-105.23916493818251,0.17816277328101116,83.47222222222223,1,EMA20,True,False,0.1881995553276038,0.8794128738781525,57271.55,56754.15,88.55068052354585,0.05170239596468825,1.0622598262279115,1.5622598262279317,0.2549213781530245,56825.20174201793,57163.4173869731,1.8407382531429177,0.12552223688653005,9.484886414392701,2024-07-07 17:30:00+00:00,2024-07-07 17:45:00+00:00,56825.20174201793,57163.4173869731,55810.554807152424,0.0767251038684889,25.949630489133334,-25.949630489133334,-1.0,2,Stop loss,False,7.521742017932411,338.2156449551694,0.5771064375978415,25.949630489133334,0.02223948575450855,1.0,1,2,True,False,False,False,False,False,False,False,False
exness_native-S03,106,2024-07-10 16:45:00+00:00,2024-07-10 16:30:00+00:00,16,Wednesday,2,2024,2024-07,SHORT,57993.42,58064.46,57874.0,57925.58,58018.489106693094,58203.345738103184,-184.8566314100899,0.7026840747116772,0.35316963838907556,1.0558537131007528,44.49586464660052,5.504135353399477,38.344410029780235,11.467784245024411,22.486334287158584,11.018550042134173,263.0721800347327,0.4541554526251316,80.9375,2024-07-10 15:00:00+00:00,57745.69,57769.34545328385,58206.81050423271,-11.294854502666567,0.01940469578185395,3.0555555555555554,2,EMA20,True,False,0.1747463122130042,0.527937762498673,58071.58,57696.76,35.61902761734581,0.2708180195316706,0.7239838130160826,1.2239838130160654,0.396067862413996,57821.385563993055,58143.381654010416,2.6187821796242825,0.027269037593221943,11.288307414429799,2024-07-10 16:45:00+00:00,2024-07-11 01:45:00+00:00,57821.385563993055,58143.381654010416,56855.39729394097,0.08038841841686611,25.8847564129105,-25.8847564129105,-1.0,37,Stop loss,False,641.5455639930587,321.996090017361,51.57283323175836,25.8847564129105,1.9924017212708038,1.0,16,37,True,True,True,True,True,True,False,False,False
exness_native-S03,107,2024-07-11 18:00:00+00:00,2024-07-11 17:45:00+00:00,17,Thursday,3,2024,2024-07,SHORT,57892.84,57986.4,57789.99,57812.87,57929.30996399735,58043.782007537164,-114.47204353981215,0.39520274066168776,0.4019967799237917,0.7971995205854795,44.23612056306525,5.763879436934751,27.30556112982729,16.80168419369022,25.17698608801037,8.375301894320149,289.65397190351376,0.5010198800085754,86.11111111111111,2024-07-11 16:00:00+00:00,57693.41,57918.55565376077,58153.117953986395,-4.339701823038922,0.00746254367044035,0.9722222222222222,0,EMA20,True,False,0.19709736975975958,0.1981053709019282,57956.99,57463.04,40.71584949849421,0.11649101369586197,0.6780849532608147,1.178084953260802,0.2789908035772533,57732.0592056193,58073.296191571055,2.5196968482009403,0.013865025772166025,10.1736279635105,2024-07-11 18:00:00+00:00,2024-07-12 01:15:00+00:00,57732.0592056193,56708.34824776403,56708.34824776403,0.07566601976002862,25.820044521878227,77.46013356563469,3.0000000000000004,30,Take profit,False,1023.71095785527,303.650794380701,77.46013356563469,22.97604700775851,3.0,0.8898531134712064,30,2,True,True,True,True,True,True,True,True,True
exness_native-S03,108,2024-07-12 07:45:00+00:00,2024-07-12 07:30:00+00:00,7,Friday,4,2024,2024-07,SHORT,57131.15,57187.56,56904.94,56943.32,57133.32390179511,57277.85050619261,-144.5266043974989,0.6669865527690054,0.8768631076561585,1.543849660425164,42.59453924379176,7.405460756208242,21.24426460733353,17.71483173104466,26.348565976539305,8.633734245494644,216.68593436778352,0.38052915489961514,63.47222222222222,2024-07-12 06:00:00+00:00,57252.78,57654.499589907406,58045.59396950027,-47.027450399138615,0.08101812245017068,26.38888888888889,0,EMA20,True,False,0.25029819477266746,0.41668835799633797,57467.13,57076.88,66.46026466633813,0.13580072181727412,1.3042840128252218,1.8042840128252111,0.3771227103963916,56861.60281312645,57252.56578031033,2.6049797072068706,0.10712880406684658,8.552219696554756,2024-07-12 07:45:00+00:00,2024-07-12 08:00:00+00:00,56861.60281312645,57252.56578031033,55688.71391157479,0.06653749086050158,26.013694855792313,-26.01369485579231,-0.9999999999999999,2,Stop loss,False,20.962813126447145,390.96296718388476,1.3948129868113794,26.01369485579231,0.053618411169330873,1.0,1,2,True,False,False,False,False,False,False,False,False
exness_native-S03,109,2024-07-12 10:15:00+00:00,2024-07-12 10:00:00+00:00,10,Friday,4,2024,2024-07,SHORT,56992.08,57101.34,56854.82,56901.26,57133.10809930706,57235.23770425787,-102.12960495080915,0.4683834836431611,1.0632942375698844,1.5316777212130455,40.736298291789346,9.263701708210654,18.979079897678215,12.39234532803553,24.039654736619077,11.647309408583547,218.04698183725196,0.3832023787122675,64.13194444444444,2024-07-12 09:00:00+00:00,56992.65,57597.368912356615,58019.14567059628,-44.51328301045578,0.07672171400657976,25.0,1,EMA20,False,False,0.0,0.6140773109063706,57378.56,56863.23,36.84082427389295,0.18838228135649412,1.1305820329308516,1.6305820329308498,0.4129816226241761,56811.21060363255,57166.75409455117,2.6438547613063554,0.11667442784161679,8.58146532836721,2024-07-12 10:15:00+00:00,2024-07-12 10:30:00+00:00,56811.21060363255,57166.75409455117,55744.58013087668,0.07298308443675607,25.948660618652834,-25.948660618652834,-1.0,2,Stop loss,False,30.010603632552375,355.5434909186224,2.1902664189125884,25.948660618652834,0.08440768682057315,1.0,1,2,True,False,False,False,False,False,False,False,False
exness_native-S03,110,2024-07-14 07:15:00+00:00,2024-07-14 07:00:00+00:00,7,Sunday,6,2024,2024-07,LONG,59929.57,60032.75,59850.37,59971.34,59871.50272335808,59491.029650127886,380.4730732301905,1.6028930971516187,0.42060396077209555,2.023497057923714,57.31120689588219,7.3112068958821865,35.21472386006219,27.20715239267882,17.72989928490969,9.477253107769133,237.3664681108807,0.39579984057531603,68.29861111111111,2024-07-14 06:00:00+00:00,59932.24,58628.73055212404,58216.911500755356,82.35151069295534,0.14145633729107537,68.61111111111111,0,EMA20,True,False,0.089029943977607,1.5138631531740117,60394.89,59828.04,22.902730562560258,0.6632854479657617,0.7683477849735811,1.2683477849735765,0.4587138802238829,60080.22329362218,59779.16005956674,2.3161935229772728,0.2046949450573831,7.723360210535805,2024-07-14 07:15:00+00:00,2024-07-14 12:15:00+00:00,60080.22329362218,59779.16005956674,60983.41299578849,0.08597459284032026,25.883788967106202,-25.883788967106206,-1.0000000000000002,21,Stop loss,False,374.986706377822,301.0632340554366,32.23932940136597,25.883788967106206,1.2455413479972561,1.0,5,21,True,True,True,True,True,False,False,False,False
exness_native-S03,111,2024-07-14 17:00:00+00:00,2024-07-14 16:45:00+00:00,16,Sunday,6,2024,2024-07,LONG,60066.88,60174.83,60031.25,60169.08,59974.376800531376,59880.12964105117,94.24715948020457,0.4831879944606656,0.998207786687515,1.4813957811481806,58.685224394921136,8.685224394921136,24.030196395254617,24.482251484228478,13.813812072503934,10.668439411724544,195.05277564978252,0.3241744358560618,48.50694444444444,2024-07-14 15:00:00+00:00,60111.49,59052.50158714737,58373.5391773689,80.65055095285788,0.13816285955833507,65.83333333333333,0,EMA20,False,False,0.0,0.7747665135520319,60184.8,59927.86,71.1798300598991,0.9599526396434048,0.7361084687038743,1.2361084687038573,0.22947920110772613,60213.84055512996,59972.73416730507,2.3097086437819443,0.1633414265104326,9.068558262137543,2024-07-14 17:00:00+00:00,2024-07-14 17:15:00+00:00,60213.84055512996,59972.73416730507,60937.15971860463,0.10708583761555197,25.819079494688435,-25.819079494688435,-1.0,2,Stop loss,False,41.00944487004017,241.10638782488968,4.391530754057053,25.819079494688435,0.170088587200039,1.0,1,2,True,False,False,False,False,False,False,False,False
exness_native-S03,112,2024-07-15 12:30:00+00:00,2024-07-15 12:15:00+00:00,12,Monday,0,2024,2024-07,LONG,62625.84,62773.6,62541.31,62751.56,62671.738931171385,62324.31540789839,347.4235232729916,1.5394430483930244,0.35368931949652305,1.8931323678895475,54.80507762710924,4.805077627109242,30.819719931021325,18.10894522952257,17.588790086153598,0.5201551433689708,225.68130963705084,0.35964254854708133,55.97222222222222,2024-07-15 11:00:00+00:00,62492.58,60623.568010100906,58982.85757328062,191.54930574214086,0.32475419744484063,96.11111111111111,0,EMA20,True,False,0.5779341292424618,0.9615089191505626,62722.56,62336.59,54.12200266907774,0.9051186017478118,1.0292832861240409,1.5292832861240304,0.29765983738504537,62818.736261927406,62473.60560710888,2.467883318594858,0.28226987427596273,6.117252699600163,2024-07-15 12:30:00+00:00,2024-07-15 19:15:00+00:00,62818.736261927406,63854.12822638298,63854.12822638298,0.07462255651991831,25.754531795951717,77.26359538785515,3.0,28,Take profit,False,1035.3919644555717,306.2862619274092,77.26359538785515,22.8558638919526,3.0,0.8874501805365861,28,5,True,True,True,True,True,True,True,True,True
exness_native-S03,113,2024-07-16 17:30:00+00:00,2024-07-16 17:15:00+00:00,17,Tuesday,1,2024,2024-07,LONG,64299.32,64450.09,64194.51,64387.33,64188.941610742346,63951.57700826834,237.36460247400828,0.6326660995135146,0.5287798058859847,1.1614459053994992,56.272857456918544,6.272857456918544,21.751684518731082,24.621700729221818,16.471539989981544,8.150160739240274,375.18147828140087,0.5826945740433729,91.70138888888889,2024-07-16 16:00:00+00:00,64537.16,62823.69965570454,60191.72201424368,201.28952168791147,0.3344139608437829,94.30555555555556,0,EMA20,False,False,0.0,0.6475079549354918,65236.53,64141.39,34.43540183113074,0.7544408795680565,0.6812169970936023,1.181216997093606,0.3672790466296001,64525.12629565628,64081.95555651558,3.0634207562250717,0.05786399481293891,10.992824571053454,2024-07-16 17:30:00+00:00,2024-07-17 01:00:00+00:00,64525.12629565628,65854.63851307836,65854.63851307836,0.05855009930198386,25.94769078442135,77.84307235326362,2.9999999999999836,31,Take profit,False,1329.5122174220814,346.5462956562769,77.84307235326362,20.290320023409674,2.9999999999999836,0.7819701642040421,31,19,True,True,True,True,True,True,True,True,True
exness_native-S03,114,2024-07-21 19:30:00+00:00,2024-07-21 19:15:00+00:00,19,Sunday,6,2024,2024-07,LONG,66974.25,67413.81,66897.81,67297.51,67036.30660581241,67014.87045720142,21.436148610984674,0.05913031673740229,0.7205137318035689,0.7796440485409712,55.24869901895784,5.2486990189578435,18.101559354538146,27.843013306952056,27.47030238312336,0.372710923828695,362.52382523473705,0.5386883188319108,89.0625,2024-07-21 18:00:00+00:00,66860.89,66588.47173192762,64187.548923353665,149.51537357574853,0.2329351659062177,70.27777777777777,0,both,True,True,0.38203449310603027,0.322904176368628,67329.23,65823.08,62.647286821704405,0.7746124031007695,1.4233547261780268,1.923354726178022,0.5208065012684338,67486.31476504695,66789.05285242958,2.34658843892604,0.011649365006607057,10.28239947609699,2024-07-21 19:30:00+00:00,2024-07-22 14:30:00+00:00,67486.31476504695,66789.05285242958,69578.10050289905,0.03749279573750431,26.14229846530451,-26.14229846530451,-1.0,77,Stop loss,False,1024.3452349530562,697.2619126173668,38.4055666587808,26.14229846530451,1.4690967861816675,1.0,22,77,True,True,True,True,True,False,False,False,False
exness_native-S03,115,2024-07-24 13:15:00+00:00,2024-07-24 13:00:00+00:00,13,Wednesday,2,2024,2024-07,LONG,66209.69,66451.08,66162.74,66400.97,66316.3832875218,66192.44805190452,123.93523561728944,0.6954268359666791,0.4746339451451995,1.1700607811118786,56.69240437283538,6.692404372835377,25.470817201383866,20.236655357063153,15.345759688909155,4.890895668153998,178.21462907023582,0.26839160492721087,20.97222222222222,2024-07-24 12:00:00+00:00,66212.8,66473.30778054806,65443.89207038583,47.7136631905305,0.07290774078536431,23.47222222222222,0,both,True,True,0.86212500243877,0.16669816647209093,66565.66,66161.42,66.338350558369,0.8262121107026386,1.6179367625671146,2.117936762567076,0.48117781498311335,66486.72292581404,66109.27561127894,2.1952617200748676,0.001364187550525631,11.6836374476364,2024-07-24 13:15:00+00:00,2024-07-24 15:45:00+00:00,66486.72292581404,66109.27561127894,67619.06486941937,0.06908763611488287,26.076942719141254,-26.076942719141254,-1.0,11,Stop loss,False,614.5970741859637,377.4473145351076,42.46105901863154,26.076942719141254,1.6282989718523964,1.0,6,11,True,True,True,True,True,True,False,False,False
exness_native-S03,116,2024-07-24 17:30:00+00:00,2024-07-24 17:15:00+00:00,17,Wednesday,2,2024,2024-07,LONG,66404.14,66621.76,66311.59,66566.77,66421.71213439287,66330.16387732375,91.54825706912379,0.34838844362364096,0.5520201656715064,0.9004086092951473,55.97107216301756,5.97107216301756,18.12048932443502,19.771367321832642,18.621496249641407,1.1498710721912353,262.77638866811,0.39475610528813393,61.94444444444444,2024-07-24 16:00:00+00:00,66386.43,66462.90486004646,65481.554676406835,45.39032390657667,0.06931772486295429,22.63888888888889,0,EMA20,True,True,0.41907164852608975,0.07068320490244882,66552.59,65962.67,52.43253699584278,0.8227101267047393,1.1803571910402766,1.6803571910402688,0.4092653768426995,66674.31527773362,66232.75708339957,1.8148543557526522,0.059292742999843315,12.431069463037252,2024-07-24 17:30:00+00:00,2024-07-24 18:30:00+00:00,66674.31527773362,66232.75708339957,67998.98986073578,0.058908997038484984,26.0117503623434,-26.0117503623434,-1.0,5,Stop loss,False,47.914722266374156,441.5581943340512,2.8226082320896655,26.0117503623434,0.10851281412326212,1.0,2,5,True,False,False,False,False,False,False,False,False
exness_native-S03,117,2024-07-26 08:15:00+00:00,2024-07-26 08:00:00+00:00,8,Friday,4,2024,2024-07,LONG,66881.13,67029.58,66877.38,67022.43,66888.9784788959,66388.10353466077,500.87494423512544,2.5766481331026663,0.686513902662244,3.26316203576491,58.799030754643404,8.799030754643404,51.28094282159244,26.089812651836596,11.868918172684955,14.22089447915164,194.3901217245359,0.2900374124372034,25.48611111111111,2024-07-26 07:00:00+00:00,66885.12,65747.60371473999,65438.54198956203,78.14155706646852,0.11941213036031995,44.583333333333336,0,EMA20,True,False,0.059665989161344246,2.516982143941322,67167.99,66848.9,92.83837056504012,0.953022339027537,0.7829615962465155,1.2829615962464611,0.23678170442289054,67068.4580243449,66819.06296348265,2.480150180435619,0.23448974891317692,6.069454947642734,2024-07-26 08:15:00+00:00,2024-07-26 13:45:00+00:00,67068.4580243449,67816.64320693167,67816.64320693167,0.10403863210734714,25.94672098643754,77.84016295931262,3.0,23,Take profit,False,748.1851825867634,70.77802434490877,77.84016295931262,7.363648836104823,3.0,0.2837988214369682,23,3,True,True,True,True,True,True,True,True,True
exness_native-S03,118,2024-07-26 15:15:00+00:00,2024-07-26 15:00:00+00:00,15,Friday,4,2024,2024-07,LONG,67310.81,67681.54,67267.65,67548.0,67338.53758081983,67019.98833781325,318.54924300657876,1.1189504779010018,0.7357671668964261,1.8547176447974278,56.74026538585605,6.740265385856048,31.370206551075444,28.486971809564096,21.24053453611945,7.246437273444645,284.68573837524394,0.42145694672713324,69.09722222222221,2024-07-26 14:00:00+00:00,67315.3,66141.2481717476,65567.82661580539,94.93210406939761,0.14478458257531115,52.916666666666664,0,EMA20,True,False,0.2490029223957773,0.8699475555052245,68037.48,66879.38,57.30749716108209,0.6773538862983068,1.4538487328594294,1.9538487328594663,0.6690786435672407,67738.47714767505,67182.24427848741,2.1540390065672517,0.23695370023600565,6.338815285229371,2024-07-26 15:15:00+00:00,2024-07-27 14:00:00+00:00,67738.47714767505,69407.17575523794,69407.17575523794,0.04699708133396495,26.14132139383582,78.42396418150746,3.0,92,Take profit,False,1668.6986075628956,455.6571476750396,78.42396418150746,21.414556029686313,3.0,0.819184145554934,92,8,True,True,True,True,True,True,True,True,True
exness_native-S03,119,2024-07-27 16:00:00+00:00,2024-07-27 15:45:00+00:00,15,Saturday,5,2024,2024-07,LONG,68680.23,68903.85,68583.34,68883.88,68711.75005187362,68392.58849436039,319.16155751323095,1.3045332127812754,0.7035597770445099,2.0080929898257853,59.0825452088693,9.082545208869298,38.99281325434195,20.781361107180327,13.978858775792068,6.8025023313882595,244.65575455359692,0.35517127454724806,44.72222222222222,2024-07-27 14:00:00+00:00,68992.94,67347.51119326425,66090.8596089686,129.83300929628604,0.1964462409241649,67.08333333333333,0,EMA20,True,False,0.5248601329975758,0.7796730797836996,69137.12,68654.35,63.53935914636136,0.9376930516988531,1.3100448039115915,1.8100448039115786,0.2816248938695124,68952.78115091073,68509.94327363392,1.7520120572658255,0.14986583072669235,8.674560632895387,2024-07-27 16:00:00+00:00,2024-07-27 17:15:00+00:00,68952.78115091073,68509.94327363392,70281.29478274114,0.0594740934679056,26.33738130428959,-26.33738130428959,-1.0,6,Stop loss,False,89.73884908927721,442.83787727680465,5.3371366984379485,26.33738130428959,0.20264492649345836,1.0,1,6,True,False,False,False,False,False,False,False,False
exness_native-S03,120,2024-07-28 18:15:00+00:00,2024-07-28 18:00:00+00:00,18,Sunday,6,2024,2024-07,LONG,67964.12,68011.7,67875.46,67999.98,67771.08276122475,67758.45914392361,12.623617301142076,0.06806006121089889,1.234096353716252,1.3021564149271507,62.56005948169344,12.560059481693443,20.29170907533095,21.21812306488793,9.077856462388533,12.140266602499397,185.47760722731434,0.2727612673228938,20.625,2024-07-28 17:00:00+00:00,67961.56,67685.24205081144,66524.05039266105,64.34190529173065,0.09671976512546937,35.41666666666667,1,both,False,False,0.0,0.6308085262982959,67970.87,67580.6,26.321197886085606,0.9139753376394454,0.734536109434602,1.2345361094345872,0.2631882208057255,68048.79552144546,67819.81671783181,2.8641724920717233,0.058468946525055035,10.664664987247157,2024-07-28 18:15:00+00:00,2024-07-28 21:00:00+00:00,68048.79552144546,67819.81671783181,68735.73193228639,0.1147334925173105,26.271537851028867,-26.271537851028867,-1.0,12,Stop loss,False,271.63447855453705,228.97880361364514,31.16557241268052,26.271537851028867,1.1862865656895676,1.0,2,12,True,True,True,True,True,False,False,False,False
exness_native-S03,121,2024-07-29 10:30:00+00:00,2024-07-29 10:15:00+00:00,10,Monday,0,2024,2024-07,LONG,69441.4,69567.46,69388.72,69544.0,69474.52551164845,69147.97972572426,326.54578592418693,1.6799009979975923,0.35740856978702834,2.0373095677846207,55.28934422214329,5.289344222143292,26.824316137475705,18.988777156602374,15.688887766765399,3.2998893898369754,194.38394662151094,0.2795121744816389,21.145833333333332,2024-07-29 09:00:00+00:00,69529.92,68290.31057522188,66872.91308928245,136.98689085323713,0.20484660309375946,67.36111111111111,0,EMA20,True,False,0.4414228290956571,1.238478168901935,69669.3,69372.13,57.40181268882333,0.8687479019804984,0.9195203776165407,1.4195203776165861,0.3206889787338735,69606.33678932431,69330.40481601354,1.7044253937319125,0.21482522319034675,8.563379097550914,2024-07-29 10:30:00+00:00,2024-07-29 13:30:00+00:00,69606.33678932431,69330.40481601354,70434.13270925662,0.09497217264085173,26.205859006401294,-26.205859006401294,-1.0,13,Stop loss,False,438.17321067568264,275.93197331076954,41.61426181088723,26.205859006401294,1.5879754905466799,1.0,11,13,True,True,True,True,True,True,False,False,False
exness_native-S03,122,2024-08-01 14:30:00+00:00,2024-08-01 14:15:00+00:00,14,Thursday,3,2024,2024-08,SHORT,64619.96,64619.96,64131.5,64167.06,64570.428300806445,64576.50891596321,-6.080615156766726,0.02634789187295732,1.7478337471825827,1.77418163905554,37.27772490532302,12.72227509467698,18.256981912070184,15.956500376803998,26.11023836655286,10.153737989748862,230.78184721896804,0.3596578169842409,39.0625,2024-08-01 13:00:00+00:00,64732.4,65474.03571448474,66368.95392689177,-87.55802759033395,0.13192618296618452,43.19444444444444,0,both,True,True,0.2146256293137219,0.18827773744076456,64932.56,64440.99,92.71997707079439,0.07280022929205612,2.1165442858100687,2.6165442858100696,0.3540849093137644,64085.343630556206,64689.19455416569,2.4961058325264998,0.15976448693828982,7.885101988904755,2024-08-01 14:30:00+00:00,2024-08-01 17:30:00+00:00,64085.343630556206,62273.79085972776,62273.79085972776,0.04328940030866049,26.14034435888529,78.42103307665586,2.9999999999999996,13,Take profit,False,1811.5527708284499,208.89636944379163,78.42103307665586,9.042998559878129,3.0,0.34594029962747413,13,2,True,True,True,True,True,True,True,True,True
exness_native-S03,123,2024-08-02 08:00:00+00:00,2024-08-02 07:45:00+00:00,7,Friday,4,2024,2024-08,SHORT,64335.85,64335.85,64119.97,64151.59,64338.577373318825,64358.76706030151,-20.18968698268145,0.07044033441213107,0.6523852063047167,0.7228255407168478,44.69096795197152,5.309032048028477,20.54237924232977,16.89291810508395,23.173266578348468,6.280348473264517,286.6211120542953,0.4467872301439376,70.10416666666667,2024-08-02 06:00:00+00:00,64456.18,64863.838092697464,66025.35823370607,-82.8960276170983,0.12555180287500467,41.11111111111111,0,both,False,False,0.0,0.07995593952327888,64630.75,63799.15,85.35297387437663,0.1464702612562337,0.7531894578620668,1.2531894578620772,0.31031985666850714,64062.64577758914,64421.83633361629,3.451531222771382,0.008932998895936387,8.498188432456926,2024-08-02 08:00:00+00:00,2024-08-02 08:30:00+00:00,64062.64577758914,64421.83633361629,62985.074109507696,0.07332151834077286,26.336396941576933,-26.33639694157693,-0.9999999999999999,3,Stop loss,False,54.1057775891386,359.190556027148,3.9671177638438024,26.33639694157693,0.1506325171451591,1.0,2,3,True,False,False,False,False,False,False,False,False
exness_native-S03,124,2024-08-03 08:45:00+00:00,2024-08-03 08:30:00+00:00,8,Saturday,5,2024,2024-08,SHORT,61638.04,61657.1,61542.39,61556.67,61649.464296762875,61886.32355366885,-236.8592569059765,1.4633627076338402,0.5733012723999444,2.0366639800337847,43.946563543552294,6.053436456447706,22.977613210317436,16.471875664916706,25.529174347394584,9.057298682477878,161.8595688344157,0.26294399751386116,8.75,2024-08-03 07:00:00+00:00,61678.1,63356.539855056355,65295.295367331135,-184.90668329234904,0.28318530799519515,81.25,0,EMA20,True,False,0.047174864557651186,1.416187843076189,61851.82,61506.24,70.93540231889394,0.12448783889808164,0.7087007634213387,1.2087007634213107,0.2882246264637319,61510.01808623312,61705.65787065032,3.2611870614106717,0.21110746226016433,5.103795637887018,2024-08-03 09:00:00+00:00,2024-08-03 10:00:00+00:00,61510.01808623312,61705.65787065032,60923.09873298151,0.1342802335807166,26.270555949222988,-26.270555949222988,-1.0,5,Stop loss,False,75.51808623311808,195.63978441720246,10.140586258951796,26.270555949222988,0.38600577310019685,1.0,2,5,True,True,False,False,False,False,False,False,False
exness_native-S03,125,2024-08-05 09:15:00+00:00,2024-08-05 09:00:00+00:00,9,Monday,0,2024,2024-08,SHORT,52784.17,52975.88,52567.19,52728.03,52848.052436199985,54489.20974760254,-1641.1573114025523,1.9113735707638724,0.1397841089683793,2.0511576797322517,45.181570645903946,4.818429354096054,53.20874169171294,13.958654216956848,27.299791729446188,13.34113751248934,858.6271864932561,1.6284074836349016,99.40972222222221,2024-08-05 08:00:00+00:00,52784.18,58472.81816427436,62773.85510399892,-519.060020723824,0.8268729391621481,100.0,0,EMA20,True,False,0.14887434943922112,1.7624992213246513,53275.1,52316.15,13.736572952604686,0.39355012356553487,0.4759807357942364,0.9759807357942326,0.38732227738663444,52395.46456270135,53233.46815594797,8.295257668922323,0.262565229515831,4.776150848427575,2024-08-05 09:30:00+00:00,2024-08-05 12:30:00+00:00,52395.46456270135,49881.45378296149,49881.45378296149,0.031270605246245024,26.204879559349934,78.6146386780498,3.0,13,Take profit,False,2514.0107797398596,302.79543729864963,78.6146386780498,9.46859659013021,3.0,0.3613295214231123,13,2,True,True,True,True,True,True,True,True,True
exness_native-S03,126,2024-08-07 15:30:00+00:00,2024-08-07 15:15:00+00:00,15,Wednesday,2,2024,2024-08,SHORT,56252.87,56333.31,56005.77,56103.31,56743.351801204764,56852.33173105357,-108.97992984880693,0.28543472189227637,1.676365123190747,1.9617998450830234,32.55090089394011,17.44909910605989,24.012359397815697,12.821854415740447,25.214340263652304,12.392485847911857,381.80333887317386,0.680536208778366,91.31944444444444,2024-08-07 14:00:00+00:00,56119.23,56498.40608378402,59825.565292479965,-147.5274177466854,0.2465959444351953,68.19444444444444,4,EMA50,False,False,0.0,1.3593954746057904,57048.9,55671.93,45.66159858338052,0.29779568907614523,0.8578762065483194,1.3578762065483156,0.4554718360710886,55929.40933222536,56447.85100166195,3.632771452381328,0.010511900678528316,15.705361773858979,2024-08-07 15:30:00+00:00,2024-08-08 01:30:00+00:00,55929.40933222536,56447.85100166195,54374.0843239156,0.05092456434826438,26.401416156045055,-26.401416156045055,-1.0,41,Stop loss,False,1361.7993322253606,518.4416694365864,69.34903772333384,26.401416156045055,2.6267165864682296,1.0,28,41,True,True,True,True,True,True,True,True,False
exness_native-S03,127,2024-08-10 10:45:00+00:00,2024-08-10 10:30:00+00:00,10,Saturday,5,2024,2024-08,LONG,60770.15,60854.66,60752.78,60829.77,60747.85131483597,60639.845075200086,108.00623963588441,0.5932436852524794,0.44995310309459335,1.0431967883470727,56.07748284739968,6.077482847399679,20.049646304363907,21.33528282115099,17.84808281058898,3.4872000105620096,182.06049608419832,0.29929505912022736,19.618055555555554,2024-08-10 09:00:00+00:00,60914.24,59915.25271650407,59654.13136501474,52.35483370636939,0.08776396958329334,26.52777777777778,0,EMA20,False,False,0.0,0.6203153744439048,61128.92,60642.11,58.5198272477352,0.755692972124013,0.5595942128647599,1.0595942128647724,0.33671279896158895,60891.07209921684,60698.16185117474,3.2263174459474873,0.034818891887318265,14.31945521717834,2024-08-10 11:00:00+00:00,2024-08-10 13:00:00+00:00,60891.07209921684,60698.16185117474,61469.80284334316,0.1365164001546811,26.335412615654946,-26.335412615654946,-1.0,9,Stop loss,False,131.79790078316,192.9102480421061,17.99257496286083,26.335412615654946,0.6832083941667669,1.0,3,9,True,True,True,False,False,False,False,False,False
exness_native-S03,128,2024-08-11 08:00:00+00:00,2024-08-11 07:45:00+00:00,7,Sunday,6,2024,2024-08,LONG,61214.9,61277.2,61180.34,61262.79,61116.60985256343,61040.57442765729,76.035424906142,0.5975718928877721,1.148848020697116,1.7464199135848881,59.1043981571737,9.104398157173698,18.040365115001357,22.351325783965404,11.80782194492984,10.543503839035564,127.24063131333043,0.20769643581908434,2.604166666666667,2024-08-11 06:00:00+00:00,61139.66,60497.781913707964,59892.65636220083,60.06388063984923,0.10028588526214788,28.749999999999996,4,EMA20,False,False,0.0,1.098435074552056,61251.74,61028.13,49.44249432170052,0.8512285773281424,0.7612348272737075,1.2612348272736866,0.313249988240867,61302.64812626266,61142.167810606,1.521589384336331,0.05917415329691496,14.50904977375567,2024-08-11 08:00:00+00:00,2024-08-11 09:15:00+00:00,61302.64812626266,61784.08907323265,61784.08907323265,0.16369343477811818,26.269574084115806,78.80872225234742,3.0,6,Take profit,False,481.44094696998945,135.46812626266183,78.80872225234742,22.175242890890914,3.0,0.844141698677156,6,3,True,True,True,True,True,True,True,True,True
exness_native-S03,129,2024-08-16 15:30:00+00:00,2024-08-16 15:15:00+00:00,15,Friday,4,2024,2024-08,SHORT,58153.09,58175.6,57739.13,57833.84,58208.814470942045,58216.325448509124,-7.510977567078953,0.02029410493673718,1.0131532405647836,1.033447345501521,40.85750186025712,9.142498139742877,18.66486262170359,13.91001139421185,24.484651671293232,10.574640277081382,370.10637278623153,0.6399477758804042,84.75694444444444,2024-08-16 14:00:00+00:00,58021.97,58590.086753718235,59327.99696822872,-56.64474129862356,0.09547725221358459,33.611111111111114,1,both,False,False,0.0,0.11003714473365132,58492.76,57852.36,73.14362957362457,0.21699085847824334,1.1793096041934419,1.679309604193446,0.45589940342558194,57665.10872544275,58286.631911835866,3.431248940705691,0.13114273897706816,7.628629508768254,2024-08-16 15:30:00+00:00,2024-08-16 16:00:00+00:00,57665.10872544275,58286.631911835866,55800.53916626339,0.04258344092251828,26.466595889746678,-26.466595889746678,-1.0,3,Stop loss,False,56.26872544275102,621.5231863931185,2.3961159456767893,26.466595889746678,0.09053359017753618,1.0,1,3,True,False,False,False,False,False,False,False,False
exness_native-S03,130,2024-08-19 07:30:00+00:00,2024-08-19 07:15:00+00:00,7,Monday,0,2024,2024-08,SHORT,58729.63,58750.67,58575.01,58589.68,58635.2476142261,58895.2583861983,-260.0107719722,1.5202623008186582,0.2664302156435062,1.7866925164621645,45.82509970046897,4.174900299531032,24.908046979355973,16.23932041374139,12.976206861765908,-3.263113551975481,171.03020434841062,0.2919118253392246,20.833333333333336,2024-08-19 06:00:00+00:00,58615.97,59243.02609223642,59338.005444298105,-35.42241331672267,0.059695995932951385,25.694444444444443,0,EMA20,True,False,0.6748655081927382,0.8453967926259202,58790.65,58408.45,79.67095525446892,0.0835136058294351,1.0270700468915661,1.527070046891569,0.2857743230553399,58540.80395913032,58801.97906130452,1.9160061893138753,0.11873170886520674,8.329072012803136,2024-08-19 07:45:00+00:00,2024-08-19 13:15:00+00:00,58540.80395913032,58801.97906130452,57757.27865260771,0.10108325479820585,26.40042940002231,-26.40042940002231,-1.0,23,Stop loss,False,710.28395913032,261.17510217420204,71.79781441984856,26.40042940002231,2.719569948350457,1.0,10,23,True,True,True,True,True,True,True,True,False
exness_native-S03,131,2024-08-20 08:45:00+00:00,2024-08-20 08:30:00+00:00,8,Tuesday,1,2024,2024-08,LONG,60728.06,60842.78,60693.76,60814.84,60815.77550908624,60346.48616558608,469.2893435001606,2.5057661939042495,0.00499514228240958,2.5007710516218395,54.29955671884812,4.299556718848123,59.64457939200296,24.561327607127048,13.174934907112835,11.386392700014213,187.283771583237,0.3079573531447867,22.743055555555554,2024-08-20 07:00:00+00:00,60945.65,59506.187259479164,59362.844267408705,80.34214979662647,0.13534080246342878,60.97222222222223,0,EMA20,True,False,0.651500704277573,1.8542654896266764,60995.62,60714.76,58.23379412159488,0.8125083881358011,0.7956909386234027,1.2956909386234183,0.34918537662824545,60880.23675431665,60637.57486852503,2.7449415207268775,0.20616491797123057,6.2026994516479546,2024-08-20 09:00:00+00:00,2024-08-20 11:00:00+00:00,60880.23675431665,60637.57486852503,61608.2224116915,0.10852313390960992,26.334428326522257,-26.334428326522257,-1.0,9,Stop loss,False,128.27324568335462,242.66188579161826,13.920614618314985,26.334428326522257,0.5286089542447019,1.0,2,9,True,True,True,False,False,False,False,False,False
exness_native-S03,132,2024-08-22 10:45:00+00:00,2024-08-22 10:30:00+00:00,10,Thursday,3,2024,2024-08,LONG,61066.5,61277.65,61028.07,61233.82,60902.25889196645,60776.56971510048,125.68917686596978,0.7253978996662186,1.9135596029482873,2.638957502614506,66.43394458878659,16.433944588786588,18.493088019893108,29.590235588203186,13.109478780189292,16.480756808013894,173.26928699931975,0.28296338036614366,16.180555555555557,2024-08-22 09:00:00+00:00,60867.48,60192.78019096865,59655.34443883956,61.11695493280422,0.10245009145067153,54.861111111111114,1,EMA20,False,False,0.0,1.451499508395324,61075.9,60786.86,67.0406282554686,0.8243849667441244,1.4404168466450813,1.9404168466450789,0.45295885242589007,61312.303857399864,60976.0892139002,2.8994232989953224,0.16425985673818277,8.16202237844801,2024-08-22 10:45:00+00:00,2024-08-22 12:30:00+00:00,61312.303857399864,60976.0892139002,62320.94778789885,0.07813042282238497,26.268592255705954,-26.268592255705954,-1.0,8,Stop loss,False,87.17614260013943,336.2146434996612,6.81110888137342,26.268592255705954,0.259287167544882,1.0,1,8,True,True,False,False,False,False,False,False,False
exness_native-S03,133,2024-08-23 13:30:00+00:00,2024-08-23 13:15:00+00:00,13,Friday,4,2024,2024-08,LONG,60987.23,61118.46,60966.6,61074.42,60974.932220093506,60905.98122087711,68.95099921639485,0.425766081213544,0.614327894603608,1.0400939758171521,54.89215808987982,4.892158089879821,24.329015696240933,24.516877272445388,15.424149349148985,9.092727923296403,161.9457309043186,0.26516130796546017,12.01388888888889,2024-08-23 12:00:00+00:00,61126.54,60584.83862043107,59915.92386553695,57.76424799537199,0.09640884137079528,49.72222222222222,1,EMA20,True,False,0.05145069306229553,0.37431538815124843,61213.09,60718.13,57.41472408797229,0.7099960489924885,0.9377215388883767,1.437721538888384,0.471942951222494,61150.849146180866,60918.016280728705,1.8214448553334424,0.03495533916061707,13.313351562317404,2024-08-23 13:30:00+00:00,2024-08-23 13:30:00+00:00,61150.849146180866,60918.016280728705,61849.34774253735,0.11253961387358548,26.202920775066687,-26.202920775066687,-1.0,1,Stop loss,False,0.0,232.83286545216106,0.0,26.202920775066687,0.0,1.0,0,1,True,False,False,False,False,False,False,False,False
exness_native-S03,134,2024-08-23 14:00:00+00:00,2024-08-23 13:45:00+00:00,13,Friday,4,2024,2024-08,LONG,60958.67,61102.22,60915.89,61097.53,60985.206919396274,60915.47813584234,69.72878355393186,0.40338288796309535,0.6497920418158082,1.0531749297789035,55.176775500150704,5.176775500150704,22.261132514792852,19.80480963690681,16.428676463097293,3.3761331738095173,172.86004348382573,0.2829247655082386,17.083333333333332,2024-08-23 12:00:00+00:00,61126.54,60584.83862043107,59915.92386553695,57.76424799537199,0.09640884137079528,49.72222222222222,0,both,True,False,0.40100024273545193,0.002382645227643379,61213.09,60824.91,74.52369452047404,0.9748296033918195,1.0779240606718716,1.5779240606718417,0.22713177612059954,61136.792008696764,60864.031986954855,1.795086911641682,0.03516418026154421,13.03874048626203,2024-08-23 14:00:00+00:00,2024-08-23 14:00:00+00:00,61136.792008696764,61955.07207392249,61955.07207392249,0.09582567601442972,26.13741347312902,78.41224041938706,3.0,1,Take profit,False,818.2800652257283,0.0,78.41224041938706,0.0,3.0,0.0,1,0,True,True,True,True,True,True,True,True,True
exness_native-S03,135,2024-08-23 15:30:00+00:00,2024-08-23 15:15:00+00:00,15,Friday,4,2024,2024-08,LONG,61304.21,61490.95,61259.99,61402.77,61217.92802873098,61045.86936782208,172.0586609089005,0.5062165240148573,0.5438265048302192,1.0500430288450766,54.558774068416696,4.558774068416696,27.343458667231957,26.60062346020319,18.604668032029707,7.995955428173485,339.8914352780997,0.5535441402368325,75.86805555555556,2024-08-23 14:00:00+00:00,60994.11,60620.205570032675,59938.2923729395,54.1928963358514,0.09041448161162165,46.25,0,both,False,False,0.0,0.6299677189650967,62337.42,60787.57,42.674056113611904,0.6182022861101463,0.6795110909782922,1.1795110909782918,0.45943578109832073,61558.92828705562,61158.02256941657,2.684082009499218,0.09493465427482414,8.471986144117313,2024-08-23 15:30:00+00:00,2024-08-23 17:45:00+00:00,61558.92828705562,62761.645439972766,62761.645439972766,0.0656848802986804,26.333444074177486,79.00033222253245,2.9999999999999996,10,Take profit,False,1202.7171529171464,236.9782870556228,79.00033222253245,15.565890418634906,3.0,0.5911072769208636,10,3,True,True,True,True,True,True,True,True,True
exness_native-S03,136,2024-08-24 07:15:00+00:00,2024-08-24 07:00:00+00:00,7,Saturday,5,2024,2024-08,LONG,64102.23,64265.32,64102.23,64231.06,64023.77815861122,63674.99259212785,348.7855664833696,2.1360162814691255,1.2694257750497988,3.405442056518924,61.64770550841988,11.647705508419882,28.928298797116394,29.45637387854923,11.756542116991186,17.699831761558045,163.28787823821233,0.2542194979161364,9.51388888888889,2024-08-24 06:00:00+00:00,64102.23,62068.52121615097,60481.14872043631,179.7753607887862,0.29724197471805114,86.52777777777779,2,EMA20,False,False,0.0,2.6164673855880487,64345.84,63958.12,78.99319394199352,0.7899319394199352,0.998788163332448,1.4987881633324645,0.4098134924015878,64297.977575647645,64053.24363652854,3.144263499040577,0.26475184400720053,5.591291552494954,2024-08-24 07:30:00+00:00,2024-08-24 11:30:00+00:00,64297.977575647645,64053.24363652854,65032.17939300496,0.10840729732961937,26.53094490473382,-26.53094490473382,-1.0,17,Stop loss,False,255.73242435235443,244.73393911910534,27.723260963590082,26.53094490473382,1.0449405802596772,1.0,7,17,True,True,True,True,True,False,False,False,False
exness_native-S03,137,2024-08-24 16:30:00+00:00,2024-08-24 16:15:00+00:00,16,Saturday,5,2024,2024-08,LONG,64028.75,64391.12,64000.36,64310.05,64144.73986750728,64064.4876622529,80.25220525438635,0.4865985162921378,1.002335885276091,1.488934401568229,57.67608863447548,7.676088634475477,23.78133663251337,22.58338378715925,18.924778470310933,3.658605316848316,164.92488687780042,0.25645274242175276,11.354166666666666,2024-08-24 15:00:00+00:00,64002.73,62714.23821184293,60802.28260311313,169.63560072171094,0.2789954479653457,83.33333333333334,0,both,True,True,0.8754280220562467,0.38882950576410885,64213.49,63881.73,71.98792097451158,0.7925325007677365,2.3693210127197606,2.8693210127197855,0.6915571053874414,64424.104977375566,63950.88253393666,2.3506613170770763,0.29814281834317047,5.767491488559408,2024-08-24 16:30:00+00:00,2024-08-24 21:15:00+00:00,64424.104977375566,63950.88253393666,65843.77230769228,0.055924265447246484,26.464617542471984,-26.464617542471984,-1.0,20,Stop loss,False,62.10502262443333,473.22244343890634,3.4731777708560583,26.464617542471984,0.1312385401104738,1.0,9,20,True,False,False,False,False,False,False,False,False
exness_native-S03,138,2024-08-25 15:15:00+00:00,2024-08-25 15:00:00+00:00,15,Sunday,6,2024,2024-08,LONG,64195.6,64287.58,64152.93,64267.53,64072.40419798985,64050.47950413044,21.924693859407853,0.17821922884476799,1.5861188386465994,1.7643380674913676,62.93573615616665,12.935736156166648,24.409061053880112,21.61706004711458,10.560927896699875,11.056132150414706,123.02092204935214,0.1914200250878665,2.083333333333333,2024-08-25 14:00:00+00:00,64195.6,63527.31837228029,61474.90322133896,130.24699164602498,0.21187018575218203,75.83333333333333,4,EMA50,False,False,0.0,0.832789204981423,64307.58,64008.27,53.41997772001449,0.8510954326030249,1.094529269956082,1.5945292699560982,0.3629804074461557,64312.184184409874,64116.023723385195,1.542401744559182,0.022050243839195252,13.807659525565267,2024-08-25 15:15:00+00:00,2024-08-25 16:15:00+00:00,64312.184184409874,64116.023723385195,64900.66556748391,0.13457582563131587,26.398455998615805,-26.398455998615805,-1.0,5,Stop loss,False,28.845815590124403,196.16046102467953,3.8819494490496744,26.398455998615805,0.14705214006657144,1.0,1,5,True,False,False,False,False,False,False,False,False
exness_native-S03,139,2024-08-25 19:45:00+00:00,2024-08-25 19:30:00+00:00,19,Sunday,6,2024,2024-08,LONG,64190.82,64217.63,64169.81,64200.93,64160.416395526685,64112.68638818745,47.73000733923254,0.48262110980847633,0.40965258216462486,0.8922736919731012,54.25407224159364,4.25407224159364,19.579066573048603,20.009963300996745,13.061201224635134,6.948762076361611,98.89747126513747,0.15404367392362925,0.034722222222222224,2024-08-25 18:00:00+00:00,64196.84,63620.07712578234,61579.951377578334,132.39184245707293,0.21499179439962607,76.25,3,EMA20,False,False,0.0,0.5776043723039259,64291.4,64119.83,21.14178168130624,0.6507737348390382,0.48353106897746156,0.9835310689774731,0.36886174930832033,64237.40949425303,64140.14075862046,1.2364421645838692,0.025871108243264638,11.938210478935837,2024-08-25 20:00:00+00:00,2024-08-25 21:15:00+00:00,64237.40949425303,64529.21570115074,64529.21570115074,0.1639696249642513,26.332459858619263,47.84735430725802,1.8170484096113186,6,Take profit,False,291.80620689770876,76.51949425302882,47.84735430725802,12.546872775123319,3.0,0.7866812882412645,6,2,True,True,True,True,True,True,True,True,True
exness_native-S03,140,2024-08-28 07:15:00+00:00,2024-08-28 07:00:00+00:00,7,Wednesday,2,2024,2024-08,SHORT,59233.61,59324.76,59144.63,59180.96,59392.426778848814,59943.17479043483,-550.7480115860162,2.7180055923375477,1.0436131868175051,3.761618779155053,38.40348974642609,11.59651025357391,32.992536193969656,14.662173140356904,24.714711164290136,10.052538023933232,202.62946225668367,0.3423896169590417,35.34722222222222,2024-08-28 06:00:00+00:00,59233.61,61765.72140065264,61922.0481669954,-129.95482404661016,0.20986841988194505,73.75,4,EMA20,False,False,0.0,3.0519490282782415,59499.03,59161.67,29.228890245933542,0.20168767001610396,0.8889625328612011,1.3889625328612238,0.37929278198440625,59104.10410754866,59385.54883867701,4.377564784884716,0.26710683236254895,5.252776932516324,2024-08-28 07:15:00+00:00,2024-08-28 09:00:00+00:00,59104.10410754866,59385.54883867701,58259.769914163604,0.09398675945482206,26.45207824438741,-26.45207824438741,-1.0,8,Stop loss,False,542.5841075486605,281.4447311283511,50.99572200018526,26.45207824438741,1.9278531361143814,1.0,3,8,True,True,True,True,True,True,False,False,False
exness_native-S03,141,2024-08-28 14:00:00+00:00,2024-08-28 13:45:00+00:00,13,Wednesday,2,2024,2024-08,SHORT,59833.48,59886.72,59332.55,59370.7,59774.10695738344,59797.75924431922,-23.652286935779557,0.09160633329286244,1.5624126449618168,1.654018978254679,39.46449920946645,10.535500790533547,27.073573480915314,17.61459382752484,26.341081857915317,8.726488030390477,258.1948876849374,0.43488604258487334,55.451388888888886,2024-08-28 12:00:00+00:00,59978.44,61318.869052696755,61789.82671892631,-99.64664043729135,0.1612670656782558,67.08333333333333,0,both,True,True,0.4361551989905318,0.34454886569766935,60193.48,59715.5,83.50867062453896,0.06884169117778714,2.1463244488257445,2.6463244488257676,0.34775660487340526,59280.91102246301,59964.178466305486,4.68209227299062,0.18456551481105313,6.6117554266406,2024-08-28 14:00:00+00:00,2024-08-28 14:00:00+00:00,59280.91102246301,59964.178466305486,57231.108690935594,0.0386173061318281,26.38594804877644,-26.38594804877644,-1.0,1,Stop loss,False,0.0,683.2674438424729,0.0,26.38594804877644,0.0,1.0,0,1,True,False,False,False,False,False,False,False,False
exness_native-S03,142,2024-08-28 14:45:00+00:00,2024-08-28 14:30:00+00:00,14,Wednesday,2,2024,2024-08,SHORT,59611.64,59690.97,59241.02,59249.72,59713.023606596806,59769.72604605251,-56.7024394557011,0.18124766059761255,1.4809361933662708,1.6621838539638834,40.03804110177728,9.961958898222719,27.90170344243751,11.639568707896464,27.315852913869506,15.676284205973042,312.8450831792308,0.5280110744476612,71.49305555555556,2024-08-28 13:00:00+00:00,59370.7,61242.470266316486,61765.75580630018,-97.68617635333794,0.15815588278347248,66.66666666666666,0,both,False,False,0.0,0.2517413579020059,60038.86,59205.78,80.43560395599394,0.019335481720200647,1.438251787202375,1.9382517872023717,0.2278092911405008,59178.45098336415,59784.82352495377,4.756839059160479,0.17786351155206773,6.904752043492972,2024-08-28 14:45:00+00:00,2024-08-28 19:00:00+00:00,59178.45098336415,59784.82352495377,57359.33335859529,0.04340563164297659,26.319983178654496,-26.319983178654493,-0.9999999999999999,18,Stop loss,False,1296.6909833641475,606.3725415896188,56.28369117867327,26.319983178654493,2.138439481386878,1.0,7,18,True,True,True,True,True,True,True,False,False
exness_native-S03,143,2024-08-31 16:45:00+00:00,2024-08-31 16:30:00+00:00,16,Saturday,5,2024,2024-08,SHORT,59037.05,59092.94,59007.58,59013.28,59107.37431146707,59137.76931920466,-30.39500773758482,0.30689737965522934,0.9500671254641523,1.2569645051193816,40.86842488025071,9.131575119749293,27.39909988671759,13.243450449779937,25.86385444936384,12.620403999583901,99.03964566830379,0.16782603113791303,1.7013888888888888,2024-08-31 15:00:00+00:00,59068.66,59338.02235842587,60486.31156309888,-69.30264951509889,0.11457575726501834,51.11111111111111,4,both,False,False,0.0,0.45264014125003954,59181.74,58995.96,27.846766635431013,0.06677600749762243,0.8618770738122584,1.3618770738122814,0.2575527099429255,58987.77207086634,59122.651893700495,1.6943790183704577,0.13270577412626813,9.147271708846507,2024-08-31 16:45:00+00:00,2024-08-31 18:00:00+00:00,58987.77207086634,59122.651893700495,58583.132602363876,0.178031360053177,26.25418322070786,-24.01283830289613,-0.9146290364865026,6,Stop loss,False,216.92207086634153,134.87982283415477,38.61893130188642,24.01283830289613,1.6082618312233705,1.0,5,6,True,True,True,True,True,True,False,False,False
exness_native-S03,144,2024-08-31 19:00:00+00:00,2024-08-31 18:45:00+00:00,18,Saturday,5,2024,2024-08,SHORT,59047.03,59063.08,58909.58,58970.52,59061.00447681423,59103.933516893114,-42.92904007888137,0.34612284218243705,0.7295468109882361,1.075669653170673,42.651545155912835,7.348454844087165,34.77040998582493,11.67616371251335,29.085968199471424,17.409804486958073,124.02833574403046,0.210322608218531,6.840277777777779,2024-08-31 17:00:00+00:00,59047.12,59314.74205404864,60457.57502562508,-71.2584085405615,0.11786514512095211,53.05555555555556,0,both,True,False,0.016734266192628217,0.32938857598980886,59184.49,58770.85,49.843648208470384,0.39700325732895797,1.2376204121354424,1.7376204121354601,0.6913393349545969,58884.77433285119,59100.28850072321,1.4214449582109023,0.08100778163662055,14.178217198670916,2024-08-31 19:00:00+00:00,2024-08-31 21:30:00+00:00,58884.77433285119,59100.28850072321,58238.23182923514,0.12154259454768632,26.19415112495062,-26.19415112495062,-1.0,11,Stop loss,False,63.82433285119623,215.51416787201742,7.75737501000952,26.19415112495062,0.29614912783412994,1.0,5,11,True,True,False,False,False,False,False,False,False
exness_native-S03,145,2024-09-01 08:45:00+00:00,2024-09-01 08:30:00+00:00,8,Sunday,6,2024,2024-09,SHORT,58362.04,58374.28,58247.89,58284.1,58371.8315066223,58584.85036625111,-213.01885962880624,1.301961962180173,0.5362111350423768,1.8381730972225498,43.279586266546936,6.720413733453064,38.38441115562008,18.3596083244617,27.507672990251127,9.148064665789427,163.61373512948103,0.2807176144600003,23.47222222222222,2024-09-01 07:00:00+00:00,58512.27,59047.13542447705,60231.1390844951,-96.13623250566889,0.15961217730052293,65.69444444444444,0,EMA20,True,False,0.014965084537436753,1.2869968776427363,58541.7,58167.26,61.666271065751,0.28649418466650284,0.7724901573818151,1.2724901573817957,0.42131393780199383,58215.167252974104,58423.36412053884,1.3826339604712876,0.15034793758734463,8.121950575562328,2024-09-01 09:00:00+00:00,2024-09-01 09:30:00+00:00,58215.167252974104,58423.36412053884,57590.576650279894,0.12549980243585457,26.128665747138243,-26.12866574713824,-0.9999999999999999,3,Stop loss,False,40.27725297410507,208.19686756473675,5.054787290909122,26.12866574713824,0.19345753586605358,1.0,1,3,True,False,False,False,False,False,False,False,False
exness_native-S03,146,2024-09-01 10:00:00+00:00,2024-09-01 09:45:00+00:00,9,Sunday,6,2024,2024-09,SHORT,58373.0,58389.43,58232.09,58250.88,58340.27866252474,58531.53897936445,-191.26031683971087,1.2715791971136918,0.5943599874485116,1.8659391845622033,43.339710738719425,6.660289261280575,31.444833329815367,20.931404038166434,26.676742733525106,5.745338695358672,150.41164346966767,0.2582135127738288,17.53472222222222,2024-09-01 08:00:00+00:00,58278.02,59016.97403528187,60211.705063753856,-97.97288690859568,0.16271402180831654,66.52777777777777,0,EMA20,True,False,0.32677880742107046,0.9448003896926213,58444.29,58174.89,77.61535528155567,0.11942290580907856,1.0460626343181558,1.5460626343181387,0.32492383944857656,58202.00767130606,58434.5534930409,1.3902995774496492,0.1261334260749855,8.1111257788573,2024-09-01 10:00:00+00:00,2024-09-01 14:00:00+00:00,58202.00767130606,57504.37020610156,57504.37020610156,0.11207831595654143,26.0633440827704,78.1900322483112,3.0,17,Take profit,False,697.6374652045051,161.35232869393803,78.1900322483112,18.08409727568291,3.0,0.6938517643113072,17,9,True,True,True,True,True,True,True,True,True
exness_native-S03,147,2024-09-01 15:30:00+00:00,2024-09-01 15:15:00+00:00,15,Sunday,6,2024,2024-09,SHORT,57986.06,58033.41,57887.78,57887.78,58009.6181085865,58218.526530673225,-208.90842208672257,0.773254036070253,0.4509718098994137,1.2242258459696667,45.27689543299933,4.723104567000668,25.89665778593346,12.031110675199004,20.903052907294498,8.871942232095494,270.1679038733688,0.4667097336836355,62.638888888888886,2024-09-01 14:00:00+00:00,57913.89,58822.718473527755,60089.3008129813,-102.89355362077185,0.1712343998493379,67.77777777777779,0,EMA20,True,False,0.08806335272398706,0.685190683346266,58206.32,57187.73,67.4860948980263,0.0,0.5390351626234008,1.0390351626234047,0.2000000000000016,57833.746419225325,58114.460371162015,2.0226509670541124,0.15400449644317188,7.885116842582863,2024-09-01 15:30:00+00:00,2024-09-01 15:30:00+00:00,57833.746419225325,58114.460371162015,56991.604563415254,0.09354297847409226,26.258819163391177,-26.258819163391177,-1.0,1,Stop loss,False,0.0,280.71395193669014,0.0,26.258819163391177,0.0,1.0,0,1,True,False,False,False,False,False,False,False,False
exness_native-S03,148,2024-09-03 18:00:00+00:00,2024-09-03 17:45:00+00:00,17,Tuesday,1,2024,2024-09,SHORT,57916.07,58005.38,57696.3,57710.43,58055.09344867525,58459.73464802481,-404.6411993495567,1.6595414697693898,1.4135567191619454,3.073098188931335,36.466692049483484,13.533307950516516,34.089798272123225,16.320451934158733,23.82484540915062,7.504393474991886,243.8271093073593,0.42250094013744016,57.11805555555556,2024-09-03 16:00:00+00:00,57715.28,58622.72275642666,59461.42760077294,-68.0430798372181,0.1144323010440698,54.02777777777777,0,EMA20,False,False,0.0,1.8634295805560694,58118.51,57662.15,66.53293645658182,0.04571631939950056,1.2676195066167963,1.7676195066167901,0.25795089824152234,57647.53457813853,58078.528132792206,2.3968571366154214,0.08769562475248928,7.958241377818156,2024-09-03 18:00:00+00:00,2024-09-03 18:30:00+00:00,57647.53457813853,58078.528132792206,56354.553914177515,0.060773929987260195,26.1931721154827,-26.1931721154827,-1.0,3,Stop loss,False,51.174578138532524,430.9935546536726,3.110080228918752,26.1931721154827,0.11873629567303891,1.0,1,3,True,False,False,False,False,False,False,False,False
exness_native-S03,149,2024-09-04 10:00:00+00:00,2024-09-04 09:45:00+00:00,9,Wednesday,2,2024,2024-09,SHORT,56810.66,56863.88,56633.98,56659.94,56735.06442350502,57007.93758106462,-272.873157559603,1.3805806056893823,0.3800862020734642,1.7606668077628467,45.84756085177284,4.15243914822716,31.04215343688875,14.735231331192576,20.94193974853365,6.206708417341073,197.6510146782381,0.3488373172972617,40.79861111111111,2024-09-04 08:00:00+00:00,56833.33,57923.17054319661,59129.942010133185,-129.7641764520813,0.21945595081057817,84.58333333333333,0,EMA20,True,False,0.6517324320579869,0.7288481736313955,56961.77,56694.77,65.55893866898869,0.1129186602870804,1.163161243438366,1.663161243438367,0.33134260930690784,56594.44979706436,56923.17530440347,3.2014687053014406,0.17782795710856067,5.920574741939595,2024-09-04 10:00:00+00:00,2024-09-04 14:30:00+00:00,56594.44979706436,56923.17530440347,55608.27327504702,0.07948178222215246,26.12768918519399,-26.127689185193994,-1.0000000000000002,19,Stop loss,False,386.7297970643558,328.7255073391134,30.737973509086345,26.127689185193994,1.1764520502067555,1.0,17,19,True,True,True,True,True,False,False,False,False
exness_native-S03,150,2024-09-05 08:30:00+00:00,2024-09-05 08:15:00+00:00,8,Thursday,3,2024,2024-09,SHORT,57189.41,57234.16,57163.77,57168.94,57253.02514468488,57453.8117088426,-200.78656415772275,1.1642458812598007,0.4875614251638932,1.6518073064236938,42.114042560961295,7.885957439038705,32.824221952645786,19.071343009654644,28.921096217415002,9.849753207760358,172.46061797569493,0.30166838492316794,29.65277777777778,2024-09-05 07:00:00+00:00,57186.33,57695.96074771074,58800.717209934715,-84.05836123596237,0.14295465297787258,67.77777777777779,0,EMA20,False,False,0.0,1.2736340123375467,57290.67,56861.92,29.08083534592871,0.07344793294509218,0.40815115257169515,0.9081511525716972,0.2299778584855572,57129.277876404856,57285.89818539271,2.522836898754244,0.027413014213390846,8.760461052177268,2024-09-05 08:30:00+00:00,2024-09-05 09:30:00+00:00,57129.277876404856,56659.41694944129,56659.41694944129,0.1664047921413057,26.062369962231006,78.18710988669302,3.0,5,Take profit,False,469.86092696356354,0.0,78.18710988669302,0.0,3.0,0.0,5,0,True,True,True,True,True,True,True,True,True
exness_native-S03,151,2024-09-05 15:00:00+00:00,2024-09-05 14:45:00+00:00,14,Thursday,3,2024,2024-09,SHORT,57032.36,57034.07,56490.35,56579.62,56844.08481961677,57036.86758015509,-192.78276053832087,0.6240988252276041,0.8561563429010404,1.4802551681286444,41.12283128857324,8.877168711426762,35.33068639142245,15.417658849846386,21.997829070669756,6.580170220823369,308.8978103235725,0.5459524300862616,80.625,2024-09-05 13:00:00+00:00,57050.5,57513.346503593995,58686.57694237599,-96.42626546981774,0.16430718998059493,75.41666666666667,0,EMA50,True,False,0.6150421726337822,0.009056652593821853,57349.61,56581.79,83.26712278378523,0.16418377105864027,1.7601937657973388,2.2601937657973368,0.48899525026252005,56428.57043793528,57126.73934309707,2.3843420895616685,0.1001631280793793,9.919538295714489,2024-09-05 15:00:00+00:00,2024-09-06 15:15:00+00:00,56428.57043793528,54334.06372244992,54334.06372244992,0.03760957777239163,26.257837736947735,78.7735132108432,3.0,98,Take profit,False,2094.5067154853605,615.5495620647198,78.7735132108432,23.150559127234686,3.0,0.8816628147053877,98,90,True,True,True,True,True,True,True,True,True
exness_native-S03,152,2024-09-08 15:00:00+00:00,2024-09-08 14:45:00+00:00,14,Sunday,6,2024,2024-09,SHORT,54239.96,54294.72,54153.74,54162.07,54359.01915635922,54399.35978632955,-40.34062997032743,0.2754673929188699,1.344874154909135,1.620341547828005,38.55577326225649,11.444226737743513,26.95629265083647,16.388900058616326,24.272809737587647,7.883909678971321,146.44430160272532,0.2703816556544558,23.819444444444443,2024-09-08 13:00:00+00:00,54408.03,54668.74600630057,56676.08164496757,-113.16261302457133,0.19966555509861955,82.5,2,both,False,False,0.0,0.7145364154449444,54467.97,54063.11,55.2489714853154,0.05908639523337748,0.96268682671214,1.4626868267121276,0.2568816943290646,54124.451139679455,54338.65329048082,1.5308460472770837,0.08179057445267505,12.233833429148952,2024-09-08 15:00:00+00:00,2024-09-08 17:30:00+00:00,54124.451139679455,54338.65329048082,53481.84468727536,0.12350376231519322,26.45477151997484,-26.45477151997484,-1.0,11,Stop loss,False,472.9611396794571,214.20215080136404,58.412480179294576,26.45477151997484,2.2080130283941357,1.0,5,11,True,True,True,True,True,True,True,False,False
exness_native-S03,153,2024-09-12 08:00:00+00:00,2024-09-12 07:45:00+00:00,7,Thursday,3,2024,2024-09,LONG,58063.14,58178.27,57997.56,58165.34,58061.70121670492,57844.09689215142,217.60432455349655,1.150297000559761,0.5478539170147958,1.6981509175745568,56.842881473266054,6.842881473266054,24.065266248675137,18.00765212965196,12.897579350821264,5.110072778830695,189.1722958919351,0.3252319953634503,39.65277777777778,2024-09-12 06:00:00+00:00,57987.19,57121.63223309617,56691.362177684656,72.02622378634987,0.12704973212780105,58.88888888888889,0,EMA20,True,False,0.3390624213894458,0.8112345791703153,58190.37,57880.48,56.554700901996334,0.9284488960212476,0.9552667273395568,1.4552667273395743,0.2683503889353299,58216.10445917839,57940.80831123242,2.8964290508306583,0.1278470179576978,7.955888652419585,2024-09-12 08:00:00+00:00,2024-09-12 11:00:00+00:00,58216.10445917839,57940.80831123242,59041.9929030163,0.09585544435715815,26.388634591174906,-26.388634591174906,-1.0,13,Stop loss,False,187.99554082161194,275.29614794597,18.020396102619877,26.388634591174906,0.6828847487488572,1.0,3,13,True,True,True,False,False,False,False,False,False
exness_native-S03,154,2024-09-12 14:30:00+00:00,2024-09-12 14:15:00+00:00,14,Thursday,3,2024,2024-09,LONG,57987.13,58292.64,57900.38,58258.69,57966.077456807725,57947.23344935158,18.844007456144027,0.08438737147687989,1.3103796227330753,1.3947669942099552,59.84705587659134,9.847055876591341,19.978233532708472,26.712983012242415,20.755717430300596,5.957265581941819,223.3036427886231,0.3832967112522151,59.96527777777778,2024-09-12 13:00:00+00:00,57636.99,57326.940274941815,56778.03080673574,56.94396040793072,0.100292242613626,44.166666666666664,0,both,True,True,0.29420682971086193,0.20981945823398204,57987.13,57352.61,69.2295926171426,0.9134502625809491,1.7566215897844142,2.2566215897844195,0.3520351373404854,58337.300728557726,57833.38890716341,2.520147806553075,0.2279761869641918,7.293990657573556,2024-09-12 14:30:00+00:00,2024-09-12 14:45:00+00:00,58337.300728557726,57833.38890716341,59849.03619274067,0.05223664515720756,26.32266300469697,-26.32266300469697,-1.0,2,Stop loss,False,267.37927144227433,503.91182139431476,13.966996124722764,26.32266300469697,0.5306072612117747,1.0,1,2,True,True,True,False,False,False,False,False,False
exness_native-S03,155,2024-09-13 15:00:00+00:00,2024-09-13 14:45:00+00:00,14,Friday,4,2024,2024-09,LONG,58348.69,58619.57,58272.09,58501.04,58115.19450343199,58074.18656857112,41.00793486087059,0.18083206370184887,1.7014569899991627,1.8822890537010115,63.191278552351235,13.191278552351235,18.58186299181253,27.243418253541364,18.541682492766014,8.70173576077535,226.77358219216802,0.3876402576640826,61.979166666666664,2024-09-13 13:00:00+00:00,58086.73,57772.818686814535,57049.27017088831,52.81272304473532,0.09257388023814744,39.58333333333333,0,both,False,False,0.0,0.8726917373522666,58391.12,57713.77,43.844250028777815,0.6588868424082026,1.532277246057473,2.0322772460574705,0.7226799297087398,58664.924716438436,58204.05792534235,1.9492959119416595,0.10614497212511481,14.347038561707127,2024-09-13 15:15:00+00:00,2024-09-13 21:00:00+00:00,58664.924716438436,60047.525089726696,60047.525089726696,0.05697276708685852,26.256856347185227,78.77056904155569,3.0000000000000004,24,Take profit,False,1382.60037328826,0.0,78.77056904155569,0.0,3.0,0.0,24,0,True,True,True,True,True,True,True,True,True
exness_native-S03,156,2024-09-15 14:00:00+00:00,2024-09-15 13:45:00+00:00,13,Sunday,6,2024,2024-09,LONG,60189.38,60200.3,60122.8,60193.92,60102.017881897526,60094.666230291936,7.351651605589723,0.08142324442925349,1.0178622474620793,1.0992854918913328,60.72714240175771,10.72714240175771,28.68861346764679,27.010640245802993,19.171759467971732,7.83888077783126,90.2893474353921,0.14999745395447264,2.118055555555556,2024-09-15 12:00:00+00:00,60119.09,59702.67257919194,58165.14601449396,96.71794988089823,0.1662816248355973,66.38888888888889,3,both,False,False,0.0,0.31159567000081223,60364.43,59994.48,5.858064516130159,0.9176774193547786,0.8583515353841303,1.3583515353841265,0.27066171349360807,60218.35786948708,60095.713195769385,0.9361040440768593,0.10519220814030217,9.589005929839098,2024-09-15 14:00:00+00:00,2024-09-15 14:00:00+00:00,60218.35786948708,60095.713195769385,60586.29189064017,0.1757190578137194,26.453782769789115,-21.551006511544525,-0.8146663446619179,1,Stop loss,False,0.0,122.6446737176957,0.0,21.551006511544525,0.0,1.0,0,1,True,False,False,False,False,False,False,False,False
exness_native-S03,157,2024-09-15 15:00:00+00:00,2024-09-15 14:45:00+00:00,14,Sunday,6,2024,2024-09,LONG,60152.05,60295.23,60122.31,60282.0,60118.32546781828,60102.202605417515,16.12286240076355,0.14078011122147743,1.4291580658515586,1.569938177073036,63.26846705991086,13.268467059910861,23.471954253049038,28.275072575223096,23.90631115714115,4.368761418081945,114.52514322423582,0.18998232179462496,8.472222222222223,2024-09-15 13:00:00+00:00,60193.92,59721.937183929505,58185.33282031989,96.84831853879587,0.16644799272330332,66.52777777777777,0,both,False,False,0.0,0.17557187894638393,60242.61,59879.08,75.15035854730102,0.9234906315058826,1.5098867823411914,2.009886782341195,0.31552048421454093,60318.13502864485,60087.95245703273,0.931304777570381,0.08939337166483681,9.694544335889882,2024-09-15 15:00:00+00:00,2024-09-15 16:15:00+00:00,60318.13502864485,60087.95245703273,61008.68274348122,0.11469115610540755,26.39990525351025,-26.39990525351025,-1.0,6,Stop loss,False,97.83497135515063,230.18257161212387,11.220805972261656,26.39990525351025,0.4250320546423055,1.0,1,6,True,True,False,False,False,False,False,False,False
exness_native-S03,158,2024-09-19 07:30:00+00:00,2024-09-19 07:15:00+00:00,7,Thursday,3,2024,2024-09,LONG,62006.33,62149.9,61986.69,62112.75,61989.75381633061,61539.020468317496,450.73334801311285,2.232136668648643,0.6091057892266359,2.841242457875279,58.19797759123567,8.19797759123567,22.88876953479505,22.5528054444673,17.322091797324237,5.230713647143062,201.9290997472799,0.32510088467710724,44.44444444444444,2024-09-19 06:00:00+00:00,62062.03,60426.55767305653,59139.279601586415,152.49223779371096,0.25785271450892067,92.22222222222223,0,EMA20,True,False,0.01517273307532741,2.216963935573315,62200.73,61834.13,65.20433796948645,0.7723791434348284,0.808253987187885,1.3082539871878984,0.383975464885927,62190.28581994946,61926.11127007582,2.6051836806174165,0.1356899361487517,7.766929170441602,2024-09-19 07:45:00+00:00,2024-09-19 08:45:00+00:00,62190.28581994946,61926.11127007582,62982.809469570384,0.09968373373957609,26.333905490376473,-26.333905490376473,-1.0,5,Stop loss,False,49.56418005054002,264.1745498736418,4.94074252717844,26.333905490376473,0.18761905745366925,1.0,3,5,True,False,False,False,False,False,False,False,False
exness_native-S03,159,2024-09-19 09:15:00+00:00,2024-09-19 09:00:00+00:00,9,Thursday,3,2024,2024-09,LONG,61962.37,62205.77,61915.43,62147.87,62036.84812855444,61672.911103887636,363.93702466680406,1.9179998833451166,0.5851010533382754,2.503100936683392,57.47461500017414,7.47461500017414,18.127867917247155,22.79067873090016,17.350172467904052,5.440506262996109,189.74819958386766,0.305317301435862,38.19444444444444,2024-09-19 08:00:00+00:00,61962.37,60551.08288850778,59196.862506433594,146.76959503152466,0.24793475332509987,90.13888888888889,0,EMA20,True,False,0.6398908069785079,1.2781090763666088,62239.85,61906.08,63.89061100778475,0.8005786319487674,1.530133095527306,2.0301330955273262,0.5051412352105384,62243.71963991677,61858.50554012484,2.577643437074516,0.17147235237704922,7.794538527655808,2024-09-19 09:30:00+00:00,2024-09-19 13:15:00+00:00,62243.71963991677,63399.361939292576,63399.361939292576,0.06819083398255338,26.26807072665053,78.80421217995159,3.0,16,Take profit,False,1155.6422993758024,0.0,78.80421217995159,0.0,3.0,0.0,16,0,True,True,True,True,True,True,True,True,True
exness_native-S03,160,2024-09-19 14:15:00+00:00,2024-09-19 14:00:00+00:00,14,Thursday,3,2024,2024-09,LONG,63082.24,63473.23,63033.39,63320.29,62798.15813997517,62303.68949890195,494.46864107321744,1.7683959486043703,1.8673294708864254,3.6357254194907958,67.78880434884172,17.788804348841722,38.91555444527957,36.02947218001023,14.455639800432582,21.57383237957765,279.6142127917989,0.4415870691555564,77.01388888888889,2024-09-19 13:00:00+00:00,63082.0,60940.415785251134,59367.0182881619,170.15578172830283,0.28661668824663344,95.55555555555556,0,EMA20,False,False,0.0,2.6096688498498684,63407.38,62737.56,54.12195343761388,0.6522826482357198,1.573024474000931,2.0730244740009316,0.7469679043599934,63529.15284255836,62949.50573616246,2.6603916685075784,0.2891627433994952,6.519292544623311,2024-09-19 14:30:00+00:00,2024-09-19 14:45:00+00:00,63529.15284255836,62949.50573616246,65268.09416174607,0.04565723000267089,26.465081257100408,-26.465081257100408,-1.0,2,Stop loss,False,34.727157441637246,579.6471063959034,1.5855458146517958,26.465081257100408,0.05991086138178413,1.0,1,2,True,False,False,False,False,False,False,False,False
exness_native-S03,161,2024-09-24 13:45:00+00:00,2024-09-24 13:30:00+00:00,13,Tuesday,1,2024,2024-09,LONG,63453.86,63662.46,63390.51,63618.21,63511.781047642995,63429.616458778146,82.16458886484907,0.5309935539892733,0.6878034496388458,1.218797003628119,56.83211753645956,6.832117536459563,19.131537551239603,22.837460667693986,15.170891872434726,7.666568795259259,154.7374506668849,0.2432282371146326,20.104166666666668,2024-09-24 12:00:00+00:00,63442.27,63299.005854188756,62059.66770357065,77.12769420895347,0.12427990200875,39.861111111111114,0,EMA20,True,True,0.7837213752736714,0.25272782128439814,63665.56,63399.14,60.43390329104626,0.8372862658576927,1.7574930879884054,2.257493087988408,0.4859682630758703,63693.40749013337,63344.08876479993,1.7039767309780869,0.040698669457171516,14.051665421369265,2024-09-24 13:45:00+00:00,2024-09-24 14:00:00+00:00,63693.40749013337,63344.08876479993,64741.36366613369,0.07557258354460884,26.39891855395766,-26.39891855395766,-1.0,2,Stop loss,False,85.02250986662693,349.31872533343994,6.425370730067994,26.39891855395766,0.2433952253360287,1.0,1,2,True,False,False,False,False,False,False,False,False
exness_native-S03,162,2024-09-26 10:15:00+00:00,2024-09-26 10:00:00+00:00,10,Thursday,3,2024,2024-09,LONG,63801.13,63958.2,63761.15,63936.9,63723.49161652703,63577.4242007976,146.0674157294343,1.015582165073119,1.4837925833759857,2.4993747484491045,63.14366689964289,13.143666899642888,25.84023778227591,29.759174283991822,14.179843159732389,15.579331124259433,143.82629072549523,0.22495036626032108,16.5625,2024-09-26 09:00:00+00:00,63801.13,63566.046586502816,62646.3290408192,56.12487001186673,0.08959003802967735,23.194444444444446,2,EMA20,False,False,0.0,1.2774145691698244,63978.12,63585.85,68.90129408779858,0.891905607713798,1.3700554954593274,1.8700554954593354,0.34809531618003037,63986.965258145094,63718.00211278235,1.5941665818251933,0.03762822001648786,11.55903895361197,2024-09-26 10:15:00+00:00,2024-09-26 14:00:00+00:00,63986.965258145094,64793.85469423333,64793.85469423333,0.0979053142097151,26.332921257572767,78.9987637727183,3.0,16,Take profit,False,806.8894360882332,0.0,78.9987637727183,0.0,3.0,0.0,16,0,True,True,True,True,True,True,True,True,True
exness_native-S03,163,2024-09-26 15:15:00+00:00,2024-09-26 15:00:00+00:00,15,Thursday,3,2024,2024-09,LONG,64458.0,64744.68,64334.98,64716.85,64430.80688368193,64088.55597081529,342.25091286664247,1.1722116957662867,0.97969961170601,2.1519113074722966,62.69716390623467,12.697163906234671,42.98351794607437,25.867308661794073,12.630613892788961,13.236694769005112,291.9702252611544,0.4511502418012533,81.52777777777777,2024-09-26 14:00:00+00:00,64458.0,63723.75323856613,62733.56272404996,87.23368323076284,0.13905424694988724,49.02777777777778,4,EMA20,True,False,0.3282077259631979,0.8440039698030887,65251.17,64208.82,63.18037588479385,0.9320722479863267,1.403225276253901,1.9032252762538866,0.2953179385846824,64803.07404505223,64247.38893242166,1.761458322245884,0.10158950209257799,6.916872008492133,2024-09-26 15:15:00+00:00,2024-09-27 14:30:00+00:00,64803.07404505223,66470.12938294394,66470.12938294394,0.04774361875813377,26.530418167004562,79.5912545010137,3.0000000000000004,94,Take profit,False,1667.0553378917102,151.42404505222657,79.5912545010137,7.229531877787978,3.0,0.2724997334108825,94,24,True,True,True,True,True,True,True,True,True
exness_native-S03,164,2024-09-27 16:45:00+00:00,2024-09-27 16:30:00+00:00,16,Friday,4,2024,2024-09,LONG,66102.8,66304.64,66050.54,66204.11,65998.21088271766,65718.03195139699,280.1789313206682,1.1927385565857351,0.8765249220989666,2.0692634786847015,60.67954574125523,10.679545741255232,27.63939027715296,26.34091192285095,18.038907130057567,8.302004792793383,234.90389387821278,0.354817690137686,59.27083333333333,2024-09-27 15:00:00+00:00,66041.7,64821.10495813585,63322.55144195282,129.45033103316382,0.20443006177953793,82.22222222222221,0,EMA20,False,False,0.0,1.4155067551813179,66455.02,65899.81,39.87012987012804,0.6043683589138271,1.0817189779397414,1.581718977939752,0.6279622544363618,66351.62077877564,65980.06883183653,1.8602862744582491,0.08143152247295644,10.644904783922405,2024-09-27 16:45:00+00:00,2024-09-27 17:15:00+00:00,66351.62077877564,65980.06883183653,67466.27661959299,0.0719398633850711,26.7293963032571,-26.7293963032571,-1.0,3,Stop loss,False,49.41922122435062,371.5519469391147,3.55521202347639,26.7293963032571,0.13300756901281646,1.0,1,3,True,False,False,False,False,False,False,False,False
exness_native-S03,165,2024-10-01 19:15:00+00:00,2024-10-01 19:00:00+00:00,19,Tuesday,1,2024,2024-10,SHORT,61948.62,61948.62,61715.11,61742.39,62284.55303549628,62829.94510183998,-545.3920663436948,1.491647452363691,1.4828160521025264,2.9744635044662173,36.635716024437926,13.364283975562074,45.27848823948213,12.922496498096821,32.85132541099467,19.92882891289785,365.63067598812097,0.592187435549743,97.08333333333333,2024-10-01 18:00:00+00:00,61948.62,63840.59610273125,64113.92475654323,-92.04024180096167,0.1435573350882226,52.5,1,EMA20,False,False,0.0,2.410424397400968,62400.08,61711.02,88.31741681298504,0.11682583187014944,0.6386499146138072,1.1386499146137945,0.27461080754854894,61641.98386480238,62058.30920279644,2.672762830218904,0.13335806043515783,7.365836745908172,2024-10-01 19:15:00+00:00,2024-10-01 19:30:00+00:00,61641.98386480238,62058.30920279644,60393.007850820206,0.0640426377624883,26.662572812498958,-26.662572812498958,-1.0,2,Stop loss,False,77.34386480238027,416.3253379940579,4.953305116689708,26.662572812498958,0.1857774623448073,1.0,1,2,True,False,False,False,False,False,False,False,False
exness_native-S03,166,2024-10-01 19:45:00+00:00,2024-10-01 19:30:00+00:00,19,Tuesday,1,2024,2024-10,SHORT,62011.64,62076.98,61781.05,61848.05,62219.46500184616,62760.60746232902,-541.1424604828571,1.467624494462266,1.007309154476224,2.47493364893849,40.06278268355836,9.93721731644164,45.421170026354105,11.534658196967808,30.795263854242954,19.260605657275146,368.7199706224107,0.5961707291053003,97.1875,2024-10-01 18:00:00+00:00,61948.62,63840.59610273125,64113.92475654323,-92.04024180096167,0.1435573350882226,52.5,3,EMA20,False,False,0.0,1.8540559687478584,62400.08,61564.64,55.279964856552674,0.22640489304903164,0.8025873930844085,1.3025873930844014,0.3817097128937738,61707.30600587552,62187.595991186725,2.7177762777798535,0.1274507725894992,7.523252390982945,2024-10-01 19:45:00+00:00,2024-10-01 20:30:00+00:00,61707.30600587552,60266.43604994191,60266.43604994191,0.055374705269432035,26.59591638046771,79.78774914140313,3.0,4,Take profit,False,1440.8699559336092,36.13399412448052,79.78774914140313,2.000909274850498,3.0,0.07523370303269505,4,2,True,True,True,True,True,True,True,True,True
exness_native-S03,167,2024-10-02 11:45:00+00:00,2024-10-02 11:30:00+00:00,11,Wednesday,2,2024,2024-10,SHORT,61268.5,61338.85,61177.22,61228.11,61411.66807164844,61530.572799022666,-118.90472737422533,0.5264813214645278,0.8127506640068172,1.339231985471345,41.92929247927012,8.070707520729883,19.964565985843805,15.336395032525207,29.223216412313985,13.886821379788778,225.84795039540003,0.3688631747662961,67.98611111111111,2024-10-02 10:00:00+00:00,61167.54,62676.55568789295,63706.6878573287,-112.75658547553758,0.17699332561136477,65.55555555555556,3,EMA20,False,False,0.0,0.8489020984561141,61529.71,60846.36,24.989172802078865,0.3148549155478577,0.7156584760544694,1.2156584760544702,0.4253285890392388,61132.05040992092,61406.60438511862,3.000311390319299,0.18432808865386566,7.450708030833993,2024-10-02 11:45:00+00:00,2024-10-02 13:45:00+00:00,61132.05040992092,61406.60438511862,60308.38848432783,0.09759605823964747,26.79538575332122,-26.79538575332122,-1.0,9,Stop loss,False,636.1304099209228,274.5539751976976,62.0838205346532,26.79538575332122,2.316959386448022,1.0,8,9,True,True,True,True,True,True,True,False,False
exness_native-S03,168,2024-10-02 19:00:00+00:00,2024-10-02 18:45:00+00:00,18,Wednesday,2,2024,2024-10,SHORT,61206.4,61217.65,60732.0,60743.19,61392.65523396705,61429.584946430004,-36.92971246295201,0.10769436817892893,1.8939694723166196,2.0016638404955485,36.38033405470947,13.619665945290528,23.757798117001546,12.37840868785706,33.98944716798349,21.61103848012643,342.9121976145967,0.5645278056924516,95.76388888888889,2024-10-02 17:00:00+00:00,61607.08,62361.242725956836,63548.615688206824,-103.62579685726087,0.1630653881835721,58.611111111111114,2,both,False,False,0.0,0.6180443504322333,61679.02,60812.06,95.37938844847066,0.023041284875944187,1.4162517500932688,1.9162517500932708,0.2326322600299585,60663.41756047708,61320.52365928438,2.9735964343009647,0.08960925716265242,11.784639933151432,2024-10-02 19:00:00+00:00,2024-10-03 03:15:00+00:00,60663.41756047708,61320.52365928438,58692.09926405518,0.04067592332113805,26.728397288937916,-26.728397288937916,-1.0,34,Stop loss,False,720.2275604770766,657.1060988073004,29.295921023735886,26.728397288937916,1.0960597714499174,1.0,4,34,True,True,True,True,True,False,False,False,False
exness_native-S03,169,2024-10-03 11:30:00+00:00,2024-10-03 11:15:00+00:00,11,Thursday,3,2024,2024-10,SHORT,60966.64,60969.35,60643.5,60687.74,60820.39058519921,60927.100188531265,-106.70960333205585,0.5078821986885269,0.6313477771878936,1.1392299758764206,43.87405638318943,6.1259436168105665,22.888801735457832,18.864898138555372,28.959757387414886,10.094859248859514,210.10699647990324,0.3462099535753074,58.40277777777778,2024-10-03 10:00:00+00:00,60996.77,61648.31186099428,63135.45961452282,-117.30920192414487,0.1858055720832365,68.19444444444444,1,EMA50,True,True,0.7089693218047457,0.20108712311621874,61044.47,60617.58,85.59152984502154,0.1357679914070835,1.5508764841687037,2.0508764841687195,0.41055938517607765,60601.47860070402,61032.38209894397,2.935719779092268,0.04545312245639121,10.46405282335248,2024-10-03 11:30:00+00:00,2024-10-03 19:45:00+00:00,60601.47860070402,61032.38209894397,59308.768105984156,0.06187365942633581,26.661576295715573,-26.661576295715573,-1.0,34,Stop loss,False,770.5086007040154,430.9034982399535,47.674186745022816,26.661576295715573,1.7881233358540733,1.0,8,34,True,True,True,True,True,True,False,False,False
exness_native-S03,170,2024-10-07 17:45:00+00:00,2024-10-07 17:30:00+00:00,17,Monday,0,2024,2024-10,LONG,63607.99,63730.06,63517.78,63730.06,63614.78186634794,63447.83467893691,166.94718741103134,0.6581735974307125,0.45447320860859913,1.1126468060393115,55.5011661955549,5.501166195554902,19.59474262345928,20.66304898776609,22.49370845440594,-1.830659466639851,253.65220978589358,0.3980103106538635,77.32638888888889,2024-10-07 16:00:00+00:00,63807.05,62805.23585851614,62586.8128354935,49.81158661491645,0.07958799043792798,28.055555555555557,4,EMA20,True,False,0.3824207422825963,0.2757528551481161,63907.16,63526.33,57.504239683437156,1.0,0.8368939508911954,1.3368939508912039,0.20000000000000911,63780.79044195718,63441.68433706423,2.10504029454465,0.11079869329829677,8.76930094235489,2024-10-07 17:45:00+00:00,2024-10-07 18:15:00+00:00,63780.79044195718,63441.68433706423,64798.10875663602,0.07842655136914159,26.594922354976283,-26.594922354976283,-1.0,3,Stop loss,False,28.049558042817807,339.10610489294777,2.1998301047267694,26.594922354976283,0.08271616947643204,1.0,1,3,True,False,False,False,False,False,False,False,False
exness_native-S03,171,2024-10-09 16:30:00+00:00,2024-10-09 16:15:00+00:00,16,Wednesday,2,2024,2024-10,SHORT,62059.86,62081.68,61693.74,61789.2,62018.17316472642,62098.803583457375,-80.6304187309579,0.37078804465162646,1.052958838151321,1.4237468828029476,40.67888523475836,9.321114765241639,29.56024337848521,17.873573305584948,33.01028369794479,15.136710392359845,217.45689995672362,0.3519335093458463,65.34722222222223,2024-10-09 15:00:00+00:00,62294.03,62389.22996765431,62522.557531652004,-27.71380264081381,0.044326086031883316,22.22222222222222,0,both,True,False,0.2920433211648929,0.07874472348673354,62394.14,61709.85,69.76852090529512,0.2460689797391312,1.7839857005098794,2.2839857005098545,0.6389835411936485,61650.24862000866,62146.917069987016,1.5765718995343827,0.07672179983421532,15.62574247558299,2024-10-09 16:30:00+00:00,2024-10-10 17:00:00+00:00,61650.24862000866,60160.24327007358,60160.24327007358,0.053412764692914894,26.528435049088845,79.58530514726654,3.0,99,Take profit,False,1490.005349935076,200.35137999134167,79.58530514726654,10.70132111537831,3.0,0.403390591852717,99,4,True,True,True,True,True,True,True,True,True
exness_native-S03,172,2024-10-12 13:45:00+00:00,2024-10-12 13:30:00+00:00,13,Saturday,5,2024,2024-10,LONG,63072.44,63104.35,63030.43,63077.28,62964.80331370669,62812.67634646668,152.12696724000853,1.2436870337264208,0.9195331957075586,2.1632202294339793,61.62660308896116,11.626603088961161,33.395924868541464,28.498244619068647,12.320090169705345,16.1781544493633,122.31933204625864,0.19391979496620437,20.59027777777778,2024-10-12 12:00:00+00:00,63073.36,62037.732004985824,62024.978146996546,46.60366821507341,0.07513693613019051,30.694444444444446,2,EMA20,False,False,0.0,1.7802063655070506,63190.98,62869.42,6.547619047614478,0.6337932900432853,0.6043198467764952,1.1043198467764994,0.42130598284954407,63128.81386640925,62993.73420038612,1.8226775697711366,0.20823484083264876,7.670992486218176,2024-10-12 13:45:00+00:00,2024-10-12 15:00:00+00:00,63128.81386640925,63534.05286447863,63534.05286447863,0.16935150005204594,26.727398311957007,68.62783220263837,2.5676959426288946,6,Take profit,False,405.23899806938425,82.67386640924815,68.62783220263837,14.000943291508626,3.0,0.6120378354732746,6,2,True,True,True,True,True,True,True,True,True
exness_native-S03,173,2024-10-12 16:00:00+00:00,2024-10-12 15:45:00+00:00,15,Saturday,5,2024,2024-10,LONG,63093.19,63199.75,63093.19,63197.34,63131.58562212241,62943.18957478755,188.39604733485612,1.1854600526928303,0.41375171807613026,1.5992117707689606,55.47193825760789,5.4719382576078885,38.135692751650836,23.991672289011763,15.357687648114327,8.633984640897436,158.92230776305394,0.25146993174563037,36.84027777777778,2024-10-12 14:00:00+00:00,63273.78,62126.468798143396,62048.05718668375,53.50789200725558,0.0862362085669606,34.583333333333336,0,EMA20,True,False,0.241599953227795,0.9438600994650354,63536.72,63085.17,97.73836336336004,0.9773836336336004,0.6705163139140533,1.1705163139140708,0.21516464261013507,63231.53446155261,63045.513307671084,1.6373974036019676,0.12963560096875296,10.624073501606771,2024-10-12 16:00:00+00:00,2024-10-12 18:15:00+00:00,63231.53446155261,63045.513307671084,63789.597923197194,0.1446016613228565,26.898967892463606,-26.898967892463602,-0.9999999999999999,10,Stop loss,False,198.25553844738897,186.02115388152743,28.668080225949897,26.898967892463602,1.0657687811873984,1.0,2,10,True,True,True,True,True,False,False,False,False
exness_native-S03,174,2024-10-14 13:45:00+00:00,2024-10-14 13:30:00+00:00,13,Monday,0,2024,2024-10,LONG,64714.93,64980.1,64626.81,64967.22,64730.513244461676,64253.00319387485,477.51005058682495,2.2337692604498276,1.1073029219228592,3.3410721823726863,63.223261325299426,13.223261325299426,47.01561298842789,24.4810938818875,12.611293144566615,11.869800737320885,213.76874462435117,0.3290409296016532,63.95833333333333,2024-10-14 12:00:00+00:00,64856.63,63243.030110457024,62490.646343777626,116.28372709026007,0.18608181206920543,80.27777777777779,0,EMA20,True,False,0.48511883551504353,1.7486504249347838,65007.78,64656.99,71.41158821364891,0.9635426986328587,1.6526737836292478,2.152673783629247,0.2602520261913516,65022.85374892487,64562.679376612694,2.345108829898631,0.21065048680682866,6.441942433224815,2024-10-14 13:45:00+00:00,2024-10-14 22:45:00+00:00,65022.85374892487,66403.3768658614,66403.3768658614,0.05830772439133172,26.831720472732446,80.49516141819734,3.0,37,Take profit,False,1380.5231169365288,0.0,80.49516141819734,0.0,3.0,0.0,37,0,True,True,True,True,True,True,True,True,True
exness_native-S03,175,2024-10-15 08:30:00+00:00,2024-10-15 08:15:00+00:00,8,Tuesday,1,2024,2024-10,LONG,65744.14,65782.22,65680.58,65749.05,65615.06001923262,65614.5296171039,0.5304021287302021,0.0031467663423857643,0.7949348972356338,0.7980816635780196,55.731058861576585,5.731058861576585,20.644773807616108,22.63454365594188,17.167600136471588,5.466943519470291,168.55465929766822,0.2563606003397284,36.84027777777778,2024-10-15 07:00:00+00:00,65627.32,64561.50273419165,63050.99918992295,124.8223455339612,0.19797044795114171,86.66666666666667,0,both,False,False,0.0,0.3918632873830142,65816.34,65514.73,4.830775285324203,0.6736521054703026,0.6030091391333345,1.103009139133312,0.39679076293832016,65815.93093185953,65630.0136022107,2.1315052243444805,0.11279710583272175,9.17320159142776,2024-10-15 08:30:00+00:00,2024-10-15 09:00:00+00:00,65815.93093185953,65630.0136022107,66373.68292080602,0.1454031123797829,27.03295837627794,-27.03295837627794,-1.0,3,Stop loss,False,15.519068140463787,185.91732964882976,2.2565208088573643,27.03295837627794,0.08347295096039192,1.0,1,3,True,False,False,False,False,False,False,False,False
exness_native-S03,176,2024-10-15 16:15:00+00:00,2024-10-15 16:00:00+00:00,16,Tuesday,1,2024,2024-10,LONG,65967.21,66431.3,65931.13,66381.18,65982.51175994838,65833.69697316465,148.81478678372514,0.310638445930447,0.8321866745099801,1.1428251204404272,55.89064490047591,5.8906449004759125,19.54375894553799,32.531054685972855,27.438199729186895,5.09285495678596,479.0610715875307,0.7216820664946462,99.6875,2024-10-15 15:00:00+00:00,65967.21,64928.536917269375,63269.229689529435,141.06572862462053,0.22296103384986496,92.22222222222223,0,EMA20,True,False,0.107255135087689,0.20338331084275796,66248.48,64756.93,82.76585960773099,0.8997940700161744,1.0440631261114914,1.5440631261115134,0.3046213165138371,66527.11221431752,65787.41167852374,3.5874485577476314,0.05140515309104089,7.631462660185598,2024-10-15 16:15:00+00:00,2024-10-18 15:30:00+00:00,66527.11221431752,68746.21382169884,68746.21382169884,0.03645444970700291,26.965375980337242,80.89612794101174,3.0000000000000004,286,Take profit,False,2219.1016073813225,418.24221431752085,80.89612794101174,15.246789767183595,3.0,0.5654209968480072,286,21,True,True,True,True,True,True,True,True,True
exness_native-S03,177,2024-10-20 11:30:00+00:00,2024-10-20 11:15:00+00:00,11,Sunday,6,2024,2024-10,LONG,68373.26,68425.35,68373.14,68411.89,68356.86047848515,68296.73700276844,60.123475716711255,1.0015171126966822,0.9166636965619523,1.9181808092586348,59.84484261648598,9.844842616485977,30.5433106823061,26.839194463033213,14.455922869465274,12.383271593567938,60.03239980076121,0.0877514125114234,0.034722222222222224,2024-10-20 10:00:00+00:00,68356.98,68128.59641746123,66430.21905330631,99.3771417610551,0.1495962879202774,55.833333333333336,0,EMA20,False,False,0.0,1.2726960355596721,68446.54,68348.68,73.9896571538018,0.742194981804161,0.8696970331568251,1.3696970331567448,0.4242122594578789,68437.35647996016,68355.13028005978,0.6630263273136248,0.05950610548423006,14.525448473091684,2024-10-20 11:30:00+00:00,2024-10-20 12:30:00+00:00,68437.35647996016,68355.13028005978,68684.0350796613,0.15878822735150502,27.167616300189774,-13.056552524032188,-0.4805924958510616,5,Stop loss,False,0.3135200398392044,82.2261999003822,0.0497832913652405,13.056552524032188,0.0038128971084524983,1.0,1,5,True,False,False,False,False,False,False,False,False
exness_native-S03,178,2024-10-20 14:00:00+00:00,2024-10-20 13:45:00+00:00,13,Sunday,6,2024,2024-10,LONG,68390.18,68468.84,68371.52,68438.83,68354.72254412682,68316.2469797183,38.475564408523496,0.4895944163729233,1.0702517663839046,1.559846182756828,59.62391453251247,9.623914532512472,25.146976474406923,26.52184977278955,20.592956984991364,5.928892787798187,78.58660785709762,0.11482751510669836,2.5,2024-10-20 12:00:00+00:00,68246.67,68143.68097590328,66467.75767802735,97.00084232764493,0.1459366852685495,54.58333333333333,0,both,False,False,0.0,0.7033389248994256,68449.13,68178.74,49.98972461982379,0.6916358405261294,1.2383789382659158,1.7383789382658257,0.5818716804084404,68484.55732157141,68347.94401764288,0.693593855006528,0.10527529833597928,14.639501629902245,2024-10-20 14:00:00+00:00,2024-10-20 15:15:00+00:00,68484.55732157141,68347.94401764288,68894.39723335701,0.15848813794015815,27.134974918879692,-21.65158815748627,-0.7979218046898489,6,Stop loss,False,268.42267842858564,136.61330392853415,42.541810485056395,21.65158815748627,1.964835566593165,1.0,2,6,True,True,True,True,True,True,False,False,False
exness_native-S03,179,2024-10-20 15:45:00+00:00,2024-10-20 15:30:00+00:00,15,Sunday,6,2024,2024-10,LONG,68454.58,68544.28,68422.07,68530.4,68459.51681129081,68377.88036729842,81.63644399239274,0.7253751651657471,0.6298278342720023,1.3552029994377495,56.914337847674574,6.914337847674574,24.82345606241409,24.29004736209253,24.529030148928598,-0.23898278683606833,112.54375378806765,0.16422456864116897,16.354166666666668,2024-10-20 14:00:00+00:00,68622.67,68173.58542988996,66508.61710075397,97.76247907271318,0.14699219940870625,55.13888888888889,0,both,True,False,0.3327311381609288,0.39264402700481826,68752.98,68330.92,62.04074952949635,0.8864250061369316,1.0858887844644565,1.5858887844643772,0.3233298120314937,68566.78875075761,68388.30687386359,0.7370920038947185,0.09358624713369007,10.069895968790638,2024-10-20 15:45:00+00:00,2024-10-20 22:15:00+00:00,68566.78875075761,69102.23438143966,69102.23438143966,0.15172882770930682,27.080845948485976,81.24253784545793,3.0,27,Take profit,False,535.4456306820503,172.05875075761287,81.24253784545793,26.106272549580407,3.0,0.9640124462596392,27,8,True,True,True,True,True,True,True,True,True
exness_native-S03,180,2024-10-24 17:45:00+00:00,2024-10-24 17:30:00+00:00,17,Thursday,3,2024,2024-10,LONG,67522.84,67752.61,67508.25,67719.94,67537.70341021723,67339.26754289985,198.4358673173847,0.8056550604804159,0.7398855496640309,1.5455406101444469,57.20572015264329,7.205720152643288,23.232399402755977,19.496558136053473,14.506004174112961,4.9905539619405115,246.303755851861,0.3637093533335396,76.875,2024-10-24 16:00:00+00:00,67512.54,67089.63247866165,66986.03901817356,33.18494559264218,0.04954009235213771,28.47222222222222,0,EMA20,True,False,0.11958165280657591,0.6860734076738401,67719.11,67275.62,80.65968243575273,0.8663038140448593,0.9921082979626608,1.49210829796262,0.33264109549203763,67801.87075117037,67434.35887324445,2.1326862002839166,0.19281575292343134,7.318256183580777,2024-10-24 17:45:00+00:00,2024-10-25 07:00:00+00:00,67801.87075117037,67434.35887324445,68904.40638494813,0.07423964756480393,27.28395229309962,-27.28395229309962,-1.0,54,Stop loss,False,1026.7392488296318,367.511877925921,76.22475997406339,27.28395229309962,2.7937579993988404,1.0,15,54,True,True,True,True,True,True,True,True,False
exness_native-S03,181,2024-10-25 14:15:00+00:00,2024-10-25 14:00:00+00:00,14,Friday,4,2024,2024-10,LONG,68303.03,68450.19,68090.37,68404.96,67968.82408139971,67858.04398345613,110.78009794358513,0.487048517437633,1.9174865927971005,2.4045351102347334,65.46527827328843,15.465278273288433,19.111302357813386,25.085503407171526,16.47689102158499,8.608612385586536,227.45187384287772,0.3325078676208241,69.375,2024-10-25 13:00:00+00:00,68300.68,67551.8194715866,67160.72560946304,42.78578694499447,0.06370655849341492,37.22222222222222,0,both,False,False,0.0,1.021429336319115,68396.46,67693.86,28.328052915348117,0.8742982602412455,1.5819610272745799,2.081961027274604,0.3988552533589581,68495.68037476858,68022.13443784713,1.9730203698741857,0.07293526324541148,11.33306719813661,2024-10-25 14:15:00+00:00,2024-10-25 15:30:00+00:00,68495.68037476858,68022.13443784713,69916.31818553293,0.057472232977645074,27.215742412366872,-27.215742412366872,-1.0,6,Stop loss,False,244.1996252314275,473.54593692145136,14.034697754354216,27.215742412366872,0.51568307568846,1.0,2,6,True,True,True,False,False,False,False,False,False
exness_native-S03,182,2024-10-27 19:30:00+00:00,2024-10-27 19:15:00+00:00,19,Sunday,6,2024,2024-10,LONG,67523.03,67751.46,67492.65,67707.48,67606.16778374021,67451.84324833038,154.3245354098326,1.2112532652569639,0.7951733172511949,2.006426582508159,58.337656820976314,8.337656820976314,42.60182698017473,31.42728711456249,15.732560651058062,15.694726463504427,127.40897369394756,0.18817562504755392,23.958333333333336,2024-10-27 18:00:00+00:00,67485.44,67222.5563598258,67136.83236353203,26.500672840164043,0.039472629117603276,28.888888888888886,1,EMA20,True,False,0.8909716517527194,0.3202816135042445,67708.68,67455.83,71.26849812603392,0.8300683899385325,2.031332585895453,2.531332585895518,0.5451876168915645,67776.9417947388,67454.4273078918,0.8843324048474843,0.15982176993406036,8.130471485187266,2024-10-27 19:45:00+00:00,2024-10-28 10:30:00+00:00,67776.9417947388,68744.48525527978,68744.48525527978,0.08417514301990171,27.147703056335953,81.44310916900785,3.0,60,Take profit,False,967.5434605409828,227.87179473879223,81.44310916900785,19.181140912339522,3.0,0.7065474700579824,60,40,True,True,True,True,True,True,True,True,True
exness_native-S03,183,2024-10-28 14:45:00+00:00,2024-10-28 14:30:00+00:00,14,Monday,0,2024,2024-10,LONG,68774.22,68902.95,68638.15,68901.59,68741.74914954099,68423.61524945871,318.13390008227725,1.2969830659081865,0.6516466061368362,1.9486296720450225,58.16888941315275,8.168889413152748,35.166169171908194,16.236025179851968,13.659943917561701,2.5760812622902662,245.28762822320303,0.3559970506097218,75.24305555555556,2024-10-28 13:00:00+00:00,68783.46,67727.14973120161,67305.65550418993,71.34180841837951,0.1059967515121197,57.49999999999999,1,EMA20,True,False,0.4223578265705537,0.8746252393376327,69255.86,68646.74,48.10045317220315,0.9948640483383664,1.079548943899626,1.579548943899655,0.20554451119225955,68952.00752564464,68564.56371153303,1.6144944066917928,0.15673601822398567,8.877452042465952,2024-10-28 14:45:00+00:00,2024-10-28 15:15:00+00:00,68952.00752564464,68564.56371153303,70114.33896797948,0.07059426382112617,27.351310829258473,-27.351310829258473,-1.0,3,Stop loss,False,36.482474355361774,387.4438141116116,2.575453419489879,27.351310829258473,0.0941619740116749,1.0,1,3,True,False,False,False,False,False,False,False,False
exness_native-S03,184,2024-10-28 16:45:00+00:00,2024-10-28 16:30:00+00:00,16,Monday,0,2024,2024-10,LONG,68751.01,68881.01,68456.12,68868.57,68706.95279037194,68491.34062526676,215.61216510517988,0.8380468809117829,0.6281779062159752,1.4662247871277583,56.6312541105498,6.631254110549797,24.34393173860886,15.322146219948468,21.94616076573325,-6.624014545784782,257.2793599214843,0.3735802266861128,80.24305555555556,2024-10-28 15:00:00+00:00,68461.44,67796.42120900234,67331.89088590443,71.40249090804718,0.10604557508869088,57.638888888888886,1,both,True,True,0.9749433085051817,0.13689642759339876,68866.16,68387.1,27.66833768740436,0.9707218338864464,1.6514733250644982,2.151473325064458,0.24835211034331384,68932.46587198428,68378.93619202355,1.7006820384023986,0.13967453151825665,9.520007999866653,2024-10-28 16:45:00+00:00,2024-10-29 02:00:00+00:00,68932.46587198428,70593.05491186648,70593.05491186648,0.04928901473561606,27.282932552185326,81.84879765655599,3.0000000000000004,38,Take profit,False,1660.589039882194,477.6258719842881,81.84879765655599,23.541708642345046,3.0,0.8628731019774261,38,2,True,True,True,True,True,True,True,True,True
exness_native-S03,185,2024-10-29 08:00:00+00:00,2024-10-29 07:45:00+00:00,7,Tuesday,1,2024,2024-10,LONG,70848.49,70942.54,70741.63,70942.54,70880.32281564471,70399.08964250196,481.2331731427548,2.237899430034288,0.2893312622189349,2.527230692253223,55.42915315221331,5.42915315221331,34.19683508116338,22.620604778891636,18.763999463915574,3.8566053149760613,215.03789074890716,0.3031155788175997,58.19444444444445,2024-10-29 06:00:00+00:00,71183.15,68875.59725346701,67716.28112657416,169.28228197596036,0.24998756452608598,94.72222222222221,0,EMA20,True,False,0.6449691966457082,1.5929302333885798,71295.88,70789.73,46.81200537553807,1.0,0.9343004588646431,1.434300458864642,0.2000000000000266,70985.54757814978,70677.11863277534,2.2041874631631786,0.21721688455809404,6.8938279150077015,2024-10-29 08:00:00+00:00,2024-10-29 14:00:00+00:00,70985.54757814978,71910.83441427311,71910.83441427311,0.08912118968910643,27.487554546326713,82.46266363898015,3.0000000000000004,25,Take profit,False,925.2868361233268,138.25757814978715,82.46266363898015,12.321679848243637,3.0,0.44826395259996815,25,23,True,True,True,True,True,True,True,True,True
exness_native-S03,186,2024-10-29 14:45:00+00:00,2024-10-29 14:30:00+00:00,14,Tuesday,1,2024,2024-10,LONG,71530.82,71852.65,71460.22,71771.12,71332.3514435043,70992.09836670624,340.2530767980643,1.292713211994771,1.667000091013084,2.959713303007855,65.01038232887987,15.01038232887987,24.72000955225674,29.686225867018436,13.261894536741348,16.424331330277088,263.2084778286002,0.3667331342030057,76.70138888888889,2024-10-29 13:00:00+00:00,71744.77,69451.62204552142,67953.363334955,171.98543555983633,0.2530933380178514,94.86111111111111,0,EMA20,False,False,0.0,1.7785203468962727,71946.0,70847.29,61.233850623039174,0.7922432026093819,1.4909474164260814,1.9909474164260685,0.5097544603144939,71905.29169556571,71381.25745665142,2.231986131936846,0.23764125200309685,6.491224816656809,2024-10-29 14:45:00+00:00,2024-10-29 19:00:00+00:00,71905.29169556571,73477.39441230858,73477.39441230858,0.05284714079522904,27.693711205424165,83.0811336162725,3.0,18,Take profit,False,1572.1027167428692,302.2216955657059,83.0811336162725,15.971552496933707,3.0,0.5767212772048218,18,2,True,True,True,True,True,True,True,True,True
exness_native-S03,187,2024-11-03 07:30:00+00:00,2024-11-03 07:15:00+00:00,7,Sunday,6,2024,2024-11,SHORT,68643.91,68652.5,68407.02,68416.68,68540.85337769311,68795.43965568855,-254.5862779954332,1.3430930257513034,0.6550879288419682,1.9981809545932716,42.69429942938043,7.305700570619571,32.05413760695957,16.99789231612677,22.331680434080532,5.3337881179537625,189.55222990084545,0.2770555804532542,52.56944444444444,2024-11-03 06:00:00+00:00,68531.87,69471.85170366238,69543.41594959892,-59.10393210241455,0.0849885374414879,56.52777777777778,0,EMA20,True,False,0.589001893384677,0.7540911323666264,68727.1,68348.72,92.56558579110894,0.039351474661842516,1.2950520293451901,1.7950520293451873,0.2509622071185746,68369.10955401983,68709.36566897025,1.4398821256236296,0.17205926406367242,7.3883081476478445,2024-11-03 07:30:00+00:00,2024-11-03 20:00:00+00:00,68369.10955401983,68709.36566897025,67348.34120916858,0.08200121265573912,27.90141403946485,-27.90141403946485,-1.0,51,Stop loss,False,918.9095540198323,340.2561149504181,75.35169775057066,27.90141403946485,2.7006408221457976,1.0,33,51,True,True,True,True,True,True,True,True,False
exness_native-S03,188,2024-11-04 16:45:00+00:00,2024-11-04 16:30:00+00:00,16,Monday,0,2024,2024-11,SHORT,68239.62,68298.86,67777.32,67917.49,68496.01465417955,68631.78334692857,-135.768692749014,0.47597033032882,2.0281595497295255,2.5041298800583456,32.65366690111591,17.346333098884088,18.13133453419282,15.127268330044101,29.9389408846224,14.8116725545783,285.2461258566671,0.4199892043370082,90.34722222222223,2024-11-04 15:00:00+00:00,68588.83,68850.46945533453,69272.88791592435,-33.022367373720044,0.047669973588799826,39.72222222222222,0,EMA20,False,False,0.0,1.1671441493857777,68788.16,68154.04,61.76515703493386,0.2687617440656517,1.8283859191204632,2.3283859191204286,0.6914001884478813,67720.27077482868,68384.433837757,2.0346506063180723,0.022196451822915873,12.358316589138765,2024-11-04 16:45:00+00:00,2024-11-05 04:15:00+00:00,67720.27077482868,68384.433837757,65727.78158604373,0.04190486050467104,27.831660504366187,-27.83166050436619,-1.0000000000000002,47,Stop loss,False,913.4607748286799,664.1630629283172,38.27844634568456,27.83166050436619,1.3753561825633613,1.0,21,47,True,True,True,True,True,False,False,False,False
exness_native-S03,189,2024-11-06 09:15:00+00:00,2024-11-06 09:00:00+00:00,9,Wednesday,2,2024,2024-11,LONG,73415.98,73849.85,73415.37,73736.48,73636.9661717898,72625.13013080224,1011.8360409875604,1.6632437443312635,0.16357961719126257,1.826823361522526,54.45526034473022,4.45526034473022,32.434980012976744,22.37286883783815,22.46041649701548,-0.08754765917732854,608.3510275845871,0.8250339961774513,99.44444444444444,2024-11-06 08:00:00+00:00,73416.08,70255.43714959585,69484.1392499769,231.28994496421365,0.3328672520963704,99.58333333333333,4,EMA20,True,False,0.36425708471247903,1.2989866596187845,73830.41,72651.01,73.76634137359424,0.7390673909040527,0.7141929253001861,1.2141929253001775,0.38635622339644105,73971.52020551692,73232.86469172462,4.113875831662117,0.241454373707597,6.217898713898816,2024-11-06 09:30:00+00:00,2024-11-06 20:45:00+00:00,73971.52020551692,76187.48674689382,76187.48674689382,0.03758461263028173,27.762081353105273,83.28624405931582,3.0,46,Take profit,False,2215.966541376896,599.2002055169141,83.28624405931582,22.52070761233842,3.0,0.8112038620555159,46,3,True,True,True,True,True,True,True,True,True
exness_native-S03,190,2024-11-07 20:00:00+00:00,2024-11-07 19:45:00+00:00,19,Thursday,3,2024,2024-11,LONG,76166.63,76577.63,76129.2,76577.63,76075.79526405458,75607.42995848904,468.365305565545,1.2262217642795343,1.313847691055398,2.5400694553349323,64.51027575300405,14.510275753004052,29.566295530809192,21.98838824723467,16.75518645538041,5.23320179185426,381.95807578144945,0.49878544919900164,93.15972222222221,2024-11-07 18:00:00+00:00,76635.37,73925.09811145061,71094.51412435547,250.66865616942232,0.35258508937970023,98.75,0,EMA20,False,False,0.0,1.36604008291608,76776.79,75958.88,91.65310081840936,1.0,1.1740293724188524,1.6740293724188402,0.19999999999999513,76654.02161515629,76014.61257726557,2.1701685816347935,0.05516439264141337,11.697509856117536,2024-11-07 20:00:00+00:00,2024-11-07 21:45:00+00:00,76654.02161515629,76014.61257726557,78572.24872882848,0.043743981247937214,27.970296963253563,-27.970296963253563,-1.0,8,Stop loss,False,281.2283848437073,639.4090378907276,12.302049192990802,27.970296963253563,0.43982547661731375,1.0,2,8,True,True,False,False,False,False,False,False,False
exness_native-S03,191,2024-11-10 12:45:00+00:00,2024-11-10 12:30:00+00:00,12,Sunday,6,2024,2024-11,LONG,79274.79,79429.1,79230.18,79418.02,79303.37164545983,78592.84585290763,710.5257925522019,2.207249717312094,0.3561553300410251,2.563405047353119,57.20458569199555,7.204585691995547,48.02460288708592,27.319601658234692,16.398338479367315,10.921263178867378,321.90548580858064,0.40533053557439563,82.53472222222223,2024-11-10 11:00:00+00:00,79854.59,77016.56668727308,73828.52012802582,281.2999130667886,0.3810179488617505,99.30555555555556,0,EMA20,True,False,0.22736998493825766,1.9798797323738364,80134.71,79270.11,72.00382063141024,0.9442992157651265,0.617945355918226,1.1179453559182364,0.23442004093895644,79493.48109716173,79133.60835425742,2.635336491697177,0.2503848772653388,5.3584310533983235,2024-11-10 12:45:00+00:00,2024-11-10 17:45:00+00:00,79493.48109716173,80573.09932587465,80573.09932587465,0.07752843684597807,27.90037122084543,83.70111366253629,3.0,21,Take profit,False,1079.6182287129195,324.5010971617303,83.70111366253629,25.1580628177538,3.0,0.9017106840125931,21,9,True,True,True,True,True,True,True,True,True
exness_native-S03,192,2024-11-11 10:00:00+00:00,2024-11-11 09:45:00+00:00,9,Monday,0,2024,2024-11,LONG,81486.33,81791.18,81431.05,81721.0,81226.67729373166,80894.28644153161,332.390852200042,1.0499023770812288,1.561386484980691,2.61128886206192,63.86054427430405,13.860544274304047,20.244927976190798,25.848472950071628,11.496569742827386,14.351903207244241,316.5921512856291,0.38740611505687533,75.59027777777779,2024-11-11 08:00:00+00:00,81258.86,79040.53690952467,75086.79995570175,308.1162500134815,0.41034675894465866,99.16666666666667,4,EMA20,False,False,0.0,1.6954417735521214,81628.13,81053.34,65.16258017938097,0.8051259267486881,1.1375203034489672,1.6375203034489905,0.4216732149391871,81854.49843025712,81336.07235461431,2.756457619200837,0.14249507565702993,10.541401642522736,2024-11-11 10:00:00+00:00,2024-11-11 15:15:00+00:00,81854.49843025712,83409.77665718556,83409.77665718556,0.05422108440465268,28.10962400500177,84.3288720150053,2.9999999999999996,22,Take profit,False,1555.2782269284362,365.7184302571259,84.3288720150053,19.829649875308707,3.0,0.705439883215096,22,14,True,True,True,True,True,True,True,True,True
exness_native-S03,193,2024-11-12 18:45:00+00:00,2024-11-12 18:30:00+00:00,18,Tuesday,1,2024,2024-11,LONG,88449.22,88837.62,88353.24,88687.09,87332.00792564287,87303.53302988101,28.474895761857624,0.038472906968339785,1.8308740097668912,1.869346916735231,62.80554100854231,12.805541008542313,22.574767641129398,25.874424908260842,19.07096746063799,6.803457447622851,740.128521748831,0.834539189129817,97.74305555555556,2024-11-12 17:00:00+00:00,87051.82,84788.81170668053,78301.35507273977,436.8072204367927,0.5578539733201437,96.94444444444444,1,both,False,False,0.0,1.418276609093059,88492.54,86950.16,49.10813823857306,0.6892315950286926,0.6544539032970393,1.1544539032970507,0.4033835956548717,88985.64570434976,88131.20144347535,5.417840405149008,0.09426743593857936,14.312261430618134,2024-11-12 18:45:00+00:00,2024-11-12 22:00:00+00:00,88985.64570434976,88131.20144347535,91548.978486973,0.03314487261703525,28.32044618503928,-28.320446185039284,-1.0000000000000002,14,Stop loss,False,1013.5442956502375,854.4442608744139,33.593796571049836,28.320446185039284,1.1862029415622795,1.0,9,14,True,True,True,True,True,False,False,False,False
exness_native-S03,194,2024-11-15 10:00:00+00:00,2024-11-15 09:45:00+00:00,9,Friday,4,2024,2024-11,LONG,89071.82,89266.41,88895.2,89194.42,88286.57555254168,88265.55308231231,21.022470229363535,0.04881814138553644,2.1081860556135226,2.157004196999059,66.05822638431579,16.058226384315788,23.72584740987456,29.993791232334534,18.893472191661438,11.100319040673096,430.6282384521905,0.4827972853595443,80.0,2024-11-15 08:00:00+00:00,88080.91,88583.46702499439,83341.32238158357,229.50568999040115,0.2753804276581966,70.13888888888889,2,EMA50,False,False,0.0,1.462158914498568,89357.3,87573.0,33.02712750195015,0.8060666469114409,0.8620196421262307,1.3620196421262314,0.36717435962573985,89352.53564769044,88766.01152846434,4.161212337774971,0.06629378709698688,10.173854777945767,2024-11-15 10:15:00+00:00,2024-11-15 14:30:00+00:00,89352.53564769044,88766.01152846434,91112.10800536875,0.048164507039968114,28.249645069576683,-28.249645069576683,-1.0,18,Stop loss,False,1393.8543523095577,586.5241192261019,67.13430776450389,28.249645069576683,2.376465530775955,1.0,8,18,True,True,True,True,True,True,True,False,False
exness_native-S03,195,2024-11-15 17:15:00+00:00,2024-11-15 17:00:00+00:00,17,Friday,4,2024,2024-11,LONG,89351.34,89706.17,89273.61,89560.34,89178.79932168352,88989.48694480058,189.31237688293913,0.2912090715921988,0.5869035534634026,0.8781126250556014,55.10106483354694,5.101064833546943,18.879531235658103,23.373117271691278,18.25054442630818,5.122572845383097,650.0909324282555,0.725869209996585,93.47222222222223,2024-11-15 16:00:00+00:00,89351.34,88797.67921964281,83805.31242656939,283.9341044027242,0.3388020355529473,81.38888888888889,0,both,False,False,0.0,0.4370512508737062,89754.52,88059.21,48.31699648603688,0.6628675790641703,0.665383838510523,1.1653838385105224,0.4243224643286365,89836.18818648566,89078.58272027153,3.7662146826206016,0.03007040951218827,12.24304714955095,2024-11-15 17:15:00+00:00,2024-11-17 21:45:00+00:00,89836.18818648566,89078.58272027153,92109.00458512803,0.03719484905212971,28.17902095690274,-28.179020956902736,-0.9999999999999999,211,Stop loss,False,2084.4818135143432,757.605466214125,77.5319864055756,28.179020956902736,2.751408096262597,1.0,20,211,True,True,True,True,True,True,True,True,False
exness_native-S03,196,2024-11-20 11:30:00+00:00,2024-11-20 11:15:00+00:00,11,Wednesday,2,2024,2024-11,LONG,92835.8,93307.56,92835.8,93240.19,93034.54636041458,92705.6218618104,328.924498604174,1.0552754650954315,0.6597583589192497,1.7150338240146812,56.60638067375129,6.606380673751289,29.731755732034287,20.768650187227728,18.23363507862219,2.5350151086055384,311.6953909038608,0.33429295983187163,44.40972222222222,2024-11-20 10:00:00+00:00,93313.47,91927.75601119587,88959.65374429333,206.64622966831666,0.23229207957834794,56.52777777777778,0,EMA20,True,False,0.63763009083402,0.4176453742614113,93566.08,92835.8,85.71943361031116,0.8571943361031116,1.5135289573322699,2.0135289573322632,0.41614050757898813,93369.89907818077,92742.29138272884,2.6099945562012516,0.09043033157559695,12.717967212029958,2024-11-20 11:45:00+00:00,2024-11-21 03:15:00+00:00,93369.89907818077,95252.72216453654,95252.72216453654,0.04478685269190377,28.108573404510484,84.32572021353145,3.0,63,Take profit,False,1882.8230863557692,182.67907818076492,84.32572021353145,8.18162096437469,3.0,0.2910720813409127,63,29,True,True,True,True,True,True,True,True,True
exness_native-S03,197,2024-11-21 09:00:00+00:00,2024-11-21 08:45:00+00:00,8,Thursday,3,2024,2024-11,LONG,96786.9,97121.73,96749.6,97096.23,96761.98411114392,95884.88849666034,877.09561448358,2.0926645168302374,0.7974780627735034,2.890142579603741,60.361633108554464,10.361633108554464,28.228184835854055,24.215150090026274,16.277577472718637,7.937572617307637,419.1286311922172,0.43166313583155314,67.22222222222223,2024-11-21 07:00:00+00:00,96922.78,93747.65209930517,90093.27472844956,350.3652001944283,0.3888916250968402,84.86111111111111,0,EMA20,True,False,0.029547280291217,2.0631172365390205,97385.52,96715.68,83.12417703490983,0.9314755596162613,0.8878658538345643,1.38786585383458,0.2608405107698432,97205.55572623844,96623.86141064233,3.020936080571321,0.18262939457739055,8.348623907768898,2024-11-21 09:00:00+00:00,2024-11-21 14:30:00+00:00,97205.55572623844,96623.86141064233,98950.63867302675,0.04868431226807389,28.319387705044313,-28.319387705044313,-1.0,23,Stop loss,False,1146.3142737615563,581.6943155961053,55.80752206115795,28.319387705044313,1.970647199099484,1.0,9,23,True,True,True,True,True,True,False,False,False
exness_native-S03,198,2024-11-21 17:15:00+00:00,2024-11-21 17:00:00+00:00,17,Thursday,3,2024,2024-11,LONG,97184.23,97399.11,96962.74,97337.53,97129.84063464732,96901.69224560578,228.1483890415402,0.43098895387337344,0.39234036532108885,0.8233293191944623,54.02921283003269,4.029212830032691,21.148775404159736,18.73308236709734,23.03739944114806,-4.304317074050722,529.3601773111134,0.5438397474346364,81.66666666666667,2024-11-21 16:00:00+00:00,97184.58,94828.10307241365,90716.60706498106,329.57136450038524,0.3632977193076793,79.44444444444444,0,EMA20,True,False,0.31566529143938105,0.11532366243399239,97448.58,96033.09,35.13073767674326,0.8588812246488017,0.8243347699793704,1.324334769979372,0.3163291132188956,97504.98203546222,96803.93194680667,2.941930693203749,0.16569682279146447,8.380101265332604,2024-11-21 17:15:00+00:00,2024-11-22 19:30:00+00:00,97504.98203546222,99608.13230142888,99608.13230142888,0.04029468035580136,28.248589235781704,84.74576770734512,3.0000000000000004,106,Take profit,False,2103.1502659666585,384.52203546221426,84.74576770734512,15.49419250871204,3.0,0.5484943824764875,106,87,True,True,True,True,True,True,True,True,True
exness_native-S03,199,2024-11-29 10:15:00+00:00,2024-11-29 10:00:00+00:00,10,Friday,4,2024,2024-11,LONG,96492.13,96869.65,96418.37,96755.72,96260.72891957797,96093.91682055054,166.81209902743285,0.6280233936039452,1.8635697287113557,2.491593122315301,63.064166162628624,13.064166162628624,19.719422536746738,33.0927455707643,13.950599188566686,19.142146382197616,265.6144671143106,0.2745206868537701,18.958333333333332,2024-11-29 09:00:00+00:00,96492.14,95500.42382512067,94959.77773874108,62.50837678046082,0.06582616163280999,20.0,2,both,False,False,0.0,1.221519230388236,96591.09,95926.34,58.40941322460495,0.7475403297287864,1.6990038415557562,2.1990038415557316,0.6289299496286707,96922.77289342285,96338.6856598657,1.8614347936610223,0.12950876994620908,12.63083485031693,2024-11-29 10:30:00+00:00,2024-11-29 15:00:00+00:00,96922.77289342285,98675.0345940943,98675.0345940943,0.04872637513702048,28.46045365505007,85.38136096515021,3.0,19,Take profit,False,1752.2617006714427,257.67289342284494,85.38136096515021,12.55546606756304,3.0,0.44115481150579544,19,4,True,True,True,True,True,True,True,True,True
exness_native-S03,200,2024-12-01 11:15:00+00:00,2024-12-01 11:00:00+00:00,11,Sunday,6,2024,2024-12,LONG,96920.97,97099.27,96920.97,97081.8,96876.31314936072,96738.47238475506,137.84076460565848,0.7047261127225688,1.050574188854138,1.7553003015767068,60.66940788785203,10.669407887852032,22.85413257355143,22.305140934596867,19.249084945303963,3.0560559892929042,195.59480217518572,0.20147422294929193,7.951388888888888,2024-12-01 10:00:00+00:00,96920.97,96607.68334510092,95706.17051858702,59.03184753925598,0.0616802941956511,19.305555555555557,1,both,False,False,0.0,0.9330391872146118,97149.03,96648.52,90.2019068984852,0.9020190689848521,0.9115784162827977,1.4115784162827902,0.2893173019206997,97138.38896043504,96862.29155934745,1.2060279057257322,0.08232952542864856,11.041914541573542,2024-12-01 11:30:00+00:00,2024-12-01 13:00:00+00:00,97138.38896043504,96862.29155934745,97966.68116369782,0.10385431715224981,28.673907057462944,-28.673907057462944,-1.0,7,Stop loss,False,119.76103956495353,276.09740108759433,12.437700985461822,28.673907057462944,0.43376373371569077,1.0,2,7,True,True,False,False,False,False,False,False,False
exness_native-S03,201,2024-12-01 13:15:00+00:00,2024-12-01 13:00:00+00:00,13,Sunday,6,2024,2024-12,LONG,96914.49,97171.55,96786.93,97169.76,97001.26739578626,96839.69536088093,161.57203490532993,0.863131264129111,0.9001015216316488,1.76323278576076,58.94694356877915,8.946943568779147,18.048775576236288,16.794028538147614,23.690120585762624,-6.89609204761501,187.19288898468318,0.192645210798795,6.909722222222222,2024-12-01 12:00:00+00:00,96914.5,96642.7235800028,95733.09044396337,68.39354853596888,0.07144191023061405,21.666666666666668,0,EMA20,True,True,1.1450082155834562,0.28187695145434516,97258.15,96906.61,66.36940356715276,0.9953460558473087,2.0546720662635907,2.5546720662636075,0.2095623290485233,97208.98857779695,96730.77213330459,1.2312346950527258,0.04787983529336679,11.185877761358078,2024-12-01 13:15:00+00:00,2024-12-02 03:45:00+00:00,97208.98857779695,96730.77213330459,98643.63791127401,0.05981020230323041,28.602222289819288,-28.602222289819288,-1.0,59,Stop loss,False,1088.5414222030522,478.21644449235464,65.1058826774107,28.602222289819288,2.2762525938617215,1.0,50,59,True,True,True,True,True,True,True,False,False
exness_native-S03,202,2024-12-05 07:30:00+00:00,2024-12-05 07:15:00+00:00,7,Thursday,3,2024,2024-12,LONG,101647.62,102204.79,101351.66,102160.26,101809.77915915451,100297.84045180057,1511.9387073539401,2.2031955972596515,0.5107203365578417,2.713915933817493,57.14866179260445,7.14866179260445,37.97743112213416,25.048161418374754,21.03850918370932,4.009652234665435,686.2480613316852,0.6717367999373585,89.375,2024-12-05 06:00:00+00:00,101942.21,97625.503306112,96380.49941054454,309.29021783935605,0.3209053903340929,70.0,0,EMA20,True,False,0.6675707881280021,1.5356248091316493,102740.78,101483.74,60.08931815784293,0.9478039689144686,1.2431801968875007,1.7431801968875025,0.26488907220166613,102342.03961226634,101145.7855816005,4.2479138994083625,0.20705937923668363,5.088974852924685,2024-12-05 07:30:00+00:00,2024-12-05 15:45:00+00:00,102342.03961226634,101145.7855816005,105930.80170426384,0.023850048570548656,28.53071673409474,-28.53071673409474,-1.0,34,Stop loss,False,1324.0403877336648,1196.2540306658339,31.57842755681598,28.53071673409474,1.106822091121152,1.0,30,34,True,True,True,True,True,False,False,False,False
exness_native-S03,203,2024-12-07 18:45:00+00:00,2024-12-07 18:30:00+00:00,18,Saturday,5,2024,2024-12,LONG,99804.02,100095.87,99760.15,100084.11,99712.86871425113,99688.32781993638,24.540894314748584,0.10716675701931777,1.6211603438379236,1.7283271008572414,64.41291670932125,14.412916709321252,18.669457587105683,23.83058041790734,10.496083351321445,13.334497066585893,228.9972655449942,0.22880481781273193,11.458333333333332,2024-12-07 17:00:00+00:00,99710.47,99470.26120929999,97876.38159827543,90.99667686282191,0.09297102669396727,29.02777777777778,1,EMA50,False,False,0.0,0.3136377191783427,99891.37,99528.93,83.42964375074334,0.964970809007522,1.4660437066836403,1.9660437066836134,0.2513543250047182,100141.66945310899,99691.4508203365,1.8718183244417614,0.0672337464639805,9.075083039286385,2024-12-07 18:45:00+00:00,2024-12-07 22:45:00+00:00,100141.66945310899,99691.4508203365,101492.32535142647,0.0632123769889391,28.459389942259506,-28.459389942259502,-0.9999999999999999,17,Stop loss,False,400.4705468910106,450.21863277249213,25.314695183041174,28.459389942259502,0.8895023833750999,1.0,10,17,True,True,True,True,False,False,False,False,False
exness_native-S03,204,2024-12-08 13:30:00+00:00,2024-12-08 13:15:00+00:00,13,Sunday,6,2024,2024-12,LONG,100172.37,100298.83,100075.72,100284.94,99727.49325551064,99715.71339028911,11.77986522152787,0.04258852761850253,2.0153741683005864,2.057962695919089,66.78335340635792,16.783353406357918,22.991763236329227,26.79657406840424,16.39797387063546,10.39860019776878,276.59714670225236,0.27581125012614294,23.958333333333336,2024-12-08 12:00:00+00:00,99992.51,99622.96328260197,98208.51237503123,60.85031395756232,0.06196032552167346,19.72222222222222,2,EMA50,False,False,0.0,1.3015557607990402,100286.01,99516.68,50.45493254448778,0.9377437138631196,0.80662437288325,1.3066243728832654,0.2502174377632075,100354.14942934045,99992.74085598932,1.4172505591971065,0.07285268792180528,12.509664249490957,2024-12-08 13:30:00+00:00,2024-12-08 14:45:00+00:00,100354.14942934045,99992.74085598932,101438.37514939385,0.07854888777035984,28.388241467403855,-28.388241467403855,-1.0,6,Stop loss,False,233.64057065953966,361.40857335113105,18.35220696333901,28.388241467403855,0.6464721312312179,1.0,2,6,True,True,True,False,False,False,False,False,False
exness_native-S03,205,2024-12-12 14:30:00+00:00,2024-12-12 14:15:00+00:00,14,Thursday,3,2024,2024-12,LONG,100982.79,101489.15,100917.05,101399.28,100847.48016674086,100751.22566568629,96.25450105457276,0.2734976358123001,1.5678845995205128,1.841382235332813,63.607894429182856,13.607894429182856,18.76184208052093,27.891126457402006,14.65454153931133,13.236584918090676,351.9390607114121,0.34708240602044915,41.770833333333336,2024-12-12 13:00:00+00:00,100910.73,99587.62471032703,98614.99267500058,106.56842195012723,0.1080651319433124,45.55555555555556,0,EMA20,False,False,0.0,0.4711734297935449,101558.19,100547.76,72.80020975354162,0.8429120783079939,1.6255655136532567,2.1255655136532656,0.4553567081140086,101559.53781214228,100811.46828178658,2.4077524100674994,0.14840728577308196,10.038862233602115,2024-12-12 14:30:00+00:00,2024-12-12 14:30:00+00:00,101559.53781214228,100811.46828178658,103803.74640320938,0.0378537952886154,28.317270863735345,-28.317270863735345,-1.0,1,Stop loss,False,0.0,748.0695303557004,0.0,28.317270863735345,0.0,1.0,0,1,True,False,False,False,False,False,False,False,False
exness_native-S03,206,2024-12-12 16:15:00+00:00,2024-12-12 16:00:00+00:00,16,Thursday,3,2024,2024-12,LONG,101793.12,102412.52,101792.94,102331.79,101252.04945247075,100961.4033604432,290.6460920275422,0.5864063073861884,2.1784798928305116,2.7648862002167,67.08413152679492,17.08413152679492,18.078534944178884,25.280808597878888,11.736856208021724,13.543952389857164,495.6394369682862,0.4843455166456936,70.0,2024-12-12 15:00:00+00:00,101793.12,99753.5216722396,98676.959205532,125.22029646906594,0.12689922498346085,50.0,2,both,False,False,0.0,1.6777047537684222,101879.84,100721.64,86.94115368475366,0.8697020562316242,1.250061947834159,1.750061947834155,0.362880501385874,102511.64788739366,101644.24816890951,2.5395308290788914,0.09186773885688852,12.7608558682522,2024-12-12 16:15:00+00:00,2024-12-12 16:30:00+00:00,102511.64788739366,101644.24816890951,105113.84704284609,0.03256454560065941,28.246477686576004,-28.246477686576004,-1.0,2,Stop loss,False,25.76211260634591,867.3997184841428,0.838931490738674,28.246477686576004,0.029700393091396736,1.0,1,2,True,False,False,False,False,False,False,False,False
exness_native-S03,207,2024-12-15 09:00:00+00:00,2024-12-15 08:45:00+00:00,8,Sunday,6,2024,2024-12,LONG,101847.08,101974.15,101840.92,101964.34,101831.83837411458,101713.85291124822,117.98546286635974,0.5448478363325298,0.6118823660164234,1.1567302023489532,54.44781358148999,4.447813581489989,21.293599180891476,24.423519513723118,17.99564161144622,6.427877902276897,216.5475477713951,0.2123757656563021,7.951388888888888,2024-12-15 07:00:00+00:00,101672.62,101234.54924181224,99831.89372240654,105.0784453106171,0.10525538622236212,49.861111111111114,0,both,False,False,0.0,0.5867860895193298,101920.68,101472.23,88.01321023793317,0.9263679351497562,0.6152459419242381,1.1152459419242302,0.24530182909462508,102017.45950955428,101775.95573566858,1.4623718578054907,0.01838191719496821,9.270536105565645,2024-12-15 09:00:00+00:00,2024-12-15 12:00:00+00:00,102017.45950955428,102741.97083121135,102741.97083121135,0.11047466434790332,28.175861492359562,80.04014507632121,2.840734615977072,13,Take profit,False,724.5113216570753,94.86950955427892,80.04014507632121,10.480677224859171,3.0,0.3928282694215057,13,2,True,True,True,True,True,True,True,True,True
exness_native-S03,208,2024-12-15 14:15:00+00:00,2024-12-15 14:00:00+00:00,14,Sunday,6,2024,2024-12,LONG,102698.69,102911.47,102602.31,102813.63,102508.01710789924,102173.16298433991,334.8541235593293,1.1740672290273246,1.0715414747466734,2.245608703773998,62.61452103163541,12.614521031635412,39.02873455810159,29.637743581261667,12.443361612651856,17.19438196860981,285.20864502516156,0.27740353591752526,28.40277777777778,2024-12-15 13:00:00+00:00,102695.74,101492.43172240788,99983.07011657098,129.95802324310353,0.12998002871044523,60.138888888888886,1,EMA20,False,False,0.0,1.5046774463033,103292.61,102384.32,37.178160175961,0.6835295639798311,1.0839783624817154,1.5839783624817494,0.5430471050110409,102968.51172900504,102516.74740649245,1.5203472376463123,0.12720083709953953,8.211010576734132,2024-12-15 14:15:00+00:00,2024-12-15 16:00:00+00:00,102968.51172900504,102516.74740649245,104323.80469654282,0.06281142719998506,28.375961855050367,-28.375961855050367,-1.0,8,Stop loss,False,27.428270994962077,451.76432251259394,1.7228088468215224,28.375961855050367,0.060713672213895224,1.0,1,8,True,False,False,False,False,False,False,False,False
exness_native-S03,209,2024-12-15 16:15:00+00:00,2024-12-15 16:00:00+00:00,16,Sunday,6,2024,2024-12,LONG,102633.23,102880.31,102515.14,102872.15,102661.26815480737,102341.62377532039,319.6443794869847,1.1384194031514514,0.7510596142030223,1.8894790173544735,58.89590785538281,8.89590785538281,35.48359472632271,20.590265366145932,15.482927266486515,5.107338099659417,280.779103555441,0.2729398613283003,26.770833333333332,2024-12-15 15:00:00+00:00,102633.23,101590.58807593284,100038.27592649507,138.69563521818782,0.13864256849058149,62.22222222222222,0,EMA20,True,False,0.5204381414321355,0.6179812617193159,102983.42,102615.15,65.42706136867744,0.9776542432291713,1.3005597474168655,1.8005597474168897,0.22906199178172781,102936.46582071109,102430.90626893337,1.5464006494413112,0.12352324266198327,8.431564235643561,2024-12-15 16:15:00+00:00,2024-12-15 23:15:00+00:00,102936.46582071109,104453.14447604427,104453.14447604427,0.05598751294656052,28.305021950412744,84.91506585123824,3.0000000000000004,29,Take profit,False,1516.6786553331767,384.88582071108976,84.91506585123824,21.54879987000971,3.0,0.761306594559821,29,24,True,True,True,True,True,True,True,True,True
exness_native-S03,210,2024-12-17 08:30:00+00:00,2024-12-17 08:15:00+00:00,8,Tuesday,1,2024,2024-12,LONG,106972.66,107266.6,106912.76,107215.32,106682.23685546513,106372.60075554957,309.6360999155586,1.0995613804540663,1.8930532921110061,2.992614672565072,64.89257198600185,14.892571986001855,19.080827797493328,33.53171536755887,15.444935262306146,18.08678010525272,281.5996500238065,0.26264870544974955,23.57638888888889,2024-12-17 07:00:00+00:00,106752.09,104768.46428188463,101746.70717974455,250.9968795056775,0.24668796314191213,84.58333333333333,4,EMA20,False,False,0.0,1.9181815190635187,107082.86,106388.78,68.57901876554259,0.8550757404476678,1.2565356525482094,1.756535652548191,0.3821024990466382,107322.91993000476,106828.28010499285,2.308707528409743,0.14365437033109718,7.7836360170519505,2024-12-17 08:30:00+00:00,2024-12-17 11:45:00+00:00,107322.91993000476,106828.28010499285,108806.83940504049,0.05765267609488227,28.51730961504084,-28.51730961504084,-1.0,14,Stop loss,False,127.30006999523903,494.6398250119091,7.339189702291357,28.51730961504084,0.25735911982455945,1.0,2,14,True,True,False,False,False,False,False,False,False
exness_native-S03,211,2024-12-17 14:15:00+00:00,2024-12-17 14:00:00+00:00,14,Tuesday,1,2024,2024-12,LONG,107226.08,107472.31,107120.85,107435.36,107068.07841836847,106806.53941735311,261.5390010153642,0.9315234811690143,1.308146839142216,2.2396703203112303,60.426649458818716,10.426649458818716,18.485451840752585,28.708694553838992,17.505142427653627,11.203552126185365,280.7647969186414,0.2613336958322115,24.02777777777778,2024-12-17 13:00:00+00:00,107226.51,105269.47743143546,102059.58756660848,257.45369213500817,0.25225821333736315,85.55555555555556,2,EMA20,False,False,0.0,1.1194800277542476,107582.52,106845.64,59.54589426961922,0.8948671257042111,1.2517951105595198,1.7517951105595626,0.33160481800255426,107528.46295938373,107036.6205609244,2.2032031904100036,0.20122738979485683,9.211369941199132,2024-12-17 14:15:00+00:00,2024-12-17 14:30:00+00:00,107528.46295938373,107036.6205609244,109003.9901547617,0.057835632776086755,28.446016341003237,-28.446016341003237,-1.0,2,Stop loss,False,155.81704061626806,491.8423984593246,9.011777141339074,28.446016341003237,0.31680278297348563,1.0,1,2,True,True,False,False,False,False,False,False,False
exness_native-S03,212,2024-12-20 08:30:00+00:00,2024-12-20 08:15:00+00:00,8,Friday,4,2024,2024-12,SHORT,96907.1,96948.01,96422.78,96447.97,97119.77131801633,97510.06199803714,-390.29068002081476,0.69411267117115,1.1947654177131313,1.888878088884281,41.71588984870575,8.28411015129425,19.282344980448574,21.44756211914373,28.878137939753426,7.430575820609697,562.2872139220453,0.5829953848920256,88.95833333333333,2024-12-20 07:00:00+00:00,97613.66,100292.58989575318,101781.07162339598,-241.30538492531923,0.23708277096765348,82.63888888888889,0,both,False,False,0.0,0.9995816801821648,98052.33,96808.26,87.41503722179012,0.04795994135902847,0.9340955778390028,1.4340955778389997,0.2447991691368799,96310.3225572156,97116.69616417661,4.319642846195358,0.16162520453658138,8.354310666947947,2024-12-20 08:30:00+00:00,2024-12-20 10:00:00+00:00,96310.3225572156,93891.20173633254,93891.20173633254,0.03518828128203169,28.37490130015073,85.12470390045218,2.9999999999999996,7,Take profit,False,2419.1208208830503,0.0,85.12470390045218,0.0,3.0,0.0,7,0,True,True,True,True,True,True,True,True,True
exness_native-S05,1,2025-01-01 11:00:00+00:00,2025-01-01 10:45:00+00:00,10,Wednesday,2,2025,2025-01,SHORT,93263.93,93292.34,93147.57,93200.5,93338.9466396582,93529.38424490574,-190.4376052475418,0.8447032699896162,0.6140926267495405,1.4587958967391566,42.496385961768766,7.503614038231234,30.100586049852193,11.811172267955259,25.8426230720148,14.03145080405954,225.4491156993897,0.24189689508038012,13.84909264565425,2025-01-01 09:00:00+00:00,93261.88,93705.55928832246,94808.97746871528,-68.7353575440211,0.072498785852534,42.471042471042466,0,EMA20,False,False,0.0,1.0514312472257183,93412.81,92837.11,43.81432617254791,0.36561442287764623,0.6421404650485458,1.1421404650485465,0.43477581553509476,93102.48017686013,93359.97473470982,2.310387527948956,0.05171590548595954,8.958614774928266,2025-01-01 11:00:00+00:00,2025-01-01 11:15:00+00:00,93102.48017686013,93359.97473470982,92329.99650331108,0.09708943058359333,25.0,-25.0,-1.0,2,Stop loss,False,60.220176860137144,257.4945578496845,5.846742680993999,25.0,0.23386970723975994,1.0,1,2,True,False,False,False,False,False,False,False,False
exness_native-S05,2,2025-01-02 16:30:00+00:00,2025-01-02 16:15:00+00:00,16,Thursday,3,2025,2025-01,LONG,96579.74,97331.21,96574.67,97312.72,96624.82427785911,96195.06104825798,429.76322960112884,0.9560841774256218,1.530345479458748,2.48642965688437,63.67521311465635,13.675213114656351,26.17862675361792,25.40695544116339,20.675403341644447,4.731552099518943,449.5035476461089,0.46191653839920305,80.77253218884121,2025-01-02 15:00:00+00:00,96390.98,94931.1743675543,94906.83268573736,91.60697523639828,0.09652305597399313,65.39792387543253,0,both,True,False,0.1115770456579272,0.8445071317676945,97267.47,95978.79,96.88582229624184,0.9755597853385082,1.683056794460779,2.183056794460775,0.2411342693440957,97421.11070952922,96439.81893570616,1.9298339463675669,0.23233731173628952,7.705443633901591,2025-01-02 16:30:00+00:00,2025-01-02 17:30:00+00:00,97421.11070952922,96439.81893570616,100364.9860309984,0.0254129308583163,24.9375,-24.9375,-1.0,5,Stop loss,False,188.49929047077603,981.2917738230608,4.790319435575512,24.9375,0.1920930099478902,1.0,2,5,True,False,False,False,False,False,False,False,False
exness_native-S05,3,2025-01-02 18:45:00+00:00,2025-01-02 18:30:00+00:00,18,Thursday,3,2025,2025-01,LONG,96806.93,96997.17,96518.78,96974.64,96808.96363943408,96426.4476421169,382.51599731718306,0.7905013292558432,0.3423840680446967,1.1328853973005397,54.40824415135559,4.408244151355589,18.58548636196428,18.358934468372404,21.27675483188669,-2.917820363514288,483.8903910222054,0.4989865299032875,89.52299829642249,2025-01-02 17:00:00+00:00,96675.99,95083.56147500878,94946.62899254686,93.37074395033414,0.09834024118714482,65.97938144329896,0,EMA20,True,False,0.5996887824556173,0.1908125468002258,97490.09,96251.95,35.05717092748733,0.952904533957652,0.988632981509332,1.4886329815093262,0.2465601310090217,97093.94807820444,96373.61288269334,2.050854596270515,0.19065122127959314,8.782620306868898,2025-01-02 18:45:00+00:00,2025-01-03 07:15:00+00:00,97093.94807820444,96373.61288269334,99254.95366473774,0.03453275142602234,24.87515625,-24.875156249999996,-0.9999999999999999,51,Stop loss,False,663.571921795563,720.3351955110993,22.914964228654114,24.875156249999996,0.9211988056820393,1.0,7,51,True,True,True,True,False,False,False,False,False
exness_native-S05,4,2025-01-03 15:30:00+00:00,2025-01-03 15:15:00+00:00,15,Friday,4,2025,2025-01,LONG,97104.87,97269.07,96703.69,97201.78,96764.78688906255,96676.7527336708,88.0341553917533,0.27078292494733724,1.3441404899599028,1.61492341490724,66.38837215318935,16.38837215318935,29.26901785609168,21.753045406302846,7.354570216790167,14.398475189512679,325.1096996196288,0.3344688745613803,46.30071599045346,2025-01-03 14:00:00+00:00,96964.9,95999.71612642721,95284.7240712327,67.77003928094928,0.07112371887679071,41.98717948717949,2,both,True,False,0.1879269955157714,0.0828559294315658,97418.05,96450.58,17.140684141639728,0.8809827018995939,1.739043777105041,2.2390437771050626,0.4069762916293755,97334.09193992394,96606.15709011411,1.6685449849986007,0.052155430435423186,15.348433995041365,2025-01-03 15:30:00+00:00,2025-01-06 05:00:00+00:00,97334.09193992394,99517.89648935341,99517.89648935341,0.03408679824280623,24.812968359375,74.43890507812499,2.9999999999999996,247,Take profit,False,2183.8045494294784,119.96193992393091,74.43890507812499,4.089118443002675,3.0,0.16479763258383784,247,188,True,True,True,True,True,True,True,True,True
exness_native-S05,5,2025-01-06 12:15:00+00:00,2025-01-06 12:00:00+00:00,12,Monday,0,2025,2025-01,LONG,99225.24,99493.48,99225.24,99442.86,99125.67351136231,98983.66564730194,142.00786406037514,0.5623876409224563,1.2561400191301109,1.818527660052567,60.24838643548712,10.24838643548712,22.723767289885007,27.868709943299326,15.167127731205051,12.701582212094275,252.5088635081787,0.25392357330448734,29.50391644908616,2025-01-06 11:00:00+00:00,99225.24,98309.7113609285,96772.8400484683,116.61295332093141,0.12050173712224035,80.5774278215223,2,both,False,False,0.0,0.9566965267745596,99397.57,98638.85,81.12883984491607,0.8112883984491608,1.0622993437666097,1.5622993437666073,0.4004682104886129,99543.98177270163,99149.48734094755,1.4274063997318756,0.1616971372980156,8.736081800077296,2025-01-06 12:15:00+00:00,2025-01-06 12:45:00+00:00,99543.98177270163,99149.48734094755,100727.46506796387,0.06336988208151509,24.99906562207031,-24.999065622070315,-1.0000000000000002,3,Stop loss,False,149.06822729836858,394.4944317540794,9.446435985998106,24.999065622070315,0.377871562433852,1.0,1,3,True,True,False,False,False,False,False,False,False
exness_native-S05,6,2025-01-08 19:45:00+00:00,2025-01-08 19:30:00+00:00,19,Wednesday,2,2025,2025-01,SHORT,94715.52,94715.59,94031.83,94153.63,94501.74000697162,95079.0488119316,-577.3088049599755,0.880256173198857,0.5307834904931157,1.4110396636919726,44.68953431602619,5.31046568397381,18.573944917824754,20.046313260940867,24.723589980206295,4.6772767192654285,655.8418134825813,0.6965656167293616,99.94298745724059,2025-01-08 18:00:00+00:00,94195.64,97270.35377348018,97416.71818070827,-139.845977789897,0.1435543923071627,89.90825688073394,0,EMA20,True,False,0.32606947076583753,0.5541867024330195,95093.76,93705.18,82.17649467649522,0.17813267813268374,1.0425684760310803,1.542568476031077,0.38571551477211685,93900.66163730349,94912.34254404478,2.947019743535605,0.12320429763365419,8.68779753824345,2025-01-08 20:00:00+00:00,2025-01-08 22:00:00+00:00,93900.66163730349,94912.34254404478,90865.61891707964,0.024648649383270563,24.936567958015136,-24.936567958015136,-1.0,9,Stop loss,False,362.72163730348984,1011.6809067412833,8.940598461619553,24.936567958015136,0.3585336392992227,1.0,6,9,True,True,False,False,False,False,False,False,False
exness_native-S05,7,2025-01-09 07:30:00+00:00,2025-01-09 07:15:00+00:00,7,Thursday,3,2025,2025-01,SHORT,94064.05,94106.36,93677.17,93677.44,94271.40115478836,94507.21606977096,-235.81491498260584,0.72052312931053,1.8148247746270347,2.5353479039375646,34.63608749145152,15.36391250854848,30.545111294856927,12.091687818331883,31.18401481682852,19.092326998496638,327.2829217963587,0.34937218800637454,55.8023320377568,2025-01-09 06:00:00+00:00,94049.03,96224.35919372787,97090.93959567287,-142.9239531174535,0.14720627250353985,90.17857142857143,2,EMA20,False,False,0.0,1.224799838533529,94592.39,93984.78,90.07898599687749,0.0006290920105409564,1.3113730397061538,1.8113730397061318,0.20082497430211813,93611.71341564073,94204.5448765389,3.125749354146587,0.08301940006849463,11.490739360361239,2025-01-09 07:30:00+00:00,2025-01-09 13:45:00+00:00,93611.71341564073,91833.2190329462,91833.2190329462,0.0419583442829336,24.874226538120098,74.6226796143603,3.0,26,Take profit,False,1778.4943826945237,213.74658435927995,74.6226796143603,8.968452775847778,3.0,0.36055202609429887,26,16,True,True,True,True,True,True,True,True,True
exness_native-S05,8,2025-01-09 19:30:00+00:00,2025-01-09 19:15:00+00:00,19,Thursday,3,2025,2025-01,SHORT,93283.56,93288.2,92731.17,92821.28,93226.22174487445,93426.83114208592,-200.60939721147588,0.3916446907443234,0.7905576042065304,1.182202294950854,43.50310140243834,6.49689859756166,22.77653005692046,19.190021165510064,24.80616503822593,5.616143872715867,512.2229458293341,0.5518378391564241,95.8896700919416,2025-01-09 18:00:00+00:00,93013.2,95076.89592761522,96652.33936903428,-167.5887770029658,0.17339339957730845,92.17391304347827,0,EMA20,True,False,0.12099859178545819,0.2706460989588652,93285.66,92347.89,82.9901441574062,0.1617686659605421,1.087475687170004,1.5874756871699995,0.37591949117801926,92628.72541083413,93441.8668837488,2.934778747735589,0.0908962655960059,11.021517347255443,2025-01-09 19:30:00+00:00,2025-01-10 02:15:00+00:00,92628.72541083413,93441.8668837488,90189.30099209014,0.030819708589363812,25.060783237156,-25.060783237156,-1.0,28,Stop loss,False,1508.58541083413,813.1414729146636,46.49416274407357,25.060783237156,1.8552557717006901,1.0,4,28,True,True,True,True,True,True,False,False,False
exness_native-S05,9,2025-01-10 16:30:00+00:00,2025-01-10 16:15:00+00:00,16,Friday,4,2025,2025-01,SHORT,93593.72,93974.8,93282.26,93381.12,93994.564095299,94073.32016744018,-78.7560721411719,0.11129682855243944,0.8669094387873633,0.9782062673398028,42.7165385205537,7.283461479446302,33.486995277396645,18.783497763792813,27.790961939542786,9.007464175749973,707.6218897294508,0.7577783279205162,99.89653388515262,2025-01-10 15:00:00+00:00,93705.02,94372.66558687136,96092.32038577355,-92.24058650636289,0.09599163193900674,49.68814968814969,1,both,False,False,0.0,0.13922713368553905,94499.73,92171.72,30.698587807202955,0.14274987726340632,0.9786865133083871,1.478686513308373,0.3397073796541137,93140.73562205411,94187.08656691884,3.6633604569518217,0.029593089796185197,10.265379296579868,2025-01-10 16:30:00+00:00,2025-01-10 17:15:00+00:00,93140.73562205411,94187.08656691884,90001.68278745994,0.023890771448861228,24.99813127906311,-24.99813127906311,-1.0,4,Stop loss,False,14.45562205411261,1046.3509448647237,0.3453559626459222,24.99813127906311,0.013815271181297101,1.0,1,4,True,False,False,False,False,False,False,False,False
exness_native-S05,10,2025-01-13 13:45:00+00:00,2025-01-13 13:30:00+00:00,13,Monday,0,2025,2025-01,SHORT,91362.71,91491.34,91065.17,91176.62,91663.05191548006,92691.68377663264,-1028.6318611525785,2.0886774983120975,0.9877191585195819,3.076396656831679,33.87554637523746,16.124453624762538,52.25768366651059,14.61576294166448,29.736595069424556,15.120832127760076,492.4799840970359,0.5401384522666401,93.2579185520362,2025-01-13 12:00:00+00:00,90677.28,93890.57881563276,95127.01930165662,-173.5330706350942,0.18242248302220496,92.9090909090909,0,EMA20,False,False,0.0,2.437345304161902,91739.29,90203.71,43.665673322855156,0.26151535772109147,0.8653549662152924,1.3653549662152937,0.4263036135455039,90966.6740031806,91639.08399522911,2.207675048018035,0.21847400784411405,5.76814329576044,2025-01-13 13:45:00+00:00,2025-01-13 14:45:00+00:00,90966.6740031806,91639.08399522911,88949.44402703505,0.03708397591608998,24.935635950865453,-24.935635950865453,-1.0,5,Stop loss,False,1977.6840031805914,672.4099920485169,73.34038594358547,24.935635950865453,2.9411877077488375,1.0,4,5,True,True,True,True,True,True,True,True,False
exness_native-S05,11,2025-01-15 08:00:00+00:00,2025-01-15 07:45:00+00:00,7,Wednesday,2,2025,2025-01,LONG,97216.69,97329.73,97143.47,97292.18,97088.72472588539,96876.04341463817,212.6813112472155,0.7727784729140901,0.7392556267148714,1.5120340996289614,56.84503367389532,6.845033673895323,21.67961253306578,25.35603648055506,14.796989183593432,10.559047296961626,275.21640250304864,0.2828761802881266,36.023539302227825,2025-01-15 06:00:00+00:00,97081.79,95574.13922704781,95235.45426699797,94.49801833395031,0.09922567079799902,57.432432432432435,3,EMA20,False,False,0.0,0.9716956654095673,97572.12,96819.57,40.52936755073167,0.7984000859014068,0.6767765231504743,1.1767765231504779,0.3364380889310922,97384.77328050061,97060.90507924909,2.4355634481431805,0.14210267269501398,12.727782700589275,2025-01-15 08:00:00+00:00,2025-01-15 09:15:00+00:00,97384.77328050061,97060.90507924909,98356.37788425517,0.07680067621603696,24.87329686098829,-24.87329686098829,-1.0,6,Stop loss,False,145.61671949939046,323.8682012515201,11.183462525914162,24.87329686098829,0.44961721754925454,1.0,3,6,True,True,False,False,False,False,False,False,False
exness_native-S05,12,2025-01-15 13:30:00+00:00,2025-01-15 13:15:00+00:00,13,Wednesday,2,2025,2025-01,LONG,96927.79,97340.69,96830.4,97274.58,96944.08929532676,96920.5102331307,23.579062196062296,0.08600956031575123,1.2055339589432545,1.2915435192590057,58.076861909389095,8.076861909389095,20.009149037406047,26.70856292962735,16.62404730467182,10.084515624955532,274.1446661220076,0.2818255973163879,35.98500624739692,2025-01-15 12:00:00+00:00,96930.24,95873.90301849533,95337.42222607399,81.5030264093366,0.08548901837944407,47.82608695652174,0,both,True,True,0.4147054799022418,0.3286959195864906,97184.73,96527.3,67.95939563777512,0.8704462168570822,1.8613894890550395,2.3613894890550453,0.4411500502095454,97395.5189332244,96748.15660016339,2.2255118181860025,0.08747002166297285,14.139125602843086,2025-01-15 13:30:00+00:00,2025-01-15 14:00:00+00:00,97395.5189332244,99337.60593240744,99337.60593240744,0.03832647089848119,24.81111361883582,74.43334085650746,3.0,3,Take profit,False,1942.0869991830405,0.0,74.43334085650746,0.0,3.0,0.0,3,0,True,True,True,True,True,True,True,True,True
exness_native-S05,13,2025-01-15 18:15:00+00:00,2025-01-15 18:00:00+00:00,18,Wednesday,2,2025,2025-01,LONG,98665.07,98928.26,98665.07,98913.1,98772.76706553005,98084.09851630141,688.6685492286342,1.6827482050766271,0.3429007958283595,2.025649000904987,55.25428754801722,5.254287548017217,35.69290920746078,21.89648647167086,16.855262625206002,5.041223846464856,409.25228572582216,0.41374932716275414,72.19008264462809,2025-01-15 17:00:00+00:00,98665.07,96443.90165985718,95517.25135226022,179.82912618623232,0.18826874061004584,93.69817578772802,0,EMA20,True,False,0.2631556848583876,1.4195925202182396,99370.18,98614.1,94.23990273187066,0.9423990273187065,0.6430996458167895,1.1430996458167813,0.23704316513003917,99010.11045714516,98542.29431428226,2.4451821725430847,0.15674087617430382,8.726385456826291,2025-01-15 18:15:00+00:00,2025-01-15 20:00:00+00:00,99010.11045714516,100413.55888573384,100413.55888573384,0.05343380589220732,24.99719697097709,74.99159091293127,3.0,8,Take profit,False,1403.4484285886865,0.0,74.99159091293127,0.0,3.0,0.0,8,0,True,True,True,True,True,True,True,True,True
exness_native-S05,14,2025-01-16 19:00:00+00:00,2025-01-16 18:45:00+00:00,18,Thursday,3,2025,2025-01,LONG,99375.35,99628.81,99225.0,99556.57,99344.25386266423,99261.96474600624,82.28911665799387,0.17073796821083057,0.44052515544362647,0.611263123654457,54.16351025244352,4.163510252443523,18.40087206826677,22.936143707442845,21.256196842089775,1.6799468653530703,481.9614378705835,0.48410811850045,84.75585549821358,2025-01-16 17:00:00+00:00,99818.19,98264.6948650327,96356.72702601392,136.2684389804781,0.14142078419048937,82.45614035087719,0,EMA20,True,True,0.24743444867939118,0.07669648046856063,100364.56,99267.31,44.87754141799416,0.8211039845472101,0.8378471144582088,1.3378471144581987,0.34988751033518106,99725.20228757411,99080.41156863882,2.5983859148681967,0.004512955549225244,9.70368455358789,2025-01-16 19:00:00+00:00,2025-01-17 01:30:00+00:00,99725.20228757411,101659.57444437996,101659.57444437996,0.039058682466530846,25.184675948259414,75.55402784477825,3.0,27,Take profit,False,1934.3721568058536,381.8022875741153,75.55402784477825,14.912694315352466,3.0,0.592133658816568,27,15,True,True,True,True,True,True,True,True,True
exness_native-S05,15,2025-01-18 15:00:00+00:00,2025-01-18 14:45:00+00:00,14,Saturday,5,2025,2025-01,LONG,103847.54,104040.49,103780.0,103944.72,103633.31901652804,103551.25999865953,82.05901786850882,0.21103991978742198,0.8008630895260478,1.0119030093134698,57.28345313275194,7.283453132751937,22.573980761191496,26.150460517223735,20.759114960717152,5.391345556506582,388.8317335941271,0.37407550243449317,61.44712430426716,2025-01-18 13:00:00+00:00,104307.36,102352.54160132672,98662.2597825958,247.55020122132555,0.25090668079852135,96.57228017883756,4,EMA50,False,False,0.0,0.5882750341031433,104530.19,103374.92,37.306614457370955,0.632346731160497,0.6699298886749598,1.1699298886749567,0.4463019134646321,104118.25634671883,103663.35047992176,2.550107736158235,0.029999672817853793,10.38120482317367,2025-01-18 15:00:00+00:00,2025-01-18 16:30:00+00:00,104118.25634671883,103663.35047992176,105482.97394711003,0.05577760778625096,25.37356101787136,-25.37356101787136,-1.0,7,Stop loss,False,863.1136532811652,454.9058667970676,48.14241482767503,25.37356101787136,1.8973456186842235,1.0,4,7,True,True,True,True,True,True,False,False,False
exness_native-S05,16,2025-01-20 14:45:00+00:00,2025-01-20 14:30:00+00:00,14,Monday,0,2025,2025-01,LONG,107476.66,107880.27,107248.85,107704.69,107380.49092817254,106302.92446955264,1077.5664586198982,1.3221891731351267,0.39779681269935435,1.719985985834481,56.31628388076384,6.316283880763841,25.41073123719616,19.55917912761071,18.77475118146758,0.7844279461431327,814.9865998863173,0.7566862686168238,97.63888888888889,2025-01-20 13:00:00+00:00,107916.98,104584.4416548066,100962.94098956487,350.3624035097746,0.3470207980034839,98.74826147426981,3,EMA20,True,False,0.1615252670300323,1.1606639061050943,108117.61,106773.98,36.11383864939335,0.7219283519685752,0.774761204770821,1.2747612047708252,0.41543912504143604,108043.26731997727,107004.35402003411,5.5936314328954415,0.07815776971509543,7.462621742438195,2025-01-20 14:45:00+00:00,2025-01-20 15:15:00+00:00,108043.26731997727,107004.35402003411,111160.00721980675,0.02436211675864715,25.310127115326683,-25.310127115326683,-1.0,3,Stop loss,False,23.282680022733985,1038.9132999431604,0.5672153691680668,25.310127115326683,0.022410609262589858,1.0,1,3,True,False,False,False,False,False,False,False,False
exness_native-S05,17,2025-01-21 17:15:00+00:00,2025-01-21 17:00:00+00:00,17,Tuesday,1,2025,2025-01,LONG,104997.61,105516.61,104897.82,105469.84,104405.63306464824,103750.31679710698,655.3162675412605,0.7858093396399827,1.2761223710296514,2.061931710669634,61.825320646953166,11.825320646953166,29.678972749394518,27.87477159968815,12.645289442090144,15.229482157598005,833.9379980409658,0.7906885968926907,96.45833333333333,2025-01-21 16:00:00+00:00,104997.62,103703.58412349391,101510.63644177587,138.49087930306268,0.13642991922575307,69.30555555555556,3,EMA20,False,False,0.0,1.3760054171757021,106540.2,103402.92,76.3150665007516,0.9244170073853738,0.7420095995788845,1.2420095995788971,0.2560833060849611,105683.3975996082,104647.63860058771,6.151493492560814,0.03538569280785391,11.599692651791237,2025-01-21 17:15:00+00:00,2025-01-22 10:00:00+00:00,105683.3975996082,104647.63860058771,108790.67459666966,0.02437521838710956,25.246851797538366,-25.246851797538366,-1.0,68,Stop loss,False,1615.582400391795,1035.758999020487,39.380173831920686,25.246851797538366,1.5598053233615587,1.0,6,68,True,True,True,True,True,True,False,False,False
exness_native-S05,18,2025-01-23 15:30:00+00:00,2025-01-23 15:15:00+00:00,15,Thursday,3,2025,2025-01,LONG,103540.36,104462.42,102860.5,104233.29,102768.66869285809,102600.11994005277,168.54875280531996,0.19624885925740987,1.7053241628117402,1.90157302206915,62.993325489095746,12.993325489095746,26.75894404326907,33.458332981923824,22.949650221633803,10.508682760290021,858.8521403033633,0.8239710559873561,96.84027777777777,2025-01-23 14:00:00+00:00,105207.08,103585.8656727124,102462.46795574915,4.238078514463268,0.0041362252920684895,1.8055555555555554,2,EMA50,False,False,0.0,0.30317216168927436,106015.43,101892.3,43.25621753895287,0.8569653915301607,1.8651871781261078,2.365187178126101,0.46678631774622953,104634.19042806067,102602.844357909,3.8297598351983972,0.005559623108872836,9.567788608231709,2025-01-23 15:30:00+00:00,2025-01-23 21:15:00+00:00,104634.19042806067,102602.844357909,110728.22863851569,0.01239755994219347,25.183734668044522,-25.183734668044522,-1.0,24,Stop loss,False,2292.2495719393337,2031.3460701516742,28.418301470585213,25.183734668044522,1.128438726232492,1.0,4,24,True,True,True,True,True,False,False,False,False
exness_native-S05,19,2025-01-24 10:30:00+00:00,2025-01-24 10:15:00+00:00,10,Friday,4,2025,2025-01,LONG,105197.38,105278.35,105032.97,105250.26,105052.76999395239,104588.35152916286,464.41846478953084,1.3009187449894868,0.5532046425670242,1.854123387556511,57.59460795784422,7.594607957844218,32.42749863415964,25.160504368511628,15.016445514747279,10.14405885376435,356.99267658202893,0.33918460304233833,46.00694444444444,2025-01-24 09:00:00+00:00,105132.52,104039.49932629561,102800.973043051,121.27561647244147,0.11797127291942429,60.27777777777777,0,EMA20,True,False,0.05546330569567697,1.2454554392938098,105782.53,105031.5,21.550248594013,0.8855244926236429,0.6873530357803344,1.1873530357803117,0.2786850875176241,105349.74853531641,104925.8721970254,4.878664797830909,0.10546912621010426,11.225285644611771,2025-01-24 10:30:00+00:00,2025-01-24 14:00:00+00:00,105349.74853531641,104925.8721970254,106621.37755018944,0.05926439638658909,25.12077533137441,-25.12077533137441,-1.0,15,Stop loss,False,439.1114646835922,423.87633829101105,26.023675900904124,25.12077533137441,1.0359423846445552,1.0,11,15,True,True,True,True,True,False,False,False,False
exness_native-S05,20,2025-01-24 16:00:00+00:00,2025-01-24 15:45:00+00:00,15,Friday,4,2025,2025-01,LONG,105641.65,105969.41,105577.29,105859.95,105457.18635059692,105093.60794760313,363.57840299379313,0.7811517403725748,0.8653416239781212,1.646493364350696,59.6248580792156,9.624858079215599,32.67022563367698,19.96171115419583,10.073523331602686,9.888187822593142,465.43889516316295,0.4396742064994013,72.88194444444444,2025-01-24 14:00:00+00:00,105742.01,104292.69381954924,102929.38394347497,128.41090042397263,0.12475630913568003,64.30555555555556,0,EMA20,False,False,0.0,1.0391956010193462,106317.27,104637.84,55.67173314291477,0.720850759971428,0.842473639558098,1.3424736395580898,0.43517587622675113,106062.49777903264,105437.65833145105,3.7678695052905455,0.02168473095474847,12.033228270401512,2025-01-24 16:00:00+00:00,2025-01-24 20:15:00+00:00,106062.49777903264,105437.65833145105,107937.0161217774,0.04010305925791291,25.057973393045977,-25.057973393045973,-0.9999999999999999,18,Stop loss,False,1122.5822209673643,624.8394475815876,45.01898132933369,25.057973393045973,1.7965930693272765,1.0,10,18,True,True,True,True,True,True,False,False,False
exness_native-S05,21,2025-01-25 18:30:00+00:00,2025-01-25 18:15:00+00:00,18,Saturday,5,2025,2025-01,LONG,104830.31,105072.81,104787.86,105002.01,104710.42664613083,104649.59310410237,60.83354202845658,0.259220823412903,1.242480292337808,1.501701115750711,61.35021336502076,11.350213365020757,18.379252456585725,22.850032339885843,10.865905767663467,11.984126572222376,234.67845378901964,0.22349901091323837,19.54861111111111,2025-01-25 17:00:00+00:00,104838.43,104600.77310912669,103380.30966101463,67.84634778939653,0.06562792084088893,25.0,1,both,False,False,0.0,0.5891759284468988,105040.78,104400.53,60.256185295665496,0.7515353570801767,1.2142145791371735,1.7142145791371428,0.5016893918333615,105119.7456907578,104717.4564638633,1.5094933886957704,0.16350899511917097,8.245065903258428,2025-01-25 18:30:00+00:00,2025-01-25 23:45:00+00:00,105119.7456907578,104717.4564638633,106326.6133714413,0.06213273134982156,24.99532845956336,-24.99532845956336,-1.0,22,Stop loss,False,163.66430924220185,402.28922689449973,10.168910557699846,24.99532845956336,0.40683244367645666,1.0,1,22,True,True,False,False,False,False,False,False,False
exness_native-S05,22,2025-01-26 15:15:00+00:00,2025-01-26 15:00:00+00:00,15,Sunday,6,2025,2025-01,LONG,104878.92,104981.29,104821.95,104918.16,104820.86307064274,104819.03647472493,1.8265959178097546,0.011623663728163846,0.6191554342177094,0.6307790979458732,55.57815399136089,5.578153991360892,19.619521346247353,21.280826043277894,12.075401677826394,9.205424365451501,157.14459403913744,0.14977825958741314,3.6111111111111107,2025-01-26 14:00:00+00:00,104879.14,104744.67713037657,103660.3672561171,58.92114642033994,0.056840572708720505,15.694444444444445,1,both,False,False,0.0,0.01854041046009847,104952.48,104737.12,24.62658466173346,0.6038031881511768,1.0139706107886364,1.5139706107886053,0.6017319233028493,105012.71891880782,104774.80662178826,0.9001020287117121,0.005421191072330439,15.21485828926408,2025-01-26 15:15:00+00:00,2025-01-26 21:00:00+00:00,105012.71891880782,104774.80662178826,105726.4558098665,0.09497074409697613,24.932840138414452,-22.594707877768442,-0.9062227869883299,24,Stop loss,False,211.5210811921861,237.91229701956036,20.088314473018816,22.594707877768442,0.8890716614568079,1.0,14,24,True,True,True,True,False,False,False,False,False
exness_native-S05,23,2025-01-27 17:15:00+00:00,2025-01-27 17:00:00+00:00,17,Monday,0,2025,2025-01,SHORT,99686.25,99997.34,99193.8,99514.07,100431.30053482381,100484.71341384795,-53.41287902413751,0.07195660201916527,1.2356718783931546,1.30762848041232,40.99725947165191,9.002740528348092,30.206648845999858,17.614589667027435,27.504907179773515,9.89031751274608,742.2929588852912,0.7459175962608012,93.88888888888889,2025-01-27 16:00:00+00:00,99686.26,102435.58326424142,103178.01603204248,-123.61580599032459,0.11980827965516903,59.72222222222222,1,both,False,False,0.0,0.6565782525808167,101598.78,99523.47,21.42768250491505,0.398573810886834,1.0825106049863085,1.5825106049863047,0.6314603771548076,99045.34140822294,100220.02788766558,3.7911382458179266,0.19933008660393545,6.795646906981548,2025-01-27 17:15:00+00:00,2025-01-27 20:15:00+00:00,99045.34140822294,100220.02788766558,95521.28196989503,0.02117701514749989,24.876353368720032,-24.876353368720032,-1.0,13,Stop loss,False,300.3714082229417,1174.6864794426365,6.36096986181311,24.876353368720032,0.2557034693763237,1.0,7,13,True,True,False,False,False,False,False,False,False
exness_native-S05,24,2025-01-29 15:30:00+00:00,2025-01-29 15:15:00+00:00,15,Wednesday,2,2025,2025-01,SHORT,102255.75,102330.22,101836.49,101969.25,102197.16139843513,102240.65890704637,-43.49750861123903,0.11839130510209929,0.6203281238366709,0.7387194289387702,43.05622764450384,6.943772355496158,25.021738236050727,14.595512707146941,19.402888843366288,4.807376136219347,367.4045874714134,0.3603091985784081,51.5625,2025-01-29 14:00:00+00:00,101999.89,102187.14277441216,102770.45068284476,-27.937354281471926,0.027184228633664487,8.472222222222223,0,both,True,True,0.36215824761639953,0.24376694251430023,102508.3,101542.37,58.027666943471615,0.26889190448219846,1.3438318867981243,1.8438318867980952,0.5613455153450422,101763.00908250573,102440.44137624142,2.2255090778015028,0.07681091622670909,9.647274980941052,2025-01-29 15:45:00+00:00,2025-01-29 17:15:00+00:00,101763.00908250573,102440.44137624142,99730.71220129865,0.0366297306974559,24.814162485298233,-24.814162485298237,-1.0000000000000002,7,Stop loss,False,119.2690825057216,677.4322937356919,4.368794372717231,24.814162485298237,0.17606052089429297,1.0,3,7,True,False,False,False,False,False,False,False,False
exness_native-S05,25,2025-01-30 08:00:00+00:00,2025-01-30 07:45:00+00:00,7,Thursday,3,2025,2025-01,LONG,104937.97,105191.91,104898.92,105141.08,105019.14947628311,104417.73989409737,601.4095821857481,1.8552116040946933,0.376127898845232,2.2313395029399254,56.472588767841394,6.472588767841394,28.201514165998205,22.350267411291078,17.8200635855396,4.530203825751478,324.1730381905541,0.30832195959044184,38.333333333333336,2025-01-30 06:00:00+00:00,105230.43,103090.30201278994,102945.23951597596,116.72663193391054,0.11338710996519256,58.75,0,EMA20,True,False,0.3708805548857595,1.4843310492089337,105403.73,104826.94,69.32318509164031,0.8265128502679244,0.9038074283888502,1.4038074283888453,0.35679897465786564,105256.74460763812,104801.66808854284,2.8248739167390813,0.13619487088874904,9.314966077643716,2025-01-30 08:00:00+00:00,2025-01-30 14:00:00+00:00,105256.74460763812,104801.66808854284,106621.97416492396,0.05439113212936958,24.75212707908499,-24.75212707908499,-1.0,25,Stop loss,False,338.69539236188575,455.0765190952807,18.422025837564,24.75212707908499,0.744260312606839,1.0,8,25,True,True,True,False,False,False,False,False,False
exness_native-S05,26,2025-01-30 15:45:00+00:00,2025-01-30 15:30:00+00:00,15,Thursday,3,2025,2025-01,LONG,105541.58,106034.3,105485.18,105856.37,105353.11134111261,105040.80251076938,312.3088303432305,0.7540930638485145,1.215155727654584,1.9692487915030985,59.53900017766703,9.539000177667027,19.06745561421458,27.69027870427557,15.772424297050623,11.917854407224947,414.1515753365535,0.3912391624014252,60.59027777777778,2025-01-30 14:00:00+00:00,105937.59,103691.8754437282,103124.75634723148,112.19467797809921,0.1087950963009584,56.111111111111114,2,EMA20,False,False,0.0,1.0729827331200998,106491.15,104741.09,57.32626748251528,0.6759724650349571,1.32589137094016,1.8258913709401594,0.6296253125571751,106117.13031506732,105360.93452739903,2.957986044905527,0.2150670384423355,7.804185624366457,2025-01-30 15:45:00+00:00,2025-01-30 17:00:00+00:00,106117.13031506732,105360.93452739903,108385.71767807218,0.03265060076242837,24.690246761387275,-24.690246761387275,-1.0,6,Stop loss,False,99.56968493267777,756.1957876682864,3.2510100307776417,24.690246761387275,0.13167183229054844,1.0,1,6,True,False,False,False,False,False,False,False,False
exness_native-S05,27,2025-01-31 14:30:00+00:00,2025-01-31 14:15:00+00:00,14,Friday,4,2025,2025-01,LONG,104649.44,104759.66,104440.13,104719.08,104601.21926798974,104560.08760300842,41.13166498132341,0.16104097471184572,0.46145487112671774,0.6224958458385634,56.04239897734762,6.0423989773476166,19.79365845097234,20.1808113664926,16.74052481527903,3.4402865512135676,255.41117752746612,0.24390128095803182,22.916666666666664,2025-01-31 13:00:00+00:00,104682.5,104274.20654688572,103455.51510892677,54.17831565957749,0.052368707074276266,19.444444444444446,0,both,True,True,0.6307056314025801,0.4696646566907343,105048.1,104532.13,21.79451068757227,0.8730009701749385,1.2510415679268287,1.7510415679268552,0.35888106539755293,104810.7422355055,104363.50664674176,1.9976900789488132,0.013390397232746931,11.089292725976629,2025-01-31 14:30:00+00:00,2025-01-31 14:30:00+00:00,104810.7422355055,104363.50664674176,106152.44900179672,0.0550683392897302,24.628521144483805,-24.628521144483805,-1.0,1,Stop loss,False,0.0,447.23558876373863,0.0,24.628521144483805,0.0,1.0,0,1,True,False,False,False,False,False,False,False,False
exness_native-S05,28,2025-01-31 15:15:00+00:00,2025-01-31 15:00:00+00:00,15,Friday,4,2025,2025-01,LONG,104423.92,104989.55,104421.04,104853.18,104599.40461711929,104563.04866760399,36.3559495153022,0.11368938929571333,0.7935858829886812,0.9072752722843944,58.53379916916464,8.533799169164638,18.655601302732922,23.506258282460582,17.968415302624585,5.537842979835997,319.78313667195505,0.3049818199810011,38.923611111111114,2025-01-31 14:00:00+00:00,104424.0,104280.08079994902,103465.15177450959,55.81952644903504,0.05395007448564641,20.27777777777778,1,both,True,True,0.5577674263113775,0.44407803701566423,104866.89,104068.19,75.5061476491157,0.760127350442371,1.7777985603512518,2.277798560351263,0.6264452510512066,105053.5066273344,104325.10505899841,1.873112190808171,0.09882006634857196,11.921601477309755,2025-01-31 15:15:00+00:00,2025-01-31 18:15:00+00:00,105053.5066273344,104325.10505899841,107238.71133234237,0.03372720613128963,24.566949841622595,-24.56694984162259,-0.9999999999999999,13,Stop loss,False,1037.6733726655948,728.4015683359903,34.99782373684304,24.56694984162259,1.4245897013046331,1.0,3,13,True,True,True,True,True,False,False,False,False
exness_native-S05,29,2025-02-01 15:00:00+00:00,2025-02-01 14:45:00+00:00,14,Saturday,5,2025,2025-02,SHORT,102034.81,102038.87,101797.22,101818.16,102032.8037455689,102194.52398337981,-161.72023781090684,0.7845067873874448,1.0412393498082653,1.8257461371957102,41.17638346782171,8.823616532178292,21.996982351187473,14.91491861795408,28.562949802531907,13.648031184577828,206.14256040979026,0.20246148664421973,16.38888888888889,2025-02-01 13:00:00+00:00,101874.91,103151.52425542829,103271.1321321507,-71.0041381235933,0.0687550689700322,31.38888888888889,0,EMA20,True,False,0.029427472032130055,0.7550793153553148,102294.5,101794.4,89.65445892820169,0.08665425201739223,1.1722470096404098,1.6722470096404078,0.3015801878000137,101755.99148791804,102100.71276812293,1.9575854166922024,0.18439782558545956,6.053162025738338,2025-02-01 15:00:00+00:00,2025-02-01 15:30:00+00:00,101755.99148791804,102100.71276812293,100721.82764730338,0.07108795967702779,24.50553246701854,-24.50553246701854,-1.0,3,Stop loss,False,57.53148791803687,344.7212802048889,4.089796093276816,24.50553246701854,0.16689276590015678,1.0,1,3,True,False,False,False,False,False,False,False,False
exness_native-S05,30,2025-02-01 19:15:00+00:00,2025-02-01 19:00:00+00:00,19,Saturday,5,2025,2025-02,SHORT,102006.24,102041.07,101818.16,101884.18,102072.14713584069,102137.02223480109,-64.87509896040137,0.33307342957681163,0.9650368105088196,1.2981102400856313,41.769445234926216,8.230554765073784,19.53846631626032,13.344178703386318,27.282380172508073,13.938201469121756,194.77716683323797,0.19117508413302042,13.784722222222223,2025-02-01 18:00:00+00:00,102006.08,102945.69947740679,103209.7628143136,-61.369317837103154,0.05946076820999358,23.47222222222222,0,both,False,False,0.0,0.49262568277949575,102298.94,101955.96,54.757525458709935,0.29617334350181007,1.1444359912620146,1.644435991261989,0.5389514339558689,101779.20456663336,102099.50315004998,1.2356792127306502,0.07692557333390178,14.48399154986599,2025-02-01 19:15:00+00:00,2025-02-01 22:15:00+00:00,101779.20456663336,100818.3088163835,100818.3088163835,0.07631713002007236,24.44426863585099,73.33280590755297,3.0,13,Take profit,False,960.8957502498524,79.42543336664676,73.33280590755297,6.061521125142974,3.0,0.24797310222048916,13,2,True,True,True,True,True,True,True,True,True
exness_native-S05,31,2025-02-02 07:30:00+00:00,2025-02-02 07:15:00+00:00,7,Sunday,6,2025,2025-02,SHORT,100201.08,100216.34,99716.87,99826.81,100133.66973806599,100588.13647438597,-454.4667363199842,1.2585211166410784,0.8497639746533401,2.1082850912944187,41.22899816818559,8.77100183181441,30.61103046017148,14.899783036305543,26.701117731104468,11.801334694798925,361.11172892587626,0.36173822335490463,52.708333333333336,2025-02-02 06:00:00+00:00,100232.79,102019.37643146714,102911.50386503928,-155.97039910989406,0.1515577882473057,72.36111111111111,0,EMA20,True,False,0.228932641373651,1.0295884752674274,100467.54,100028.17,74.93342943520196,0.22011332011933063,1.3831453259235593,1.8831453259235897,0.5044487098965805,99644.64765421482,100324.67351867777,1.6681662876799195,0.1926039845335348,7.922328779386276,2025-02-02 07:30:00+00:00,2025-02-02 17:15:00+00:00,99644.64765421482,97604.57006082596,97604.57006082596,0.036215682281540124,24.627600650619875,73.88280195185962,2.9999999999999996,40,Take profit,False,2040.0775933888508,376.91234578518197,73.88280195185962,13.65013776294614,3.0,0.5542617795616467,40,5,True,True,True,True,True,True,True,True,True
exness_native-S05,32,2025-02-08 08:15:00+00:00,2025-02-08 08:00:00+00:00,8,Saturday,5,2025,2025-02,SHORT,96234.67,96331.05,96139.41,96169.9,96255.45038920417,96518.5829983456,-263.13260914143757,1.1254011863822266,0.36589349309453273,1.4912946794767594,44.18492791243453,5.8150720875654685,27.594438201559633,15.333387710394325,24.665575404037252,9.332187693642927,233.81227274810095,0.2431241716463269,15.243055555555557,2025-02-08 07:00:00+00:00,96234.67,97144.33697549728,98829.40992214641,-129.75448564864928,0.13129136939182812,63.61111111111111,0,EMA20,True,False,0.32333465607805,0.8020665303041766,96327.19,95768.58,33.797745773327215,0.15910039657686695,0.8196319113088812,1.3196319113088684,0.3304037621363058,96092.64754545038,96401.19368182443,2.5279982062755812,0.04046578300896929,7.92417253128471,2025-02-08 08:15:00+00:00,2025-02-08 13:30:00+00:00,96092.64754545038,96401.19368182443,95167.00913632824,0.08041684769443962,24.812307655499527,-24.812307655499527,-1.0,22,Stop loss,False,247.5775454503746,308.5461363740469,19.909405765045975,24.812307655499527,0.8024004071476663,1.0,15,22,True,True,True,True,False,False,False,False,False
exness_native-S05,33,2025-02-09 17:30:00+00:00,2025-02-09 17:15:00+00:00,17,Sunday,6,2025,2025-02,SHORT,96435.9,96438.98,96169.7,96246.14,96438.26486941917,96573.76678815947,-135.50191874029406,0.615418644745096,0.8725871032600871,1.4880057480051831,40.57484255087243,9.425157449127568,20.431444300670503,18.155006353862206,26.648947017009107,8.493940663146901,220.17844258913934,0.22876599787704663,16.84027777777778,2025-02-09 16:00:00+00:00,96476.35,96738.90317926492,98189.40087483944,-95.80964120599674,0.09757635788828557,49.44444444444444,0,both,True,False,0.0032479591208502846,0.6121706856242457,96615.69,96331.51,70.46939988116294,0.283868092691632,1.2230080149239893,1.72300801492402,0.5471729525430773,96125.66431148216,96505.03353277674,1.102393397529876,0.005051311453993212,11.272053749772992,2025-02-09 17:30:00+00:00,2025-02-09 20:15:00+00:00,96125.66431148216,96505.03353277674,94987.55664759844,0.06524060334125659,24.750276886360776,-24.750276886360776,-1.0,12,Stop loss,False,248.1643114821636,379.36922129457525,16.190389408863883,24.750276886360776,0.6541498296443697,1.0,9,12,True,True,True,False,False,False,False,False,False
exness_native-S05,34,2025-02-12 14:30:00+00:00,2025-02-12 14:15:00+00:00,14,Wednesday,2,2025,2025-02,SHORT,94911.48,95094.94,94601.6,94696.83,95716.44480489161,95920.32045687774,-203.87565198613447,0.4538221925328167,2.269637505935722,2.7234596984685386,33.53733639771863,16.462663602281367,20.102333332527298,12.845707842625066,33.89338895828989,21.047681115664822,449.2412564671831,0.47439946666343863,73.05555555555556,2025-02-12 13:00:00+00:00,94967.36,96487.83268920096,97469.05412981118,-82.17287302082696,0.08430662814413642,42.5,2,both,False,False,0.0,1.8372766191789758,96662.22,94075.43,43.50954716828064,0.19303117525438157,1.0981627196923192,1.5981627196923192,0.4119796404027693,94511.75174870656,95229.71237694015,2.8549253453694594,0.1382506001819195,9.662892750838953,2025-02-12 14:30:00+00:00,2025-02-12 14:30:00+00:00,94511.75174870656,95229.71237694015,92357.8698640058,0.03438684549441967,24.688401194144873,-24.688401194144873,-1.0,1,Stop loss,False,0.0,717.9606282335881,0.0,24.688401194144873,0.0,1.0,0,1,True,False,False,False,False,False,False,False,False
exness_native-S05,35,2025-02-13 11:00:00+00:00,2025-02-13 10:45:00+00:00,10,Thursday,3,2025,2025-02,SHORT,96287.71,96299.95,96164.02,96189.53,96320.13580303275,96617.4753984732,-297.33959544044046,1.231594782636772,0.5409754639605242,1.7725702465972961,39.87241178779482,10.127588212205183,43.91969498190761,10.48312512841817,21.344153526624563,10.861028398206393,241.4264818529467,0.2509903955793803,17.95138888888889,2025-02-13 09:00:00+00:00,96282.05,96714.58460247552,97371.23481831262,-60.60948623121658,0.06224578166674101,28.749999999999996,1,EMA20,False,False,0.0,1.3152053413370055,96379.19,96120.18,72.22835282867109,0.1876701243286697,0.5630285416774959,1.0630285416774992,0.3056636364172306,96115.73470362941,96372.37794455588,3.363425331000512,0.009060388025656181,9.124150077622952,2025-02-13 11:00:00+00:00,2025-02-13 15:15:00+00:00,96115.73470362941,96372.37794455588,95345.80498085,0.09595686253905862,24.626680191159508,-24.626680191159508,-1.0,18,Stop loss,False,761.0547036294156,256.6432409264671,73.02842158087184,24.626680191159508,2.965418847120433,1.0,15,18,True,True,True,True,True,True,True,True,False
exness_native-S05,36,2025-02-13 16:30:00+00:00,2025-02-13 16:15:00+00:00,16,Thursday,3,2025,2025-02,SHORT,95826.05,95842.38,95392.62,95480.25,95984.91492411231,96233.9964483664,-249.0815242540848,0.6356794854821628,1.2879523692546462,1.923631854736809,36.205353258992616,13.794646741007384,30.750784679602134,12.051981736290271,23.48347956104378,11.431497824753508,391.8350834700234,0.4103833865852083,59.895833333333336,2025-02-13 15:00:00+00:00,96031.72,96563.57771802407,97291.87793527248,-67.5986261414946,0.0694802357360883,35.55555555555556,1,both,False,False,0.0,0.999442022644582,96500.79,95571.52,76.88545001778631,0.1948372465314898,1.1478298370248343,1.647829837024818,0.42364000493259335,95314.252983306,95959.93052504101,2.229620551613034,0.005531812596826548,11.785027814493601,2025-02-13 16:30:00+00:00,2025-02-13 17:30:00+00:00,95314.252983306,95959.93052504101,93377.22035810095,0.03804548230789032,24.56511349068161,-24.56511349068161,-1.0,5,Stop loss,False,100.60298330600199,645.6775417350145,3.8274890214894843,24.56511349068161,0.15580994661153844,1.0,2,5,True,False,False,False,False,False,False,False,False
exness_native-S05,37,2025-02-13 18:15:00+00:00,2025-02-13 18:00:00+00:00,18,Thursday,3,2025,2025-02,SHORT,95756.51,95844.54,95505.78,95583.97,95837.95451496798,96099.78041698645,-261.8259020184778,0.6789238579624026,0.658590862994899,1.3375147209573015,42.544434438147704,7.455565561852296,27.22281557228773,13.673211755780839,19.73301934875702,6.059807592976179,385.648403643192,0.4034655639885977,58.26388888888889,2025-02-13 17:00:00+00:00,95757.02,96486.57646327405,97257.56821352753,-73.14444181651925,0.07520694086853141,39.02777777777778,0,EMA20,True,False,0.017076396452843753,0.6618474615095589,96057.41,95213.65,50.932813791473684,0.23081237454245937,0.8784167049565201,1.3784167049565226,0.4027494455087859,95428.65031927136,95960.23452109295,1.7924497232406582,0.11437677483556276,10.455989961605855,2025-02-13 18:15:00+00:00,2025-02-13 18:45:00+00:00,95428.65031927136,95960.23452109295,93833.89771380658,0.046095614999444146,24.503700706954906,-24.503700706954906,-1.0,3,Stop loss,False,59.13031927135307,531.5842018215917,2.725648431926504,24.503700706954906,0.11123415456804371,1.0,1,3,True,False,False,False,False,False,False,False,False
exness_native-S05,38,2025-02-16 18:00:00+00:00,2025-02-16 17:45:00+00:00,17,Sunday,6,2025,2025-02,SHORT,97021.98,97036.67,96909.48,96952.38,97035.2323243162,97143.91724536027,-108.6849210440705,0.7501211555548739,0.5718298422581306,1.3219509978130044,43.01476044369596,6.9852395563040375,21.593419057944395,15.75991452691697,21.63984223958802,5.87992771267105,144.88982244964805,0.14944431735419805,4.236111111111112,2025-02-16 16:00:00+00:00,97045.14,97261.60359679734,97262.67239510798,-14.95187132137653,0.015372671707639162,12.777777777777777,0,EMA20,True,False,0.009922544313300046,0.7401986112415738,97179.52,96928.5,54.72128311973425,0.3372906675053695,0.8778394358527374,1.3778394358527495,0.49608704928127145,96880.50203551007,97080.1369467349,0.6694397538739458,0.08569496665266495,11.442038090526816,2025-02-16 18:00:00+00:00,2025-02-16 19:30:00+00:00,96880.50203551007,97080.1369467349,96281.59730183559,0.10091789758161457,24.442441455187517,-20.14673552470192,-0.8242521747117082,7,Stop loss,False,266.2720355100755,199.6349112248281,26.87161400845384,20.14673552470192,1.3337949453650466,1.0,3,7,True,True,True,True,True,False,False,False,False
exness_native-S05,39,2025-02-17 07:30:00+00:00,2025-02-17 07:15:00+00:00,7,Monday,0,2025,2025-02,SHORT,96350.42,96377.75,96154.18,96218.1,96314.88776028912,96480.51294438122,-165.62518409210315,0.7986496893383966,0.46671353218644973,1.2653632215248465,44.80765090006891,5.192349099931093,25.04256303416453,16.06475527320736,23.9498103795134,7.885055106306041,207.3815169568368,0.21553275003023006,18.194444444444443,2025-02-17 06:00:00+00:00,96434.65,96948.45626139565,97171.49639143376,-46.926747827776126,0.04829270883998962,31.805555555555554,0,EMA50,True,False,0.3031236372138629,0.4955260521245338,96529.16,96243.06,59.18504271592266,0.28590598022995395,1.078061358990539,1.5780613589905481,0.508224189590202,96112.70369660863,96439.96445508706,1.076396233388619,0.1484121720213294,11.064923394600664,2025-02-17 07:30:00+00:00,2025-02-17 10:00:00+00:00,96112.70369660863,96439.96445508706,95130.92142117335,0.07453406491442714,24.392074616375762,-24.392074616375762,-1.0,11,Stop loss,False,174.53369660863245,327.2607584784273,13.008705872782743,24.392074616375762,0.5333169104053688,1.0,2,11,True,True,True,False,False,False,False,False,False
exness_native-S05,40,2025-02-18 16:15:00+00:00,2025-02-18 16:00:00+00:00,16,Tuesday,1,2025,2025-02,SHORT,95542.69,95629.55,95383.62,95402.16,95793.75684143165,95829.77218697511,-36.0153455434629,0.10879662616664197,1.1829517257820539,1.2917483519486959,39.30832959763122,10.691670402368779,21.337241140172527,17.017861132351452,22.087719573032615,5.069858440681163,331.0336617267782,0.3469875962208593,50.208333333333336,2025-02-18 15:00:00+00:00,95542.69,96153.55880378203,96814.3396751078,-49.89929368534649,0.051541221943773925,35.41666666666667,4,both,False,False,0.0,0.604839356610095,96043.55,95141.2,57.142276257469405,0.075387305330816,0.7429153842456911,1.2429153842456862,0.2560063889070796,95317.41326765464,95728.86009851804,1.5833537177608905,0.021365843348080005,13.856169137105148,2025-02-18 16:15:00+00:00,2025-02-18 17:45:00+00:00,95317.41326765464,94083.07277506446,94083.07277506446,0.05913545227405828,24.331094429834824,72.99328328950448,3.0,7,Take profit,False,1234.340492590185,0.0,72.99328328950448,0.0,3.0,0.0,7,0,True,True,True,True,True,True,True,True,True
exness_native-S05,41,2025-02-21 10:00:00+00:00,2025-02-21 09:45:00+00:00,9,Friday,4,2025,2025-02,LONG,98221.56,98376.62,98178.95,98341.65,98276.77998559242,98200.09115163998,76.68883395244484,0.4133191746290987,0.34962092173341563,0.7629400963625143,54.184901571316296,4.184901571316296,20.42520026366428,31.293178935440025,17.479662871250966,13.81351606418906,185.54385728961958,0.18867271119573403,13.125,2025-02-21 08:00:00+00:00,98212.25,97342.16653308336,96847.73477823847,72.18953428538225,0.0745392078097454,58.333333333333336,0,both,True,True,0.5272607081770535,0.11394153354795479,98925.97,98097.28,60.75276976779358,0.8230889866949893,1.0653545899471666,1.5653545899471777,0.38847296003667053,98413.72877145791,98123.2868428131,1.470774111276708,0.12083850224056183,9.678696984508885,2025-02-21 10:00:00+00:00,2025-02-21 13:00:00+00:00,98413.72877145791,99285.05455739234,99285.05455739234,0.0844009601245864,24.513577638058585,73.54073291417575,2.9999999999999996,13,Take profit,False,871.3257859344303,35.588771457914845,73.54073291417575,3.0037264807024893,3.0,0.12253317426988095,13,2,True,True,True,True,True,True,True,True,True
exness_native-S05,42,2025-02-24 18:30:00+00:00,2025-02-24 18:15:00+00:00,18,Monday,0,2025,2025-02,SHORT,94686.94,94879.23,94523.76,94529.16,94904.59038605582,95263.88592572365,-359.29553966782987,0.8335271551935625,0.8709582700403956,1.704485425233958,40.618160203187166,9.381839796812834,27.670534432072177,16.44513164916696,24.02924355587335,7.58411190670639,431.0543902848539,0.45600150290646174,79.86111111111111,2025-02-24 17:00:00+00:00,94682.74,95869.84414680344,96476.67638838266,-88.26521405488893,0.09148865545446741,70.97222222222223,1,EMA20,False,False,0.0,0.8923605335963726,95230.03,94321.36,44.386305454749575,0.015191155371785843,0.8246523130528742,1.3246523130528627,0.21252742141528416,94437.54912194303,95008.54631708545,1.8137024385798728,0.10757906315740061,9.724111586405222,2025-02-24 18:30:00+00:00,2025-02-24 22:45:00+00:00,94437.54912194303,92724.55753651576,92724.55753651576,0.04325315374654998,24.697429470344026,74.09228841103209,3.0000000000000004,18,Take profit,False,1712.9915854272695,144.36087805697753,74.09228841103209,6.244063253585402,3.0,0.2528223943744063,18,4,True,True,True,True,True,True,True,True,True
exness_native-S05,43,2025-02-25 13:30:00+00:00,2025-02-25 13:15:00+00:00,13,Tuesday,1,2025,2025-02,SHORT,89400.29,89422.08,89023.04,89045.7,89151.38833853863,90250.9433788346,-1099.555040295978,1.7717695802908742,0.17030105483744234,1.9420706351283166,45.62151951691874,4.378480483081262,43.10276707340998,16.651150149493013,23.34985922495276,6.698709075459746,620.5970869617607,0.6969422296211505,95.9375,2025-02-25 12:00:00+00:00,89411.5,93327.50895604726,95594.53381637052,-342.7199397646473,0.35851415983991824,99.16666666666667,0,EMA20,True,False,0.4361793942452908,1.3355901860455834,89575.67,88901.37,88.86076583800853,0.056786287089021226,0.6429936723576593,1.1429936723576581,0.23651322327493507,88898.92058260764,89608.25912608852,3.6833424765690586,0.27035139086574145,5.796530924413412,2025-02-25 13:30:00+00:00,2025-02-25 15:00:00+00:00,88898.92058260764,86770.90495216497,86770.90495216497,0.035078680582147206,24.882660191371606,74.64798057411481,2.9999999999999996,7,Take profit,False,2128.0156304426637,477.7094173923688,74.64798057411481,16.75741606379054,3.0,0.6734575778839516,7,4,True,True,True,True,True,True,True,True,True
exness_native-S05,44,2025-02-25 19:00:00+00:00,2025-02-25 18:45:00+00:00,18,Tuesday,1,2025,2025-02,SHORT,87424.95,87563.09,86899.28,86994.21,87466.12693684272,88560.19196774645,-1094.06503090373,1.5292885578020627,0.6596474170739304,2.188935974875993,42.00518577008173,7.994814229918269,31.249601689552975,16.704004656677125,22.42998649067559,5.725981833998464,715.4078445968049,0.8223625970013462,98.36805555555556,2025-02-25 17:00:00+00:00,87178.17,92273.27178543896,95201.20090992372,-393.332906446798,0.41315960585303624,100.0,0,EMA20,True,False,0.13553536474278832,1.3937531930592746,87755.2,86767.68,64.88904957743816,0.14300778837319097,0.927876322594859,1.4278763225948585,0.33269354077813196,86756.19843108064,87777.71235337904,4.254529706840633,0.24989080665149446,7.015682432760664,2025-02-25 19:00:00+00:00,2025-02-25 19:45:00+00:00,86756.19843108064,87777.71235337904,83691.65666418544,0.024541300510521846,25.069280142806893,-25.069280142806893,-1.0,4,Stop loss,False,356.7884310806403,1021.5139222983998,8.756052105827607,25.069280142806893,0.34927417364794067,1.0,2,4,True,True,False,False,False,False,False,False,False
exness_native-S05,45,2025-02-26 16:00:00+00:00,2025-02-26 15:45:00+00:00,15,Wednesday,2,2025,2025-02,SHORT,87693.06,87931.87,87359.79,87518.74,87750.70856502153,88157.42415713296,-406.71559211143176,0.6745167916604415,0.3847078776402725,1.059224669300714,45.82178339020795,4.178216609792052,30.05661694049626,20.557620560206225,28.319352430617517,7.7617318704112925,602.9732649208479,0.6889647462027536,94.51388888888889,2025-02-26 14:00:00+00:00,87554.13,90056.03016444389,93909.09698484137,-299.542143974395,0.3189703166060116,96.52777777777779,0,EMA20,True,False,0.30044687802575454,0.37406991363468695,88479.39,85616.5,30.471262760451665,0.2778457558383638,0.9487651166011457,1.4487651166011435,0.4636103609351275,87239.19534701582,88112.76197947624,3.653748344839457,0.016125154147939802,11.062593971459918,2025-02-26 16:00:00+00:00,2025-02-26 18:30:00+00:00,87239.19534701582,84618.49544963455,84618.49544963455,0.02862587238711039,25.006606942449874,75.01982082734962,3.0,11,Take profit,False,2620.6998973812733,58.8446529841749,75.01982082734962,1.6844795269887851,3.0,0.06736137896938361,11,3,True,True,True,True,True,True,True,True,True
exness_native-S05,46,2025-02-27 16:30:00+00:00,2025-02-27 16:15:00+00:00,16,Thursday,3,2025,2025-02,SHORT,85552.8,85625.19,84772.16,84898.7,85800.06067823026,85875.9656572865,-75.90497905624215,0.13422016175444001,1.5938450617517053,1.728065223506145,36.34613182343823,13.653868176561772,24.858794418833053,12.999084173952141,23.532897622135646,10.533813448183505,565.5259095508519,0.6661184559373134,92.36111111111111,2025-02-27 15:00:00+00:00,85488.56,87223.85534087564,92050.83372078977,-315.8134989092068,0.3430859734167514,94.72222222222221,1,both,False,False,0.0,0.4434379628789652,86142.0,84616.21,76.67960095190166,0.14834179337185535,1.50838358701812,2.0083835870181326,0.4237563263909399,84659.05481808983,85794.84777286527,3.866763509632376,0.07450506800038932,10.975018083556881,2025-02-27 16:30:00+00:00,2025-02-28 01:30:00+00:00,84659.05481808983,81251.67595376354,81251.67595376354,0.022181997509836307,25.194156494518253,75.58246948355476,3.0,37,Take profit,False,3407.378864326296,370.1151819101651,75.58246948355476,8.209894043483894,3.0,0.3258650094227288,37,5,True,True,True,True,True,True,True,True,True
exness_native-S05,47,2025-03-03 12:00:00+00:00,2025-03-03 11:45:00+00:00,11,Monday,0,2025,2025-03,LONG,92631.49,92790.5,92553.79,92788.62,92357.46860099687,92291.95592340744,65.5126775894314,0.1364997789798151,0.8983310228837073,1.0348308018635224,57.53973521813625,7.539735218136251,22.67467818497699,17.47993474335386,17.43771087944911,0.042223863904748526,479.94713309476555,0.5172478404084095,78.4375,2025-03-03 10:00:00+00:00,92578.37,89386.83136768542,89019.37105129614,151.3769595058984,0.17004945970542704,77.36111111111111,4,both,False,False,0.0,0.5455477458615302,92972.45,91965.36,66.38080351484342,0.9920577922352051,0.49320015409544704,0.9932001540954526,0.20391709809345104,92886.48942661895,92409.80586007156,5.463921339251346,0.22663257634566103,5.918278848263492,2025-03-03 12:00:00+00:00,2025-03-03 14:30:00+00:00,92886.48942661895,92409.80586007156,94316.54012626113,0.05324939739810299,25.38311266822714,-25.38311266822714,-1.0,11,Stop loss,False,849.2905733810476,476.6835665473918,45.22421124843015,25.38311266822714,1.781665307936751,1.0,9,11,True,True,True,True,True,True,False,False,False
exness_native-S05,48,2025-03-04 07:45:00+00:00,2025-03-04 07:30:00+00:00,7,Tuesday,1,2025,2025-03,SHORT,83516.81,83857.39,83408.11,83487.1,84022.67388530627,85307.61941339355,-1284.945528087279,2.089764016696421,0.8710276111559072,2.960791627852328,37.93287090845405,12.06712909154595,30.96807750594484,11.81447713364137,18.69086041071463,6.876383277073261,614.8758988197003,0.7364921033545305,88.95833333333333,2025-03-04 06:00:00+00:00,83877.21,87830.89185111265,88663.95385759894,-243.1440895885753,0.27423104769169576,84.44444444444444,3,EMA20,False,False,0.0,2.358572544764517,84364.75,83352.33,6.6128027065509105,0.17581463675214887,0.7306840304887945,1.230684030488777,0.3284649474009717,83285.13482023607,84041.8527696459,5.915913829217796,0.25972585618540395,6.304153676826357,2025-03-04 07:45:00+00:00,2025-03-04 09:00:00+00:00,83285.13482023607,84041.8527696459,81014.98097200655,0.03345983124399691,25.319654886556574,-25.319654886556574,-1.0,6,Stop loss,False,251.74482023606834,756.7179494098382,8.423339201649185,25.319654886556574,0.33267985837048436,1.0,2,6,True,True,False,False,False,False,False,False,False
exness_native-S05,49,2025-03-04 10:00:00+00:00,2025-03-04 09:45:00+00:00,9,Tuesday,1,2025,2025-03,SHORT,84126.79,84201.17,83737.34,83771.11,83885.31061797217,84839.19328336809,-953.8826653959259,1.7331174923124235,0.2074920698535766,1.940609562166,45.72060559571179,4.279394404288212,21.547520954608004,14.970925458555143,15.992607999079075,1.0216825405239316,550.3854583587415,0.6570110606851711,85.20833333333333,2025-03-04 08:00:00+00:00,83909.05,87502.83039389523,88562.87169215553,-246.80009236893966,0.2786721880776592,84.30555555555556,0,EMA20,True,False,0.5738875859288339,1.1592299063835896,84220.07,83395.88,76.68326757648097,0.07280684733631707,0.842736654749474,1.3427366547494708,0.261356998967057,83627.26290832825,84366.28563750762,5.92816592514795,0.24138030173436112,6.265557235348433,2025-03-04 10:00:00+00:00,2025-03-04 11:00:00+00:00,83627.26290832825,84366.28563750762,81410.19472079014,0.03417534366958574,25.256355749340184,-25.256355749340184,-1.0,5,Stop loss,False,128.43290832825005,739.0227291793708,4.389238780602346,25.256355749340184,0.17378749429109594,1.0,2,5,True,False,False,False,False,False,False,False,False
exness_native-S05,50,2025-03-04 14:30:00+00:00,2025-03-04 14:15:00+00:00,14,Tuesday,1,2025,2025-03,SHORT,83133.98,83252.88,82570.85,82812.85,83454.19416108436,84142.63688527477,-688.442724190405,1.153107331383496,1.0742195800762573,2.227326911459753,39.84185796521072,10.158142034789279,21.263465301469186,8.972040089217986,21.998563393250997,13.026523304033011,597.0326486125214,0.7209420381166948,88.29861111111111,2025-03-04 13:00:00+00:00,82849.57,86805.9173295277,88324.3040527924,-238.56763936312927,0.2701041824462435,83.75,4,EMA20,False,False,0.0,1.490298541197909,83805.92,82301.96,47.08443910091795,0.3548231016230964,1.1423663372262935,1.642366337226286,0.6053379669644465,82451.4434702775,83431.98979458376,5.997025107222321,0.30481141386056854,6.526904081338105,2025-03-04 14:30:00+00:00,2025-03-04 14:30:00+00:00,82451.4434702775,83431.98979458376,79509.80449735874,0.02569303890643948,25.193214859966833,-25.193214859966833,-1.0,1,Stop loss,False,0.0,980.546324306255,0.0,25.193214859966833,0.0,1.0,0,1,True,False,False,False,False,False,False,False,False
exness_native-S05,51,2025-03-07 13:00:00+00:00,2025-03-07 12:45:00+00:00,12,Friday,4,2025,2025-03,LONG,88494.25,89159.25,88489.23,89061.65,88858.78580896079,88702.33401732867,156.45179163212015,0.34543041462762614,0.447904500758579,0.7933349153862052,54.82793600230646,4.827936002306458,21.838603747744138,20.361819040588394,19.72757299242489,0.6342460481635044,452.9184026854587,0.5085448143903226,73.29861111111111,2025-03-07 11:00:00+00:00,88996.25,88953.35575460571,88653.41929087168,7.6737772026099265,0.008655929194825843,3.6111111111111107,0,both,True,True,0.8159434608300575,0.4705130462024314,89355.01,88335.85,84.6840392824081,0.8543327064863657,1.47933931592821,1.9793393159282155,0.4154913543395757,89249.8336805371,88353.35447919436,5.685454503692848,0.03306203107504815,9.124672899635074,2025-03-07 13:00:00+00:00,2025-03-07 15:30:00+00:00,89249.8336805371,88353.35447919436,91939.2712845653,0.028032141498851457,25.130231822816917,-25.130231822816917,-1.0,11,Stop loss,False,1909.9363194629113,896.4792013427359,53.53960516097989,25.130231822816917,2.1304859238253733,1.0,8,11,True,True,True,True,True,True,True,False,False
exness_native-S05,52,2025-03-08 08:45:00+00:00,2025-03-08 08:30:00+00:00,8,Saturday,5,2025,2025-03,SHORT,86178.99,86271.1,86119.13,86160.56,86299.88139608513,86602.89137659287,-303.00998050774797,1.0003956276081414,0.45997334887211844,1.4603689764802599,45.582965486329854,4.417034513670146,22.00008673219924,16.05554306324139,24.36888771055525,8.313344647313858,302.89014880264756,0.351541527588316,51.28472222222222,2025-03-08 07:00:00+00:00,86222.46,87911.58123294862,88395.56905629682,-108.76495993683056,0.12304345240151235,68.61111111111111,1,EMA20,False,False,0.0,1.095418183471696,86553.38,86044.33,12.1273935645242,0.27261959597284136,0.5017330560295621,1.0017330560295352,0.33678226302097786,86058.55197023948,86361.9670446408,4.3123687078659465,0.07559952937248915,9.805104521228861,2025-03-08 08:45:00+00:00,2025-03-08 09:15:00+00:00,86058.55197023948,86361.9670446408,85148.30674703553,0.0826175373544693,25.067406243259875,-25.067406243259875,-1.0,3,Stop loss,False,8.901970239487127,303.4150744013168,0.7354588587892018,25.067406243259875,0.029339248410950057,1.0,1,3,True,False,False,False,False,False,False,False,False
exness_native-S05,53,2025-03-08 09:45:00+00:00,2025-03-08 09:30:00+00:00,9,Saturday,5,2025,2025-03,SHORT,86369.93,86482.39,86075.56,86108.93,86268.212086318,86543.73870804637,-275.52662172836426,0.9283921956694927,0.5367040212665276,1.4650962169360202,45.20162252492787,4.7983774750721295,20.225313733226546,17.66101921772293,23.30535061909526,5.64433140137233,296.7782614002624,0.34465445268018363,49.96527777777778,2025-03-08 08:00:00+00:00,86086.3,87840.00157675456,88372.59125474164,-105.93177625586395,0.11986949205835375,67.63888888888889,0,EMA20,True,False,0.7216765563335411,0.20671563933595155,86488.71,86044.33,64.15456087309168,0.08202443280976132,1.3708214276897912,1.8708214276897945,0.31244085008971395,86016.20434771995,86571.42347842008,4.231106482202265,0.10849721574078222,9.58816069142878,2025-03-08 09:45:00+00:00,2025-03-08 14:30:00+00:00,86016.20434771995,86571.42347842008,84350.54695561955,0.04503580000228132,25.004737727651726,-25.004737727651726,-1.0,20,Stop loss,False,266.0543477199535,555.219130700134,11.981970393653238,25.004737727651726,0.4791880052556145,1.0,8,20,True,True,False,False,False,False,False,False,False
exness_native-S05,54,2025-03-08 17:15:00+00:00,2025-03-08 17:00:00+00:00,17,Saturday,5,2025,2025-03,SHORT,86157.46,86162.69,85722.94,85791.4,86232.36229135859,86324.33865863318,-91.9763672745903,0.32185954931254457,1.5430912153421479,1.8649507646546926,37.522787693017406,12.477212306982594,18.753165685718283,16.260024924684284,26.271625277881018,10.011600353196734,285.76553801507947,0.3330934546062653,48.09027777777778,2025-03-08 16:00:00+00:00,86153.21,87391.8789268319,88205.26917295765,-97.72748183991644,0.11079551454946203,63.47222222222222,2,both,False,False,0.0,0.5656688338138377,86568.34,85814.82,83.24275156339107,0.1556793632745693,1.5388489565764047,2.0388489565764107,0.4395670257355727,85665.78689239698,86248.41966140452,3.2638911243673743,0.05732404874409415,11.099099637361185,2025-03-08 17:15:00+00:00,2025-03-08 19:15:00+00:00,85665.78689239698,86248.41966140452,83917.88858537436,0.042809514346093626,24.942225883332597,-24.942225883332597,-1.0,9,Stop loss,False,26.36689239698171,582.6327690075414,1.1287538583304955,24.942225883332597,0.04525473643011046,1.0,1,9,True,False,False,False,False,False,False,False,False
exness_native-S05,55,2025-03-09 18:45:00+00:00,2025-03-09 18:30:00+00:00,18,Sunday,6,2025,2025-03,SHORT,83025.97,83361.68,82729.31,82961.06,83182.40247791422,84112.10494123322,-929.7024633190013,1.6619865921966028,0.39568382906476895,2.057670421261372,41.91695877297512,8.083041227024879,47.689921875035196,13.53857192657322,18.685746050614526,5.147174124041307,559.392276498596,0.6742829425016942,82.53472222222223,2025-03-09 17:00:00+00:00,82383.31,85888.41106609716,87553.73096781933,-233.34206657901814,0.2665129903656348,84.86111111111111,0,EMA20,True,False,0.3204862305356176,1.3415003616609853,83372.25,82218.96,10.264560304885427,0.36647848569666763,1.1304589401165652,1.6304589401165737,0.6142888805161872,82617.43154470027,83529.49768294957,2.1814846599264466,0.23786535470501863,6.720281618890944,2025-03-09 18:45:00+00:00,2025-03-09 20:30:00+00:00,82617.43154470027,83529.49768294957,79881.23312995238,0.027278581316899815,24.879870318624267,-24.879870318624267,-1.0,8,Stop loss,False,254.32154470027308,912.0661382492981,6.93753093774597,24.879870318624267,0.278841121312146,1.0,2,8,True,True,False,False,False,False,False,False,False
exness_native-S05,56,2025-03-12 16:30:00+00:00,2025-03-12 16:15:00+00:00,16,Wednesday,2,2025,2025-03,SHORT,82204.85,82325.3,81794.5,81884.28,82231.87028390753,82375.72441085691,-143.85412694938714,0.2434101498685002,0.5881444272261551,0.8315545770946553,44.45043904603386,5.549560953966143,21.662173254249684,19.571432598152487,23.28521786364475,3.7137852654922625,590.9947758016781,0.721743875383258,81.25,2025-03-12 15:00:00+00:00,81773.8,82119.20538282326,84524.73766855564,-97.61900047183735,0.11549163376836243,60.97222222222223,0,EMA20,True,False,0.15808890351989954,0.08532124634860064,82294.84,80631.47,60.3937452901291,0.1691409193669901,0.8981466871343802,1.3981466871343684,0.3519133563883208,81676.30104483967,82502.5984327405,3.3336615247548647,0.01789461119666032,11.264604644026203,2025-03-12 16:30:00+00:00,2025-03-12 17:00:00+00:00,81676.30104483967,82502.5984327405,79197.40888113716,0.030034792565272042,24.817670642827707,-24.817670642827707,-1.0,3,Stop loss,False,2.8710448396741413,826.297387900835,0.08623123620520756,24.817670642827707,0.0034745902404071244,1.0,1,3,True,False,False,False,False,False,False,False,False
exness_native-S05,57,2025-03-16 19:15:00+00:00,2025-03-16 19:00:00+00:00,19,Sunday,6,2025,2025-03,SHORT,83693.52,83740.08,82944.03,83211.76,83606.33525733912,83619.9469144786,-13.611657139481395,0.030262389480166404,0.8772473472167063,0.9075097366968727,43.25185649056261,6.748143509437391,27.038745905986264,19.683365260397238,24.994215126653025,5.310849866255786,449.78791738842386,0.5405340752177624,66.875,2025-03-16 18:00:00+00:00,83693.52,83723.63246884872,83863.5404504033,-14.450532276474405,0.017231006703110053,12.777777777777777,0,both,True,True,0.2973506790432234,0.26708828956305697,84109.59,83541.23,60.5188116324361,0.3363230952829533,1.7698341134240765,2.2698341134240816,0.7952360871641618,82854.07241652231,83875.01637521652,2.0756369347732955,0.08431584306977001,8.823080536185273,2025-03-16 19:15:00+00:00,2025-03-17 04:00:00+00:00,82854.07241652231,83875.01637521652,79791.24054043966,0.024247781923194857,24.755626466220637,-24.755626466220637,-1.0,36,Stop loss,False,860.5824165223021,1020.9439586942171,20.867214762768825,24.755626466220637,0.8429281638758931,1.0,16,36,True,True,True,True,False,False,False,False,False
exness_native-S05,58,2025-03-18 10:00:00+00:00,2025-03-18 09:45:00+00:00,9,Tuesday,1,2025,2025-03,SHORT,83164.78,83196.81,82794.3,82875.7,83117.19377427812,83276.33281325168,-159.13903897356067,0.6143933489492194,0.9323429982115866,1.546736347160806,41.06888820158367,8.931111798416332,18.746136088778105,19.12788108231133,27.002246614350533,7.874365532039203,259.01816685635015,0.31253813464785235,35.59027777777778,2025-03-18 08:00:00+00:00,83324.01,83479.75643392919,83714.17166908887,-36.19721760478569,0.043239056044021486,29.583333333333332,0,EMA20,True,False,0.307376994780589,0.3070163541686304,83493.65,83094.43,71.81933368115214,0.20223100047202613,1.5539836641003806,2.0539836641003717,0.5142636711081902,82742.49636662874,83274.5154500569,2.0865984321735493,0.06028846323540129,11.843376463339503,2025-03-18 10:15:00+00:00,2025-03-18 14:15:00+00:00,82742.49636662874,81146.43911634423,81146.43911634423,0.046415134661967825,24.693737400055088,74.08121220016527,3.0,17,Take profit,False,1596.0572502845025,166.33363337126502,74.08121220016527,7.720397991741652,3.0,0.3126459906277463,17,2,True,True,True,True,True,True,True,True,True
exness_native-S05,59,2025-03-18 16:45:00+00:00,2025-03-18 16:30:00+00:00,16,Tuesday,1,2025,2025-03,SHORT,82112.07,82182.91,81701.13,81737.14,82014.6294503089,82475.16639187188,-460.536941562983,1.2705223759361555,0.7655337148572,2.0360560907933554,40.83861128121243,9.16138871878757,27.599760824280036,18.313979049020798,19.8180992366668,1.5041201876460022,362.47841855098915,0.4434684386448916,53.02083333333333,2025-03-18 15:00:00+00:00,81623.03,83163.67150339858,83612.82870009639,-84.23142335571174,0.10073983223057091,51.94444444444445,0,EMA20,True,False,0.4642498451736945,0.8062725307624611,82233.31,81536.57,77.82182739009681,0.0747436589314518,1.3291274055043576,1.8291274055043423,0.29934384547344894,81628.63431628981,82291.6535255653,2.15288134303403,0.12447591082725082,7.416254104920391,2025-03-18 16:45:00+00:00,2025-03-18 19:45:00+00:00,81628.63431628981,82291.6535255653,79639.57668846335,0.03752370984506148,24.8789404305555,-24.878940430555502,-1.0000000000000002,13,Stop loss,False,374.85431628981314,663.0192092754878,14.065924598627852,24.878940430555502,0.5653747448726772,1.0,8,13,True,True,True,False,False,False,False,False,False
exness_native-S05,60,2025-03-24 14:00:00+00:00,2025-03-24 13:45:00+00:00,13,Monday,0,2025,2025-03,LONG,87402.7,87714.93,87261.72,87695.36,87390.7317867922,86972.275142002,418.4566447901889,1.5566110598215772,1.133182258464814,2.689793318286391,61.611716992114346,11.611716992114346,27.457131662675273,24.86195086937445,15.686721693037011,9.175229176337439,268.8254346838275,0.30654465034846484,31.21527777777778,2025-03-24 12:00:00+00:00,87324.8,85560.27002578192,84528.27693271189,151.47266189845686,0.1791976216657481,69.86111111111111,0,EMA20,True,False,0.4799091534769712,1.076701906344606,87621.59,87127.44,64.57492111824735,0.9568191346175221,1.685889583078416,2.185889583078406,0.27279817113662674,87768.69508693676,87181.07236959485,1.664738354881024,0.2294007523462617,7.398458696898298,2025-03-24 14:00:00+00:00,2025-03-24 23:15:00+00:00,87768.69508693676,87181.07236959485,89531.56323896247,0.04223244327880488,24.81674307947911,-24.81674307947911,-1.0,38,Stop loss,False,1027.244913063245,587.6227173419029,43.38306252438434,24.81674307947911,1.748136827844169,1.0,2,38,True,True,True,True,True,True,False,False,False
exness_native-S05,61,2025-03-25 13:15:00+00:00,2025-03-25 13:00:00+00:00,13,Tuesday,1,2025,2025-03,LONG,87102.52,87404.81,87059.8,87363.44,87121.43848475919,87075.79051641264,45.647968346544076,0.18371136860428755,0.9739410357036736,1.1576524043079612,60.21489817458367,10.214898174583674,26.309206610496222,21.349995457585077,15.698491823711885,5.651503633873192,248.47655696730092,0.2844170936575997,22.84722222222222,2025-03-25 12:00:00+00:00,87102.42,86627.80712459836,85137.65624724624,101.41797820432112,0.11912235158294184,54.44444444444444,0,both,True,True,0.2480655942415324,0.06435422563724486,87499.7,86924.02,75.62679342627814,0.8800904321613983,1.3885012099769134,1.8885012099769187,0.3664945800316977,87454.50531139346,86985.25703290981,1.9407215437661582,0.013068651253661804,10.95582744672098,2025-03-25 13:15:00+00:00,2025-03-26 13:45:00+00:00,87454.50531139346,86985.25703290981,88862.2501468444,0.052753952133344106,24.754701221780415,-24.754701221780415,-1.0,99,Stop loss,False,1125.2446886065445,469.2482784836466,59.36110444104934,24.754701221780415,2.397972971243963,1.0,28,99,True,True,True,True,True,True,True,False,False
exness_native-S05,62,2025-03-29 09:15:00+00:00,2025-03-29 09:00:00+00:00,9,Saturday,5,2025,2025-03,SHORT,83935.14,83964.64,83833.76,83840.0,83900.16035082593,84068.45152035436,-168.29116952842742,0.9904289196225685,0.3540563146575214,1.34448523428009,45.265301018904424,4.734698981095576,24.54964687806252,13.651442269954199,18.358607207108758,4.707164937154559,169.9174632264975,0.2026687299934369,9.131944444444445,2025-03-29 08:00:00+00:00,83934.7,85215.97890690788,85725.53883457895,-92.68662524191313,0.10812020140318593,53.19444444444444,0,EMA20,True,False,0.3794762936645327,0.6109526259580358,83959.6,83662.25,72.69254278728303,0.04767726161373026,0.7702563204203651,1.2702563204203896,0.2367237120983379,83799.77650735469,84015.61523896795,1.6648704693110767,0.11304924550227662,11.745406811145545,2025-03-29 09:15:00+00:00,2025-03-29 09:30:00+00:00,83799.77650735469,83152.26031251492,83152.26031251492,0.11440400100650538,24.692814468725963,74.07844340617788,2.9999999999999996,2,Take profit,False,647.5161948397727,0.0,74.07844340617788,0.0,3.0,0.0,2,0,True,True,True,True,True,True,True,True,True
exness_native-S05,63,2025-03-29 10:30:00+00:00,2025-03-29 10:15:00+00:00,10,Saturday,5,2025,2025-03,SHORT,83512.54,83579.63,83370.83,83430.04,83757.44138630257,83973.57368096877,-216.13229466619669,0.9810920249126449,1.48617720245321,2.467269227365855,32.426168545578776,17.573831454421224,33.551919445992404,7.855362856105532,29.918763372866586,22.063400516761053,220.2976776673328,0.26405078754287165,20.208333333333332,2025-03-29 09:00:00+00:00,83550.02,85150.64718506836,85703.89188100105,-97.11849961761618,0.11331865739827102,55.833333333333336,4,EMA20,False,False,0.0,1.7882334718191988,83964.64,83097.59,39.511494252873014,0.2835727969348229,0.9478084481458207,1.4478084481458502,0.46877269259916304,83326.77046446654,83645.71930330021,1.6508778471176635,0.17000887445194204,9.706139911227284,2025-03-29 10:30:00+00:00,2025-03-29 11:15:00+00:00,83326.77046446654,82369.92394796551,82369.92394796551,0.07800000359999647,24.878010577241408,74.63403173172422,3.0,4,Take profit,False,956.8465165010275,18.81953553346102,74.63403173172422,1.4679238393602212,3.0,0.05900487238730773,4,2,True,True,True,True,True,True,True,True,True
exness_native-S05,64,2025-03-29 16:30:00+00:00,2025-03-29 16:15:00+00:00,16,Saturday,5,2025,2025-03,SHORT,82665.42,82680.74,82399.23,82430.8,82664.801981287,83109.18779814252,-444.38581685551617,1.836749500395749,0.9671843832951531,2.803933883690902,40.37708808007731,9.622911919922693,36.93565036321236,15.990331072766223,22.357010789538528,6.366679716772305,241.941438807942,0.29350854147714445,28.229166666666668,2025-03-29 15:00:00+00:00,82438.47,84601.39232642631,85521.9707771623,-154.192925918338,0.18029627301282156,77.63888888888889,0,EMA20,True,False,0.0658755225707856,1.7708739778249634,82705.99,82387.16,83.3433981030825,0.11214521686620703,1.1635460274478968,1.6635460274478746,0.33048612158193713,82350.84171223841,82753.32243164239,1.7420076057348175,0.13847895591623663,8.394231570652511,2025-03-29 16:30:00+00:00,2025-03-29 19:45:00+00:00,82350.84171223841,82753.32243164239,81143.39955402649,0.06227527046187042,25.064595656570717,-25.064595656570717,-1.0,14,Stop loss,False,710.9117122384196,402.48071940397494,44.272219154158975,25.064595656570717,1.7663248895281083,1.0,4,14,True,True,True,True,True,True,False,False,False
exness_native-S05,65,2025-03-30 14:00:00+00:00,2025-03-30 13:45:00+00:00,13,Sunday,6,2025,2025-03,SHORT,82977.03,82987.85,82679.67,82700.2,83091.21621334512,83092.48537808556,-1.2691647404426476,0.005894407563411096,1.8160045358288244,1.8218989433922355,35.630264348421534,14.369735651578466,19.488779022669604,10.283905407727715,24.46228065641169,14.178375248683974,215.31676030019568,0.2603582098957387,21.25,2025-03-30 12:00:00+00:00,83087.2,83673.32286262608,85027.98713217658,-90.78789591010718,0.10677413281461876,52.5,1,both,False,False,0.0,0.48596021015583674,83286.87,82576.57,89.82737361282204,0.06661691219416682,1.4312866289198365,1.9312866289198303,0.2953478956834353,82636.60664793996,83052.44502809006,1.5764270358837478,0.015758301776011133,10.52632258397662,2025-03-30 14:00:00+00:00,2025-03-30 15:15:00+00:00,82636.60664793996,83052.44502809006,81389.09150748965,0.06012416208048042,25.00193416742929,-25.00193416742929,-1.0,6,Stop loss,False,28.706647939965478,415.83838015010406,1.725963153529774,25.00193416742929,0.06903318527165125,1.0,1,6,True,False,False,False,False,False,False,False,False
exness_native-S05,66,2025-03-30 15:30:00+00:00,2025-03-30 15:15:00+00:00,15,Sunday,6,2025,2025-03,SHORT,82925.09,83076.89,82802.33,82842.57,82967.18257282948,83032.27425455312,-65.09168172364298,0.2934272688955571,0.5617419299541525,0.8551691988497095,43.460783901393185,6.539216098606815,20.880027276164256,16.516459695831244,16.97031691799786,0.45385722216661506,221.83242194443696,0.2677758813426924,22.98611111111111,2025-03-30 14:00:00+00:00,82805.25,83602.61564520001,84982.93875204388,-103.15012662895606,0.12137745310257966,61.111111111111114,1,EMA20,True,True,0.49455091464492634,0.2011236457493693,83039.51,82607.9,30.055361305357742,0.1465617715617919,1.2376910353923267,1.737691035392285,0.3813981907932312,82757.96351561112,83143.43972658332,1.550253216250329,0.028886125779641628,10.57697968035935,2025-03-30 15:30:00+00:00,2025-03-30 22:00:00+00:00,82757.96351561112,81601.5348826945,81601.5348826945,0.06469771317174451,24.939429332010718,74.81828799603215,3.0,27,Take profit,False,1156.4286329166207,170.68648438887612,74.81828799603215,11.043025209284954,3.0,0.4427938210723534,27,2,True,True,True,True,True,True,True,True,True
exness_native-S05,67,2025-04-02 20:00:00+00:00,2025-04-02 19:45:00+00:00,19,Wednesday,2,2025,2025-04,LONG,86375.32,86987.02,86298.4,86853.33,86373.52216516488,85839.04915553401,534.4730096308631,1.3190522034708094,1.1841413324480912,2.5031935359189004,61.335258091375906,11.335258091375906,36.464987150176135,26.317647778293285,11.562060429354002,14.755587348939283,405.19473620870303,0.46652757724856725,69.44444444444444,2025-04-02 18:00:00+00:00,86263.01,84584.53779858512,84410.3784858791,107.36506385605026,0.12719415050841315,71.11111111111111,0,EMA20,True,False,0.18539768277292748,1.1336545206978819,86634.44,86142.41,69.41564287996107,0.8058580929975888,1.6994791354972674,2.199479135497274,0.5299401202762586,87068.05894724175,86176.84157913738,2.465504351337288,0.12562710844610953,8.793060109448579,2025-04-02 20:00:00+00:00,2025-04-02 20:00:00+00:00,87068.05894724175,86176.84157913738,89741.71105155484,0.02819343063908783,25.126475052000796,-25.126475052000796,-1.0,1,Stop loss,False,0.0,891.2173681043641,0.0,25.126475052000796,0.0,1.0,0,1,True,False,False,False,False,False,False,False,False
exness_native-S05,68,2025-04-03 16:45:00+00:00,2025-04-03 16:30:00+00:00,16,Thursday,3,2025,2025-04,SHORT,82228.89,82300.62,81845.67,81958.34,82157.85372611268,82726.17336832915,-568.3196422164765,1.3319374662528405,0.4675886369240858,1.7995261031769263,43.48100919213669,6.518990807863311,27.424649390074503,16.671725731662708,20.762417485513197,4.090691753850489,426.6864298181645,0.5206138018634401,78.26388888888889,2025-04-03 15:00:00+00:00,81960.51,83764.71121901259,84199.07169379845,-107.22465716964507,0.12734660253688107,73.61111111111111,0,EMA20,True,False,0.3345929561157113,0.9973445101371291,82421.96,81482.32,59.46807341466197,0.24765358830640505,1.0662396743994818,1.5662396743994775,0.4640580813596761,81760.33271403637,82428.62592894545,3.9921628786159395,0.23717015006266656,5.7486614989591605,2025-04-03 16:45:00+00:00,2025-04-03 21:00:00+00:00,81760.33271403637,82428.62592894545,79755.45306930914,0.037503985234655944,25.063658864370794,-25.063658864370794,-1.0,18,Stop loss,False,299.46271403637365,668.2932149090775,11.231045205550153,25.063658864370794,0.4481007847388008,1.0,7,18,True,True,False,False,False,False,False,False,False
exness_native-S05,69,2025-04-04 13:30:00+00:00,2025-04-04 13:15:00+00:00,13,Friday,4,2025,2025-04,SHORT,82910.33,83016.2,82532.08,82545.91,82871.88602783151,82989.03130724862,-117.14527941710548,0.2320542047096996,0.6457290320980871,0.8777832368077866,43.8044983383006,6.195501661699403,27.343175479520127,25.077241433538124,23.30215588570813,-1.7750855478299918,504.8186028934685,0.6115610124032415,86.875,2025-04-04 12:00:00+00:00,82801.2,83284.32869235922,83941.93120411952,-29.620600033158553,0.03528701282929847,26.52777777777778,0,both,True,True,0.28587292809995773,0.053818723390258144,83314.7,82137.0,75.27472527472564,0.028567297364293726,0.9589979395077064,1.4589979395077102,0.2273959793096747,82431.1162794213,83167.64558086803,3.042663541597485,0.03477881616519595,9.871476189032055,2025-04-04 13:30:00+00:00,2025-04-04 13:45:00+00:00,82431.1162794213,83167.64558086803,80221.5283750811,0.03394433821994797,25.00099971720987,-25.00099971720987,-1.0,2,Stop loss,False,351.66627942130435,736.5293014467316,11.937079129227483,25.00099971720987,0.47746407200710417,1.0,1,2,True,True,False,False,False,False,False,False,False
exness_native-S05,70,2025-04-04 14:45:00+00:00,2025-04-04 14:30:00+00:00,14,Friday,4,2025,2025-04,SHORT,82604.37,82805.02,82163.96,82214.98,82781.67828562701,82928.3786309641,-146.7003453370853,0.24337569618075164,0.9401517731400207,1.1835274693207725,42.23635924565515,7.7636407543448485,20.954641818343987,19.725516403404477,22.999849651437753,3.274333248033276,602.7731923903078,0.7331671094371219,91.63194444444444,2025-04-04 13:00:00+00:00,83290.41,83284.5671750118,83935.44840606858,-40.44198709751072,0.0481822494136896,32.5,0,both,True,False,0.03872387602445854,0.2046518201562931,83466.96,82079.45,60.74158425108427,0.07958693414031402,1.0635177676994274,1.563517767699425,0.2846421185349471,82043.40536152195,82985.8519577171,3.1628403273844725,0.026286894888393753,10.121460336190538,2025-04-04 14:45:00+00:00,2025-04-04 15:00:00+00:00,82043.40536152195,82985.8519577171,79216.0655729365,0.026461443352438926,24.938497217916847,-24.938497217916847,-1.0,2,Stop loss,False,283.05536152193963,942.44659619515,7.490053414516926,24.938497217916847,0.30034100888548176,1.0,1,2,True,True,False,False,False,False,False,False,False
exness_native-S05,71,2025-04-06 08:00:00+00:00,2025-04-06 07:45:00+00:00,7,Sunday,6,2025,2025-04,SHORT,83055.76,83116.63,82970.81,82984.75,83243.22102268541,83255.46662779506,-12.245605109652388,0.08005400989264935,1.6897198318693936,1.769773841762043,34.62419217226852,15.375807827731478,26.396941908156016,9.402644487393218,22.645754559899373,13.243110072506155,152.96679237021945,0.18433120828853428,6.5625,2025-04-06 06:00:00+00:00,83092.02,83325.36663744757,83753.97607145332,-21.984811618793174,0.026249275138934536,22.916666666666664,4,both,False,False,0.0,0.9076259339937953,83416.56,82999.45,48.69702372787777,0.09559731175422892,0.9532787982314791,1.4532787982314868,0.29113089046321544,82940.21664152596,83162.52003771107,1.2172648971288509,0.06623593962913259,11.05179866418424,2025-04-06 08:00:00+00:00,2025-04-06 13:45:00+00:00,82940.21664152596,82273.3064529706,82273.3064529706,0.11190180357909164,24.876150974872054,74.62845292461616,2.9999999999999996,24,Take profit,False,666.9101885553537,193.27335847404902,74.62845292461616,21.627637397034402,3.0,0.8694125316605834,24,7,True,True,True,True,True,True,True,True,True
exness_native-S05,72,2025-04-06 16:00:00+00:00,2025-04-06 15:45:00+00:00,15,Sunday,6,2025,2025-04,SHORT,82568.18,82678.57,82464.38,82493.5,82596.66261116118,82809.0221755266,-212.35956436541164,0.9107575510645953,0.4424388766446927,1.353196427709288,44.713665612171404,5.286334387828596,26.069667275914938,15.373514938075253,16.730314488395713,1.35679955032046,233.1680523726452,0.28265021168049026,33.020833333333336,2025-04-06 14:00:00+00:00,82610.16,83164.55855981061,83676.95247199594,-54.50195877326769,0.06513377598390403,46.111111111111114,0,EMA20,True,False,0.3512804949278384,0.5594770561367569,82772.61,82306.86,34.86624025397647,0.1359540594798778,0.9186078359383795,1.4186078359383663,0.324888464365843,82417.74638952548,82748.5204157118,1.2415943192348198,0.01277244519955778,10.58190881899747,2025-04-06 16:00:00+00:00,2025-04-06 17:30:00+00:00,82417.74638952548,81425.42431096651,81425.42431096651,0.07576992182894676,25.062722107183596,75.1881663215508,3.0000000000000004,7,Take profit,False,992.3220785589656,30.27361047452723,75.1881663215508,2.2938290991349124,3.0,0.09152354198897829,7,2,True,True,True,True,True,True,True,True,True
exness_native-S05,73,2025-04-07 09:15:00+00:00,2025-04-07 09:00:00+00:00,9,Monday,0,2025,2025-04,SHORT,76156.99,76432.95,75987.06,75998.75,76178.83345469562,77409.45475996424,-1230.6213052686217,1.8487542704285378,0.2705381862614305,2.1192924566899682,44.39338540082216,5.606614599177838,35.307534862150014,17.897578524435737,21.2358289904393,3.3382504660035615,665.6489317984731,0.8758682633575855,97.39583333333334,2025-04-07 08:00:00+00:00,76156.8,80502.88822110629,82785.12929041246,-353.16567185557506,0.4266052066146571,99.44444444444444,0,EMA20,True,False,0.38175761000291664,1.4669966604256213,76723.46,74878.69,35.48857341496904,0.02621722846442473,0.6698576061637754,1.1698576061637926,0.21756180989943524,75853.9302136403,76632.64467953955,4.275720455607786,0.282707769238699,5.694755079360553,2025-04-07 09:15:00+00:00,2025-04-07 09:30:00+00:00,75853.9302136403,76632.64467953955,73517.78681594256,0.03242612488754573,25.25069252298747,-25.25069252298747,-1.0,2,Stop loss,False,230.3702136403008,778.7144658992474,7.470013317870984,25.25069252298747,0.29583399786245507,1.0,1,2,True,True,False,False,False,False,False,False,False
exness_native-S05,74,2025-04-08 19:00:00+00:00,2025-04-08 18:45:00+00:00,18,Tuesday,1,2025,2025-04,SHORT,77371.69,77622.86,77153.45,77174.38,77820.95821503161,78515.09204234203,-694.1338273104193,1.2433965267867295,1.1582105283376916,2.401607055124421,35.923003430472235,14.076996569527765,35.4996210568383,13.117057234861505,22.475554091429693,9.358496856568188,558.256205769086,0.723369861564273,91.00694444444444,2025-04-08 17:00:00+00:00,77259.15,79315.93322777736,81667.11024896419,-174.46261717902962,0.2136265341667852,89.44444444444444,0,EMA20,False,False,0.0,1.5982483188213574,77927.66,76457.41,42.033616667731025,0.04458788692189645,0.8408504825366288,1.3408504825366243,0.2374917462335583,77041.79875884618,77790.33686173073,3.2321816801577206,0.06544990207486967,9.54461546851352,2025-04-08 19:00:00+00:00,2025-04-09 01:15:00+00:00,77041.79875884618,74796.18445019255,74796.18445019255,0.03364900957562207,25.18756579168,75.56269737504,3.0,26,Take profit,False,2245.614308653632,161.0112411538139,75.56269737504,5.417868795367478,3.0,0.21510092877482895,26,9,True,True,True,True,True,True,True,True,True
exness_native-S05,75,2025-04-09 12:30:00+00:00,2025-04-09 12:15:00+00:00,12,Wednesday,2,2025,2025-04,SHORT,76364.93,76483.85,76112.44,76196.97,76719.50503083646,76788.79615093434,-69.29112009788514,0.13435550385706527,1.0131955906012577,1.1475510944583232,41.26865425710703,8.73134574289297,25.531599898139387,12.13951889370704,26.240011092798568,14.100492199091528,515.729673207886,0.6768375083784643,89.16666666666667,2025-04-09 11:00:00+00:00,76109.47,77933.96861736155,80833.84535726905,-190.67084944581438,0.2358799690935007,90.83333333333333,4,both,False,False,0.0,0.5912906834263484,77171.22,75652.36,45.22226111305304,0.22759214883820586,0.7201641078547976,1.2201641078547947,0.3639036968228273,76009.29406535842,76638.56890196237,4.33526181738733,0.14986525587026175,8.628902436746953,2025-04-09 12:30:00+00:00,2025-04-09 12:45:00+00:00,76009.29406535842,76638.56890196237,74121.46955554659,0.04032653311241353,25.3764725351176,-25.3764725351176,-1.0,2,Stop loss,False,85.12406535842456,629.274836603945,3.4327584403397613,25.3764725351176,0.135273270766427,1.0,1,2,True,False,False,False,False,False,False,False,False
exness_native-S05,76,2025-04-12 08:45:00+00:00,2025-04-12 08:30:00+00:00,8,Saturday,5,2025,2025-04,LONG,83564.67,83697.21,83446.23,83630.93,83515.13495713448,83322.32785730594,192.80709982854023,0.7653837591139009,0.45967002913263777,1.2250537882465387,54.897683001959884,4.897683001959884,26.026726910230472,24.317769930856393,13.220834375285799,11.096935555570594,251.90905546749076,0.3012151789624853,39.09722222222222,2025-04-12 07:00:00+00:00,83708.6,82010.74520892517,81279.59619511693,105.77153208504023,0.13013294484279772,74.86111111111111,0,EMA20,True,False,0.2735310844884361,0.4918526746254647,84019.49,83492.39,26.400510000793687,0.735915212367477,0.9963119409671234,1.4963119409671244,0.4631108273460384,83747.5918110935,83370.65728335975,3.008589826343189,0.12785649858702577,10.430413195876303,2025-04-12 09:00:00+00:00,2025-04-12 10:15:00+00:00,83747.5918110935,83370.65728335975,84878.39539429477,0.06715498181068573,25.313031353779806,-25.313031353779806,-1.0,6,Stop loss,False,15.048188906497671,376.9345277337561,1.010560852299614,25.313031353779806,0.039922553651351375,1.0,1,6,True,False,False,False,False,False,False,False,False
exness_native-S05,77,2025-04-12 12:15:00+00:00,2025-04-12 12:00:00+00:00,12,Saturday,5,2025,2025-04,LONG,83496.36,83671.43,83433.89,83632.08,83499.59730149517,83393.79993409415,105.79736740102817,0.524022067999182,0.6561964569634197,1.1802185249626016,56.0555110306294,6.055511030629397,22.291599661886373,23.791603091546623,14.947459515001276,8.844143576545347,201.89487020075902,0.24140840476616032,19.270833333333336,2025-04-12 11:00:00+00:00,83495.96,82229.92792686826,81366.43783826688,111.25374169148563,0.1367317344193267,76.94444444444444,0,EMA20,True,False,0.32545305103511113,0.1985690169640709,83630.84,83256.28,57.135640313212434,0.8343436894839087,1.1765529246175992,1.6765529246176425,0.3949034166190857,83711.80897404015,83373.32153893977,2.8602680935103253,0.11365119671807535,9.610784329896912,2025-04-12 12:15:00+00:00,2025-04-12 14:00:00+00:00,83711.80897404015,84727.2712793413,84727.2712793413,0.07459582293773265,25.249748775395357,75.74924632618607,3.0,8,Take profit,False,1015.4623053011455,172.7589740401454,75.74924632618607,12.887097838403038,3.0,0.5103851904839894,8,5,True,True,True,True,True,True,True,True,True
exness_native-S05,78,2025-04-12 17:30:00+00:00,2025-04-12 17:15:00+00:00,17,Saturday,5,2025,2025-04,LONG,84416.77,84662.52,84416.77,84592.11,84535.82332007703,84083.57099974736,452.25232032967324,1.310500469446465,0.1631030226862303,1.4736034921326953,54.46611664325583,4.46611664325583,35.79933233389235,20.45482467196822,15.61614199478762,4.838682677180598,345.09893805738017,0.40795641349693273,68.50694444444444,2025-04-12 16:00:00+00:00,84647.92,82652.7111288919,81521.63856810486,155.2007298379758,0.1903797967803578,91.25,0,EMA20,True,False,0.3449831539534742,0.9655173154929908,85235.73,84414.58,71.34893184130071,0.7134893184130071,0.7121146225003414,1.212114622500332,0.40402844586061637,84731.53978761147,84313.24031858279,2.1634920786977516,0.13094245745367503,10.027276411476427,2025-04-12 17:30:00+00:00,2025-04-13 01:30:00+00:00,84731.53978761147,85986.43819469753,85986.43819469753,0.06081557299195666,25.43912189121082,76.31736567363247,3.0,33,Take profit,False,1254.8984070860606,45.80978761147708,76.31736567363247,2.785948482231816,3.0,0.109514333637214,33,2,True,True,True,True,True,True,True,True,True
exness_native-S06,1,2025-04-23 13:15:00+00:00,2025-04-23 13:00:00+00:00,13,Wednesday,2,2025,2025-04,LONG,93680.95,93971.94,93621.31,93913.08,93671.11931850102,93321.82264246124,349.29667603978305,1.2436035243929946,0.8614543936925229,2.105057918085518,57.48704076310664,7.487040763106641,24.65027102230426,26.039087447098243,16.229549469853307,9.809537977244936,280.8746269919711,0.2990793476180007,56.02836879432624,2025-04-23 12:00:00+00:00,93680.56,90699.62629848089,87062.05029935723,343.7252397915436,0.3948048990457571,97.1291866028708,0,EMA20,True,False,0.17733648295132715,1.0662670414416675,93807.6,93240.93,66.20369049995767,0.8321307361035856,1.2483505674936863,1.7483505674936493,0.40955969084981114,94028.11492539839,93537.04761190241,2.7352325587746553,0.23998464796941016,7.181652468286146,2025-04-23 13:15:00+00:00,2025-04-23 13:30:00+00:00,94028.11492539839,93537.04761190241,95501.31686588633,0.050909517520156974,25.0,-25.0,-1.0,2,Stop loss,False,87.56507460160356,491.06731349597976,4.4578956995841885,25.0,0.17831582798336756,1.0,1,2,True,False,False,False,False,False,False,False,False
exness_native-S06,2,2025-04-24 15:45:00+00:00,2025-04-24 15:30:00+00:00,15,Thursday,3,2025,2025-04,LONG,93117.85,93348.95,93044.71,93251.61,92861.39763649994,92791.76440484167,69.63323165827023,0.21631253246718046,1.2121773259488973,1.4284898584160777,66.99971576253603,16.999715762536027,34.52868335642818,22.341538884847438,6.963077467842133,15.378461417005305,321.91029740190936,0.3452061550485931,72.05882352941177,2025-04-24 14:00:00+00:00,93104.45,92146.59893197687,88423.32411338152,223.34688519514748,0.25258820275605015,82.5531914893617,4,both,False,False,0.0,0.7857642243812126,93469.73,92615.26,43.96529056008377,0.6800552195635042,0.9451080082105697,1.4451080082105843,0.5023823741757105,93413.33205948038,92948.13691077943,1.795560742397449,0.05474590232151899,11.406818031530634,2025-04-24 16:00:00+00:00,2025-04-24 17:15:00+00:00,93413.33205948038,92948.13691077943,94808.91750558323,0.05360653495557201,24.9375,-24.9375,-1.0,6,Stop loss,False,185.21794051962206,465.1951487009501,9.928892002864178,24.9375,0.39815105775896453,1.0,3,6,True,True,False,False,False,False,False,False,False
exness_native-S06,3,2025-04-24 18:45:00+00:00,2025-04-24 18:30:00+00:00,18,Thursday,3,2025,2025-04,LONG,93206.33,93309.34,93145.27,93276.81,93088.91499275393,92947.57868833226,141.3363044216676,0.4648690467579111,0.6180052129314174,1.0828742596893284,56.64586566413659,6.645865664136593,28.548037617342626,20.420868713492094,15.77759160949958,4.643277103992514,304.0346639712302,0.32594882261864466,63.07053941908713,2025-04-24 17:00:00+00:00,92985.66,92262.85543575358,88563.80955710671,232.21768759012048,0.2622038152507255,83.19327731092437,1,EMA20,False,False,0.0,0.6502262244888396,93387.04,92649.62,42.95727433412518,0.8017309684890574,0.5396424139831564,1.0396424139831915,0.30699437878268154,93370.14693279425,93054.05960080863,1.7645450779563001,0.030014345494637867,12.177675559910154,2025-04-24 18:45:00+00:00,2025-04-24 21:15:00+00:00,93370.14693279425,93054.05960080863,94318.4089287511,0.07869709960768628,24.87515625,-24.87515625,-1.0,11,Stop loss,False,302.9430672057497,316.0873319856182,23.840740735348884,24.87515625,0.9584157179052446,1.0,5,11,True,True,True,True,False,False,False,False,False
exness_native-S06,4,2025-04-25 10:00:00+00:00,2025-04-25 09:45:00+00:00,9,Friday,4,2025,2025-04,LONG,93698.7,93850.35,93643.96,93807.97,93582.09317538262,93465.5709218759,116.52225350671506,0.5267688415851505,1.0211343298280409,1.5479031714131914,60.23391433618327,10.233914336183268,21.438885315155375,23.531275068011297,12.012802331399879,11.518472736611418,221.2018713105293,0.23580285482196162,30.048780487804876,2025-04-25 08:00:00+00:00,93668.82,92803.31523794805,89245.88033051968,214.43702271487564,0.24027666254253302,76.6798418972332,1,EMA20,False,False,0.0,0.8064537477338003,93868.49,93513.83,52.94345656282009,0.794660594021005,0.9330391229388084,1.433039122938822,0.39158969925943604,93894.59037426212,93577.59943860685,1.6149679859016104,0.11837887183406637,11.722069458575078,2025-04-25 10:15:00+00:00,2025-04-25 10:30:00+00:00,93894.59037426212,93577.59943860685,94845.56318122792,0.07827658638908058,24.812968359375,-24.812968359375,-1.0,2,Stop loss,False,63.949625737877795,316.9909356552671,5.005758403620362,24.812968359375,0.20173960370723054,1.0,1,2,True,False,False,False,False,False,False,False,False
exness_native-S06,5,2025-04-25 11:15:00+00:00,2025-04-25 11:00:00+00:00,11,Friday,4,2025,2025-04,LONG,93617.45,93995.95,93617.18,93993.15,93644.80570378443,93514.42475839838,130.3809453860449,0.5633695032081835,1.5051781724952393,2.0685476757034227,64.10448669348918,14.104486693489179,25.851465673850495,26.093386966803735,10.039670206594408,16.053716760209326,231.43060574555966,0.24622071474948937,32.9126213592233,2025-04-25 10:00:00+00:00,93617.31,92873.08979865946,89334.31938934456,222.4468249927304,0.24900489141607873,78.43137254901961,0,EMA20,True,False,0.11936927570766412,0.4440002275005193,93958.54,93547.86,99.18948174353646,0.9926076510811235,1.636646107284673,2.136646107284661,0.2120986590817647,94042.23612114911,93547.75081827633,1.639920780710071,0.14349521759079512,11.789108257486177,2025-04-25 11:15:00+00:00,2025-04-25 14:45:00+00:00,94042.23612114911,95525.69202976745,95525.69202976745,0.05005393647633723,24.750935938476562,74.25280781542969,3.0,15,Take profit,False,1483.4559086183435,141.71612114910386,74.25280781542969,7.093449725670155,3.0,0.28659319159899055,15,10,True,True,True,True,True,True,True,True,True
exness_native-S06,6,2025-04-25 16:45:00+00:00,2025-04-25 16:30:00+00:00,16,Friday,4,2025,2025-04,LONG,95106.56,95410.03,95028.08,95377.4,94860.09248901664,94329.60258522967,530.4899037869618,1.218769905000723,1.188484119144596,2.407254024145319,61.10066027486728,11.10066027486728,37.40828006553827,24.437083585540773,13.928809017779583,10.50827456776119,435.26665830056504,0.4563624698309715,91.4448669201521,2025-04-25 15:00:00+00:00,95088.55,93225.81978355211,89601.2193934605,266.9000041159452,0.29787541500291764,86.53846153846155,0,EMA20,False,False,0.0,1.6047115060396107,95606.13,94737.62,70.90980494829128,0.9145699698913342,0.8775080579138889,1.3775080579138865,0.27496553980816607,95497.0833316601,94897.50000250983,2.280043098994751,0.12048221568053602,9.316271739499197,2025-04-25 17:00:00+00:00,2025-04-25 17:30:00+00:00,95497.0833316601,94897.50000250983,97295.83331911094,0.04158982871214066,24.93656795801514,-24.93656795801514,-1.0,3,Stop loss,False,79.99666833989613,599.5833291502786,3.327047733798206,24.93656795801514,0.13342043457623534,1.0,2,3,True,False,False,False,False,False,False,False,False
exness_native-S06,7,2025-04-27 19:30:00+00:00,2025-04-27 19:15:00+00:00,19,Sunday,6,2025,2025-04,LONG,94227.35,94324.15,94153.34,94287.94,94070.58614503185,94040.67378961478,29.912355417065555,0.18230317565950338,1.3246799675268388,1.5069831431863423,64.1919028312515,14.191902831251497,20.676413888230634,22.545840070580244,13.921932732814454,8.62390733776579,164.08027621490442,0.17402042744268717,18.64541832669323,2025-04-27 18:00:00+00:00,94273.89,94078.18922685881,91486.90138590087,128.68447796201508,0.14065890965003955,52.41157556270096,4,EMA50,False,False,0.0,0.6866529785557486,94399.99,93953.9,35.47216205140058,0.7880100696680971,1.0410148248183042,1.5410148248182785,0.42068466018768247,94356.96605524297,94104.11591713552,1.1395288146825964,0.012160029703888981,10.11683897225439,2025-04-27 19:30:00+00:00,2025-04-27 22:00:00+00:00,94356.96605524297,94104.11591713552,95115.51646956531,0.09837537255981285,24.8742265381201,-24.8742265381201,-1.0,11,Stop loss,False,176.57394475702313,252.85013810744567,17.370527599827962,24.8742265381201,0.6983343813005557,1.0,10,11,True,True,True,False,False,False,False,False,False
exness_native-S06,8,2025-04-29 08:15:00+00:00,2025-04-29 08:00:00+00:00,8,Tuesday,1,2025,2025-04,LONG,94930.07,95018.7,94881.78,94970.92,94684.03366936126,94630.32314688947,53.71052247179614,0.24270463603506562,1.2963687422268595,1.5390733782619253,59.69668333858987,9.696683338589871,18.197801750117826,23.998163172370013,13.581597484917602,10.416565687452412,221.2999444478519,0.23301863817666704,33.59486447931526,2025-04-29 07:00:00+00:00,94929.5,94386.35592105139,92389.56701136961,112.26084547677601,0.12150814113346911,46.839080459770116,4,both,False,False,0.0,1.136271650397033,94971.54,94551.0,29.834940111007736,0.6510371019573514,0.6187077920042708,1.1187077920042625,0.415906064139349,95062.95998888956,94815.39001666564,2.0943185640482054,0.01827869764862443,12.52313007927856,2025-04-29 08:15:00+00:00,2025-04-29 08:30:00+00:00,95062.95998888956,94815.39001666564,95805.66990556133,0.10022233612941062,24.8120409717748,-24.8120409717748,-1.0,2,Stop loss,False,49.13001111043559,247.56997222392238,4.923924487551754,24.8120409717748,0.1984489906796872,1.0,1,2,True,False,False,False,False,False,False,False,False
exness_native-S06,9,2025-04-29 10:00:00+00:00,2025-04-29 09:45:00+00:00,9,Tuesday,1,2025,2025-04,LONG,94886.44,94991.99,94796.02,94961.4,94807.20117899239,94703.1646183354,104.03656065698306,0.5063148843251415,0.7504396313037889,1.2567545156289304,57.051566578063316,7.051566578063316,20.855223528730342,21.224709340010637,15.646108883028935,5.578600456981702,205.47798193934517,0.21638053139417193,29.95031937544358,2025-04-29 08:00:00+00:00,95022.58,94411.30588493173,92415.76614558484,115.1710858203005,0.12462276797972831,48.13753581661891,1,EMA20,True,False,0.05441546041503308,0.4518994239101084,95085.87,94771.2,38.25075266622004,0.8439046792875906,0.9537274901689922,1.4537274901689548,0.34887239845015516,95033.08559638787,94734.3766054182,2.0980576231339687,0.01650263439052801,12.59969066430291,2025-04-29 10:00:00+00:00,2025-04-29 10:45:00+00:00,95033.08559638787,94734.3766054182,95929.21256929687,0.08285659828652005,24.750010869345363,-24.750010869345363,-1.0,4,Stop loss,False,2.864403612125898,298.70899096966605,0.2373347394203725,24.750010869345363,0.009589278189543275,1.0,1,4,True,False,False,False,False,False,False,False,False
exness_native-S06,10,2025-04-29 11:15:00+00:00,2025-04-29 11:00:00+00:00,11,Tuesday,1,2025,2025-04,LONG,94787.27,95187.92,94779.2,95167.02,94862.28152160827,94746.68743249074,115.59408911752689,0.5528970444124779,1.4575918657072582,2.010488910119736,62.03347923755564,12.033479237555639,19.17122153918452,26.60103901572533,15.06794133202516,11.53309768370017,209.06982644546423,0.21968726817910683,30.834512022630832,2025-04-29 10:00:00+00:00,94788.8,94446.83592069247,92464.45607611953,124.35160688027099,0.13448584694847607,50.712250712250714,0,both,True,False,0.39738647618737993,0.15551056822509804,95035.95,94720.36,92.9120180074376,0.9488647484830834,1.954944943270499,2.4549449432705464,0.29996660137588005,95229.7339652891,94716.47905206635,2.0230682542417333,0.005325493443906068,12.16841157928535,2025-04-29 11:15:00+00:00,2025-04-29 13:00:00+00:00,95229.7339652891,94716.47905206635,96769.49870495732,0.04810111935832128,24.688135842172002,-24.688135842172002,-1.0,8,Stop loss,False,68.5760347109026,513.2549132227432,3.298584030749509,24.688135842172002,0.13361008914714834,1.0,1,8,True,False,False,False,False,False,False,False,False
exness_native-S06,11,2025-05-01 07:15:00+00:00,2025-05-01 07:00:00+00:00,7,Thursday,3,2025,2025-05,LONG,94880.93,94980.62,94771.42,94980.6,94855.17215838494,94660.0870895855,195.0850687994389,1.0389291599598873,0.6679683018626476,1.7068974618225348,58.268817057023476,8.268817057023476,35.46905863789019,22.823264693225177,13.352135798658246,9.471128894566931,187.77514032522782,0.19769841454489423,23.333333333333332,2025-05-01 06:00:00+00:00,94880.93,94537.91178147309,93223.11139442264,85.55562603446015,0.09177512395234083,43.037974683544306,0,EMA20,True,False,0.44602367618996563,0.5929054837699216,95184.41,94787.53,47.64340344168939,0.999904397705595,1.1140984884242997,1.6140984884243528,0.20010651037170774,95018.17502806504,94715.08745790242,2.089091436261694,0.015549684609341058,10.921423003827275,2025-05-01 07:30:00+00:00,2025-05-01 10:15:00+00:00,95018.17502806504,95927.43773855291,95927.43773855291,0.0812518160654141,24.62641550256657,73.8792465076997,3.0,12,Take profit,False,909.2627104878629,134.9250280650449,73.8792465076997,10.962903562961863,3.0,0.44516846399425475,12,3,True,True,True,True,True,True,True,True,True
exness_native-S06,12,2025-05-01 14:15:00+00:00,2025-05-01 14:00:00+00:00,14,Thursday,3,2025,2025-05,LONG,95773.74,96224.53,95773.74,96201.85,95995.16938464246,95505.46186936196,489.7075152805046,1.5901282174597278,0.6711121806936599,2.2612403981533875,57.34420679244714,7.344206792447139,40.80438949560044,22.37645734509116,18.742294534142705,3.6341628109484567,307.9673135181674,0.3201261862616648,69.221260815822,2025-05-01 13:00:00+00:00,95773.74,94836.05243993708,93393.03491745512,132.9390873882803,0.14234368495014402,60.19900497512438,0,EMA20,True,False,0.7190028776524456,0.8711253398072821,96746.55,95765.35,94.96883249406746,0.9496883249406746,1.4637592374666117,1.9637592374666089,0.2736441791205051,96286.12346270363,95681.34980594456,1.8991166042064522,0.21285743460117088,7.086583364887011,2025-05-01 14:15:00+00:00,2025-05-04 01:30:00+00:00,96286.12346270363,95681.34980594456,98100.44443298086,0.041025453641278256,24.81111361883582,-24.81111361883582,-1.0,238,Stop loss,False,1607.3165372963704,604.7736567590764,65.94089008771213,24.81111361883582,2.657715856722041,1.0,99,238,True,True,True,True,True,True,True,True,False
exness_native-S06,13,2025-05-06 10:15:00+00:00,2025-05-06 10:00:00+00:00,10,Tuesday,1,2025,2025-05,SHORT,94188.0,94196.13,94102.02,94133.13,94276.38799745246,94371.0485259636,-94.66052851114364,0.5892336332526318,0.8917384221182509,1.4809720553708827,42.51508468189489,7.484915318105109,19.71373677067778,13.911181323641909,26.679567816204653,12.768386492562744,160.65024664089105,0.1706628119567373,17.723342939481267,2025-05-06 09:00:00+00:00,94187.84,94768.49975609542,94794.98099968792,-23.184717960233684,0.024457748412133773,18.146718146718147,3,EMA20,False,False,0.0,1.0888157946909547,94370.68,94070.1,58.30411220911168,0.3305706088619742,0.5858067570252103,1.0858067570251482,0.39365049634525745,94069.88995067183,94244.32507399227,1.5111377120531855,0.027128743923474686,13.056173693390194,2025-05-06 10:30:00+00:00,2025-05-06 13:45:00+00:00,94069.88995067183,93546.58458071052,93546.58458071052,0.1052370140871499,24.74908583478873,55.07109459049939,2.2251769199930735,14,Take profit,False,523.3053699613083,0.0,55.07109459049939,0.0,3.0,0.0,14,0,True,True,True,True,True,True,True,True,True
exness_native-S06,14,2025-05-07 07:15:00+00:00,2025-05-07 07:00:00+00:00,7,Wednesday,2,2025,2025-05,LONG,96531.75,96675.2,96522.5,96630.91,96526.00029267772,96146.66000067402,379.34029200370423,1.7626886562007018,0.48748618304040625,2.250174839241108,55.688461820283656,5.688461820283656,18.845786340683265,25.451464886859636,19.11226698093834,6.339197905921296,215.20549909326252,0.22270875757380584,35.73407202216066,2025-05-07 06:00:00+00:00,96532.06,95248.60191425605,94913.25298867523,81.46781420153275,0.08583397116444133,45.640074211502785,0,EMA20,True,False,0.01626488492381151,1.7464237712768902,96635.28,96272.86,64.93778650949928,0.7099541584807175,0.7095543591747265,1.2095543591747697,0.4058032912105261,96718.24109981865,96457.93835027202,1.809610111188217,0.16682481797094853,5.593525790654563,2025-05-07 07:15:00+00:00,2025-05-07 16:30:00+00:00,96718.24109981865,96457.93835027202,97499.14934845857,0.09560699460382033,24.88676357126498,-24.88676357126498,-1.0,38,Stop loss,False,770.0889001813484,260.30274954663764,73.62588532410011,24.88676357126498,2.958435519880569,1.0,30,38,True,True,True,True,True,True,True,True,False
exness_native-S06,15,2025-05-08 14:30:00+00:00,2025-05-08 14:15:00+00:00,14,Thursday,3,2025,2025-05,LONG,99130.3,99520.38,99125.65,99469.98,99343.61876764453,98996.77398230897,346.844785335561,1.403397117939787,0.5112805404740922,1.9146776584138792,55.97050386007948,5.970503860079482,25.306452287328092,19.058803686833308,12.767318171271851,6.291485515561456,247.14657091838382,0.248463477039388,45.176778699257966,2025-05-08 13:00:00+00:00,99258.82,97338.68924544343,95713.03734750296,192.7081133061438,0.2013394607951717,82.45614035087719,0,EMA20,True,False,0.8819412983743666,0.5214558195654204,99590.91,99039.03,86.05375826513921,0.8723177868416199,1.5971494103001886,2.097149410300187,0.4039275714517528,99569.80931418369,99051.50602872449,1.884977013582334,0.15262025356371964,6.7407392085193,2025-05-08 14:30:00+00:00,2025-05-08 15:30:00+00:00,99569.80931418369,101124.7191705613,101124.7191705613,0.04789579259630386,24.824546662336815,74.47363998701044,3.0,5,Take profit,False,1554.909856377606,265.72931418368535,74.47363998701044,12.727316118899859,3.0,0.5126907770770867,5,3,True,True,True,True,True,True,True,True,True
exness_native-S06,16,2025-05-09 10:45:00+00:00,2025-05-09 10:30:00+00:00,10,Friday,4,2025,2025-05,LONG,103052.33,103256.11,102912.34,103223.02,103022.32103779035,102695.82626879864,326.4947689917026,0.7916980773086646,0.48666317990310387,1.2783612572117684,55.04219822801511,5.04219822801511,20.690499312271236,22.346586930235222,17.436328771785753,4.910258158449469,412.39808248821845,0.39952142699198145,89.50252951096121,2025-05-09 09:00:00+00:00,102884.35,100172.40150226654,96916.21361221325,318.1299957547599,0.3282526049022922,93.89830508474576,0,EMA20,True,False,0.26668658866397765,0.5250114886446869,103098.61,102381.56,49.6523838613027,0.9037437821799572,0.8335877750106295,1.333587775010627,0.280238006443547,103338.58961649764,102788.62057525353,2.4715184656972835,0.19144864864270847,7.144127917936624,2025-05-09 10:45:00+00:00,2025-05-09 11:15:00+00:00,103338.58961649764,102788.62057525353,104988.49674022998,0.045476615748636186,25.01073076230434,-25.01073076230434,-1.0,3,Stop loss,False,106.07038350235962,549.9690412441123,4.823722072847287,25.01073076230434,0.1928660989033356,1.0,1,3,True,False,False,False,False,False,False,False,False
exness_native-S06,17,2025-05-11 10:30:00+00:00,2025-05-11 10:15:00+00:00,10,Sunday,6,2025,2025-05,LONG,104260.11,104485.18,104164.67,104465.23,104019.04366726466,103895.22433118105,123.81933608361578,0.4705080928735215,1.6954886621243332,2.1659967549978547,63.27476065902798,13.274760659027983,19.81228770002872,25.99257710554525,13.524789480565028,12.467787624980224,263.16090617574133,0.2519124364879504,45.57159578618806,2025-05-11 09:00:00+00:00,104328.15,103076.7721611209,99407.7485101596,225.30594334307534,0.22664827110539457,75.54858934169279,4,both,False,False,0.0,1.0238818247533112,104478.38,103767.34,63.998003182427595,0.9377554522479878,1.2179240627251646,1.7179240627252053,0.2758091324806374,104537.81218123515,104085.72172814727,1.8085647400329234,0.05979955529826578,11.713064859948938,2025-05-11 10:45:00+00:00,2025-05-11 13:30:00+00:00,104537.81218123515,104085.72172814727,105894.08354049877,0.05518409814893662,24.94820393539858,-24.94820393539858,-1.0,12,Stop loss,False,314.18781876485446,452.0904530878761,17.338171427920038,24.94820393539858,0.6949667187592291,1.0,6,12,True,True,True,False,False,False,False,False,False
exness_native-S06,18,2025-05-11 15:15:00+00:00,2025-05-11 15:00:00+00:00,15,Sunday,6,2025,2025-05,LONG,104119.94,104515.18,104018.64,104448.1,104238.9070669577,104123.72405879533,115.18300816237752,0.38684191892060543,0.702574076973499,1.0894159958941045,55.96659870930003,5.96659870930003,22.764852040926005,22.150161696271937,17.045196244856538,5.104965451415399,297.75213731689047,0.2850718560863151,60.34082106893881,2025-05-11 14:00:00+00:00,104121.33,103305.69166520984,99648.75284356835,241.00433340875315,0.24185383813793343,78.84914463452566,0,both,True,True,0.7397665351543071,0.3529246162337017,104376.42,103703.9,66.08933822048732,0.8649051435936922,1.6676286675031924,2.1676286675031844,0.42528805537536335,104574.73042746336,103929.31435880493,1.9361553341383169,0.07721118991735046,12.897587781557855,2025-05-11 15:15:00+00:00,2025-05-11 15:45:00+00:00,104574.73042746336,103929.31435880493,106510.97863343867,0.0385578150808793,24.885833425560087,-24.88583342556009,-1.0000000000000002,3,Stop loss,False,72.4495725366287,645.4160686584364,2.7934972205560804,24.88583342556009,0.11225250819556223,1.0,1,3,True,False,False,False,False,False,False,False,False
exness_native-S06,19,2025-05-13 16:00:00+00:00,2025-05-13 15:45:00+00:00,15,Tuesday,1,2025,2025-05,LONG,103649.24,103743.71,103426.47,103696.57,103494.39750191463,103231.20384845832,263.19365345631377,0.714570301659029,0.5488979732104592,1.263468274869488,55.87139293662474,5.871392936624737,24.14466904537301,18.707002878022507,16.310578351030944,2.396424526991563,368.324366189377,0.3551943581059402,82.31904933381347,2025-05-13 14:00:00+00:00,103209.29,103202.24576370657,101057.1025183841,129.82119000234525,0.12846320225609917,51.230101302460206,2,both,True,False,0.1844230470478957,0.5301472546111333,103887.37,102913.35,14.919303996974204,0.8514058756777246,0.8613060365300234,1.3613060365300464,0.32798501627168564,103817.37487323789,103315.97269014319,2.1061524642071063,0.07023488327225996,9.895020342673789,2025-05-13 16:00:00+00:00,2025-05-14 07:15:00+00:00,103817.37487323789,103315.97269014319,105321.581422522,0.04950839800653128,24.823618841996186,-24.823618841996186,-1.0,62,Stop loss,False,1185.275126762106,501.4021830947022,58.68107272298016,24.823618841996186,2.3639209535277144,1.0,16,62,True,True,True,True,True,True,True,False,False
exness_native-S06,20,2025-05-14 12:15:00+00:00,2025-05-14 12:00:00+00:00,12,Wednesday,2,2025,2025-05,LONG,103943.03,104116.76,103889.78,104054.41,103742.7133460266,103728.1476079877,14.565738038902055,0.059957557288279326,1.2830499860193652,1.3430075433076445,59.92240625381034,9.922406253810337,20.953713013899673,22.842164172449074,15.917216565344289,6.9249476071047855,242.93414704787193,0.2334683816359844,35.16445066480056,2025-05-14 11:00:00+00:00,103943.28,103571.11677342614,101594.0857238253,102.76782468314923,0.10115532213411975,42.41573033707865,4,EMA50,False,False,0.0,0.665334182026066,104146.76,103638.75,49.07040267865304,0.7253061943783928,0.9343272765819449,1.434327276581938,0.45665391530035154,104165.34682940957,103816.89975588564,1.748262061898744,0.03797956429535429,12.85713891634684,2025-05-14 12:15:00+00:00,2025-05-14 13:30:00+00:00,104165.34682940957,103816.89975588564,105210.68804998136,0.07106261374065079,24.761559794891195,-24.761559794891195,-1.0,6,Stop loss,False,46.68317059043329,348.44707352393016,3.31742811985687,24.761559794891195,0.1339749251394624,1.0,2,6,True,False,False,False,False,False,False,False,False
exness_native-S06,21,2025-05-16 17:00:00+00:00,2025-05-16 16:45:00+00:00,16,Friday,4,2025,2025-05,LONG,103971.41,104231.54,103889.08,104149.58,103889.45805332887,103786.36906694477,103.08898638410028,0.3142577382005174,0.792958952109688,1.1072166903102054,56.1201574315004,6.120157431500402,19.511291063650727,26.51063069633158,15.099181868612966,11.411448827718615,328.03961160798093,0.31496969225222116,70.13888888888889,2025-05-16 15:00:00+00:00,104185.9,103476.81114590047,102300.50000638788,76.66043423877272,0.07493651960057465,30.833333333333336,0,EMA20,True,False,0.0011524624328544783,0.31310527576766295,104580.88,103839.33,52.02651404543669,0.7606727793027104,1.043959289920279,1.543959289920254,0.4498478753777264,104297.14792232159,103790.66811651761,1.8398359912971125,0.021561891339029606,14.083256911103376,2025-05-16 17:15:00+00:00,2025-05-16 17:45:00+00:00,104297.14792232159,103790.66811651761,105816.58733973351,0.04876730644017744,24.699655895403968,-24.699655895403968,-1.0,3,Stop loss,False,118.06207767841988,506.47980580397416,5.757569521107535,24.699655895403968,0.23310322805666636,1.0,1,3,True,False,False,False,False,False,False,False,False
exness_native-S06,22,2025-05-18 07:15:00+00:00,2025-05-18 07:00:00+00:00,7,Sunday,6,2025,2025-05,LONG,103473.24,103560.07,103437.61,103548.0,103419.89445994115,103313.12433934494,106.77012059620756,0.8100317300897337,0.9718969283587892,1.781928658448523,60.86055177328618,10.860551773286183,21.39193570783518,23.163871760358717,14.580719643394781,8.583152116963936,131.8098003202662,0.12729342944360703,1.5625,2025-05-18 06:00:00+00:00,103473.68,103324.50268673034,102626.97753969446,40.65980545457569,0.039619022628673964,19.02777777777778,0,EMA20,False,False,0.0,0.9444340280661219,103687.83,103366.93,61.04850563448543,0.9014372039849228,0.9290659700755026,1.4290659700755393,0.2915713396930941,103586.43196006406,103398.06705990391,0.8883540088991899,0.006478936283765205,15.426498855393048,2025-05-18 07:15:00+00:00,2025-05-18 13:30:00+00:00,103586.43196006406,104151.52666054449,104151.52666054449,0.09513951311756418,24.63790675566546,53.76283466902415,2.1821186029394095,26,Take profit,False,565.094700480433,33.32196006405866,53.76283466902415,3.170235056617458,3.0,0.1769011107469011,26,2,True,True,True,True,True,True,True,True,True
exness_native-S06,23,2025-05-19 19:45:00+00:00,2025-05-19 19:30:00+00:00,19,Monday,0,2025,2025-05,LONG,104873.94,105470.78,104870.45,105417.17,104754.14643591733,104216.53074882721,537.6156870901177,1.3696140555564662,1.6890995079549336,3.0587135635114,65.69928107857774,15.69928107857774,34.44846250655261,28.655201053689932,14.226884744715715,14.428316308974217,392.5307899032093,0.3723594457176277,84.96527777777779,2025-05-19 18:00:00+00:00,104744.98,103925.41044611628,103091.38048024345,93.58056709513767,0.09077438546190732,37.083333333333336,1,EMA20,False,False,0.0,1.6659056257320168,105360.51,104577.75,90.48856462278985,0.9106991154864817,1.529383211309441,2.029383211309417,0.3365752735300411,105549.28615798063,104752.69076302904,2.656545420871799,0.05546991579494215,7.744722342296188,2025-05-19 20:00:00+00:00,2025-05-20 12:30:00+00:00,105549.28615798063,104752.69076302904,107939.07234283542,0.03109773669209228,24.77231384233802,-24.77231384233802,-1.0,67,Stop loss,False,1289.4338420193671,796.595394951597,40.0984741009912,24.77231384233802,1.6186810144662163,1.0,26,67,True,True,True,True,True,True,False,False,False
exness_native-S06,24,2025-05-20 19:15:00+00:00,2025-05-20 19:00:00+00:00,19,Tuesday,1,2025,2025-05,LONG,105261.75,105832.44,105162.43,105807.86,105516.56200640507,105336.2028477305,180.35915867457516,0.45088827692685346,0.7282294471180684,1.1791177240449218,56.330217910537314,6.330217910537314,28.872204137955382,21.37188217413108,18.896539003094468,2.475343171036613,400.00853405162803,0.3780518139688564,86.25,2025-05-20 18:00:00+00:00,105262.31,104819.97310053666,103587.44636234175,88.02938621456269,0.08498074748038673,31.944444444444443,0,both,True,True,0.8853111277855252,0.43442285085867177,106420.32,105195.61,81.50773869046625,0.9633139803883504,1.6749892638878872,2.1749892638878814,0.26144868898427687,105912.44170681032,105042.4274397845,2.16951107454578,0.0572836683156732,12.002528657495803,2025-05-20 19:15:00+00:00,2025-05-21 14:45:00+00:00,105912.44170681032,108522.48450788778,108522.48450788778,0.028402273381338463,24.71038305773217,74.1311491731965,3.0,79,Take profit,False,2610.042801077463,22.561706810316537,74.1311491731965,0.640803764776216,3.0,0.025932571068569537,79,13,True,True,True,True,True,True,True,True,True
exness_native-S06,25,2025-05-21 19:45:00+00:00,2025-05-21 19:30:00+00:00,19,Wednesday,2,2025,2025-05,LONG,107210.52,108438.58,107209.48,108111.21,107525.82943309055,107347.7036837115,178.1257493790472,0.24772778703300324,0.814116055192091,1.0618438422250942,56.51176844705183,6.5117684470518284,27.561188120514586,26.16155426131503,21.43055895850049,4.730995302814538,719.0382294712729,0.6650912791294009,99.96527777777777,2025-05-21 18:00:00+00:00,106942.61,106263.73115530805,104335.28292499646,193.16459360014414,0.1851383234749116,70.27777777777777,2,EMA50,True,True,0.4399619104024165,0.19223412336941326,107388.36,106451.49,73.28044910910407,0.733650638678713,1.7093666923715507,2.209366692371553,0.6552887267770402,108582.38764589425,106993.76853115861,3.195351905561271,0.0770895889495442,11.340607960046903,2025-05-21 19:45:00+00:00,2025-05-23 23:30:00+00:00,108582.38764589425,106993.76853115861,113348.24499010119,0.015671290052938814,24.89571093066516,-24.89571093066516,-1.0,208,Stop loss,False,3326.562354105743,1588.619114735644,52.131523530378054,24.89571093066516,2.0939961777177176,1.0,88,208,True,True,True,True,True,True,True,False,False
exness_native-S06,26,2025-05-26 09:15:00+00:00,2025-05-26 09:00:00+00:00,9,Monday,0,2025,2025-05,LONG,109624.04,109792.57,109543.54,109777.95,109642.35886803264,109174.85097097847,467.50789705416537,1.7051861440284368,0.49455446836460226,2.199740612393039,57.260624938937184,7.260624938937184,30.301681761624526,20.277200422140776,13.036009431143606,7.24119099099717,274.16824766690627,0.2497480119340052,41.66666666666667,2025-05-26 08:00:00+00:00,109624.04,108531.77408486402,107384.23382212296,118.56375496412511,0.11041076584903564,52.5,0,EMA20,True,False,0.36043148276126974,1.344754661267167,110156.91,109558.42,61.80379873910582,0.9412922137894667,0.9083108715877487,1.4083108715877526,0.25332492046186766,109847.40364953339,109461.28952569992,1.8040780025463696,0.19521973010435392,7.896512890205184,2025-05-26 09:15:00+00:00,2025-05-26 13:45:00+00:00,109847.40364953339,109461.28952569992,111005.74602103379,0.0643164031576562,24.833471653338496,-24.833471653338492,-0.9999999999999999,19,Stop loss,False,185.8163504666154,386.1141238334676,11.951039309895174,24.833471653338492,0.4812472245816075,1.0,15,19,True,True,False,False,False,False,False,False,False
exness_native-S06,27,2025-05-27 15:45:00+00:00,2025-05-27 15:30:00+00:00,15,Tuesday,1,2025,2025-05,LONG,109591.07,110039.6,109565.22,109947.31,109691.98893668753,109524.8589830278,167.12995365972165,0.38985329313252975,0.595571022182685,0.9854243153152147,55.456106907632005,5.456106907632005,18.16568758354341,22.9478550441506,25.8771948153905,-2.929339771239899,428.6996072722828,0.38991368435688223,88.09027777777779,2025-05-27 14:00:00+00:00,109326.98,109088.59945811913,107888.80783812994,86.77058510370262,0.08042593744653118,35.0,0,both,True,False,0.29570574485507256,0.09414754827745722,110174.15,108623.95,75.09591466756339,0.8054513259412133,1.1065557139610547,1.6065557139610553,0.4152789469232975,110125.33992145446,109436.61011781832,1.933635807414872,0.0007681269750859266,10.194060871881604,2025-05-27 15:45:00+00:00,2025-05-27 21:00:00+00:00,110125.33992145446,109436.61011781832,112191.5293323629,0.035966772228274,24.77138797420515,-24.771387974205147,-0.9999999999999999,22,Stop loss,False,336.73007854554453,688.7298036361462,12.111094037456413,24.771387974205147,0.4889146320774554,1.0,5,22,True,True,False,False,False,False,False,False,False
exness_native-S06,28,2025-05-30 07:15:00+00:00,2025-05-30 07:00:00+00:00,7,Friday,4,2025,2025-05,SHORT,105717.88,105857.65,105406.19,105521.88,105950.34562869939,106150.82491453968,-200.47928584029432,0.7649903068718886,1.6349422405859364,2.399932547457825,36.60487705549962,13.395122944500379,24.09498028958097,12.773978474222783,30.762102820459855,17.988124346237072,262.0677465314187,0.24835393998990418,37.708333333333336,2025-05-30 06:00:00+00:00,105717.84,107218.70820164928,107766.47481351426,-90.3910503739753,0.08387678128137116,45.27777777777778,1,EMA20,False,False,0.0,1.1186989563576137,106293.61,105516.29,43.41469897665431,0.2562574757453693,1.7226843286717364,2.222684328671743,0.6414507375715056,105353.77645069372,105936.27032395943,1.9188115577825813,0.16975957357426877,7.102034037308611,2025-05-30 07:30:00+00:00,2025-05-30 10:45:00+00:00,105353.77645069372,105936.27032395943,103606.29483089662,0.042420119143465204,24.709459504269635,-24.709459504269635,-1.0,14,Stop loss,False,754.4064506937284,582.4938732657029,32.00201152102667,24.709459504269635,1.2951319924863967,1.0,9,14,True,True,True,True,True,False,False,False,False
exness_native-S06,29,2025-05-30 16:15:00+00:00,2025-05-30 16:00:00+00:00,16,Friday,4,2025,2025-05,SHORT,105539.65,105559.15,105256.24,105320.68,105553.0124265342,105677.24994290463,-124.23751637042733,0.3270693138572901,0.6116413910494982,0.9387107049067882,44.60633673906121,5.393663260938787,18.302233156542826,13.968805494619732,20.078375106768792,6.109569612149061,379.8507261510806,0.36066110297719367,81.35416666666667,2025-05-30 15:00:00+00:00,105539.75,106708.08952443665,107573.48305429397,-101.9341297656647,0.09475767342609609,54.166666666666664,0,both,True,False,0.01615785634526098,0.3109114575120291,105828.28,105190.26,72.28879865306828,0.21273645637314756,0.7974448359472412,1.2974448359472432,0.3696455885524676,105180.2698547698,105673.10521784532,2.110868445008269,0.09742119299881968,12.836115045882845,2025-05-30 16:15:00+00:00,2025-05-30 16:45:00+00:00,105180.2698547698,103701.7637655432,103701.7637655432,0.05001200746167144,24.64768585550896,73.94305756652689,3.0000000000000004,3,Take profit,False,1478.5060892265901,0.0,73.94305756652689,0.0,3.0,0.0,3,0,True,True,True,True,True,True,True,True,True
exness_native-S06,30,2025-05-30 19:45:00+00:00,2025-05-30 19:30:00+00:00,19,Friday,4,2025,2025-05,SHORT,104797.06,104799.43,104517.47,104610.28,104759.5425518295,105148.81712996926,-389.274578139768,1.0272676088840755,0.3938931369383372,1.4211607458224127,44.667387614218086,5.332612385781914,26.971374059965143,16.28401266126391,22.908213306398967,6.624200645135058,378.9417429044009,0.36224140008458144,81.59722222222221,2025-05-30 18:00:00+00:00,104883.52,106436.84504768488,107476.71817050807,-139.81750325094617,0.13009096819380972,69.44444444444444,0,EMA20,True,False,0.10526010638147511,0.9220075025026004,104994.01,104243.23,66.24343878564486,0.32916016456235053,0.7440721569466273,1.244072156946622,0.4449189136268282,104441.68165141912,104913.1125228713,2.2341878842704532,0.0679549397477372,11.781066712277054,2025-05-30 20:00:00+00:00,2025-05-31 21:00:00+00:00,104441.68165141912,104913.1125228713,103027.38903706254,0.052674835279521236,24.832543499425277,-24.832543499425277,-1.0,101,Stop loss,False,1393.7916514191165,471.43087145219033,73.41774565247384,24.832543499425277,2.9565133210850116,1.0,29,101,True,True,True,True,True,True,True,True,False
exness_native-S06,31,2025-06-01 09:15:00+00:00,2025-06-01 09:00:00+00:00,9,Sunday,6,2025,2025-06,SHORT,104381.25,104458.49,104120.61,104210.13,104343.73078184675,104383.42362274011,-39.69284089335997,0.24487788233104324,0.8242261274343853,1.0691040097654285,42.292086719451305,7.707913280548695,22.626418120548152,13.588375519542879,23.854182825927634,10.265807306384755,162.09238872664042,0.15554379284109943,4.409722222222222,2025-06-01 08:00:00+00:00,104378.34,104742.08562822461,106440.82699450858,-103.78896154127142,0.09750860123120429,54.166666666666664,0,both,True,True,0.7079864702764521,0.4631085879454089,104396.22,104193.99,50.64519947910293,0.26494613472239503,2.0844902259403435,2.5844902259403866,0.7522776282295411,104088.19152225467,104507.117716618,1.0314732074048598,0.06543085164953671,10.36845081152504,2025-06-01 09:15:00+00:00,2025-06-01 14:00:00+00:00,104088.19152225467,104507.117716618,102831.41293916467,0.0591284633760415,24.770462140676713,-24.770462140676713,-1.0,20,Stop loss,False,363.95152225466154,418.9261943633319,21.51989425428931,24.770462140676713,0.8687724166014046,1.0,3,20,True,True,True,True,False,False,False,False,False
exness_native-S06,32,2025-06-02 10:30:00+00:00,2025-06-02 10:15:00+00:00,10,Monday,0,2025,2025-06,SHORT,104675.9,104677.19,104329.73,104426.04,105022.11416890843,105090.44251434645,-68.32834543801437,0.2457100751060496,2.143494443958613,2.3892045190646627,32.805579650478904,17.194420349521096,23.694150232310314,13.921865802802381,29.933155909325585,16.011290106523205,278.08524094310553,0.2662987516744919,47.84722222222222,2025-06-02 09:00:00+00:00,104630.95,104905.94251387188,106108.42261517617,-50.75666300229204,0.04783471636966222,26.52777777777778,4,both,False,False,0.0,1.486064175664013,105413.67,104448.14,71.91043573360847,0.27718298509179734,1.249472999076188,1.7494729990761697,0.5463326556755415,104274.11295181137,104760.61557228293,1.4879298655159285,0.04451728374592295,10.0736577688737,2025-06-02 10:30:00+00:00,2025-06-02 18:15:00+00:00,104274.11295181137,104760.61557228293,102814.60509039671,0.05078808406288889,24.70853598532502,-24.70853598532502,-1.0,32,Stop loss,False,620.6129518113739,486.5026204715541,31.519742767113673,24.70853598532502,1.2756620945018349,1.0,15,32,True,True,True,True,True,False,False,False,False
exness_native-S06,33,2025-06-03 08:30:00+00:00,2025-06-03 08:15:00+00:00,8,Tuesday,1,2025,2025-06,SHORT,105017.24,105021.87,104893.15,104917.43,105312.79702952645,105334.51680883933,-21.71977931287256,0.11115777408685167,2.0234146174517225,2.134572391538574,35.09267529843052,14.907324701569479,26.583456071740592,13.308264259868798,31.47335759097501,18.165093331106213,195.39595400589883,0.18623783865645474,11.527777777777779,2025-06-03 07:00:00+00:00,105172.49,105033.67668486199,105894.16311720326,-27.942219617281808,0.026386930870170307,13.055555555555557,3,EMA50,False,False,0.0,1.6000679769955308,105446.28,104967.4,77.54039776259425,0.18862647607208372,0.6587649199538452,1.1587649199538121,0.32426050541077395,104854.07080919882,105080.48878620176,1.7465310638941232,0.06689653326798002,9.350483795080937,2025-06-03 08:30:00+00:00,2025-06-03 09:00:00+00:00,104854.07080919882,105080.48878620176,104174.81687818999,0.09402311023369235,24.64676464536171,-21.288522410637434,-0.8637451088187241,3,Stop loss,False,9.150809198821662,226.4179770029441,0.8603875420282951,21.288522410637434,0.04041555940013842,1.0,1,3,True,False,False,False,False,False,False,False,False
exness_native-S06,34,2025-06-04 11:45:00+00:00,2025-06-04 11:30:00+00:00,11,Wednesday,2,2025,2025-06,SHORT,105436.64,105453.92,105152.44,105221.14,105531.19021454145,105539.49234816317,-8.302133621720714,0.04360250157719242,1.6283723660123977,1.67197486758959,38.489359225285604,11.510640774714396,22.268404493595455,22.45697161891532,27.38635407371127,4.929382454795952,190.40498415034494,0.18095696753555887,9.270833333333334,2025-06-04 10:00:00+00:00,105701.08,105409.38493354424,105827.93215794934,-16.330745822939207,0.01543141351242259,9.305555555555555,0,both,False,False,0.0,0.4494228370387809,105984.27,105374.86,71.48069523683259,0.22787581265754947,1.5833619132676982,2.0833619132676953,0.5608098827169185,105114.35900316993,105511.0414952451,1.525993633453575,0.00025329609102818095,12.255979091404933,2025-06-04 11:45:00+00:00,2025-06-04 15:30:00+00:00,105114.35900316993,105511.0414952451,103924.31152694442,0.06199805595321019,24.593543339335113,-24.593543339335113,-1.0,16,Stop loss,False,973.1490031699213,396.68249207516783,60.3333463493395,24.593543339335113,2.4532189411210976,1.0,10,16,True,True,True,True,True,True,True,False,False
exness_native-S06,35,2025-06-05 16:00:00+00:00,2025-06-05 15:45:00+00:00,15,Thursday,3,2025,2025-06,SHORT,104776.28,104799.34,104541.93,104554.71,104795.15310605087,104832.76693071268,-37.613824661806575,0.10668232049774419,0.6819574646243771,0.7886397851221213,45.05276267357601,4.947237326423988,19.8045537201055,23.7950822664989,26.81690398936554,3.0218217228666404,352.57786375767785,0.3372185373166621,73.95833333333334,2025-06-05 14:00:00+00:00,104635.3,105032.00367865304,105593.64607177216,-37.950444170011906,0.035940083122252386,20.27777777777778,0,both,True,False,0.011875090241067079,0.09480723025667712,104941.79,103984.92,86.07668699739304,0.04964842080732378,0.7300798673422051,1.2300798673421984,0.23624731247676653,104471.41442724846,104905.1133591273,1.5496910558741517,0.06679479473757914,10.275954929792306,2025-06-05 16:00:00+00:00,2025-06-05 17:00:00+00:00,104471.41442724846,103170.31763161194,103170.31763161194,0.05656472192520906,24.532059480986778,73.59617844296032,2.9999999999999996,5,Take profit,False,1301.0967956365203,0.0,73.59617844296032,0.0,3.0,0.0,5,0,True,True,True,True,True,True,True,True,True
exness_native-S06,36,2025-06-08 14:15:00+00:00,2025-06-08 14:00:00+00:00,14,Sunday,6,2025,2025-06,LONG,105699.45,105818.14,105626.8,105796.26,105666.13666820695,105606.56846735698,59.56820084997162,0.3159875950250542,0.6902568498499684,1.0062444448750225,56.58825238069733,6.588252380697327,25.387210768402266,29.946929819270384,11.02569870508547,18.921231114184913,188.514365082112,0.17818622802177694,12.67361111111111,2025-06-08 13:00:00+00:00,105699.75,105197.01109559357,105139.82350164001,22.060012564921635,0.020981595584072418,13.194444444444445,0,EMA20,True,False,0.20866668802567012,0.10732090699938406,106225.61,105631.66,50.59579805581657,0.8856485836730164,1.0149889633962577,1.5149889633962574,0.3160654255205881,105855.84287301642,105570.24569047536,0.8807303233234584,0.020646167310210257,11.810880231830557,2025-06-08 14:15:00+00:00,2025-06-09 01:45:00+00:00,105855.84287301642,105570.24569047536,106712.63442063957,0.08654164479910942,24.716049927094176,-24.716049927094176,-1.0,47,Stop loss,False,760.9271269835881,285.59718254105246,65.85188514142051,24.716049927094176,2.664336952533523,1.0,31,47,True,True,True,True,True,True,True,True,False
exness_native-S06,37,2025-06-09 14:15:00+00:00,2025-06-09 14:00:00+00:00,14,Monday,0,2025,2025-06,LONG,107080.83,107542.79,107077.58,107476.42,107257.83721911916,106683.25047268816,574.5867464309995,1.7927483601956185,0.6819926223936669,2.474740982589285,58.696143381771165,8.696143381771165,48.47058588179905,22.700760212449147,19.219268834401525,3.4814913780476218,320.506078370253,0.298210601330276,63.923611111111114,2025-06-09 13:00:00+00:00,107079.04,105882.9396309816,105373.78906303232,100.88364345350419,0.09573884013334452,63.33333333333333,0,EMA20,True,False,0.5624143543103788,1.2303340058852397,108061.85,106925.88,85.03471550482652,0.8573332473506664,1.4514857327060577,1.9514857327060307,0.4070787560020011,107606.89121567404,106981.42817648893,1.3402641369387696,0.18062624034333097,7.350598611871593,2025-06-09 14:15:00+00:00,2025-06-09 21:00:00+00:00,107606.89121567404,109483.28033322937,109483.28033322937,0.03941761264486143,24.654259802276442,73.96277940682933,3.0,28,Take profit,False,1876.389117555329,19.23121567403723,73.96277940682933,0.7580486101289873,3.0,0.030747165650416047,28,3,True,True,True,True,True,True,True,True,True
exness_native-S06,38,2025-06-14 11:45:00+00:00,2025-06-14 11:30:00+00:00,11,Saturday,5,2025,2025-06,SHORT,105021.0,105113.69,104960.16,104985.36,105053.24284124268,105184.8917266127,-131.6488853700139,0.9273066121321063,0.47815222557888887,1.4054588377109953,42.705328461205426,7.294671538794574,21.908546245997634,16.451542604552515,23.806094400235345,7.354551795682831,141.96910023893895,0.13522752147436456,2.8472222222222223,2025-06-14 10:00:00+00:00,105023.96,105806.77175767235,106520.14367438505,-75.84803434510832,0.07120534363618919,50.416666666666664,0,EMA20,True,False,0.42577686732948256,0.5015297448026238,105137.92,104865.01,23.213704162052814,0.1641373021559127,1.08143250708501,1.5814325070849784,0.37750341417662586,104931.76617995222,105156.28073007168,1.6498374252240124,0.009618930853343829,11.311925818582385,2025-06-14 12:00:00+00:00,2025-06-14 21:15:00+00:00,104931.76617995222,105156.28073007168,104258.22252959383,0.09468692905900662,24.839166750793517,-21.258593279876457,-0.8558496946841957,38,Stop loss,False,636.926179952221,224.51455011946382,60.30858401696003,21.258593279876457,2.8369037980536835,1.0,33,38,True,True,True,True,True,True,True,True,False
exness_native-S06,39,2025-06-18 09:45:00+00:00,2025-06-18 09:30:00+00:00,9,Wednesday,2,2025,2025-06,SHORT,104859.36,104861.3,104611.54,104651.61,105014.45179639339,105020.96994799847,-6.518151605079765,0.0287267323076851,1.5991127219117414,1.6278394542194266,39.20387924434502,10.796120755654982,21.144470672680416,18.62063144702415,32.879138309107006,14.258506862082857,226.9019509516577,0.2168164932691028,31.041666666666668,2025-06-18 08:00:00+00:00,104945.64,105613.220209342,106111.49495541102,-48.23992581260973,0.045461545738169615,37.361111111111114,0,both,False,False,0.0,0.703695791635064,105267.83,104731.04,83.17985265854911,0.16043401665601173,1.1007397642571244,1.600739764257142,0.3765961016727561,104566.15960980966,104929.3705852855,1.8145213137356582,0.11140094795892123,9.194831875451417,2025-06-18 09:45:00+00:00,2025-06-18 14:00:00+00:00,104566.15960980966,104929.3705852855,103476.52668338214,0.06824138569910147,24.786020267593827,-24.78602026759383,-1.0000000000000002,18,Stop loss,False,800.7996098096628,363.21097547584213,54.647675040711164,24.78602026759383,2.2047781148698395,1.0,16,18,True,True,True,True,True,True,True,False,False
exness_native-S06,40,2025-06-18 15:15:00+00:00,2025-06-18 15:00:00+00:00,15,Wednesday,2,2025,2025-06,SHORT,104634.59,104838.38,104348.78,104418.14,104643.09963047637,104755.08049514452,-111.98086466814857,0.28529713260426787,0.5731366489874853,0.8584337815917532,45.35950737593096,4.64049262406904,20.37365986649997,22.45849225079546,24.438736185652473,1.9802439348570147,392.5060993286457,0.3758983825307037,87.77777777777777,2025-06-18 14:00:00+00:00,104634.59,105385.35094405583,106020.2725325352,-76.90595565781405,0.07253891526661882,52.361111111111114,0,both,True,True,0.49752187254580155,0.21222473994153365,105370.74,103940.45,44.2095588235283,0.14166666666666616,1.247369151300916,1.747369151300935,0.3767106297676442,104270.27878013426,104956.1318297986,1.961038966367288,0.020409031846189415,12.341103657396838,2025-06-18 15:15:00+00:00,2025-06-18 15:30:00+00:00,104270.27878013426,104956.1318297986,102212.71963114126,0.03604861891191569,24.72405521692484,-24.724055216924842,-1.0000000000000002,2,Stop loss,False,137.09878013427078,685.8530496643361,4.9422216783488455,24.724055216924842,0.19989526940409233,1.0,1,2,True,False,False,False,False,False,False,False,False
exness_native-S06,41,2025-06-18 17:30:00+00:00,2025-06-18 17:15:00+00:00,17,Wednesday,2,2025,2025-06,SHORT,104256.0,104317.72,104054.69,104070.31,104543.75491700994,104682.15340484357,-138.39848783363414,0.37899649714935246,1.296502353086594,1.6754988502359465,39.89996087390409,10.100039126095908,19.595283694518002,14.738820051645677,28.756290003375614,14.017469951729938,365.1708891100779,0.3508886339534089,82.11805555555556,2025-06-18 16:00:00+00:00,104409.51,105325.40583493965,105992.3226534226,-73.52645899864729,0.06936960824895466,50.69444444444444,3,EMA20,False,False,0.0,0.997980440696396,104868.69,103979.32,70.59650990381445,0.0593848610424492,0.7202929035252602,1.2202929035252517,0.24277449398571435,103981.65582217799,104427.27126673302,1.8474488716470054,0.019183266450383166,13.703348624070813,2025-06-18 17:30:00+00:00,2025-06-18 17:45:00+00:00,103981.65582217799,104427.27126673302,102644.80948851288,0.05534423319530317,24.662245078882528,-24.662245078882528,-1.0,2,Stop loss,False,423.8658221779915,445.6154445550346,23.45852890613767,24.662245078882528,0.9511919466822767,1.0,1,2,True,True,True,True,False,False,False,False,False
exness_native-S06,42,2025-06-19 19:30:00+00:00,2025-06-19 19:15:00+00:00,19,Thursday,3,2025,2025-06,SHORT,104355.65,104404.06,104222.57,104263.43,104384.39715811488,104519.36071654611,-134.96355843123456,0.5473606953390875,0.490596636222317,1.0379573315614046,45.34302513734987,4.656974862650131,20.40575280575354,17.41445603889091,19.53449666301837,2.1200406241274585,246.5715196222214,0.2364889776043445,41.84027777777778,2025-06-19 18:00:00+00:00,104373.26,104848.42783021003,105675.19586553375,-74.86800549137115,0.07084728339338668,53.888888888888886,0,EMA20,True,False,0.07974498399184043,0.46761571134724705,104692.1,104206.32,50.81271695410541,0.2251363711498602,0.7360541893810616,1.236054189381079,0.36571256916691114,104173.25569607556,104478.03145588667,1.7302340831843481,0.034897967558314,13.371058614794299,2025-06-19 19:30:00+00:00,2025-06-19 20:15:00+00:00,104173.25569607556,104478.03145588667,103258.92841664224,0.08071701463867176,24.600589466185326,-24.600589466185323,-0.9999999999999999,4,Stop loss,False,100.24569607556623,304.7757598111057,8.091533317595319,24.600589466185323,0.32891623709738804,1.0,1,4,True,True,False,False,False,False,False,False,False
exness_native-S06,43,2025-06-21 15:30:00+00:00,2025-06-21 15:15:00+00:00,15,Saturday,5,2025,2025-06,SHORT,103550.17,103551.34,103329.36,103344.98,103611.57511455081,103617.00551866386,-5.430404113052646,0.03255912681681366,1.5984269241655988,1.6309860509824123,38.9099921842609,11.0900078157391,22.821483389420855,13.081682716092635,25.553765502901733,12.472082786809098,166.78592591274173,0.16138754481615047,10.868055555555555,2025-06-21 14:00:00+00:00,103497.07,104072.24752347953,105114.97442371763,-73.44931057561189,0.06987521138476264,56.25,0,both,False,False,0.0,0.3937113896422042,103718.97,103313.38,92.43625551851792,0.07036669970265623,1.3309276474330956,1.8309276474331446,0.29365298609292445,103296.00281481745,103601.37577777382,1.3071329373997196,0.09534688895909121,8.287027661386293,2025-06-21 15:30:00+00:00,2025-06-21 19:30:00+00:00,103296.00281481745,102379.88392594832,102379.88392594832,0.08035776237343406,24.539087992519864,73.61726397755959,3.0,17,Take profit,False,916.1188888691249,299.49718518255395,73.61726397755959,24.066923638412046,3.0,0.9807586836865435,17,3,True,True,True,True,True,True,True,True,True
exness_native-S06,44,2025-06-25 14:45:00+00:00,2025-06-25 14:30:00+00:00,14,Wednesday,2,2025,2025-06,LONG,107591.45,107842.46,107540.3,107815.05,107384.91025648106,106923.67879227211,461.2314642089477,1.4497656785537125,1.3520366356731357,2.801802314226848,64.72867267422926,14.728672674229259,28.032315187636783,25.903599103736283,19.34326558280566,6.560333520930623,318.1420770486667,0.2950813240346934,69.09722222222221,2025-06-25 13:00:00+00:00,107962.47,105394.92787495187,104444.42077655556,145.19454977245186,0.13901608979485422,90.13888888888889,0,EMA20,False,False,0.0,1.9381944489963365,108203.29,107263.05,74.00052952078477,0.9092864707439662,0.9497643405206713,1.449764340520704,0.28615647529017263,107906.08841540974,107444.8573768854,1.7116127588908872,0.1555672200940902,9.012879924357607,2025-06-25 14:45:00+00:00,2025-06-25 15:00:00+00:00,107906.08841540974,107444.8573768854,109289.78153098279,0.05360248788017914,24.72313115246376,-24.72313115246376,-1.0,2,Stop loss,False,48.941584590254934,461.23103852434724,2.6233906948359023,24.72313115246376,0.10611077855219284,1.0,1,2,True,False,False,False,False,False,False,False,False
exness_native-S06,45,2025-06-26 08:15:00+00:00,2025-06-26 08:00:00+00:00,8,Thursday,3,2025,2025-06,LONG,107855.52,108117.87,107841.25,108104.38,107834.92442743202,107683.3457305803,151.57869685172045,0.7039349414517524,1.251357853307326,1.9552927947590784,62.7914285075716,12.791428507571602,31.617400502143,21.763404414840593,11.303942970551923,10.45946144428867,215.3305482167341,0.1991876260857646,28.020833333333332,2025-06-26 07:00:00+00:00,107855.32,106546.97202214226,104966.84711137906,146.2700293478847,0.13934878809180515,88.75,4,EMA20,False,False,0.0,0.7333110454015299,108128.76,107707.71,89.96457233750444,0.9512327380522344,1.2846296184671964,1.7846296184671968,0.2626478691096481,108160.93610964334,107776.65083553498,1.4506080895173379,0.12100681509353324,12.890230203467512,2025-06-26 08:15:00+00:00,2025-06-26 08:30:00+00:00,108160.93610964334,107776.65083553498,109313.79193196843,0.06417452082129094,24.661323324582604,-24.661323324582604,-1.0,2,Stop loss,False,60.93389035665314,384.2852741083625,3.910403215415296,24.661323324582604,0.15856420857664902,1.0,1,2,True,False,False,False,False,False,False,False,False
exness_native-S06,46,2025-06-28 17:15:00+00:00,2025-06-28 17:00:00+00:00,17,Saturday,5,2025,2025-06,LONG,107358.63,107425.9,107330.14,107399.94,107350.61780209519,107326.66072881513,23.957073280063923,0.22584008222951787,0.46495367361222156,0.6907937558417394,54.45225205458232,4.452252054582317,19.221126791823927,28.434581496248526,15.447870817479647,12.98671067876888,106.07981118124421,0.09877082909100714,1.597222222222222,2025-06-28 16:00:00+00:00,107358.72,107177.13262142384,105951.47802987396,70.85399480792694,0.06687400319979399,44.166666666666664,0,both,True,False,0.19304146441404343,0.032798617815474454,107604.91,107290.3,43.13909774436083,0.7289055973267202,0.9027165389310754,1.4027165389311587,0.44472140090484374,107447.11596223625,107298.31605664562,0.7225819850891653,0.02331959656921707,10.472142149947825,2025-06-28 17:30:00+00:00,2025-06-28 19:30:00+00:00,107447.11596223625,107298.31605664562,107893.51567900812,0.09157870751939787,24.599670016271148,-13.626903032997928,-0.553946578307131,9,Stop loss,False,146.49403776375402,148.7999055906257,13.415734637702455,13.626903032997928,0.9845035666002669,1.0,2,9,True,True,True,True,False,False,False,False,False
exness_native-S06,47,2025-06-29 08:00:00+00:00,2025-06-29 07:45:00+00:00,7,Sunday,6,2025,2025-06,LONG,107367.57,107462.81,107348.65,107462.81,107360.79697290983,107350.23762313224,10.55934977758443,0.1678739503452352,1.6218167032080502,1.7896906535532855,62.82103354952462,12.821033549524621,19.005520027966792,29.199412519237846,13.543640730751056,15.65577178848679,62.900466426559774,0.05853231124940784,0.20833333333333334,2025-06-29 06:00:00+00:00,107402.42,107255.46038758414,106135.60263037971,61.55906539778516,0.05800039183097342,38.75,0,both,True,True,0.19311419453485332,0.02524024418961812,107431.51,107343.3,83.42676944638032,1.0,1.8149308977429035,2.3149308977429586,0.20000000000006832,107475.39009328531,107329.77986007203,0.45733599150796256,0.01878621579748626,16.78756398675088,2025-06-29 08:00:00+00:00,2025-06-29 09:30:00+00:00,107475.39009328531,107912.22079292517,107912.22079292517,0.09142782449960486,24.56560275868865,39.938480542712774,1.6257887475847448,7,Take profit,False,436.83069963986054,14.840093285311013,39.938480542712774,1.35679744444718,3.0,0.10191655461174595,7,2,True,True,True,True,True,True,True,True,True
exness_native-S06,48,2025-07-02 13:15:00+00:00,2025-07-02 13:00:00+00:00,13,Wednesday,2,2025,2025-07,LONG,107451.28,107743.9,107336.01,107722.29,107516.18493908533,107118.22309435891,397.961844726422,2.0469280604945808,1.0601072393917292,3.10703529988631,61.196347235288776,11.196347235288776,34.97956988916736,26.936658848134652,19.179602383473867,7.757056464660785,194.41906748313667,0.18048174382770427,28.229166666666668,2025-07-02 12:00:00+00:00,107451.56,106922.49883703426,106679.91423865566,52.10779029899277,0.048844987053909175,40.0,0,EMA20,True,False,0.926734920693745,1.120193139800836,107626.94,107241.01,66.441932874058,0.9470200299100232,2.097993809354006,2.5979938093539974,0.3111516492684983,107782.78381349662,107277.68427975505,1.458076138489914,0.09643230842647697,8.132016897462488,2025-07-02 13:30:00+00:00,2025-07-02 16:00:00+00:00,107782.78381349662,109298.08241472131,109298.08241472131,0.048832848403826665,24.66544896004543,73.99634688013629,2.9999999999999996,11,Take profit,False,1515.2986012246984,140.0438134966098,73.99634688013629,6.838738314373721,3.0,0.27725983522341385,11,2,True,True,True,True,True,True,True,True,True
exness_native-S06,49,2025-07-08 09:30:00+00:00,2025-07-08 09:15:00+00:00,9,Tuesday,1,2025,2025-07,LONG,108376.39,108434.57,108307.06,108425.18,108290.83577507004,108219.18041807355,71.65535699648899,0.4912642091868757,0.9210547848121386,1.4123189939990144,59.37358605981778,9.373586059817782,21.233562433459685,23.119296181416367,16.338780788955034,6.780515392461332,145.85910322083217,0.13452511973771422,10.902777777777779,2025-07-08 08:00:00+00:00,108303.71,108379.48971925223,108080.01196600095,10.62685853507719,0.009832399480507193,5.972222222222222,0,EMA20,False,False,0.0,0.6024963816855377,108569.72,108259.73,38.26366559484749,0.9263587169632712,0.8741998077895616,1.3741998077895716,0.2643771954761289,108463.74182064418,108263.30226903375,1.2175996643941023,0.04837455663665563,13.4314384805945,2025-07-08 09:30:00+00:00,2025-07-08 13:30:00+00:00,108463.74182064418,109065.06047547546,109065.06047547546,0.09164515038892351,24.850439827245772,55.1079385536779,2.2175840321851408,17,Take profit,False,601.3186548312806,31.901820644183317,55.1079385536779,2.923647150616645,3.0,0.15915930956674415,17,3,True,True,True,True,True,True,True,True,True
exness_native-S06,50,2025-07-08 17:15:00+00:00,2025-07-08 17:00:00+00:00,17,Tuesday,1,2025,2025-07,LONG,108463.11,108925.84,108456.37,108795.96,108551.86002445304,108511.02851279374,40.831511659300304,0.14788824977686776,0.8841092746071465,1.0319975243840143,56.515565422400094,6.515565422400094,25.862885360463455,23.107591308085244,16.421476926837226,6.686114381248018,276.09706464784364,0.2537751076858402,65.76388888888889,2025-07-08 16:00:00+00:00,108463.87,108455.99268626563,108125.14533660654,26.37182901329652,0.024390098095311553,17.5,1,both,True,True,0.34585671736437773,0.19796846758751,108561.61,108093.45,70.89909898396171,0.723347604745799,1.7003802651752233,2.20038026517524,0.6704142732036952,108981.05941292956,108373.54088060564,1.2941015564657494,0.0718154154308393,10.917950472322786,2025-07-08 17:15:00+00:00,2025-07-09 03:45:00+00:00,108981.05941292956,108373.54088060564,110803.61500990135,0.04113160067404546,24.988209673629967,-24.988209673629967,-1.0,43,Stop loss,False,209.2705870704376,607.5185323239275,8.607634220204302,24.988209673629967,0.34446782433108564,1.0,7,43,True,True,False,False,False,False,False,False,False
exness_native-S06,51,2025-07-09 10:45:00+00:00,2025-07-09 10:30:00+00:00,10,Wednesday,2,2025,2025-07,LONG,108800.84,108901.61,108799.94,108901.49,108750.76377831506,108733.34535993438,17.418418380679213,0.1407884778420077,1.2182802627728275,1.3590687406148352,59.312674328931564,9.312674328931564,18.9476327714196,25.22052572307371,14.39956266516685,10.82096305790686,123.72048229845979,0.1136077038968519,8.125,2025-07-09 09:00:00+00:00,108765.93,108619.76340113055,108230.70482503204,27.755784470733488,0.025645018680793087,17.77777777777778,1,both,False,False,0.0,0.538266896704895,108860.73,108586.19,98.99675420479046,0.998819710829199,0.8217717722335776,1.3217717722335947,0.20096992832362068,108926.35409645969,108762.82385531046,1.1252463962480888,0.0008894927392175154,14.61780508474571,2025-07-09 10:45:00+00:00,2025-07-09 12:00:00+00:00,108926.35409645969,109416.94481990738,109416.94481990738,0.0915324463256079,24.925739149445896,44.904969061816914,1.8015501483258987,6,Take profit,False,490.59072344769083,11.7440964596899,44.904969061816914,1.0749658788393275,3.0,0.07181605296461814,6,2,True,True,True,True,True,True,True,True,True
exness_native-S06,52,2025-07-09 14:15:00+00:00,2025-07-09 14:00:00+00:00,14,Wednesday,2,2025,2025-07,LONG,109199.55,109362.81,109125.48,109272.14,109201.51478228686,108986.5274982073,214.98728407955787,1.0139059428267534,0.3330770387623771,1.3469829815891305,55.00061059965733,5.000610599657328,29.799961035180132,23.281557640068964,20.619891457592598,2.6616661824763668,212.0386862317591,0.19404642961303686,38.99305555555556,2025-07-09 13:00:00+00:00,109199.55,108697.70422531138,108266.46816184217,41.1424842972483,0.03800113275677049,26.52777777777778,0,EMA20,True,False,0.35858919727392596,0.6553167455528275,109807.22,109120.33,30.586103737410347,0.6179581173892994,1.1192768839389957,1.6192768839390173,0.6276106479026875,109405.21773724635,109061.86839413046,1.1589583745387855,0.06788755794827413,10.357521721117704,2025-07-09 14:15:00+00:00,2025-07-09 14:15:00+00:00,109405.21773724635,109061.86839413046,110435.265766594,0.07292281774848107,25.038001572100438,-25.038001572100438,-1.0,1,Stop loss,False,0.0,343.34934311588586,0.0,25.038001572100438,0.0,1.0,0,1,True,False,False,False,False,False,False,False,False
exness_native-S06,53,2025-07-09 16:45:00+00:00,2025-07-09 16:30:00+00:00,16,Wednesday,2,2025,2025-07,LONG,109216.09,109371.14,109215.55,109309.28,109104.50858978195,108997.74546692288,106.76312285907625,0.41929338513440917,0.8042036938391461,1.2234970789735553,57.05940614194553,7.05940614194553,19.732426227502433,22.28502269054634,17.735450374695677,4.549572315850664,254.62629901698102,0.23294115469151477,57.013888888888886,2025-07-09 15:00:00+00:00,109088.65,108720.67407342276,108280.89448521353,43.34105147534865,0.040026499302023365,27.916666666666668,1,EMA20,False,False,0.0,0.8553889913099748,109310.09,108825.45,59.894594768304145,0.6024166077511282,0.611052356338181,1.1110523563381465,0.44294426867458664,109422.06525980339,109139.16211029491,1.1376541337211288,0.10299844474177494,11.845129309768055,2025-07-09 16:45:00+00:00,2025-07-09 17:15:00+00:00,109422.06525980339,109139.16211029491,110270.77470832883,0.08828253277336422,24.975406568170186,-24.975406568170186,-1.0,3,Stop loss,False,75.6447401966143,282.90314950847824,6.678109255540223,24.975406568170186,0.267387409182404,1.0,1,3,True,True,False,False,False,False,False,False,False
exness_native-S06,54,2025-07-10 08:30:00+00:00,2025-07-10 08:15:00+00:00,8,Thursday,3,2025,2025-07,LONG,111099.37,111276.16,111097.74,111247.85,111151.7873644422,110897.21791424429,254.569450197916,1.4816415905050322,0.5591024218550456,2.0407440123600775,55.3454080848352,5.345408084835199,21.556351875113766,23.545842694950895,15.351349538555018,8.194493156395877,171.81581013201952,0.15444416241034725,19.131944444444443,2025-07-10 07:00:00+00:00,111204.6,109741.3782598421,108656.49926255706,126.6389504106919,0.11654981641243763,85.13888888888889,0,EMA20,True,False,0.31456572244820186,1.1670758680568303,111429.51,111092.83,83.21937002578855,0.8413294473713824,1.0384376144599512,1.538437614459938,0.36476947015671546,111310.52316202641,111046.1952569604,1.765853301905216,0.18221011201937456,6.611628560193225,2025-07-10 08:30:00+00:00,2025-07-10 09:30:00+00:00,111310.52316202641,111046.1952569604,112103.50687722443,0.08952601189551797,24.91296805174976,-23.664223173256577,-0.9498757082697147,5,Stop loss,False,79.57683797359641,264.32790506600577,7.124196943031898,23.664223173256577,0.30105348867243187,1.0,1,5,True,True,False,False,False,False,False,False,False
exness_native-S06,55,2025-07-10 15:00:00+00:00,2025-07-10 14:45:00+00:00,14,Thursday,3,2025,2025-07,LONG,111064.96,111255.92,110986.41,111247.13,110999.61580978501,110961.44128169428,38.174528090734384,0.14444965720525516,0.9365758194839301,1.0810254766891854,57.633209117044196,7.633209117044196,19.187724998626422,15.936067924100366,15.28893202083177,0.6471359032685964,264.2756572034674,0.23755728098645545,59.75694444444445,2025-07-10 13:00:00+00:00,110795.95,110006.14023890984,108792.29882226296,110.58970162189507,0.10165214157535965,76.38888888888889,0,both,True,False,0.04996983045942157,0.09447982674583358,111326.71,110476.65,67.59303921932462,0.9673852547215548,1.0198063751005921,1.5198063751005704,0.2332607251572427,111308.77513144069,110907.12730283897,1.715748017948486,0.18274167410993938,7.298975642505112,2025-07-10 15:00:00+00:00,2025-07-10 16:15:00+00:00,111308.77513144069,112513.71861724586,112513.71861724586,0.061879601292359684,24.85380749381662,74.56142248144987,3.0,6,Take profit,False,1204.9434858051682,299.0551314406912,74.56142248144987,18.50541229798419,3.0,0.7445705171164679,6,2,True,True,True,True,True,True,True,True,True
exness_native-S06,56,2025-07-13 12:00:00+00:00,2025-07-13 11:45:00+00:00,11,Sunday,6,2025,2025-07,LONG,117948.67,118052.43,117900.68,118017.19,117819.1383895302,117708.70595371534,110.43243581485876,0.892358194705013,1.6003719946334354,2.4927301893384484,63.63650581444557,13.63650581444557,19.32127232009046,30.40881441779916,14.235401852079208,16.17341256571995,123.75348427361553,0.10486055825733143,7.8125,2025-07-13 10:00:00+00:00,117699.52,116981.90189048866,112952.55743085186,247.75908007092949,0.21934791536048617,90.69444444444444,2,EMA20,False,False,0.0,1.5512617475901018,118051.78,117670.54,45.153212520595766,0.7677759472817747,1.2262281008952034,1.7262281008952232,0.4847596591468649,118077.18069685472,117863.5539547179,0.8424901871908821,0.03205162955092431,12.695558825657923,2025-07-13 12:00:00+00:00,2025-07-13 14:15:00+00:00,118077.18069685472,118718.06092326515,118718.06092326515,0.0848265885152092,25.040211050020243,54.36368325325171,2.1710553135776287,10,Take profit,False,640.8802264104306,108.07069685471652,54.36368325325171,9.16726853264695,3.0,0.5058856198139566,10,2,True,True,True,True,True,True,True,True,True
exness_native-S06,57,2025-07-13 17:45:00+00:00,2025-07-13 17:30:00+00:00,17,Sunday,6,2025,2025-07,LONG,118598.88,118728.36,118598.88,118681.62,118542.35800344712,118235.51636894293,306.84163450419146,1.095822098419351,0.49734571887294526,1.5931678172922963,56.62054573277052,6.620545732770523,40.9148494365709,27.950155405099967,17.087875148614383,10.862280256485583,280.0104459900833,0.23593412862925475,61.84027777777777,2025-07-13 16:00:00+00:00,118466.74,117297.61131012777,113272.92654020057,269.9747554268397,0.2383400550095487,93.75,0,EMA20,False,False,0.0,1.2976788411313107,118944.4,118308.99,63.90176088970752,0.6390176088970752,0.4624113201997525,0.962411320199791,0.3669223440387927,118784.36208919802,118514.87686620298,1.0791427628661312,0.1482667680171295,6.966183705465726,2025-07-13 17:45:00+00:00,2025-07-13 18:00:00+00:00,118784.36208919802,118514.87686620298,119592.81775818317,0.08477924135922209,25.176120258153375,-22.846752763040993,-0.9074771064315198,2,Stop loss,False,15.037910801969701,269.4852229950484,1.2749026694186423,22.846752763040993,0.05580235767601258,1.0,1,2,True,False,False,False,False,False,False,False,False
exness_native-S06,58,2025-07-13 18:15:00+00:00,2025-07-13 18:00:00+00:00,18,Sunday,6,2025,2025-07,LONG,118641.65,118770.46,118513.87,118715.09,118567.27482821862,118269.58622138869,297.68860682993545,1.0901660236863686,0.5413142268944031,1.6314802505807717,57.26643369497435,7.266433694974353,38.57345874772504,26.43818425803535,17.331465761754856,9.106718496280493,273.0672212873678,0.2300189649751921,59.13194444444444,2025-07-13 17:00:00+00:00,118640.61,117350.27792541689,113326.33632587022,269.95371308428,0.23820915935023906,93.61111111111111,2,EMA20,True,False,0.19557392486308398,0.8945920988232847,118803.91,118308.99,28.621536303051236,0.7842082700026988,0.9396587360076566,1.4396587360076183,0.4027705842501543,118825.07344425748,118431.94983361379,1.081279888501212,0.1490926503590786,7.058967091188503,2025-07-13 18:15:00+00:00,2025-07-13 21:30:00+00:00,118825.07344425748,118431.94983361379,120004.44427618853,0.06389594187720483,25.119003376245768,-25.119003376245768,-1.0,14,Stop loss,False,602.6765557425242,393.1236106436845,38.508586176478325,25.119003376245768,1.533045941340756,1.0,6,14,True,True,True,True,True,True,False,False,False
exness_native-S06,59,2025-07-16 12:15:00+00:00,2025-07-16 12:00:00+00:00,12,Wednesday,2,2025,2025-07,LONG,118748.19,118861.36,118654.61,118795.9,118667.704200355,118218.62837914986,449.07582120514417,1.7445572977591075,0.498011487709494,2.2425687854686016,56.87038520658674,6.8703852065867395,20.89799775960779,18.39626036127032,19.138219792025772,-0.741959430755454,257.41534645034835,0.21668706281138353,47.46527777777778,2025-07-16 11:00:00+00:00,118748.2,118111.93893292878,115883.8170666056,144.37773007123906,0.12458834522878742,78.75,3,EMA20,True,False,0.050867986448999356,1.6936893113101081,118906.13,118590.27,23.076178960092793,0.683385731559824,0.8031766670130487,1.303176667013046,0.45429719285456555,118912.84306929007,118577.3853960649,2.483454704428782,0.08402934709582813,10.120763930334803,2025-07-16 12:30:00+00:00,2025-07-16 12:30:00+00:00,118912.84306929007,118577.3853960649,119919.2160889656,0.07469260019277116,25.056205867805158,-25.056205867805158,-1.0,1,Stop loss,False,0.0,335.4576732251735,0.0,25.056205867805158,0.0,1.0,0,1,True,False,False,False,False,False,False,False,False
exness_native-S06,60,2025-07-16 13:30:00+00:00,2025-07-16 13:15:00+00:00,13,Wednesday,2,2025,2025-07,LONG,118654.61,118805.46,118654.61,118780.54,118701.71322838853,118316.5371227505,385.17610563803464,1.4030901545680432,0.2871441544413074,1.6902343090093506,54.72929293809118,4.729292938091177,19.340288182823787,14.182267374941237,20.97547007521773,-6.793202700276492,274.51985489600656,0.23111517669140635,53.298611111111114,2025-07-16 12:00:00+00:00,118586.3,118130.54132771588,115910.7074440523,146.97158350335667,0.12679724483115315,79.16666666666666,0,EMA20,True,False,0.1715840495630905,1.2315061050049527,119055.24,118380.51,83.48027842226593,0.8348027842226593,0.5495048802832521,1.0495048802832463,0.29077667627884124,118860.3639709792,118572.2540435312,2.2826582780724345,0.06039386123183704,9.539127014269486,2025-07-16 13:30:00+00:00,2025-07-16 13:30:00+00:00,118860.3639709792,118572.2540435312,119724.69375332323,0.0841106808632625,24.99356535313564,-24.233122161117073,-0.9695744412101988,1,Stop loss,False,0.0,288.1099274480075,0.0,24.233122161117073,0.0,1.0,0,1,True,False,False,False,False,False,False,False,False
exness_native-S06,61,2025-07-16 15:00:00+00:00,2025-07-16 14:45:00+00:00,14,Wednesday,2,2025,2025-07,LONG,118606.59,119236.6,118566.77,119020.57,118644.11674570279,118367.35455018049,276.7621955223003,0.755125502979413,1.0271252996203255,1.7822508025997386,58.08592665502221,8.085926655022213,24.034786696344838,22.506782837868585,18.017608203668516,4.489174634200069,366.5115195160422,0.3079396439758625,78.95833333333333,2025-07-16 13:00:00+00:00,118624.63,118149.91735407997,115937.71164858909,144.77544834410946,0.12487347411421097,78.61111111111111,0,both,True,False,0.21103496502625435,0.5440905379531586,118906.52,118129.85,61.803741247780685,0.6774853320991919,1.827582393275045,2.327582393275071,0.7894221286284757,119309.90230390322,118456.81654414519,1.9606620967221735,0.17537592941173819,9.20711734327141,2025-07-16 15:00:00+00:00,2025-07-16 15:30:00+00:00,119309.90230390322,118456.81654414519,121869.15958317732,0.029226818362089162,24.93298254773285,-24.93298254773285,-1.0,3,Stop loss,False,482.47769609678653,853.0857597580325,14.101287987580035,24.93298254773285,0.5655676355840654,1.0,1,3,True,True,True,False,False,False,False,False,False
exness_native-S06,62,2025-07-22 16:15:00+00:00,2025-07-22 16:00:00+00:00,16,Tuesday,1,2025,2025-07,LONG,118950.84,119300.19,118762.26,119251.03,118906.4297321841,118519.04714167547,387.3825905086269,0.8759973978724432,0.7792527214930468,1.65525011936549,58.01976134724071,8.01976134724071,20.75583104773143,19.358496026928414,20.79298624893604,-1.434490222007625,442.21888266959775,0.37083024160847733,90.48611111111111,2025-07-22 15:00:00+00:00,118950.87,118111.42866003688,117710.21581073837,63.336317682726076,0.053806984590498125,37.638888888888886,1,EMA20,True,False,0.32601441918033514,0.5499829786921081,119228.36,118574.25,55.80465859870208,0.9086126447679014,1.2164338093222493,1.7164338093222602,0.31116666864887826,119388.63377653393,118629.59433519912,2.1892947189909084,0.06686123822590895,10.246195200462532,2025-07-22 16:15:00+00:00,2025-07-22 17:00:00+00:00,119388.63377653393,118629.59433519912,121665.75210053836,0.03276595225094912,24.87065009136352,-24.87065009136352,-1.0,4,Stop loss,False,27.946223466075025,759.0394413348113,0.915684623683768,24.87065009136352,0.03681788052664313,1.0,1,4,True,False,False,False,False,False,False,False,False
exness_native-S06,63,2025-07-25 07:45:00+00:00,2025-07-25 07:30:00+00:00,7,Friday,4,2025,2025-07,SHORT,115579.4,115645.45,115179.54,115209.57,115807.00918175587,116750.79746244205,-943.7882806861744,2.4361209086127666,1.5421192571302131,3.97824016574298,32.76780562788328,17.232194372116723,50.24790397991323,13.841868910152007,30.83205396097912,16.990185050827115,387.4143838056086,0.3362692732952728,88.50694444444444,2025-07-25 06:00:00+00:00,115301.16,117977.32752714786,117987.16675405558,-114.95458162555587,0.09742973307018964,68.05555555555556,0,EMA20,False,False,0.0,2.853139967556482,115969.56,115030.47,79.37799145757431,0.06445450838147532,1.2026140986902059,1.7026140986901814,0.2775139005036985,115102.05712323888,115761.67431514167,1.7516120890153384,0.19905623138937603,6.964334933021365,2025-07-25 07:45:00+00:00,2025-07-25 08:15:00+00:00,115102.05712323888,115761.67431514167,113123.20554753048,0.03761041066041666,24.808473466135112,-24.808473466135112,-1.0,3,Stop loss,False,382.16712323887623,659.6171919027984,14.373462445924199,24.808473466135112,0.5793771416667269,1.0,1,3,True,True,True,False,False,False,False,False,False
exness_native-S06,64,2025-07-25 08:45:00+00:00,2025-07-25 08:30:00+00:00,8,Friday,4,2025,2025-07,SHORT,115738.63,115772.09,115150.3,115165.98,115696.98004687145,116562.5522311611,-865.5721842896455,2.0061996923852,1.2307374821249641,3.2369371745101643,36.61598389208076,13.384016107919237,45.73177640749179,17.704456292914045,32.858359798837945,15.1539035059239,431.4486676351516,0.37463204640393943,94.13194444444444,2025-07-25 07:00:00+00:00,115332.46,117873.6072319656,117960.7517614779,-124.1289638979506,0.10522903766241258,71.38888888888889,0,EMA20,True,False,0.17408780873107071,1.8321118836541292,116002.32,114719.89,92.0970102446187,0.025217517168164776,1.4411679688527892,1.9411679688527894,0.2363426779967409,115064.01026647298,115901.52460029055,1.8205331141037124,0.2176899771490882,6.676771780860531,2025-07-25 08:45:00+00:00,2025-07-25 09:45:00+00:00,115064.01026647298,115901.52460029055,112551.46726502027,0.029547497019746696,24.74645228246977,-24.74645228246977,-1.0,5,Stop loss,False,70.2202664729848,837.5143338175694,2.074833114336337,24.74645228246977,0.08384365931136463,1.0,2,5,True,False,False,False,False,False,False,False,False
exness_native-S06,65,2025-07-25 14:15:00+00:00,2025-07-25 14:00:00+00:00,14,Friday,4,2025,2025-07,SHORT,116268.39,116347.79,115613.07,115639.34,116098.8954489556,116321.53754434518,-222.6420953895722,0.49598535710980285,1.0237631525304043,1.5197485096402072,42.67467101517848,7.3253289848215175,19.466848787382137,18.370350363067562,14.162004644265522,-4.20834571880204,448.888444382609,0.3881797011143518,95.72916666666667,2025-07-25 13:00:00+00:00,116268.39,117498.61869927526,117852.53891309514,-80.861089562095,0.06861208957214086,53.888888888888886,0,EMA20,True,True,0.5544686083124999,0.058483251202697,116668.02,115604.02,85.61765026132599,0.03575511759580521,1.6367540960215714,2.1367540960215723,0.2585223351786676,115523.29231112348,116482.45653331478,2.079004473477818,0.1302750304777417,7.2945567542019285,2025-07-25 14:15:00+00:00,2025-07-25 18:00:00+00:00,115523.29231112348,116482.45653331478,112645.79964454961,0.02573551596343906,24.684586151763597,-24.684586151763597,-1.0,16,Stop loss,False,658.6723111234896,959.1642221912916,16.951271777593867,24.684586151763597,0.6867148459923756,1.0,4,16,True,True,True,False,False,False,False,False,False
exness_native-S06,66,2025-07-29 13:30:00+00:00,2025-07-29 13:15:00+00:00,13,Tuesday,1,2025,2025-07,LONG,118887.23,118992.63,118832.85,118960.43,118776.29755894854,118669.38887526214,106.90868368640076,0.4354958585111102,0.7500692434925932,1.1855651020037035,56.550856046249415,6.5508560462494145,19.045014771701968,21.623523719425503,13.867125898452048,7.756397820973454,245.4872568751956,0.20636043167900084,45.06944444444444,2025-07-29 12:00:00+00:00,118913.03,118500.51552117246,118139.6541001524,30.502123537415173,0.025818700562266015,32.916666666666664,3,both,False,False,0.0,0.6658639915511629,119122.77,118475.96,45.81299286518814,0.7984729002377526,0.6508688150816322,1.1508688150816482,0.33116770462909817,119041.72745137505,118759.20382293744,1.5410602172764793,0.02267334432362385,14.299802134486976,2025-07-29 13:30:00+00:00,2025-07-29 13:30:00+00:00,119041.72745137505,118759.20382293744,119889.29833668785,0.08273695354913894,24.62287468638419,-23.37514432257595,-0.9493263731509707,1,Stop loss,False,0.0,282.52362843760056,0.0,23.37514432257595,0.0,1.0,0,1,True,False,False,False,False,False,False,False,False
exness_native-S06,67,2025-07-31 10:00:00+00:00,2025-07-31 09:45:00+00:00,9,Thursday,3,2025,2025-07,LONG,118561.09,118649.96,118540.1,118619.54,118571.50023334127,118340.24070205505,231.25953128622496,1.5260291161491635,0.31700350790510406,1.8430326240542674,55.26423036104606,5.26423036104606,25.69646531979109,25.5615834217423,15.672163253532533,9.889420168209766,151.54332826217205,0.12775578817973166,10.45138888888889,2025-07-31 08:00:00+00:00,118614.26,118122.46102490267,118083.30771214742,26.240841688835644,0.02222231253277825,32.63888888888889,0,EMA20,True,False,0.20720300722801666,1.3188261089211468,118808.19,118490.14,53.204077917346424,0.7231021299835004,0.7249411852030943,1.2249411852031737,0.40073467007000535,118680.26866565245,118494.63700152135,1.5301453313204543,0.035840218760979245,7.95406181388277,2025-07-31 10:00:00+00:00,2025-07-31 10:15:00+00:00,118680.26866565245,118494.63700152135,119237.16365804574,0.08279198253175847,24.56443682557775,-15.368813494083176,-0.6256529959636762,2,Stop loss,False,88.83133434756019,185.63166413109866,7.354522281575999,15.368813494083176,0.4785354630276052,1.0,1,2,True,True,False,False,False,False,False,False,False
exness_native-S06,68,2025-08-01 11:00:00+00:00,2025-08-01 10:45:00+00:00,10,Friday,4,2025,2025-08,SHORT,114987.63,115089.81,114740.85,114805.22,115106.42761763204,115589.14811890494,-482.7205012728955,1.402031232271318,0.8748385167080741,2.276869748979392,41.886312051100376,8.113687948899624,31.05736526288354,15.035279960415117,27.55403060221193,12.518750641796814,344.3008188133433,0.2998999686715842,74.13194444444444,2025-08-01 09:00:00+00:00,115003.27,117034.86981372433,117771.15859275703,-135.38795214967104,0.11495849558365255,78.47222222222221,1,EMA20,False,False,0.0,1.4502960539737986,115400.65,114826.85,52.27246675836994,0.1844624025676205,1.0135322977235626,1.5135322977235774,0.3869586027179751,114671.98983623734,115193.100245644,1.886259045420144,0.21134567782353306,7.260225084068184,2025-08-01 11:00:00+00:00,2025-08-01 11:30:00+00:00,114671.98983623734,115193.100245644,113108.65860801733,0.047064910523985946,24.52601479184254,-24.52601479184254,-1.0,3,Stop loss,False,39.02983623732871,521.1104094066686,1.8369357502757,24.52601479184254,0.07489744118097297,1.0,1,3,True,False,False,False,False,False,False,False,False
exness_native-S06,69,2025-08-01 14:00:00+00:00,2025-08-01 13:45:00+00:00,13,Friday,4,2025,2025-08,SHORT,115073.48,115102.06,114221.14,114398.03,115293.77224354103,115513.00158622961,-219.22934268858808,0.5297906694441165,2.1646549546475375,2.6944456240916543,35.338718635126654,14.661281364873346,23.418569034775746,17.222320986975344,36.28711956553687,19.064798578561525,413.80370650659955,0.3617227556336412,91.28472222222223,2025-08-01 12:00:00+00:00,115818.64,116843.4079474324,117699.06398502308,-131.82561438037374,0.11200226230953564,76.94444444444444,0,both,False,False,0.0,0.9930833865623231,116115.67,115050.51,76.67552104617882,0.20080143486355148,2.1288354505977556,2.628835450597741,0.6274732130684185,114138.37925869868,115226.20111195197,2.0728104373386436,0.21912604581568393,7.623122651036414,2025-08-01 14:00:00+00:00,2025-08-01 14:00:00+00:00,114138.37925869868,115226.20111195197,110874.9136989388,0.022489619675958552,24.46469975486293,-24.46469975486293,-1.0,1,Stop loss,False,0.0,1087.821853253292,0.0,24.46469975486293,0.0,1.0,0,1,True,False,False,False,False,False,False,False,False
exness_native-S06,70,2025-08-01 17:15:00+00:00,2025-08-01 17:00:00+00:00,17,Friday,4,2025,2025-08,SHORT,115063.82,115108.27,114542.18,114627.3,115288.24569878908,115432.31628733459,-144.07058854550996,0.2823795561575608,1.29545908677503,1.5778386429325908,41.30407147948891,8.695928520511089,25.029948648842417,14.147339604366515,31.575029080392408,17.427689476025893,510.2019087568866,0.4450963328603976,98.88888888888889,2025-08-01 16:00:00+00:00,115063.8,116592.88157371913,117598.84073529486,-119.12198324604833,0.10129520197752793,72.63888888888889,0,both,False,False,0.0,0.6351334281052087,115776.81,114872.56,77.11141337949718,0.15036478298505226,1.109541125354267,1.6095411253542433,0.36683591052687553,114440.13961824862,115261.33057262706,2.3830547508261373,0.16804140918903918,9.060383592227332,2025-08-01 17:30:00+00:00,2025-08-02 19:00:00+00:00,114440.13961824862,111976.5667551133,111976.5667551133,0.029717251359577822,24.403538005475774,73.21061401642731,2.9999999999999996,103,Take profit,False,2463.5728631353268,200.96038175138528,73.21061401642731,5.971990177822633,3.0,0.24471821161679963,103,2,True,True,True,True,True,True,True,True,True
exness_native-S06,71,2025-08-02 20:00:00+00:00,2025-08-02 19:45:00+00:00,19,Saturday,5,2025,2025-08,SHORT,112744.3,112757.18,112205.17,112226.56,112777.240450614,113163.36745433409,-386.1270037200884,1.0956207930181432,1.562534985091782,2.658155778109925,37.59641419995956,12.403585800040439,35.92411073450251,15.534918513450215,31.623600886051793,16.08868237260158,352.4275973773841,0.31403225526772277,78.36805555555556,2025-08-02 18:00:00+00:00,112331.62,114573.33671426873,116668.52230796695,-196.1768350428465,0.16814889840209296,85.41666666666666,0,EMA20,False,False,0.0,1.1525415641589087,112947.12,111964.62,93.79177913443782,0.03874929801996272,1.5663075312711543,2.066307531271164,0.260693317320142,112134.68448052452,112862.90827921321,1.4951731216058304,0.08214751259905748,11.735000873758402,2025-08-02 20:00:00+00:00,2025-08-02 21:00:00+00:00,112134.68448052452,112862.90827921321,109950.01308445845,0.03376237440301975,24.586564540516843,-24.586564540516843,-1.0,5,Stop loss,False,76.45448052452412,728.2237986886903,2.5812847962573646,24.586564540516843,0.10498761598041069,1.0,1,5,True,False,False,False,False,False,False,False,False
exness_native-S06,72,2025-08-05 07:30:00+00:00,2025-08-05 07:15:00+00:00,7,Tuesday,1,2025,2025-08,SHORT,114281.46,114413.54,114196.17,114207.91,114427.56514053777,114638.88815246701,-211.32301192924206,1.108614650985408,1.1523255548050078,2.2609402057904155,38.592378749905535,11.407621250094465,21.787167046657203,14.641093999517194,22.20410790662199,7.563013907104795,190.6189961871824,0.16690524867076403,23.26388888888889,2025-08-05 06:00:00+00:00,114187.87,114556.43067747238,115618.04167720047,-62.939168680575676,0.05443715164826831,52.77777777777778,3,EMA20,False,False,0.0,1.1821914760569567,114525.37,114104.66,33.83631595896604,0.054009292910730505,1.1403375547447758,1.6403375547447472,0.2615888250113205,114158.04620076256,114470.72569885614,1.3715505544877549,0.03128585750511801,13.000475662882595,2025-08-05 07:30:00+00:00,2025-08-05 08:30:00+00:00,114158.04620076256,114470.72569885614,113220.00770648182,0.07843526127774932,24.52509812916555,-24.52509812916555,-1.0,5,Stop loss,False,469.61620076256804,312.67949809358106,36.834469407076,24.52509812916555,1.5019091549840526,1.0,1,5,True,True,True,True,True,True,False,False,False
exness_native-S06,73,2025-08-05 14:15:00+00:00,2025-08-05 14:00:00+00:00,14,Tuesday,1,2025,2025-08,SHORT,114394.18,114412.66,113698.63,113871.8,114392.69355560314,114514.9677351013,-122.27417949815572,0.3653081814480626,1.5562294370437129,1.9215376184917754,37.403581502530905,12.596418497469095,26.733407403509453,17.30870914755126,34.86093898461952,17.552229837068264,334.7151410994061,0.2939403268407157,70.27777777777777,2025-08-05 13:00:00+00:00,114394.38,114527.21592036211,115538.00902913838,-50.42355220405443,0.04364239320701618,46.666666666666664,0,both,True,False,0.05965205019194275,0.30565613125611985,114601.57,113854.14,73.15939106199892,0.2425248238869495,2.133246789059779,2.6332467890597875,0.7173653018241443,113631.68697178012,114513.07454232982,1.5210459434442924,0.11159200373519451,10.641652336799499,2025-08-05 14:15:00+00:00,2025-08-06 14:00:00+00:00,113631.68697178012,114513.07454232982,110987.524260131,0.02775599089579291,24.463785383842637,-24.463785383842637,-1.0,96,Stop loss,False,1031.7369717801193,881.3875705497048,28.636881995581938,24.463785383842637,1.170582620238954,1.0,3,96,True,True,True,True,True,False,False,False,False
exness_native-S06,74,2025-08-09 07:15:00+00:00,2025-08-09 07:00:00+00:00,7,Saturday,5,2025,2025-08,LONG,116626.18,116732.13,116592.13,116708.59,116607.15068761664,116606.29667455622,0.8540130604233127,0.004774225817353626,0.5670805360226859,0.5718547618400396,54.821252308036236,4.821252308036236,24.54097056740993,23.260537005791228,13.545643801605621,9.714893204185607,178.87990495110176,0.15327055613567242,14.618055555555557,2025-08-09 06:00:00+00:00,116626.44,116329.80874588717,115711.29838512154,40.87314465234522,0.035323382610665435,36.25,0,both,True,True,0.08397079381689057,0.07919656799953695,116928.32,116513.27,58.864285714288215,0.8318571428570847,0.7826480008376017,1.282648000837637,0.33159667099802304,116767.90598099022,116538.46602851467,1.0498185520315,0.004407285274005433,13.051239887320719,2025-08-09 07:15:00+00:00,2025-08-09 09:45:00+00:00,116767.90598099022,117456.2258384169,117456.2258384169,0.08359360636082921,24.40262592038303,57.539139212067276,2.3579076858284327,11,Take profit,False,688.3198574266717,53.05598099021881,57.539139212067276,4.435140789983989,3.0,0.23124124816871636,11,3,True,True,True,True,True,True,True,True,True
exness_native-S06,75,2025-08-10 08:15:00+00:00,2025-08-10 08:00:00+00:00,8,Sunday,6,2025,2025-08,LONG,117789.41,118024.58,117586.68,117997.58,117882.31026121536,117497.58346958096,384.726791634399,1.2917396047070728,0.3870239610290964,1.6787635657361692,54.63369414458337,4.633694144583373,28.690742711133485,22.07492897027058,25.26061328682131,-3.1856843165507307,297.83618171376213,0.2524087203430461,56.00694444444444,2025-08-10 07:00:00+00:00,117787.88,116875.72845638674,116024.25394548207,110.15451986689004,0.09494094219183678,73.33333333333333,0,EMA50,True,False,0.992593510681938,0.29914609402513476,118245.05,117447.66,47.53825074217723,0.9383420872345296,1.4702713333226118,1.9702713333226132,0.29065386161159745,118084.14723634276,117497.32914548587,1.3830289941322709,0.10902650097580319,8.697018979207305,2025-08-10 08:15:00+00:00,2025-08-11 01:30:00+00:00,118084.14723634276,119844.60150891343,119844.60150891343,0.04182978362608021,24.546473768413197,73.63942130523958,2.9999999999999996,70,Take profit,False,1760.4542725706706,156.6572363427549,73.63942130523958,6.552938299677147,3.0,0.26696047511759413,70,12,True,True,True,True,True,True,True,True,True
exness_native-S06,76,2025-08-11 08:15:00+00:00,2025-08-11 08:00:00+00:00,8,Monday,0,2025,2025-08,LONG,121515.1,121649.33,121167.74,121623.64,121659.79654571527,120750.05418836184,909.7423573534325,2.699003491832823,0.10726843962947381,2.5917350522033495,54.19239830507462,4.192398305074619,46.672088388758546,21.52103054274156,23.785698819587154,-2.264668276845594,337.0660171823824,0.27713857041475026,67.25694444444444,2025-08-11 07:00:00+00:00,121515.32,118722.77295476626,116786.7421398383,263.62704002237297,0.22573370503538048,93.47222222222223,0,EMA20,False,False,1.459822469878427,1.2391810219543964,122346.93,121433.52,22.537843393757008,0.9466558691002668,1.428770553690715,1.9287705536906954,0.276216523441754,121716.74320343648,121066.6201948453,1.68243430631005,0.27633987565673396,6.16726327317489,2025-08-11 08:30:00+00:00,2025-08-11 09:30:00+00:00,121716.74320343648,121066.6201948453,123667.11222921002,0.03803983553092134,24.730572321676295,-24.730572321676295,-1.0,5,Stop loss,False,75.6667965635279,650.1230085911811,2.8783524964282856,24.730572321676295,0.11638843044103009,1.0,1,5,True,False,False,False,False,False,False,False,False
exness_native-S06,77,2025-08-12 15:00:00+00:00,2025-08-12 14:45:00+00:00,14,Tuesday,1,2025,2025-08,LONG,119107.82,119456.69,118952.25,119446.9,118930.88869051341,118915.29602426146,15.592666251948685,0.04048773252667559,1.3398688551177915,1.380356587644467,60.81040313065098,10.810403130650982,27.334070567588096,20.862503307046012,10.500328867977041,10.362174439068971,385.1207582858675,0.32242005299917165,82.04861111111111,2025-08-12 13:00:00+00:00,118876.48,119055.21535624958,117452.94482660636,64.07339449529536,0.0545523950803326,52.5,2,both,False,False,0.0,0.0959542557586712,119751.81,118642.55,67.21909444135787,0.9805923400206008,1.3098229299433568,1.8098229299433504,0.2254205980575508,119533.71415165717,118836.71377251424,1.5941322208556066,0.05082135841501108,11.12963472902371,2025-08-12 15:00:00+00:00,2025-08-13 13:45:00+00:00,119533.71415165717,121624.71528908597,121624.71528908597,0.035392729515019816,24.668745890872106,74.00623767261632,3.0,92,Take profit,False,2091.0011374288006,630.7241516571667,74.00623767261632,22.323049298192437,3.0,0.9049122074119049,92,60,True,True,True,True,True,True,True,True,True
exness_native-S06,78,2025-08-13 15:45:00+00:00,2025-08-13 15:30:00+00:00,15,Wednesday,2,2025,2025-08,LONG,120584.24,121362.24,120461.74,121334.65,120860.04110059192,120375.23176408268,484.80933650923544,0.9538682641693212,0.933798780150084,1.8876670443194052,58.048766710231135,8.048766710231135,22.226138478880838,22.96182212130166,24.55103514403691,-1.589213022735251,508.25607132598435,0.41888782085412896,97.70833333333333,2025-08-13 14:00:00+00:00,120915.41,119648.92231715629,117997.41124558113,144.10584135149838,0.12212627364474912,87.36111111111111,0,both,True,False,0.7836622581856951,0.1702060059836261,122174.43,120321.86,83.3325930038855,0.969361465852292,1.7717446987906986,2.271744698790688,0.2542836604549095,121463.8912142652,120309.26317860221,2.0403904846881726,0.10504647998842298,9.279684407483156,2025-08-13 16:00:00+00:00,2025-08-14 12:30:00+00:00,121463.8912142652,120309.26317860221,124927.77532125416,0.021525340384431796,24.853761485053646,-24.853761485053646,-1.0,83,Stop loss,False,3096.588785734799,1154.6280356629868,66.65512764355589,24.853761485053646,2.6818929474172513,1.0,35,83,True,True,True,True,True,True,True,True,False
exness_native-S06,79,2025-08-16 12:00:00+00:00,2025-08-16 11:45:00+00:00,11,Saturday,5,2025,2025-08,SHORT,117469.35,117535.28,117413.55,117446.54,117537.74733547098,117597.77537663828,-60.028041167301126,0.39916597128904585,0.6064976291745787,1.0056636004636246,43.527505998374245,6.472494001625755,18.641406881769996,15.559239050771902,27.549435918968936,11.990196868197033,150.38366365111156,0.12804435418115473,5.972222222222222,2025-08-16 10:00:00+00:00,117455.99,118390.07163051768,118527.96245011395,-50.873058638127986,0.04292072316651815,48.61111111111111,0,EMA20,False,False,0.0,0.41557290945691355,117603.97,117287.59,18.738191078627278,0.2710096114350759,0.8094629233292798,1.309462923329231,0.4193722323225299,117383.47326726979,117580.39509909533,1.3015004747408854,0.1465815839932778,10.162669997341592,2025-08-16 12:15:00+00:00,2025-08-16 12:15:00+00:00,117383.47326726979,117580.39509909533,116792.70777179315,0.08448080940625463,24.791627081341012,-16.63611574238434,-0.6710376728321,1,Stop loss,False,0.0,196.92183182554436,0.0,16.63611574238434,0.0,1.0,0,1,True,False,False,False,False,False,False,False,False
exness_native-S06,80,2025-08-18 11:00:00+00:00,2025-08-18 10:45:00+00:00,10,Monday,0,2025,2025-08,SHORT,115302.39,115329.16,115082.14,115115.67,115262.60667351382,115851.72308391106,-589.1164103972405,1.9965223127376648,0.49797008206234133,2.494492394800006,43.64177635994442,6.358223640055577,56.87198149206688,10.044858634282198,23.258753853137524,13.213895218855326,295.07128802854913,0.2563259094340059,63.263888888888886,2025-08-18 09:00:00+00:00,115098.19,117223.73728537392,118073.62742413743,-140.93975806089293,0.11936599318204824,89.58333333333334,0,EMA20,True,False,0.22554999143037127,1.7709723213072934,115329.25,114681.0,75.58902113189137,0.1357379969233191,0.8371536304003393,1.337153630400353,0.3136335569076322,115023.12574239429,115417.68138640857,1.3994144509672175,0.2783850295226774,5.885182457179458,2025-08-18 11:15:00+00:00,2025-08-18 12:45:00+00:00,115023.12574239429,115417.68138640857,113839.45881035144,0.0627288879717283,24.750036791985053,-24.750036791985057,-1.0000000000000002,7,Stop loss,False,122.2057423942897,394.55564401428273,7.665830324153287,24.750036791985057,0.30973005771998513,1.0,3,7,True,True,False,False,False,False,False,False,False
exness_native-S06,81,2025-08-21 14:45:00+00:00,2025-08-21 14:30:00+00:00,14,Thursday,3,2025,2025-08,SHORT,113710.52,113724.46,112884.89,113177.7,113423.15586754621,113585.31309251058,-162.157224964365,0.4784537298770997,0.7242309146170647,1.2026846444941643,42.694176835611316,7.305823164388684,18.848649193907583,19.56251660363584,26.891627248608902,7.329110644973063,338.9193454631826,0.2994577071836436,81.14583333333333,2025-08-21 13:00:00+00:00,113474.28,114058.76356377134,116033.16679338548,-141.75177123279718,0.1221648733290263,85.83333333333333,0,EMA50,True,True,0.8890142639748574,0.4105605340977576,113971.33,113085.58,63.463439617899944,0.3487618661934029,2.477197041828971,2.977197041828981,1.0639518632370701,112817.10613090736,113826.13580363896,1.8872545205460396,0.020661942970755482,14.745488754839437,2025-08-21 15:00:00+00:00,2025-08-22 14:00:00+00:00,112817.10613090736,113826.13580363896,109790.01711271255,0.02446723061490388,24.68816170000509,-24.68816170000509,-1.0,93,Stop loss,False,1174.7361309073603,1009.0296727316017,28.7425398265703,24.68816170000509,1.1642235730562465,1.0,87,93,True,True,True,True,True,False,False,False,False
exness_native-S06,82,2025-08-25 13:45:00+00:00,2025-08-25 13:30:00+00:00,13,Monday,0,2025,2025-08,SHORT,111628.69,111692.89,110760.23,110799.73,111431.90594324943,111960.89695167259,-528.9910084231669,1.4067538589948465,1.681155130369309,3.0879089893641556,34.31332106370499,15.68667893629501,33.385339230730814,13.855589247120221,25.13217018071535,11.276580933595127,376.03664993756723,0.3393840850853763,91.38888888888889,2025-08-25 12:00:00+00:00,111551.73,113487.75865263178,114825.58904377357,-177.29051972246089,0.15439983473968905,93.05555555555556,0,EMA20,True,False,0.6940388836936643,0.7127149753011822,111735.25,111118.18,88.8812643407033,0.04235198250166176,2.4802369666755926,2.980236966675592,0.3050429526126346,110685.02267001248,111805.70099498126,2.4779726893685483,0.21969842786435484,8.53658570210774,2025-08-25 13:45:00+00:00,2025-08-25 14:00:00+00:00,110685.02267001248,111805.70099498126,107322.98769510612,0.021974585166034125,24.626441295755075,-24.626441295755075,-1.0,2,Stop loss,False,152.89267001247208,1120.678324968787,3.3597529984514196,24.626441295755075,0.13642868484739404,1.0,1,2,True,False,False,False,False,False,False,False,False
exness_native-S06,83,2025-08-26 13:30:00+00:00,2025-08-26 13:15:00+00:00,13,Tuesday,1,2025,2025-08,SHORT,110163.24,110208.43,109777.24,109847.72,110056.20667858521,110171.13779344992,-114.93111486471025,0.3176741967963827,0.5762655155678587,0.8939397123642414,45.69854388057327,4.301456119426732,19.733530203510924,24.397596448937723,18.1038473220779,-6.293749126859822,361.7892671918104,0.32935528128559277,87.77777777777777,2025-08-26 12:00:00+00:00,110197.95,111580.56175720177,113906.35542459376,-194.56311212605215,0.17080970715005744,94.72222222222221,0,both,True,True,0.4207513467614311,0.10307714996504841,110814.77,109596.24,73.17423873466755,0.16345462557108914,1.1918264003431123,1.69182640034311,0.39480953801380547,109704.88214656165,110316.96678015754,2.4495180840156934,0.08878450099269398,9.156386073573568,2025-08-26 13:30:00+00:00,2025-08-26 14:15:00+00:00,109704.88214656165,110316.96678015754,107868.62824577397,0.040133134936260785,24.564875192515686,-24.564875192515686,-1.0,4,Stop loss,False,327.7321465616551,612.0846335958922,13.1529184609093,24.564875192515686,0.5354359978558602,1.0,2,4,True,True,True,False,False,False,False,False,False
exness_native-S06,84,2025-08-27 09:45:00+00:00,2025-08-27 09:30:00+00:00,9,Wednesday,2,2025,2025-08,SHORT,110961.97,111130.38,110873.94,110897.77,110964.58812799629,111046.81257744972,-82.22444945342431,0.3494250931455063,0.28395362637407157,0.6333787195195778,45.388194158597855,4.611805841402145,25.192874877780415,17.15279842365155,21.80039061212571,4.64759218847416,235.31352231530985,0.2121895889478299,40.86805555555556,2025-08-27 08:00:00+00:00,110744.96,111281.53352609,113377.40801999293,-117.3938983772241,0.10354258438905475,70.55555555555556,0,EMA20,True,True,0.7045573512836991,0.3551322581381929,111006.61,110348.99,25.035095928870888,0.09292622055842119,1.0897801260073101,1.5897801260073363,0.3012691483495622,110826.87729553693,111200.9740566946,1.8415356888816181,0.05346289670853162,9.757369157163472,2025-08-27 09:45:00+00:00,2025-08-27 10:15:00+00:00,110826.87729553693,111200.9740566946,109704.58701206394,0.06550033453566145,24.503463004534396,-24.503463004534396,-1.0,3,Stop loss,False,32.43729553693265,374.0967611576634,2.124653709101207,24.503463004534396,0.08670830358582528,1.0,1,3,True,False,False,False,False,False,False,False,False
exness_native-S06,85,2025-08-29 19:45:00+00:00,2025-08-29 19:30:00+00:00,19,Friday,4,2025,2025-08,SHORT,108649.99,108758.72,108381.84,108522.9,108584.04761247485,109302.06319505542,-718.0155825805705,1.9315669958978354,0.1644960262699235,2.0960630221677587,44.57398903453258,5.42601096546742,32.07947812117207,16.7998579045637,20.245195015418552,3.445337110854851,371.72698855667744,0.342533224376309,88.15972222222223,2025-08-29 18:00:00+00:00,108135.45,110907.66505519896,112494.86798689622,-211.1331522006658,0.18768247474654512,97.08333333333333,0,EMA20,True,False,0.46989428505946595,1.4616727108383694,108752.1,107907.56,33.721609000214784,0.37428359159413055,1.0138623549055048,1.5138623549055061,0.5794720435761238,108307.49460228866,108870.238096567,1.7792345171666373,0.2512706437190015,6.288052673937426,2025-08-29 19:45:00+00:00,2025-08-30 15:15:00+00:00,108307.49460228866,108870.238096567,106619.26411945363,0.0434340060712163,24.44220434702306,-24.44220434702306,-1.0,79,Stop loss,False,980.3446022886637,562.7434942783439,42.58029340768995,24.44220434702306,1.7420807388379442,1.0,25,79,True,True,True,True,True,True,False,False,False
exness_native-S06,86,2025-08-31 10:00:00+00:00,2025-08-31 09:45:00+00:00,9,Sunday,6,2025,2025-08,SHORT,108708.72,108763.59,108448.36,108516.42,108827.54595422285,108844.96813983699,-17.42218561413756,0.10108838711484978,1.805239686829814,1.9063280739446637,37.466123271014744,12.533876728985256,21.095723547072247,16.58675502592792,30.44148999318019,13.85473496725227,172.346063790133,0.15882026313633735,18.61111111111111,2025-08-31 08:00:00+00:00,109012.33,109197.02334002961,111272.7265543134,-126.60691410917207,0.11378072419873156,69.72222222222221,0,both,False,False,0.0,0.47217869702022836,109117.05,108693.1,61.00307711829629,0.2159058465247551,1.8290525067277061,2.329052506727655,0.5949031298032333,108413.89078724198,108815.29381913703,0.9755986177577421,0.0004645125865762225,11.39747720992885,2025-08-31 10:00:00+00:00,2025-08-31 15:45:00+00:00,108413.89078724198,108815.29381913703,107209.68169155682,0.06073969775726537,24.381098836155505,-24.381098836155505,-1.0,24,Stop loss,False,224.8107872419787,401.4030318950536,13.654939269650676,24.381098836155505,0.5600625042133595,1.0,14,24,True,True,True,False,False,False,False,False,False
exness_native-S06,87,2025-09-03 17:15:00+00:00,2025-09-03 17:00:00+00:00,17,Wednesday,2,2025,2025-09,LONG,111885.66,112435.65,111866.16,112393.04,111869.96975897597,111542.86777069604,327.1019882799301,0.8952466514167989,1.43159289307586,2.3268395444926586,61.263419493667314,11.263419493667314,33.62789703581931,29.80650312333297,14.627801313654489,15.178701809678481,365.3763884648607,0.32508809127759225,85.03472222222223,2025-09-03 16:00:00+00:00,111882.84,110647.86556656063,110590.6131550763,62.54800205648644,0.056558147452151444,40.69444444444444,0,EMA20,True,False,0.010426943547112386,0.8848197078696866,112379.38,111684.95,89.09375054873631,0.9251786686333363,1.558639304506564,2.05863930450655,0.31661946788359424,112508.72527769297,111756.54708346055,1.6736224707637386,0.1336704215505993,11.492811050914534,2025-09-03 17:15:00+00:00,2025-09-03 23:30:00+00:00,112508.72527769297,111756.54708346055,114765.25986039022,0.03233295816808859,24.32014608906512,-24.32014608906512,-1.0,26,Stop loss,False,108.92472230702697,752.178194232416,3.5218584898237686,24.32014608906512,0.14481239039132562,1.0,3,26,True,False,False,False,False,False,False,False,False
exness_native-S06,88,2025-09-05 10:30:00+00:00,2025-09-05 10:15:00+00:00,10,Friday,4,2025,2025-09,LONG,112223.94,112295.1,112177.21,112262.83,112201.9839511871,111674.78240897997,527.2015422071272,2.1545735941935433,0.24866636302780892,2.4032399572213525,56.71639742071662,6.716397420716618,42.463377034013696,29.738516105545784,17.04002232721267,12.698493778333113,244.68950312391564,0.21796128168505607,41.21527777777778,2025-09-05 09:00:00+00:00,112297.99,111063.99945631957,110773.2171925254,76.85127845926036,0.06937712960497641,49.44444444444444,2,EMA20,True,False,0.10124648123766686,2.0533271129558766,112630.01,112124.73,32.9883789973701,0.7262702519297292,0.4817942678166197,0.9817942678165804,0.33188142355111633,112344.03790062478,112103.80314906283,1.7296857241471093,0.09561774691871178,7.242530045305338,2025-09-05 10:30:00+00:00,2025-09-05 12:30:00+00:00,112344.03790062478,112103.80314906283,113064.74215531063,0.08637519596830351,24.259345723842458,-20.750323744559935,-0.855353808003412,9,"Stop loss (ambiguous bar, SL First)",False,346.6420993752108,240.23475156194763,29.941279264397973,20.750323744559935,1.4429307047437085,1.0,8,9,True,True,True,True,True,False,False,False,False
exness_native-S06,89,2025-09-07 13:45:00+00:00,2025-09-07 13:30:00+00:00,13,Sunday,6,2025,2025-09,LONG,111108.64,111251.15,111108.57,111198.18,111104.7067951298,110906.97749055547,197.72930457432813,1.4739216045105454,0.6967716616291283,2.170693266139674,58.21817086794073,8.218170867940728,19.908140809984065,26.559110869061342,19.843494671110108,6.715616197951235,134.1518463188477,0.12064212410567127,7.222222222222221,2025-09-07 12:00:00+00:00,111131.76,110817.13863345925,110805.95703312685,18.6132787536626,0.016798084915324474,16.25,0,EMA20,False,False,0.0,1.5027188590860137,111244.06,111037.9,62.799831673447635,0.628489269182172,1.0628254765954375,1.5628254765954646,0.5948510695417881,111277.98036926377,111068.32444610435,0.7601071314566455,0.04972507492308768,8.830189069403616,2025-09-07 14:00:00+00:00,2025-09-07 14:15:00+00:00,111277.98036926377,111068.32444610435,111906.94813874201,0.08701620872036399,24.207469914481056,-18.24346356910022,-0.7536295050060919,2,Stop loss,False,143.04963073623367,209.65592315941467,12.447636525515104,18.24346356910022,0.6823066507282218,1.0,1,2,True,True,True,False,False,False,False,False,False
exness_native-S06,90,2025-09-07 15:30:00+00:00,2025-09-07 15:15:00+00:00,15,Sunday,6,2025,2025-09,LONG,111154.1,111333.72,111149.32,111304.1,111151.5276938769,110977.29076396704,174.23692990985,1.177039284872456,1.0306861936984566,2.2077254785709126,60.62699905484351,10.626999054843509,22.816244012523192,28.712112484504313,13.439874661584078,15.272237822920236,148.02983396491334,0.13299585007642425,10.76388888888889,2025-09-07 14:00:00+00:00,111140.19,110844.7311722167,110813.29487856381,19.87639889914135,0.017936835937351344,17.083333333333332,0,EMA20,True,False,0.014913844174216024,1.16212544069824,111421.03,111051.7,81.3449023861197,0.8393709327549008,1.2456948377291395,1.745694837729149,0.40009479985645097,111363.32596679298,111104.91104981053,0.7741193365736246,0.08757755946225415,8.912416102850878,2025-09-07 15:30:00+00:00,2025-09-07 17:00:00+00:00,111363.32596679298,111104.91104981053,112138.57071774034,0.08678570272860939,24.161861255558307,-22.426720165877377,-0.928186778686937,7,Stop loss,False,14.344033207016764,258.41491698245227,1.2448570018334584,22.426720165877377,0.05550776005702024,1.0,3,7,True,False,False,False,False,False,False,False,False
exness_native-S06,91,2025-09-07 19:45:00+00:00,2025-09-07 19:30:00+00:00,19,Sunday,6,2025,2025-09,LONG,111129.41,111304.48,111115.24,111230.83,111104.07929456727,111040.47602260658,63.60327196068829,0.4234687031609386,0.8439024471493711,1.2673711503103098,57.58604531744939,7.58604531744939,18.91450575300309,26.744065794280427,17.019607671556855,9.724458122723572,150.19592117653136,0.13503083738252367,11.770833333333334,2025-09-07 18:00:00+00:00,111043.39,110886.67920914783,110825.80412417493,15.794623716006754,0.014251756475693734,14.722222222222223,0,both,False,False,0.0,0.4977763497688297,111229.12,110857.2,53.593320651026865,0.6108116677235372,1.2599543217792795,1.7599543217793407,0.6903595212378433,111334.51918423531,111070.18122364704,0.7191501643191553,0.20194612372584655,8.750024777357732,2025-09-07 20:00:00+00:00,2025-09-07 21:45:00+00:00,111334.51918423531,111070.18122364704,112127.5330660001,0.08660672227003945,24.105794455143613,-22.893444338096547,-0.9497071080024754,8,Stop loss,False,36.31081576469296,264.33796058826556,3.1447607363313335,22.893444338096547,0.13736512033264459,1.0,4,8,True,False,False,False,False,False,False,False,False
exness_native-S06,92,2025-09-08 07:30:00+00:00,2025-09-08 07:15:00+00:00,7,Monday,0,2025,2025-09,LONG,111243.82,111572.87,111197.77,111483.49,111108.29826676149,111088.53327190623,19.7649948552571,0.10521985613631754,1.9973503906272176,2.102570246763535,66.23757409651235,16.237574096512347,19.856632170744522,35.071102158126415,11.343020776858978,23.728081381267437,187.84472419018107,0.16849555408624278,23.541666666666668,2025-09-08 06:00:00+00:00,111114.15,110960.80811493477,110855.372386844,11.293215140831308,0.010187341305771081,12.36111111111111,3,both,False,False,0.0,0.5815267294022092,111258.62,110895.46,63.89496134364272,0.7617168754998875,1.9968620445268717,2.496862044526814,0.6758185271655072,111610.43894483802,111141.41658274295,0.9743288455139233,0.10495284229107556,16.589759637010644,2025-09-08 07:30:00+00:00,2025-09-09 02:15:00+00:00,111610.43894483802,111141.41658274295,113017.50603112324,0.051273804380831886,24.048560844298372,-24.048560844298372,-1.0,76,Stop loss,False,1329.481055161974,469.022362095071,68.16755155039702,24.048560844298372,2.834579249533709,1.0,32,76,True,True,True,True,True,True,True,True,False
exness_native-S06,93,2025-09-09 13:30:00+00:00,2025-09-09 13:15:00+00:00,13,Tuesday,1,2025,2025-09,LONG,112784.38,112864.49,112581.99,112824.44,112729.53313811468,112534.57738929162,194.9557488230639,0.8681635352062843,0.4226327114081298,1.290796246614414,54.822106843451294,4.822106843451294,19.571011981904988,15.600403750847363,20.30840764770115,-4.708003896853786,224.56108891597304,0.1990358551001654,32.15277777777778,2025-09-09 12:00:00+00:00,112684.8,111889.42731886495,111211.2212623955,79.65225000890496,0.0716224937598435,52.22222222222223,0,both,True,False,0.657028957362624,0.21113457784366033,112842.96,112394.33,14.180530973450503,0.8582300884955649,1.258009574872104,1.7580095748721027,0.3783479061013238,112909.4022177832,112514.62167332521,1.2573783202251285,0.05826345495698309,9.96758293665826,2025-09-09 13:30:00+00:00,2025-09-09 14:00:00+00:00,112909.4022177832,112514.62167332521,114093.74385115715,0.06076398591304073,23.988439442187627,-23.988439442187627,-1.0,3,Stop loss,False,58.567782216807245,394.78054445798625,3.558811893580113,23.988439442187627,0.14835529014535873,1.0,1,3,True,False,False,False,False,False,False,False,False
exness_native-S06,94,2025-09-10 07:15:00+00:00,2025-09-10 07:00:00+00:00,7,Wednesday,2,2025,2025-09,LONG,111793.12,111925.15,111752.45,111915.18,111597.10699489932,111537.25353341457,59.853461484759464,0.27508722191998886,1.4618673201242502,1.7369545420442392,64.38689212508943,14.386892125089432,20.31097933772962,21.51734073636037,11.34430414591956,10.17303659044081,217.57994088932378,0.19441503904056964,30.833333333333336,2025-09-10 06:00:00+00:00,111793.1,111650.58334631965,111246.13606676272,16.548266124213114,0.014875362605207176,18.194444444444443,2,both,False,False,0.0,0.9890455237088969,111984.73,111359.73,70.67747539085103,0.9422698320787416,0.7937312570915913,1.2937312570915867,0.2458222387562606,111968.66598817786,111687.1760177332,1.424411344951656,0.09580812829291777,8.856846243723732,2025-09-10 07:15:00+00:00,2025-09-10 08:00:00+00:00,111968.66598817786,112813.13589951184,112813.13589951184,0.08500646863468476,23.928468343582157,71.78540503074647,3.0,4,Take profit,False,844.4699113339739,0.0,71.78540503074647,0.0,3.0,0.0,4,0,True,True,True,True,True,True,True,True,True
exness_native-S06,95,2025-09-10 12:00:00+00:00,2025-09-10 11:45:00+00:00,11,Wednesday,2,2025,2025-09,LONG,112213.64,112306.39,112205.73,112297.9,112223.0210351715,111970.65577309417,252.3652620773355,1.2503676720557042,0.37099494664145033,1.6213626186971546,55.805326305476775,5.805326305476775,23.98285908828613,19.757868183937642,18.230924859420877,1.5269433245167647,201.83284302482554,0.17972984626143992,24.6875,2025-09-10 10:00:00+00:00,112270.96,111755.32645537461,111289.90119535435,49.262253548789886,0.04426480122604896,40.833333333333336,0,EMA20,True,False,0.08567007684365859,1.1646975952120457,112424.89,112135.6,83.70753030001175,0.915656666004322,0.4987295352502282,0.9987295352502557,0.24206451176511581,112346.75656860496,112145.18014709254,1.448713973518611,0.013127839165924176,10.3949707544319,2025-09-10 12:00:00+00:00,2025-09-10 12:30:00+00:00,112346.75656860496,112951.48583314223,112951.48583314223,0.08583401102972626,24.107931856159027,51.906338362289894,2.1530813456745777,3,Take profit,False,604.7292645372654,0.0,51.906338362289894,0.0,3.0,0.0,3,0,True,True,True,True,True,True,True,True,True
exness_native-S06,96,2025-09-10 17:45:00+00:00,2025-09-10 17:30:00+00:00,17,Wednesday,2,2025,2025-09,LONG,113495.06,113675.4,113421.3,113637.19,113612.78221176533,113034.65626095136,578.1259508139628,1.888047234995544,0.07971110278643267,1.9677583377819767,54.4452044026691,4.445204402669098,40.80444816351019,21.391546793350102,16.363490892923327,5.028055900426775,306.2031182791501,0.2694567845959145,66.07638888888889,2025-09-10 16:00:00+00:00,113775.6,112143.50147599964,111421.70571907195,121.77468486540602,0.10929170764306649,73.61111111111111,0,EMA20,True,False,0.6253437680238093,1.2627034669717347,114118.99,113452.08,55.934671389220604,0.8496261314443402,0.8298413204542907,1.3298413204542738,0.32478644964405146,113736.64062365583,113329.43906451626,1.3742580530744348,0.22614909625330434,6.85696981316229,2025-09-10 17:45:00+00:00,2025-09-10 19:15:00+00:00,113736.64062365583,113329.43906451626,114958.24530107451,0.0595226053487622,24.23769770206475,-24.23769770206475,-1.0,7,Stop loss,False,179.7993763441773,407.20155913956114,10.702127320088035,24.23769770206475,0.44154884063829,1.0,2,7,True,True,False,False,False,False,False,False,False
exness_native-S06,97,2025-09-14 09:15:00+00:00,2025-09-14 09:00:00+00:00,9,Sunday,6,2025,2025-09,LONG,115996.85,116025.94,115938.86,116010.68,115897.70068844412,115882.20757983981,15.493108604307054,0.1543582244549816,1.1256156770928722,1.279973901547854,61.619695250122206,11.619695250122206,19.592746006429802,21.44264244593628,18.277284319922508,3.1653581260137713,100.37112475873032,0.08651886598607156,0.4861111111111111,2025-09-14 08:00:00+00:00,115996.65,115621.80219069579,113740.18093362724,109.65079386164143,0.09640462408410255,60.138888888888886,2,both,False,False,0.0,0.5644294641149606,116040.1,115795.17,15.881947634344185,0.8247588424436265,0.8675801950941822,1.3675801950942024,0.35203575766132594,116046.01422495175,115908.74866257238,0.6342288497758929,0.006489815168483798,11.256225215902171,2025-09-14 09:15:00+00:00,2025-09-14 11:30:00+00:00,116046.01422495175,115908.74866257238,116457.81091208986,0.08333626490934189,24.17710345780959,-11.439199269376882,-0.47314184221194777,10,Stop loss,False,171.2157750482438,137.26556237936893,14.268483186078734,11.439199269376882,1.2473323394475642,1.0,2,10,True,True,True,True,True,False,False,False,False
exness_native-S06,98,2025-09-16 16:30:00+00:00,2025-09-16 16:15:00+00:00,16,Tuesday,1,2025,2025-09,LONG,115791.19,115938.75,115618.79,115882.75,115434.83747107173,115430.8399657313,3.997505340434145,0.014538098461731487,1.6289650402556055,1.6435031387173369,61.7918275407669,11.791827540766903,26.293333792379183,25.51506989235018,16.197240933128292,9.317828959221888,274.9675517026346,0.23728083058318392,58.88888888888889,2025-09-16 15:00:00+00:00,115936.93,115440.55881467329,114457.28924247321,50.37165159250435,0.04400912508577239,33.75,1,EMA50,False,False,0.0,0.6835353230040573,116054.46,115029.21,28.616077009624902,0.8249781222652867,1.1636282100152282,1.6636282100152262,0.40366039430195844,115993.74351034053,115536.2997344892,1.2995709040103962,0.10262758982360203,15.26260986125681,2025-09-16 16:45:00+00:00,2025-09-17 14:30:00+00:00,115993.74351034053,115536.2997344892,117366.0748378945,0.05279010609488501,24.148505459636148,-24.148505459636148,-1.0,88,Stop loss,False,1348.6264896594657,457.44377585132315,71.19413547149554,24.148505459636148,2.9481797782680768,1.0,57,88,True,True,True,True,True,True,True,True,False
exness_native-S06,99,2025-09-18 07:45:00+00:00,2025-09-18 07:30:00+00:00,7,Thursday,3,2025,2025-09,LONG,117121.62,117226.98,117113.52,117219.91,117154.16651083998,116844.64928997523,309.51722086474183,1.265771530564947,0.2688581807056664,1.5346297112706135,54.22521170642543,4.2252117064254335,20.17311536046434,21.327397418847305,18.337774561603467,2.9896228572438375,244.52850565109185,0.20860663145969982,47.5,2025-09-18 06:00:00+00:00,117114.3,116317.7688562757,115126.16978831586,113.23407732987835,0.09835650533504543,62.638888888888886,0,EMA20,True,False,0.1662240184707484,1.0995475120941987,117237.43,116906.99,86.62964921559599,0.93768729067519,0.46399498372546993,0.9639949837254982,0.22891278454906644,117275.88570113022,117040.16144830467,1.8139947748468093,0.0014770604103338451,8.826131120126353,2025-09-18 08:00:00+00:00,2025-09-18 08:00:00+00:00,117275.88570113022,117040.16144830467,117983.05845960685,0.08215886514768796,24.08813419598706,-19.366837099933427,-0.8039990537399043,1,Stop loss,False,0.0,235.72425282554468,0.0,19.366837099933427,0.0,1.0,0,1,True,False,False,False,False,False,False,False,False
exness_native-S06,100,2025-09-18 08:15:00+00:00,2025-09-18 08:00:00+00:00,8,Thursday,3,2025,2025-09,LONG,117109.28,117281.71,117027.7,117259.51,117160.33576057422,116870.89092857768,289.44483199654496,1.2056608583004806,0.4131028970273819,1.6187637553278627,54.94847598868672,4.948475988686717,18.15428012346882,20.202131937659992,17.441833865969148,2.760298071690844,240.07151762772753,0.20473522158478025,44.583333333333336,2025-09-18 07:00:00+00:00,117109.33,116348.81046975507,115145.90272574556,113.41732034152665,0.09849878949810655,62.916666666666664,0,EMA20,True,False,0.5524843675120926,0.6531764907883881,117237.43,116962.57,59.14334081335003,0.9126018660682224,1.0580597086652146,1.5580597086651893,0.29247244412574197,117329.72430352555,116955.67854471169,1.814258440921888,0.015563809710813576,8.858991669505443,2025-09-18 08:15:00+00:00,2025-09-18 23:00:00+00:00,117329.72430352555,116955.67854471169,118451.86157996715,0.06426945510482286,24.039717103237226,-24.039717103237226,-1.0,60,Stop loss,False,663.7656964744529,374.045758813867,42.65985962968632,24.039717103237226,1.7745574728057711,1.0,41,60,True,True,True,True,True,True,False,False,False
exness_native-S06,101,2025-09-20 12:00:00+00:00,2025-09-20 11:45:00+00:00,11,Saturday,5,2025,2025-09,LONG,115873.7,115970.1,115871.64,115940.92,115821.71499805276,115786.45591365569,35.259084397068364,0.3835076388350383,1.2965744748015113,1.6800821136365496,59.33588152737345,9.335881527373452,18.816953062562582,27.13441022087944,13.070240082104167,14.064170138775275,91.93841484924027,0.07929764128940867,0.20833333333333334,2025-09-20 10:00:00+00:00,115805.78,116186.77441460335,115664.62459166111,7.600568221678259,0.006571212458875023,9.583333333333334,2,EMA20,False,False,0.0,0.9265342075343669,115917.5,115764.97,68.27137924029736,0.7036359943123536,1.070934278793692,1.5709342787936063,0.5173863726914434,115988.48768296985,115844.05847554523,0.8487434504439534,0.07069126682854217,9.329573571083108,2025-09-20 12:00:00+00:00,2025-09-20 18:00:00+00:00,115988.48768296985,115844.05847554523,116421.7753052437,0.08269654442265816,23.979617810479134,-11.943796367719285,-0.49808118136477664,25,Stop loss,False,204.8523170301487,144.42920742461865,16.940578735368142,11.943796367719285,1.418357967082707,1.0,15,25,True,True,True,True,True,False,False,False,False
exness_native-S06,102,2025-09-22 11:30:00+00:00,2025-09-22 11:15:00+00:00,11,Monday,0,2025,2025-09,SHORT,112987.2,113051.89,112856.13,112859.35,112912.1730247324,113621.47467960112,-709.3016548687156,2.5045111772450355,0.18651564528305223,2.691026822528088,43.85008556559608,6.149914434403918,54.74773072188196,18.513906419481476,29.834578965183425,11.32067254570195,283.2096184329862,0.2509403238925142,71.25,2025-09-22 10:00:00+00:00,112853.06,114961.97266397899,115456.14446553457,-141.82491751006455,0.12283877845271497,85.55555555555556,0,EMA20,True,False,0.4933341460670001,2.0111770311780353,112995.61,112326.8,65.3095627298706,0.016448712709446516,0.6912194616946459,1.1912194616946195,0.21136967034457263,112799.48807631341,113136.8528855299,1.4065667778165414,0.26466091277310744,4.975089833627175,2025-09-22 11:30:00+00:00,2025-09-22 13:45:00+00:00,112799.48807631341,113136.8528855299,111787.39364866397,0.07099068327601338,23.949758319559837,-23.949758319559837,-1.0,10,Stop loss,False,248.30807631342032,337.36480921648035,17.62756000044218,23.949758319559837,0.7360224585667615,1.0,9,10,True,True,True,False,False,False,False,False,False
exness_native-S06,103,2025-09-22 17:00:00+00:00,2025-09-22 16:45:00+00:00,16,Monday,0,2025,2025-09,SHORT,112913.3,112915.53,112658.23,112689.26,112900.24041634756,113204.84222196027,-304.6018056127068,1.0865459053062108,0.7525888003885224,1.8391347056947331,43.282996043205955,6.717003956794045,22.625248858319402,16.502606806459884,23.740971855820263,7.238365049360379,280.33956423301214,0.24877221150712336,70.17361111111111,2025-09-22 15:00:00+00:00,112901.31,114602.84055484043,115335.40854336592,-120.73592216864927,0.10468244201281238,75.41666666666667,1,EMA20,True,False,0.05453951422900827,1.0320063910772026,112981.64,112634.66,87.07345511076782,0.12059852312475121,0.9178155095730289,1.4178155095730067,0.31068719495548935,112602.1620871534,112999.6318692699,1.6286980456200029,0.2075212294631604,6.114702725589825,2025-09-22 17:00:00+00:00,2025-09-22 20:45:00+00:00,112602.1620871534,112999.6318692699,111409.75274080389,0.060104906080026346,23.889883923760934,-23.889883923760934,-1.0,16,Stop loss,False,621.2220871533937,397.46978211650276,37.338495203192664,23.889883923760934,1.5629416753279288,1.0,12,16,True,True,True,True,True,True,False,False,False
exness_native-S06,104,2025-09-25 08:45:00+00:00,2025-09-25 08:30:00+00:00,8,Thursday,3,2025,2025-09,SHORT,112049.7,112052.24,111768.19,111790.28,111986.06999733907,112428.20345436543,-442.13345702635706,1.7363085403050391,0.7688896623488719,2.505198202653911,40.82984724594198,9.170152754058023,37.871212716455155,14.063218267503906,25.224350503520366,11.16113223601646,254.63991379589822,0.22778359066271078,65.3125,2025-09-25 07:00:00+00:00,111774.28,112861.28689281899,114089.21763473726,-113.85369540861575,0.09979356311577527,71.94444444444444,0,EMA20,True,False,0.25985715151462735,1.4764513887904118,112060.3,111603.03,91.32899137475641,0.07776799859178413,1.1154967646889709,1.615496764688963,0.28674995082547994,111717.26201724082,112128.63197413877,1.328616199492955,0.07157611358885366,8.9981809057835,2025-09-25 08:45:00+00:00,2025-09-25 09:15:00+00:00,111717.26201724082,112128.63197413877,110483.15214654697,0.05792877874128072,23.830159213951532,-23.830159213951532,-1.0,3,Stop loss,False,9.542017240819405,411.36995689795003,0.5527574054889133,23.830159213951532,0.023195707612616266,1.0,1,3,True,False,False,False,False,False,False,False,False
exness_native-S06,105,2025-09-25 09:45:00+00:00,2025-09-25 09:30:00+00:00,9,Thursday,3,2025,2025-09,SHORT,112097.83,112155.98,111843.61,111852.83,111960.2437829054,112350.77043906742,-390.52665616202285,1.5169963057437044,0.41724760469573635,1.9342439104394409,44.40269651553839,5.597303484461612,31.844131399547553,21.848728050922865,20.93152637335499,-0.9172016775678742,257.43415108092034,0.23015434753051878,66.18055555555556,2025-09-25 08:00:00+00:00,111754.02,112817.86466172805,114065.98183737669,-120.57724072792917,0.10570832669448771,76.52777777777777,0,EMA20,True,False,0.7603350848080497,0.7566612209356548,112287.63,111707.72,78.43262797323803,0.029516278771973305,1.2133976734959566,1.7133976734959222,0.23581498399214545,111792.12316978382,112233.21024532427,1.3558178157564964,0.07703327383009653,9.159131539330103,2025-09-25 09:45:00+00:00,2025-09-25 17:00:00+00:00,111792.12316978382,110468.86194316248,110468.86194316248,0.05389090983178659,23.770583815916652,71.31175144774996,3.0,30,Take profit,False,1323.26122662134,101.5468302161753,71.31175144774996,5.472451070883645,3.0,0.23021946424468218,30,3,True,True,True,True,True,True,True,True,True
exness_native-S06,106,2025-09-26 10:45:00+00:00,2025-09-26 10:30:00+00:00,10,Friday,4,2025,2025-09,SHORT,109160.17,109214.45,108818.25,108888.04,109423.77905848669,109583.98258531072,-160.2035268240288,0.6023526135633666,2.0143365658978496,2.616689179461216,36.965115979915446,13.034884020084554,18.586970707735457,11.934064012041924,34.59986209608231,22.66579808404039,265.96303098330566,0.24425366732958523,71.66666666666667,2025-09-26 09:00:00+00:00,109636.66,110958.31070308806,113169.11464814004,-189.23819190137147,0.16721717094787014,96.25,1,both,False,False,0.0,1.3894133479547988,109781.62,109004.87,68.68500757193505,0.17614840989397806,1.4896807219228387,1.9896807219228574,0.46240489041643973,108765.05739380333,109294.23890929499,2.2305748659771165,0.153376591897517,10.355062222620152,2025-09-26 10:45:00+00:00,2025-09-26 12:30:00+00:00,108765.05739380333,109294.23890929499,107177.51284732837,0.04525642429570785,23.94886319453603,-23.94886319453603,-1.0,8,Stop loss,False,101.59739380332758,529.1815154916549,4.597934761301512,23.94886319453603,0.19198968752514894,1.0,3,8,True,False,False,False,False,False,False,False,False
exness_native-S06,107,2025-09-27 08:45:00+00:00,2025-09-27 08:30:00+00:00,8,Saturday,5,2025,2025-09,SHORT,109411.04,109411.98,109349.75,109367.68,109524.30748722806,109542.47091973301,-18.163432504952652,0.16734016737515137,1.4430130384852462,1.6103532058603975,40.028051194886366,9.971948805113634,18.971006004880795,12.601071379112199,23.305688707116275,10.704617328004076,108.54197644151378,0.09924502050469919,8.472222222222223,2025-09-27 07:00:00+00:00,109457.12,110110.80353983467,112442.35926420327,-145.3716585242655,0.12928549300774542,86.94444444444444,4,both,False,False,0.0,1.202216174894564,109627.61,109310.73,69.67700466013727,0.2881246986982836,0.5733265787133297,1.0733265787133253,0.3651895477474405,109328.0416047117,109444.54259293246,1.4109763310120427,0.026994187383008638,12.398569033369897,2025-09-27 08:45:00+00:00,2025-09-27 10:30:00+00:00,109328.0416047117,109444.54259293246,108978.53864004945,0.08740297799506232,23.888991036549687,-10.18253330986143,-0.42624375781640816,8,Stop loss,False,213.00160471170966,116.50098822075233,18.616974569530523,10.18253330986143,1.8283244456957117,1.0,3,8,True,True,True,True,True,True,False,False,False
exness_native-S06,108,2025-09-27 11:45:00+00:00,2025-09-27 11:30:00+00:00,11,Saturday,5,2025,2025-09,SHORT,109387.27,109401.91,109336.13,109346.74,109407.95059402932,109468.39150740592,-60.44091337660211,0.5498550842093973,0.5568571759460453,1.1067122601554427,44.822178749160315,5.177821250839685,18.095860163179083,20.03325038642668,23.18495423537388,3.1517038489472,109.92153225882484,0.10052566016949827,9.027777777777777,2025-09-27 10:00:00+00:00,109478.78,110028.38009919268,112351.86063864005,-149.50808217700978,0.13307130057941466,88.33333333333333,1,both,False,False,0.0,0.604808776222075,109541.4,109305.31,61.61447248403702,0.1612952265126295,0.5984268836892765,1.0984268836892908,0.29652339975588804,109314.14569354824,109434.88645967765,1.3046058300047274,0.02282054429419796,12.304569359156003,2025-09-27 12:00:00+00:00,2025-09-27 12:30:00+00:00,109314.14569354824,109434.88645967765,108951.92339516,0.08732093930523564,23.863534703275032,-10.543197110854107,-0.44181204678815494,3,Stop loss,False,23.735693548238487,120.7407661294128,2.072623055693406,10.543197110854107,0.19658392363353078,1.0,1,3,True,False,False,False,False,False,False,False,False
exness_native-S06,109,2025-10-01 19:15:00+00:00,2025-10-01 19:00:00+00:00,19,Wednesday,2,2025,2025-10,LONG,117288.91,117489.51,117259.79,117451.94,117224.09962333909,116609.63746778785,614.4621555512422,1.9375207173322135,0.7184257745365372,2.6559464918687508,58.436134178255855,8.436134178255855,40.64596043025088,25.832440811462014,16.882087456095448,8.950353355366566,317.1383666014677,0.27001543491020047,85.41666666666666,2025-10-01 18:00:00+00:00,117289.17,114681.2515312368,112910.4906314863,225.95121324266074,0.2001153409031878,100.0,0,EMA20,False,False,0.0,2.0500595345159236,117425.85,116774.78,70.96900574612485,0.836453073306668,0.7243525987149927,1.2243525987150248,0.3184656413621875,117552.9376733203,117164.64849001955,1.510631906164446,0.26976658279513366,6.014576667622832,2025-10-01 19:15:00+00:00,2025-10-01 23:45:00+00:00,117552.9376733203,118717.80522322253,118717.80522322253,0.0613902671917468,23.837176710497896,71.51153013149369,3.0,19,Take profit,False,1164.8675499022356,339.06767332029995,71.51153013149369,20.81545506121713,3.0,0.873234918464568,19,4,True,True,True,True,True,True,True,True,True
exness_native-S06,110,2025-10-02 08:30:00+00:00,2025-10-02 08:15:00+00:00,8,Thursday,3,2025,2025-10,LONG,118428.07,118714.15,118416.02,118697.0,118604.73249966842,118308.6123862368,296.1201134316216,1.2815143592876834,0.3993046105522543,1.6808189698399376,54.046507376595954,4.0465073765959545,20.014346008269314,16.403997930160365,14.765762794555805,1.6382351356045604,231.0704607291462,0.19467253656718045,50.24305555555556,2025-10-02 07:00:00+00:00,118566.25,116186.28635698782,113573.85821442009,260.0314393929002,0.22895360207097806,99.30555555555556,0,EMA20,True,False,0.8166881178707533,0.46482624141692996,118752.1,118419.3,90.20561500016836,0.9424747593331945,1.290212513790108,1.790212513790128,0.27421978536712077,118760.36409214583,118346.69886178126,1.5835446728670246,0.2504752256928785,6.370720353671553,2025-10-02 08:45:00+00:00,2025-10-02 15:45:00+00:00,118760.36409214583,120001.35978323953,120001.35978323953,0.05805650021555136,24.015955535826635,72.0478666074799,3.0,29,Take profit,False,1240.9956910937035,182.01409214582236,72.0478666074799,10.567101179897321,3.0,0.4400033621037265,29,26,True,True,True,True,True,True,True,True,True
exness_native-S06,111,2025-10-02 16:00:00+00:00,2025-10-02 15:45:00+00:00,15,Thursday,3,2025,2025-10,LONG,119708.61,120013.89,119632.93,119996.04,119312.99428337683,118937.42366394422,375.5706194326049,1.0001069379490488,1.8188823214212864,2.818989259370335,64.4850923814196,14.485092381419605,23.802087359038016,26.912710608097136,16.459921680074018,10.452788928023118,375.5304609753028,0.31295237824123434,94.72222222222221,2025-10-02 14:00:00+00:00,118902.29,116886.49133475294,113943.49626123883,265.45183884209837,0.23296796004354262,99.16666666666667,1,EMA20,False,False,0.0,1.852063702767136,119884.22,118578.35,75.44886602267644,0.9531446871062433,1.0144583185358715,1.5144583185358778,0.2475327619326595,120088.99609219506,119520.2708617074,1.6438737598591178,0.16541840683854458,8.531331137256837,2025-10-02 16:00:00+00:00,2025-10-02 17:15:00+00:00,120088.99609219506,119520.2708617074,121795.17178365804,0.04254440264870634,24.196075202345334,-24.196075202345334,-1.0,6,Stop loss,False,321.8239078049519,568.7252304876602,13.69180591563402,24.196075202345334,0.5658688775403901,1.0,1,6,True,True,True,False,False,False,False,False,False
exness_native-S06,112,2025-10-02 18:00:00+00:00,2025-10-02 17:45:00+00:00,17,Thursday,3,2025,2025-10,LONG,119657.93,120043.36,119621.25,119991.94,119609.06640265776,119191.43247410662,417.6339285511349,1.099021577441325,1.0075482764810555,2.1065698539223803,59.234473031021125,9.234473031021125,21.34180121255199,24.99609385517244,17.232187758750147,7.763906096422293,380.00521293080044,0.31669228194060406,95.27777777777777,2025-10-02 16:00:00+00:00,119822.43,117118.78718752088,114061.61818324593,282.94317393098027,0.2480616866897481,100.0,0,EMA20,False,False,0.0,1.1310832358808918,120196.28,119430.73,79.12866314468002,0.8781834119068532,1.1108005512462995,1.610800551246283,0.3353139332047965,120119.36104258616,119507.24843612076,1.605322388195085,0.21113469968710438,7.694105900792581,2025-10-02 18:00:00+00:00,2025-10-03 08:15:00+00:00,120119.36104258616,119507.24843612076,121955.69886198234,0.039429975398985614,24.13558501433947,-24.13558501433947,-1.0,58,Stop loss,False,1002.8589574138459,612.1126064653945,39.542704019480304,24.13558501433947,1.6383569735718915,1.0,5,58,True,True,True,True,True,True,False,False,False
exness_native-S06,113,2025-10-03 10:00:00+00:00,2025-10-03 09:45:00+00:00,9,Friday,4,2025,2025-10,LONG,120292.59,120436.56,120292.59,120387.51,120093.93853480737,120084.87402570593,9.064509101444855,0.039704406957410704,1.2859031630552784,1.3256075700126893,59.97777978034099,9.977779780340988,18.98398762765381,23.449663880740243,19.826814208198595,3.6228496725416477,228.2998235225622,0.18963746614791038,48.26388888888889,2025-10-03 08:00:00+00:00,120129.72,118589.8193480223,114977.59045632176,257.85613232948526,0.224266425575722,95.83333333333334,3,both,False,False,0.0,0.9098385232590565,120471.63,119715.45,65.93040216711641,0.6593040216711641,0.6306180958820278,1.1306180958819763,0.4148490491283745,120482.2199647045,120224.10005294323,1.5707859028159683,0.10004789665270741,10.94736759346981,2025-10-03 10:15:00+00:00,2025-10-03 11:15:00+00:00,120482.2199647045,120224.10005294323,121256.57969998832,0.07992962300613819,24.07524605180362,-20.631427237456005,-0.8569560283231408,5,Stop loss,False,130.3700352954911,258.1199117612705,10.420427772465533,20.631427237456005,0.5050754682423242,1.0,1,5,True,True,True,False,False,False,False,False,False
exness_native-S06,114,2025-10-03 18:30:00+00:00,2025-10-03 18:15:00+00:00,18,Friday,4,2025,2025-10,LONG,122099.63,122696.31,122072.99,122567.33,122051.89512973996,121270.95726904762,780.9378606923419,1.2283760844921838,0.8107531976736873,2.039129282165871,58.95442572011471,8.954425720114713,22.741287933978633,25.674473697589132,25.25139366930377,0.4230800282853622,635.7481805054721,0.5186930159166167,99.96527777777777,2025-10-03 17:00:00+00:00,122158.33,119392.6395578109,115511.81197310748,319.6286527921038,0.27670646605952054,100.0,0,EMA20,False,False,0.0,1.261557257332146,123205.42,121533.9,75.03369056022633,0.7930757877173884,0.9804510954390806,1.4804510954390793,0.4028790706053549,122823.45963610109,121882.26554584836,2.046804882830134,0.1384620844250708,6.964811540788452,2025-10-03 18:30:00+00:00,2025-10-04 01:45:00+00:00,122823.45963610109,121882.26554584836,125647.04190685927,0.025524668856833972,24.02366748370998,-24.02366748370998,-1.0,30,Stop loss,False,248.9203638989129,941.1940902527276,6.353609860242361,24.02366748370998,0.2644729354729302,1.0,5,30,True,True,False,False,False,False,False,False,False
exness_native-S06,115,2025-10-06 12:15:00+00:00,2025-10-06 12:00:00+00:00,12,Monday,0,2025,2025-10,LONG,124258.23,124585.23,124218.39,124450.26,124044.33030918645,123832.19510560323,212.1352035832242,0.7243091464739828,1.385996208622004,2.1103053550959867,62.05519422308427,12.055194223084271,19.987111900271643,26.37867207102072,12.517712521720872,13.860959549299848,292.87936596675866,0.2353384926369448,73.85416666666667,2025-10-06 11:00:00+00:00,124257.94,123088.3621041567,119174.23195824336,243.23463683505543,0.20410002467671096,86.38888888888889,2,both,False,False,0.0,1.3186142121074014,124588.33,123764.32,52.34707229309799,0.6320739286882497,1.2525293435715519,1.7525293435715243,0.6608382005829456,124643.80587319334,124130.52619020997,1.2424596468359215,0.11360861178232398,11.967801380566115,2025-10-06 12:15:00+00:00,2025-10-06 18:45:00+00:00,124643.80587319334,126183.64492214345,126183.64492214345,0.04668723331442911,23.9636083150007,71.89082494500211,3.0,27,Take profit,False,1539.8390489501035,343.26587319334794,71.89082494500211,16.026133910659073,3.0,0.6687696485435817,27,2,True,True,True,True,True,True,True,True,True
exness_native-S06,116,2025-10-08 16:45:00+00:00,2025-10-08 16:30:00+00:00,16,Wednesday,2,2025,2025-10,LONG,122699.78,122777.55,122573.53,122742.12,122565.10311604322,122421.54305968889,143.56005635432666,0.335618108295481,0.41383427423086205,0.749452382526343,54.39874266541237,4.398742665412371,20.02801883962577,19.48171445188335,18.745706778965523,0.7360076729178253,427.74824363152413,0.34849344595932036,96.52777777777779,2025-10-08 15:00:00+00:00,122216.87,122815.1227327693,120812.0760036023,89.2581883008097,0.07388184298575273,34.44444444444444,1,both,False,False,0.0,0.35531867768937997,122952.15,121977.69,20.75286736594239,0.8263405548475303,0.47696280005243774,0.9769628000524142,0.28282909521546523,122863.0996487263,122445.20552691055,1.8600663537275222,0.05497696495881569,12.839804403100255,2025-10-08 16:45:00+00:00,2025-10-08 17:45:00+00:00,122863.0996487263,124116.78201417357,124116.78201417357,0.05777380948183731,24.143335377363204,72.43000613208962,3.0,5,Take profit,False,1253.6823654472682,0.0,72.43000613208962,0.0,3.0,0.0,5,0,True,True,True,True,True,True,True,True,True
exness_native-S06,117,2025-10-08 19:30:00+00:00,2025-10-08 19:15:00+00:00,19,Wednesday,2,2025,2025-10,LONG,123271.71,123689.69,123167.25,123665.56,123277.26417073498,122856.05799739365,421.2061733413284,0.9619789397838452,0.8868160862783752,1.8487950260622203,59.421865419779124,9.421865419779124,24.821390639263942,23.75988100854835,16.679402053590316,7.080478954958036,437.8538405798911,0.3540628777970933,96.59722222222223,2025-10-08 18:00:00+00:00,123479.27,122899.21661764763,120893.1407548619,110.88923895229527,0.09172500462796992,44.72222222222222,0,EMA20,True,False,0.25125774982190613,0.710721189961939,124246.24,123223.41,75.38664727049795,0.9538128780338325,1.1931835502643664,1.693183550264365,0.25510971416409783,123777.26076811599,123035.89384782604,1.886747360626518,0.1377398625251463,11.23003579450851,2025-10-08 19:30:00+00:00,2025-10-08 20:45:00+00:00,123777.26076811599,123035.89384782604,126001.36152898583,0.03281021816185189,24.32441039269343,-24.32441039269343,-1.0,6,Stop loss,False,7.759231884017936,741.3669202899473,0.2545820908830255,24.32441039269343,0.010466115592240498,1.0,1,6,True,False,False,False,False,False,False,False,False
exness_native-S06,118,2025-10-11 07:15:00+00:00,2025-10-11 07:00:00+00:00,7,Saturday,5,2025,2025-10,SHORT,112184.21,112231.2,111071.41,111526.98,112445.04011355343,113734.47027709363,-1289.4301635401935,1.7207567228601117,1.2251598861697892,2.9459166090299007,39.373659030207435,10.626340969792565,32.98392329593357,15.968143658829515,34.09875740646111,18.130613747631596,749.3390241689715,0.6718903570857666,98.64583333333333,2025-10-11 06:00:00+00:00,112183.95,118158.15220582423,120187.9396715221,-383.9997863743629,0.319499433490455,99.30555555555556,1,EMA20,False,False,0.0,2.0061283726158265,112892.78,112148.76,56.66801748592539,0.3928038696660559,1.5477507010744818,2.047750701074476,0.8079624646604012,110921.54219516621,112456.00170725069,5.861439211604521,0.24097619883797575,4.242452445372915,2025-10-11 07:15:00+00:00,2025-10-11 11:45:00+00:00,110921.54219516621,112456.00170725069,106318.16365891279,0.015812472845080798,24.263599366711695,-24.263599366711695,-1.0,19,Stop loss,False,730.1521951662144,1534.4595120844751,11.545511758841899,24.263599366711695,0.47583672909971053,1.0,3,19,True,True,False,False,False,False,False,False,False
exness_native-S06,119,2025-10-11 19:45:00+00:00,2025-10-11 19:30:00+00:00,19,Saturday,5,2025,2025-10,SHORT,111508.9,111539.75,111149.41,111181.84,111922.88422883049,112223.9338428857,-301.04961405521317,0.8801753975467552,2.1665827433712717,3.0467581409180267,32.27580039371965,17.72419960628035,27.20109461500508,8.582683931631621,29.905268362891025,21.322584431259404,342.03366157961864,0.30763446762494545,86.77083333333333,2025-10-11 18:00:00+00:00,112068.1,115798.94116958378,119255.80698823307,-370.6252509589831,0.3107817223487931,97.91666666666666,1,EMA20,False,False,0.0,2.000340667424152,112145.48,111106.59,83.78849208382451,0.08308141620124329,1.141232702644775,1.6412327026447855,0.2948152291509045,111081.00326768408,111642.36009847389,5.713069527273341,0.15239196672819882,5.561804433567333,2025-10-11 19:45:00+00:00,2025-10-12 04:45:00+00:00,111081.00326768408,111642.36009847389,109396.93277531465,0.04311507234042601,24.202940368294918,-24.202940368294918,-1.0,37,Stop loss,False,1407.8032676840812,561.3568307898095,60.697539727287285,24.202940368294918,2.5078580868132505,1.0,6,37,True,True,True,True,True,True,True,True,False
exness_native-S06,120,2025-10-13 13:00:00+00:00,2025-10-13 12:45:00+00:00,12,Monday,0,2025,2025-10,SHORT,114608.96,114854.33,114407.38,114500.64,114708.7658606607,114787.54087672358,-78.77501606287842,0.2039899474973116,0.5389473149090946,0.7429372624064063,43.91846872789278,6.08153127210722,22.6252193534128,17.517848124909218,21.813895076292013,4.296046951382795,386.1710688656195,0.3372654239012284,87.32638888888889,2025-10-13 11:00:00+00:00,114271.91,114230.42914005966,117247.27322002425,-113.57972617931955,0.09687195536409428,48.333333333333336,0,EMA20,True,True,0.37694211471329897,0.17295216721598738,114754.63,113744.73,24.23537308423933,0.20865868665397777,1.157388618761411,1.6573886187613887,0.44149918913900094,114330.14578622689,114970.18132065969,2.5388295397793503,0.12993275741212218,8.98882242330683,2025-10-13 13:00:00+00:00,2025-10-13 13:30:00+00:00,114330.14578622689,114970.18132065969,112410.03918292849,0.03772045725362622,24.142433017374177,-24.142433017374177,-1.0,3,Stop loss,False,27.20578622688481,640.0355344327982,1.0262146964225016,24.142433017374177,0.04250668090013889,1.0,2,3,True,False,False,False,False,False,False,False,False
exness_native-S06,121,2025-10-14 11:45:00+00:00,2025-10-14 11:30:00+00:00,11,Tuesday,1,2025,2025-10,SHORT,111557.89,111718.81,111362.67,111416.0,111650.67702835066,112662.4806948642,-1011.8036665135442,2.219117144919677,0.5147004644944981,2.7338176094141753,41.37464779287445,8.625352207125552,51.40483282304292,17.562412502494347,29.432823823202305,11.870411320707959,455.94874016899513,0.4092309364624427,92.11805555555556,2025-10-14 10:00:00+00:00,110714.61,113889.47393086874,116565.02944203038,-256.54098969034385,0.22008400883038914,81.94444444444444,0,EMA20,True,False,0.14943120935937118,2.069685935560306,111702.54,110113.87,39.841073735047914,0.14974448250688446,0.7810965764879576,1.2810965764879614,0.316964902634077,111271.4802519662,111855.5946220507,2.2203544828432245,0.15029742320238101,6.760542242988416,2025-10-14 12:00:00+00:00,2025-10-14 14:15:00+00:00,111271.4802519662,111855.5946220507,109519.13714171271,0.04122835897933311,24.08207693483074,-24.08207693483074,-1.0,10,Stop loss,False,1329.9402519662108,584.1143700844987,54.831254129127664,24.08207693483074,2.2768490557317054,1.0,7,10,True,True,True,True,True,True,True,False,False
exness_native-S07,1,2025-10-25 11:30:00+00:00,2025-10-25 11:15:00+00:00,11,Saturday,5,2025,2025-10,LONG,111552.82,111656.2,111548.16,111645.63,111546.82351868167,111339.5291689563,207.29434972537274,1.2100897290970427,0.5767871066911928,1.7868768357882354,56.53192835420588,6.531928354205881,39.157495020184236,24.35412969274722,15.652801873490642,8.70132781925658,171.30494106420835,0.1534363154780069,6.416464891041162,2025-10-25 10:00:00+00:00,111586.2,110632.4635418763,109475.33929652485,106.71292342728702,0.09747667749925346,79.90196078431373,0,EMA20,False,False,0.0,1.2178914965768723,111739.97,111386.51,85.90336912255015,0.9021658644946958,0.6306881712156694,1.1306881712156815,0.2617028320043281,111690.46098821284,111496.76851768074,1.5282729052027135,0.04050229532494869,9.924423646448624,2025-10-25 11:45:00+00:00,2025-10-25 15:00:00+00:00,111690.46098821284,111496.76851768074,112271.53839980914,0.08953316076880855,25.0,-17.341899103858207,-0.6936759641543283,14,Stop loss,False,273.0890117871604,193.69247053209983,24.450522396534886,17.341899103858207,1.4099103131729767,1.0,5,14,True,True,True,True,True,False,False,False,False
exness_native-S07,2,2025-10-25 18:30:00+00:00,2025-10-25 18:15:00+00:00,18,Saturday,5,2025,2025-10,LONG,111447.99,111623.97,111419.46,111609.12,111473.2013697083,111455.12165939767,18.079710310630617,0.12472956376927619,0.9376849060702184,1.0624144698394946,56.36357092971876,6.363570929718762,18.546713430152337,26.09040060970814,18.078916278038694,8.011484331669447,144.9512831141968,0.1298740489255688,0.468384074941452,2025-10-25 17:00:00+00:00,111392.82,110858.85877662522,109616.79526912973,96.3526493509853,0.08789953137602823,73.45971563981043,0,both,True,True,0.3707547015362167,0.2460251377669405,111482.0,111302.77,78.7883233093708,0.9273874138183649,1.4108878211093578,1.910887821109388,0.30244821350293477,111652.96025662284,111375.97461506574,0.9049623644575516,0.13423831070889752,10.354675006448284,2025-10-25 18:30:00+00:00,2025-10-25 21:30:00+00:00,111652.96025662284,111375.97461506574,112483.91718129413,0.08940791249915837,24.956645252240357,-24.764708003860225,-0.9923091727097054,13,Stop loss,False,96.1897433771519,276.98564155709755,8.600124159180895,24.764708003860225,0.3472733923549732,1.0,5,13,True,True,False,False,False,False,False,False,False
exness_native-S07,3,2025-10-26 10:45:00+00:00,2025-10-26 10:30:00+00:00,10,Sunday,6,2025,2025-10,LONG,112352.32,112461.54,112196.31,112427.38,112025.92324413502,111791.22748468889,234.69575944612734,1.1111706274002324,1.9007030904235633,3.0118737178237955,64.97491185758233,14.974911857582327,39.435960380842985,31.918704907854274,9.096895428435097,22.821809479419176,211.21486984878004,0.18786782174304875,21.545157780195865,2025-10-26 09:00:00+00:00,112549.15,111245.9686622839,109918.98331130263,99.86194654268911,0.09085050055445756,76.65198237885463,4,EMA20,False,False,0.0,1.9178693034308019,112815.26,111721.45,28.299966067186528,0.8712061229876354,1.2557354517221642,1.7557354517221466,0.36173103732916356,112503.78297396975,112132.94553904537,1.1522922676064644,0.10012418441318686,8.483221925540228,2025-10-26 10:45:00+00:00,2025-10-26 12:00:00+00:00,112503.78297396975,113616.2952787429,113616.2952787429,0.06713112306827117,24.894733482230706,74.68420044669212,3.0,6,Take profit,False,1112.5123047731468,72.02297396975337,74.68420044669212,4.834983129306404,3.0,0.1942171075162345,6,2,True,True,True,True,True,True,True,True,True
exness_native-S07,4,2025-10-26 16:45:00+00:00,2025-10-26 16:30:00+00:00,16,Sunday,6,2025,2025-10,LONG,113395.02,113640.62,113308.11,113637.53,113408.38676454438,112849.16894791953,559.2178166248486,2.022230527820652,0.8286224655335005,2.8508529933541524,59.668951634631306,9.668951634631306,50.993160877656265,25.093184172387694,11.720190921743395,13.3729932506443,276.5351471711363,0.24334843178229615,31.071049840933192,2025-10-26 15:00:00+00:00,113685.78,111707.89327732002,110121.33454672214,176.83534796978347,0.16058227835475058,98.71244635193133,0,EMA20,True,False,0.36261851547689405,1.6596120123437579,113745.44,113274.0,72.9331448678231,0.9907070464046298,1.2024149675058047,1.7024149675058247,0.2111739864954286,113695.92702943423,113225.14945584866,1.4082269761138755,0.24386622828479337,6.425813835837126,2025-10-26 16:45:00+00:00,2025-10-26 21:15:00+00:00,113695.92702943423,113225.14945584866,115108.25975019093,0.053276632937972,25.081443983347434,-25.081443983347434,-1.0,19,Stop loss,False,117.3529705657711,470.77757358556846,6.25217113701322,25.081443983347434,0.24927476827746775,1.0,8,19,True,False,False,False,False,False,False,False,False
exness_native-S07,5,2025-10-27 16:30:00+00:00,2025-10-27 16:15:00+00:00,16,Monday,0,2025,2025-10,LONG,115251.18,115406.65,115162.0,115328.11,115114.70331938821,115076.35809829333,38.34522109487443,0.11895627602211979,0.6620398390978108,0.7809961151199306,55.62365179043689,5.623651790436888,23.876038117843308,18.46637841679368,17.371207118408407,1.0951712983852744,322.3471882033713,0.279504440160661,48.16955684007707,2025-10-27 15:00:00+00:00,114968.73,113667.0370881474,111114.30964416546,203.49619445115968,0.18314130295444367,94.55252918287937,0,both,False,False,0.0,0.26568217388213544,115363.58,114759.48,31.444921316169793,0.6789699570815636,0.7589642750215108,1.2589642750214975,0.4436503337837013,115471.11943764066,115065.29584353899,1.6980128498653522,0.14404310761153258,7.996701175843778,2025-10-27 16:30:00+00:00,2025-10-27 19:00:00+00:00,115471.11943764066,115065.29584353899,116688.59021994569,0.0616492996883785,25.01874037338907,-25.01874037338907,-1.0,11,Stop loss,False,335.5905623593426,405.82359410167555,20.688923151482584,25.01874037338907,0.8269370417020734,1.0,7,11,True,True,True,True,False,False,False,False,False
exness_native-S07,6,2025-10-28 13:15:00+00:00,2025-10-28 13:00:00+00:00,13,Tuesday,1,2025,2025-10,LONG,114443.25,114861.4,114443.25,114749.47,114395.95350167657,114338.45790617338,57.495595503191,0.2801781058157311,1.7226986173118435,2.0028767231275744,64.23148799111571,14.231487991115713,20.162925097694373,31.82811386610121,15.014329335164101,16.813784530937106,205.21087947180632,0.17883383641929354,17.93041926851026,2025-10-28 12:00:00+00:00,114440.79,114063.57373377593,111737.4948570914,139.55492772898288,0.12489534323949993,79.13669064748201,0,EMA20,False,False,0.0,0.5106556440688866,114507.95,114127.83,73.23209374626461,0.732320937462646,2.0376599967617377,2.5376599967617057,0.7454389177030228,114902.44217589435,114381.68673615846,1.307294530171129,0.033441234993493225,10.681591699933794,2025-10-28 13:15:00+00:00,2025-10-28 14:45:00+00:00,114902.44217589435,114381.68673615846,116464.70849510202,0.04792305873004901,24.956193522455596,-24.956193522455596,-1.0,7,Stop loss,False,1201.6978241056495,520.7554397358908,57.58903540038715,24.956193522455596,2.3076049377709986,1.0,5,7,True,True,True,True,True,True,True,False,False
exness_native-S07,7,2025-10-28 16:30:00+00:00,2025-10-28 16:15:00+00:00,16,Tuesday,1,2025,2025-10,LONG,114848.67,115147.74,114653.27,115062.87,114874.84846610337,114647.14710571793,227.70136038544297,0.5566924120570094,0.45968175616688695,1.0163741682238963,54.30583309241891,4.305833092418908,22.780514037309246,22.68702445792627,26.83620501413026,-4.149180556203991,409.02544287261577,0.3554799588021885,76.98412698412699,2025-10-28 15:00:00+00:00,114618.03,114175.98959167293,111835.88631363856,151.9217990720208,0.1358435150645323,82.91814946619218,0,both,True,False,0.5417229416028663,0.014969470454143086,115400.33,114502.54,43.319109349403725,0.8283616801828024,1.2088979026030802,1.7088979026030655,0.4074932048333139,115229.54508857452,114530.56236713822,1.7203925453943965,0.019913481015224624,10.205631198902877,2025-10-28 16:30:00+00:00,2025-10-28 19:15:00+00:00,115229.54508857452,114530.56236713822,117326.49325288343,0.03561433247948745,24.89380303864946,-24.89380303864946,-1.0,12,Stop loss,False,368.73491142547573,698.9827214363031,13.132247732301249,24.89380303864946,0.5275307959941865,1.0,4,12,True,True,True,False,False,False,False,False,False
exness_native-S07,8,2025-11-02 16:00:00+00:00,2025-11-02 15:45:00+00:00,15,Sunday,6,2025,2025-11,SHORT,110257.24,110326.49,110060.58,110104.69,110465.38628874609,110469.91580511001,-4.5295163639239036,0.018253862995856386,1.4535990399162784,1.4718529029121348,37.873085586199466,12.126914413800534,22.30618032229293,16.386073768219887,29.026561418403322,12.640487650183434,248.14015339942566,0.2253674692689527,31.63771712158809,2025-11-02 14:00:00+00:00,110397.01,110230.37281986285,110759.33587487043,-5.892456396119087,0.005320053925545426,3.0,0,both,False,False,0.0,0.5780032096584338,110545.37,110170.86,57.36903463577936,0.16588319356173142,1.0716121367587539,1.5716121367587743,0.37776244350506116,110010.95196932011,110400.93204601984,1.066650901569528,0.017538084737102045,12.807903812098058,2025-11-02 16:00:00+00:00,2025-11-02 23:00:00+00:00,110010.95196932011,110400.93204601984,108841.01173922095,0.06367394134899039,24.831568531052834,-24.831568531052834,-1.0,29,Stop loss,False,599.3319693201192,389.9800766997214,38.16182866306418,24.831568531052834,1.5368271486894332,1.0,27,29,True,True,True,True,True,True,False,False,False
exness_native-S07,9,2025-11-03 09:30:00+00:00,2025-11-03 09:15:00+00:00,9,Monday,0,2025,2025-11,SHORT,107782.44,107782.44,107270.32,107360.88,107694.51715455402,108443.30430807304,-748.7871535190206,1.9439886820468062,0.8661831994782406,2.8101718815250467,39.32394768347893,10.676052316521073,44.93681683388913,16.558731910984907,23.769017830018136,7.210285919033229,385.18081943287353,0.3587720400884135,74.07847800237812,2025-11-03 08:00:00+00:00,107564.75,109592.74189311203,110494.27419031582,-148.69242356574978,0.1345702523097634,85.16746411483254,0,EMA20,True,False,0.22826382054910013,1.715724861497706,107895.02,106945.04,82.31664453643707,0.17683355463562933,1.3295573771145264,1.829557377114512,0.4351103570871798,107193.28383611343,107897.99424582986,1.8332259355098226,0.2398608707801777,6.714345533973033,2025-11-03 09:30:00+00:00,2025-11-03 11:45:00+00:00,107193.28383611343,107897.99424582986,105079.15260696415,0.035148465622485095,24.769489609725202,-24.769489609725202,-1.0,10,Stop loss,False,477.5438361134293,704.7104097164265,16.784933106862525,24.769489609725202,0.6776454973974225,1.0,6,10,True,True,True,False,False,False,False,False,False
exness_native-S07,10,2025-11-04 13:00:00+00:00,2025-11-04 12:45:00+00:00,12,Tuesday,1,2025,2025-11,SHORT,103997.74,104036.01,103854.57,103919.29,104234.6902876204,104951.59447381341,-716.9041861930164,1.8294221908428343,0.8048499315299419,2.634272122372776,40.10914003535414,9.890859964645863,30.42794949291725,16.52432534120956,25.438295024534707,8.913969683325146,391.87465298140444,0.3770951985732432,74.38616071428571,2025-11-04 11:00:00+00:00,104542.23,107164.73309965372,109472.94947899895,-274.82852696643386,0.25104697395511055,99.7752808988764,1,EMA20,False,False,0.0,2.3364217788713817,104658.89,103775.57,43.23743386244319,0.3567019400352236,0.463005194695758,0.9630051946957637,0.365154851194373,103776.19506940372,104153.57239589441,3.0606319036985528,0.17149630341060962,9.566680653756574,2025-11-04 13:00:00+00:00,2025-11-04 13:30:00+00:00,103776.19506940372,104153.57239589441,102644.06308993165,0.06547178156001454,24.707565885700888,-24.70756588570089,-1.0000000000000002,3,Stop loss,False,258.3350694037217,377.3773264906922,16.913657233291666,24.70756588570089,0.6845537642815788,1.0,2,3,True,True,True,False,False,False,False,False,False
exness_native-S07,11,2025-11-04 14:00:00+00:00,2025-11-04 13:45:00+00:00,13,Tuesday,1,2025,2025-11,SHORT,104153.95,104153.95,103835.0,103881.24,104118.4250169064,104792.68066878928,-674.2556518828787,1.6827603315909057,0.5919498584598223,2.274710190050728,42.86825493754971,7.1317450624502925,28.674326232874247,16.27582545796285,23.4712772382264,7.19545178026355,400.6843037745178,0.3857138245312799,76.05790645879733,2025-11-04 12:00:00+00:00,103919.29,107037.46082123593,109417.68918567558,-277.40207396179903,0.2535258019304936,100.0,0,EMA20,True,False,0.0886607804671706,1.594099551123735,104199.44,103517.86,85.50242984793678,0.14497570152063227,0.7960132128846352,1.2960132128846473,0.31540257395765453,103754.86313924509,104274.15529113235,3.108581054984947,0.17387120596802333,9.66518455990205,2025-11-04 14:00:00+00:00,2025-11-04 14:45:00+00:00,103754.86313924509,104274.15529113235,102196.98668358331,0.04746036866033222,24.645796970986634,-24.645796970986634,-1.0,4,Stop loss,False,904.6931392450933,519.2921518872608,42.937069913045406,24.645796970986634,1.7421660157142211,1.0,3,4,True,True,True,True,True,True,False,False,False
exness_native-S07,12,2025-11-04 16:00:00+00:00,2025-11-04 15:45:00+00:00,15,Tuesday,1,2025,2025-11,SHORT,104074.72,104074.72,103125.73,103155.26,104016.44841837564,104560.84009163022,-544.3916732545767,1.0074082266183075,1.5936472579629841,2.6010554845812917,37.42930800184275,12.570691998157251,25.202469278813638,15.603593371769733,30.547951333979178,14.944357962209445,540.3883538672341,0.523859233031097,94.29046563192904,2025-11-04 14:00:00+00:00,104460.75,106817.49382998365,109313.82551080268,-266.51827902678633,0.24381022051089804,98.88392857142857,0,EMA20,True,False,0.1078327858240161,0.8995754407942915,104805.48,102850.17,96.888270687784,0.031117293122160057,1.75612592908166,2.25612592908165,0.25464588529466115,103017.65232922655,104236.83650616017,2.89842577741932,0.11369584644091145,9.273598344981172,2025-11-04 16:00:00+00:00,2025-11-04 21:30:00+00:00,103017.65232922655,99360.0997984257,99360.0997984257,0.020164453364536854,24.584182478559168,73.7525474356775,3.0,23,Take profit,False,3657.552530800851,119.34767077345168,73.7525474356775,2.4065805414773647,3.0,0.09789142037064841,23,2,True,True,True,True,True,True,True,True,True
exness_native-S07,13,2025-11-06 12:15:00+00:00,2025-11-06 12:00:00+00:00,12,Thursday,3,2025,2025-11,SHORT,103198.34,103312.28,102946.33,102990.69,103116.60210154892,103233.20053840119,-116.59843685226224,0.393815497793988,0.42527274197170106,0.8190882397656891,44.875531541650226,5.124468458349774,19.864556065722326,15.159765405221695,24.417281137116255,9.25751573189456,296.07376425103763,0.2874762410573593,44.724886420999496,2025-11-06 11:00:00+00:00,103197.22,103591.36006291887,106907.66125600219,-195.73092903425277,0.18308409961897257,87.82961460446246,0,both,True,True,0.660909280314218,0.26709378252022997,103292.14,102707.65,56.74272441590267,0.12121874573029358,1.2360095495989716,1.736009549598993,0.349827527313061,102887.11524714979,103401.10212927531,2.123333625794566,0.058167440964783386,13.679931888714984,2025-11-06 12:15:00+00:00,2025-11-06 13:15:00+00:00,102887.11524714979,103401.10212927531,101345.15460077322,0.04818909724839934,24.76856384714836,-24.76856384714836,-1.0,5,Stop loss,False,538.8652471497917,513.9868821255222,25.96742979868406,24.76856384714836,1.0484027236675542,1.0,3,5,True,True,True,True,True,False,False,False,False
exness_native-S07,14,2025-11-06 14:30:00+00:00,2025-11-06 14:15:00+00:00,14,Thursday,3,2025,2025-11,SHORT,102977.64,103089.96,102706.48,102837.17,103026.272840379,103145.47011870542,-119.19727832642093,0.3095034983716337,0.4910178442919953,0.8005213426636291,45.333225237172336,4.666774762827664,20.24778278936088,18.869331060184464,25.999546816102423,7.130215755917959,385.1241713051521,0.3744989980812892,70.0502512562814,2025-11-06 13:00:00+00:00,103278.11,103538.46998503199,106828.25985294777,-197.39455015186104,0.18477746471166004,88.48484848484848,0,both,True,False,0.16536785890426203,0.14413563946737168,103578.6,102512.05,36.63033274225444,0.3408000417231635,0.9957308020954133,1.4957308020954194,0.5393450988991508,102629.45516573897,103205.49725139156,2.181679497236746,0.011380429584796351,14.739714987302468,2025-11-06 14:30:00+00:00,2025-11-06 16:30:00+00:00,102629.45516573897,100901.3289087812,100901.3289087812,0.042890342655330004,24.70664243753049,74.11992731259147,3.0,9,Take profit,False,1728.1262569577666,266.2648342610337,74.11992731259147,11.420189978520387,3.0,0.46223156413890576,9,4,True,True,True,True,True,True,True,True,True
exness_native-S07,15,2025-11-06 18:15:00+00:00,2025-11-06 18:00:00+00:00,18,Thursday,3,2025,2025-11,SHORT,101734.37,101734.37,101227.1,101330.85,101824.12102279263,102428.56989566694,-604.4488728743017,1.026014701892738,0.8372971546729181,1.863311856565656,40.893105167712385,9.106894832287615,28.17212258906398,16.377279559214845,24.897263933706647,8.519984374491802,589.1230133050202,0.5813856424820478,94.81296758104737,2025-11-06 17:00:00+00:00,101736.62,103257.027430192,106624.94665833426,-238.99309263308533,0.22414369256278038,93.5871743486974,0,EMA20,False,False,0.0,1.1783615305951682,101931.0,100263.84,79.54738107910933,0.20452618920890678,0.8610595555487983,1.3610595555487914,0.376109229578303,101109.275397339,101911.1069039915,2.562344586886635,0.13793380116971424,8.774647561714294,2025-11-06 18:15:00+00:00,2025-11-06 18:45:00+00:00,101109.275397339,101911.1069039915,98703.78087738152,0.03104385653256682,24.89194225581197,-24.89194225581197,-1.0,3,Stop loss,False,255.65539733901096,801.8315066524956,7.936529476768621,24.89194225581197,0.31883930129701055,1.0,1,3,True,True,False,False,False,False,False,False,False
exness_native-S07,16,2025-11-07 09:45:00+00:00,2025-11-07 09:30:00+00:00,9,Friday,4,2025,2025-11,SHORT,100960.79,101085.74,100788.32,100890.49,101615.39920385349,101705.54331989112,-90.1441160376271,0.28828127564697054,2.3182627907503535,2.606544066397324,32.51888749874695,17.48111250125305,18.215647743841192,11.970560729329316,31.782498761996017,19.811938032666703,312.69500884274447,0.30993506805521953,50.07256894049347,2025-11-07 08:00:00+00:00,101442.72,102518.91286628271,105923.76078634946,-206.17997148672293,0.19464940628627456,87.93774319066148,4,both,False,False,0.0,1.982133716124698,101917.36,100907.69,23.636608163536,0.3435209468092222,0.9511504552014514,1.4511504552014445,0.5267401049288039,100725.78099823146,101179.54850265283,2.6807477525509027,0.10219193557560825,12.260172135844199,2025-11-07 09:45:00+00:00,2025-11-07 10:00:00+00:00,100725.78099823146,101179.54850265283,99364.47848496736,0.05471901834802956,24.82971240017244,-24.82971240017244,-1.0,2,Stop loss,False,5.740998231471167,453.76750442136836,0.314141787563876,24.82971240017244,0.012651849626808176,1.0,1,2,True,False,False,False,False,False,False,False,False
exness_native-S07,17,2025-11-08 12:45:00+00:00,2025-11-08 12:30:00+00:00,12,Saturday,5,2025,2025-11,SHORT,101951.16,102050.88,101845.01,101845.01,102199.23365633439,102356.80469405992,-157.5710377255309,0.5919954573800263,1.33082067918961,1.9228161365696363,38.98091267169019,11.019087328309809,22.41411472835871,12.664396211531434,26.72394376666783,14.059547555136396,266.16933586431145,0.261347449290163,33.97701149425287,2025-11-08 11:00:00+00:00,101807.12,102330.64960477204,105024.03265678848,-142.4352156267414,0.13562154492030426,68.57670979667283,3,both,False,False,0.0,1.149361150361312,102592.45,101656.76,51.561665128480904,0.0,0.7734549862083244,1.273454986208321,0.20000000000000961,101791.77613282713,102130.7308007593,2.262473412704341,0.12730322971556243,7.503174528523724,2025-11-08 13:00:00+00:00,2025-11-08 13:30:00+00:00,101791.77613282713,102130.7308007593,100774.91212903064,0.07307065062791457,24.767638119172005,-24.76763811917201,-1.0000000000000002,3,Stop loss,False,135.796132827134,338.95466793216474,9.922711778433388,24.76763811917201,0.40063213660863634,1.0,1,3,True,True,False,False,False,False,False,False,False
exness_native-S07,18,2025-11-08 14:00:00+00:00,2025-11-08 13:45:00+00:00,13,Saturday,5,2025,2025-11,SHORT,101938.51,101953.1,101734.2,101764.39,102092.29600999482,102280.07224235435,-187.77623235952342,0.6946427745734868,1.2130264715611914,1.9076692461346783,39.339395601185764,10.660604398814236,27.06875682455798,11.292628147351575,25.77868915943519,14.486061012083614,270.32057228957535,0.2656337568471401,35.22935779816514,2025-11-08 12:00:00+00:00,102003.65,102317.82609085941,104993.97909801446,-143.83794979960658,0.13699637925459546,70.11070110701108,0,EMA20,False,False,0.0,1.2095721741964955,102149.21,101655.98,79.54317039743646,0.13791685701233952,0.8097792859269202,1.3097792859269288,0.31168221398873014,101680.13588554208,102034.19617168688,2.2397659277292137,0.0903300682307208,7.666078359098895,2025-11-08 14:00:00+00:00,2025-11-08 14:45:00+00:00,101680.13588554208,102034.19617168688,100617.95502710769,0.06977828350330788,24.705719023874074,-24.705719023874078,-1.0000000000000002,4,Stop loss,False,274.05588554208225,354.06028614479874,19.12314927710551,24.705719023874078,0.7740373497580088,1.0,2,4,True,True,True,True,False,False,False,False,False
exness_native-S07,19,2025-11-08 15:00:00+00:00,2025-11-08 14:45:00+00:00,14,Saturday,5,2025,2025-11,SHORT,101880.03,102052.83,101762.72,101792.36,101977.61670023568,102200.03163961522,-222.41493937953783,0.7864840762332177,0.6550883909027478,1.4415724671359655,42.91531071078293,7.084689289217067,29.163239683629907,16.211616912615785,25.111877804802532,8.900260892186747,282.7964940431733,0.27781701302845646,38.96520146520147,2025-11-08 13:00:00+00:00,101764.39,102296.12271474728,104961.84388310884,-148.5469254234922,0.14152469119056452,71.27071823204419,0,EMA20,True,False,0.2659626316047531,0.5205214446284646,102149.21,101406.08,30.219571886525138,0.1021681431181254,1.02586137420682,1.5258613742068146,0.30481035169929643,101706.16070119137,102137.66894821296,2.203643950045657,0.0654645284643795,8.979337923139312,2025-11-08 15:15:00+00:00,2025-11-08 18:45:00+00:00,101706.16070119137,102137.66894821296,100411.63596012662,0.057111202152948896,24.64395472631439,-24.64395472631439,-1.0,15,Stop loss,False,254.86070119137003,431.5082470215857,14.555401026582636,24.64395472631439,0.5906276483717376,1.0,2,15,True,True,True,False,False,False,False,False,False
exness_native-S07,20,2025-11-13 15:30:00+00:00,2025-11-13 15:15:00+00:00,15,Thursday,3,2025,2025-11,SHORT,102829.04,102976.84,102032.17,102170.99,102644.96774495867,102702.76965951275,-57.801914554074756,0.1026764081010284,0.8419501801562855,0.9446265882573139,42.55956368357024,7.440436316429761,20.979384156408305,16.89703446108309,17.455504664997907,0.5584702039148155,562.9522460232597,0.5509903016729697,94.41110277569392,2025-11-13 14:00:00+00:00,102847.02,103132.8581913956,104046.0311732437,-62.64989328943193,0.06021363100829441,36.596385542168676,0,both,True,True,0.5895211492372483,0.4868447411362199,103453.19,101700.31,69.65924608593367,0.14695078704733636,1.6780641815948398,2.1780641815948356,0.4465928522013095,101919.57955079534,103145.72567380697,2.9763114513879345,0.057564028732820245,12.824412477286455,2025-11-13 15:30:00+00:00,2025-11-13 18:30:00+00:00,101919.57955079534,98241.14118176047,98241.14118176047,0.020048462722469115,24.582344839498607,73.74703451849582,3.0,13,Take profit,False,3678.438369034877,0.0,73.74703451849582,0.0,3.0,0.0,13,0,True,True,True,True,True,True,True,True,True
exness_native-S07,21,2025-11-14 18:45:00+00:00,2025-11-14 18:30:00+00:00,18,Friday,4,2025,2025-11,SHORT,95987.36,96124.26,95191.91,95321.96,96218.08442146867,96655.76197111832,-437.6775496496557,0.6694645999500807,1.3706976238653996,2.0401622238154804,38.60703840744149,11.392961592558507,26.217681163044787,13.41833817147343,26.42456992997495,13.00623175850152,653.7725066901097,0.6858571799091308,98.95495495495496,2025-11-14 17:00:00+00:00,95788.53,99434.87100792583,102579.31839668317,-326.32922226200753,0.31812379665076734,97.82923299565847,3,EMA20,False,False,0.0,0.8129769387354498,97066.85,95526.35,71.36804847964825,0.13948624443610674,1.426107691068643,1.9261076910686274,0.39892240598860185,95061.15549866199,96320.39175200702,3.5276580848676824,0.1278884620510499,9.580812692136936,2025-11-14 18:45:00+00:00,2025-11-15 02:45:00+00:00,95061.15549866199,96320.39175200702,91283.44673862688,0.01966804272034301,24.766712425794843,-24.766712425794843,-1.0,33,Stop loss,False,1150.5954986619909,1259.236253345036,22.629961421518406,24.766712425794843,0.9137248833215755,1.0,18,33,True,True,True,True,False,False,False,False,False
exness_native-S07,22,2025-11-16 18:45:00+00:00,2025-11-16 18:30:00+00:00,18,Sunday,6,2025,2025-11,SHORT,94774.14,94774.14,94082.6,94112.85,94733.86946032598,95178.8487270704,-444.97926674442715,0.9371021577777945,1.3078332403017727,2.2449353980795674,38.46498459581135,11.535015404188648,35.69715861083052,19.280242980391797,28.491598393908177,9.21135541351638,474.84605925957175,0.504549654228484,88.54166666666666,2025-11-16 17:00:00+00:00,94302.02,96134.262637682,99926.67349423537,-265.3378666782519,0.26553257243528566,92.08333333333333,0,both,True,False,0.08480756845031877,0.8522945893274757,95512.66,93674.57,95.62570494837604,0.043742950516239526,1.4563456651157916,1.9563456651158004,0.26370485636370355,93987.63078814809,94916.59381777787,2.2035814804698233,0.13879536691713903,9.846254671881788,2025-11-16 18:45:00+00:00,2025-11-17 00:30:00+00:00,93987.63078814809,94916.59381777787,91200.74169925874,0.02659394922807194,24.704795644730357,-24.704795644730357,-1.0,24,Stop loss,False,1081.3907881480845,928.9630296297837,28.75845171571486,24.704795644730357,1.16408377261154,1.0,18,24,True,True,True,True,True,False,False,False,False
exness_native-S07,23,2025-11-17 15:15:00+00:00,2025-11-17 15:00:00+00:00,15,Monday,0,2025,2025-11,SHORT,94687.13,94933.76,94085.53,94357.75,94805.06152703948,94989.27939978421,-184.21787274473172,0.32721126620593327,0.7945231858904023,1.1217344520963355,41.78852211677051,8.211477883229492,24.396446730426042,24.941147026260523,21.1494842275523,-3.7916627987082236,562.9936734170778,0.5966586458632999,95.03472222222223,2025-11-17 14:00:00+00:00,94685.61,95423.85839054186,98960.08489360359,-204.84744810246048,0.2070000731332245,80.41666666666667,0,both,True,False,0.22859665931836287,0.09861460688757041,95954.86,93477.1,38.83144901736631,0.32092710703465155,1.5066421525692864,2.0066421525692855,0.6835223073605208,93972.93126531658,95102.65810202512,3.013240938994315,0.050502557714445846,14.027258234873495,2025-11-17 15:15:00+00:00,2025-11-18 02:45:00+00:00,93972.93126531658,90583.75075519098,90583.75075519098,0.021813267468635298,24.643033655618535,73.9291009668556,3.0,47,Take profit,False,3389.180510125603,634.6387346834235,73.9291009668556,13.84354446560579,3.0,0.5617629979760834,47,2,True,True,True,True,True,True,True,True,True
exness_native-S07,24,2025-11-20 14:45:00+00:00,2025-11-20 14:30:00+00:00,14,Thursday,3,2025,2025-11,SHORT,91354.5,91590.03,90753.17,90926.32,91540.48713132019,91650.43442013852,-109.94728881833726,0.23449021777644471,1.3098657176745598,1.5443559354510046,39.51327277890194,10.486727221098057,19.519872766196457,14.489911790431998,22.01687979845578,7.526968008023781,468.87793384693515,0.5156679978326794,84.89583333333334,2025-11-20 13:00:00+00:00,91430.83,91781.43812723897,95216.21425941474,-180.093860473964,0.18914200892644373,68.19444444444444,2,both,True,False,0.1056626151572844,0.1288276026191603,92438.25,90354.14,51.1650694261875,0.20690438066105277,1.7848142119505093,2.284814211950506,0.5692858791186762,90659.3944132306,91730.69338015407,3.281070919708144,0.03645007345493707,8.958955069468198,2025-11-20 14:45:00+00:00,2025-11-20 16:45:00+00:00,90659.3944132306,87445.4975124602,87445.4975124602,0.023175469383057257,24.82785640803567,74.48356922410701,3.0,9,Take profit,False,3213.8969007704,418.87558676939807,74.48356922410701,9.707638336484328,3.0,0.39099784439475005,9,2,True,True,True,True,True,True,True,True,True
exness_native-S07,25,2025-11-21 07:15:00+00:00,2025-11-21 07:00:00+00:00,7,Friday,4,2025,2025-11,SHORT,85465.21,85648.75,85327.37,85402.03,85920.04191831354,86738.17485465638,-818.1329363428376,1.9231923507926956,1.2176952114571487,3.1408875622498442,35.746061646560364,14.253938353439636,44.97830368076514,7.438321357798171,26.16817685317679,18.72985549537862,425.4035931484555,0.49811883060444295,81.97916666666667,2025-11-21 06:00:00+00:00,85460.95,89335.96276844283,93928.28481933425,-421.3691048602923,0.44860725996516587,100.0,3,EMA20,False,False,0.0,2.5609206696949385,86152.72,85420.51,19.658970688906173,0.23231066027756056,0.7554708168340526,1.255470816834051,0.37550392427913926,85242.28928137031,85776.37107794454,3.8599865444600074,0.25692675501923107,6.8691614089263,2025-11-21 07:15:00+00:00,2025-11-21 07:30:00+00:00,85242.28928137031,83640.04389164761,83640.04389164761,0.046835644823590705,25.01406533109594,75.04219599328782,3.0,2,Take profit,False,1602.245389722695,0.0,75.04219599328782,0.0,3.0,0.0,2,0,True,True,True,True,True,True,True,True,True
exness_native-S07,26,2025-11-21 16:00:00+00:00,2025-11-21 15:45:00+00:00,15,Friday,4,2025,2025-11,SHORT,83156.0,83327.27,82650.13,82848.39,83506.53769962904,84151.67244954714,-645.1347499180993,0.7661200055103523,0.7815733369353306,1.547693342445683,43.681831032972354,6.3181689670276455,32.857755182817826,20.686067887428262,28.005871321038143,7.319803433609881,842.0805425754958,1.0164114747136255,99.96527777777777,2025-11-21 14:00:00+00:00,84755.81,87687.76054498258,93110.72189714947,-499.8730728189839,0.5368587662451441,99.44444444444444,0,EMA20,False,False,0.0,0.9790066482544663,85407.06,82712.43,45.42782880940439,0.29279026493781923,0.8041273557146598,1.3041273557146682,0.43544066152344313,82481.7138914849,83579.89416277266,5.426858902763412,0.20882203096359134,7.04073299772825,2025-11-21 16:00:00+00:00,2025-11-21 16:30:00+00:00,82481.7138914849,83579.89416277266,79187.17307762164,0.022948573635844904,25.201670821079162,-25.201670821079162,-1.0,3,Stop loss,False,248.43389148490678,1098.1802712877543,5.701203452380885,25.201670821079162,0.22622323308866843,1.0,1,3,True,False,False,False,False,False,False,False,False
exness_native-S07,27,2025-11-24 12:15:00+00:00,2025-11-24 12:00:00+00:00,12,Monday,0,2025,2025-11,SHORT,86216.02,86216.02,85901.1,85973.77,86305.17901816133,86628.24200867298,-323.06299051165115,0.9540302686285529,0.9786767407855536,1.9327070094141066,40.095126542810156,9.904873457189844,19.33480995100012,16.559632813603102,26.324549868916055,9.764917055312953,338.62970718535365,0.3938756055310284,59.27083333333333,2025-11-24 11:00:00+00:00,86214.77,86379.7184241403,89447.28716869578,-156.1938554092485,0.17462112083362577,53.61111111111111,0,EMA20,False,False,0.0,1.2173238198719052,86387.06,85777.05,76.92429823447267,0.23075701765527326,0.9299833810139476,1.4299833810139388,0.4146001914717256,85833.37405856294,86317.60891215561,3.0554454649762643,0.03042269112194567,14.620053227952734,2025-11-24 12:30:00+00:00,2025-11-24 13:00:00+00:00,85833.37405856294,86317.60891215561,84380.66949778493,0.05191420331997119,25.13866664402646,-25.13866664402646,-1.0,3,Stop loss,False,13.91405856293568,484.23485359267215,0.722337265242229,25.13866664402646,0.028734112093963156,1.0,2,3,True,False,False,False,False,False,False,False,False
exness_native-S07,28,2025-11-25 14:15:00+00:00,2025-11-25 14:00:00+00:00,14,Tuesday,1,2025,2025-11,SHORT,87047.46,87275.31,86789.88,86957.56,87348.8323337615,87517.83018121505,-168.99784745354555,0.5556325958689661,1.2864285893308345,1.8420611851998006,37.62477056891084,12.37522943108916,18.957971264544227,15.188971754097034,26.862125349587696,11.673153595490662,304.15394760857413,0.34977286346187053,44.61805555555556,2025-11-25 13:00:00+00:00,87039.17,87196.43368546465,89033.6610569148,-89.50631251394225,0.10053086827096248,30.833333333333336,1,both,False,False,0.0,0.7973599656419893,87689.19,86829.09,18.51966297921637,0.3454257050450022,1.5960009850824264,2.096000985082427,0.7512997655246154,86729.04921047829,87366.55618428257,2.5150184650311216,0.05626780372636849,7.882380853672857,2025-11-25 14:30:00+00:00,2025-11-25 17:00:00+00:00,86729.04921047829,87366.55618428257,84816.52828906545,0.03933418928388832,25.075819977416394,-25.075819977416394,-1.0,11,Stop loss,False,672.3592104782874,637.5069738042803,26.446704451718666,25.075819977416394,1.0546695771279626,1.0,2,11,True,True,True,True,True,False,False,False,False
exness_native-S07,29,2025-11-25 19:15:00+00:00,2025-11-25 19:00:00+00:00,19,Tuesday,1,2025,2025-11,SHORT,87187.91,87296.73,86717.13,86903.62,87271.15803108651,87342.50917539891,-71.35114431240072,0.1789532902230901,0.9218091816029514,1.1007624718260416,42.636155291596644,7.363844708403356,19.672689280977185,19.619360263555013,25.342996723008216,5.723636459453203,398.7137885168338,0.4587999769363277,72.32638888888889,2025-11-25 18:00:00+00:00,87193.21,87180.84129569505,88939.3925642527,-94.26849266210047,0.10599183325206303,31.805555555555554,0,both,True,False,0.06413615392788481,0.11481713629520528,87933.02,87180.34,49.04934437543348,0.3217563837128942,1.4536743315450211,1.9536743315450031,0.6677289960141849,86637.38724229664,87416.34413655504,2.2568985496753373,0.11432693426713345,9.448301829480556,2025-11-25 19:15:00+00:00,2025-11-25 20:45:00+00:00,86637.38724229664,87416.34413655504,84300.51655952143,0.03211105853461427,25.013130427472852,-25.013130427472852,-1.0,7,Stop loss,False,511.63724229663785,778.956894258401,16.429213435875962,25.013130427472852,0.65682356246906,1.0,2,7,True,True,True,False,False,False,False,False,False
exness_native-S07,30,2025-11-27 17:00:00+00:00,2025-11-27 16:45:00+00:00,16,Thursday,3,2025,2025-11,LONG,91270.09,91472.28,91209.97,91438.59,91083.80243614502,91008.36657034242,75.43586580260308,0.26929056102515736,1.2665187984355042,1.5358093594606614,61.64799148040283,11.64799148040283,27.827769720594805,19.962281753673146,12.894995749502947,7.0672860041701995,280.1281467698966,0.3063565905488007,26.631944444444443,2025-11-27 15:00:00+00:00,90944.38,89453.38762851075,89072.70179776078,97.6791667866928,0.10966229250401877,37.083333333333336,2,both,False,False,0.0,0.7196828736499057,91552.99,90754.21,64.23697152224524,0.8715641797872646,0.9363928724215809,1.4363928724216146,0.32026638661084894,91528.30562935398,91125.93155596903,2.3790977350001326,0.24826244622506066,6.872683410582287,2025-11-27 17:15:00+00:00,2025-11-27 22:45:00+00:00,91528.30562935398,91125.93155596903,92735.42784950885,0.06200846240292842,24.95059760140417,-24.95059760140417,-1.0,23,Stop loss,False,306.1343706460175,402.3740733849554,18.98292161244773,24.95059760140417,0.7608203184431707,1.0,7,23,True,True,True,True,False,False,False,False,False
exness_native-S07,31,2025-11-28 15:00:00+00:00,2025-11-28 14:45:00+00:00,14,Friday,4,2025,2025-11,LONG,92002.74,92319.74,91818.44,92255.38,91839.74095046367,91577.62332809452,262.1176223691582,0.6745347866935926,1.0696075871833666,1.744142373876959,58.466137793162254,8.466137793162254,25.176030228719082,30.505498226970168,15.201986276946664,15.303511950023504,388.59022179418764,0.42121144782470965,62.361111111111114,2025-11-28 13:00:00+00:00,92363.25,90624.65731252267,89538.84205935971,113.10873004948371,0.12632364619423866,40.416666666666664,4,EMA20,True,False,0.054815971347199406,0.6197188153463932,93115.88,91473.38,50.396967883502484,0.8716138041093153,1.290047901065073,1.7900479010650963,0.3656243425345238,92397.45804435885,91701.86293346174,2.101521503301981,0.12092334827039226,9.631476058630547,2025-11-28 15:00:00+00:00,2025-11-28 16:15:00+00:00,92397.45804435885,91701.86293346174,94484.24337705017,0.03577975278650598,24.88822110740066,-24.888221107400657,-0.9999999999999999,6,Stop loss,False,406.16195564114605,695.5951108971058,14.532374364124015,24.888221107400657,0.5839057079014268,1.0,3,6,True,True,True,False,False,False,False,False,False
exness_native-S07,32,2025-11-30 12:15:00+00:00,2025-11-30 12:00:00+00:00,12,Sunday,6,2025,2025-11,LONG,91062.77,91269.52,91014.18,91239.3,91185.59249403155,91055.56647753365,130.02601649789722,0.7097848005641824,0.29317803036162204,1.0029628309258045,54.023906393140436,4.023906393140436,33.01004458118108,21.24459067852469,14.11468867926901,7.129901999255681,183.1907592196173,0.2007805399861872,9.756944444444445,2025-11-30 11:00:00+00:00,91060.59,90875.60979494237,90048.59440383717,57.840872727596434,0.06423295456251087,21.666666666666668,0,both,True,True,0.9357049163492759,0.22592011578509352,91405.12,90996.77,69.13527061956262,0.8816479987467696,1.3938475995609474,1.8938475995610002,0.3649646528500865,91306.15815184393,90959.2227722341,1.137793150080414,0.07307040290449314,11.052834218778656,2025-11-30 12:15:00+00:00,2025-11-30 21:15:00+00:00,91306.15815184393,90959.2227722341,92346.96429067342,0.07155799613908499,24.826000554632156,-24.82600055463216,-1.0000000000000002,37,Stop loss,False,666.0818481560709,346.9353796098294,47.663482318666716,24.82600055463216,1.9199017664475735,1.0,5,37,True,True,True,True,True,True,False,False,False
exness_native-S07,33,2025-12-01 11:15:00+00:00,2025-12-01 11:00:00+00:00,11,Monday,0,2025,2025-12,SHORT,86637.07,86694.17,86463.88,86470.08,86599.09194013961,87317.07455964017,-717.9826195005589,2.900928922305027,0.5212583958285938,3.422187318133621,43.44952648158679,6.550473518413213,35.01502851355726,14.057792383782818,22.360447763624766,8.302655379841948,247.50093460754724,0.28622725294986107,26.944444444444443,2025-12-01 10:00:00+00:00,86635.59,89446.4479329669,89817.34413592664,-165.16082360976725,0.18388522305872043,57.638888888888886,0,EMA20,True,False,0.38415232658070725,2.5167765957243198,86892.45,86534.32,72.51291849407698,0.02692257588257094,0.930461132864632,1.4304611328645849,0.22505041045531216,86414.3798130785,86768.42028038226,2.6816066416164595,0.30764744357753704,4.261502590673588,2025-12-01 11:15:00+00:00,2025-12-01 12:45:00+00:00,86414.3798130785,85352.25841116723,85352.25841116723,0.06994662429930332,24.763935553245574,74.29180665973671,2.9999999999999996,7,Take profit,False,1062.1214019112667,58.860186921505374,74.29180665973671,4.117071380785303,3.0,0.16625270938591657,7,2,True,True,True,True,True,True,True,True,True
exness_native-S07,34,2025-12-01 14:45:00+00:00,2025-12-01 14:30:00+00:00,14,Monday,0,2025,2025-12,SHORT,86222.66,86658.78,85886.2,86034.58,86132.91261543686,86741.15228145769,-608.2396660208324,1.6383626306537982,0.26487006932671237,1.9032326999805105,45.514678508384314,4.485321491615686,36.2814714951791,23.497935483906506,26.4419160083401,2.943980524433595,371.24849812895866,0.43151079267075937,66.25,2025-12-01 13:00:00+00:00,85961.8,89037.49498809373,89699.55543081595,-181.46604883286636,0.20230429009520418,61.38888888888889,0,EMA20,True,False,1.4164835338417292,0.2218790968120689,86316.91,85654.39,24.34440446296841,0.19205778042403934,2.0810319877216976,2.5810319877216994,0.5996783845532723,85811.9503003742,86770.15454943868,2.8129309118263954,0.31874846875056184,4.19768231241375,2025-12-01 15:00:00+00:00,2025-12-01 22:00:00+00:00,85811.9503003742,86770.15454943868,82937.33755318075,0.02603794033918539,24.949665069894913,-24.949665069894913,-1.0,29,Stop loss,False,2017.080300374204,958.2042490644817,52.52061652048967,24.949665069894913,2.10506298875582,1.0,4,29,True,True,True,True,True,True,True,False,False
exness_native-S07,35,2025-12-04 09:45:00+00:00,2025-12-04 09:30:00+00:00,9,Thursday,3,2025,2025-12,LONG,93389.57,93523.09,93345.95,93490.32,93297.78299241683,93260.56595323491,37.21703918192361,0.1350535515599768,0.6986801543704606,0.8337337059304375,56.55769980921927,6.557699809219272,18.890656056086105,27.129646596828486,11.96226831004786,15.167378286780627,275.5724581252175,0.29476041811089904,24.51388888888889,2025-12-04 08:00:00+00:00,93263.53,91959.28681977707,90294.76660338587,150.72881745841005,0.1669297381546784,48.888888888888886,0,both,False,False,0.0,0.30984245430757196,93643.76,93044.42,56.87591735350589,0.815005080727167,0.6428073444099726,1.1428073444099667,0.3189160927871258,93578.20449162505,93263.27826256244,2.935984279238949,0.03232593854742363,14.389860904382235,2025-12-04 09:45:00+00:00,2025-12-04 10:30:00+00:00,93578.20449162505,93263.27826256244,94522.98317881286,0.07902578004156219,24.887290907220176,-24.887290907220176,-1.0,4,Stop loss,False,49.085508374948404,314.9262290626066,3.8790205880669313,24.887290907220176,0.15586351292826206,1.0,1,4,True,False,False,False,False,False,False,False,False
exness_native-S07,36,2025-12-07 09:30:00+00:00,2025-12-07 09:15:00+00:00,9,Sunday,6,2025,2025-12,SHORT,89391.59,89415.48,89109.33,89189.03,89425.65113898153,89479.34254202833,-53.691403046803316,0.3132607855644153,1.3805585190963576,1.6938193046607728,40.23262450822266,9.767375491777337,18.347916488142957,13.55097182569495,24.932414663824698,11.381442838129749,171.3952257064836,0.19217074757566438,5.833333333333333,2025-12-07 08:00:00+00:00,89315.47,89971.18988263964,90333.4266114748,-42.9189126946585,0.047511662409589844,9.444444444444445,1,EMA20,False,False,0.0,0.372603972865035,89539.18,89184.87,66.16364527192601,0.260329903642001,1.7862224501181836,2.2862224501181765,0.6650071183224767,89075.0509548587,89466.89856771193,1.0718950999941916,0.059479125165132034,11.40787140323788,2025-12-07 09:45:00+00:00,2025-12-07 12:45:00+00:00,89075.0509548587,89466.89856771193,87899.508116299,0.06335389540640197,24.82507267995213,-24.82507267995213,-1.0,13,Stop loss,False,15.830954858698533,391.84761285323475,1.002952658301458,24.82507267995213,0.04040079444002627,1.0,1,13,True,False,False,False,False,False,False,False,False
exness_native-S07,37,2025-12-07 14:15:00+00:00,2025-12-07 14:00:00+00:00,14,Sunday,6,2025,2025-12,SHORT,89063.58,89119.64,88796.97,88818.28,89193.20043372856,89320.35498751726,-127.15455378869956,0.5965041512234837,1.758817033554579,2.3553211847780626,36.142739931247085,13.857260068752915,24.33045610604956,14.482514693332636,30.88943155956077,16.406916866228134,213.16625127904663,0.24000267881684562,16.84027777777778,2025-12-07 13:00:00+00:00,89058.41,89833.79936894802,90278.77066159072,-54.655949884079746,0.06054130941698038,18.61111111111111,2,both,False,False,0.0,0.9415889537528834,89599.13,88623.16,76.0219419220889,0.06604270617038395,1.5137011513966394,2.0137011513966128,0.2999689203714495,88754.3367497442,89183.58987538371,1.2354377982231808,0.10546203657352303,10.390189500837197,2025-12-07 14:15:00+00:00,2025-12-07 15:45:00+00:00,88754.3367497442,89183.58987538371,87466.57737282565,0.05768859565404322,24.763009998252247,-24.763009998252247,-1.0,7,Stop loss,False,1024.116749744193,429.25312563951593,59.07985707852571,24.763009998252247,2.385810815514573,1.0,2,7,True,True,True,True,True,True,True,False,False
exness_native-S07,38,2025-12-10 20:00:00+00:00,2025-12-10 19:45:00+00:00,19,Wednesday,2,2025,2025-12,LONG,92597.17,93134.26,92544.63,92982.66,92450.94432285565,92370.64570836606,80.298614489584,0.15789222017065557,1.0455195185809323,1.2034117387515877,61.765908965809146,11.765908965809146,21.473412139464354,18.4334728913066,9.379697384076154,9.053775507230446,508.56599775970204,0.5469471380574636,84.89583333333334,2025-12-10 18:00:00+00:00,92489.15,91864.91311431372,90961.9181211271,63.27214994230599,0.0695589442804529,26.944444444444443,1,both,False,False,0.0,0.3421075974413611,93270.96,91666.62,65.37828807896676,0.7428896087376935,1.159397212156112,1.659397212156134,0.49809307084589416,93235.97319955194,92392.06020067209,1.9653684094030572,0.06763438450662634,12.872056242070279,2025-12-10 20:00:00+00:00,2025-12-10 20:45:00+00:00,93235.97319955194,92392.06020067209,95767.7121961915,0.029269726270412987,24.701102473256615,-24.701102473256615,-1.0,4,Stop loss,False,1270.2968004480645,843.9129988798522,37.18123963129628,24.701102473256615,1.5052461594194693,1.0,2,4,True,True,True,True,True,True,False,False,False
exness_native-S07,39,2025-12-13 11:45:00+00:00,2025-12-13 11:30:00+00:00,11,Saturday,5,2025,2025-12,SHORT,90465.8,90474.44,90354.96,90376.28,90452.58532186277,90461.60250985854,-9.01718799576338,0.0902798628330967,0.7639669921979353,0.8542468550310319,45.45507894606365,4.544921053936349,25.247263142682172,21.17999554264808,19.324029212756674,-1.8559663298914053,99.88039096197726,0.11051615640959914,0.5555555555555556,2025-12-13 10:00:00+00:00,90603.39,90960.26594340267,90996.9237778053,-28.417689070280176,0.03122928544229692,6.944444444444445,0,EMA50,True,True,0.21880849610958764,0.12852863327649092,90653.98,90464.3,74.92467358554329,0.17843990626040476,1.1962308001525535,1.6962308001525404,0.4134553118450545,90334.98392180761,90504.40411728859,2.256928143477327,0.17744623729363396,6.493601076274431,2025-12-13 11:45:00+00:00,2025-12-13 21:30:00+00:00,90334.98392180761,89826.72333536466,89826.72333536466,0.10910213805274319,24.639349717073472,55.452316668866914,2.250559260110751,40,Take profit,False,508.2605864429497,159.70607819239376,55.452316668866914,17.424274590808743,3.0,0.9426625777345425,40,2,True,True,True,True,True,True,True,True,True
exness_native-S07,40,2025-12-14 07:15:00+00:00,2025-12-14 07:00:00+00:00,7,Sunday,6,2025,2025-12,SHORT,90162.59,90175.96,90141.8,90155.38,90209.78012908579,90230.15923445682,-20.379105371030164,0.21205820384252852,0.5660696803271947,0.7781278841697232,44.1732672031014,5.826732796898597,18.511746534567997,12.980333383392082,22.434665488369408,9.454332104977325,96.1014712081755,0.10659538144942153,0.24305555555555555,2025-12-14 06:00:00+00:00,90161.57,90548.86909714571,90854.56414688363,-31.952313052403042,0.03516863830940411,8.333333333333332,2,both,False,False,0.0,0.5639792375228759,90262.89,90107.57,21.106557377023165,0.39754098360656787,0.35545761756348065,0.8554576175635117,0.34130897091661544,90122.57970575837,90204.79044136246,0.8065829710529283,0.03594573781174035,12.537987588158533,2025-12-14 07:30:00+00:00,2025-12-14 07:45:00+00:00,90122.57970575837,90204.79044136246,89875.94749894609,0.10997457280802829,24.777980508745642,-9.041090528294024,-0.36488407621044333,2,Stop loss,False,34.93970575837011,82.21073560409422,3.842479214814959,9.041090528294024,0.4250017409725021,1.0,1,2,True,True,False,False,False,False,False,False,False
exness_native-S07,41,2025-12-14 09:15:00+00:00,2025-12-14 09:00:00+00:00,9,Sunday,6,2025,2025-12,SHORT,90130.32,90169.17,90080.46,90110.42,90190.05647504938,90215.63139515689,-25.57492010750866,0.2882332532581122,0.897515229177686,1.1857484824357982,41.11795691342538,8.882043086574619,18.333418895539868,15.022508119729588,26.723238056022215,11.700729936292626,88.72994291399951,0.09846801614508012,0.1388888888888889,2025-12-14 08:00:00+00:00,90130.42,90521.78523731137,90841.55640901806,-33.12977721313655,0.036469847636656824,9.027777777777777,1,EMA20,False,False,0.0,0.5236270150869149,90304.26,90119.0,22.432645699482087,0.3377296809829174,0.9997752403151325,1.4997752403151983,0.5376537729662428,90062.7140114172,90195.7889828742,0.7910959740234704,0.0764498872163708,12.297717067953103,2025-12-14 09:30:00+00:00,2025-12-14 11:00:00+00:00,90062.7140114172,89663.48909704621,89663.48909704621,0.10994728752805152,24.755377782424908,43.89369644870924,1.773097418851414,7,Take profit,False,399.22491437099234,72.92598858279234,43.89369644870924,8.018014634979671,3.0,0.5480067948491579,7,4,True,True,True,True,True,True,True,True,True
exness_native-S07,42,2025-12-14 14:30:00+00:00,2025-12-14 14:15:00+00:00,14,Sunday,6,2025,2025-12,SHORT,89360.95,89436.99,89210.1,89284.36,89536.2978729767,89817.29960910717,-281.00173613046354,1.104556609016774,0.9903128944685532,2.094869503485327,39.43697643861026,10.563023561389741,49.01781378651756,11.109826324169898,29.475649351545986,18.365823027376088,254.40229485440182,0.28493489212937384,31.319444444444443,2025-12-14 13:00:00+00:00,89488.85,90359.23309278379,90782.67032917822,-58.8860798398382,0.06486489065183598,29.02777777777778,0,EMA20,False,False,0.0,1.4949142236504613,89574.2,89085.29,33.75644585481806,0.3272951650579354,0.8918551624302442,1.391855162430242,0.4918998825953548,89159.21954102913,89513.31068845633,1.2658499977105921,0.10104764824488013,7.6376671938663145,2025-12-14 14:30:00+00:00,2025-12-14 22:30:00+00:00,89159.21954102913,88096.94609874753,88096.94609874753,0.07022234869246169,24.86511202354668,74.59533607064004,3.0000000000000004,33,Take profit,False,1062.2734422815993,251.41045897087315,74.59533607064004,17.654632914784486,3.0,0.7100162226522834,33,8,True,True,True,True,True,True,True,True,True
exness_native-S07,43,2025-12-18 18:30:00+00:00,2025-12-18 18:15:00+00:00,18,Thursday,3,2025,2025-12,SHORT,86670.45,86685.4,86220.95,86349.36,87268.5031869879,87269.06140301154,-0.5582160236372147,0.0008627492476889654,1.4205792372732307,1.4214419865209196,39.96575025465204,10.034249745347957,31.864864882697965,15.663391495558843,27.93754522204927,12.274153726490427,647.0200062561635,0.7493049239231924,97.01388888888889,2025-12-18 17:00:00+00:00,86430.8,87150.24973414007,88555.31398065588,-29.604400618351065,0.03343040557093827,8.194444444444445,4,both,False,False,0.0,0.9020762841457891,87981.13,85407.64,69.13338357196652,0.27647755409625213,0.7178294264615296,1.2178294264615184,0.3984637240863902,86091.54599874877,86879.50600187684,3.6064600947062884,0.0047426095472575935,8.753143470736845,2025-12-18 18:45:00+00:00,2025-12-19 03:15:00+00:00,86091.54599874877,86879.50600187684,83727.66598936456,0.031792984750840844,25.05160036372328,-25.05160036372328,-1.0,35,Stop loss,False,1698.1959987487644,787.9600031280715,53.990719492158405,25.05160036372328,2.155180455869848,1.0,6,35,True,True,True,True,True,True,True,False,False
exness_native-S07,44,2025-12-22 14:00:00+00:00,2025-12-22 13:45:00+00:00,13,Monday,0,2025,2025-12,LONG,89733.09,89950.57,89733.09,89881.45,89803.9506317103,89394.10134515092,409.84928655937256,1.4940822988564264,0.2825195459195405,1.7766018447759668,55.84228209062233,5.8422820906223265,35.93896815672248,21.643804798053125,14.014378946661166,7.629425851391959,274.3150674317419,0.3051965310214087,46.35416666666667,2025-12-22 12:00:00+00:00,90172.34,88567.75304551426,88317.33487124143,75.15604558316409,0.08509772820107707,54.58333333333333,0,EMA20,True,False,0.2583184087324297,1.2357638901239967,90573.04,89683.79,68.21776715099938,0.6821776715099938,0.7928109893348321,1.2928109893348358,0.4519730346828634,90005.43301348636,89650.79547977047,2.0593200050847233,0.18653951547378705,8.386744433370998,2025-12-22 14:00:00+00:00,2025-12-22 14:30:00+00:00,90005.43301348636,89650.79547977047,91069.345614634,0.07046341401311984,24.988971362813974,-24.98897136281397,-0.9999999999999999,3,Stop loss,False,149.8769865136419,354.63753371588245,10.560844151749528,24.98897136281397,0.4226202030654649,1.0,2,3,True,True,False,False,False,False,False,False,False
exness_native-S07,45,2025-12-22 15:00:00+00:00,2025-12-22 14:45:00+00:00,14,Monday,0,2025,2025-12,LONG,89785.48,90269.74,89689.72,90100.5,89850.73284544566,89475.26469615128,375.46814929437824,1.154203003507468,0.7677934879587175,1.9219964914661856,60.294855831092875,10.294855831092875,30.82362929664336,19.467295483420646,19.162842811919962,0.3044526715006839,325.3051223687522,0.36104696685229515,61.25000000000001,2025-12-22 13:00:00+00:00,89881.45,88619.27057314114,88332.89820585595,80.11250284104608,0.09069384619799002,56.52777777777778,0,both,True,False,0.4949594530612394,0.6592435504462286,90168.44,89401.02,54.3119202786114,0.7082169580359228,1.7830029720298033,2.2830029720297786,0.7202500310098366,90334.80102447375,89592.12846328938,2.078447516336212,0.17071202530345442,9.187537889864423,2025-12-22 15:00:00+00:00,2025-12-22 15:00:00+00:00,90334.80102447375,89592.12846328938,92562.81870802687,0.03356324204930308,24.926498934406936,-24.926498934406936,-1.0,1,Stop loss,False,0.0,742.6725611843722,0.0,24.926498934406936,0.0,1.0,0,1,True,False,False,False,False,False,False,False,False
exness_native-S07,46,2025-12-23 14:45:00+00:00,2025-12-23 14:30:00+00:00,14,Tuesday,1,2025,2025-12,SHORT,87608.62,87720.72,87212.85,87372.44,87632.5198701481,87798.3499251393,-165.83005499119463,0.6963315712243195,1.092092893737852,1.7884244649621714,39.36373843852048,10.636261561479522,19.930698319925472,14.527744458427525,26.009101892488967,11.481357434061442,238.14812058517643,0.27256663609849563,35.55555555555556,2025-12-23 13:00:00+00:00,87563.3,88302.75568793264,88312.15196358852,-35.34690686894464,0.04002496381643868,23.75,0,EMA20,True,False,0.3703582864109012,0.3259732848134184,87848.48,87360.55,46.50402662098473,0.31423395750880734,2.132580340134785,2.632580340134811,0.87012915998603,87165.22037588297,87792.16443617556,1.806263646207427,0.2056128132401,7.525036810380531,2025-12-23 14:45:00+00:00,2025-12-23 16:00:00+00:00,87165.22037588297,87792.16443617556,85284.3881950052,0.03965933208692815,24.86418268707092,-24.86418268707092,-1.0,6,Stop loss,False,637.3503758829756,626.9440602925897,25.276890212871415,24.86418268707092,1.016598475445368,1.0,1,6,True,True,True,True,True,False,False,False,False
exness_native-S07,47,2025-12-24 08:00:00+00:00,2025-12-24 07:45:00+00:00,7,Wednesday,2,2025,2025-12,SHORT,87085.35,87123.11,86835.17,86848.46,87049.70479468397,87252.78382279185,-203.07902810788073,0.9798377325449297,0.9709877240738899,1.9508254566188195,40.95905872657535,9.04094127342465,25.773029571423265,11.784211422924132,22.589866154931798,10.805654732007666,207.2578156185353,0.23864305206855166,26.70138888888889,2025-12-24 06:00:00+00:00,86950.97,87831.97687085479,88164.99916177297,-56.93078165788029,0.06457299631276425,46.52777777777778,0,EMA20,True,False,0.3541734003948558,0.6256643321500739,87116.64,86852.45,82.27061193304074,0.04615544905191374,1.3892841586730085,1.8892841586730045,0.2641230342042332,86793.7184368763,87185.28734468557,1.9468714338773376,0.054318411797472835,14.268132199303425,2025-12-24 08:15:00+00:00,2025-12-24 11:00:00+00:00,86793.7184368763,87185.28734468557,85619.01171344849,0.06334012158706472,24.80202223035324,-24.80202223035324,-1.0,12,Stop loss,False,138.81843687630317,391.56890780926915,8.79277667027131,24.80202223035324,0.3545185383920237,1.0,6,12,True,True,False,False,False,False,False,False,False
exness_native-S07,48,2025-12-24 15:15:00+00:00,2025-12-24 15:00:00+00:00,15,Wednesday,2,2025,2025-12,SHORT,86924.48,87148.03,86813.0,86849.99,87096.96827171354,87135.56903390585,-38.60076219230541,0.15092486023837776,0.965658681934323,1.1165835421727008,39.78814034453888,10.211859655461119,24.199982069961308,10.617394885406403,29.809318130284904,19.191923244878502,255.76145726646737,0.2944864556305272,44.79166666666667,2025-12-24 14:00:00+00:00,86937.27,87608.57331172779,88075.96250679373,-47.84026185220864,0.0543170468883817,39.861111111111114,0,both,True,True,0.19964590768364254,0.048721047445264815,87400.66,86351.14,22.2338298062833,0.11040802316212091,1.3099315416041941,1.8099315416042379,0.3446269519862461,86761.8477085467,87224.75843717995,1.8601364823192028,0.003259568089999631,12.637564323341268,2025-12-24 15:15:00+00:00,2025-12-24 16:30:00+00:00,86761.8477085467,87224.75843717995,85373.11552264697,0.053444467031090244,24.740017174777357,-24.740017174777357,-1.0,6,Stop loss,False,252.28770854670438,462.9107286332437,13.483382121773646,24.740017174777357,0.5450029410456538,1.0,1,6,True,True,True,False,False,False,False,False,False
exness_native-S07,49,2025-12-27 12:00:00+00:00,2025-12-27 11:45:00+00:00,11,Saturday,5,2025,2025-12,SHORT,87432.91,87492.53,87389.36,87423.41,87464.83004276529,87475.13887823057,-10.308835465286393,0.1176085026755553,0.47254117371317317,0.5901496763887285,45.565058045666895,4.434941954333105,21.39438010250702,16.487841801494582,20.700849730842503,4.213007929347921,87.65382800361988,0.10026356556398323,1.3194444444444444,2025-12-27 10:00:00+00:00,87443.84,87677.31661779573,87909.67258563147,-22.00261999919894,0.0250286678951813,19.305555555555557,0,both,True,True,0.31601537394999185,0.1984068712744365,87505.65,87304.21,9.20810313075522,0.3300378016865706,1.1770164789122226,1.6770164789122144,0.5884599312490212,87371.82923439928,87518.82614840109,1.7888012787530077,0.13915997153521928,6.175251897233323,2025-12-27 12:00:00+00:00,2025-12-27 15:30:00+00:00,87371.82923439928,87518.82614840109,86930.83849239386,0.11297997236905435,24.678167131840414,-16.607707282260467,-0.6729716673663649,15,Stop loss,False,126.2792343992769,146.99691400180745,14.267024413215642,16.607707282260467,0.8590604452942746,1.0,7,15,True,True,True,True,False,False,False,False,False
exness_native-S07,50,2025-12-28 19:00:00+00:00,2025-12-28 18:45:00+00:00,18,Sunday,6,2025,2025-12,SHORT,87633.2,87647.85,87458.24,87527.95,87725.84084611932,87740.12703483488,-14.286188715559547,0.13225407998865304,1.831970185524864,1.9642242655135171,32.45242980121401,17.54757019878599,25.672234824268227,14.22835353570076,40.36801359030284,26.139660054602075,108.02077876754542,0.12341289698610035,9.583333333333334,2025-12-28 17:00:00+00:00,87680.84,87676.214915865,87839.49416153553,-3.379846773095778,0.0038477530014918914,6.944444444444445,3,EMA50,False,False,0.0,0.854252634425514,87817.11,87414.41,55.508675702758126,0.36764938558088517,1.7553104334493879,2.2553104334493246,0.8453388023613593,87436.6358442465,87680.25623363027,0.6716272024751976,0.021740660949886515,14.730993208691359,2025-12-28 19:15:00+00:00,2025-12-28 22:45:00+00:00,87436.6358442465,87680.25623363027,86705.7746760952,0.10112720009171948,24.636647863634764,-24.636647863634764,-1.0,15,Stop loss,False,84.14584424649365,243.62038938376645,8.509433628001826,24.636647863634764,0.3453973801591037,1.0,8,15,True,True,False,False,False,False,False,False,False
exness_native-S07,51,2025-12-29 08:00:00+00:00,2025-12-29 07:45:00+00:00,7,Monday,0,2025,2025-12,LONG,89451.51,89557.34,89426.41,89510.43,89534.91529542426,88961.50769460232,573.4076008219417,2.516372197445027,0.10745256352293472,2.408919633922092,54.37318780285338,4.37318780285338,46.00434145975643,23.215373109252393,18.145278499538065,5.070094609714328,227.87074241407743,0.2545745142930019,40.208333333333336,2025-12-29 06:00:00+00:00,89677.3,88080.9025183309,87928.24950586329,93.01941436290508,0.10579013557719273,77.77777777777779,0,EMA20,True,False,0.4761703686692918,2.0402018287757353,89896.74,89389.45,45.001145650348576,0.6417169479874284,0.5745801264915017,1.074580126491526,0.4058623213451543,89602.91414848281,89358.04877727578,1.4740014822645748,0.23276416070047978,5.438318512530332,2025-12-29 08:15:00+00:00,2025-12-29 08:45:00+00:00,89602.91414848281,89358.04877727578,90337.51026210393,0.10036150119077926,24.575056243975673,-24.575056243975673,-1.0,3,Stop loss,False,119.30585151718697,244.86537120703724,11.973714359109094,24.575056243975673,0.48723039492714604,1.0,1,3,True,True,False,False,False,False,False,False,False
exness_native-S07,52,2025-12-31 13:15:00+00:00,2025-12-31 13:00:00+00:00,13,Wednesday,2,2025,2025-12,LONG,88659.65,88738.77,88626.79,88703.63,88672.29599531782,88528.66609124075,143.6299040770682,1.0732474726415018,0.2341374628701659,1.3073849355116676,54.83250235839439,4.832502358394393,26.96063542324225,22.325874158181712,15.466143040488214,6.859731117693498,133.8273862630796,0.1508702476585001,15.833333333333332,2025-12-31 12:00:00+00:00,88660.95,88151.69397133753,87955.54217133706,34.76452405921009,0.03952510916422859,42.083333333333336,0,EMA20,True,False,0.3400350002231355,0.7332124724183662,88938.96,88627.34,39.27487051259722,0.6861939632077502,0.8367495108951672,1.3367495108952006,0.4625770478018575,88765.53547725262,88586.64178412106,1.64244943703637,0.09662551186581843,12.015945330296233,2025-12-31 13:15:00+00:00,2025-12-31 14:30:00+00:00,88765.53547725262,88586.64178412106,89302.21655664728,0.11046457826933376,24.513618603365735,-19.761416366820804,-0.8061403208789235,6,Stop loss,False,357.9845227473852,178.89369313155476,39.54460933223862,19.761416366820804,2.00110197559693,1.0,4,6,True,True,True,True,True,True,True,False,False
exness_native-S07,53,2026-01-02 09:00:00+00:00,2026-01-02 08:45:00+00:00,8,Friday,4,2026,2026-01,LONG,88991.98,89093.6,88959.53,89060.69,88802.17187099022,88600.1234431395,202.04842785072105,1.235183074336179,1.580399415915577,2.815582490251756,65.96980632884595,15.969806328845948,27.93514220482305,27.204482801653885,10.708197377852917,16.49628542380097,163.57771738356064,0.1836699416808478,24.6875,2026-01-02 07:00:00+00:00,88762.52,88170.99346158713,87985.56644327674,37.95326025639952,0.0431357798677895,53.05555555555556,2,EMA20,False,False,0.0,2.1971608517910526,89072.31,88702.09,51.249347355860984,0.7545312150369078,0.8196104099291024,1.319610409929121,0.4011887714684418,89126.31554347672,88910.45668478493,0.9276753820847684,0.23666174868572334,9.039704893363442,2026-01-02 09:00:00+00:00,2026-01-02 10:15:00+00:00,89126.31554347672,89773.8921195521,89773.8921195521,0.1097956979968045,24.464215062448684,71.10112217657614,2.9063316356187827,6,Take profit,False,647.5765760753711,141.5155434767221,71.10112217657614,15.537797873423836,3.0,0.6555929385264755,6,2,True,True,True,True,True,True,True,True,True
exness_native-S07,54,2026-01-02 15:45:00+00:00,2026-01-02 15:30:00+00:00,15,Friday,4,2026,2026-01,LONG,89060.63,89727.13,88987.15,89682.92,89278.99519050689,89081.32369384133,197.67149666555633,0.49354387485737067,1.008514727672377,1.5020586025297478,59.055124163169175,9.055124163169175,30.00108385762353,28.130178536269852,17.075686371009436,11.054492165260417,400.5145372793482,0.4465895370928469,85.34722222222221,2026-01-02 14:00:00+00:00,89520.5,88462.50915327466,88078.52000829774,68.69168077608629,0.07798914056414089,75.27777777777777,0,both,True,True,0.7286756493019376,0.23513177444456698,90095.98,88391.5,84.09551609502755,0.9402551420308579,1.847573386540759,2.3475733865407595,0.31038300956645926,89807.23290745588,88866.9956388162,1.5747180116029713,0.18452704444313453,8.534322169740767,2026-01-02 15:45:00+00:00,2026-01-05 01:00:00+00:00,89807.23290745588,92627.94471337493,92627.94471337493,0.026208244120701153,24.641967867890127,73.92590360367039,3.0000000000000004,230,Take profit,False,2820.7118059190543,676.2029074558814,73.92590360367039,17.722090873731627,3.0,0.7191832636396102,230,2,True,True,True,True,True,True,True,True,True
exness_native-S07,55,2026-01-05 08:15:00+00:00,2026-01-05 08:00:00+00:00,8,Monday,0,2026,2026-01,LONG,92481.94,92614.81,92465.08,92590.47,92486.57465010982,92210.34907534947,276.22557476034854,1.4324012125724193,0.5387619350324413,1.9711631476048606,55.705253139445276,5.705253139445276,23.331934166404583,25.91995590354051,20.328587206015552,5.59136869752496,192.84092496981404,0.2082729734170418,37.56944444444444,2026-01-05 07:00:00+00:00,92479.47,91186.04411583926,89456.32372992516,157.4271919219027,0.1759821836600242,96.38888888888889,0,EMA20,True,False,0.11146311454988715,1.320938098022532,92601.9,92310.09,72.48380418086008,0.8374407266413065,0.7764430710101271,1.2764430710101324,0.3262180214277707,92653.37818499396,92407.22772250905,1.3483634200643384,0.14737067411680158,7.18745675749213,2026-01-05 08:15:00+00:00,2026-01-05 08:45:00+00:00,92653.37818499396,92407.22772250905,93391.82957244867,0.10086019086160315,24.826782626899302,-24.826782626899302,-1.0,3,Stop loss,False,81.20181500604667,246.15046248490398,8.190030559818458,24.826782626899302,0.32988690813866195,1.0,1,3,True,True,False,False,False,False,False,False,False
exness_native-S07,56,2026-01-05 09:30:00+00:00,2026-01-05 09:15:00+00:00,9,Monday,0,2026,2026-01,LONG,92378.81,92613.46,92360.65,92582.15,92489.52299193929,92262.08848258993,227.43450934936118,1.1397472767662513,0.46418364782992544,1.6039309245961768,54.6887160868996,4.688716086899603,18.601303774098376,24.530276116225384,22.539164671824498,1.991111444400886,199.5481928192449,0.21553635643506325,40.69444444444444,2026-01-05 08:00:00+00:00,92423.79,91234.58317012008,89485.8507574881,151.74423478834797,0.16957343926872165,95.83333333333334,0,EMA20,True,False,0.6458238990719878,0.4939233776942635,92734.58,92266.91,80.43194493888164,0.8761520509473094,1.2669119996942946,1.7669119996943332,0.3569044527924114,92653.36963856386,92300.78554215422,1.3710476916376395,0.14495907274216074,7.249931978077518,2026-01-05 09:45:00+00:00,2026-01-05 15:15:00+00:00,92653.36963856386,93711.12192779279,93711.12192779279,0.07023775582197472,24.764715670332055,74.29414701099617,3.0,23,Take profit,False,1057.752289228927,297.8596385638666,74.29414701099617,20.92099256267051,3.0,0.8447903396578746,23,20,True,True,True,True,True,True,True,True,True
exness_native-S07,57,2026-01-05 17:45:00+00:00,2026-01-05 17:30:00+00:00,17,Monday,0,2026,2026-01,LONG,93422.73,93865.27,93422.73,93762.71,93405.32239487876,92998.51994560462,406.8024492741388,1.2078765233085365,1.0611541270650202,2.2690306503735567,63.08934484698945,13.089344846989448,33.31291819706361,22.532285791469064,15.554952329380585,6.977333462088479,336.79141983805766,0.3591954838315335,76.875,2026-01-05 16:00:00+00:00,93674.11,91769.35168766326,89768.59856305926,181.3053511566104,0.20196967988672546,97.91666666666666,0,EMA20,False,False,0.0,1.2595631284174273,94074.53,93227.08,76.82469381298961,0.7682469381298961,1.3139883439215836,1.8139883439215876,0.5045208219654471,93932.62828396761,93321.69257404857,1.6585806451197782,0.2185678857027194,7.3376413274401155,2026-01-05 17:45:00+00:00,2026-01-06 07:15:00+00:00,93932.62828396761,93321.69257404857,95765.43541372473,0.040839732614690344,24.950451037859548,-24.950451037859548,-1.0,55,Stop loss,False,883.6417160323908,610.9357099190383,36.087691409948974,24.950451037859548,1.4463743102355102,1.0,11,55,True,True,True,True,True,False,False,False,False
exness_native-S07,58,2026-01-12 18:15:00+00:00,2026-01-12 18:00:00+00:00,18,Monday,0,2026,2026-01,LONG,91446.35,91754.88,91322.12,91619.63,91358.984431595,91168.20772485757,190.77670673743705,0.518818658088366,0.7088275416278894,1.2276461997162555,57.440359248610065,7.440359248610065,26.19081801066354,25.095603773922782,23.341270312794524,1.7543334611282582,367.7136582565688,0.4013481153073515,88.81944444444444,2026-01-12 17:00:00+00:00,91428.84,90937.67336123533,90831.3408950479,22.747172863411834,0.02504330844316755,38.88888888888889,0,EMA20,True,False,0.1002530930447135,0.41856556504365255,92238.58,90947.59,40.0406691930851,0.687471115629917,1.1768940051121382,1.6768940051121435,0.5678133704395215,91828.42273165131,91211.80590252302,2.0805524314832033,0.06499534329816667,10.807684301676874,2026-01-12 18:15:00+00:00,2026-01-12 21:00:00+00:00,91828.42273165131,91211.80590252302,93678.2732190362,0.04036230238063547,24.8880749102649,-24.8880749102649,-1.0,12,Stop loss,False,154.02726834868372,616.6168291282956,6.216895179952855,24.8880749102649,0.2497941364435842,1.0,8,12,True,False,False,False,False,False,False,False,False
exness_native-S07,59,2026-01-13 11:00:00+00:00,2026-01-13 10:45:00+00:00,10,Tuesday,1,2026,2026-01,LONG,91957.84,92048.08,91921.85,92043.0,91978.90183926601,91722.54313691337,256.3587023526343,1.1515963770495965,0.2879372106325931,1.4395335876821895,54.597973266384344,4.597973266384344,30.149809040772215,24.02519468062719,19.586594327362032,4.438600353265159,222.61159157988,0.24185607985385094,48.99305555555556,2026-01-13 09:00:00+00:00,92189.15,91233.80034727482,90934.70650857255,54.598084677170846,0.06004097530355344,65.69444444444444,0,EMA20,True,False,0.25628422518837923,0.8953121518612173,92485.15,91839.6,67.4641527370722,0.9597560009506305,0.5670414514542503,1.0670414514542013,0.22282001563324527,92092.60231831597,91855.06652252605,1.7701144513281732,0.1457274298388027,9.223320234094377,2026-01-13 11:00:00+00:00,2026-01-13 12:00:00+00:00,92092.60231831597,91855.06652252605,92805.20970568575,0.10451416234101006,24.825854722989238,-24.825854722989238,-1.0,5,Stop loss,False,71.05768168403301,237.53579578992503,7.426534079100843,24.825854722989238,0.29914515177693857,1.0,1,5,True,True,False,False,False,False,False,False,False
exness_native-S07,60,2026-01-13 14:30:00+00:00,2026-01-13 14:15:00+00:00,14,Tuesday,1,2026,2026-01,LONG,91885.85,92341.96,91868.75,92318.38,92017.39994271698,91850.65436244888,166.74558026809245,0.6838948435176995,1.2344477667508706,1.9183426102685701,60.691637882022654,10.691637882022654,19.639704163737104,32.3894653467937,18.420897063323235,13.968568283470464,243.81757202673953,0.26410512405735403,56.00694444444444,2026-01-13 13:00:00+00:00,91976.34,91345.1439921874,90975.97068661355,53.87165031665063,0.05921525201662668,65.13888888888889,0,EMA50,True,False,0.6096769050783347,0.07421793843936478,92504.86,91677.09,91.40339384205596,0.950170114748206,1.940836323101886,2.4408363231019,0.29671165127268634,92390.72351440536,91795.60472839198,1.7701390176021445,0.18047576956557482,9.667455395780564,2026-01-13 14:30:00+00:00,2026-01-13 19:45:00+00:00,92390.72351440536,94176.0798724455,94176.0798724455,0.04161150793452691,24.763790086181768,74.2913702585453,3.0,22,Take profit,False,1785.3563580401387,353.5035144053545,74.2913702585453,14.709814294561559,3.0,0.5940049662579581,22,3,True,True,True,True,True,True,True,True,True
exness_native-S07,61,2026-01-14 19:00:00+00:00,2026-01-14 18:45:00+00:00,18,Wednesday,2,2026,2026-01,LONG,96376.32,96906.56,96224.49,96807.07,96667.40668187324,95994.62649861402,672.7801832592231,1.3399312528058607,0.2781580811760008,1.6180893339818616,54.48500478535182,4.485004785351819,26.56970620660852,16.8117543893066,21.52975264429153,-4.717998254984931,502.1005233293865,0.5186610061944716,96.25,2026-01-14 17:00:00+00:00,96962.76,93968.75620526748,91965.2968696643,232.50515885658388,0.2528183638509823,100.0,0,EMA20,True,False,0.8821275049392309,0.4578037478666299,97575.25,96318.36,63.15334203234342,0.8541352060639058,1.3584331589165521,1.8584331589165348,0.3981475728013077,97006.98010466587,96073.85984300119,2.6777308344478454,0.19180772880757435,7.621159654861924,2026-01-14 19:15:00+00:00,2026-01-15 03:15:00+00:00,97007.0,96073.85984300119,99806.42047099643,0.026737730962264655,24.949518511828128,-24.95005046791954,-1.0000213212968883,33,Stop loss,True,961.4900000000052,933.1401569988084,25.708060942907984,24.95005046791954,1.030381119908478,1.0,4,33,True,True,True,True,True,False,False,False,False
exness_native-S07,62,2026-01-17 14:30:00+00:00,2026-01-17 14:15:00+00:00,14,Saturday,5,2026,2026-01,LONG,95385.92,95439.22,95337.98,95412.26,95280.15235982221,95254.87053484948,25.281824972727918,0.2831272900492551,1.4794532514438925,1.7625805414931477,64.61148956639192,14.611489566391924,20.22534847359832,28.13767398150312,15.983611564724146,12.154062416778974,89.29490678319878,0.09358850401740697,6.180555555555555,2026-01-17 13:00:00+00:00,95402.15,95356.42420989813,93813.5386099355,73.3229182279174,0.07815814147335873,69.58333333333333,3,both,False,False,0.0,0.9307301854549808,95402.75,95153.68,26.017384433025626,0.7337020940339292,1.133771271476975,1.6337712714768675,0.501920915438765,95457.07898135664,95311.19152796504,1.394894956963837,0.03741278727419487,9.87882969375461,2026-01-17 14:30:00+00:00,2026-01-17 16:15:00+00:00,95457.07898135664,95311.19152796504,95894.74134153142,0.10428621387217994,24.887143385658327,-15.214050165663563,-0.6113216744044212,8,Stop loss,False,175.93101864335767,145.88745339159505,18.347179836991675,15.214050165663563,1.2059365939517697,1.0,3,8,True,True,True,True,True,False,False,False,False
exness_native-S07,63,2026-01-20 12:00:00+00:00,2026-01-20 11:45:00+00:00,11,Tuesday,1,2026,2026-01,SHORT,91249.96,91256.76,91118.57,91136.79,91202.25876191372,91616.39199248569,-414.13323057196976,1.9069292249249148,0.30145925561324616,2.208388480538161,44.31289066069613,5.687109339303873,42.95565552774136,14.169089180670246,24.006182907251333,9.837093726581086,217.1728374388285,0.23829327041124507,54.93055555555556,2026-01-20 10:00:00+00:00,91163.02,92996.6341005161,93678.95517101101,-137.09122608111647,0.1463415404568255,87.63888888888889,0,EMA20,True,False,0.2509578947764445,1.6559713301484702,91365.75,91042.17,81.8944930892415,0.13184745640052264,0.6363134618016492,1.1363134618016932,0.2838963114119762,91075.13543251224,91321.91185123165,1.4363091540108845,0.2090583415955107,7.437387034796865,2026-01-20 12:15:00+00:00,2026-01-20 14:45:00+00:00,91075.13543251224,90334.806176354,90334.806176354,0.10069482485074058,24.84910826024417,74.54732478073251,3.0,11,Take profit,False,740.3292561582348,226.9945674877672,74.54732478073251,22.85717821525033,3.0,0.9198389727256046,11,10,True,True,True,True,True,True,True,True,True
exness_native-S07,64,2026-01-20 15:45:00+00:00,2026-01-20 15:30:00+00:00,15,Tuesday,1,2026,2026-01,SHORT,90529.59,90715.1,90430.45,90447.57,90837.95276479812,91244.9707904589,-407.0180256607855,1.1308223592960116,1.0846044432572897,2.2154268025533015,37.93569683681221,12.064303163187788,41.21035529983649,12.386605193975834,26.918660375579663,14.532055181603829,359.9310027033536,0.39794435903955583,93.125,2026-01-20 14:00:00+00:00,90458.71,92687.27845649364,93570.52215578576,-133.7187958384311,0.14290696766210453,86.66666666666667,2,EMA20,False,False,0.0,1.4721454569880499,91302.13,89753.24,28.814333391880204,0.06014403653612988,0.7908460173257438,1.2908460173257386,0.2475646717605064,90358.46379945932,90823.079300811,1.6375939794158327,0.2312476889388528,6.549921975297718,2026-01-20 15:45:00+00:00,2026-01-20 16:15:00+00:00,90358.46379945932,90823.079300811,88964.61729540427,0.0538842903419311,25.035476572196004,-25.035476572196004,-1.0,3,Stop loss,False,105.47379945931607,464.61550135168363,5.683380833532403,25.035476572196004,0.22701308749377969,1.0,1,3,True,False,False,False,False,False,False,False,False
exness_native-S07,65,2026-01-20 16:45:00+00:00,2026-01-20 16:30:00+00:00,16,Tuesday,1,2026,2026-01,SHORT,90513.4,90553.12,89995.71,90027.95,90700.82487760375,91125.38749299072,-424.5626153869671,1.12661718832051,1.7855373394251968,2.912154527745707,32.666477241720955,17.333522758279045,39.182552471362015,13.758555732551336,30.624231329968936,16.8656755974176,376.8472732249703,0.41858919727148103,95.59027777777777,2026-01-20 15:00:00+00:00,90577.02,92604.52322290566,93540.73606468341,-138.21910632759682,0.1477635436095118,87.77777777777777,0,EMA20,False,False,0.0,1.518566097330072,90887.81,89907.36,87.09029260329142,0.05783893363949575,1.4791403297940975,1.9791403297941288,0.28555189937847514,89920.34054535501,90666.1741819675,1.7208637619928528,0.2761222067199242,6.860056332728329,2026-01-20 16:45:00+00:00,2026-01-21 16:45:00+00:00,89920.34054535501,87682.83963551755,87682.83963551755,0.0334831880125309,24.972887880765512,74.91866364229654,3.0,97,Take profit,False,2237.5009098374576,579.7994546449918,74.91866364229654,19.41353414944114,3.0,0.7773844275492756,97,91,True,True,True,True,True,True,True,True,True
exness_native-S07,66,2026-01-23 08:30:00+00:00,2026-01-23 08:15:00+00:00,8,Friday,4,2026,2026-01,SHORT,89427.31,89452.64,89200.44,89213.99,89513.64414831848,89539.82101423501,-26.1768659165391,0.14062674899307576,1.6097950317914427,1.7504217807845184,37.44360046524054,12.556399534759457,21.99939026416027,12.612511221283514,27.080646762520875,14.468135541237361,186.14428694378768,0.20864921179266577,43.15972222222222,2026-01-23 07:00:00+00:00,89419.48,89728.86799133281,91598.85429015377,-102.6090652437997,0.11202003129730134,71.11111111111111,2,both,False,False,0.0,0.4683518128135846,89573.02,89324.82,84.58366375891947,0.05372720063442929,1.3548629621716894,1.8548629621717314,0.27279299420078795,89163.21114261124,89508.48328608314,1.7484945614047995,0.052947981597669676,12.452634329292554,2026-01-23 08:30:00+00:00,2026-01-23 14:15:00+00:00,89163.21114261124,89508.48328608314,88127.39471219554,0.07287058923106841,25.160184539871253,-25.160184539871253,-1.0,24,Stop loss,False,431.48114261124283,345.27214347189874,31.442285104175927,25.160184539871253,1.2496842006206057,1.0,7,24,True,True,True,True,True,False,False,False,False
exness_native-S07,67,2026-01-23 15:15:00+00:00,2026-01-23 15:00:00+00:00,15,Friday,4,2026,2026-01,SHORT,88907.35,89080.12,88637.82,88709.25,89113.86577144537,89240.02499261056,-126.15922116518777,0.4640916841368039,1.4884271879938549,1.9525188721306588,36.766822414570534,13.233177585429466,22.952793956955986,15.440026653790898,25.435823531019246,9.995796877228347,271.84115871380027,0.30644060085481534,75.38194444444444,2026-01-23 14:00:00+00:00,88902.85,89561.01200835618,91425.87220881574,-121.18752496261732,0.1325527687456197,77.36111111111111,1,both,False,False,0.0,0.5882295137614408,89618.91,88518.7,44.78860501922022,0.16149672168210466,1.6270531000261461,2.1270531000261386,0.46276374165692513,88583.45176825725,89161.67234761413,1.805845330244975,0.041809174538673916,14.738148784555579,2026-01-23 15:15:00+00:00,2026-01-23 15:15:00+00:00,88583.45176825725,89161.67234761413,86848.79003018659,0.04340434252000421,25.097284078521575,-25.097284078521575,-1.0,1,Stop loss,False,0.0,578.2205793568864,0.0,25.097284078521575,0.0,1.0,0,1,True,False,False,False,False,False,False,False,False
exness_native-S07,68,2026-01-24 19:15:00+00:00,2026-01-24 19:00:00+00:00,19,Saturday,5,2026,2026-01,SHORT,89255.12,89263.45,89167.32,89171.22,89249.42453167128,89340.46739128398,-91.04285961270216,1.0308001651438072,0.8854427958949784,1.9162429610387859,40.14143598083133,9.858564019168668,39.37283838905766,12.533827003512055,26.302386432758944,13.768559429246888,88.32251166742948,0.09904822617367967,11.07638888888889,2026-01-24 18:00:00+00:00,89255.49,89500.8382223474,90960.89176248919,-89.07271954116004,0.09792419337064173,64.44444444444444,0,EMA20,True,False,0.15879834103373278,0.8720018241100745,89318.48,89160.1,87.27764485592719,0.04057006137516468,1.088397489894298,1.5883974898943798,0.24415635296558658,89149.65549766652,89289.94675350023,1.006810241910139,0.18356384088937086,9.823082250934139,2026-01-24 19:15:00+00:00,2026-01-24 22:00:00+00:00,89149.65549766652,89289.94675350023,88728.78173016538,0.11232591187738486,25.03454086832527,-15.758343239945194,-0.6294640402166631,12,Stop loss,False,31.615497666527517,140.29125583371206,3.5512396048500365,15.758343239945194,0.22535615266001702,1.0,8,12,True,False,False,False,False,False,False,False,False
exness_native-S07,69,2026-01-25 11:45:00+00:00,2026-01-25 11:30:00+00:00,11,Sunday,6,2026,2026-01,SHORT,88524.84,88570.43,88444.37,88463.43,88490.21149164034,88697.87620917615,-207.66471753580845,1.5613011254346596,0.2013532849251482,1.7626544103598079,45.8529769211454,4.147023078854602,40.29429309581092,17.646937198742915,22.054011797245575,4.4070745985026605,133.00747315992325,0.15035305906624155,26.111111111111114,2026-01-25 10:00:00+00:00,88510.14,89176.05554447522,90649.99077159756,-113.8645360685623,0.12560898804221204,74.58333333333333,0,EMA20,True,False,0.603112790987347,0.9581883344473124,88546.02,88332.7,48.71489766778092,0.15119784229730307,0.9477662946684793,1.4477662946683978,0.34330021875592953,88417.76850536802,88610.33224194797,0.8361489493249701,0.19568283628403896,6.5860860958632115,2026-01-25 11:45:00+00:00,2026-01-25 12:15:00+00:00,88417.76850536802,88610.33224194797,87840.07729562817,0.11307747495892932,24.995145010225407,-21.774621101116985,-0.8711540217993966,3,Stop loss,False,116.40850536801736,192.56373657994845,13.163179850758372,21.774621101116985,0.6045193525816683,1.0,2,3,True,True,True,False,False,False,False,False,False
exness_native-S07,70,2026-01-25 16:00:00+00:00,2026-01-25 15:45:00+00:00,15,Sunday,6,2026,2026-01,SHORT,88548.62,88552.19,88233.06,88329.63,88558.8914471022,88641.1345416822,-82.24309458000062,0.5293460766916944,1.4756089636456693,2.004955040337364,37.19262425552998,12.807375744470022,21.184808371619862,13.44149879060521,30.783087942440012,17.341589151834803,155.36734511003326,0.1758949348140972,33.81944444444444,2026-01-25 14:00:00+00:00,88570.92,89092.38189359139,90569.92889964438,-101.56790985868429,0.11214308224888436,69.02777777777777,0,EMA20,False,False,0.0,0.5724789956293997,88633.76,88480.31,68.62093817566117,0.3026039545013179,2.054035227119267,2.554035227119313,0.82155918241134,88201.98653097799,88598.80020353301,0.897132467216705,0.1406844500479278,8.292034299403978,2026-01-25 16:00:00+00:00,2026-01-25 18:30:00+00:00,88201.98653097799,87011.5455133129,87011.5455133129,0.06285244229837857,24.940708457472613,74.82212537241784,3.0,11,Take profit,False,1190.4410176650854,0.0,74.82212537241784,0.0,3.0,0.0,11,0,True,True,True,True,True,True,True,True,True
exness_native-S07,71,2026-01-27 12:30:00+00:00,2026-01-27 12:15:00+00:00,12,Tuesday,1,2026,2026-01,SHORT,87976.43,88044.75,87905.31,87917.26,87955.4027469943,88073.56040683613,-118.15765984183236,0.7801599664301463,0.25184524011783227,1.0320052065479786,45.94990294217682,4.05009705782318,27.25487098132652,17.86229288880175,22.944661221499945,5.082368332698195,151.45311849632304,0.1722677873449685,27.916666666666668,2026-01-27 11:00:00+00:00,87862.14,88096.37175256894,89557.28598288987,-84.46398115095508,0.09431279680258749,56.111111111111114,0,EMA20,True,False,0.5899333991453826,0.19022656728476375,87986.74,87610.05,42.43402180148972,0.08569994262763117,0.9206809432807264,1.4206809432807876,0.27890230401755534,87875.01937630073,88090.1859355489,2.018017134044716,0.011586336298603764,12.131715502128719,2026-01-27 12:30:00+00:00,2026-01-27 14:00:00+00:00,87875.01937630073,88090.1859355489,87229.5196985562,0.11437955382200664,25.127763770903663,-24.6106550442224,-0.9794208218687553,7,Stop loss,False,211.31937630072935,215.16655924817314,24.170615975222145,24.6106550442224,0.9821199773752647,1.0,4,7,True,True,True,True,False,False,False,False,False
exness_native-S07,72,2026-01-29 08:15:00+00:00,2026-01-29 08:00:00+00:00,8,Thursday,3,2026,2026-01,SHORT,88217.58,88217.58,87811.19,87811.19,88169.17688380793,88486.12968207759,-316.95279826966,1.5788176283903212,1.7832182141127866,3.362035842503108,34.157579973822365,15.842420026177635,36.632015454098315,12.891335208533187,30.33131548702872,17.439980278495533,200.75326786970845,0.2286192316374581,48.229166666666664,2026-01-29 07:00:00+00:00,88220.22,88725.76195749454,89314.49033711711,-62.112779054703424,0.06954389911453229,42.36111111111111,0,EMA20,True,False,0.24110748833979787,1.3377101400505234,88293.5,88109.04,100.0,0.0,2.0243257024525843,2.5243257024526424,0.2000000000000231,87771.03934642606,88277.80598036092,2.0801586242780123,0.08764513521860352,9.427563483535748,2026-01-29 08:15:00+00:00,2026-01-29 08:15:00+00:00,87771.03934642606,88277.80598036092,86250.73944462146,0.049463077193268555,25.066237133293107,-25.066237133293107,-1.0,1,Stop loss,False,0.0,506.76663393486524,0.0,25.066237133293107,0.0,1.0,0,1,True,False,False,False,False,False,False,False,False
exness_native-S07,73,2026-01-29 08:45:00+00:00,2026-01-29 08:30:00+00:00,8,Thursday,3,2026,2026-01,SHORT,88297.28,88357.15,87951.87,87984.96,88162.66130397882,88459.35638087978,-296.69507690095634,1.2376365021962972,0.74126481163514,1.978901313831437,43.52190574838013,6.478094251619872,35.16225369587494,13.221030122512918,21.901167804283887,8.680137681770969,239.7271544386775,0.27246378749126837,62.22222222222222,2026-01-29 07:00:00+00:00,88220.22,88725.76195749454,89314.49033711711,-62.112779054703424,0.06954389911453229,42.36111111111111,0,EMA20,True,False,0.8112918892170132,0.4263446129792838,88333.14,87765.04,77.0627714172901,0.08164725621795094,1.6905886233412493,2.190588623341244,0.3380319224890816,87903.92456911226,88429.0681463316,2.1781916918759547,0.06870625019226838,9.661830311603158,2026-01-29 08:45:00+00:00,2026-01-29 15:00:00+00:00,87903.92456911226,86328.49383745425,86328.49383745425,0.04761282937678709,25.003571540459873,75.01071462137962,3.0,26,Take profit,False,1575.4307316580089,126.90543088773848,75.01071462137962,6.042326627845538,3.0,0.2416585413835005,26,20,True,True,True,True,True,True,True,True,True
exness_native-S07,74,2026-01-30 07:30:00+00:00,2026-01-30 07:15:00+00:00,7,Friday,4,2026,2026-01,SHORT,82817.25,82874.11,82516.94,82531.78,82704.68134638476,83428.44092829722,-723.7595819124545,1.7788544844344831,0.4249564953165675,2.203810979751051,45.20548127589831,4.794518724101692,31.706314834959436,21.97787941126645,27.753197743643547,5.775318332377097,406.86834603143234,0.49298384941101764,97.04861111111111,2026-01-30 06:00:00+00:00,82463.64,86103.77207843545,88371.22488388281,-299.6269286843599,0.33905485533108864,99.86111111111111,0,EMA20,True,False,0.41642131974097274,1.3624331646935104,82972.33,81919.52,79.92552566005055,0.04154884228797654,0.8778515298223896,1.377851529822393,0.23647371476483645,82435.56633079372,82996.17050380944,4.060831517703687,0.2661301555292834,5.126190752083718,2026-01-30 07:30:00+00:00,2026-01-30 11:45:00+00:00,82435.56633079372,82996.17050380944,80753.75381174657,0.04493562399205888,25.191098327013325,-25.191098327013325,-1.0,18,Stop loss,False,429.20633079372055,560.6041730157158,19.28665429555787,25.191098327013325,0.7656138706296935,1.0,10,18,True,True,True,True,False,False,False,False,False
exness_native-S07,75,2026-02-01 15:15:00+00:00,2026-02-01 15:00:00+00:00,15,Sunday,6,2026,2026-02,SHORT,78150.46,78186.85,77451.3,77552.34,78252.40120704287,78510.93140220428,-258.5301951614092,0.6319140879044088,1.7111290959633034,2.3430431838677124,35.724208123721624,14.275791876278376,18.77727029052232,16.323397691247287,33.14155359862367,16.818155907376386,409.1223793075455,0.527543565168434,95.27777777777777,2026-02-01 14:00:00+00:00,78148.36,80632.13670811124,85171.33856565676,-350.4514875217574,0.41146645505823753,97.63888888888889,0,EMA20,False,False,0.0,0.7921380462070922,78584.39,77165.13,81.31602202433655,0.13736659642443505,1.797872805797004,2.297872805797007,0.4469676681363706,77369.4755241385,78309.58671379228,3.766724262550648,0.17248251497943892,7.0331481870103785,2026-02-01 15:15:00+00:00,2026-02-01 18:15:00+00:00,77369.4755241385,78309.58671379228,74549.14195517717,0.026728881495868537,25.12812058119579,-25.12812058119579,-1.0,13,Stop loss,False,666.5355241384968,940.1111896537768,17.815749037484505,25.12812058119579,0.7089964798567794,1.0,2,13,True,True,True,False,False,False,False,False,False
exness_native-S07,76,2026-02-03 14:45:00+00:00,2026-02-03 14:30:00+00:00,14,Tuesday,1,2026,2026-02,SHORT,78336.15,78348.38,77583.81,77800.68,78221.76897084943,78305.80882671093,-84.03985586149793,0.2714565308461663,1.3601564404483846,1.6316129712945509,38.784369821647985,11.215630178352015,28.19870085953724,7.324334887333363,27.325134614197175,20.00079972686381,309.5886313714187,0.3979253540861324,75.83333333333333,2026-02-03 13:00:00+00:00,78219.71,78451.91222413852,82426.00379178824,-218.31279777667078,0.26485913150434737,87.5,0,both,True,True,0.4089653699159199,0.13750883906975367,78387.03,77999.47,70.03544475979913,0.2836496331271085,2.469632029487347,2.9696320294873404,0.9005102191230585,77521.89227372571,78441.25658941142,2.959163534496869,0.036310677645560445,18.862440894287985,2026-02-03 14:45:00+00:00,2026-02-03 18:00:00+00:00,77521.89227372571,74763.79932666857,74763.79932666857,0.02726372978817181,25.0653002797428,75.1959008392284,3.0,14,Take profit,False,2758.0929470571427,629.7877262742841,75.1959008392284,17.170362393049192,3.0,0.6850252022285122,14,4,True,True,True,True,True,True,True,True,True
exness_native-S07,77,2026-02-04 13:30:00+00:00,2026-02-04 13:15:00+00:00,13,Wednesday,2,2026,2026-02,SHORT,75984.14,76017.36,75642.92,75738.54,76024.22573484248,76145.44088209794,-121.21514725546876,0.44445562915796527,1.0475145713700589,1.4919702005280242,40.34036311127269,9.659636888727313,21.46340473800142,11.289905634247988,25.479600168134382,14.189694533886394,272.72721797924925,0.3600904083697009,65.20833333333333,2026-02-04 12:00:00+00:00,76070.11,77015.92384345346,81114.7159044081,-255.56635650979297,0.3150678069451322,90.13888888888889,0,EMA20,False,False,0.0,0.46962999530061156,76161.18,75885.3,65.59128298258847,0.25536801623756744,1.3729469422758238,1.87294694227585,0.5506067370484216,75588.37455640415,76099.17816539378,4.513259029934659,0.1142418801222095,7.731722644688398,2026-02-04 13:30:00+00:00,2026-02-04 15:00:00+00:00,75588.37455640415,74055.96372943524,74055.96372943524,0.04943835475593389,25.25329003184087,75.75987009552261,3.0000000000000004,7,Take profit,False,1532.4108269689023,99.82544359585154,75.75987009552261,4.935205694160177,3.0,0.1954282268939046,7,5,True,True,True,True,True,True,True,True,True
exness_native-S07,78,2026-02-04 19:00:00+00:00,2026-02-04 18:45:00+00:00,18,Wednesday,2,2026,2026-02,SHORT,73832.47,73867.41,73223.54,73277.56,73758.37543467784,74718.6200579277,-960.2446232498623,1.2393787345463132,0.6205839747006887,1.859962709247002,42.189491309049764,7.810508690950236,52.356934518353825,11.852389049477312,19.235888859466954,7.383499809989642,774.7790053872187,1.0573209661828515,99.72222222222223,2026-02-04 17:00:00+00:00,72423.77,76423.21235651665,80756.95170204795,-357.7642023601511,0.4430135051160907,97.63888888888889,0,EMA20,True,False,0.14072989144519485,1.0986488431011183,73980.03,71984.03,86.18354636805489,0.08389892369578214,0.8310369737990213,1.3310369737990195,0.26972310765314456,73068.58419892254,74099.84370161616,4.788366121855899,0.009157209957309972,9.877716262129983,2026-02-04 19:15:00+00:00,2026-02-05 11:15:00+00:00,73068.58419892254,69974.80569084169,69974.80569084169,0.024671471768865316,25.442689707079676,76.32806912123903,3.0,65,Take profit,False,3093.7785080808535,930.9358010774595,76.32806912123903,22.967556334908558,3.0,0.9027173069880898,65,4,True,True,True,True,True,True,True,True,True
exness_native-S07,79,2026-02-05 12:00:00+00:00,2026-02-05 11:45:00+00:00,11,Thursday,3,2026,2026-02,SHORT,70360.55,70482.29,70065.26,70186.53,70893.09343125872,71468.4753054689,-575.3818742101867,1.0664765794420465,1.3096230262067152,2.3760996056487618,39.16088671116648,10.839113288833524,25.006731863913952,10.674828098888714,26.59792394843487,15.923095849546158,539.5166525937324,0.7686897366114729,94.54861111111111,2026-02-05 10:00:00+00:00,70721.94,74078.53257654619,79357.82932704972,-433.938733793766,0.5468127561874411,99.30555555555556,3,EMA20,False,False,0.0,1.8279052198441248,71597.67,69790.86,41.72841282401855,0.2907944272594404,0.7729696534761669,1.2729696534761725,0.4247752676715323,69957.35666948125,70644.14499577812,5.357953010622541,0.19108014886448788,9.388432606211332,2026-02-05 12:00:00+00:00,2026-02-05 14:30:00+00:00,69957.35666948125,70644.14499577812,67896.99169059064,0.03732374138928295,25.633509879882773,-25.633509879882777,-1.0000000000000002,11,Stop loss,False,927.6466694812407,686.788326296868,34.62324439234746,25.633509879882777,1.3507024420217946,1.0,2,11,True,True,True,True,True,False,False,False,False
exness_native-S07,80,2026-02-05 15:00:00+00:00,2026-02-05 14:45:00+00:00,14,Thursday,3,2026,2026-02,SHORT,70317.42,70660.88,69155.68,69285.7,69977.7966216649,70740.24696206195,-762.4503403970593,1.1877290484651917,1.0781335102663048,2.2658625587314964,39.35744592575908,10.64255407424092,33.30023181605329,17.689644907248674,24.700561386461892,7.010916479213218,641.9396253567373,0.9265109905171447,98.125,2026-02-05 13:00:00+00:00,69546.12,73585.14396150863,79073.05150117076,-452.09201192577893,0.5717396803879324,100.0,0,EMA20,True,False,1.0640928700351067,0.1236361784300851,70760.14,69121.5,68.5437151209137,0.08638054743555877,2.3447687921797087,2.8447687921797216,0.4025424118783023,69027.29207492864,70853.46188760703,5.467016972331299,0.1621729738379076,10.005056881837458,2026-02-05 15:00:00+00:00,2026-02-05 20:15:00+00:00,69027.29207492864,63548.78263689348,63548.78263689348,0.014001669465601971,25.569426105183066,76.7082783155492,3.0,22,Take profit,False,5478.509438035166,0.0,76.7082783155492,0.0,3.0,0.0,22,0,True,True,True,True,True,True,True,True,True
exness_native-S07,81,2026-02-10 10:45:00+00:00,2026-02-10 10:30:00+00:00,10,Tuesday,1,2026,2026-02,SHORT,69104.58,69104.58,68881.16,68932.37,69151.56333337205,69454.74607596103,-303.1827425889787,1.1612856745537972,0.8395797063810573,2.0008653809348544,38.61618068443365,11.383819315566349,29.521588407775646,12.068526142566947,24.65147158972689,12.582945447159942,261.0750732850219,0.37874089239209663,52.43055555555556,2026-02-10 09:00:00+00:00,69086.34,69831.0045499568,72381.16610446862,-170.47363627036975,0.23552209151248416,66.80555555555556,0,EMA20,False,False,0.0,1.3412466826303993,69349.44,68882.55,77.07904395309629,0.229209560469037,0.8557691747005095,1.3557691747005218,0.39615047639605927,68828.944985343,69182.90252198551,3.0885260772407808,0.023206892914183326,12.284260197839796,2026-02-10 11:00:00+00:00,2026-02-10 14:15:00+00:00,68828.944985343,69182.90252198551,67767.07237541546,0.07278047261073028,25.761196800971938,-25.761196800971938,-1.0,14,Stop loss,False,536.1149853429961,353.9575366425124,39.018702006957994,25.761196800971938,1.5146307956269278,1.0,9,14,True,True,True,True,True,True,False,False,False
exness_native-S07,82,2026-02-11 15:00:00+00:00,2026-02-11 14:45:00+00:00,14,Wednesday,2,2026,2026-02,SHORT,67184.04,67403.39,66388.09,66544.23,67181.47543627108,67395.8822118462,-214.40677557511663,0.39829972168445094,1.1837997154270745,1.5820994371115253,41.25759819159466,8.74240180840534,31.545650830931322,24.401763558365847,25.96596456405436,1.5642010056885134,538.3051102028595,0.8089433301773264,90.625,2026-02-11 13:00:00+00:00,67428.39,68567.08308591372,71346.07122270395,-223.7372221875412,0.31359431339835697,76.38888888888889,0,both,True,True,0.4122468085901883,0.013947086905737366,68812.17,66838.47,63.01684231261655,0.1537870580124091,1.886105074531781,2.38610507453179,0.49005855051451647,66280.42897795943,67564.88153306086,3.4891000756980857,0.11199327474280898,9.568194221641564,2026-02-11 15:00:00+00:00,2026-02-11 19:00:00+00:00,66280.42897795943,67564.88153306086,62427.07131265511,0.02000602802097283,25.69679380896951,-25.69679380896951,-1.0,17,Stop loss,False,574.2989779594209,1284.4525551014376,11.489441445472231,25.69679380896951,0.4471157581325116,1.0,1,17,True,True,False,False,False,False,False,False,False
exness_native-S07,83,2026-02-16 18:45:00+00:00,2026-02-16 18:30:00+00:00,18,Monday,0,2026,2026-02,SHORT,68088.42,68094.17,67915.85,67958.06,68079.28849725898,68339.00142857863,-259.7129313196492,0.8437208948616596,0.39383104903697136,1.2375519438986309,44.81651657101686,5.183483428983138,19.517217565524362,18.668982909902518,24.46498945102829,5.796006541125774,307.8185367949587,0.4529536846622147,62.11805555555555,2026-02-16 17:00:00+00:00,67900.44,68785.53083858872,69338.78567634456,-68.89046297813184,0.09935343156959026,31.52777777777778,0,EMA20,True,False,0.048345050613144785,0.7953758442485148,68207.16,67542.93,73.10453117990473,0.23670928667560365,0.5793023443509295,1.0793023443509124,0.3371262447008066,67854.28629264102,68186.51556103848,2.9385821317779897,0.052946229853010104,9.228801568957056,2026-02-16 18:45:00+00:00,2026-02-16 20:15:00+00:00,67854.28629264102,68186.51556103848,66857.59848744862,0.077153201908091,25.632551824447088,-25.632551824447088,-1.0,7,Stop loss,False,83.8762926410127,332.2292683974665,6.471324541434179,25.632551824447088,0.2524650914881656,1.0,3,7,True,True,False,False,False,False,False,False,False
exness_native-S07,84,2026-02-17 07:15:00+00:00,2026-02-17 07:00:00+00:00,7,Tuesday,1,2026,2026-02,SHORT,68356.54,68374.97,68225.5,68274.76,68417.15366670357,68472.01824634467,-54.864579641100136,0.25108639233124647,0.6516610953241496,0.9027474876553961,43.44589499896979,6.554105001030209,23.18940814116296,17.100903132335727,27.251581103968107,10.15067797163238,218.5087735408611,0.32004326861179905,31.52777777777778,2026-02-17 06:00:00+00:00,68358.08,68658.60095555153,69232.44467591216,-40.52391664714378,0.058533129715182715,16.52777777777778,0,EMA20,False,False,0.0,0.4441389001092894,68489.04,68069.76,54.71332039874102,0.3295644610958345,0.6840457597097368,1.1840457597097669,0.4254371721636554,68181.79824529182,68440.52263206226,2.831624036431691,0.023746749913055004,8.990992505428325,2026-02-17 07:15:00+00:00,2026-02-17 08:00:00+00:00,68181.79824529182,68440.52263206226,67405.62508498051,0.09882512724852813,25.56847044488597,-25.56847044488597,-1.0,4,Stop loss,False,63.29824529182224,258.7243867704383,6.25545714557288,25.56847044488597,0.24465511767928427,1.0,2,4,True,False,False,False,False,False,False,False,False
exness_native-S07,85,2026-02-17 08:30:00+00:00,2026-02-17 08:15:00+00:00,8,Tuesday,1,2026,2026-02,SHORT,68351.92,68352.02,68223.75,68256.35,68372.02954101062,68441.03869973347,-69.00915872285259,0.3397940478936223,0.5695942426473296,0.9093882905409519,44.107921968152624,5.892078031847376,22.70216000565124,15.15671694646794,25.75103530704504,10.5943183605771,203.0911346170989,0.29754174463928834,27.569444444444446,2026-02-17 07:00:00+00:00,68349.99,68646.49856513775,69223.66403237075,-44.55452444170078,0.06436314093525293,18.88888888888889,0,EMA20,False,False,0.0,0.4383189837473727,68441.61,68118.5,74.50689950884025,0.254151399391945,0.6315883765278083,1.1315883765278236,0.36051906973426395,68183.13177307657,68412.94734038513,2.8366724326717723,0.03513448505873065,9.00536177068013,2026-02-17 08:30:00+00:00,2026-02-17 14:30:00+00:00,68183.13177307657,67493.6850711509,67493.6850711509,0.11097833609561641,25.504549268773754,76.51364780632126,3.0,25,Take profit,False,689.4467019256699,154.71822692343267,76.51364780632126,17.17037138762656,3.0,0.6732277919002057,25,20,True,True,True,True,True,True,True,True,True
exness_native-S07,86,2026-02-17 17:15:00+00:00,2026-02-17 17:00:00+00:00,17,Tuesday,1,2026,2026-02,SHORT,67486.32,67686.54,67026.6,67217.99,67527.94469575412,67829.93142554697,-301.9867297928431,0.7233964516064931,0.7424833774024074,1.4658798290089006,41.8081383043944,8.191861695605603,21.174877478464328,21.55504883073187,24.747244800130613,3.1921959693987425,417.4567474338611,0.6210491379374198,78.47222222222221,2026-02-17 16:00:00+00:00,67484.34,68356.7815380884,69093.35711282148,-80.5023266714561,0.11651239719037691,34.72222222222222,0,EMA20,True,False,0.37990835031597636,0.3434881012905167,68122.11,66942.66,40.65975694760232,0.290011213140593,1.5808583860644005,2.0808583860643752,0.6584666583459997,66943.10865051324,67811.77702423015,2.521151020589622,0.0417019513395225,9.622758495613326,2026-02-17 17:30:00+00:00,2026-02-17 18:30:00+00:00,66943.10865051324,67811.77702423015,64337.10352936252,0.02958071706736687,25.695833388289557,-25.695833388289557,-1.0,5,Stop loss,False,106.44865051323723,868.6683737169078,3.1488274130350873,25.695833388289557,0.12254233460550505,1.0,2,5,True,False,False,False,False,False,False,False,False
exness_native-S07,87,2026-02-18 18:15:00+00:00,2026-02-18 18:00:00+00:00,18,Wednesday,2,2026,2026-02,SHORT,67146.62,67194.87,67048.91,67091.91,67261.25335317018,67436.94407344527,-175.6907202750881,0.5747346494522335,0.5539705942859986,1.1287052437382321,43.82583599424354,6.1741640057564595,22.87149583608469,18.78041650596363,20.10261420441643,1.3221976984528006,305.69014838853883,0.4556289251394674,61.28472222222222,2026-02-18 17:00:00+00:00,67144.53,67834.42870067256,68751.4419086675,-76.56030711457424,0.11135811117427964,32.22222222222222,3,EMA20,False,False,0.0,0.7918936044271495,67450.56,66992.32,37.48287201972794,0.2946012606193642,0.47747695098918763,0.9774769509891738,0.3406653116780995,66987.7719703223,67286.57704451655,2.4554964647046873,0.018370947571976687,13.338486422065314,2026-02-18 18:15:00+00:00,2026-02-18 19:15:00+00:00,66987.7719703223,66091.35674773953,66091.35674773953,0.08578031639501343,25.63159380481883,76.8947814144565,3.0000000000000004,5,Take profit,False,896.4152225827711,0.0,76.8947814144565,0.0,3.0,0.0,5,0,True,True,True,True,True,True,True,True,True
exness_native-S07,88,2026-02-19 12:00:00+00:00,2026-02-19 11:45:00+00:00,11,Thursday,3,2026,2026-02,SHORT,66620.75,66682.6,66431.81,66459.47,66834.14205647862,66846.10275245986,-11.960695981237222,0.06751570710609023,2.114947898159897,2.1824636052659874,33.80650750313262,16.19349249686738,19.428468356565997,12.969528236337077,31.557711306861844,18.588183070524767,177.15427259678827,0.26655986362333056,17.569444444444443,2026-02-19 10:00:00+00:00,66792.77,67275.59923385982,68425.21295626574,-75.28869739886431,0.11003063658272486,30.277777777777775,1,EMA50,False,False,0.0,0.922939932879833,66932.09,66610.45,64.30878424179338,0.11029147892660231,1.415658772006128,1.9156587720061282,0.35613509962000656,66396.37914548063,66735.74628177904,2.357262557888493,0.08885333824853832,9.105019588443207,2026-02-19 12:00:00+00:00,2026-02-19 17:15:00+00:00,66396.37914548063,66735.74628177904,65378.27773658543,0.07609408217903668,25.82383075835497,-25.82383075835497,-1.0,22,Stop loss,False,799.0191454806336,339.36713629840233,60.800628518827,25.82383075835497,2.354438777413213,1.0,11,22,True,True,True,True,True,True,True,False,False
exness_native-S07,89,2026-02-22 13:30:00+00:00,2026-02-22 13:15:00+00:00,13,Sunday,6,2026,2026-02,SHORT,67965.09,68018.58,67890.42,67905.03,68012.88344118718,68035.91220466183,-23.028763474649168,0.2092742534179529,0.9801198578400078,1.1893941112579607,42.49546432979506,7.5045356702049375,18.520986971302484,15.769711982990241,22.453344820364475,6.683632837374233,110.04107336919837,0.1620514317852424,5.868055555555555,2026-02-22 12:00:00+00:00,67904.15,67919.99315210093,68075.58138652374,-2.476258280221373,0.00363751323130319,1.1111111111111112,2,both,True,False,0.05176756858513938,0.15750668483281352,68217.55,67838.43,46.86329588014672,0.1139981273408254,1.1646560332069316,1.6646560332069913,0.33276860678180825,67868.41178532616,68051.59232201077,1.1897906676835848,0.04818457212080635,13.712132081213777,2026-02-22 13:30:00+00:00,2026-02-22 15:00:00+00:00,67868.41178532616,67318.87017527233,67318.87017527233,0.14062231527255573,25.759271181459084,77.27781354437725,3.0,7,Take profit,False,549.5416100538278,0.0,77.27781354437725,0.0,3.0,0.0,7,0,True,True,True,True,True,True,True,True,True
exness_native-S07,90,2026-02-22 16:00:00+00:00,2026-02-22 15:45:00+00:00,15,Sunday,6,2026,2026-02,SHORT,67752.25,67799.13,67648.39,67665.84,67736.56534596476,67883.20248750813,-146.63714154336776,0.8556795044350954,0.41270736969616845,1.2683868741312638,44.25396355316233,5.746036446837671,32.63204353738567,17.87719425730217,25.174430904904654,7.297236647602485,171.3692343725996,0.2532581201572309,16.666666666666664,2026-02-22 14:00:00+00:00,67416.98,67889.56916501127,68064.6983076589,-11.258742708218051,0.016541236482570547,6.944444444444445,0,EMA20,True,False,0.3650868504157236,0.4905926540193719,67790.73,67276.5,57.323868913361075,0.11576223961786176,0.8796211324155113,1.3796211324155119,0.3018269123036365,67614.11615312548,67850.54077031178,1.2784902366092505,0.14156908991299577,9.592961816907964,2026-02-22 16:00:00+00:00,2026-02-23 00:45:00+00:00,67614.11615312548,66904.84230156656,66904.84230156656,0.10977057306544863,25.952465715320027,77.85739714596008,3.0,36,Take profit,False,709.2738515589153,108.34384687452985,77.85739714596008,11.892966159532357,3.0,0.45825958465718375,36,28,True,True,True,True,True,True,True,True,True
exness_native-S07,91,2026-02-23 15:45:00+00:00,2026-02-23 15:30:00+00:00,15,Monday,0,2026,2026-02,SHORT,65798.11,65924.34,65681.54,65776.05,66026.34581275361,66052.38850230166,-26.042689548048656,0.08470638603973447,0.8141115263889901,0.8988179124287246,41.99536807817188,8.004631921828121,21.818776162561473,16.069279406120895,18.42369252821409,2.354413122093195,307.44659010517137,0.46741418815081076,61.66666666666667,2026-02-23 14:00:00+00:00,65896.75,66856.9206045138,67692.89018185025,-78.64998337785073,0.11618647566467519,39.861111111111114,0,both,False,False,0.0,0.4164902341504697,66248.65,65504.3,9.085667215814418,0.3892504118616482,0.7897306648187116,1.2897306648186915,0.5074029865404581,65620.05068197896,66016.57397703154,3.0554356192366408,0.16089946094563787,6.567648030822137,2026-02-23 15:45:00+00:00,2026-02-23 17:30:00+00:00,65620.05068197896,64430.48079682121,64430.48079682121,0.06594091579088084,26.14710920818493,78.44132762455479,3.0,8,Take profit,False,1189.5698851577472,92.21931802104518,78.44132762455479,6.0810262839182,3.0,0.2325697359314441,8,4,True,True,True,True,True,True,True,True,True
exness_native-S07,92,2026-02-24 09:15:00+00:00,2026-02-24 09:00:00+00:00,9,Tuesday,1,2026,2026-02,SHORT,63362.78,63396.65,63174.09,63258.07,63335.06110757154,63814.724033806255,-479.66292623471236,1.6935317433544193,0.27183023222566166,1.9653619755800809,44.35554935313856,5.6444506468614435,41.65201235457118,12.972704933026943,25.675426434093943,12.702721501067,283.23232092752653,0.4477410090562778,56.076388888888886,2026-02-24 08:00:00+00:00,63360.0,65421.27435570625,67112.13575412253,-200.71203656082798,0.2990696605099455,73.47222222222223,0,EMA20,True,False,0.21745008559322732,1.476081657761192,63406.93,62969.94,47.04798705966786,0.37733644859813686,0.7857860263658031,1.2857860263657916,0.4965057085469146,63117.44353581449,63481.619696278256,3.0557709057740885,0.18050314286283906,7.838591438002645,2026-02-24 09:15:00+00:00,2026-02-24 14:45:00+00:00,63117.44353581449,63481.619696278256,62024.915054423196,0.07233645523007108,26.343212527246315,-26.343212527246315,-1.0,23,Stop loss,False,707.3135358144937,364.176160463765,51.164553917068396,26.343212527246315,1.9422290984499255,1.0,18,23,True,True,True,True,True,True,False,False,False
exness_native-S07,93,2026-02-28 11:45:00+00:00,2026-02-28 11:30:00+00:00,11,Saturday,5,2026,2026-02,SHORT,64242.06,64306.02,63972.19,63999.57,64059.01492983024,64641.08222611562,-582.0672962853787,1.783729107354023,0.18216734095783016,1.965896448311853,45.520759424936976,4.479240575063024,40.27191253693062,17.874066611103753,21.98104419325985,4.106977582156098,326.32045633252864,0.5098791387700397,62.22222222222222,2026-02-28 10:00:00+00:00,63994.53,65938.15907585203,66612.17297705634,-152.9727453327796,0.22964683254736185,58.47222222222223,0,EMA20,True,False,0.7569401959834547,1.0267889113705682,64289.71,63519.77,72.63876823532995,0.08201779348769683,1.0230127885694467,1.5230127885694442,0.2839052516281697,63906.925908733494,64403.91613689975,3.0760994546146394,0.15929492163359324,8.059281899607267,2026-02-28 11:45:00+00:00,2026-02-28 13:45:00+00:00,63906.925908733494,64403.91613689975,62415.95522423472,0.05287298020503059,26.277354495928197,-26.277354495928197,-1.0,9,Stop loss,False,134.57590873349545,496.990228166258,7.1154293585401085,26.277354495928197,0.27078180033848837,1.0,1,9,True,True,False,False,False,False,False,False,False
exness_native-S07,94,2026-03-01 19:15:00+00:00,2026-03-01 19:00:00+00:00,19,Sunday,6,2026,2026-03,SHORT,66312.72,66343.83,66025.79,66061.23,66431.40060083327,66573.55976372394,-142.15916289067536,0.4312395322436388,1.122911766696655,1.554151298940294,38.491731573304754,11.508268426695246,23.59885981049442,18.436888993234163,28.94883334140383,10.511944348169667,329.65243736132993,0.49901044434281644,60.0,2026-03-01 18:00:00+00:00,66312.14,66322.00255254899,66542.90954475431,-5.96860635644407,0.0089695602390662,4.027777777777778,2,both,False,False,0.0,0.6968847722249165,66688.91,65913.63,79.07495912463803,0.11143252421079557,0.9647736948215145,1.464773694821523,0.3075071681061582,65959.85951252772,66442.7257312084,3.2902867411793157,0.020261619366193778,13.00508135659677,2026-03-01 19:15:00+00:00,2026-03-01 22:00:00+00:00,65959.85951252772,66442.7257312084,64511.26085648569,0.0542834849397953,26.211661109688375,-26.211661109688375,-1.0,12,Stop loss,False,900.8995125277215,482.86621868067596,48.9039651205675,26.211661109688375,1.8657331527337493,1.0,6,12,True,True,True,True,True,True,False,False,False
exness_native-S07,95,2026-03-02 20:00:00+00:00,2026-03-02 19:45:00+00:00,19,Monday,0,2026,2026-03,LONG,68775.63,69020.07,68753.75,68967.03,68656.15047545909,67784.37030582211,871.7801696369716,1.929443248541924,0.6880454736486695,2.6174887221905934,59.41668792683496,9.41668792683496,33.26882381379823,22.10850560439334,14.424065678544082,7.684439925849258,451.82991015453496,0.6551389992501272,81.35416666666667,2026-03-02 18:00:00+00:00,68885.45,66689.62039358515,66583.25279278478,112.21883762029756,0.16853913396141262,51.24999999999999,2,EMA20,False,False,0.0,2.145452685605382,69287.01,68569.78,71.86842895764087,0.8008410934214225,0.5894253435079589,1.0894253435079664,0.31738930692275696,69110.43598203092,68618.20102695364,4.454803219122231,0.15308276265822235,7.574902719938793,2026-03-02 20:00:00+00:00,2026-03-02 20:00:00+00:00,69110.43598203092,68618.20102695364,70587.14084726275,0.05311717846776926,26.146131956914154,-26.146131956914154,-1.0,1,Stop loss,False,0.0,492.23495507727785,0.0,26.146131956914154,0.0,1.0,0,1,True,False,False,False,False,False,False,False,False
exness_native-S07,96,2026-03-03 17:30:00+00:00,2026-03-03 17:15:00+00:00,17,Tuesday,1,2026,2026-03,LONG,67937.65,68278.46,67865.62,68225.97,67598.65350441732,67574.87845673512,23.7750476821966,0.0406687923323364,1.0730663772592661,1.1137351695916027,58.02629596004765,8.026295960047648,20.42415731837108,23.876325733042055,18.886214059265672,4.990111673776383,584.6017626467036,0.856861049607215,92.39583333333333,2026-03-03 16:00:00+00:00,68162.47,67374.92302511423,66861.88043960737,24.85608172598586,0.03717526573072826,17.63888888888889,2,EMA50,False,False,0.0,0.4973326490645158,68991.97,67459.86,69.83819397345201,0.8728563123728228,0.7061901389604696,1.2061901389604603,0.2897876184333841,68395.38035252935,67690.23947120599,3.763197524440903,0.06840616448221239,10.21852723351854,2026-03-03 17:45:00+00:00,2026-03-04 03:30:00+00:00,68395.38035252935,67690.23947120599,70510.80299649942,0.0369866041209742,26.080766627021873,-26.080766627021873,-1.0,40,Stop loss,False,531.6396474706562,705.1408813233575,19.663545176011446,26.080766627021873,0.7539481280292717,1.0,4,40,True,True,True,True,False,False,False,False,False
exness_native-S07,97,2026-03-04 07:45:00+00:00,2026-03-04 07:30:00+00:00,7,Wednesday,2,2026,2026-03,LONG,68760.11,69003.91,68627.4,68963.29,68281.05337193562,68155.2665916177,125.7867803179106,0.36943913548507906,2.0037472096141276,2.3731863450992066,64.62260709643718,14.622607096437179,19.5251706382143,30.113866641482776,11.974772279688235,18.13909436179454,340.48038833988363,0.49371250753826224,58.15972222222222,2026-03-04 06:00:00+00:00,68493.81,67738.28259960079,67040.96266724999,54.45527392195072,0.08122686750820261,35.69444444444444,4,both,False,False,0.0,1.3866684383330228,68761.65,68025.28,53.96403813975405,0.8921144192717089,1.105819932348524,1.6058199323485052,0.31930202558232407,69072.00607766797,68525.25588349803,4.062440740912243,0.03801832775248361,13.250806853529046,2026-03-04 07:45:00+00:00,2026-03-04 08:45:00+00:00,69072.00607766797,70712.25666017781,70712.25666017781,0.047582177359717544,26.015564710454317,78.04669413136294,2.9999999999999996,5,Take profit,False,1640.2505825098342,0.0,78.04669413136294,0.0,3.0,0.0,5,0,True,True,True,True,True,True,True,True,True
exness_native-S07,98,2026-03-04 12:45:00+00:00,2026-03-04 12:30:00+00:00,12,Wednesday,2,2026,2026-03,LONG,70632.69,71047.19,70580.75,70964.14,70659.75446356244,69705.55323458061,954.2012289818231,2.3382895173049745,0.7459029473590874,3.0841924646640617,60.389215856689425,10.389215856689425,46.09828685701645,26.298772304908628,14.280435709929462,12.018336594979166,408.07659698256697,0.5750462092298547,73.71527777777777,2026-03-04 11:00:00+00:00,71101.82,68314.35633488692,67228.93684906354,187.9741818135517,0.2796030855516497,77.91666666666667,0,EMA20,True,False,0.19360204468136005,2.1446874726236143,71500.07,70608.87,71.05951462138655,0.8219492324843441,1.14302070603654,1.643020706036548,0.4035157139960959,71128.80531939652,70458.32702090523,4.2877850839378,0.1698186484752297,7.041056779589477,2026-03-04 12:45:00+00:00,2026-03-04 15:45:00+00:00,71128.80531939652,73140.24021487038,73140.24021487038,0.03909251277000617,26.210681445782726,78.63204433734818,3.0,13,Take profit,False,2011.434895473867,0.0,78.63204433734818,0.0,3.0,0.0,13,0,True,True,True,True,True,True,True,True,True
exness_native-S07,99,2026-03-05 10:30:00+00:00,2026-03-05 10:15:00+00:00,10,Thursday,3,2026,2026-03,LONG,72741.27,73468.75,72674.2,73171.52,72542.57083774773,72520.77047871456,21.80035903316457,0.060809478258826766,1.7543780058715512,1.815187484130378,64.13232722075503,14.13232722075503,18.132519069850616,33.4428080225829,14.482424689305565,18.960383333277335,358.5026488859925,0.4899483417673878,56.73611111111111,2026-03-05 09:00:00+00:00,72612.64,70857.8302599962,68303.53776323548,210.11098058377684,0.3076136133857323,79.86111111111111,1,both,False,False,0.0,0.42797318726151495,72897.62,72301.92,54.150147882448984,0.6259140393933739,2.216301615815056,2.7163016158150692,1.0290873189461902,73540.4505297772,72566.6492053342,3.247682290384906,0.09424695246533579,10.431926315194653,2026-03-05 10:30:00+00:00,2026-03-05 13:15:00+00:00,73540.4505297772,72566.6492053342,76461.85450310621,0.027117709633153922,26.407261556626096,-26.407261556626096,-1.0,12,Stop loss,False,41.009470222808886,973.801324443004,1.1120829057116035,26.407261556626096,0.04211276899450258,1.0,2,12,True,False,False,False,False,False,False,False,False
exness_native-S07,100,2026-03-08 15:30:00+00:00,2026-03-08 15:15:00+00:00,15,Sunday,6,2026,2026-03,SHORT,67347.7,67347.7,67118.68,67163.27,67307.65267439187,67353.71468658352,-46.06201219165814,0.17045488518851204,0.5342956378951268,0.7047505230836388,45.39746052955095,4.602539470449052,30.740122287926557,11.999157616283167,24.86529302721663,12.866135410933463,270.2299329275107,0.4023477905818324,42.46527777777778,2026-03-08 14:00:00+00:00,67322.74,68018.48461036586,68482.39683594409,-53.09428997832583,0.07752983603292699,39.30555555555556,0,EMA20,True,False,0.14819722291413984,0.02225766227437219,67427.9,67035.85,80.53008470875457,0.1946991529124542,0.847500487895391,1.3475004878954202,0.3650076270861468,67064.63401341448,67428.76897987825,2.022404991330436,0.08490399327629586,11.744671188082929,2026-03-08 15:45:00+00:00,2026-03-08 19:45:00+00:00,67064.63401341448,67428.76897987825,65972.22911402318,0.07233923085866452,26.34124340273453,-26.341243402734527,-0.9999999999999999,17,Stop loss,False,327.7040134144918,364.13496646376734,23.705856279701816,26.341243402734527,0.8999520606244757,1.0,11,17,True,True,True,True,False,False,False,False,False
exness_native-S07,101,2026-03-10 07:15:00+00:00,2026-03-10 07:00:00+00:00,7,Tuesday,1,2026,2026-03,LONG,69909.92,70430.62,69819.13,70239.41,69844.93376089646,69405.99377828246,438.93998261399975,1.3799193675487638,1.240136291834401,2.6200556593831648,61.67002421352918,11.670024213529182,23.517311875679564,31.481104512269486,15.555629218910438,15.925475293359048,318.09103701016676,0.4528668976720715,55.486111111111114,2026-03-10 06:00:00+00:00,69911.57,68421.805703336,68378.61701502495,79.5319526205567,0.11631114534399109,58.333333333333336,2,EMA20,True,False,0.08112067896973371,1.2987986885790301,70199.42,69751.29,53.88313790904352,0.6873047801272387,1.922374191198749,2.422374191198743,0.8011172203946119,70494.23820740203,69723.70268889696,3.262031150160959,0.1977226126765111,8.423715762842361,2026-03-10 07:15:00+00:00,2026-03-10 13:30:00+00:00,70494.23820740203,69723.70268889696,72805.84476291724,0.03410016756295023,26.275390294227694,-26.275390294227694,-1.0,26,Stop loss,False,804.5717925979698,770.5355185050721,27.43603294401401,26.275390294227694,1.0441722325259346,1.0,10,26,True,True,True,True,True,False,False,False,False
exness_native-S07,102,2026-03-10 15:00:00+00:00,2026-03-10 14:45:00+00:00,14,Tuesday,1,2026,2026-03,LONG,70445.89,71531.24,70389.08,71470.67,70449.11340483215,70217.26968003661,231.8437247955444,0.5035662821804023,2.2188284678362256,2.722394750016628,64.20234317002576,14.202343170025756,23.761803312519007,33.42313572955769,23.015218510233897,10.407917219323796,460.40359134388297,0.644185357915188,92.91666666666667,2026-03-10 13:00:00+00:00,69916.58,68942.58261155334,68526.37582670331,104.88754690818314,0.1530615702973024,67.63888888888889,0,both,True,False,0.13039299857961567,0.37317328360078666,70936.46,69224.11,89.72298101842085,0.9469689010296222,2.480779953662233,2.98077995366222,0.3315584872463798,71623.32071826878,70250.95892259684,3.8196172396587875,0.1398777866133711,9.73776709272146,2026-03-10 15:00:00+00:00,2026-03-10 18:15:00+00:00,71623.32071826878,70250.95892259684,75740.4061052846,0.019098245011738516,26.209701818492125,-26.20970181849212,-0.9999999999999999,14,Stop loss,False,162.32928173121763,1372.361795671939,3.1002043950823235,26.20970181849212,0.11828461142182815,1.0,1,14,True,False,False,False,False,False,False,False,False
exness_native-S07,103,2026-03-11 16:00:00+00:00,2026-03-11 15:45:00+00:00,15,Wednesday,2,2026,2026-03,LONG,70079.08,70346.46,69886.36,70242.99,70057.52307386206,69909.61395352436,147.90912033770292,0.31780436414545665,0.3985027995346514,0.716307163680108,55.28068119221613,5.280681192216129,23.463370066527155,23.719746424987903,19.91418405474167,3.805562370246232,465.4093430573723,0.6625705185063624,94.27083333333334,2026-03-11 14:00:00+00:00,70588.96,69584.83288336493,68858.78851549765,47.69432690569374,0.06926396460628909,38.333333333333336,0,both,True,True,0.36776888220088666,0.04996451805543,70989.55,69671.75,35.62486415996553,0.7751141056292113,0.9885921004024365,1.4885921004024343,0.42232041866691006,70439.54186861149,69746.7371970828,2.438194937326487,0.08879455747177371,10.96304364290794,2026-03-11 16:00:00+00:00,2026-03-12 01:45:00+00:00,70439.54186861149,69746.7371970828,72517.95588319756,0.03773672239573401,26.144177563945895,-26.144177563945895,-1.0,40,Stop loss,False,893.8281313885091,692.804671528691,33.73014406370583,26.144177563945895,1.2901589266369333,1.0,7,40,True,True,True,True,True,False,False,False,False
exness_native-S07,104,2026-03-12 10:45:00+00:00,2026-03-12 10:30:00+00:00,10,Thursday,3,2026,2026-03,LONG,70138.62,70454.37,70129.52,70377.11,69864.47124461022,69862.07105287674,2.400191733482643,0.009233223369296757,1.972054178106914,1.981287401476211,65.5093589447477,15.509358944747703,31.028354812267683,34.63664661772905,9.668826131586291,24.967820486142756,259.95165907758735,0.36936961332681517,35.520833333333336,2026-03-12 09:00:00+00:00,69942.6,69808.10564092382,69067.28901568995,33.819303028678405,0.04896573111621003,27.916666666666668,3,both,False,False,0.0,1.028841085578305,70394.57,69572.19,73.41542250269714,0.7621671540711195,1.2496554211374886,1.7496554211374642,0.4972091052395617,70506.36033181551,70051.53450227673,2.5444245297669488,0.05422914662299535,12.134514050904752,2026-03-12 10:45:00+00:00,2026-03-12 13:15:00+00:00,70506.36033181551,70051.53450227673,71870.83782043184,0.05733803013448369,26.07881712003603,-26.07881712003603,-1.0,11,Stop loss,False,304.4996681844932,454.82582953877863,17.459411150302756,26.07881712003603,0.6694863141200107,1.0,5,11,True,True,True,False,False,False,False,False,False
exness_native-S07,105,2026-03-12 14:15:00+00:00,2026-03-12 14:00:00+00:00,14,Thursday,3,2026,2026-03,LONG,69977.49,70428.25,69968.13,70391.07,70207.68570247758,70070.67635548042,137.00934699716163,0.44611081724134594,0.5971104937727646,1.0432213110141106,56.75959917762281,6.75959917762281,32.60429597401969,22.07769163641682,19.395238258255173,2.6824533781616466,307.119535554861,0.4363046840385591,54.479166666666664,2026-03-12 13:00:00+00:00,69979.92,69880.24162472087,69115.66527627781,57.17335590755101,0.08272126974255474,47.083333333333336,0,EMA50,True,True,0.7800080253598363,0.33389720811849033,70630.66,69673.93,89.88524732678562,0.9191949926106376,1.4981788741270214,1.9981788741270357,0.3210603549944357,70489.67390711098,69875.99413933355,2.4026289829338277,0.01358614301316667,12.49179684029906,2026-03-12 14:15:00+00:00,2026-03-12 14:30:00+00:00,70489.67390711098,69875.99413933355,72330.71321044327,0.04238956772430304,26.01362007723594,-26.01362007723594,-1.0,2,Stop loss,False,194.65609288902488,613.6797677774302,8.251387632467543,26.01362007723594,0.3171949005162948,1.0,1,2,True,True,False,False,False,False,False,False,False
exness_native-S07,106,2026-03-13 09:30:00+00:00,2026-03-13 09:15:00+00:00,9,Friday,4,2026,2026-03,LONG,71761.59,71840.78,71591.54,71819.01,71549.27923319099,71218.8979915801,330.3812416108849,1.319032383860544,1.07688806607141,2.3959204499319537,62.190565220203084,12.190565220203084,19.92146655384937,28.676653234335877,16.88356577903301,11.793087455302867,250.4724263432601,0.34875505293551123,30.34722222222222,2026-03-13 08:00:00+00:00,71837.0,70444.9357853693,69414.20172289832,109.59228881848685,0.15788165259895887,76.94444444444444,4,EMA20,False,False,0.0,1.48775661201606,72198.76,71380.09,23.03803562830888,0.9126544695875316,0.9950795927470041,1.495079592747029,0.2869157548311085,71890.87448526865,71516.39827209701,2.540791687431771,0.16821164264874994,9.961414982789917,2026-03-13 09:30:00+00:00,2026-03-13 13:15:00+00:00,71890.87448526865,73014.30312478358,73014.30312478358,0.0692930154555619,25.94858602704285,77.84575808112855,3.0,16,Take profit,False,1123.4286395149247,47.06448526865279,77.84575808112855,3.261240105128823,3.0,0.12568084063347632,16,2,True,True,True,True,True,True,True,True,True
exness_native-S07,107,2026-03-15 07:15:00+00:00,2026-03-15 07:00:00+00:00,7,Sunday,6,2026,2026-03,LONG,71456.58,71615.78,71441.29,71615.13,71440.03014597672,71214.81776466915,225.2123813075741,1.479761406125978,1.1504962768813498,2.630257683007328,62.32510255340105,12.325102553401052,37.80619661002937,30.312143019970126,13.700131298617771,16.612011721352353,152.19506359284037,0.2125180301883699,6.736111111111111,2026-03-15 06:00:00+00:00,71457.1,70970.11282569225,70048.68359647956,72.85564389247156,0.10400715638306882,62.77777777777778,0,EMA20,False,False,0.0,1.488039296311973,71664.47,71388.55,90.86480600607378,0.9962748581580941,1.146489221666278,1.6464892216662668,0.20427083497088044,71646.21901271856,71395.63148092214,1.1834482643124644,0.15074881176576194,9.233771671480593,2026-03-15 07:15:00+00:00,2026-03-15 13:00:00+00:00,71646.21901271856,71395.63148092214,72397.98160810783,0.1043276185164883,26.143200422245673,-26.143200422245673,-1.0,24,Stop loss,False,291.56098728143843,250.58753179642372,30.417863455388602,26.143200422245673,1.1635095536928046,1.0,9,24,True,True,True,True,True,False,False,False,False
exness_native-S07,108,2026-03-16 11:45:00+00:00,2026-03-16 11:30:00+00:00,11,Monday,0,2026,2026-03,LONG,73548.23,73665.09,73496.65,73615.15,73445.63528069688,73162.10541452223,283.5298661746492,1.0392140649575536,0.6213175454631523,1.660531610420706,55.28618450270876,5.286184502708757,27.52769984168799,26.97564938411914,16.894343216927197,10.081306167191944,272.83105159496654,0.370618074669367,41.458333333333336,2026-03-16 10:00:00+00:00,73787.48,72103.62400948381,70638.82601225693,145.15796266740654,0.2054931697792081,90.0,2,EMA20,False,False,0.0,1.226196884562888,73850.35,73198.39,39.72928045594712,0.703514604606972,0.6173784069492986,1.1173784069493327,0.3830436810914942,73719.656210319,73414.8006845215,2.7457192394849876,0.13940279530226607,8.166503706434172,2026-03-16 12:00:00+00:00,2026-03-16 14:30:00+00:00,73719.656210319,73414.8006845215,74634.22278771148,0.08554164256321427,26.077842421190056,-26.077842421190056,-1.0,11,Stop loss,False,802.9037896810041,304.8555257974949,68.68170898954261,26.077842421190056,2.633718997156527,1.0,7,11,True,True,True,True,True,True,True,True,False
exness_native-S07,109,2026-03-16 17:45:00+00:00,2026-03-16 17:30:00+00:00,17,Monday,0,2026,2026-03,LONG,73688.7,73971.51,73641.32,73893.21,73669.6334062785,73498.20423083956,171.42917543894146,0.4699632091595075,0.6129223523899725,1.0828855615494801,55.297186332555604,5.297186332555604,20.206467922713546,22.679930237077507,14.65935159753377,8.020578639543738,364.77148018784095,0.49364681841246427,70.38194444444444,2026-03-16 16:00:00+00:00,73762.01,72441.33758503458,70816.48601820601,148.5899165187875,0.20982390524232866,90.41666666666667,2,EMA20,True,False,0.07761957229747113,0.39234363686203644,73955.66,73311.38,61.93706653745325,0.7628638056876609,0.9051968641571285,1.4051968641571162,0.4146549394696879,74044.46429603756,73531.88855594366,3.116638776496585,0.1461409414752257,9.858454518821409,2026-03-16 17:45:00+00:00,2026-03-17 01:00:00+00:00,74044.46429603756,75582.19151631928,75582.19151631928,0.0507488860287683,26.012647815137083,78.03794344541124,3.0,30,Take profit,False,1537.7272202817112,274.9542960375693,78.03794344541124,13.953624232730823,3.0,0.5364169127223963,30,6,True,True,True,True,True,True,True,True,True
exness_native-S07,110,2026-03-17 18:00:00+00:00,2026-03-17 17:45:00+00:00,17,Tuesday,1,2026,2026-03,LONG,74438.32,74608.27,74374.8,74534.22,74149.31072530129,74138.80757371479,10.503151586497552,0.03203166438415525,1.1738652540584031,1.2058969184425583,63.499039006060734,13.499039006060734,23.611407870319983,25.503646130814275,10.860561230765015,14.64308490004926,327.899027054399,0.439930849285602,56.97916666666667,2026-03-17 16:00:00+00:00,74173.27,73552.22795596869,71555.79340199672,124.07456161367008,0.17339555012216223,81.25,2,both,False,False,0.0,0.7197106633868208,74507.19,73993.27,41.075941234417144,0.6828286289458922,0.7120179711947363,1.2120179711947405,0.4258317161389827,74673.84980541088,74276.43029188368,2.5888761309615687,0.03957669367253118,12.221066523253224,2026-03-17 18:00:00+00:00,2026-03-17 22:30:00+00:00,74673.84980541088,74276.43029188368,75866.10834599248,0.06594478072088118,26.207742673750612,-26.207742673750612,-1.0,19,Stop loss,False,152.07019458911964,397.41951352720207,10.028235636361227,26.207742673750612,0.38264400567414747,1.0,5,19,True,True,False,False,False,False,False,False,False
exness_native-S07,111,2026-03-20 15:00:00+00:00,2026-03-20 14:45:00+00:00,14,Friday,4,2026,2026-03,SHORT,69970.29,70108.16,69626.83,69725.41,70243.13708934902,70384.85162960408,-141.71454025505227,0.4283426695008564,1.564868383480937,1.9932110529817932,34.11941494444814,15.880585055551862,18.157481079502084,16.570857518994867,28.672465180821874,12.101607661827007,330.84385550519835,0.4744953891346044,65.625,2026-03-20 13:00:00+00:00,69853.06,70907.62366192865,71432.68427561443,-55.01089275283448,0.07701081558209623,40.0,4,both,False,False,0.0,0.836320895794074,70505.38,69572.24,50.87569858516802,0.2048075125174026,1.4548554914674512,1.9548554914674507,0.4979653342797493,69560.66122889896,70207.41315665156,2.6560654616280432,0.018724721479989558,10.60276244806846,2026-03-20 15:00:00+00:00,2026-03-20 20:00:00+00:00,69560.66122889896,70207.41315665156,67620.40544564115,0.04042078917013497,26.142223317066236,-26.142223317066236,-1.0,21,Stop loss,False,201.01122889896214,646.7519277526007,8.12503250415469,26.142223317066236,0.3108011283359547,1.0,11,21,True,True,False,False,False,False,False,False,False
exness_native-S07,112,2026-03-21 19:30:00+00:00,2026-03-21 19:15:00+00:00,19,Saturday,5,2026,2026-03,SHORT,70404.18,70431.26,70373.18,70395.87,70455.04234536618,70532.70151808423,-77.65917271804938,0.6141843997155964,0.46797731866704045,1.0821617183826369,44.03195242886624,5.968047571133759,23.857464089351,17.56299971549777,24.24093578651325,6.6779360710154805,126.44276336880284,0.17961673514199464,4.270833333333333,2026-03-21 18:00:00+00:00,70366.55,70613.94442529745,71183.37212370757,-38.385956092213746,0.05392545330039139,27.500000000000004,2,EMA20,False,False,0.0,0.8022722327599968,70521.23,70269.1,14.30785123966498,0.3906680440771633,0.4593382685776685,0.9593382685776685,0.3794487829550745,70347.89144732623,70469.19282901063,1.3849619132035365,0.07961947358145545,9.539300164326106,2026-03-21 19:30:00+00:00,2026-03-21 20:30:00+00:00,70347.89144732623,70469.19282901063,69983.98730227302,0.14827377038471107,26.07686775877357,-17.98581321522139,-0.6897229138714353,5,Stop loss,False,46.50144732622721,121.30138168440317,6.89494492340575,17.98581321522139,0.3833546385086752,1.0,1,5,True,True,False,False,False,False,False,False,False
exness_native-S07,113,2026-03-22 19:15:00+00:00,2026-03-22 19:00:00+00:00,19,Sunday,6,2026,2026-03,SHORT,68609.28,68622.81,68274.0,68332.5,68665.3660902642,68812.9141706276,-147.54808036339818,0.7745119876790056,1.7472865561280393,2.521798543807045,35.93684019540258,14.063159804597419,19.218719209537014,10.863866382124531,31.081776150583767,20.217909768459236,190.5045792842513,0.278790589081698,22.01388888888889,2026-03-22 18:00:00+00:00,68600.54,69609.07890232027,70733.77947880042,-103.45558431258542,0.1462605067548978,71.52777777777779,1,EMA20,False,False,0.0,0.9978981678122663,68741.28,68324.48,79.3497892835643,0.16771308162036752,1.830979608524472,2.3309796085244883,0.5070792325296846,68235.89908414315,68679.96137378528,2.3939207680356374,0.22482622963632665,7.876408648888481,2026-03-22 19:30:00+00:00,2026-03-23 05:00:00+00:00,68235.89908414315,68679.96137378528,66903.71221521677,0.058622188447289336,26.031903225735515,-26.031903225735515,-1.0,39,Stop loss,False,910.5590841431549,444.0622896421264,53.37896622303121,26.031903225735515,2.0505210763944453,1.0,8,39,True,True,True,True,True,True,True,False,False
exness_native-S07,114,2026-03-24 19:30:00+00:00,2026-03-24 19:15:00+00:00,19,Tuesday,1,2026,2026-03,SHORT,69600.86,69662.52,69484.8,69512.24,69629.85946332371,70051.12199057009,-421.26252724637743,1.4168234846515213,0.39558709144729287,1.812410576098814,42.80216704136961,7.197832958630393,40.327192525531295,16.054983153325164,21.577501054996723,5.522517901671559,297.3288711049212,0.42773599455998135,52.56944444444444,2026-03-24 18:00:00+00:00,69398.86,70039.62389450935,70410.34125324096,-44.52611519829952,0.06323803351293941,31.38888888888889,2,EMA20,True,False,0.1098465028132798,1.3069769818382415,69725.18,69125.04,49.86495611073305,0.1544001800585311,0.5977219747936535,1.097721974793659,0.2922883805330733,69425.33422577902,69751.71866133148,2.047405374009526,0.12801170974795267,9.823376168131244,2026-03-24 19:30:00+00:00,2026-03-24 20:15:00+00:00,69425.33422577902,69751.71866133148,68446.18091912163,0.07955901274433548,25.966823467671176,-25.96682346767118,-1.0000000000000002,4,Stop loss,False,203.52422577902325,326.3844355524634,16.192186472534324,25.96682346767118,0.6235720935482799,1.0,2,4,True,True,True,False,False,False,False,False,False
exness_native-S07,115,2026-03-26 14:45:00+00:00,2026-03-26 14:30:00+00:00,14,Thursday,3,2026,2026-03,SHORT,69579.73,69744.2,69445.89,69474.53,69549.89036942228,69910.91992790581,-361.02955848352576,1.5221108405278054,0.31772145118991024,1.8398322917177157,43.11941471614278,6.880585283857222,45.09069259497646,16.087009821586495,22.6911218292402,6.604112007653704,237.1900579581547,0.3414057755527885,29.54861111111111,2026-03-26 13:00:00+00:00,69603.58,70424.5352836174,70488.73633818731,-53.29626895709953,0.07560962463761213,42.5,0,EMA20,True,False,0.8192149040749199,0.7028959364528855,69864.5,69167.94,35.26532801448088,0.09600750896718059,1.2576834061595692,1.7576834061595723,0.320747050894728,69398.45198840837,69815.35701738745,2.0212158196532095,0.18512377375235733,8.600522002240446,2026-03-26 14:45:00+00:00,2026-03-26 18:15:00+00:00,69398.45198840837,68147.73690147114,68147.73690147114,0.06212903325352307,25.901906409001995,77.70571922700599,3.0,15,Take profit,False,1250.7150869372272,64.83801159162249,77.70571922700599,4.028322978268228,3.0,0.1555222582716235,15,2,True,True,True,True,True,True,True,True,True
exness_native-S07,116,2026-03-27 16:00:00+00:00,2026-03-27 15:45:00+00:00,15,Friday,4,2026,2026-03,SHORT,66355.22,66422.63,66046.42,66075.08,66486.85301702062,67231.29467707255,-744.4416600519326,2.1253343350233287,1.1755861852882026,3.300920520311531,36.69232544266111,13.307674557338892,52.41298294218764,13.940710839912251,26.90347160235736,12.962760762445109,350.2703775986197,0.530109653440631,81.35416666666667,2026-03-27 14:00:00+00:00,66157.58,68869.69409968104,69970.88349486816,-183.02913600072498,0.2615789980901824,95.27777777777777,0,EMA20,False,False,0.0,2.308687028051258,66594.33,65681.15,74.46373036335947,0.07618085643657267,1.0740559980527709,1.574055998052765,0.2818225057925122,65976.36592448027,66527.71111327958,2.8223038054899696,0.23028692070958695,6.699709206511185,2026-03-27 16:00:00+00:00,2026-03-28 13:30:00+00:00,65976.36592448027,66527.71111327958,64322.33035808233,0.04733181904407319,26.096170707069508,-26.096170707069508,-1.0,87,Stop loss,False,494.4059244802702,551.3451887993142,23.40113175181786,26.096170707069508,0.8967266506069584,1.0,10,87,True,True,True,True,False,False,False,False,False
exness_native-S07,117,2026-03-30 18:00:00+00:00,2026-03-30 17:45:00+00:00,17,Monday,0,2026,2026-03,SHORT,66884.94,66933.34,66719.37,66773.21,67282.38572293981,67314.97745177877,-32.59172883896099,0.11357336643693153,1.7743397795179896,1.887913145954921,35.76941342164913,14.230586578350866,22.20301293661453,16.124453751471695,28.318459209144432,12.194005457672738,286.96630082775187,0.42976262610072485,60.798611111111114,2026-03-30 16:00:00+00:00,67307.94,67045.92824538841,68266.71272918186,-34.93439507824951,0.05117339576146921,22.22222222222222,2,EMA50,False,False,0.0,1.329903374291501,67445.21,66582.04,52.21760059821251,0.25162405944763644,0.7456276203261725,1.2456276203262062,0.387617848662766,66661.97673983444,67019.42989024833,2.698592434784626,0.038906736630195934,7.921805771389439,2026-03-30 18:00:00+00:00,2026-03-31 00:45:00+00:00,66661.97673983444,67019.42989024833,65589.61728859278,0.07282333433111786,26.030930280301835,-26.030930280301835,-1.0,28,Stop loss,False,495.2467398344452,357.45315041388676,36.065518911359945,26.030930280301835,1.3854871310016723,1.0,6,28,True,True,True,True,True,False,False,False,False
exness_native-S07,118,2026-03-31 12:15:00+00:00,2026-03-31 12:00:00+00:00,12,Tuesday,1,2026,2026-03,SHORT,66625.18,66739.66,66499.3,66508.58,66677.36449070505,66933.41873457741,-256.05424387236417,1.005227595322688,0.6626206430062993,1.6678482383289872,41.171305229422444,8.828694770577556,37.225507960236854,17.21236735760211,26.831872170299132,9.619504812697024,254.72265690255773,0.38299217469769725,50.138888888888886,2026-03-31 11:00:00+00:00,66616.85,67013.20847014138,68045.41469911627,-74.18784096284071,0.10902695103099168,55.833333333333336,1,EMA20,True,False,0.24456210551692964,0.7606654898057582,66816.78,66174.48,48.51056748210642,0.038608753536357183,0.9436145293190331,1.4436145293189924,0.23643178079577654,66448.3554686195,66816.07679707077,2.4005990409589777,0.11518877370848607,10.135423426679715,2026-03-31 12:15:00+00:00,2026-03-31 12:30:00+00:00,66448.3554686195,66816.07679707077,65345.19148326569,0.07061285529441927,25.965852954601083,-25.965852954601083,-1.0,2,Stop loss,False,2.3754686195024988,367.7213284512691,0.16773862188536384,25.965852954601083,0.006459969644696036,1.0,1,2,True,False,False,False,False,False,False,False,False
exness_native-S07,119,2026-04-02 08:45:00+00:00,2026-04-02 08:30:00+00:00,8,Thursday,3,2026,2026-04,SHORT,66658.5,66721.49,66473.33,66494.61,66722.97444360927,67152.95837741188,-429.98393380260677,2.0250554745632083,1.0755068512369965,3.1005623258002046,39.12689732464237,10.873102675357629,29.035708650202636,15.602092769893993,25.316456648835462,9.71436387894147,212.33192828722463,0.3193220146523525,31.73611111111111,2026-04-02 07:00:00+00:00,66900.3,67653.98710763112,67982.33283343882,-70.77738070166379,0.10411143270866127,54.58333333333333,0,EMA20,False,False,0.0,2.032046621025459,66917.05,66557.5,66.042069632494,0.08575112830431389,1.1687361481703953,1.6687361481703968,0.3002204433956635,66430.86361434255,66785.18957848617,2.3476672154614624,0.1894982985306783,8.283604375409585,2026-04-02 08:45:00+00:00,2026-04-02 14:30:00+00:00,66430.86361434255,66785.18957848617,65367.885721911705,0.07309918251352406,25.90093832221458,-25.90093832221458,-1.0,24,Stop loss,False,745.513614342548,354.32596414361615,54.4964357611429,25.90093832221458,2.1040332625479707,1.0,20,24,True,True,True,True,True,True,True,False,False
exness_native-S07,120,2026-04-05 12:15:00+00:00,2026-04-05 12:00:00+00:00,12,Sunday,6,2026,2026-04,SHORT,66977.61,66979.12,66879.19,66891.15,66961.24196081431,67010.46571455624,-49.223753741927794,0.5792283579721367,0.8247898277400548,1.4040181857121916,43.17468368755938,6.82531631244062,20.987621419454168,20.740390828667074,24.741284190465045,4.000893361797971,84.9816019268443,0.12704461192077623,2.7083333333333335,2026-04-05 11:00:00+00:00,66978.35,67054.08522621886,67430.46227432803,-24.83977265280555,0.03683761287554229,14.305555555555555,0,EMA20,True,False,0.21037540809215974,0.36885294987997697,67070.87,66952.46,86.52056439508901,0.11968377864497835,1.1759015802740094,1.6759015802740274,0.34073634444180195,66862.19367961463,67004.61448057805,0.9729135870470211,0.04640582751255114,9.113744462816564,2026-04-05 12:30:00+00:00,2026-04-05 15:15:00+00:00,66862.19367961463,67004.61448057805,66434.93127672438,0.15456379490154923,25.83618597640904,-22.013099469823903,-0.8520258946085932,12,Stop loss,False,201.39367961462995,142.4208009634167,31.12817139042398,22.013099469823903,1.4140748981348692,1.0,2,12,True,True,True,True,True,False,False,False,False
exness_native-S07,121,2026-04-06 07:30:00+00:00,2026-04-06 07:15:00+00:00,7,Monday,0,2026,2026-04,LONG,68877.54,69086.48,68877.54,69051.08,68995.8164770448,68607.73578769673,388.0806893480767,1.9317397159163068,0.2750838809149159,2.2068235968312226,54.542627298617866,4.542627298617866,43.58020870905553,28.275343821683087,16.958621444497812,11.316722377185275,200.89698738941826,0.29093967449809366,33.71527777777778,2026-04-06 06:00:00+00:00,68965.86,67683.16617639242,67545.85636983807,80.08082249241124,0.11855771293199642,69.30555555555556,1,EMA20,True,False,0.5887419148578132,1.3429978010584938,69343.53,68780.8,83.05733703455836,0.8305733703455835,1.0400355063313793,1.5400355063313933,0.37620971055865576,69126.65939747788,68817.27090378317,1.9373417925942997,0.27221273115323746,5.7561876363536975,2026-04-06 07:30:00+00:00,2026-04-06 09:15:00+00:00,69126.65939747788,70054.82487856202,70054.82487856202,0.08332938604101339,25.78115322773448,77.34345968320345,3.0,8,Take profit,False,928.1654810841428,198.4793974778877,77.34345968320345,16.539166333622642,3.0,0.641521587010715,8,2,True,True,True,True,True,True,True,True,True
exness_native-S07,122,2026-04-06 14:30:00+00:00,2026-04-06 14:15:00+00:00,14,Monday,0,2026,2026-04,LONG,69343.57,69641.27,69338.97,69542.98,69462.90173743009,69214.17507036419,248.72666706590098,1.0687308668620452,0.3440809623781415,1.4128118292401868,54.30485993789575,4.304859937895749,33.555511997310006,17.876147658196434,11.851993589268767,6.0241540689276665,232.73087245641173,0.3346576066432755,46.111111111111114,2026-04-06 13:00:00+00:00,69418.83,68117.636234709,67675.08951254048,97.47627024554822,0.14403567242786647,75.0,0,both,True,False,0.532510947610955,0.5362199192510902,69694.45,69119.49,65.96427390009495,0.6748594111809223,1.2989252212622577,1.798925221262215,0.6223333112731317,69687.81617449128,69269.15073826308,2.142589272134528,0.2649890254915588,5.9304775138886345,2026-04-06 14:30:00+00:00,2026-04-06 22:30:00+00:00,69687.81617449128,69269.15073826308,70943.81248317588,0.06204121388894582,25.974511876942486,-25.974511876942486,-1.0,33,Stop loss,False,678.3038255087158,418.6654362281988,42.08279272007642,25.974511876942486,1.6201572110170515,1.0,10,33,True,True,True,True,True,True,False,False,False
exness_native-S07,123,2026-04-08 08:00:00+00:00,2026-04-08 07:45:00+00:00,7,Wednesday,2,2026,2026-04,LONG,71635.84,71644.22,71574.97,71639.45,71617.37883116472,71046.57359843935,570.8052327253681,2.749802653358291,0.10632586238948889,2.85612851574778,55.20627219225112,5.20627219225112,48.356017192486306,23.695914242981058,13.52170808483661,10.174206158144449,207.5804356462645,0.2897571598417695,30.729166666666668,2026-04-08 06:00:00+00:00,71725.8,69520.61785595273,68316.5656192372,164.65090723919275,0.24101168691189134,96.38888888888889,0,EMA20,True,False,0.20430071375796446,2.5455019396003267,71901.04,71608.7,5.212996389892537,0.9311191335739484,0.33360562031967284,0.8336056203196652,0.22297904417218836,71685.73608712925,71512.69586930612,3.357244751437801,0.20662575698501884,5.558317831438425,2026-04-08 08:00:00+00:00,2026-04-08 10:30:00+00:00,71685.73608712925,71512.69586930612,72204.85674059864,0.1445731160004203,25.909575597250132,-25.016963484081465,-0.9655489488888656,11,Stop loss,False,271.68391287075065,173.04021782313066,39.27818985091112,25.016963484081465,1.5700622450004456,1.0,5,11,True,True,True,True,True,True,False,False,False
exness_native-S07,124,2026-04-08 12:15:00+00:00,2026-04-08 12:00:00+00:00,12,Wednesday,2,2026,2026-04,LONG,71692.35,71863.61,71682.42,71845.0,71648.3719687352,71348.73874836354,299.63322037165926,1.5861053206674744,1.0408484286042483,2.6269537492717228,59.11500174762047,9.115001747620468,25.822145210551597,23.717087061817292,16.257697991413,7.459389070404292,188.91130145478976,0.2629428651329804,24.82638888888889,2026-04-08 11:00:00+00:00,71690.59,69907.08197940051,68479.32168836253,162.75606912533112,0.23767184766520566,95.41666666666667,0,EMA20,False,False,0.0,1.7663382183427256,71724.03,71400.36,84.24857883988753,0.8972901374248008,0.9591273714419076,1.459127371441911,0.2985118405129118,71901.39226029096,71625.74660956356,3.289243972546893,0.25277887952754463,5.333995011658613,2026-04-08 12:30:00+00:00,2026-04-08 13:00:00+00:00,71901.39226029096,72728.32921247315,72728.32921247315,0.09376905864588289,25.847033188539925,77.54109956561977,3.0,3,Take profit,False,826.9369521821936,11.072260290951817,77.54109956561977,1.0382354245647414,3.0,0.04016845635595326,3,2,True,True,True,True,True,True,True,True,True
exness_native-S07,125,2026-04-08 17:15:00+00:00,2026-04-08 17:00:00+00:00,17,Wednesday,2,2026,2026-04,LONG,71595.54,71803.31,71578.09,71777.96,71502.13104889725,71444.5630676044,57.56798129285744,0.19410415623922406,0.9300229853082072,1.1241271415474312,57.11672527677426,7.116725276774261,18.839967395707088,24.54019461253116,20.921584879031435,3.6186097334997243,296.5829398413688,0.41319499724061365,71.77083333333333,2026-04-08 16:00:00+00:00,71594.3,70192.59041497868,68626.1027356242,146.7810472616693,0.21388515653749113,91.80555555555556,0,both,False,False,0.0,0.4502178462018765,71699.29,71187.17,80.99635911553675,0.8874433886866568,0.75938285634522,1.259382856345234,0.28547356099968063,71862.62658796828,71489.11511804759,3.501915018240135,0.235038070210903,6.122718481230858,2026-04-08 17:30:00+00:00,2026-04-08 18:15:00+00:00,71862.62658796828,71489.11511804759,72983.16099773035,0.06971910646541436,26.04088593745398,-26.04088593745398,-1.0,4,Stop loss,False,109.1634120317176,373.5114699206897,7.610775545567215,26.04088593745398,0.2922625429813361,1.0,1,4,True,True,False,False,False,False,False,False,False
exness_native-S07,126,2026-04-09 19:45:00+00:00,2026-04-09 19:30:00+00:00,19,Thursday,3,2026,2026-04,LONG,71820.09,72160.64,71810.47,72106.45,71881.6372043365,71591.1050227122,290.532181624294,0.91149712288991,0.7053133160343242,1.6168104389242344,57.93514327898554,7.935143278985542,18.988812801220277,22.20629828636816,18.52607002948154,3.6802282568866183,318.7417429285559,0.44204331641421246,82.11805555555556,2026-04-09 18:00:00+00:00,71879.6,70948.20404348565,69241.7233542059,137.44025833068008,0.19849341072521362,88.19444444444444,0,EMA20,True,False,0.22327544451072348,0.6882216783791866,72135.46,71733.65,81.77742239483736,0.84524659451123,1.0986010077710056,1.598601007770983,0.3700122472259488,72224.38834858571,71714.84747712144,2.0836138563251603,0.0791809880457387,10.56649589146075,2026-04-09 19:45:00+00:00,2026-04-09 23:15:00+00:00,72224.38834858571,71714.84747712144,73753.01096297851,0.050978803030978966,25.97578372261034,-25.97578372261034,-1.0,15,Stop loss,False,947.4616514142981,509.540871464269,48.300460906855555,25.97578372261034,1.8594419103055952,1.0,11,15,True,True,True,True,True,True,False,False,False
exness_native-S07,127,2026-04-10 14:00:00+00:00,2026-04-10 13:45:00+00:00,13,Friday,4,2026,2026-04,LONG,72074.06,72390.21,72057.46,72325.5,72092.78728116717,71989.9027452923,102.88453587486583,0.4693373582109076,1.0615859006441846,1.5309232588550923,60.12280392975786,10.122803929757858,22.70528852293291,16.585803443153218,15.368651268113668,1.2171521750395495,219.2123300541362,0.3030913440683247,38.15972222222222,2026-04-10 12:00:00+00:00,72265.83,71473.97936975335,69693.1575467675,115.25275495657115,0.16537169359736778,79.58333333333333,0,both,True,False,0.16115553882593564,0.30818181938497197,72495.81,71909.98,75.56423741547779,0.8055296769346164,1.5179346887915692,2.0179346887915837,0.4951932493214548,72434.05246601083,71991.69630098376,2.2369418369288567,0.13776298585522406,9.19634430642053,2026-04-10 14:00:00+00:00,2026-04-11 18:30:00+00:00,72434.05246601083,73761.12096109205,73761.12096109205,0.05857461998233511,25.910844263303815,77.73253278991145,3.0,115,Take profit,False,1327.0684950812138,62.102466010837816,77.73253278991145,3.6376283465507075,3.0,0.140390189898308,115,8,True,True,True,True,True,True,True,True,True
exness_native-S07,128,2026-04-14 13:15:00+00:00,2026-04-14 13:00:00+00:00,13,Tuesday,1,2026,2026-04,LONG,74491.51,74642.43,74431.01,74603.77,74464.47442947103,74280.54364422955,183.9307852414786,1.1149767477666939,0.8444009087592492,1.959377656525943,57.68174692669219,7.681746926692192,23.852238780117965,23.161126265790806,12.480437798467653,10.680688467323153,164.96378566628695,0.2211199054233947,18.194444444444443,2026-04-14 12:00:00+00:00,74482.42,73002.40030205462,71468.6113941451,156.26944994812948,0.21865466097600925,90.69444444444444,0,EMA20,True,False,0.20285924777894815,0.9121174999877458,74524.32,74293.63,53.098098571568556,0.8171412354555423,1.2816146231494092,1.7816146231493697,0.4343544666111783,74675.42275713324,74381.52086430011,2.2992453271700364,0.29387742007646117,5.6854884041852385,2026-04-14 13:15:00+00:00,2026-04-14 13:45:00+00:00,74675.42275713324,75557.12843563265,75557.12843563265,0.08882275423146044,26.10517559527859,78.31552678583577,3.0,3,Take profit,False,881.7056784994056,136.91275713325012,78.31552678583577,12.160968177998308,3.0,0.4658451016202991,3,2,True,True,True,True,True,True,True,True,True
exness_native-S07,129,2026-04-14 15:45:00+00:00,2026-04-14 15:30:00+00:00,15,Tuesday,1,2026,2026-04,LONG,74842.51,75365.1,74829.17,75314.0,74940.4293217902,74592.97957788712,347.449743903082,1.0585496544940818,1.1381303894654977,2.1966800439595797,59.090296123080954,9.090296123080954,32.19660989678523,30.358693412865854,19.806727706275257,10.551965706590597,328.23188069447764,0.4358178833875211,83.50694444444444,2026-04-14 14:00:00+00:00,75056.81,73179.80000201198,71544.74296427167,166.03552752148244,0.23207229580012326,93.88888888888889,0,EMA20,True,False,0.33896561648673207,0.7195840380073497,76112.51,74598.55,87.97604164722979,0.9046517269046236,1.6327786285295607,2.1327786285295676,0.3556826225773513,75430.74637613891,74730.70043579166,2.4161377792553833,0.27932558324062895,5.501860689508331,2026-04-14 15:45:00+00:00,2026-04-14 16:45:00+00:00,75430.74637613891,74730.70043579166,77530.88419718065,0.037570340596785594,26.300964412243182,-26.300964412243182,-1.0,5,Stop loss,False,319.08362386109366,700.0459403472487,11.988080427317911,26.300964412243182,0.4558038343923777,1.0,2,5,True,True,False,False,False,False,False,False,False
exness_native-S07,130,2026-04-16 20:00:00+00:00,2026-04-16 19:45:00+00:00,19,Thursday,3,2026,2026-04,LONG,75246.64,75431.01,75219.36,75363.51,74674.78264846202,74591.73114171044,83.05150675158075,0.253063264606194,2.0985963870000623,2.3516596516062562,66.53772595104128,16.53772595104128,19.373584816694343,29.96913050474158,13.373187912152247,16.595942592589335,328.1847599683102,0.43546904857312274,85.76388888888889,2026-04-16 18:00:00+00:00,75044.87,74341.2918825049,72730.23436111127,88.411364248459,0.12156067559123994,56.94444444444444,4,both,False,False,0.0,1.9124253617083542,75330.8,74363.58,55.21852114339644,0.6810772501771706,0.644911116593078,1.1449111165930772,0.40567682669515776,75496.64695199365,75120.9045720095,2.2924918553806175,0.02715568592509542,11.477160304776696,2026-04-16 20:00:00+00:00,2026-04-16 20:15:00+00:00,75496.64695199365,75120.9045720095,76623.8740919461,0.06982233945055474,26.235212001212577,-26.235212001212577,-1.0,2,Stop loss,False,58.843048006354365,375.742379984149,4.108559272204963,26.235212001212577,0.1566047673643753,1.0,1,2,True,False,False,False,False,False,False,False,False
exness_native-S07,131,2026-04-17 11:30:00+00:00,2026-04-17 11:15:00+00:00,11,Friday,4,2026,2026-04,LONG,75330.35,75505.48,75327.65,75476.05,75344.32223714676,75120.1456395421,224.17659760465904,0.8181839462540719,0.4807707048554557,1.2989546511095276,55.5249615970528,5.524961597052801,29.858438117731914,26.074755669833955,17.332213151467286,8.742542518366669,273.9929066452804,0.36301966868335106,64.40972222222221,2026-04-17 10:00:00+00:00,75290.78,74694.56942018504,73076.40914058458,118.61110781414027,0.16231107851229515,74.72222222222223,0,EMA20,True,False,0.06084915610003944,0.7573347901540324,75907.46,75097.81,81.93218242141127,0.8345048641961833,0.6490314007662464,1.1490314007662632,0.3074115398107581,75560.27858132905,75245.45212800641,2.3831207064923543,0.09115358449737218,8.086464639906504,2026-04-17 11:30:00+00:00,2026-04-17 13:00:00+00:00,75560.27858132905,76504.757941297,76504.757941297,0.08312396780835275,26.169623971209543,78.50887191362862,3.0,7,Take profit,False,944.4793599679397,170.84858132906083,78.50887191362862,14.20161197449959,3.0,0.5426754312604363,7,2,True,True,True,True,True,True,True,True,True
exness_native-S07,132,2026-04-17 17:45:00+00:00,2026-04-17 17:30:00+00:00,17,Friday,4,2026,2026-04,LONG,77273.55,77573.57,77273.55,77497.78,77349.29456699203,76518.7162463526,830.5783206394262,1.9408151271837772,0.34696640568036957,2.287781532864147,56.42722438621654,6.427224386216537,38.883598043406316,22.031163816305973,19.65948045661433,2.3716833596916445,427.95334239002875,0.5522136793983372,96.94444444444444,2026-04-17 16:00:00+00:00,77902.67,75231.57272191119,73314.79155511525,213.1468835912092,0.29072834972322537,100.0,0,EMA20,True,False,0.176992581875888,1.7638225453078893,78402.38,77129.87,74.73835077661252,0.7473835077661252,0.7010577328931605,1.2010577328931773,0.3770987453369028,77659.16066847801,77145.16399728299,2.5803011700916936,0.22719957042404623,6.517740969012147,2026-04-17 17:45:00+00:00,2026-04-17 18:00:00+00:00,77659.16066847801,77145.16399728299,79201.15068206309,0.05129585000948307,26.365896150993617,-26.365896150993617,-1.0,2,Stop loss,False,38.08933152198733,513.9966711950256,1.9538246367133378,26.365896150993617,0.07410423774424624,1.0,1,2,True,False,False,False,False,False,False,False,False
exness_native-S07,133,2026-04-17 20:00:00+00:00,2026-04-17 19:45:00+00:00,19,Friday,4,2026,2026-04,LONG,77380.38,77523.17,77259.54,77433.43,77336.68498534619,76762.59815035317,574.0868349930242,1.6308822153564653,0.2748359903170489,1.9057182056735142,54.80762538412025,4.80762538412025,22.44124060894332,19.346784622511034,19.530748652315825,-0.1839640298047911,352.0099916397365,0.45459692491955545,89.65277777777779,2026-04-17 18:00:00+00:00,77186.96,75395.43415813486,73394.99724051681,219.78058456711005,0.29944899901949024,99.86111111111111,0,EMA20,True,False,0.21915566937983433,1.4117265459766308,77438.75,76991.64,20.122899518259462,0.6595986799681233,0.7489276050715513,1.2489276050715425,0.4549359453746563,77593.57199832794,77153.93700250807,2.5354379670134195,0.15558067658412866,7.009034760200564,2026-04-17 20:00:00+00:00,2026-04-17 23:15:00+00:00,77593.57199832794,77153.93700250807,78912.47698578755,0.05982231091856013,26.299981410616134,-26.299981410616134,-1.0,14,Stop loss,False,63.84800167205685,439.6349958198698,3.819535007554532,26.299981410616134,0.1452295706191167,1.0,1,14,True,False,False,False,False,False,False,False,False
exness_native-S07,134,2026-04-20 09:15:00+00:00,2026-04-20 09:00:00+00:00,9,Monday,0,2026,2026-04,LONG,74755.55,75109.68,74719.23,75066.11,74734.08005010024,74690.77725076783,43.30279933240672,0.15642698465682545,1.1994246256432504,1.355851610300076,61.522484100053866,11.522484100053866,30.111849628115444,31.695014958796392,13.694072360764421,18.00094259803197,276.8243562797416,0.36877407964758213,70.27777777777777,2026-04-20 08:00:00+00:00,74755.25,75227.66669027806,74422.75908019453,12.405846738329274,0.01666942598158892,9.583333333333334,0,both,True,False,0.053644304640720425,0.10278268001610502,75040.58,74629.14,79.53899346907414,0.8884108080420213,1.4104611503383482,1.9104611503383513,0.3573922200543891,75165.04487125594,74636.18269311608,1.9945825202109353,0.013390334852536483,9.213469208303188,2026-04-20 09:15:00+00:00,2026-04-21 08:45:00+00:00,75165.04487125594,76751.63140567555,76751.63140567555,0.049605043698457474,26.234231457089592,78.70269437126878,3.0,95,Take profit,False,1586.5865344196063,439.2248712559376,78.70269437126878,21.787768932100143,3.0,0.8305091371835165,95,24,True,True,True,True,True,True,True,True,True
exness_native-S07,135,2026-04-22 18:45:00+00:00,2026-04-22 18:30:00+00:00,18,Wednesday,2,2026,2026-04,LONG,78918.94,79041.59,78871.95,78981.74,78869.97665464533,78439.25443896177,430.72221568356326,1.7202448569895252,0.4463673176021359,2.1666121745916613,56.74968656333029,6.749686563330293,35.72806574939964,19.785632145882644,14.218038661055878,5.567593484826766,250.38424845945403,0.3170153613473874,52.326388888888886,2026-04-22 17:00:00+00:00,78936.11,76998.17908091932,75409.59170387244,183.58678084766143,0.24345282436827442,95.69444444444444,1,EMA20,False,False,0.0,1.7281261249478994,79032.48,78714.32,37.01957085593205,0.6471940580052377,0.6775186579976499,1.1775186579976413,0.43903260835388463,79091.66684969189,78796.83472546216,2.447480266675749,0.28196666865720155,5.201125202794478,2026-04-22 18:45:00+00:00,2026-04-22 19:00:00+00:00,79091.66684969189,78796.83472546216,79976.16322238106,0.08964758593410103,26.43098819301776,-26.43098819301776,-1.0,2,Stop loss,False,102.79315030811995,294.8321242297243,9.215157775684148,26.43098819301776,0.348649763239594,1.0,1,2,True,True,False,False,False,False,False,False,False
exness_native-S07,136,2026-04-26 10:00:00+00:00,2026-04-26 09:45:00+00:00,9,Sunday,6,2026,2026-04,LONG,77984.11,78023.2,77959.9,78017.46,77968.17979599636,77808.5690688393,159.6107271570654,1.603114478850822,0.4949655324934888,2.0980800113443108,58.47114738361231,8.471147383612312,31.393635000974474,28.551777148081115,17.869090113640798,10.682687034440317,99.56290038093904,0.12761617768758304,5.555555555555555,2026-04-26 08:00:00+00:00,78048.06,77682.33524401404,76798.29481203738,61.26387458159297,0.07977244121309639,36.666666666666664,0,EMA20,True,False,0.08316145838143635,1.5199530204693859,78237.44,77937.96,52.68562401264501,0.909320695102837,0.6357789875326038,1.135778987532558,0.2576519966576311,78043.11258007618,77930.03112988571,0.9415887343475979,0.05945658444731125,8.83637400761182,2026-04-26 10:00:00+00:00,2026-04-26 12:45:00+00:00,78043.11258007618,77930.03112988571,78382.35693064758,0.13512998060134254,26.364910722535214,-15.280694170609607,-0.579584521693394,12,Stop loss,False,127.84741992382624,113.08145019046788,17.276019374238334,15.280694170609607,1.1305781780167075,1.0,6,12,True,True,True,True,True,False,False,False,False
exness_native-S07,137,2026-05-01 17:15:00+00:00,2026-05-01 17:00:00+00:00,17,Friday,4,2026,2026-05,LONG,78198.74,78326.14,78106.4,78322.52,78201.00226089697,77748.68716104784,452.3150998491328,1.6283564678339184,0.4374698003470892,2.0658262681810076,57.668856552333374,7.668856552333374,39.100840817621766,22.98938685366843,19.500889588435285,3.4884972652331463,277.77400635796533,0.35465407185310854,77.1875,2026-05-01 16:00:00+00:00,78199.51,76919.27464238006,76841.68305026749,75.86346351218526,0.09872696757898666,52.5,0,EMA20,True,False,0.34057276322344743,1.287783704610471,78688.77,78148.21,56.33020842814048,0.9835259852553233,0.791074740509837,1.2910747405098444,0.2130321769392824,78381.69480127159,78023.0677980926,1.5537200749924704,0.2700374197137563,6.2673887479543415,2026-05-01 17:30:00+00:00,2026-05-01 20:30:00+00:00,78381.69480127159,78023.0677980926,79457.57581080856,0.07340972306530161,26.32670898710869,-26.326708987108695,-1.0000000000000002,13,Stop loss,False,244.395198728409,358.62700317899,17.94098385714186,26.326708987108695,0.6814746144657486,1.0,4,13,True,True,True,False,False,False,False,False,False
exness_native-S07,138,2026-05-02 14:00:00+00:00,2026-05-02 13:45:00+00:00,13,Saturday,5,2026,2026-05,LONG,78354.64,78396.86,78309.42,78368.29,78263.08396180501,78236.95801355522,26.125948249784415,0.2764784620691903,1.1133453745849005,1.3898238366540907,59.1110592801376,9.111059280137603,18.57618640572912,27.7373393778015,14.817233119798235,12.920106258003266,94.49541947772498,0.12057864153693412,5.451388888888889,2026-05-02 12:00:00+00:00,78198.28,77655.00489315043,77098.72471973013,58.17325398909452,0.07545293933274042,41.80555555555556,2,both,False,False,0.0,0.766830676505492,78433.39,78170.32,15.610704483067037,0.6732616651417404,0.9253358573704644,1.425335857370458,0.5023426972219246,78415.75908389555,78281.07137415669,1.111150088542918,0.05983361487156422,12.313310704327787,2026-05-02 14:15:00+00:00,2026-05-02 21:30:00+00:00,78415.75908389555,78819.82221311214,78819.82221311214,0.1339572173830257,26.260892214640922,54.12717243693271,2.0611322720694094,30,Take profit,False,404.06312921659264,111.03908389555,54.12717243693271,14.87448669940822,3.0,0.8244188286432017,30,17,True,True,True,True,True,True,True,True,True
exness_native-S07,139,2026-05-03 09:30:00+00:00,2026-05-03 09:15:00+00:00,9,Sunday,6,2026,2026-05,LONG,78389.13,78524.22,78383.25,78491.64,78338.9767335939,78338.09956158345,0.8771720104414271,0.008608489226595281,1.49822391561768,1.5068324048442752,62.07814101126499,12.07814101126499,22.642391835580977,27.186372417958975,15.856082747067223,11.330289670891752,101.89616172504114,0.1298178528631089,8.125,2026-05-03 08:00:00+00:00,78376.59,78062.5288362729,77335.93379740688,48.61770121513109,0.06286560312634548,33.88888888888889,0,EMA50,False,False,0.0,0.44310244519690994,78495.55,78328.0,72.71759948924871,0.7688869972334434,1.3834672240196617,1.8834672240195434,0.519737264372249,78544.599232345,78352.6811514825,0.8704809706525185,0.038965020767947285,9.133140193979099,2026-05-03 09:30:00+00:00,2026-05-03 20:30:00+00:00,78544.599232345,79120.35347493253,79120.35347493253,0.13442660808619,26.396210145733253,77.39668992227493,2.932113719922991,45,Take profit,False,575.754242587529,173.89923234500748,77.39668992227493,23.376683952931614,3.0,0.9061117720825329,45,7,True,True,True,True,True,True,True,True,True
exness_native-S07,140,2026-05-04 15:45:00+00:00,2026-05-04 15:30:00+00:00,15,Monday,0,2026,2026-05,LONG,79705.11,79925.83,79470.27,79912.27,79386.70630159363,79346.27664748805,40.429654105580994,0.09924865088057346,1.290178933572346,1.3894275844529194,60.63288165875495,10.632881658754947,25.59041158105763,26.855413076776276,25.129473636479318,1.7259394402969583,407.35721591047377,0.509755530546778,98.68055555555556,2026-05-04 14:00:00+00:00,80212.13,78895.83799250693,77812.26678406302,66.5563019461406,0.08553445966410557,46.80555555555556,0,both,False,False,0.0,0.3043848191932024,80560.94,78927.35,45.47370269558446,0.9702344367372076,1.1183305025830637,1.6183305025830361,0.23328773732333574,80007.30144318209,79348.06283522687,2.799334444718311,0.09134380880664755,10.916683704763816,2026-05-04 15:45:00+00:00,2026-05-06 08:45:00+00:00,80007.30144318209,81985.01726704776,81985.01726704776,0.04033395731025655,26.58970187053894,79.76910561161681,2.9999999999999996,165,Take profit,False,1977.7158238656702,408.30144318209204,79.76910561161681,16.46841297902264,3.0,0.6193530510121831,165,3,True,True,True,True,True,True,True,True,True
exness_native-S07,141,2026-05-10 19:15:00+00:00,2026-05-10 19:00:00+00:00,19,Sunday,6,2026,2026-05,LONG,81259.25,81374.26,81133.08,81338.74,81239.60782652456,81057.51335905603,182.09446746853064,1.2133586691890732,0.6605520955916695,1.8739107647807427,59.09575683505068,9.095756835050679,31.386988635221787,26.597761144976488,13.625507306612173,12.972253838364315,150.0747240634381,0.184505838255471,22.32638888888889,2026-05-10 18:00:00+00:00,81259.14,80711.42787008638,80011.02384328454,65.5754722165002,0.08195804661235323,46.80555555555556,0,EMA20,True,False,0.7098319000042106,0.5035267691848626,81584.89,81212.01,32.95878596898895,0.8527241064765297,1.6070660899435922,2.107066089943638,0.4366820943477305,81404.27494481269,81088.05758278097,0.7550782467314814,0.10705201236950343,9.722424370433654,2026-05-10 19:15:00+00:00,2026-05-10 20:15:00+00:00,81404.27494481269,81088.05758278097,82352.92703090784,0.08471743759560182,26.78912463456798,-26.78912463456798,-1.0,5,Stop loss,False,70.42505518731195,316.21736203171895,5.966230217997915,26.78912463456798,0.22271090598829232,1.0,1,5,True,False,False,False,False,False,False,False,False
exness_native-S07,142,2026-05-11 13:15:00+00:00,2026-05-11 13:00:00+00:00,13,Monday,0,2026,2026-05,LONG,81041.88,81271.07,81028.71,81250.08,81046.09912838673,81028.79911704994,17.300011336788884,0.09516324010283121,1.1220501700157428,1.217213410118574,58.00846132238517,8.008461322385173,21.8754981660041,21.133306468802928,12.696455093117589,8.43685137568534,181.79300450567771,0.22374501601189525,36.076388888888886,2026-05-11 12:00:00+00:00,81029.57,80895.39507529323,80189.54839498166,39.857855415539234,0.049704551544816504,25.555555555555554,0,both,True,True,0.095653451759657,0.0004902116568257967,81344.01,81000.64,85.90526489519583,0.913393299224273,1.333164610261069,1.8331646102610903,0.3154609884856617,81307.42860090114,80974.1720986483,1.8516447557122993,0.03241649914952822,9.321387643136282,2026-05-11 13:15:00+00:00,2026-05-11 13:30:00+00:00,81307.42860090114,80974.1720986483,82307.19810765967,0.08018493755511882,26.72215182298156,-26.72215182298156,-1.0,2,Stop loss,False,5.241399098857073,333.25650225284335,0.42028125944331046,26.72215182298156,0.015727822453349756,1.0,1,2,True,False,False,False,False,False,False,False,False
exness_native-S07,143,2026-05-11 16:00:00+00:00,2026-05-11 15:45:00+00:00,15,Monday,0,2026,2026-05,LONG,81191.7,81442.92,81167.75,81411.45,81071.91437835433,81041.50000873857,30.414369615755277,0.11694327184843648,1.3055146960458077,1.4224579678942442,60.24389171866691,10.243891718666909,18.12237111342638,22.506816475572926,20.469242455650217,2.037574019922708,260.07797742458933,0.31946117827970066,74.20138888888889,2026-05-11 14:00:00+00:00,80905.29,80900.74734939603,80204.92161752602,41.57347620878136,0.051834071239459836,26.38888888888889,1,both,False,False,0.0,0.48543130222564146,81406.1,80414.2,79.85972308027816,0.8856343351382732,1.058028837062088,1.55802883706206,0.3210021713934853,81494.93559548492,81089.72660677263,1.9568133153874592,0.0015340287239506136,10.223445917290103,2026-05-11 16:00:00+00:00,2026-05-12 01:30:00+00:00,81494.93559548492,81089.72660677263,82710.56256162177,0.06578172544526265,26.655346443424104,-26.655346443424104,-1.0,39,Stop loss,False,635.8844045150909,405.20898871228565,41.82957331273604,26.655346443424104,1.569275169674466,1.0,11,39,True,True,True,True,True,True,False,False,False
exness_native-S07,144,2026-05-14 11:45:00+00:00,2026-05-14 11:30:00+00:00,11,Thursday,3,2026,2026-05,SHORT,79310.48,79364.05,79230.19,79242.2,79559.45124015269,79590.42693145128,-30.97569129859039,0.1737537080796206,1.7795754366875676,1.953329144767188,36.07304971645733,13.926950283542674,19.546874208300547,11.358513688495805,28.581767821913253,17.22325413341745,178.2735553729659,0.22497300096787556,37.638888888888886,2026-05-14 10:00:00+00:00,79537.74,80078.14759489374,80289.96291249795,-31.302372749123606,0.03898665737738318,20.13888888888889,3,both,False,False,0.0,1.2698290050797085,79737.88,79214.97,51.008516360375424,0.0897206036156784,0.7508685161966521,1.2508685161966302,0.2673683765091473,79194.53528892541,79417.5320666119,1.5164345432653066,0.14898515499422382,9.64454815055556,2026-05-14 11:45:00+00:00,2026-05-14 12:15:00+00:00,79194.53528892541,79417.5320666119,78525.54495586597,0.1192335976921501,26.588708077315545,-26.588708077315545,-1.0,3,Stop loss,False,11.595288925411296,222.99677768647962,1.382548014856734,26.588708077315545,0.05199756268098901,1.0,1,3,True,False,False,False,False,False,False,False,False
exness_native-S07,145,2026-05-17 17:00:00+00:00,2026-05-17 16:45:00+00:00,16,Sunday,6,2026,2026-05,SHORT,78131.5,78139.71,77979.19,78008.55,78106.31636234462,78141.81062619673,-35.494263852117,0.27900699085827313,0.7685044174624632,1.0475114083207364,41.850778920704215,8.149221079295785,24.641689872381964,16.61170076302334,25.68095800844237,9.069257245419031,127.21639605850228,0.1630800675804156,19.86111111111111,2026-05-17 15:00:00+00:00,78013.42,78569.57250426922,79614.27628308011,-73.41345411386283,0.0922114192846904,65.83333333333333,0,both,True,False,0.26249476238922576,0.016512228469047374,78168.83,77934.42,76.59481684524917,0.18290555693994417,1.2617870413982382,1.7617870413982375,0.4307878615465489,77953.7467207883,78177.87491881756,0.7863929127297004,0.036064377472333514,12.108002369747886,2026-05-17 17:00:00+00:00,2026-05-17 18:00:00+00:00,77953.7467207883,78177.87491881756,77281.36212670054,0.11833511597527922,26.522236307122256,-26.522236307122256,-1.0,5,Stop loss,False,143.8367207882984,224.12819802925515,17.020935035987147,26.522236307122256,0.6417609299188833,1.0,2,5,True,True,True,False,False,False,False,False,False
exness_native-S07,146,2026-05-18 10:00:00+00:00,2026-05-18 09:45:00+00:00,9,Monday,0,2026,2026-05,SHORT,76910.05,76950.74,76860.55,76888.83,76928.98600213339,77148.72883994033,-219.74283780694532,1.2712348499424353,0.23230659008404728,1.5035414400264826,45.676438960982495,4.323561039017505,39.18776254291772,12.033008521174185,20.94552579075859,8.912517269584406,172.85778297919995,0.22481520785164757,42.46527777777778,2026-05-18 08:00:00+00:00,76966.15,77983.36848064755,79276.78859495115,-119.65904063059133,0.15093830457987545,89.30555555555556,0,EMA20,True,False,0.1258491083923884,1.145385741550047,76999.43,76810.73,23.52810732897285,0.3135602616697872,0.5217583984104143,1.0217583984104281,0.3636026999339673,76825.97844340416,77002.59733489377,1.417993402503711,0.1729535503210322,8.703188005868826,2026-05-18 10:00:00+00:00,2026-05-18 11:30:00+00:00,76825.97844340416,77002.59733489377,76296.12176893535,0.1377447121527721,26.45593071635445,-24.32831836897729,-0.9195790021455597,7,Stop loss,False,220.27844340416777,176.61889148960472,30.342190780167787,24.32831836897729,1.2471963873532335,1.0,5,7,True,True,True,True,True,False,False,False,False
exness_native-S07,147,2026-05-18 14:15:00+00:00,2026-05-18 14:00:00+00:00,14,Monday,0,2026,2026-05,SHORT,76906.48,76918.89,76625.87,76664.33,77058.28166832186,77114.31028653386,-56.028618212003494,0.21770179232102807,1.5307174622263438,1.7484192545473718,40.19848620723271,9.801513792767288,31.793852378289852,18.387086731157773,28.263526093401612,9.87643936224384,257.3640649195134,0.3357024902187411,84.75694444444444,2026-05-18 13:00:00+00:00,76892.5,77819.25579604159,79169.30866469913,-107.47993025202595,0.13575959177214625,84.58333333333333,0,EMA20,False,False,0.0,0.7593145787271194,77760.8,76639.07,82.6394102791587,0.13125383932839352,1.138542787982625,1.6385427879826562,0.3494381121623852,76574.39718701609,76996.09921947586,1.8159371169735885,0.14788852100788372,10.328459122745354,2026-05-18 14:15:00+00:00,2026-05-18 20:00:00+00:00,76574.39718701609,76996.09921947586,75309.29108963678,0.0625918489566449,26.39510992043201,-26.395109920432013,-1.0000000000000002,24,Stop loss,False,589.6471870160894,421.7020324597688,36.90710766742161,26.395109920432013,1.398255501821284,1.0,6,24,True,True,True,True,True,False,False,False,False
exness_native-S07,148,2026-05-22 09:00:00+00:00,2026-05-22 08:45:00+00:00,8,Friday,4,2026,2026-05,SHORT,77247.23,77280.59,77161.19,77188.4,77401.44803331548,77463.39043096475,-61.94239764926897,0.4409207640485795,1.5165267279514056,1.9574474919999851,35.23818840295671,14.761811597043291,24.00215620772366,12.357782882560794,27.29090492121352,14.933122038652726,140.48419285249247,0.1820016904774454,25.833333333333336,2026-05-22 07:00:00+00:00,77320.31,77408.59752199997,78020.50590713827,-28.203533234802308,0.0361488725391896,19.583333333333332,1,EMA20,False,False,0.0,1.3012170782565595,77468.19,77111.84,49.271356783923466,0.22788944723612375,0.849917685225721,1.349917685225794,0.3936872714823452,77133.0931614295,77322.73525785575,1.5710220714548524,0.0861021998166827,12.335850645908515,2026-05-22 09:00:00+00:00,2026-05-22 11:45:00+00:00,77133.0931614295,77322.73525785575,76564.16687215074,0.13653865580381958,26.329122145630933,-25.8934769298586,-0.9834538647599907,12,Stop loss,False,59.93316142949334,189.64209642625065,8.183193299656347,25.8934769298586,0.3160330040582554,1.0,10,12,True,True,False,False,False,False,False,False,False
exness_native-S07,149,2026-05-22 13:45:00+00:00,2026-05-22 13:30:00+00:00,13,Friday,4,2026,2026-05,SHORT,77215.64,77282.16,77019.86,77120.51,77299.4557396315,77361.7894383102,-62.33369867868896,0.44438152568987366,1.2757173483809496,1.7200988740708232,38.12010696722833,11.879893032771669,21.650994174844648,16.347250185020517,28.92594748417119,12.578697299150672,140.27067975411424,0.18188505204920746,26.458333333333332,2026-05-22 12:00:00+00:00,77438.0,77386.92661744732,77984.64639492519,-35.85951221307914,0.04598278490804657,28.749999999999996,0,both,False,False,0.0,0.5676841265029702,77502.1,77210.3,36.267632481892335,0.3837209302325317,1.8699560054873796,2.369956005487392,0.9175412579195107,76991.80586404918,77324.24120392624,1.362603919919288,0.06356183565468157,11.590924820167668,2026-05-22 14:00:00+00:00,2026-05-22 18:45:00+00:00,76991.80586404918,75994.499844418,75994.499844418,0.07900600598907186,26.26438845330628,78.79316535991885,3.0,20,Take profit,False,997.3060196311853,34.844135950814234,78.79316535991885,2.7528960136140634,3.0,0.10481477680351306,20,2,True,True,True,True,True,True,True,True,True
exness_native-S07,150,2026-05-26 07:15:00+00:00,2026-05-26 07:00:00+00:00,7,Tuesday,1,2026,2026-05,SHORT,76830.47,76844.53,76575.04,76608.14,76755.06572704083,76902.7368255797,-147.67109853887814,0.9947906751753539,0.9897694582741503,1.9845601334495042,40.10492266706015,9.895077332939849,31.89381533181518,17.17955521836127,27.63479588383423,10.45524066547296,148.44439360355668,0.19377104522255295,32.15277777777778,2026-05-26 06:00:00+00:00,76830.87,76921.61075823812,77172.95354587503,-24.24223584169522,0.031412865165623804,21.666666666666668,1,both,True,False,0.6026786919154409,0.3921119832599131,76982.27,76683.41,82.50027830346114,0.12282459460464276,1.8154272684741417,2.315427268474179,0.4229791182845653,76545.35112127928,76889.06331808107,0.986241686279257,0.10780372666170025,9.102825028304913,2026-05-26 07:15:00+00:00,2026-05-26 10:15:00+00:00,76545.35112127928,76889.06331808107,75514.21453087391,0.07698700137186502,26.46137136670608,-26.46137136670608,-1.0,13,Stop loss,False,68.79112127928238,343.7121968017891,5.296022148300246,26.46137136670608,0.20014163570387533,1.0,12,13,True,False,False,False,False,False,False,False,False
exness_native-S07,151,2026-05-27 16:15:00+00:00,2026-05-27 16:00:00+00:00,16,Wednesday,2,2026,2026-05,SHORT,75201.8,75280.02,75057.96,75146.33,75224.4969358895,75467.38120825103,-242.88427236152347,0.9740739204536653,0.3134841665598056,1.2875580870134709,45.251009699913936,4.748990300086064,18.803467983723646,18.535081665065718,20.623073915496306,2.087992250430588,249.34891209119175,0.3318178174385785,89.89583333333333,2026-05-27 15:00:00+00:00,75198.37,76109.46960619364,76829.95546827435,-81.21884039524593,0.10571246579569332,75.41666666666667,0,EMA20,True,False,0.2226721730800854,0.7514017473735798,75391.86,74837.62,24.97973520670168,0.39795550752047315,0.8905593296464274,1.3905593296464402,0.5544029900065648,75008.09021758176,75354.82467362736,1.5215194694237884,0.12700531606281262,8.822766120416759,2026-05-27 16:15:00+00:00,2026-05-28 03:15:00+00:00,75008.09021758176,73967.88684944497,73967.88684944497,0.07612516575167902,26.395217938289317,79.18565381486795,3.0,45,Take profit,False,1040.2033681367902,277.7397824182408,79.18565381486795,21.142986972423845,3.0,0.8010158136165074,45,17,True,True,True,True,True,True,True,True,True
exness_native-S07,152,2026-05-28 13:15:00+00:00,2026-05-28 13:00:00+00:00,13,Thursday,3,2026,2026-05,SHORT,73398.35,73458.21,73197.84,73201.0,73298.30136145443,73511.08470736894,-212.78334591450403,1.2070485300682383,0.5519579777846019,1.7590065078528403,44.799727153021486,5.200272846978514,18.696283077268472,18.37122705072578,25.021537619242938,6.65031056851716,176.28400235280904,0.24082184991025948,57.08333333333333,2026-05-28 12:00:00+00:00,73400.19,74791.67274994426,76275.5874769755,-151.00663516658824,0.19797505356765818,98.75,1,EMA20,True,False,0.9071080552479062,0.2999404748203322,73459.19,73115.75,75.79598264008845,0.012136574874230413,1.476991652815517,1.976991652815565,0.21792561978304467,73162.58319952943,73511.09520070585,1.8034633746177493,0.21541334894137476,7.614489864924972,2026-05-28 13:15:00+00:00,2026-05-28 17:45:00+00:00,73162.58319952943,73511.09520070585,72117.04719600016,0.07630492488941448,26.593182072826483,-26.593182072826483,-1.0,19,Stop loss,False,716.2931995294348,348.5120011764229,54.6566987888919,26.593182072826483,2.055289909993184,1.0,4,19,True,True,True,True,True,True,True,False,False
exness_native-S07,153,2026-05-31 10:00:00+00:00,2026-05-31 09:45:00+00:00,9,Sunday,6,2026,2026-05,SHORT,73866.29,73894.73,73691.66,73739.54,73855.57324102183,73870.35074653695,-14.777505515114171,0.14047143561464961,1.102984257301599,1.2434556929162486,40.278151558274594,9.721848441725406,18.893814677359714,15.618198262173992,25.371479717228,9.753281455054006,105.19936277758836,0.1426634377941446,11.284722222222223,2026-05-31 08:00:00+00:00,73830.19,73781.8359781318,74954.544773889,-53.750241931396886,0.07171045077192063,44.166666666666664,0,both,True,True,0.37221479241226435,0.23174335679761474,73923.07,73732.6,62.416900576158326,0.23578076525332098,1.9303348864319776,2.4303348864319423,0.6551358367180724,73670.62012744449,73926.28980883327,0.746785307651547,0.05665712057946982,13.906431935972195,2026-05-31 10:15:00+00:00,2026-05-31 23:00:00+00:00,73670.62012744449,73926.28980883327,72903.61108327814,0.10375379268105989,26.52669911764442,-26.52669911764442,-1.0,52,Stop loss,False,389.1701274444931,255.66968138878292,40.37787672053759,26.52669911764442,1.5221598639719167,1.0,26,52,True,True,True,True,True,True,False,False,False
exness_native-S07,154,2026-06-01 09:45:00+00:00,2026-06-01 09:30:00+00:00,9,Monday,0,2026,2026-06,SHORT,72906.91,72956.81,72813.22,72862.77,72988.30986412487,73247.36433284404,-259.0544687191723,1.3602546216303235,0.6591902514517292,2.019444873082053,40.22842100790472,9.771578992095279,35.33145749935167,13.372334929150174,26.20658497257575,12.834250043425577,190.44557143917982,0.2613756949388279,67.22222222222223,2026-06-01 08:00:00+00:00,72814.49,73580.26251375033,74644.41758823022,-81.87941936349671,0.10969262271584432,67.77777777777779,0,EMA20,False,False,0.0,1.5256554964672966,73010.19,72508.48,30.740302249460612,0.34507974092906274,0.7539687004265837,1.253968700426624,0.46017932381184373,72775.13088571216,73013.94367143176,1.2684678173494992,0.1501511007059334,9.688027691225113,2026-06-01 09:45:00+00:00,2026-06-01 12:00:00+00:00,72775.13088571216,72058.69252855338,72058.69252855338,0.11079968892837753,26.460382369850308,79.38114710955092,3.0,10,Take profit,False,716.4383571587823,47.929114287835546,79.38114710955092,5.310530953704833,3.0,0.20069743813512686,10,2,True,True,True,True,True,True,True,True,True
exness_native-S07,155,2026-06-01 18:15:00+00:00,2026-06-01 18:00:00+00:00,18,Monday,0,2026,2026-06,SHORT,71547.52,71595.45,71352.78,71383.48,71516.93539485495,72036.95291801907,-520.0175231641188,1.7681362009662294,0.4537680065500834,2.221904207516313,42.89979382036525,7.100206179634753,54.11002334527713,14.231811982214829,24.737565579710047,10.505753597495218,294.1049014662705,0.4120069538025752,97.63888888888889,2026-06-01 17:00:00+00:00,71549.87,73053.83701631436,74406.35134116413,-153.5800076481537,0.2064071210049887,99.16666666666667,0,EMA20,True,False,0.2669612262618049,1.5011749747044245,71705.01,71219.5,67.5979725553259,0.12650925124653772,0.8251137563167369,1.3251137563167135,0.30438452350484907,71293.95901970674,71683.68147043987,1.8326571048179998,0.22321944494890322,6.133482627578686,2026-06-01 18:15:00+00:00,2026-06-02 02:00:00+00:00,71293.95901970674,70124.79166750736,70124.79166750736,0.0684046689829516,26.658835237624185,79.97650571287257,3.0000000000000004,32,Take profit,False,1169.1673521993798,318.3609802932624,79.97650571287257,21.777377474048592,3.0,0.8168915588372635,32,9,True,True,True,True,True,True,True,True,True
exness_native-S07,156,2026-06-03 15:45:00+00:00,2026-06-03 15:30:00+00:00,15,Wednesday,2,2026,2026-06,SHORT,66498.52,66580.35,66110.78,66198.21,66731.30624435421,66881.16193790094,-149.85569354672043,0.4711154947993297,1.675945004093531,2.1470604988928605,33.06014494033846,16.93985505966154,20.810162237624887,8.80295776979012,23.88524036700071,15.082282597210588,318.08695574861326,0.4805068834166562,97.15277777777777,2026-06-03 14:00:00+00:00,66763.0,68602.79836603545,72183.81819877174,-268.72499649986275,0.37227872285707836,96.94444444444444,3,EMA20,False,False,0.0,0.9456908950980801,66891.74,66147.5,63.95425602146501,0.1861916221223806,1.476231550881678,1.9762315508816803,0.47486194708687995,66047.16260885028,66675.7760867246,3.3498083415107924,0.057680585233474656,12.405478332572594,2026-06-03 15:45:00+00:00,2026-06-03 23:30:00+00:00,66047.16260885028,64161.32217522734,64161.32217522734,0.0427270134148739,26.85877650190637,80.57632950571912,3.0000000000000004,32,Take profit,False,1885.8404336229432,241.09739114971308,80.57632950571912,10.301371465944891,3.0,0.3835383739543655,32,2,True,True,True,True,True,True,True,True,True
exness_native-S07,157,2026-06-04 07:15:00+00:00,2026-06-04 07:00:00+00:00,7,Thursday,3,2026,2026-06,SHORT,63980.41,64012.41,63635.01,63751.91,64004.42387967584,64392.167940394946,-387.744060719102,0.873729324218184,0.5690062177502091,1.4427355419683932,45.31197941319508,4.688020586804917,23.142925173053506,18.80051635110999,27.17967811132091,8.37916176021092,443.7805278723553,0.6961054623655281,99.09722222222223,2026-06-04 06:00:00+00:00,63976.81,66638.3197581963,71056.59287835195,-365.4321441765933,0.5142832344948045,99.30555555555556,0,EMA20,True,False,0.01799565285671323,0.8557336713614707,64434.08,63819.97,60.54583995760443,0.3097509273979889,0.8504203683955982,1.3504203683955962,0.46341849778868166,63546.25389442553,64145.54415836171,3.8915619424127983,0.1759092410768836,6.062547801501038,2026-06-04 07:15:00+00:00,2026-06-04 13:30:00+00:00,63546.25389442553,64145.54415836171,61748.383102616994,0.04515377431286362,27.060217325670664,-27.060217325670664,-1.0,26,Stop loss,False,1421.7338944255316,599.2902639361782,64.19665140183912,27.060217325670664,2.3723627430345506,1.0,18,26,True,True,True,True,True,True,True,False,False
exness_native-S07,158,2026-06-04 17:30:00+00:00,2026-06-04 17:15:00+00:00,17,Thursday,3,2026,2026-06,SHORT,63509.57,63509.57,63027.02,63143.05,63566.22346580339,63628.035991480596,-61.812525677203666,0.14262347764911307,0.9764116686784408,1.1190351463275539,43.13820598804768,6.86179401195232,19.619947601143355,16.281782596754375,20.0674612812007,3.7856786844463244,433.39656763437546,0.6863725582378035,98.05555555555556,2026-06-04 16:00:00+00:00,63477.44,65582.71767263646,70329.71822964649,-334.2731272568926,0.4752942791060189,97.77777777777777,0,EMA20,False,False,0.0,0.2733431695761308,63852.44,63346.02,75.95482333436837,0.24045176665631626,1.1134144477283783,1.6134144477283832,0.4677224709769538,62940.34068647312,63639.588970290315,4.601943795977409,0.11795260742652953,8.974702728882061,2026-06-04 17:30:00+00:00,2026-06-04 18:15:00+00:00,62940.34068647312,63639.588970290315,60842.595835021544,0.03860226389831693,26.99256678235649,-26.99256678235649,-1.0,4,Stop loss,False,85.49068647312379,699.2482838171927,3.300134040083798,26.99256678235649,0.12226084561327856,1.0,2,4,True,False,False,False,False,False,False,False,False
exness_native-S07,159,2026-06-05 11:15:00+00:00,2026-06-05 11:00:00+00:00,11,Friday,4,2026,2026-06,SHORT,62493.08,62493.08,62190.45,62263.23,62614.99219315318,62816.42455941613,-201.43236626295402,0.49333997111573114,0.8615216781162833,1.3548616492320145,43.58947523340673,6.410524766593269,21.37090621291535,16.54882506486226,28.56648753414701,12.017662469284751,408.30335682591715,0.6557696361494852,96.52777777777779,2026-06-05 10:00:00+00:00,62493.55,64251.17318344565,69130.7380354376,-338.23835020980914,0.4892734546482383,97.22222222222221,2,EMA20,False,False,0.0,0.7919223636311943,62953.86,62316.72,75.95083104781251,0.24049168952187486,0.7411891059446591,1.2411891059446711,0.3782498203438438,62108.78932863481,62615.57100704778,4.637758117945957,0.0026701807629848657,11.917390070250983,2026-06-05 11:30:00+00:00,2026-06-05 14:00:00+00:00,62108.78932863481,60588.44429339591,60588.44429339591,0.05312955561005853,26.925085365400594,80.77525609620177,2.9999999999999996,11,Take profit,False,1520.3450352389045,297.780671365188,80.77525609620177,15.820954738897322,3.0,0.5875916278143966,11,4,True,True,True,True,True,True,True,True,True
exness_native-S07,160,2026-06-05 17:15:00+00:00,2026-06-05 17:00:00+00:00,17,Friday,4,2026,2026-06,SHORT,61346.21,61479.54,60887.86,61016.13,61153.11596652849,61786.643615692155,-633.5276491636687,1.0282047414733817,0.2223259245051812,1.2505306659785629,45.472939311171025,4.527060688828975,31.67848710467548,17.8066878173578,17.583504631071005,-0.22318318628679634,616.149316969542,1.0098138262284777,99.93055555555556,2026-06-05 16:00:00+00:00,61347.38,63589.969139627945,68667.12956722746,-391.5812240764353,0.5702600742806119,100.0,0,EMA20,True,False,0.5297807276278295,0.49842401384555224,61524.26,59736.06,55.78691184424039,0.21678948080042715,0.9602867092511095,1.4602867092511007,0.4081800571180953,60764.630136606094,61664.38479509086,4.8553345534484444,0.10983694631068844,10.104864780351425,2026-06-05 17:15:00+00:00,2026-06-05 20:45:00+00:00,60764.630136606094,61664.38479509086,58065.3661611518,0.03014935599369325,27.1270235056411,-27.1270235056411,-1.0,15,Stop loss,False,1691.3401366060934,899.754658484766,50.99281588495888,27.1270235056411,1.879779249439396,1.0,9,15,True,True,True,True,True,True,False,False,False
exness_native-S07,161,2026-06-09 09:00:00+00:00,2026-06-09 08:45:00+00:00,8,Tuesday,1,2026,2026-06,SHORT,62943.58,62975.97,62796.46,62811.25,63051.93156027855,63105.06705887468,-53.135498596129764,0.24779375466463152,1.1224019549203534,1.370195709584985,40.627355771759305,9.372644228240695,23.463710592121167,14.08137796983217,27.113263158926433,13.031885189094263,214.4343737316717,0.34139485160965866,69.40972222222223,2026-06-09 07:00:00+00:00,63160.5,62865.82974562849,64958.61598408061,-92.4549474516607,0.14232899831843493,65.55555555555556,2,both,False,False,0.0,0.6020352830009508,63180.74,62711.93,73.71734165227578,0.08239095315024625,0.8371325775625338,1.3371325775625222,0.26897215097850175,62753.573125253664,63040.3003121195,2.8310505460104047,0.02135505045732943,13.799497509733635,2026-06-09 09:00:00+00:00,2026-06-09 14:15:00+00:00,62753.573125253664,61893.39156465616,61893.39156465616,0.09437265521507197,27.059205946876997,81.17761784063099,3.0,22,Take profit,False,860.1815605975062,168.6868747463377,81.17761784063099,15.91942826974416,3.0,0.5883183823278998,22,2,True,True,True,True,True,True,True,True,True
exness_native-S07,162,2026-06-09 17:45:00+00:00,2026-06-09 17:30:00+00:00,17,Tuesday,1,2026,2026-06,SHORT,61700.41,61796.09,61633.02,61641.68,61665.07915642682,62172.07908239132,-506.9999259644974,1.6662711187744668,0.07690205966702489,1.7431731784414917,45.49546564135454,4.504534358645458,39.38633502634441,19.8732686319139,24.35684908641093,4.48358045449703,304.27216810754845,0.49361433385259523,86.21527777777777,2026-06-09 16:00:00+00:00,61349.29,62641.65717679172,64718.62766795496,-152.46631383635395,0.23558335417524115,80.69444444444444,0,EMA20,True,False,0.4305712362323827,1.235699882542084,61841.77,60727.23,36.01520819280267,0.05310602808611951,0.5359346568377584,1.0359346568377594,0.22846136093836078,61572.165566378484,61887.37165043226,2.374259678196121,0.15249876865014544,7.349464073172223,2026-06-09 17:45:00+00:00,2026-06-09 18:15:00+00:00,61572.165566378484,61887.37165043226,60626.54731421716,0.08648992316667226,27.262149991478573,-27.262149991478573,-1.0,3,Stop loss,False,27.92556637848611,315.20608405377425,2.41528009046107,27.262149991478573,0.08859462996190771,1.0,1,3,True,False,False,False,False,False,False,False,False
exness_native-S07,163,2026-06-10 08:45:00+00:00,2026-06-10 08:30:00+00:00,8,Wednesday,2,2026,2026-06,SHORT,61491.32,61564.61,61187.91,61192.3,61450.81061245134,61569.286189941,-118.47557748965482,0.5575171929846898,1.2164879383956504,1.7740051313803402,39.274151373942445,10.725848626057555,20.502406386973643,14.704502734338627,26.539444961288876,11.834942226950249,212.50569306282958,0.34727521773626674,69.20138888888889,2026-06-10 07:00:00+00:00,61641.33,62175.290092565134,64288.2530444151,-146.74372136014426,0.2282589966455657,79.86111111111111,0,both,True,False,0.5355121827960216,0.022005010188668257,61757.67,61429.84,79.37881603397906,0.01165383594372034,1.7726583912677658,2.2726583912677425,0.2206582700760777,61145.40886138744,61628.36170791885,2.2220701707427715,0.1688586589483835,10.170562181488318,2026-06-10 08:45:00+00:00,2026-06-10 12:30:00+00:00,61145.40886138744,61628.36170791885,59696.55032179322,0.05630776340135189,27.193994616499875,-27.193994616499875,-1.0,16,Stop loss,False,468.21886138743866,482.952846531407,26.364356867054273,27.193994616499875,0.9694918763813308,1.0,3,16,True,True,True,True,False,False,False,False,False
exness_native-S07,164,2026-06-14 10:00:00+00:00,2026-06-14 09:45:00+00:00,9,Sunday,6,2026,2026-06,LONG,64507.97,64589.15,64491.43,64575.83,64401.83945040814,64360.296278813934,41.54317159420316,0.39474995194584395,1.6532864115748784,2.0480363635207226,60.85316952255945,10.853169522559448,18.978600029882774,27.706697438919917,17.116551958881292,10.590145480038625,105.23920620996681,0.1629699629257058,11.840277777777777,2026-06-14 08:00:00+00:00,64425.68,63907.75271860921,63776.11230747072,28.97780509627046,0.04543676942326885,20.555555555555554,0,both,False,False,0.0,1.2460538796200766,64573.14,64274.54,69.44330740892323,0.8636921817437623,0.9285512834925438,1.4285512834925493,0.32656879959187246,64610.19784124199,64459.85823813701,1.136219544055143,0.16082985701411273,9.830020568436767,2026-06-14 10:15:00+00:00,2026-06-14 11:00:00+00:00,64610.19784124199,64459.85823813701,65061.21665055695,0.16793639726417026,27.126009629958627,-25.247491311576468,-0.9307484460852112,4,Stop loss,False,29.282158758011064,150.33960310498514,4.9175402459378486,25.247491311576468,0.1947734206639002,1.0,2,4,True,False,False,False,False,False,False,False,False
exness_native-S07,165,2026-06-15 11:00:00+00:00,2026-06-15 10:45:00+00:00,10,Monday,0,2026,2026-06,LONG,65717.13,65936.75,65677.79,65877.67,65685.0021566169,65487.989211157954,197.0129454589478,1.2770407870437606,1.2488757719895256,2.5259165590332864,60.35437512120987,10.35437512120987,18.181516906397825,29.30741237205692,16.07474164041146,13.23267073164546,154.27302515138595,0.23418105884950996,37.604166666666664,2026-06-15 09:00:00+00:00,65546.41,64631.94521933288,64029.5345592609,84.33085412107903,0.13170618012696744,54.72222222222223,0,EMA20,True,False,0.046749304422019626,1.230291482621741,65721.99,65459.37,61.994130367620336,0.7718566573988249,1.6785824984367332,2.17858249843678,0.5829574220252255,65967.60460503028,65631.50809245458,2.0463796944337087,0.15530168195599173,7.370664078628643,2026-06-15 11:00:00+00:00,2026-06-15 15:45:00+00:00,65967.60460503028,66975.8941427574,66975.8941427574,0.08052118926876309,27.062890901679683,81.18867270503905,3.0,20,Take profit,False,1008.2895377271198,82.86460503027774,81.18867270503905,6.672356545324292,3.0,0.24655002932115305,20,2,True,True,True,True,True,True,True,True,True
exness_native-S07,166,2026-06-19 08:45:00+00:00,2026-06-19 08:30:00+00:00,8,Friday,4,2026,2026-06,SHORT,62614.08,62726.35,62514.11,62588.05,62665.28965250688,62801.99448971,-136.7048372031204,0.7639893351106138,0.431661907290258,1.1956512424008718,44.78346879022703,5.216531209772967,29.739167938184647,12.40499466143923,19.937130646164754,7.532135984725523,178.93553079942885,0.2858940816967917,46.52777777777778,2026-06-19 07:00:00+00:00,62562.58,63784.31467115942,64407.5350676418,-91.0306577623196,0.14133541621600296,58.333333333333336,3,EMA20,True,False,0.341242162584036,0.42274717252657784,62774.95,62433.7,12.264417640406656,0.3483791933660151,1.186125522705161,1.6861255227051544,0.6132214528308643,62478.322893840115,62780.03065923983,2.0471506255885847,0.2008451974045892,8.864184310365959,2026-06-19 09:00:00+00:00,2026-06-19 12:45:00+00:00,62478.322893840115,62780.03065923983,61573.19959764098,0.09037176271323237,27.26586258344228,-27.26586258344228,-1.0,16,Stop loss,False,238.892893840115,301.7077653997112,21.589171915996282,27.26586258344228,0.7918022710606164,1.0,2,16,True,True,True,True,False,False,False,False,False
exness_native-S07,167,2026-06-23 12:15:00+00:00,2026-06-23 12:00:00+00:00,12,Tuesday,1,2026,2026-06,SHORT,62431.65,62488.43,62308.34,62356.42,62519.87396149877,63030.39387108016,-510.51990958138776,2.6975145115176264,0.8636674590605614,3.561181970578188,39.04434177434511,10.955658225654886,58.87290788054591,14.674402696522415,33.57203496198017,18.89763226545776,189.25566754195822,0.3035063070361612,48.71527777777778,2026-06-23 11:00:00+00:00,62431.39,63750.13069556238,64024.71434498935,-82.36672289102717,0.12864832546882465,54.166666666666664,1,EMA20,False,False,0.0,2.86365992690816,62556.72,62162.8,41.773557665612536,0.26697762229996524,0.951569917767866,1.4515699177678374,0.4540478740978268,62270.48886649161,62545.206700262584,2.2584051815240356,0.223196129303695,5.210108714947357,2026-06-23 12:15:00+00:00,2026-06-23 14:00:00+00:00,62270.48886649161,62545.206700262584,61446.335365178675,0.09900230193885932,27.197697926983675,-27.197697926983675,-1.0,8,Stop loss,False,403.64886649161053,274.71783377097745,39.96216695768074,27.197697926983675,1.4693216707151175,1.0,6,8,True,True,True,True,True,False,False,False,False
exness_native-S07,168,2026-06-23 15:15:00+00:00,2026-06-23 15:00:00+00:00,15,Tuesday,1,2026,2026-06,SHORT,62417.22,62433.72,62233.32,62306.99,62404.974515326045,62766.94878877252,-361.9742734464744,1.5181706409992595,0.41096073769050045,1.92913137868976,44.362409916104355,5.637590083895645,36.55840332150362,19.14255975386327,21.07952570623158,1.9369659523683076,238.42792349628303,0.3826664127031061,68.50694444444444,2026-06-23 14:00:00+00:00,62416.64,63590.78205518404,63974.89051027242,-83.91832717903162,0.1311738504117594,54.861111111111114,0,EMA20,True,False,0.12056257611287989,1.3976080648863796,62792.99,62196.7,55.00499001996128,0.36761477045907043,0.8405055794697033,1.3405055794696847,0.5089822656663155,62185.634415300745,62505.24837704888,2.1394862431661466,0.27373913043478215,5.953002342241757,2026-06-23 15:15:00+00:00,2026-06-23 16:00:00+00:00,62185.634415300745,62505.24837704888,61226.79253005633,0.08488272393915289,27.129703682166213,-27.129703682166213,-1.0,4,Stop loss,False,76.46441530074662,319.61396174813854,6.490507855142014,27.129703682166213,0.23923990955376956,1.0,1,4,True,False,False,False,False,False,False,False,False
exness_native-S07,169,2026-06-23 18:00:00+00:00,2026-06-23 17:45:00+00:00,17,Tuesday,1,2026,2026-06,SHORT,62448.07,62480.99,62247.42,62280.46,62423.286104156374,62647.147643589735,-223.86153943336103,0.9698085147603276,0.618748411591846,1.5885569263521737,44.97832931158295,5.021670688417053,21.016189961881018,20.84115545464436,22.41366914552787,1.5725136908835111,230.83065989442747,0.37063094892752474,65.3125,2026-06-23 16:00:00+00:00,62470.41,63502.292931371354,63944.487792314496,-80.22655267485243,0.12546281226838582,51.66666666666667,0,EMA20,True,False,0.24998367144995212,0.7198248433103756,62619.26,62298.53,71.76007192704577,0.14145652266986733,1.0118673147961588,1.5118673147961388,0.3431352317543526,62201.253868021115,62550.23919796832,2.230454013499349,0.2198921182779867,6.894587197972457,2026-06-23 18:00:00+00:00,2026-06-23 21:30:00+00:00,62201.253868021115,62550.23919796832,61154.29787817949,0.07754446133037873,27.061879422960796,-27.061879422960796,-1.0,15,Stop loss,False,191.0238680211114,348.9853299472088,14.812842946942444,27.061879422960796,0.5473693351236503,1.0,4,15,True,True,True,False,False,False,False,False,False
exness_native-S07,170,2026-06-25 15:00:00+00:00,2026-06-25 14:45:00+00:00,14,Thursday,3,2026,2026-06,SHORT,59401.25,59709.85,59256.43,59382.09,60359.6403724474,60820.76034014133,-461.11996769392863,0.8149882665307784,1.727732779544771,2.5427210460755494,34.126524085222,15.873475914777998,37.45451013598746,15.842467920656041,32.284377293865965,16.441909373209924,565.7995171596918,0.952811726834963,99.40972222222221,2026-06-25 13:00:00+00:00,58211.14,61611.11309024939,63048.87073636281,-122.67030825385154,0.1945638467765651,70.69444444444444,4,both,False,False,0.0,1.9634345849535002,61247.56,57997.26,4.22566274094737,0.27713819416875457,0.8013792628812452,1.301379262881239,0.4220928017591935,59143.27009656806,59879.589855147904,4.614390096484742,0.11499643462513272,7.509305819428378,2026-06-25 15:00:00+00:00,2026-06-25 16:00:00+00:00,59143.27009656806,59879.589855147904,56934.31082082854,0.03666100822347599,26.994224724403395,-26.994224724403395,-1.0,5,Stop loss,False,376.9900965680645,736.3197585798407,13.82083703045082,26.994224724403395,0.5119923676843539,1.0,2,5,True,True,True,False,False,False,False,False,False
exness_native-S07,171,2026-06-25 18:45:00+00:00,2026-06-25 18:30:00+00:00,18,Thursday,3,2026,2026-06,SHORT,59618.15,59618.15,59295.11,59335.54,59611.37995594137,60170.22687071709,-558.8469147757205,1.3039493101374977,0.643613323699661,1.9475626338371588,42.68754083485082,7.312459165149178,26.571033060416088,17.631683541617804,22.65269676184841,5.021013220230607,428.58024497654105,0.7222993925336165,95.65972222222221,2026-06-25 17:00:00+00:00,59586.11,61286.59403711772,62906.389908115416,-191.10123765807657,0.3037866867534597,83.75,0,EMA20,True,False,0.01579644451181984,1.288152865625678,59699.58,59235.36,87.48452204061411,0.1251547795938589,0.7537444942607724,1.2537444942607794,0.2943347260492944,59209.39395100469,59746.724073492966,4.680535021115494,0.00915222077058071,7.441152630926811,2026-06-25 19:00:00+00:00,2026-06-25 21:30:00+00:00,59209.39395100469,59746.724073492966,57597.40358353987,0.05011209689473529,26.926739162592384,-26.926739162592384,-1.0,11,Stop loss,False,129.05395100469468,537.3301224882744,6.46716409739568,26.926739162592384,0.24017628196065055,1.0,2,11,True,False,False,False,False,False,False,False,False
exness_native-S07,172,2026-06-28 16:15:00+00:00,2026-06-28 16:00:00+00:00,16,Sunday,6,2026,2026-06,SHORT,59805.63,59864.98,59723.18,59748.16,59997.246898349345,60062.997153869306,-65.75025551996077,0.41656684071081296,1.5781131417252123,1.9946799824360253,32.32581134883026,17.674188651169743,18.9812374397774,12.812358917899026,26.61077840780015,13.798419489901125,157.8384285407047,0.26417286915731747,29.65277777777778,2026-06-28 15:00:00+00:00,59804.27,60162.55343333369,61453.845667664784,-72.79660532919661,0.1184573634705827,42.77777777777778,4,EMA20,False,False,0.0,1.2545560399965376,60088.52,59725.11,40.52891396332349,0.17616361071934195,0.8983870487752248,1.398387048775236,0.35826310633574165,59691.61231429186,59912.331528562216,1.3918804603474697,0.14940363053570743,12.766401998061687,2026-06-28 16:15:00+00:00,2026-06-28 22:30:00+00:00,59691.61231429186,59029.45467148079,59029.45467148079,0.12169045818451507,26.859422314685904,80.57826694405772,3.0,26,Take profit,False,662.1576428110711,132.45768570814107,80.57826694405772,16.11883646388418,3.0,0.6001185086944665,26,24,True,True,True,True,True,True,True,True,True
exness_native-S07,173,2026-06-30 15:00:00+00:00,2026-06-30 14:45:00+00:00,14,Tuesday,1,2026,2026-06,SHORT,58807.24,58807.24,58315.6,58372.13,58830.62684649949,59158.90160279781,-328.2747562983204,1.137083094714112,1.588148351743876,2.725231446457988,33.12880120472899,16.871198795271013,45.970118209066975,12.368959330734866,30.24405712439503,17.875097793660167,288.69900346276455,0.4945836368533486,78.85416666666667,2026-06-30 13:00:00+00:00,58642.35,59663.4371668811,60783.485602473935,-96.34528068822692,0.15850568576854632,61.80555555555556,0,EMA20,False,False,0.0,1.2180908093891811,59176.51,58132.42,88.50174924741702,0.11498250752582968,1.7029501110259617,2.202950111025941,0.3958094739571468,58257.86019930745,58893.849701038824,2.3551441512850686,0.10525695689416378,7.778478239704019,2026-06-30 15:00:00+00:00,2026-07-01 01:30:00+00:00,58257.86019930745,58893.849701038824,56349.89169411332,0.0425492369109511,27.060867982046048,-27.060867982046048,-1.0,43,Stop loss,False,552.9601993074466,635.9895017313756,23.528034522659286,27.060867982046048,0.8694486273784464,1.0,41,43,True,True,True,True,False,False,False,False,False
exness_native-S07,174,2026-07-03 10:30:00+00:00,2026-07-03 10:15:00+00:00,10,Friday,4,2026,2026-07,LONG,61660.19,61701.13,61595.56,61670.71,61615.41781873633,61527.785061755116,87.63275698121288,0.6026390632148456,0.3802371335525526,0.9828761967673982,54.83501587675087,4.835015876750873,20.54131568035716,18.763202410152555,15.70182896233598,3.0613734478165746,145.41499602386563,0.23579264131038158,16.770833333333332,2026-07-03 09:00:00+00:00,61640.8,60837.836656322375,60576.80485706695,53.41886778179469,0.08818369986307191,36.94444444444444,0,EMA20,True,False,0.13655963469594204,0.46607942851890355,61718.72,61438.29,9.96495216443765,0.7118499573742698,0.7259911486891866,1.2259911486892083,0.4091943804406906,61730.21299920477,61551.935501192835,2.0021249008667863,0.06392128227876102,16.93198268683476,2026-07-03 10:30:00+00:00,2026-07-03 15:00:00+00:00,61730.21299920477,62265.04549324058,62265.04549324058,0.15141123312311539,26.993215812090934,80.9796474362728,3.0,19,Take profit,False,534.832494035807,111.70299920476828,80.9796474362728,16.91308885314434,3.0,0.6265681336704072,19,15,True,True,True,True,True,True,True,True,True
exness_native-S07,175,2026-07-03 17:00:00+00:00,2026-07-03 16:45:00+00:00,16,Friday,4,2026,2026-07,LONG,61988.13,62071.17,61956.72,62046.22,61930.093056991456,61800.341055287645,129.7520017038114,0.6863569884230537,0.6142836937503616,1.3006406821734153,56.08278733371812,6.082787333718123,19.901321984546,25.296498210344,18.329755206407132,6.96674300393687,189.0444825249385,0.3046833191851792,41.18055555555556,2026-07-03 15:00:00+00:00,61868.07,61075.699573530095,60656.82040612263,67.3687317130607,0.11106538598957055,44.44444444444444,1,EMA20,False,False,0.0,0.8272071346579872,62074.73,61741.49,50.75578855395829,0.782000873744013,0.6054130671859148,1.1054130671859275,0.33197951967049943,62108.97889650499,61900.00665524252,1.6875296553819985,0.05435768184542583,13.433279212542502,2026-07-03 17:00:00+00:00,2026-07-03 20:30:00+00:00,62108.97889650499,62735.895620292395,62735.895620292395,0.13014008351723572,27.195664930681616,81.58699479204485,3.0,15,Take profit,False,626.9167237874062,54.148896504986624,81.58699479204485,7.046941913525113,3.0,0.25912004473826605,15,2,True,True,True,True,True,True,True,True,True
exness_native-S07,176,2026-07-04 14:15:00+00:00,2026-07-04 14:00:00+00:00,14,Saturday,5,2026,2026-07,LONG,62532.11,62637.65,62532.11,62609.41,62515.330230976775,62470.714313144555,44.615917832219566,0.46154306411388735,0.9732370637178814,1.434780127831769,60.1307253204756,10.130725320475598,25.717604566455297,32.67703562679782,11.27279339830699,21.40424222849083,96.66685798404812,0.1543966921011524,2.7430555555555554,2026-07-04 13:00:00+00:00,62533.14,61890.6848786828,61012.13284765055,75.60440073325299,0.1239169935626408,50.0,0,EMA20,False,False,0.0,0.6351265380486097,62732.27,62482.07,73.24237256016892,0.7324237256016891,1.0917909426353445,1.5917909426353436,0.4921373528522001,62656.98337159681,62503.10994260479,1.1789675384501284,0.1723130293763853,10.217127181648317,2026-07-04 14:15:00+00:00,2026-07-04 17:30:00+00:00,62656.98337159681,63118.60365857289,63118.60365857289,0.1749182992431284,27.399632417661728,80.74583549397983,2.946967837493005,14,Take profit,False,461.62028697607457,90.52337159681338,80.74583549397983,15.834194201468312,3.0,0.5882976170077105,14,2,True,True,True,True,True,True,True,True,True
exness_native-S07,177,2026-07-09 13:15:00+00:00,2026-07-09 13:00:00+00:00,13,Thursday,3,2026,2026-07,LONG,62557.92,62866.86,62557.92,62807.51,62710.26341634285,62575.53301275326,134.73040358959406,0.6388927250452384,0.46114413063967824,1.1000368556849167,55.28279116354104,5.282791163541042,24.92697245440462,26.646758339211306,15.814678026320392,10.832080312890914,210.88110461745222,0.33575778536269346,62.673611111111114,2026-07-09 12:00:00+00:00,62555.84,62595.184202715776,62277.61864186414,24.044173785179737,0.038608049423740826,24.02777777777778,0,EMA50,True,True,0.7224137820181259,0.08352105697288753,62907.55,62393.52,80.78914999676374,0.8078914999676374,1.4649961197824402,1.9649961197824404,0.4814382071246223,62909.03622092349,62494.65566861476,1.785550777128781,0.11348757620902349,10.97730004990251,2026-07-09 13:30:00+00:00,2026-07-09 13:30:00+00:00,62909.03622092349,62494.65566861476,64152.177877849674,0.06660905501625125,27.601497006396677,-27.601497006396677,-1.0,1,Stop loss,False,0.0,414.3805523087285,0.0,27.601497006396677,0.0,1.0,0,1,True,False,False,False,False,False,False,False,False
exness_native-S07,178,2026-07-09 14:45:00+00:00,2026-07-09 14:30:00+00:00,14,Thursday,3,2026,2026-07,LONG,62821.76,62948.07,62680.17,62855.24,62774.44315705171,62634.17439578029,140.26876127142168,0.5639540093083065,0.32484569698287574,0.8887997062911823,54.616074177219026,4.616074177219026,22.307716909991704,23.202591549521905,17.46953095494801,5.733060594573896,248.72375930700852,0.3957088689932749,79.54861111111111,2026-07-09 13:00:00+00:00,62968.64,62609.82952809947,62284.49447627345,25.122440712693788,0.04033498372899837,25.0,0,both,True,False,0.379027549737815,0.18492645957049156,63190.1,62454.66,12.497200447926742,0.6534901082493422,1.0770985479892294,1.5770985479892166,0.5732253012685277,62997.8147518614,62605.552872207896,1.823338773764179,0.11844197044913711,11.160311663566706,2026-07-09 15:00:00+00:00,2026-07-09 16:15:00+00:00,62997.8147518614,62605.552872207896,64174.600390821906,0.0701890616753303,27.53249326388068,-27.53249326388068,-1.0,6,Stop loss,False,208.6352481385984,392.26187965350255,14.643912299247924,27.53249326388068,0.5318774496336289,1.0,2,6,True,True,True,False,False,False,False,False,False
exness_native-S07,179,2026-07-10 07:15:00+00:00,2026-07-10 07:00:00+00:00,7,Friday,4,2026,2026-07,LONG,63816.95,63873.86,63744.36,63873.44,63831.923206741674,63555.192257286755,276.730949454919,1.7550822962037822,0.2633076964696873,2.0183899926734696,55.52462371654397,5.524623716543971,30.673763102619183,21.89931257642474,18.945374734963913,2.953937841460828,157.67405896206924,0.24685387065745829,26.180555555555557,2026-07-10 06:00:00+00:00,63816.84,63017.66743894526,62455.67359605854,76.15611697232089,0.12193626709539956,61.25000000000001,0,EMA20,True,False,0.5553431383582141,1.199739157845568,64138.41,63781.64,43.621621621625664,0.9967567567567702,0.8213145577177859,1.321314557717804,0.20266372288989165,63905.394811792416,63697.05778231138,1.6166178606248527,0.13149489082556967,10.256395306051935,2026-07-10 07:15:00+00:00,2026-07-10 12:00:00+00:00,63905.394811792416,64530.40590023553,64530.40590023553,0.13182323900428217,27.46366203072098,82.39098609216295,3.0000000000000004,20,Take profit,False,625.0110884431124,42.64481179241557,82.39098609216295,5.621577217204228,3.0,0.20469146506812913,20,2,True,True,True,True,True,True,True,True,True
exness_native-S07,180,2026-07-10 13:45:00+00:00,2026-07-10 13:30:00+00:00,13,Friday,4,2026,2026-07,LONG,64112.79,64405.32,64094.66,64336.24,64265.36907433238,64026.31771080598,239.05136352639965,1.4923738504943882,0.4424401294619718,1.93481397995636,55.26245692295282,5.262456922952822,32.814831628992,25.872595990937853,15.380419923151829,10.492176067786025,160.18195671761978,0.24897624840621674,27.708333333333336,2026-07-10 12:00:00+00:00,64240.07,63280.188514004476,62559.75063748504,89.34493790469423,0.14281536769930767,79.44444444444444,1,EMA20,True,False,1.0657197466585888,0.4266541038357992,64502.47,64096.97,71.92750917401655,0.7776347131912619,1.9394194350344334,2.439419435034414,0.6312595589138558,64437.35639134352,64046.60541298472,1.5687594562492413,0.1912862863335702,8.095664186216638,2026-07-10 13:45:00+00:00,2026-07-10 14:15:00+00:00,64437.35639134352,64046.60541298472,65609.60932641993,0.07081144009457613,27.669639495951387,-27.66963949595139,-1.0000000000000002,3,Stop loss,False,225.16360865647584,390.75097835880297,15.944159385856622,27.66963949595139,0.5762330003681315,1.0,1,3,True,True,True,False,False,False,False,False,False
exness_native-S07,181,2026-07-11 17:30:00+00:00,2026-07-11 17:15:00+00:00,17,Saturday,5,2026,2026-07,LONG,64159.11,64259.82,64142.65,64245.25,64186.3656317539,64160.21842838979,26.147203364111192,0.2178131344553273,0.49052239505312767,0.7083355295084549,54.29028672939153,4.290286729391532,25.580383284714635,22.58462450521609,24.694781057880604,-2.110156552664513,120.04419949006285,0.18685303503381628,10.104166666666666,2026-07-11 16:00:00+00:00,64129.0,63828.54363937112,62930.153154816086,63.79267649650137,0.10137060423095327,50.27777777777778,0,both,True,True,0.3641627995321524,0.1463496650768251,64227.97,64036.33,73.51711188870931,0.8756507638474018,0.9760571564284327,1.4760571564284255,0.321371961843174,64283.828839898015,64106.636740152986,0.9799146663286021,0.07340930587892885,11.005612285554877,2026-07-11 17:30:00+00:00,2026-07-11 22:45:00+00:00,64283.828839898015,64106.636740152986,64815.4051391331,0.15576577870529948,27.60046539721151,-27.60046539721151,-1.0,22,Stop loss,False,136.03116010198573,177.19209974502883,21.188999581471073,27.60046539721151,0.7677044309409292,1.0,13,22,True,True,True,True,False,False,False,False,False
exness_native-S07,182,2026-07-15 14:15:00+00:00,2026-07-15 14:00:00+00:00,14,Wednesday,2,2026,2026-07,LONG,65054.07,65351.05,64995.86,65229.4,64905.09403319657,64744.40581801713,160.6882151794416,0.7263345119584189,1.4659109621718633,2.1922454741302824,63.62589887503999,13.625898875039987,28.186936140529443,31.09612449617237,17.75718607738107,13.338938418791297,221.2316949475212,0.3391594816869712,69.82638888888889,2026-07-15 13:00:00+00:00,65055.7,64036.8692777454,63396.232890710766,72.71878233076859,0.11470521041231116,60.27777777777777,0,EMA20,False,False,0.0,1.1366101138560714,65520.61,64731.35,49.36231312818508,0.6575072496410354,1.6055113625751394,2.1055113625751383,0.7498760023009345,65395.29633898951,64929.490491515746,1.7852805080708758,0.16665493436953013,9.500167937670334,2026-07-15 14:30:00+00:00,2026-07-15 16:30:00+00:00,65395.29633898951,64929.490491515746,66792.7138814108,0.059105020649765964,27.53146423371848,-27.53146423371848,-1.0,9,Stop loss,False,157.8036610104973,465.8058474737627,9.326988642634111,27.53146423371848,0.33877561191282785,1.0,6,9,True,True,False,False,False,False,False,False,False
exness_native-S07,183,2026-07-18 14:00:00+00:00,2026-07-18 13:45:00+00:00,13,Saturday,5,2026,2026-07,LONG,64010.1,64067.78,63985.53,64057.58,64007.83149254173,63951.7008963112,56.13059623052686,0.7484232387727977,0.6633269834355316,1.4117502222083294,56.46822916617158,6.468229166171582,19.66006387637062,26.27120891187524,20.429451261296013,5.841757650579229,74.99846787569712,0.11707977084944063,2.048611111111111,2026-07-18 12:00:00+00:00,64161.95,63875.100905769825,63690.7361619005,15.977498834807193,0.025086063998683777,16.38888888888889,0,EMA20,True,False,0.29735930844204356,0.4510639303307542,64221.73,63915.35,57.72644376900086,0.8759878419453241,1.0966890701863619,1.5966890701863996,0.3360027783088017,64082.77969357514,63963.03045963729,1.355327907470051,0.19216005004054185,6.773473079242109,2026-07-18 14:00:00+00:00,2026-07-18 17:45:00+00:00,64082.77969357514,64442.02739538869,64442.02739538869,0.17141975241681068,27.462635573134186,61.58215210118768,2.242397745736812,16,Take profit,False,359.24770181355416,99.53969357514143,61.58215210118768,17.063069628295946,3.0,0.8312344914607261,16,8,True,True,True,True,True,True,True,True,True
exness_native-S07,184,2026-07-20 15:15:00+00:00,2026-07-20 15:00:00+00:00,15,Monday,0,2026,2026-07,LONG,64352.09,64934.78,64341.61,64909.83,64457.892056522745,64418.03918287112,39.85287365162367,0.15207216338623175,1.7245225872968097,1.8765947506830414,63.33956315534705,13.33956315534705,20.118854443782737,25.293642298438296,19.603526669270952,5.6901156291673445,262.06554022911894,0.4037378317415389,86.73611111111111,2026-07-20 14:00:00+00:00,64346.66,64373.77011431187,63999.83035229047,24.50848903082806,0.038294615619947396,23.194444444444446,0,both,True,True,0.44371364667434576,0.291641483288114,64702.84,64002.77,94.02700743463204,0.957937859298351,2.263441425688402,2.7634414256883963,0.2952051917172499,64987.19310804582,64262.99033793127,2.13286753479631,0.04056976306882308,13.542682569452595,2026-07-20 15:30:00+00:00,2026-07-24 13:30:00+00:00,64987.19310804582,64262.99033793127,67159.80141838948,0.03813378254410528,27.616590953387153,-27.616590953387153,-1.0,377,Stop loss,False,1931.8268919541806,724.2027701145562,73.66786661063549,27.616590953387153,2.667522096951658,1.0,91,377,True,True,True,True,True,True,True,True,False
exness_native-S07,185,2026-07-27 10:30:00+00:00,2026-07-27 10:15:00+00:00,10,Monday,0,2026,2026-07,LONG,65186.39,65338.58,65177.38,65286.17,65219.26851403566,65145.65776333741,73.61075069825165,0.6041719240987582,0.5491045685137784,1.1532764926125365,54.53461076625843,4.534610766258432,19.552478328447787,25.56406546576844,16.95397320439031,8.610092261378131,121.83742369037859,0.18662057169286939,21.944444444444443,2026-07-27 09:00:00+00:00,65197.47,64767.852035477576,64736.23168699593,25.83716073234973,0.03991143762780965,25.0,0,EMA20,True,False,0.3438066299080243,0.2603652941907339,65284.28,65027.82,61.898263027292884,0.674875930521079,1.323074594959071,1.8230745949590623,0.6301633965372648,65362.94748473808,65140.828772892884,1.1482311206523432,0.15685590711461803,8.202711598630172,2026-07-27 10:45:00+00:00,2026-07-27 11:15:00+00:00,65362.94748473808,65140.828772892884,66029.30362027365,0.12402174155954575,27.547549476003688,-27.547549476003688,-1.0,3,Stop loss,False,12.532515261926164,222.1187118451926,1.5543043689056695,27.547549476003688,0.056422600139428146,1.0,1,3,True,False,False,False,False,False,False,False,False
exness_native-S07,186,2026-07-28 07:45:00+00:00,2026-07-28 07:30:00+00:00,7,Tuesday,1,2026,2026-07,SHORT,63491.96,63503.77,63412.32,63415.95,63437.07464278026,63730.352299988466,-293.27765720820753,2.261823765523396,0.1629180331479095,2.4247417986713056,45.78172601168862,4.218273988311381,26.799508547292913,22.455082366044564,20.477386674543794,-1.9776956915007702,129.6642389555677,0.20446628798522723,28.854166666666664,2026-07-28 06:00:00+00:00,63560.03,64383.551794697574,64637.445945670115,-67.35146504261502,0.10419883406164612,67.5,4,EMA20,True,False,0.5143697117799203,1.7474540537434755,63603.4,63348.74,83.11645708037666,0.039693821760497495,0.7052831276890034,1.2052831276889877,0.227995382761156,63386.38715220889,63542.66927168667,2.1755900070625613,0.21194412987800856,6.152386874904002,2026-07-28 07:45:00+00:00,2026-07-28 13:30:00+00:00,63386.38715220889,62917.54079377555,62917.54079377555,0.17340430232333318,27.47868060231368,81.29997568096815,2.9586564528910735,24,Take profit,False,468.8463584333367,143.1228477911136,81.29997568096815,24.81811756774666,3.0,0.9157979701667895,24,15,True,True,True,True,True,True,True,True,True
exness_native-S07,187,2026-07-31 11:15:00+00:00,2026-07-31 11:00:00+00:00,11,Friday,4,2026,2026-07,SHORT,63848.67,63944.43,63827.35,63840.61,63880.70122636314,64133.20553674942,-252.5043103862772,2.020051861906514,0.320732570216661,2.340784432123175,41.86968599156119,8.130314008438809,33.73770142664191,20.349121634816882,26.356674810070373,6.007553175253491,124.99892460580936,0.19579844961664586,25.555555555555554,2026-07-31 10:00:00+00:00,63849.09,64245.313071497345,64368.85545573875,-26.111906099729822,0.04056605623147186,34.02777777777778,0,EMA20,True,False,0.5098345752800023,1.510217286626512,63886.99,63531.82,6.884181756062138,0.11325589340623368,0.936648058127057,1.4366480581270609,0.30608091263041853,63802.35021507883,63981.92967738174,1.6175366605122736,0.09629787294424803,8.0198386289511,2026-07-31 11:15:00+00:00,2026-07-31 13:45:00+00:00,63802.35021507883,63263.61182817011,63263.61182817011,0.1541486436507055,27.6819305415161,83.04579162454829,2.9999999999999996,11,Take profit,False,538.7383869087207,41.049784921167884,83.04579162454829,6.3277686677512115,3.0,0.22858841648566067,11,2,True,True,True,True,True,True,True,True,True
exness_native-S07,188,2026-07-31 19:30:00+00:00,2026-07-31 19:15:00+00:00,19,Friday,4,2026,2026-07,SHORT,62998.19,63007.17,62937.3,62943.42,62989.66414890633,63305.24716967851,-315.58302077217377,1.916016621707762,0.28076465503266734,2.1967812767404293,44.73095630684162,5.26904369315838,28.71700262490444,20.4178265013788,22.624805068014144,2.2069785666353425,164.70787215347428,0.2616760769489079,59.34027777777777,2026-07-31 18:00:00+00:00,63022.24,63927.02801889491,64271.18669421073,-72.98854737782676,0.11356340396372556,82.63888888888889,0,EMA20,True,False,0.10628424048459091,1.8097323812231711,63238.42,62889.11,78.38843566624836,0.0875912408758516,0.4242055894868868,0.9242055894868983,0.23715669396964198,62904.358425569306,63056.58236164604,1.858917868602682,0.2497113708513333,5.079670145634328,2026-07-31 19:30:00+00:00,2026-08-01 05:00:00+00:00,62904.358425569306,63056.58236164604,62447.6866173391,0.17734570842862904,27.889545020577472,-26.9962617833228,-0.9679706773059371,39,Stop loss,False,131.62842556930264,152.2239360767344,23.343736381933045,26.9962617833228,0.8647025491638202,1.0,7,39,True,True,True,True,False,False,False,False,False
exness_native-S07,189,2026-08-02 12:45:00+00:00,2026-08-02 12:30:00+00:00,12,Sunday,6,2026,2026-08,SHORT,63108.99,63147.43,63038.34,63081.12,63150.09449094236,63153.41138512586,-3.316894183495606,0.032738392116627366,0.6807916700363316,0.7135300621529589,43.083242051495816,6.916757948504184,42.66488120879332,10.880621824630417,28.45011373042047,17.569491905790052,101.31512175917162,0.16061084799884912,19.583333333333332,2026-08-02 11:00:00+00:00,62969.5,63202.11149902562,63840.99204215431,-34.34004535651911,0.05378996199470761,42.36111111111111,0,both,False,False,0.0,0.05903743707752276,63175.03,62919.34,25.547712897602327,0.39215326794394195,1.076739563708103,1.576739563708146,0.6222469386326841,63018.07697564816,63177.824536527754,1.2049704689625362,0.01080957066150149,6.7416640765611,2026-08-02 13:00:00+00:00,2026-08-02 16:30:00+00:00,63018.07697564816,63177.824536527754,62538.83429300938,0.1741626239106674,27.822054366119165,-27.822054366119165,-1.0,15,Stop loss,False,87.0669756481584,159.74756087959395,15.163812934849448,27.822054366119165,0.5450285135419572,1.0,3,15,True,True,True,False,False,False,False,False,False
exness_native-S07,190,2026-08-03 12:00:00+00:00,2026-08-03 11:45:00+00:00,11,Monday,0,2026,2026-08,SHORT,62611.31,62627.04,62447.91,62483.94,62607.90667137088,62765.65882000424,-157.75214863335714,1.1746097108748375,0.923045785927726,2.0976554968025636,40.46342676033172,9.536573239668279,33.549032575807715,14.4913461758355,27.08947554560305,12.59812936976755,134.30175757347087,0.2149380425969791,43.81944444444444,2026-08-03 10:00:00+00:00,62657.33,63060.468712586146,63670.42904145405,-55.533601008814,0.08722039704280556,64.72222222222223,0,EMA20,True,False,0.14246521396901424,1.0321444969058233,62699.01,62496.54,71.10478423491163,0.20113883771562197,1.3337874591998757,1.8337874591998735,0.4682764593031563,62421.04964848531,62667.33052727204,1.210354738156882,0.08794496828576492,7.723327019160391,2026-08-03 12:00:00+00:00,2026-08-03 12:30:00+00:00,62421.04964848531,62667.33052727204,61682.20701212511,0.1126863740576312,27.752499230203867,-27.752499230203867,-1.0,3,Stop loss,False,76.13964848530304,246.2808787867325,8.57990090983141,27.752499230203867,0.30915777489667134,1.0,1,3,True,True,False,False,False,False,False,False,False
exness_native-S07,191,2026-08-05 17:30:00+00:00,2026-08-05 17:15:00+00:00,17,Wednesday,2,2026,2026-08,LONG,64526.48,64559.28,64472.45,64539.81,64433.94781431699,64298.07442131115,135.87339300584426,0.7663101844904948,0.5970504544463879,1.3633606389368829,56.569959636530605,6.569959636530605,19.074033262958835,25.122886558917973,17.60367476590304,7.519211793014932,177.30860917134217,0.2747275041115587,69.23611111111111,2026-08-05 16:00:00+00:00,64604.21,63937.123818934975,63776.892916924626,31.736787415327854,0.04976220377601021,46.94444444444444,4,EMA20,False,False,0.0,0.9834580481105837,64714.59,64323.99,15.351836922715883,0.7757687435218154,0.4897111336319466,0.9897111336319645,0.3098085428056465,64594.74172183427,64419.25741724859,1.6064744077062856,0.058220558594873774,16.13870610391058,2026-08-05 17:30:00+00:00,2026-08-06 02:15:00+00:00,64594.74172183427,64419.25741724859,65121.194635591295,0.15775267222609493,27.683117982128355,-27.683117982128355,-1.0,36,Stop loss,False,398.2382781657361,175.484304585676,62.823152563363784,27.683117982128355,2.269366933447349,1.0,12,36,True,True,True,True,True,True,True,False,False
exness_native-S07,192,2026-08-06 17:00:00+00:00,2026-08-06 16:45:00+00:00,16,Thursday,3,2026,2026-08,LONG,64639.92,64716.42,64590.18,64680.75,64580.89571712772,64579.20592445884,1.689792668883456,0.010211026356054993,0.6033963414266226,0.6136073677826775,56.01236794305247,6.0123679430524675,21.65904851598687,20.631322352576795,14.882994073108788,5.748328279468007,165.487053892622,0.25585209493183364,65.52083333333333,2026-08-06 15:00:00+00:00,64572.24,64346.423974197765,63951.54954027251,28.314039010241686,0.044274203226946605,42.638888888888886,0,both,False,False,0.0,0.06631380088670144,64811.02,64516.98,32.343155893538025,0.717442965779477,0.7628391286844113,1.2628391286844018,0.4155455617884226,64749.51741077852,64540.53388383221,1.1831973026091989,0.014165155272606294,13.215752220170534,2026-08-06 17:00:00+00:00,2026-08-06 17:30:00+00:00,64749.51741077852,64540.53388383221,65376.46799161744,0.13213438681350073,27.613910187173033,-27.613910187173033,-1.0,3,Stop loss,False,26.402589221477683,208.9835269463074,3.4886899370686972,27.613910187173033,0.12633813586781462,1.0,1,3,True,False,False,False,False,False,False,False,False
exness_native-S07,193,2026-08-07 14:30:00+00:00,2026-08-07 14:15:00+00:00,14,Friday,4,2026,2026-08,LONG,64780.9,65184.52,64741.97,65139.15,64951.73083292825,64723.27163158265,228.45920134560583,1.1420381217050621,0.9368842763761303,2.0789223980811924,58.57440745221381,8.574407452213812,48.05279353868494,26.51371155815016,14.914860122357997,11.598851435792163,200.0451622442484,0.30710434852811,83.88888888888889,2026-08-07 13:00:00+00:00,64965.24,64457.116858681,64060.088655754815,46.372111854245304,0.07238846031487577,67.91666666666667,0,EMA20,True,False,1.048567386359192,0.09347073534587005,65291.31,64728.77,80.95130493729602,0.8974805106767691,2.212250449024391,2.712250449024392,0.4267987862890617,65224.529032448845,64681.956451326725,1.3625201737792934,0.13536907334956622,10.220213292462958,2026-08-07 14:30:00+00:00,2026-08-07 17:00:00+00:00,65224.529032448845,64681.956451326725,66852.2467758152,0.05076717174822628,27.544875411705103,-27.544875411705103,-1.0,11,Stop loss,False,2.8609675511543173,542.57258112212,0.1452432310355536,27.544875411705103,0.005272967434582512,1.0,1,11,True,False,False,False,False,False,False,False,False
exness_native-S07,194,2026-08-08 09:15:00+00:00,2026-08-08 09:00:00+00:00,9,Saturday,5,2026,2026-08,LONG,64951.49,64966.17,64947.71,64964.14,64945.643964422365,64914.45107823625,31.192886186116084,0.7928989047431045,0.47015483800032853,1.2630537427434332,54.73036633394959,4.73036633394959,26.415270252865582,24.453240353372003,14.22059271752153,10.232647635850473,39.34030681530886,0.06055695775439936,0.1388888888888889,2026-08-08 08:00:00+00:00,64951.96,64689.45889838728,64202.82801447234,38.4995370328179,0.05996548473556257,56.666666666666664,0,EMA20,False,False,0.0,0.8454159221454826,64979.68,64908.67,68.52654387866768,0.8900325027086169,0.46923884164562785,0.9692388416456797,0.2516010210477351,64974.03806136306,64935.90790795541,1.1932658013426847,0.06023910151848609,10.92528683711271,2026-08-08 09:15:00+00:00,2026-08-08 11:15:00+00:00,64974.03806136306,64935.90790795541,65088.42852158603,0.1691507195364821,27.47601322317584,-6.44974288494139,-0.23474085678125506,9,Stop loss,False,40.36193863693916,38.1301534076556,6.827250962325596,6.44974288494139,1.0585307172888392,1.0,2,9,True,True,True,True,True,False,False,False,False
exness_native-S07,195,2026-08-08 14:15:00+00:00,2026-08-08 14:00:00+00:00,14,Saturday,5,2026,2026-08,LONG,64965.45,65011.98,64960.98,65003.62,64959.67471530705,64939.57901397475,20.09570133229863,0.5382074270679547,1.1769521359451527,1.7151595630131073,62.062709503288275,12.062709503288275,30.36524054895467,25.321129814777887,10.175177785545474,15.145952029232413,37.33820887938309,0.05744019929872073,0.3819444444444444,2026-08-08 13:00:00+00:00,64965.43,64737.29813675653,64239.42933303762,36.601318565277325,0.056976406772738374,52.361111111111114,0,EMA20,False,False,0.0,0.5731658445210616,64981.37,64948.09,74.8431372549128,0.8360784313725376,1.3658930497911617,1.8658930497910302,0.4238993312990632,65019.44764177588,64949.77853733619,0.9034394709201014,0.06655469618543364,8.953297994568656,2026-08-08 14:15:00+00:00,2026-08-08 21:45:00+00:00,65019.44764177588,64949.77853733619,65228.45495509494,0.16893338754431458,27.45988886596349,-11.76943782017491,-0.4286047142296748,31,Stop loss,False,126.59235822412302,69.66910443968663,21.385675912024475,11.76943782017491,1.817051607627819,1.0,2,31,True,True,True,True,True,True,False,False,False
exness_native-S07,196,2026-08-13 16:30:00+00:00,2026-08-13 16:15:00+00:00,16,Thursday,3,2026,2026-08,SHORT,63396.34,63505.18,63241.57,63300.64,63576.299021758015,63595.08736612663,-18.78834436861507,0.11122740739041306,1.6319074055901852,1.7431348129805984,38.00561776256185,11.994382237438153,20.068558590470808,12.701100921588283,27.323202561964955,14.622101640376671,168.91829819126468,0.26685085362685856,80.48611111111111,2026-08-13 15:00:00+00:00,63350.15,63713.511728973244,64102.72068664805,-27.552046212244022,0.042981087100695925,43.611111111111114,1,both,False,False,0.0,0.5322535633459254,63874.71,63312.3,36.303630363035126,0.22408102879253283,1.560576934664102,2.060576934664131,0.5496956850294409,63207.786340361745,63555.85548945738,1.2534000163518038,0.033897448303503185,15.511278405130472,2026-08-13 16:30:00+00:00,2026-08-13 22:00:00+00:00,63207.786340361745,63555.85548945738,62163.57889307483,0.07880751667501584,27.430465271413055,-27.430465271413055,-1.0,23,Stop loss,False,447.75634036174597,348.06914909563784,35.286565259402366,27.430465271413055,1.2864005371493508,1.0,1,23,True,True,True,True,True,False,False,False,False
exness_native-S07,197,2026-08-14 12:45:00+00:00,2026-08-14 12:30:00+00:00,12,Friday,4,2026,2026-08,SHORT,62820.89,62844.03,62685.58,62686.15,62832.63190196286,63013.72025847301,-181.08835651015397,1.6182282949162545,1.3089806711904788,2.927208966106733,35.93610643670047,14.06389356329953,46.836384809325274,8.497950674648123,26.849684910753705,18.35173423610558,111.90532082466494,0.17851681882627174,38.125,2026-08-14 11:00:00+00:00,62803.46,63394.01420416072,63932.64418716082,-58.20012098948064,0.09103349584462923,87.5,2,EMA20,True,False,0.10185483543718472,1.5163734594790697,62863.07,62685.26,85.03628905017383,0.0035973493215507696,1.4159290982084678,1.915929098208456,0.20509359158079957,62663.19893583507,62877.6015962474,1.3603406904991064,0.13832283376713694,9.255255255255285,2026-08-14 12:45:00+00:00,2026-08-14 15:30:00+00:00,62663.19893583507,62877.6015962474,62019.990954598084,0.1276191678574022,27.36188910823452,-27.361889108234525,-1.0000000000000002,12,Stop loss,False,218.68893583506724,214.40266041232826,27.908900010892108,27.361889108234525,1.0199917081928733,1.0,9,12,True,True,True,True,True,False,False,False,False
exness_native-S07,198,2026-08-14 19:15:00+00:00,2026-08-14 19:00:00+00:00,19,Friday,4,2026,2026-08,SHORT,62850.1,62853.44,62769.05,62779.06,62899.567430325056,62920.564956446375,-20.997526121318515,0.16645576629073866,0.9553104752716376,1.1217662415623764,43.19244336307441,6.8075566369255895,25.73187318853648,16.091322211827315,24.397382479535196,8.306060267707881,126.14478061783302,0.2009344845523858,48.75,2026-08-14 18:00:00+00:00,62850.1,63249.93843233646,63855.82404690536,-50.842623616546916,0.07962096547246875,81.52777777777777,1,both,False,False,0.0,0.5321263084973249,63061.61,62813.09,84.1805901173141,0.11861594975701896,0.6689931964420036,1.1689931964420037,0.2793532633769522,62743.821043876436,62891.28343418535,1.005098300956726,0.1125208394625875,9.430566562758695,2026-08-14 19:15:00+00:00,2026-08-14 19:30:00+00:00,62743.821043876436,62891.28343418535,62301.43387294969,0.17399950421494248,27.293484385463934,-25.65838280410171,-0.9400918710755358,2,Stop loss,False,8.371043876439217,147.46239030891593,1.456557484261954,25.65838280410171,0.056767314424395865,1.0,1,2,True,False,False,False,False,False,False,False,False
exness_native-S07,199,2026-08-16 12:30:00+00:00,2026-08-16 12:15:00+00:00,12,Sunday,6,2026,2026-08,SHORT,62941.66,62948.42,62935.57,62939.75,62950.000093862596,62977.476798577685,-27.476704715089,1.003150114903046,0.3742218341919223,1.3773719490949683,42.93715960258852,7.0628403974114775,30.881470735661736,12.379407646096437,21.986103662619932,9.606696016523495,27.390421739367103,0.043518478766387064,0.20833333333333334,2026-08-16 11:00:00+00:00,62933.49,63039.93720984248,63562.76493216331,-31.195965541504847,0.04907899392796775,51.52777777777777,0,EMA20,False,False,0.0,1.0608379401447803,62953.89,62897.75,14.863813229600847,0.3252918287938338,0.4691421009239073,0.9691421009239959,0.35260809197370147,62930.09191565213,62956.63712652181,0.34822638415268936,0.016907323325291296,14.241468549872973,2026-08-16 12:30:00+00:00,2026-08-16 13:00:00+00:00,62930.09191565213,62956.63712652181,62850.45628304307,0.17307674341204088,27.22933842845368,-4.594358650510907,-0.16872825105842335,3,Stop loss,False,16.261915652125026,26.545210869684524,2.8145594027110947,4.594358650510907,0.6126120350656793,1.0,1,3,True,True,True,False,False,False,False,False,False
exness_native-S07,200,2026-08-18 11:15:00+00:00,2026-08-18 11:00:00+00:00,11,Tuesday,1,2026,2026-08,LONG,64132.36,64262.72,64118.07,64256.75,64157.8781762169,64149.64577111992,8.232405096983712,0.09544801034163254,1.1463380078809413,1.2417860182225737,58.83873300165709,8.83873300165709,18.524060667900358,25.749376548098308,19.7201060717199,6.029270476378407,86.25014882466229,0.13422737506123839,23.09027777777778,2026-08-18 10:00:00+00:00,64132.35,63756.67485969339,63618.01624288044,28.402103307023935,0.04464474842879503,43.611111111111114,0,both,True,True,0.4615432756855661,0.36609526534393355,64156.43,64054.95,85.99377808503156,0.9587279640511503,1.6770985554362356,2.1770985554362423,0.26921727186971406,64279.97002976493,64092.1949553526,1.0646395331630334,0.14332797513226894,8.797130646134764,2026-08-18 11:15:00+00:00,2026-08-18 13:15:00+00:00,64279.97002976493,64092.1949553526,64843.29525300193,0.14494923043971228,27.217852531827404,-27.217852531827404,-1.0,9,Stop loss,False,51.509970235070796,187.7750744123332,7.466330545545997,27.217852531827404,0.27431740019956335,1.0,3,9,True,True,False,False,False,False,False,False,False
exness_native-S07,201,2026-08-18 15:30:00+00:00,2026-08-18 15:15:00+00:00,15,Tuesday,1,2026,2026-08,LONG,64680.88,64787.79,64658.92,64744.83,64395.55391774974,64269.15307630127,126.4008414484706,0.7718272734723939,2.1327453453878884,2.9045726188602825,66.5458742830188,16.545874283018804,26.500364988168766,33.89519994595902,12.06902793049402,21.826172015465,163.76830126746177,0.2529442138738518,80.83333333333333,2026-08-18 14:00:00+00:00,64667.82,63840.13031538831,63645.40699079351,32.559931401709036,0.051158336384617545,54.58333333333333,3,both,False,False,0.0,2.3799900266546166,65012.89,64148.93,49.62365174206803,0.6666408008070284,0.786904419247384,1.2869044192473582,0.46232182704169916,64820.54366025349,64609.78950961976,1.5085419267678741,0.14538788845832448,9.995667686034636,2026-08-18 15:30:00+00:00,2026-08-18 18:00:00+00:00,64820.54366025349,64609.78950961976,65452.80611215468,0.12882217417241582,27.149807900497834,-27.149807900497834,-1.0,11,Stop loss,False,29.176339746511076,210.7541506337293,3.758559520538628,27.149807900497834,0.1384377942677712,1.0,2,11,True,False,False,False,False,False,False,False,False
exness_native-S07,202,2026-08-20 08:00:00+00:00,2026-08-20 07:45:00+00:00,7,Thursday,3,2026,2026-08,LONG,69559.07,69780.38,69510.79,69776.37,69505.40747071648,69022.20530726989,483.20216344659275,2.0720764086144072,1.1619465040100372,3.2340229126244444,61.58394744928241,11.583947449282412,26.523844948015906,31.399811336140697,18.639882449463393,12.759928886677304,233.1970777900555,0.3342063764424196,94.96527777777779,2026-08-20 06:00:00+00:00,69812.2,66588.98371937705,64617.45169043187,245.30035166601738,0.3796193524331444,99.02777777777779,0,EMA20,False,False,0.0,2.095157869730982,69978.45,69449.4,80.60387996586648,0.9851255610370965,1.1560607986808467,1.6560607986808185,0.21719575578735997,69827.01941555801,69440.83087666298,3.5217859110038585,0.41171088406829254,4.728964907639805,2026-08-20 08:00:00+00:00,2026-08-20 08:00:00+00:00,69827.01941555801,70985.5850322431,70985.5850322431,0.07012619654180773,27.08193338074659,81.24580014223977,3.0,1,Take profit,False,1158.5656166850968,0.0,81.24580014223977,0.0,3.0,0.0,1,0,True,True,True,True,True,True,True,True,True
exness_native-S07,203,2026-08-20 14:00:00+00:00,2026-08-20 13:45:00+00:00,13,Thursday,3,2026,2026-08,LONG,71612.82,71804.77,71374.96,71641.54,71589.48903050354,70728.70505017549,860.7839803280513,2.1994585863786087,0.13299963103946472,2.3324582174180732,55.64385607457884,5.643856074578842,41.25040204836965,21.446484035038225,23.04061186203523,-1.5941278269970063,391.361758597749,0.5462777022908064,98.99305555555556,2026-08-20 12:00:00+00:00,71895.78,67635.76733663659,65016.26142201492,347.4772110898339,0.5344466191840676,100.0,0,EMA20,True,False,0.5481604315970703,1.6512981547815384,72045.62,71059.89,6.682022288915281,0.6202275424024305,1.0982422031728623,1.5982422031728611,0.6170821405363416,71883.04235171956,71257.55147242069,4.186310865603619,0.3857090137466548,4.970178780480317,2026-08-20 14:00:00+00:00,2026-08-21 00:15:00+00:00,71883.04235171956,73759.51498961617,73759.51498961617,0.043621815735645386,27.28504788110219,81.85514364330658,3.0,42,Take profit,False,1876.4726378966152,587.8323517195531,81.85514364330658,25.642314530161435,3.0,0.9397936423604913,42,2,True,True,True,True,True,True,True,True,True
exness_native-S07,204,2026-08-21 13:45:00+00:00,2026-08-21 13:30:00+00:00,13,Friday,4,2026,2026-08,LONG,77052.19,77306.71,76197.47,77278.8,77111.94502498058,76193.06218563905,918.8828393415315,1.5180713962666765,0.27565839088178756,1.793729787148464,54.754409761934156,4.754409761934156,45.83793289388056,19.937693221764906,20.759449765586613,-0.8217565438217065,605.2961946330706,0.7832629319206181,99.44444444444444,2026-08-21 12:00:00+00:00,77194.95,72166.93894833197,67054.15035550125,548.6224349302502,0.8181781918369206,100.0,0,EMA20,True,False,1.510789317839563,0.007282078427113382,77462.53,76596.93,20.429302946161293,0.9748386282499699,1.8325573658569327,2.332557365856925,0.24610965713557434,77427.76923892662,76015.88114161008,4.038625644105674,0.2829733911478301,5.282380432217549,2026-08-21 13:45:00+00:00,2026-08-23 05:00:00+00:00,77427.76923892662,76015.88114161008,81663.43353087622,0.01947015899663573,27.489685740210458,-27.489685740210458,-1.0,158,Stop loss,False,1413.780761073387,1411.888097316536,27.526536204483516,27.489685740210458,1.0013405196633136,1.0,56,158,True,True,True,True,True,False,False,False,False
exness_native-S07,205,2026-08-23 16:15:00+00:00,2026-08-23 16:00:00+00:00,16,Sunday,6,2026,2026-08,LONG,77126.14,77285.1,77124.13,77252.28,77152.16682684119,76989.10512872826,163.06169811292784,0.6276839513992133,0.3853721189136423,1.0130560703128557,55.48293200401487,5.48293200401487,22.873920014423817,18.92688390894089,19.855743489991323,-0.9288595810504319,259.7831245317581,0.3362789092202303,87.15277777777779,2026-08-23 15:00:00+00:00,77127.17,76444.7729148112,71110.92725145433,314.68464810609294,0.44252643056297253,90.41666666666667,0,EMA20,True,False,0.10792397270499561,0.5197599786942178,77322.94,76898.68,78.36242778157327,0.796111076598082,0.6196322424335258,1.1196322424335385,0.32633615081488176,77337.05662490636,77046.19506264047,1.85904426312806,0.021443497445494477,9.801998299126355,2026-08-23 16:30:00+00:00,2026-08-24 01:45:00+00:00,77337.05662490636,77046.19506264047,78209.641311704,0.09427495786051568,27.42096152585993,-27.42096152585993,-1.0,38,Stop loss,False,714.3133750936395,290.86156226588355,67.3418633361556,27.42096152585993,2.455853463513575,1.0,20,38,True,True,True,True,True,True,True,False,False
exness_native-S07,206,2026-08-24 12:30:00+00:00,2026-08-24 12:15:00+00:00,12,Monday,0,2026,2026-08,LONG,78119.86,78492.06,77946.26,78423.97,77793.25939423782,77537.02019519592,256.23919904189825,0.7694982299217888,1.8940532773346037,2.6635515072563924,64.61110319393921,14.611103193939215,21.632961255118214,25.754137455415712,13.7981610215074,11.955976433908312,332.995176698382,0.4246089259423898,91.14583333333334,2026-08-24 11:00:00+00:00,78418.46,76983.31188253642,72252.76995947807,273.2853373453254,0.37823510088069084,85.97222222222223,4,EMA20,False,False,0.0,1.2289661635992886,78588.14,77415.13,55.718211799193654,0.8752473433492193,1.6390627798623454,2.1390627798623307,0.4044774362052443,78558.65903533968,77846.36144699049,2.3657977037936413,0.1043220662652799,13.186712391450772,2026-08-24 12:30:00+00:00,2026-08-24 13:45:00+00:00,78558.65903533968,77846.36144699049,80695.55180038724,0.038400255131337505,27.352409122045277,-27.352409122045277,-1.0,6,Stop loss,False,864.5609646603261,712.297588349189,33.199361619551794,27.352409122045277,1.2137637116868816,1.0,3,6,True,True,True,True,True,False,False,False,False
exness_native-S07,207,2026-08-24 14:00:00+00:00,2026-08-24 13:45:00+00:00,13,Monday,0,2026,2026-08,LONG,78260.19,78588.78,77816.76,78565.25,78238.74648570994,77806.4059841412,432.3405015687458,0.991785616494074,0.7489964230338437,1.7407820395279179,57.44920030230088,7.449200302300881,25.997405158956912,23.727307718653933,23.94420156613211,-0.21689384747817897,435.92132652321953,0.55485259261979,96.5625,2026-08-24 12:00:00+00:00,79138.42,77067.82592635852,72321.28389022953,288.8732444364141,0.3994304703921888,87.36111111111111,0,EMA20,True,False,0.9680335877934347,0.0237520287006393,79423.22,78161.72,39.51452034921324,0.9695215149866601,1.7710076406616966,2.2710076406617192,0.2539776298344271,78675.96426530465,77685.98360204302,2.646132560384279,0.07389338979000429,10.021934857286732,2026-08-24 14:00:00+00:00,2026-08-26 15:00:00+00:00,78675.96426530465,77685.98360204302,81645.90625508952,0.027560162649388813,27.284028099240164,-27.284028099240164,-1.0,197,Stop loss,False,2592.865734695355,989.9806632616237,71.45980137623101,27.284028099240164,2.61910745423331,1.0,51,197,True,True,True,True,True,True,True,True,False
exness_native-S07,208,2026-08-27 11:00:00+00:00,2026-08-27 10:45:00+00:00,10,Thursday,3,2026,2026-08,LONG,79598.7,79634.67,79486.53,79633.97,79533.4892308269,79160.134157309,373.3550735179015,1.2188435679253034,0.3280264496015849,1.5468700175268884,55.429076239140024,5.429076239140024,30.97849095182169,25.925771195990098,19.635848296195554,6.2899228997945436,306.31910717912774,0.3846588424250703,86.25,2026-08-27 09:00:00+00:00,79984.88,78763.25955236932,75629.23591692415,188.57979687838815,0.24934774838335788,77.36111111111111,0,EMA20,True,False,0.15330167046825816,1.0655418974570452,80525.41,79332.23,23.808559470773734,0.9952747401107257,0.48361331868655144,0.9836133186865904,0.20228519861672398,79695.93382143583,79394.63426784625,2.1554523412162823,0.0787545246299445,8.24181182036992,2026-08-27 11:00:00+00:00,2026-08-27 11:30:00+00:00,79695.93382143583,79394.63426784625,80599.83248220455,0.09032810604845752,27.21581802899206,-27.21581802899206,-1.0,3,Stop loss,False,74.40617856416793,301.2995535895752,6.720969188004627,27.21581802899206,0.24695084236839818,1.0,2,3,True,False,False,False,False,False,False,False,False
exness_native-S07,209,2026-08-30 18:30:00+00:00,2026-08-30 18:15:00+00:00,18,Sunday,6,2026,2026-08,LONG,78833.91,78994.52,78829.77,78994.51,78891.02455958085,78623.6413280521,267.3832315287582,1.2689234192501282,0.49111194501043587,1.760035364260564,56.04357332550749,6.043573325507488,35.995079237629795,18.654542893320794,19.329868283312045,-0.6753253899912508,210.71660233583572,0.2667484137009467,68.57638888888889,2026-08-30 17:00:00+00:00,79010.2,78376.24452472973,77237.5388588186,88.06830279927817,0.11402266838183045,69.58333333333333,0,EMA20,True,False,0.29069640883456166,0.9782270104155665,79326.33,78747.54,97.48103186645905,0.9999393019726294,0.7818558109504105,1.281855810950396,0.20004745710539326,79036.66332046717,78766.55501929925,1.1465371833227356,0.15929366105216025,8.594444482444938,2026-08-30 18:30:00+00:00,2026-08-30 19:30:00+00:00,79036.66332046717,78766.55501929925,79846.98822397091,0.1005070128038863,27.147778483919584,-27.147778483919584,-1.0,5,Stop loss,False,139.58667953283293,270.10830116791476,14.029440187058412,27.147778483919584,0.5167804133722564,1.0,1,5,True,True,True,False,False,False,False,False,False
exness_native-S07,210,2026-08-31 16:45:00+00:00,2026-08-31 16:30:00+00:00,16,Monday,0,2026,2026-08,LONG,78628.58,78746.24,78548.47,78689.07,78388.72774531509,78283.22122336483,105.50652195025759,0.3565577115719324,1.0150021537938427,1.3715598653657752,60.237091387078316,10.237091387078316,18.791572082779247,22.637997987625642,13.175404894433846,9.462593093191796,295.903071301187,0.3760408800119089,83.54166666666667,2026-08-31 15:00:00+00:00,78554.01,78274.03161434413,77428.3624018699,41.093113243885455,0.05307242975203754,37.916666666666664,4,both,False,False,0.0,0.8964042700495809,78783.58,78181.29,30.586034282249074,0.7109268342013598,0.6683607545212077,1.1683607545212353,0.3932051592050343,78805.42061426025,78459.69907860964,1.98325912345445,0.04402750791398309,10.394458340556552,2026-08-31 16:45:00+00:00,2026-08-31 23:00:00+00:00,78805.42061426025,78459.69907860964,79842.58522121207,0.07832867277633919,27.079909037709786,-27.079909037709786,-1.0,26,Stop loss,False,445.22938573974534,345.7215356506058,34.87422686601901,27.079909037709786,1.2878265882450102,1.0,10,26,True,True,True,True,True,False,False,False,False
exness_native-S07,211,2026-09-09 12:15:00+00:00,2026-09-09 12:00:00+00:00,12,Wednesday,2,2026,2026-09,LONG,79287.47,79421.33,79246.78,79352.95,79138.52950506355,79020.82026835662,117.70923670692719,0.5737057289464851,1.0450689324820244,1.6187746614285095,58.40042836387236,8.400428363872358,22.465163399976348,30.425080481910264,22.89350756266985,7.531572919240414,205.17354240662817,0.25855817887882954,55.93749999999999,2026-09-09 11:00:00+00:00,79286.72,78968.60020239462,78947.67278982323,13.670255564691615,0.01731559029116028,7.916666666666666,0,both,False,False,0.0,1.1013102810086275,79360.24,78710.26,37.51360641649661,0.6082497851618246,0.8507432193867704,1.3507432193867352,0.5332788389668883,79462.36470848133,79185.22793727802,1.6101391807429917,0.12620374842325782,8.590637826868969,2026-09-09 12:30:00+00:00,2026-09-09 13:30:00+00:00,79462.36470848133,79185.22793727802,80293.77502209126,0.09746887483689105,27.012209265115512,-27.012209265115512,-1.0,5,Stop loss,False,191.77529151867202,277.13677120330976,18.692121885841736,27.012209265115512,0.6919878971166339,1.0,2,5,True,True,True,False,False,False,False,False,False
exness_native-S07,212,2026-09-11 11:00:00+00:00,2026-09-11 10:45:00+00:00,10,Friday,4,2026,2026-09,SHORT,76979.23,77016.18,76957.82,76960.83,77100.80237567898,77107.98784938666,-7.1854737076791935,0.05056758636816483,0.9850519929868223,1.0356195793549872,42.170401832357356,7.829598167642644,19.897720653944717,18.297112721566535,28.270917289914397,9.973804568347862,142.0964341735491,0.18463474753786974,30.520833333333336,2026-09-11 09:00:00+00:00,77002.49,77684.58967699198,78474.77268297737,-65.20870272029424,0.0830951151444867,59.44444444444444,2,EMA50,False,False,0.0,0.6460953782593447,77142.77,76829.97,31.528444139819367,0.05157642220691367,0.41070699866196636,0.9107069986619785,0.22118279756636972,76929.40071316529,77058.80893025205,1.704013915472412,0.09869172176642899,11.415290813180777,2026-09-11 11:00:00+00:00,2026-09-11 12:00:00+00:00,76929.40071316529,77058.80893025205,76541.176061905,0.14010081187252277,26.94467874195272,-18.13019627683107,-0.6728674129115688,5,Stop loss,False,227.2807131652953,129.4082170867623,31.842212437423846,18.13019627683107,1.7563082026925227,1.0,2,5,True,True,True,True,True,True,False,False,False
exness_native-S07,213,2026-09-13 08:00:00+00:00,2026-09-13 07:45:00+00:00,7,Sunday,6,2026,2026-09,SHORT,77130.93,77146.58,77067.21,77093.94,77193.71201446846,77218.5238116793,-24.811797210844816,0.4000163773601564,1.6085267604941242,2.0085431378542804,34.36741033205196,15.63258966794804,24.341102900504332,10.628784712536905,34.4449453347706,23.816160622233696,62.026953432722614,0.08045632825708818,5.451388888888889,2026-09-13 06:00:00+00:00,77100.86,77353.54003063086,78061.8743375482,-44.17785280937096,0.05659337952652921,35.0,3,both,False,False,0.0,1.159879821557515,77288.47,77030.92,46.604510520338735,0.3367771198185397,1.2796050040742986,1.7796050040741886,0.6309416877775359,77054.80460931346,77165.18808602981,0.4238427502799553,0.06973169012289793,13.024136884108394,2026-09-13 08:00:00+00:00,2026-09-13 08:30:00+00:00,77054.80460931346,76723.65417916441,76723.65417916441,0.13963751326161625,26.899353251260646,46.24102258152782,1.7190384523226678,3,Take profit,False,331.1504301490495,0.0,46.24102258152782,0.0,3.0,0.0,3,0,True,True,True,True,True,True,True,True,True
exness_native-S07,214,2026-09-13 12:45:00+00:00,2026-09-13 12:30:00+00:00,12,Sunday,6,2026,2026-09,SHORT,76796.62,76832.82,76670.54,76695.75,76793.44670915235,76960.48438604447,-167.03767689211236,1.4512772177782347,0.848820522906913,2.300097740685148,40.106059217766244,9.893940782233756,50.13826548324721,13.080695715771887,31.504346665562668,18.423650949790783,115.09701581881848,0.15006961379061876,23.645833333333332,2026-09-13 11:00:00+00:00,76748.31,77253.08605613785,78000.53830569319,-61.33603185501124,0.07863539558487173,57.49999999999999,0,EMA20,True,False,0.3420878514316326,1.1091893663466021,76831.14,76499.66,62.157998521066695,0.15534877988664236,1.4099409862673473,1.909940986267327,0.41903261192881874,76647.52059683623,76867.34910474565,0.6484083899220919,0.18412571966542132,7.436667180158705,2026-09-13 12:45:00+00:00,2026-09-13 13:45:00+00:00,76647.52059683623,76867.34910474565,75988.03507310797,0.1228910484114549,27.014955807714465,-27.014955807714465,-1.0,5,Stop loss,False,134.11059683622443,219.8285079094203,16.480991848289566,27.014955807714465,0.6100691767033433,1.0,3,5,True,True,True,False,False,False,False,False,False
exness_native-S07,215,2026-09-15 11:15:00+00:00,2026-09-15 11:00:00+00:00,11,Tuesday,1,2026,2026-09,SHORT,77022.48,77176.96,76962.2,76997.38,77072.6023989991,77449.40679906217,-376.8044000630762,2.1973280173009324,0.4386580539442183,2.635986071245151,41.40795807349401,8.592041926505992,48.47860299871927,14.215786482701654,22.302231072249146,8.086444589547492,171.48299985084628,0.22271277263050546,35.76388888888889,2026-09-15 10:00:00+00:00,77021.23,77672.6018458234,77890.92703067078,-45.04095983841398,0.057825682085768985,37.916666666666664,0,EMA20,True,False,0.6085594554077182,1.5887685618932144,77132.53,76824.35,11.687465077291014,0.1638107655057089,1.2523690405859753,1.752369040585987,0.4051515312340435,76927.90340002983,77228.40489995526,1.5216816182154302,0.07843562231759618,6.925626570671782,2026-09-15 11:15:00+00:00,2026-09-15 14:30:00+00:00,76927.90340002983,76026.39890025352,76026.39890025352,0.08967482167270989,26.94741841819518,80.84225525458554,3.0,14,Take profit,False,901.5044997763034,172.776599970166,80.84225525458554,15.493710791541767,3.0,0.5749608571439352,14,7,True,True,True,True,True,True,True,True,True
