segment_id,trade_id,setup_id,signal_time,entry_time,exit_time,direction,entry_price,structural_stop,target,exit_price,exit_reason,quantity,planned_risk,gross_pnl,realized_r
exness_native-S01,1,BTC_V2_SETUP_A,2023-11-19 09:30:00+00:00,2023-11-19 09:30:00+00:00,2023-11-19 10:15:00+00:00,LONG,36643.90333411066,36544.694998834,36941.528339940654,36544.694998834,Stop loss,0.2519949551646247,25.0,-25.000000000000004,-1.0000000000000002
exness_native-S01,2,BTC_V2_SETUP_A,2023-11-20 10:15:00+00:00,2023-11-20 10:30:00+00:00,2023-11-20 11:45:00+00:00,LONG,37243.90622574107,37130.99066138839,37582.65291879912,37130.99066138839,Stop loss,0.22085086447524355,24.9375,-24.9375,-1.0
exness_native-S01,3,BTC_V2_SETUP_A,2023-11-20 14:45:00+00:00,2023-11-20 14:45:00+00:00,2023-11-20 17:15:00+00:00,LONG,37306.880295656636,37057.30455651505,38055.607513081384,37057.30455651505,Stop loss,0.0996697689268927,24.87515625,-24.87515625,-1.0
exness_native-S01,4,BTC_V2_SETUP_B,2023-11-23 09:45:00+00:00,2023-11-23 09:45:00+00:00,2023-11-23 10:30:00+00:00,LONG,37553.51951131027,37408.87195475892,37987.46218096431,37408.87195475892,Stop loss,0.1715408745986454,24.812968359375,-24.812968359375,-1.0
exness_native-S01,5,BTC_V2_SETUP_A,2023-11-24 13:15:00+00:00,2023-11-24 13:15:00+00:00,2023-11-24 14:30:00+00:00,LONG,37825.97788769037,37586.31316846445,38544.97204536815,37586.31316846445,Stop loss,0.10327317269900063,24.750935938476562,-24.750935938476562,-1.0
exness_native-S01,6,BTC_V2_SETUP_A,2023-11-24 15:00:00+00:00,2023-11-24 15:00:00+00:00,2023-11-24 16:45:00+00:00,LONG,37834.89571430654,37601.96642854019,38533.6835716056,37601.96642854019,Stop loss,0.10599379342705532,24.68905859863037,-24.68905859863037,-1.0
exness_native-S01,7,BTC_V2_SETUP_A,2023-11-29 12:30:00+00:00,2023-11-29 12:30:00+00:00,2023-11-29 14:15:00+00:00,LONG,38221.262199465185,38004.81170080222,38870.61369545409,38004.81170080222,Stop loss,0.11377814375230685,24.627335952133794,-24.627335952133794,-1.0
exness_native-S01,8,BTC_V2_SETUP_B,2023-12-01 07:15:00+00:00,2023-12-01 07:15:00+00:00,2023-12-01 16:30:00+00:00,LONG,38318.081234314835,38113.535062740644,38931.71974903741,38931.71974903741,Take profit,0.12009888732306666,24.565767612253456,73.69730283676037,3.0
exness_native-S01,9,BTC_V2_SETUP_A,2023-12-01 19:45:00+00:00,2023-12-01 19:45:00+00:00,2023-12-02 19:00:00+00:00,LONG,38773.06043649821,38559.1393452527,39414.823710234734,39414.823710234734,Take profit,0.11569691761220827,24.75001086934536,74.25003260803608,3.0
exness_native-S01,10,BTC_V2_SETUP_A,2023-12-03 16:00:00+00:00,2023-12-03 16:00:00+00:00,2023-12-03 17:00:00+00:00,LONG,39785.58836822988,39611.62244765517,40307.486129954006,39611.62244765517,Stop loss,0.14333632626717263,24.93563595086545,-24.93563595086545,-1.0
exness_native-S01,11,BTC_V2_SETUP_B,2023-12-04 10:30:00+00:00,2023-12-04 10:30:00+00:00,2023-12-04 11:15:00+00:00,LONG,41765.31944506116,41429.56221975533,42772.59112097866,41429.56221975533,Stop loss,0.07408119613310456,24.873296860988283,-24.873296860988283,-1.0
exness_native-S01,12,BTC_V2_SETUP_A,2023-12-04 13:00:00+00:00,2023-12-04 13:00:00+00:00,2023-12-04 14:00:00+00:00,LONG,41807.207620332774,41496.85356950084,42738.26977282858,41496.85356950084,Stop loss,0.07994454576096935,24.811113618835815,-24.81111361883581,-0.9999999999999999
exness_native-S01,13,BTC_V2_SETUP_A,2023-12-04 17:00:00+00:00,2023-12-04 17:00:00+00:00,2023-12-05 07:30:00+00:00,LONG,41622.21283514158,41290.03574728763,42618.74409870344,41290.03574728763,Stop loss,0.07450569813433372,24.749085834788726,-24.749085834788726,-1.0
exness_native-S01,14,BTC_V2_SETUP_B,2023-12-05 14:30:00+00:00,2023-12-05 14:30:00+00:00,2023-12-05 17:15:00+00:00,LONG,42107.84268250656,41707.809269973746,43307.94292010501,43307.94292010501,Take profit,0.06171287784161434,24.687213120201754,74.06163936060526,2.9999999999999996
exness_native-S01,15,BTC_V2_SETUP_A,2023-12-06 08:15:00+00:00,2023-12-06 08:15:00+00:00,2023-12-06 11:15:00+00:00,LONG,43832.00685441927,43548.3947183711,44682.84326256378,43548.3947183711,Stop loss,0.08769852928429978,24.872367218603266,-24.872367218603266,-1.0
exness_native-S01,16,BTC_V2_SETUP_A,2023-12-08 14:30:00+00:00,2023-12-08 14:30:00+00:00,2023-12-08 20:45:00+00:00,LONG,43690.599687279006,43485.5704690815,44305.68734187153,44305.68734187153,Take profit,0.12100805201654996,24.81018630055676,74.43055890167028,3.0
exness_native-S01,17,BTC_V2_SETUP_B,2023-12-16 16:00:00+00:00,2023-12-16 16:00:00+00:00,2023-12-16 19:30:00+00:00,LONG,42563.89507034248,42279.7397186301,43416.361125479605,42279.7397186301,Stop loss,0.08796689046037165,24.996262697810934,-24.996262697810934,-1.0
exness_native-S01,18,BTC_V2_SETUP_A,2023-12-17 08:00:00+00:00,2023-12-17 08:00:00+00:00,2023-12-17 16:45:00+00:00,SHORT,41761.94098024226,41972.19352963661,41131.18333205922,41972.19352963661,Stop loss,0.11858963000872336,24.93377204106641,-24.93377204106641,-1.0
exness_native-S01,19,BTC_V2_SETUP_A,2023-12-18 09:15:00+00:00,2023-12-18 09:15:00+00:00,2023-12-18 13:30:00+00:00,SHORT,40975.50228083962,41225.091578740576,40226.73438713674,41225.091578740576,Stop loss,0.09964945540586906,24.871437610963746,-24.871437610963746,-1.0
exness_native-S01,20,BTC_V2_SETUP_A,2023-12-19 10:45:00+00:00,2023-12-19 10:45:00+00:00,2023-12-19 11:45:00+00:00,LONG,43235.36189074838,42933.31716387742,44141.49607136127,42933.31716387742,Stop loss,0.08213769951870498,24.809259016936334,-24.809259016936334,-1.0
exness_native-S01,21,BTC_V2_SETUP_A,2023-12-20 09:15:00+00:00,2023-12-20 09:15:00+00:00,2023-12-20 10:15:00+00:00,LONG,42863.296596029686,42685.430105955464,43396.89606625235,42685.430105955464,Stop loss,0.1391337730848973,24.747235869393993,-24.747235869393997,-1.0000000000000002
exness_native-S01,22,BTC_V2_SETUP_A,2023-12-20 10:45:00+00:00,2023-12-20 10:45:00+00:00,2023-12-20 13:30:00+00:00,LONG,42857.33103408729,42666.293448869066,43430.44378974197,43430.44378974197,Take profit,0.12921733569612454,24.685367779720508,74.05610333916152,3.0
exness_native-S01,23,BTC_V2_SETUP_A,2023-12-20 17:30:00+00:00,2023-12-20 17:45:00+00:00,2023-12-20 20:00:00+00:00,LONG,43962.172205384086,43501.77669192388,45343.35874576471,43501.77669192388,Stop loss,0.05401987489223872,24.870508038068415,-24.870508038068415,-1.0
exness_native-S02,1,BTC_V2_SETUP_B,2024-01-02 07:15:00+00:00,2024-01-02 07:15:00+00:00,2024-01-02 14:45:00+00:00,LONG,45460.84735000274,45154.29059998904,46380.51760004383,45154.29059998904,Stop loss,0.08155096894419392,25.0,-25.0,-1.0
exness_native-S02,2,BTC_V2_SETUP_B,2024-01-04 17:15:00+00:00,2024-01-04 17:15:00+00:00,2024-01-05 01:45:00+00:00,LONG,44211.16234995939,43806.530600162405,45425.05759935035,43806.530600162405,Stop loss,0.06163011185482042,24.9375,-24.9375,-1.0
exness_native-S02,3,BTC_V2_SETUP_B,2024-01-06 17:45:00+00:00,2024-01-06 17:45:00+00:00,2024-01-06 19:15:00+00:00,LONG,43991.852082955644,43836.101668177434,44459.10332729027,43836.101668177434,Stop loss,0.15971165332318743,24.87515625,-24.87515625,-1.0
exness_native-S02,4,BTC_V2_SETUP_A,2024-01-07 19:45:00+00:00,2024-01-07 19:45:00+00:00,2024-01-07 22:15:00+00:00,LONG,44267.164465988935,44058.2683010166,44893.85296090594,44058.2683010166,Stop loss,0.11878134939749169,24.812968359375,-24.812968359375,-1.0
exness_native-S02,5,BTC_V2_SETUP_A,2024-01-08 10:30:00+00:00,2024-01-08 10:45:00+00:00,2024-01-08 12:00:00+00:00,LONG,44041.88687238334,43715.254691425,45021.78341525835,45021.78341525835,Take profit,0.07577617081653536,24.750935938476562,74.25280781542969,3.0
exness_native-S02,6,BTC_V2_SETUP_A,2024-01-08 12:45:00+00:00,2024-01-08 12:45:00+00:00,2024-01-08 18:30:00+00:00,LONG,45039.07250006594,44452.871249901094,46797.676250560464,46797.676250560464,Take profit,0.04253926096370976,24.93656795801514,74.80970387404541,2.9999999999999996
exness_native-S02,7,BTC_V2_SETUP_B,2024-01-09 19:30:00+00:00,2024-01-09 19:30:00+00:00,2024-01-09 21:00:00+00:00,LONG,46799.932060433646,46532.4817582654,47602.28296693839,47602.28296693839,Take profit,0.09393742319234917,25.123592217700253,75.37077665310076,3.0
exness_native-S02,8,BTC_V2_SETUP_A,2024-01-10 18:30:00+00:00,2024-01-10 18:30:00+00:00,2024-01-10 20:00:00+00:00,LONG,46480.12554635704,46007.51668046444,47897.95214403485,46007.51668046444,Stop loss,0.053558070925154924,25.312019159333005,-25.312019159333005,-1.0
exness_native-S02,9,BTC_V2_SETUP_A,2024-01-11 14:00:00+00:00,2024-01-11 14:00:00+00:00,2024-01-11 14:45:00+00:00,LONG,47374.859838764445,46934.07524185333,48697.21362949779,48697.21362949779,Take profit,0.05728135531134752,25.24873911143467,75.746217334304,3.0
exness_native-S02,10,BTC_V2_SETUP_A,2024-01-13 10:45:00+00:00,2024-01-13 10:45:00+00:00,2024-01-13 14:45:00+00:00,SHORT,42637.101707916896,42919.49243812466,41789.9295172936,42919.49243812466,Stop loss,0.09008123119358338,25.43810465477043,-25.43810465477043,-1.0
exness_native-S02,11,BTC_V2_SETUP_A,2024-01-14 20:00:00+00:00,2024-01-14 20:00:00+00:00,2024-01-14 23:30:00+00:00,SHORT,42564.4632146958,42817.66017795629,41804.87232491434,41804.87232491434,Take profit,0.1002164839039884,25.374509393133508,76.12352817940052,3.0
exness_native-S02,12,BTC_V2_SETUP_A,2024-01-15 15:45:00+00:00,2024-01-15 15:45:00+00:00,2024-01-15 16:45:00+00:00,SHORT,42284.526114571476,42496.48082814279,41648.66197385753,42496.48082814279,Stop loss,0.12061453025898584,25.564818213582008,-25.564818213582008,-1.0
exness_native-S02,13,BTC_V2_SETUP_B,2024-01-17 08:00:00+00:00,2024-01-17 08:00:00+00:00,2024-01-17 14:45:00+00:00,SHORT,42560.199266585594,42842.78293365762,41712.44826536952,42842.78293365762,Stop loss,0.09024196774100356,25.50090616804805,-25.50090616804805,-1.0
exness_native-S02,14,BTC_V2_SETUP_A,2024-01-17 16:00:00+00:00,2024-01-17 16:15:00+00:00,2024-01-17 20:30:00+00:00,SHORT,42404.64215045202,42714.461774321964,41475.18327884218,42714.461774321964,Stop loss,0.08210310755946756,25.43715390262793,-25.43715390262793,-1.0
exness_native-S02,15,BTC_V2_SETUP_A,2024-01-18 14:00:00+00:00,2024-01-18 14:00:00+00:00,2024-01-18 14:45:00+00:00,SHORT,42427.18265826876,42650.17101259687,41758.217595284426,42650.17101259687,Stop loss,0.11378872719306275,25.373561017871356,-25.373561017871356,-1.0
exness_native-S02,16,BTC_V2_SETUP_A,2024-01-18 16:15:00+00:00,2024-01-18 16:15:00+00:00,2024-01-18 16:45:00+00:00,SHORT,42394.521645586814,42625.85753161978,41700.51398748791,41700.51398748791,Take profit,0.10940856409852331,25.310127115326676,75.93038134598002,3.0
exness_native-S02,17,BTC_V2_SETUP_B,2024-01-19 08:00:00+00:00,2024-01-19 08:00:00+00:00,2024-01-19 11:00:00+00:00,SHORT,41181.242733494226,41449.82906602308,40375.48373590767,41449.82906602308,Stop loss,0.09494136514169939,25.499953068691624,-25.499953068691624,-1.0
exness_native-S02,18,BTC_V2_SETUP_A,2024-01-19 15:15:00+00:00,2024-01-19 15:15:00+00:00,2024-01-19 15:15:00+00:00,SHORT,40735.24894520197,41048.116582197035,39796.646034216785,41048.116582197035,Stop loss,0.08130020551285497,25.4362031860199,-25.4362031860199,-1.0
exness_native-S02,19,BTC_V2_SETUP_B,2024-01-19 16:30:00+00:00,2024-01-19 16:30:00+00:00,2024-01-19 17:30:00+00:00,SHORT,40471.15787929456,40937.30848282175,39072.70606871299,40937.30848282175,Stop loss,0.05443007578681589,25.372612678054846,-25.372612678054846,-1.0
exness_native-S02,20,BTC_V2_SETUP_A,2024-01-22 07:15:00+00:00,2024-01-22 07:30:00+00:00,2024-01-22 10:15:00+00:00,SHORT,41004.970747001,41224.668879498495,40345.87634950853,40345.87634950853,Take profit,0.11519980101173008,25.30918114635971,75.92754343907913,3.0
exness_native-S02,21,BTC_V2_SETUP_A,2024-01-22 11:30:00+00:00,2024-01-22 11:30:00+00:00,2024-01-22 11:30:00+00:00,SHORT,40693.443393514855,40895.05490972772,40088.60884487627,40895.05490972772,Stop loss,0.1264759101262619,25.499000004957406,-25.499000004957406,-1.0
exness_native-S02,22,BTC_V2_SETUP_A,2024-01-22 14:30:00+00:00,2024-01-22 14:30:00+00:00,2024-01-23 09:00:00+00:00,SHORT,40469.036756808746,40865.77986478688,39278.80743287435,39278.80743287435,Take profit,0.06411013069531897,25.435252504945016,76.30575751483505,3.0
exness_native-S02,23,BTC_V2_SETUP_B,2024-01-23 11:30:00+00:00,2024-01-23 11:30:00+00:00,2024-01-23 15:30:00+00:00,SHORT,38737.47892322443,39041.47430710228,37825.49277159087,39041.47430710228,Stop loss,0.08429738824267406,25.626016898732104,-25.626016898732104,-1.0
exness_native-S02,24,BTC_V2_SETUP_B,2024-01-23 19:00:00+00:00,2024-01-23 19:00:00+00:00,2024-01-23 22:30:00+00:00,SHORT,39046.43532130715,39447.6287147714,37842.8551409144,39447.6287147714,Stop loss,0.06371478761342815,25.561951856485276,-25.561951856485273,-0.9999999999999999
exness_native-S02,25,BTC_V2_SETUP_A,2024-01-24 19:30:00+00:00,2024-01-24 19:30:00+00:00,2024-01-24 20:00:00+00:00,SHORT,39645.06036683133,39887.52944975301,38917.65311806627,39887.52944975301,Stop loss,0.10515999264565885,25.498046976844062,-25.498046976844062,-1.0
exness_native-S02,26,BTC_V2_SETUP_A,2024-01-25 13:45:00+00:00,2024-01-25 13:45:00+00:00,2024-01-25 14:15:00+00:00,SHORT,39742.63006212258,39987.37990681613,39008.38052804193,39987.37990681613,Stop loss,0.10391958324324227,25.434301859401952,-25.434301859401952,-1.0
exness_native-S02,27,BTC_V2_SETUP_B,2024-01-25 17:15:00+00:00,2024-01-25 17:15:00+00:00,2024-01-25 18:00:00+00:00,SHORT,39501.08104887223,39823.505804511085,38533.80678195565,39823.505804511085,Stop loss,0.07868724612811896,25.370716104753445,-25.370716104753445,-1.0
exness_native-S02,28,BTC_V2_SETUP_A,2024-01-27 16:15:00+00:00,2024-01-27 16:15:00+00:00,2024-01-27 18:00:00+00:00,LONG,41878.11536337515,41751.55195493728,42257.80558868878,41751.55195493728,Stop loss,0.19995739390120545,25.307289314491562,-25.307289314491562,-1.0
exness_native-S02,29,BTC_V2_SETUP_A,2024-01-28 07:15:00+00:00,2024-01-28 07:15:00+00:00,2024-01-28 08:00:00+00:00,LONG,42490.71775398429,42326.76836902356,42982.56590886648,42326.76836902356,Stop loss,0.15397447875301074,25.244021091205337,-25.244021091205337,-1.0
exness_native-S02,30,BTC_V2_SETUP_A,2024-01-28 08:30:00+00:00,2024-01-28 08:30:00+00:00,2024-01-28 12:15:00+00:00,LONG,42571.69227986868,42311.641580196985,43351.84437888376,42311.641580196985,Stop loss,0.09683077596125467,25.180911038477326,-25.180911038477326,-1.0
exness_native-S02,31,BTC_V2_SETUP_A,2024-01-30 12:15:00+00:00,2024-01-30 12:15:00+00:00,2024-01-30 12:15:00+00:00,LONG,43697.076171098444,43454.87074335234,44423.692454336764,43454.87074335234,Stop loss,0.1037051852826816,25.117958760881134,-25.117958760881134,-1.0
exness_native-S02,32,BTC_V2_SETUP_A,2024-01-30 15:00:00+00:00,2024-01-30 15:15:00+00:00,2024-01-30 15:45:00+00:00,LONG,43492.894400024175,43315.59339996373,44024.79740020552,43315.59339996373,Stop loss,0.14131428393205198,25.055163863978933,-25.055163863978933,-1.0
exness_native-S02,33,BTC_V2_SETUP_A,2024-01-30 17:00:00+00:00,2024-01-30 17:00:00+00:00,2024-01-30 17:30:00+00:00,LONG,43531.24514780306,43300.90227829541,44222.273756326016,43300.90227829541,Stop loss,0.10850140925889981,24.992525954318985,-24.992525954318985,-1.0
exness_native-S03,1,BTC_V2_SETUP_B,2024-02-09 11:00:00+00:00,2024-02-09 11:00:00+00:00,2024-02-09 12:00:00+00:00,LONG,46768.81354491146,46506.78582035415,47554.89671858341,47554.89671858341,Take profit,0.09540975117131731,25.0,75.0,3.0
exness_native-S03,2,BTC_V2_SETUP_A,2024-02-09 15:30:00+00:00,2024-02-09 15:30:00+00:00,2024-02-12 15:00:00+00:00,LONG,47234.70123321745,46621.07815017383,49075.5704823483,49075.5704823483,Take profit,0.041047184657832705,25.1875,75.5625,3.0
exness_native-S03,3,BTC_V2_SETUP_A,2024-02-13 07:15:00+00:00,2024-02-13 07:15:00+00:00,2024-02-13 07:30:00+00:00,LONG,50089.27360147499,49902.59959778752,50649.2956125374,49902.59959778752,Stop loss,0.13593969030891614,25.37640625,-25.37640625,-1.0
exness_native-S03,4,BTC_V2_SETUP_A,2024-02-13 08:15:00+00:00,2024-02-13 08:30:00+00:00,2024-02-13 10:30:00+00:00,LONG,50082.126772639705,49896.42484104044,50639.2325674375,49896.42484104044,Stop loss,0.13630964964327327,25.312965234375,-25.312965234375,-1.0
exness_native-S03,5,BTC_V2_SETUP_A,2024-02-14 20:00:00+00:00,2024-02-14 20:00:00+00:00,2024-02-15 14:30:00+00:00,LONG,51703.6595498703,51409.770675194544,52585.32617389758,52585.32617389758,Take profit,0.08591574910464551,25.249682821289067,75.74904846386721,3.0000000000000004
exness_native-S03,6,BTC_V2_SETUP_A,2024-02-16 14:00:00+00:00,2024-02-16 14:00:00+00:00,2024-02-16 14:15:00+00:00,LONG,52522.74255580525,52103.331166292126,53780.97672434462,52103.331166292126,Stop loss,0.060654183645274515,25.439055442448733,-25.439055442448733,-1.0
exness_native-S03,7,BTC_V2_SETUP_A,2024-02-18 12:00:00+00:00,2024-02-18 12:15:00+00:00,2024-02-18 12:30:00+00:00,LONG,51818.008898841435,51657.24165173785,52300.31064015219,51657.24165173785,Stop loss,0.15783972333303034,25.375457803842615,-25.37545780384261,-0.9999999999999999
exness_native-S03,8,BTC_V2_SETUP_A,2024-02-19 10:15:00+00:00,2024-02-19 10:15:00+00:00,2024-02-19 10:15:00+00:00,LONG,52339.926505841926,52138.20524123711,52945.09029965637,52138.20524123711,Stop loss,0.12548017289560942,25.31201915933301,-25.31201915933301,-1.0
exness_native-S03,9,BTC_V2_SETUP_A,2024-02-20 11:00:00+00:00,2024-02-20 11:00:00+00:00,2024-02-20 13:30:00+00:00,LONG,52098.52543611322,51919.731845830174,52634.90620696235,52634.90620696235,Take profit,0.1412172498547856,25.248739111434674,75.74621733430402,3.0
exness_native-S03,10,BTC_V2_SETUP_B,2024-02-24 17:15:00+00:00,2024-02-24 17:15:00+00:00,2024-02-25 02:00:00+00:00,LONG,51257.395264384046,51075.72894246383,51802.394230144695,51802.394230144695,Take profit,0.14002652988120856,25.438104654770438,76.31431396431132,3.0000000000000004
exness_native-S03,11,BTC_V2_SETUP_A,2024-02-25 07:45:00+00:00,2024-02-25 07:45:00+00:00,2024-02-25 08:45:00+00:00,LONG,51706.45852675665,51574.25720986503,52103.06247743152,51574.25720986503,Stop loss,0.19386259564033936,25.628890439681214,-25.628890439681214,-1.0
exness_native-S03,12,BTC_V2_SETUP_A,2024-02-27 08:00:00+00:00,2024-02-27 08:00:00+00:00,2024-02-27 12:30:00+00:00,LONG,56169.93759642097,55848.07860536855,57135.51456957822,57135.51456957822,Take profit,0.07942862844996182,25.56481821358201,76.69445464074605,3.0000000000000004
exness_native-S03,13,BTC_V2_SETUP_A,2024-02-27 13:15:00+00:00,2024-02-27 13:15:00+00:00,2024-02-27 16:00:00+00:00,LONG,57119.19163319727,56478.4075502041,59041.54388217677,56478.4075502041,Stop loss,0.040195371629508085,25.75655435018388,-25.75655435018388,-1.0
exness_native-S03,14,BTC_V2_SETUP_A,2024-02-28 12:15:00+00:00,2024-02-28 12:15:00+00:00,2024-02-28 13:15:00+00:00,LONG,59211.04194951988,58785.632075720176,60487.271570918994,60487.271570918994,Take profit,0.060393903730605554,25.69216296430842,77.07648889292527,3.0000000000000004
exness_native-S03,15,BTC_V2_SETUP_A,2024-02-29 08:45:00+00:00,2024-02-29 09:00:00+00:00,2024-02-29 09:30:00+00:00,LONG,62923.906599341215,62300.320100988174,64794.66609440034,62300.320100988174,Stop loss,0.041509645021028226,25.884854186540732,-25.884854186540732,-1.0
exness_native-S03,16,BTC_V2_SETUP_A,2024-02-29 11:00:00+00:00,2024-02-29 11:00:00+00:00,2024-02-29 12:00:00+00:00,LONG,62872.30178140567,62354.9423278915,64424.3801419482,62354.9423278915,Stop loss,0.04990754856355777,25.82014205107438,-25.82014205107438,-1.0
exness_native-S03,17,BTC_V2_SETUP_A,2024-03-01 11:45:00+00:00,2024-03-01 12:00:00+00:00,2024-03-01 14:30:00+00:00,LONG,62077.37303870083,61714.99044194876,63164.52082895706,61714.99044194876,Stop loss,0.07107292658860061,25.755591695946695,-25.7555916959467,-1.0000000000000002
exness_native-S03,18,BTC_V2_SETUP_A,2024-03-01 18:15:00+00:00,2024-03-01 18:15:00+00:00,2024-03-02 09:30:00+00:00,LONG,62122.70020092433,61654.799698613504,63526.40170785681,61654.799698613504,Stop loss,0.054907405719432624,25.69120271670683,-25.69120271670683,-1.0
exness_native-S03,19,BTC_V2_SETUP_A,2024-03-03 13:45:00+00:00,2024-03-03 13:45:00+00:00,2024-03-04 00:00:00+00:00,LONG,62276.548090692486,61948.60286396127,63260.38377088613,63260.38377088613,Take profit,0.07814406986602974,25.62697470991506,76.88092412974518,3.0
exness_native-S03,20,BTC_V2_SETUP_A,2024-03-04 13:15:00+00:00,2024-03-04 13:30:00+00:00,2024-03-04 14:00:00+00:00,LONG,65430.478607703924,64965.64708844412,66824.97316548333,64965.64708844412,Stop loss,0.055545237253605134,25.819177020239426,-25.819177020239426,-1.0
exness_native-S03,21,BTC_V2_SETUP_A,2024-03-04 14:15:00+00:00,2024-03-04 14:15:00+00:00,2024-03-04 20:30:00+00:00,LONG,65332.275443165134,64506.331835252306,67810.10626690362,67810.10626690362,Take profit,0.03118206719072645,25.75462907768883,77.26388723306648,3.0
exness_native-S03,22,BTC_V2_SETUP_B,2024-03-05 14:45:00+00:00,2024-03-05 14:45:00+00:00,2024-03-05 15:15:00+00:00,LONG,68428.19920837112,67131.47316651548,72318.37733393804,67131.47316651548,Stop loss,0.020010231890338,25.947788795771494,-25.947788795771494,-1.0
exness_native-S03,23,BTC_V2_SETUP_B,2024-03-06 08:00:00+00:00,2024-03-06 08:00:00+00:00,2024-03-06 12:45:00+00:00,LONG,66776.16211337018,65782.21154651926,69758.01381392295,65782.21154651926,Stop loss,0.026040449280878678,25.882919323782065,-25.882919323782065,-1.0
exness_native-S03,24,BTC_V2_SETUP_A,2024-03-06 14:15:00+00:00,2024-03-06 14:30:00+00:00,2024-03-06 14:45:00+00:00,LONG,67085.2861248786,66069.8808126821,70131.50206146814,66069.8808126821,Stop loss,0.025426508720564983,25.81821202547261,-25.81821202547261,-1.0
exness_native-S03,25,BTC_V2_SETUP_A,2024-03-07 15:45:00+00:00,2024-03-07 15:45:00+00:00,2024-03-08 00:00:00+00:00,LONG,67437.4347908316,66786.6328137526,69389.84072206859,66786.6328137526,Stop loss,0.03957220076527642,25.75366649540893,-25.75366649540893,-1.0
exness_native-S03,26,BTC_V2_SETUP_A,2024-03-08 08:45:00+00:00,2024-03-08 08:45:00+00:00,2024-03-08 15:00:00+00:00,LONG,67445.84424108325,67010.98363837511,68750.42604920767,68750.42604920767,Take profit,0.05907475216008918,25.689282329170407,77.06784698751122,3.0
exness_native-S03,27,BTC_V2_SETUP_A,2024-03-08 17:30:00+00:00,2024-03-08 17:30:00+00:00,2024-03-11 00:45:00+00:00,LONG,68536.65966354926,67572.7255046761,71428.46214016875,67572.7255046761,Stop loss,0.02685033174557809,25.881951946639184,-25.881951946639184,-1.0
exness_native-S03,28,BTC_V2_SETUP_A,2024-03-11 15:00:00+00:00,2024-03-11 15:00:00+00:00,2024-03-12 03:15:00+00:00,LONG,72340.96344984979,71653.63482522531,74402.94932372324,71653.63482522531,Stop loss,0.037561722503377,25.817247066772584,-25.817247066772584,-1.0
exness_native-S03,29,BTC_V2_SETUP_A,2024-03-13 17:00:00+00:00,2024-03-13 17:00:00+00:00,2024-03-14 01:30:00+00:00,LONG,73143.71045579434,72524.75431630848,75000.57887425192,72524.75431630848,Stop loss,0.041606670176173165,25.75270394910565,-25.75270394910565,-1.0
exness_native-S03,30,BTC_V2_SETUP_A,2024-03-16 17:15:00+00:00,2024-03-16 17:15:00+00:00,2024-03-16 18:00:00+00:00,SHORT,67932.06416494584,68304.84875258124,66813.71040203965,66813.71040203965,Take profit,0.06890929250100179,25.688322189232892,77.06496656769868,3.0
exness_native-S03,31,BTC_V2_SETUP_A,2024-03-16 20:00:00+00:00,2024-03-16 20:00:00+00:00,2024-03-17 14:45:00+00:00,SHORT,66677.67932988792,67497.18600516811,64219.15930404734,67497.18600516811,Stop loss,0.03158117607376814,25.880984605652138,-25.88098460565214,-1.0000000000000002
exness_native-S03,32,BTC_V2_SETUP_A,2024-03-18 14:30:00+00:00,2024-03-18 14:30:00+00:00,2024-03-18 16:15:00+00:00,SHORT,67177.78186088696,67892.59220866956,65033.35081753913,67892.59220866956,Stop loss,0.03611626807617144,25.816282144138007,-25.816282144138007,-1.0
exness_native-S03,33,BTC_V2_SETUP_A,2024-03-18 17:00:00+00:00,2024-03-18 17:00:00+00:00,2024-03-18 21:30:00+00:00,SHORT,66838.07228546393,67815.34657180411,63906.24942644339,67815.34657180411,Stop loss,0.02635057710892613,25.751741438777664,-25.751741438777664,-1.0
exness_native-S03,34,BTC_V2_SETUP_B,2024-03-19 11:15:00+00:00,2024-03-19 11:15:00+00:00,2024-03-19 12:00:00+00:00,SHORT,62499.17178616104,63507.25285535585,59474.9285785766,63507.25285535585,Stop loss,0.025481444766836094,25.687362085180716,-25.687362085180716,-1.0
exness_native-S03,35,BTC_V2_SETUP_A,2024-03-19 13:15:00+00:00,2024-03-19 13:30:00+00:00,2024-03-19 15:30:00+00:00,SHORT,63136.38637464001,63854.15543803999,60983.07918444007,63854.15543803999,Stop loss,0.03569831159703956,25.623143679967765,-25.623143679967765,-1.0
exness_native-S03,36,BTC_V2_SETUP_A,2024-03-21 17:45:00+00:00,2024-03-21 17:45:00+00:00,2024-03-22 06:00:00+00:00,SHORT,65857.59770844081,66520.0934373388,63870.11052174683,66520.0934373388,Stop loss,0.03858000090549002,25.559085820767844,-25.559085820767844,-1.0
exness_native-S03,37,BTC_V2_SETUP_A,2024-03-22 15:45:00+00:00,2024-03-22 16:00:00+00:00,2024-03-23 07:00:00+00:00,SHORT,63471.72338876531,64435.48491685203,60580.43880450516,64435.48491685203,Stop loss,0.026453834650185283,25.495188106215927,-25.495188106215927,-1.0
exness_native-S03,38,BTC_V2_SETUP_A,2024-03-24 07:15:00+00:00,2024-03-24 07:30:00+00:00,2024-03-24 07:30:00+00:00,SHORT,64071.8762974109,64322.31055388367,63320.57352799259,64322.31055388367,Stop loss,0.10154940659532152,25.43145013595039,-25.43145013595039,-1.0
exness_native-S03,39,BTC_V2_SETUP_B,2024-03-28 08:45:00+00:00,2024-03-28 08:45:00+00:00,2024-03-29 05:30:00+00:00,LONG,70683.94024305345,70170.65902778617,72223.78388885531,70170.65902778617,Stop loss,0.04942294936197987,25.367871510610517,-25.367871510610517,-1.0
exness_native-S03,40,BTC_V2_SETUP_A,2024-03-31 08:15:00+00:00,2024-03-31 08:15:00+00:00,2024-03-31 09:00:00+00:00,LONG,70345.59717806066,70192.494232909,70804.90601351566,70192.494232909,Stop loss,0.14388648527800643,25.30445183183399,-22.029444663584623,-0.8705758500514411
exness_native-S03,41,BTC_V2_SETUP_A,2024-03-31 10:45:00+00:00,2024-03-31 10:45:00+00:00,2024-03-31 18:30:00+00:00,LONG,70298.60872524374,70143.2469121344,70764.69416457176,70764.69416457176,Take profit,0.14366929120239133,25.249378220175025,66.96216470801136,2.652032225273038
exness_native-S03,42,BTC_V2_SETUP_B,2024-04-02 13:30:00+00:00,2024-04-02 13:30:00+00:00,2024-04-02 14:00:00+00:00,SHORT,64709.36191602455,65485.65233590181,62380.49065639277,65485.65233590181,Stop loss,0.032741333631250716,25.416783631945055,-25.41678363194505,-0.9999999999999999
exness_native-S03,43,BTC_V2_SETUP_A,2024-04-05 09:00:00+00:00,2024-04-05 09:00:00+00:00,2024-04-05 13:45:00+00:00,SHORT,66890.99457099888,67446.94814350166,65223.13385349054,67446.94814350166,Stop loss,0.04560316351369131,25.35324167286519,-25.35324167286519,-1.0
exness_native-S03,44,BTC_V2_SETUP_A,2024-04-07 07:15:00+00:00,2024-04-07 07:15:00+00:00,2024-04-07 16:30:00+00:00,LONG,69400.20845478644,69157.02231782035,70129.76686568471,70129.76686568471,Take profit,0.10399383321841803,25.28985856868303,75.86957570604909,3.0
exness_native-S03,45,BTC_V2_SETUP_B,2024-04-08 07:30:00+00:00,2024-04-08 07:30:00+00:00,2024-04-08 08:15:00+00:00,LONG,70101.26152447732,69696.55390209072,71315.38439163713,71315.38439163713,Take profit,0.06295787649783498,25.47953250794815,76.43859752384445,3.0
exness_native-S03,46,BTC_V2_SETUP_A,2024-04-08 18:30:00+00:00,2024-04-08 18:30:00+00:00,2024-04-08 19:15:00+00:00,LONG,71998.96267592376,71605.30098611437,73179.94774535194,71605.30098611437,Stop loss,0.06520987351902911,25.67062900175776,-25.67062900175776,-1.0
exness_native-S03,47,BTC_V2_SETUP_A,2024-04-10 19:15:00+00:00,2024-04-10 19:15:00+00:00,2024-04-10 22:15:00+00:00,LONG,69464.15999688875,69090.90000466688,70583.93997355434,70583.93997355434,Take profit,0.0686021887232772,25.606452429253366,76.8193572877601,3.0
exness_native-S03,48,BTC_V2_SETUP_A,2024-04-11 07:15:00+00:00,2024-04-11 07:15:00+00:00,2024-04-11 08:00:00+00:00,LONG,71022.81634030738,70611.67548953893,72256.23889261275,70611.67548953893,Stop loss,0.06274857089548119,25.79850082247277,-25.798500822472768,-0.9999999999999999
exness_native-S03,49,BTC_V2_SETUP_A,2024-04-11 08:15:00+00:00,2024-04-11 08:15:00+00:00,2024-04-11 10:30:00+00:00,LONG,70871.81605027904,70482.98092458144,72038.32142737185,70482.98092458144,Stop loss,0.06618230419447749,25.734004570416587,-25.73400457041659,-1.0000000000000002
exness_native-S03,50,BTC_V2_SETUP_A,2024-04-13 17:30:00+00:00,2024-04-13 17:30:00+00:00,2024-04-13 19:45:00+00:00,SHORT,66563.92268199883,67286.93097700176,64394.89779699003,64394.89779699003,Take profit,0.03550397656072044,25.669669558990545,77.00900867697163,3.0
exness_native-S03,51,BTC_V2_SETUP_B,2024-04-15 17:30:00+00:00,2024-04-15 17:45:00+00:00,2024-04-17 15:30:00+00:00,SHORT,63630.66931362983,64871.08274548067,59909.429018077295,59909.429018077295,Take profit,0.02084965497519123,25.862192080682977,77.58657624204893,3.0
exness_native-S03,52,BTC_V2_SETUP_A,2024-04-17 19:15:00+00:00,2024-04-17 19:15:00+00:00,2024-04-17 21:15:00+00:00,SHORT,60866.92069452882,61616.77395820677,58617.36090349495,61616.77395820677,Stop loss,0.0347483431538128,26.056158521288097,-26.0561585212881,-1.0000000000000002
exness_native-S03,53,BTC_V2_SETUP_A,2024-04-22 10:00:00+00:00,2024-04-22 10:00:00+00:00,2024-04-22 11:30:00+00:00,LONG,66006.16809969688,65757.6978504547,66751.57884742341,65757.6978504547,Stop loss,0.10460414558385224,25.99101812498488,-25.99101812498488,-1.0
exness_native-S03,54,BTC_V2_SETUP_A,2024-04-22 13:00:00+00:00,2024-04-22 13:00:00+00:00,2024-04-22 13:30:00+00:00,LONG,66072.79057891789,65740.38913162316,67069.99492080208,65740.38913162316,Stop loss,0.07799617237130897,25.926040579672417,-25.926040579672417,-1.0
exness_native-S03,55,BTC_V2_SETUP_A,2024-04-22 14:00:00+00:00,2024-04-22 14:00:00+00:00,2024-04-22 15:00:00+00:00,LONG,66283.751079979,65824.19838003148,67662.40917982158,65824.19838003148,Stop loss,0.05627477649718128,25.861225478223236,-25.861225478223236,-1.0
exness_native-S03,56,BTC_V2_SETUP_A,2024-04-23 16:45:00+00:00,2024-04-23 16:45:00+00:00,2024-04-23 19:30:00+00:00,LONG,66769.8718547526,66434.15721787112,67777.01576539701,66434.15721787112,Stop loss,0.07684077362297273,25.796572414527677,-25.796572414527677,-1.0
exness_native-S03,57,BTC_V2_SETUP_A,2024-04-25 09:30:00+00:00,2024-04-25 09:30:00+00:00,2024-04-25 12:30:00+00:00,SHORT,63890.15077385148,64213.328839222784,62920.61657773756,64213.328839222784,Stop loss,0.07962199091057488,25.73208098349136,-25.73208098349136,-1.0
exness_native-S03,58,BTC_V2_SETUP_A,2024-04-25 13:00:00+00:00,2024-04-25 13:00:00+00:00,2024-04-25 15:30:00+00:00,SHORT,63178.13611473851,63896.645827892244,61022.60697527731,63896.645827892244,Stop loss,0.03572359609220861,25.667750781032634,-25.667750781032634,-1.0
exness_native-S03,59,BTC_V2_SETUP_A,2024-04-27 10:45:00+00:00,2024-04-27 10:45:00+00:00,2024-04-27 12:00:00+00:00,SHORT,62722.05184969777,62979.42222545335,61949.94072243101,62979.42222545335,Stop loss,0.09948146257669847,25.60358140408005,-25.60358140408005,-1.0
exness_native-S03,60,BTC_V2_SETUP_A,2024-04-27 16:30:00+00:00,2024-04-27 16:45:00+00:00,2024-04-27 17:30:00+00:00,SHORT,62715.05585960015,63137.46621059977,61447.82480660129,63137.46621059977,Stop loss,0.06046152133850718,25.53957245056985,-25.53957245056985,-1.0
exness_native-S03,61,BTC_V2_SETUP_A,2024-04-28 14:45:00+00:00,2024-04-28 14:45:00+00:00,2024-04-28 16:30:00+00:00,SHORT,63450.9943997169,63764.44340042464,62510.64739759368,63764.44340042464,Stop loss,0.08127549764689466,25.475723519443424,-25.475723519443424,-1.0
exness_native-S03,62,BTC_V2_SETUP_A,2024-04-29 11:15:00+00:00,2024-04-29 11:30:00+00:00,2024-04-29 12:30:00+00:00,SHORT,62249.54697363065,62522.704539554026,61430.07427586051,62522.704539554026,Stop loss,0.09303068038676607,25.412034210644816,-25.412034210644816,-1.0
exness_native-S03,63,BTC_V2_SETUP_B,2024-04-30 08:15:00+00:00,2024-04-30 08:15:00+00:00,2024-04-30 11:30:00+00:00,SHORT,62780.93388377557,63369.614464897735,61014.89214040908,61014.89214040908,Take profit,0.043059861218452254,25.3485041251182,76.0455123753546,3.0
exness_native-S03,64,BTC_V2_SETUP_A,2024-04-30 15:15:00+00:00,2024-04-30 15:30:00+00:00,2024-05-01 07:00:00+00:00,SHORT,60604.64359862327,61457.42460206509,58046.3005882978,58046.3005882978,Take profit,0.02994745169390828,25.538617906056587,76.61585371816976,3.0
exness_native-S03,65,BTC_V2_SETUP_A,2024-05-01 13:30:00+00:00,2024-05-01 13:30:00+00:00,2024-05-01 18:00:00+00:00,SHORT,57519.533793516435,57924.61930972535,56304.277244889694,57924.61930972535,Stop loss,0.06351784132188587,25.73015754035201,-25.73015754035201,-1.0
exness_native-S03,66,BTC_V2_SETUP_A,2024-05-03 12:15:00+00:00,2024-05-03 12:15:00+00:00,2024-05-03 12:30:00+00:00,SHORT,59033.42217870345,59363.681731944824,58042.64351897932,59363.681731944824,Stop loss,0.07771412482879124,25.66583214650113,-25.66583214650113,-1.0
exness_native-S03,67,BTC_V2_SETUP_A,2024-05-05 11:00:00+00:00,2024-05-05 11:15:00+00:00,2024-05-06 08:15:00+00:00,LONG,63780.95405014967,63504.7139247755,64609.67442627218,64609.67442627218,Take profit,0.09267903253177705,25.601667566134875,76.80500269840462,3.0
exness_native-S03,68,BTC_V2_SETUP_B,2024-05-09 09:30:00+00:00,2024-05-09 09:30:00+00:00,2024-05-09 12:30:00+00:00,SHORT,60958.49239535795,61428.5404185682,59548.3483257272,61428.5404185682,Stop loss,0.054874563447198155,25.793680072880885,-25.793680072880885,-1.0
exness_native-S03,69,BTC_V2_SETUP_B,2024-05-15 18:15:00+00:00,2024-05-15 18:15:00+00:00,2024-05-15 19:30:00+00:00,LONG,65273.3056770905,64900.96729163797,66390.32083344809,66390.32083344809,Take profit,0.06910164752803569,25.729195872698682,77.18758761809555,2.9999999999999805
exness_native-S03,70,BTC_V2_SETUP_A,2024-05-16 07:15:00+00:00,2024-05-16 07:15:00+00:00,2024-05-16 13:00:00+00:00,LONG,66120.91220461015,65865.66169308475,66886.66373918636,65865.66169308475,Stop loss,0.10155578018954978,25.92216484174392,-25.92216484174392,-1.0
exness_native-S03,71,BTC_V2_SETUP_B,2024-05-17 11:00:00+00:00,2024-05-17 11:00:00+00:00,2024-05-17 11:00:00+00:00,LONG,66540.74101943393,66230.37592226427,67471.83631094292,66230.37592226427,Stop loss,0.08331271675018444,25.85735942963956,-25.85735942963956,-1.0
exness_native-S03,72,BTC_V2_SETUP_A,2024-05-17 13:30:00+00:00,2024-05-17 13:30:00+00:00,2024-05-17 13:30:00+00:00,LONG,66381.55017900997,66110.58973148504,67194.43152158473,66110.58973148504,Stop loss,0.09518996689984863,25.79271603106546,-25.79271603106546,-1.0
exness_native-S03,73,BTC_V2_SETUP_A,2024-05-17 14:30:00+00:00,2024-05-17 14:45:00+00:00,2024-05-19 19:00:00+00:00,LONG,66494.305136576,66019.862295136,67917.63366089601,66019.862295136,Stop loss,0.054228311597871066,25.7282342409878,-25.7282342409878,-1.0
exness_native-S03,74,BTC_V2_SETUP_A,2024-05-20 09:15:00+00:00,2024-05-20 09:15:00+00:00,2024-05-20 16:30:00+00:00,LONG,66972.01481628383,66642.80277557424,67959.65093841261,67959.65093841261,Take profit,0.07795557416450674,25.663913655385333,76.991740966156,3.0
exness_native-S03,75,BTC_V2_SETUP_A,2024-05-21 12:15:00+00:00,2024-05-21 12:15:00+00:00,2024-05-21 13:15:00+00:00,LONG,71269.00548881918,70920.19676677122,72315.43165496307,70920.19676677122,Stop loss,0.07412771348144559,25.85639300780072,-25.85639300780072,-1.0
exness_native-S03,76,BTC_V2_SETUP_A,2024-05-22 15:45:00+00:00,2024-05-22 16:00:00+00:00,2024-05-22 17:30:00+00:00,LONG,70613.9892614393,69982.50610784105,72508.43872223406,69982.50610784105,Stop loss,0.04084313552676318,25.79175202528122,-25.79175202528122,-1.0
exness_native-S03,77,BTC_V2_SETUP_A,2024-05-23 09:00:00+00:00,2024-05-23 09:00:00+00:00,2024-05-23 10:45:00+00:00,LONG,69691.47411132854,69470.87383300721,70353.27494629254,69470.87383300721,Stop loss,0.11662393556794541,25.72727264521802,-25.72727264521802,-1.0
exness_native-S03,78,BTC_V2_SETUP_B,2024-05-24 17:45:00+00:00,2024-05-24 17:45:00+00:00,2024-05-26 21:30:00+00:00,LONG,68799.20842586755,68388.1062965298,70032.51481388077,68388.1062965298,Stop loss,0.062424766577945726,25.662954463604976,-25.662954463604976,-1.0
exness_native-S03,79,BTC_V2_SETUP_A,2024-05-27 14:15:00+00:00,2024-05-27 14:15:00+00:00,2024-05-27 15:15:00+00:00,LONG,69017.65981721414,68704.7852741788,69956.28344632017,69956.28344632017,Take profit,0.08181808858304629,25.598797077445962,76.79639123233788,3.0
exness_native-S03,80,BTC_V2_SETUP_A,2024-05-29 17:45:00+00:00,2024-05-29 17:45:00+00:00,2024-05-29 21:45:00+00:00,SHORT,67388.76190987219,67732.84213519172,66356.5212339136,67732.84213519172,Stop loss,0.07495574042819893,25.790788055526804,-25.790788055526804,-1.0
exness_native-S03,81,BTC_V2_SETUP_A,2024-05-30 09:30:00+00:00,2024-05-30 09:30:00+00:00,2024-05-30 10:30:00+00:00,SHORT,67473.63849438058,67811.92725842915,66458.77220223486,67811.92725842915,Stop loss,0.07604837588307901,25.726311085387987,-25.72631108538799,-1.0000000000000002
exness_native-S03,82,BTC_V2_SETUP_A,2024-06-02 09:30:00+00:00,2024-06-02 09:30:00+00:00,2024-06-02 11:45:00+00:00,SHORT,67500.89295605021,67720.03556592467,66843.46512642685,67720.03556592467,Stop loss,0.11710180563413,25.66199530767452,-25.66199530767452,-1.0
exness_native-S03,83,BTC_V2_SETUP_A,2024-06-02 19:15:00+00:00,2024-06-02 19:15:00+00:00,2024-06-02 19:45:00+00:00,SHORT,67537.98379452394,67735.90430821411,66944.22225345342,67735.90430821411,Stop loss,0.12933394241021678,25.597840319405332,-25.597840319405332,-1.0
exness_native-S03,84,BTC_V2_SETUP_A,2024-06-03 11:15:00+00:00,2024-06-03 11:15:00+00:00,2024-06-03 13:45:00+00:00,LONG,69116.44444455295,68769.16333317058,70158.28777870006,70158.28777870006,Take profit,0.07352500577116923,25.533845718606816,76.60153715582045,3.0
exness_native-S03,85,BTC_V2_SETUP_A,2024-06-03 16:00:00+00:00,2024-06-03 16:00:00+00:00,2024-06-03 16:30:00+00:00,LONG,69668.94511319636,68985.86233020546,71718.19346216905,68985.86233020546,Stop loss,0.03766066163878008,25.72534956149637,-25.72534956149637,-1.0
exness_native-S03,86,BTC_V2_SETUP_A,2024-06-05 07:15:00+00:00,2024-06-05 07:30:00+00:00,2024-06-05 08:45:00+00:00,LONG,71178.58573594822,70931.86139607766,71918.7587555599,70931.86139607766,Stop loss,0.10400690990218125,25.661036187592625,-25.661036187592625,-1.0
exness_native-S03,87,BTC_V2_SETUP_A,2024-06-05 16:00:00+00:00,2024-06-05 16:00:00+00:00,2024-06-05 17:00:00+00:00,LONG,71684.65551338856,71196.91672991717,73147.87186380272,71196.91672991717,Stop loss,0.05248072219097011,25.596883597123647,-25.596883597123647,-1.0
exness_native-S03,88,BTC_V2_SETUP_A,2024-06-05 17:45:00+00:00,2024-06-05 17:45:00+00:00,2024-06-05 18:00:00+00:00,LONG,71563.54762344084,71254.66856483874,72490.18479924716,71254.66856483874,Stop loss,0.08266307047064005,25.53289138813084,-25.53289138813084,-1.0
exness_native-S03,89,BTC_V2_SETUP_B,2024-06-06 12:30:00+00:00,2024-06-06 12:30:00+00:00,2024-06-06 12:45:00+00:00,LONG,71383.66964820199,71034.40140719205,72431.4743712318,71034.40140719205,Stop loss,0.07292119972321187,25.46905915966051,-25.469059159660507,-0.9999999999999999
exness_native-S03,90,BTC_V2_SETUP_A,2024-06-06 14:45:00+00:00,2024-06-06 14:45:00+00:00,2024-06-06 16:00:00+00:00,LONG,71348.68761851588,71056.4285722262,72225.4647573849,71056.4285722262,Stop loss,0.0869276309297897,25.405386511761357,-25.405386511761357,-1.0
exness_native-S03,91,BTC_V2_SETUP_A,2024-06-07 10:00:00+00:00,2024-06-07 10:00:00+00:00,2024-06-07 12:30:00+00:00,LONG,71275.1341306115,71031.92880408274,72004.75011019781,71031.92880408274,Stop loss,0.1041994984533543,25.341873045481954,-25.341873045481954,-1.0
exness_native-S03,92,BTC_V2_SETUP_A,2024-06-07 13:45:00+00:00,2024-06-07 13:45:00+00:00,2024-06-07 15:15:00+00:00,LONG,71517.93824445142,71051.73263332287,72916.55507783707,71051.73263332287,Stop loss,0.05422182350331703,25.278518362868247,-25.278518362868247,-1.0
exness_native-S03,93,BTC_V2_SETUP_A,2024-06-10 11:15:00+00:00,2024-06-10 11:30:00+00:00,2024-06-10 11:30:00+00:00,SHORT,69277.32364805086,69455.10452792372,68743.98100843231,69455.10452792372,Stop loss,0.14183371172982764,25.21532206696108,-25.215322066961075,-0.9999999999999999
exness_native-S03,94,BTC_V2_SETUP_A,2024-06-10 13:00:00+00:00,2024-06-10 13:00:00+00:00,2024-06-10 13:30:00+00:00,SHORT,69253.68804625203,69483.26293062195,68564.9633931423,69483.26293062195,Stop loss,0.10956025887076618,25.15228376179368,-25.15228376179368,-1.0
exness_native-S03,95,BTC_V2_SETUP_B,2024-06-10 18:00:00+00:00,2024-06-10 18:00:00+00:00,2024-06-10 18:30:00+00:00,LONG,70056.34268845683,69754.78924617264,70961.0030153094,69754.78924617264,Stop loss,0.08320051949115068,25.089403052389194,-25.089403052389194,-1.0
exness_native-S03,96,BTC_V2_SETUP_B,2024-06-11 09:45:00+00:00,2024-06-11 09:45:00+00:00,2024-06-11 19:45:00+00:00,SHORT,67075.46334210158,67513.13663159372,65762.44347362514,67513.13663159372,Stop loss,0.05718119004657108,25.02667954475822,-25.02667954475822,-1.0
exness_native-S03,97,BTC_V2_SETUP_A,2024-06-13 08:30:00+00:00,2024-06-13 08:45:00+00:00,2024-06-13 10:45:00+00:00,SHORT,67476.48158404125,67734.18762393812,66703.36346435062,67734.18762393812,Stop loss,0.09687049964326051,24.964112845896324,-24.964112845896324,-1.0
exness_native-S03,98,BTC_V2_SETUP_A,2024-06-13 14:15:00+00:00,2024-06-13 14:15:00+00:00,2024-06-14 16:00:00+00:00,SHORT,67231.80768585282,67748.23847122079,65682.51532974893,65682.51532974893,Take profit,0.04821885772367111,24.901702563781583,74.70510769134475,3.0
exness_native-S03,99,BTC_V2_SETUP_A,2024-06-17 08:00:00+00:00,2024-06-17 08:00:00+00:00,2024-06-17 13:00:00+00:00,SHORT,66065.61714278745,66287.51928581882,65399.91071369333,65399.91071369333,Take profit,0.113060942045354,25.088465333009946,75.26539599902983,3.0
exness_native-S03,100,BTC_V2_SETUP_B,2024-06-17 13:45:00+00:00,2024-06-17 13:45:00+00:00,2024-06-17 16:15:00+00:00,SHORT,65251.20683263512,65775.88266945953,63677.17932216189,65775.88266945953,Stop loss,0.04817570592919567,25.276628823007517,-25.276628823007517,-1.0
exness_native-S03,101,BTC_V2_SETUP_A,2024-06-18 10:00:00+00:00,2024-06-18 10:00:00+00:00,2024-06-18 14:00:00+00:00,SHORT,65421.176148959465,65720.2257765608,64524.02726615548,64524.02726615548,Take profit,0.08431188312517376,25.21343725095,75.64031175285,2.9999999999999996
exness_native-S03,102,BTC_V2_SETUP_A,2024-06-18 15:00:00+00:00,2024-06-18 15:00:00+00:00,2024-06-19 01:00:00+00:00,SHORT,64464.55298275877,65384.06552586184,61706.01535344954,65384.06552586184,Stop loss,0.027626091912358555,25.402538030332124,-25.402538030332124,-1.0
exness_native-S03,103,BTC_V2_SETUP_A,2024-06-19 15:30:00+00:00,2024-06-19 15:30:00+00:00,2024-06-19 17:15:00+00:00,SHORT,64865.11383408752,65138.71924886872,64044.29758974391,65138.71924886872,Stop loss,0.09261158703865362,25.339031685256295,-25.339031685256295,-1.0
exness_native-S03,104,BTC_V2_SETUP_A,2024-06-21 07:45:00+00:00,2024-06-21 07:45:00+00:00,2024-06-21 08:45:00+00:00,SHORT,64479.503270572015,64763.79009414198,63626.64279986212,63626.64279986212,Take profit,0.0889090946553233,25.275684106043155,75.82705231812946,3.0
exness_native-S03,105,BTC_V2_SETUP_B,2024-06-21 11:45:00+00:00,2024-06-21 12:00:00+00:00,2024-06-21 14:15:00+00:00,SHORT,63658.46248200786,64062.04007196855,62447.729712125794,64062.04007196855,Stop loss,0.06309877547789254,25.46525173683848,-25.46525173683848,-1.0
exness_native-S03,106,BTC_V2_SETUP_A,2024-06-23 13:30:00+00:00,2024-06-23 13:45:00+00:00,2024-06-23 20:30:00+00:00,SHORT,64207.427981232366,64344.073028151455,63797.4928404751,63797.4928404751,Take profit,0.1582470402952206,25.401588607496382,64.87102273784241,2.5538175481945258
exness_native-S03,107,BTC_V2_SETUP_A,2024-06-24 09:15:00+00:00,2024-06-24 09:15:00+00:00,2024-06-24 09:30:00+00:00,SHORT,62373.32294877368,62925.890576839476,60715.6200645763,60715.6200645763,Take profit,0.04626359718868139,25.56376616434099,76.69129849302297,3.0
exness_native-S03,108,BTC_V2_SETUP_B,2024-06-24 13:15:00+00:00,2024-06-24 13:15:00+00:00,2024-06-24 13:15:00+00:00,SHORT,60970.62183130127,61256.00267479491,60114.47930082036,61256.00267479491,Stop loss,0.09024955598026278,25.755494410573547,-25.755494410573547,-1.0
exness_native-S03,109,BTC_V2_SETUP_A,2024-06-24 14:30:00+00:00,2024-06-24 14:30:00+00:00,2024-06-24 16:45:00+00:00,SHORT,61157.46833278057,61546.912500829145,59989.13582863484,59989.13582863484,Take profit,0.0659686491218495,25.69110567454711,77.07331702364134,3.0000000000000004
exness_native-S03,110,BTC_V2_SETUP_A,2024-06-26 11:30:00+00:00,2024-06-26 11:30:00+00:00,2024-06-26 13:30:00+00:00,SHORT,61329.29386020039,61621.56920969942,60452.46781170332,61621.56920969942,Stop loss,0.08855960316691909,25.883788967106216,-25.883788967106216,-1.0
exness_native-S03,111,BTC_V2_SETUP_B,2024-06-26 19:00:00+00:00,2024-06-26 19:00:00+00:00,2024-06-27 03:15:00+00:00,SHORT,60866.75695404467,61156.27218382132,59998.21126471473,61156.27218382132,Stop loss,0.0891803844468118,25.81907949468845,-25.81907949468845,-1.0
exness_native-S03,112,BTC_V2_SETUP_A,2024-06-27 08:30:00+00:00,2024-06-27 08:30:00+00:00,2024-06-27 09:00:00+00:00,SHORT,60687.808706518954,60851.43694022156,60196.924005411136,60851.43694022156,Stop loss,0.15739662534499121,25.75453179595173,-25.75453179595173,-1.0
exness_native-S03,113,BTC_V2_SETUP_A,2024-06-28 07:30:00+00:00,2024-06-28 07:30:00+00:00,2024-06-28 11:15:00+00:00,SHORT,61380.433369146616,61599.809946280075,60722.30363774624,61599.809946280075,Stop loss,0.11710523430599967,25.69014546646185,-25.69014546646185,-1.0
exness_native-S03,114,BTC_V2_SETUP_A,2024-06-28 13:00:00+00:00,2024-06-28 13:00:00+00:00,2024-06-28 13:30:00+00:00,SHORT,61274.89366519292,61560.41950221063,60418.316154139786,61560.41950221063,Stop loss,0.08974991675168842,25.625920102795693,-25.625920102795693,-1.0
exness_native-S03,115,BTC_V2_SETUP_B,2024-06-28 19:30:00+00:00,2024-06-28 19:30:00+00:00,2024-06-29 01:00:00+00:00,SHORT,60203.788088038025,60822.84764784791,58346.60940860836,60822.84764784791,Stop loss,0.041291431329141745,25.561855302538707,-25.561855302538707,-1.0
exness_native-S03,116,BTC_V2_SETUP_B,2024-07-01 17:45:00+00:00,2024-07-01 17:45:00+00:00,2024-07-01 21:45:00+00:00,LONG,63576.33933025243,62998.46267899031,65309.96928403877,62998.46267899031,Stop loss,0.04412351772405652,25.49795066428236,-25.49795066428236,-1.0
exness_native-S03,117,BTC_V2_SETUP_B,2024-07-03 07:30:00+00:00,2024-07-03 07:30:00+00:00,2024-07-03 10:00:00+00:00,SHORT,60825.19646988162,61009.35412047351,60272.723518105966,60272.723518105966,Take profit,0.13811104619262743,25.434205787621654,76.30261736286496,3.0
exness_native-S03,118,BTC_V2_SETUP_A,2024-07-03 14:30:00+00:00,2024-07-03 14:30:00+00:00,2024-07-04 01:45:00+00:00,SHORT,60224.13274186885,60614.34588719672,59053.49330588524,59053.49330588524,Take profit,0.06566914169305553,25.624962331028815,76.87488699308643,2.9999999999999996
exness_native-S03,119,BTC_V2_SETUP_A,2024-07-04 07:15:00+00:00,2024-07-04 07:15:00+00:00,2024-07-04 08:30:00+00:00,SHORT,58568.9585773893,58900.93713391605,57573.02290780904,57573.02290780904,Take profit,0.07776752154903441,25.81714954851153,77.45144864553458,2.9999999999999996
exness_native-S03,120,BTC_V2_SETUP_A,2024-07-04 12:15:00+00:00,2024-07-04 12:15:00+00:00,2024-07-04 15:45:00+00:00,SHORT,57436.76010967289,57786.30983549067,56388.110932219555,57786.30983549067,Stop loss,0.07441224023069291,26.010778170125366,-26.010778170125366,-1.0
exness_native-S03,121,BTC_V2_SETUP_B,2024-07-05 13:00:00+00:00,2024-07-05 13:00:00+00:00,2024-07-05 15:00:00+00:00,SHORT,54983.61234489002,55963.55062043995,52043.79751824022,55963.55062043995,Stop loss,0.026476923977828658,25.945751224700057,-25.945751224700057,-1.0
exness_native-S03,122,BTC_V2_SETUP_A,2024-07-07 11:00:00+00:00,2024-07-07 11:00:00+00:00,2024-07-07 13:15:00+00:00,SHORT,57507.407682275385,57716.573476586935,56879.910299340736,56879.910299340736,Take profit,0.12373383961666823,25.880886846638305,77.64266053991491,3.0
exness_native-S03,123,BTC_V2_SETUP_A,2024-07-07 17:30:00+00:00,2024-07-07 17:30:00+00:00,2024-07-07 17:45:00+00:00,SHORT,56825.20174201793,57163.4173869731,55810.554807152424,57163.4173869731,Stop loss,0.07709576386226705,26.074993497988093,-26.074993497988093,-1.0
exness_native-S03,124,BTC_V2_SETUP_A,2024-07-10 16:45:00+00:00,2024-07-10 16:45:00+00:00,2024-07-11 01:45:00+00:00,SHORT,57821.385563993055,58143.381654010416,56855.39729394097,58143.381654010416,Stop loss,0.08077677593178463,26.00980601424312,-26.00980601424312,-1.0
exness_native-S03,125,BTC_V2_SETUP_A,2024-07-11 18:00:00+00:00,2024-07-11 18:00:00+00:00,2024-07-12 01:15:00+00:00,SHORT,57732.0592056193,58073.296191571055,56708.34824776403,56708.34824776403,Take profit,0.07603156330444066,25.944781499207515,77.83434449762255,3.0000000000000004
exness_native-S03,126,BTC_V2_SETUP_A,2024-07-12 07:45:00+00:00,2024-07-12 07:45:00+00:00,2024-07-12 08:00:00+00:00,SHORT,56861.60281312645,57252.56578031033,55688.71391157479,57252.56578031033,Stop loss,0.06685893436080156,26.13936736045157,-26.139367360451566,-0.9999999999999999
exness_native-S03,127,BTC_V2_SETUP_A,2024-07-12 10:15:00+00:00,2024-07-12 10:15:00+00:00,2024-07-12 10:30:00+00:00,SHORT,56811.21060363255,57166.75409455117,55744.58013087668,57166.75409455117,Stop loss,0.07333566668505914,26.074018942050444,-26.074018942050444,-1.0
exness_native-S03,128,BTC_V2_SETUP_A,2024-07-14 07:15:00+00:00,2024-07-14 07:15:00+00:00,2024-07-14 12:15:00+00:00,LONG,60080.22329362218,59779.16005956674,60983.41299578849,59779.16005956674,Stop loss,0.08638993723792308,26.008833894695318,-26.008833894695318,-1.0
exness_native-S03,129,BTC_V2_SETUP_A,2024-07-14 17:00:00+00:00,2024-07-14 17:00:00+00:00,2024-07-14 17:15:00+00:00,LONG,60213.84055512996,59972.73416730507,60937.15971860463,59972.73416730507,Stop loss,0.10760317071649302,25.94381180995858,-25.94381180995858,-1.0
exness_native-S03,130,BTC_V2_SETUP_A,2024-07-15 12:30:00+00:00,2024-07-15 12:30:00+00:00,2024-07-15 19:15:00+00:00,LONG,62818.736261927406,62473.60560710888,63854.12822638298,63854.12822638298,Take profit,0.0749830590795863,25.878952280433683,77.63685684130105,3.0
exness_native-S03,131,BTC_V2_SETUP_B,2024-07-16 16:00:00+00:00,2024-07-16 16:00:00+00:00,2024-07-16 16:45:00+00:00,LONG,65011.46743784603,64288.38024861588,67180.72900553649,64288.38024861588,Stop loss,0.03605795374454927,26.073044422536938,-26.073044422536938,-1.0
exness_native-S03,132,BTC_V2_SETUP_A,2024-07-16 17:30:00+00:00,2024-07-16 17:30:00+00:00,2024-07-17 01:00:00+00:00,LONG,64525.12629565628,64081.95555651558,65854.63851307836,65854.63851307836,Take profit,0.05868587321877249,26.007861811480595,78.02358543444136,2.9999999999999836
exness_native-S03,133,BTC_V2_SETUP_B,2024-07-20 16:30:00+00:00,2024-07-20 16:30:00+00:00,2024-07-20 16:45:00+00:00,LONG,66937.80161624996,66692.99353500018,67672.2258599993,66692.99353500018,Stop loss,0.10703454167565526,26.202920775066694,-26.202920775066694,-1.0
exness_native-S03,134,BTC_V2_SETUP_A,2024-07-21 19:30:00+00:00,2024-07-21 19:30:00+00:00,2024-07-22 14:30:00+00:00,LONG,67486.31476504695,66789.05285242958,69578.10050289905,66789.05285242958,Stop loss,0.037485789773049505,26.137413473129026,-26.137413473129026,-1.0
exness_native-S03,135,BTC_V2_SETUP_B,2024-07-22 19:45:00+00:00,2024-07-22 19:45:00+00:00,2024-07-22 22:00:00+00:00,LONG,67995.67664177643,67557.2234328943,69311.03626842282,67557.2234328943,Stop loss,0.059463745301166826,26.072069939446205,-26.072069939446205,-1.0
exness_native-S03,136,BTC_V2_SETUP_A,2024-07-24 13:15:00+00:00,2024-07-24 13:15:00+00:00,2024-07-24 15:45:00+00:00,LONG,66486.72292581404,66109.27561127894,67619.06486941937,66109.27561127894,Stop loss,0.06890203947173297,26.00688976459759,-26.00688976459759,-1.0
exness_native-S03,137,BTC_V2_SETUP_A,2024-07-24 17:30:00+00:00,2024-07-24 17:30:00+00:00,2024-07-24 18:30:00+00:00,LONG,66674.31527773362,66232.75708339957,67998.98986073578,66232.75708339957,Stop loss,0.05875074423499508,25.941872540186097,-25.941872540186097,-1.0
exness_native-S03,138,BTC_V2_SETUP_A,2024-07-26 08:15:00+00:00,2024-07-26 08:15:00+00:00,2024-07-26 13:45:00+00:00,LONG,67068.4580243449,66819.06296348265,67816.64320693167,67816.64320693167,Take profit,0.10375914330207199,25.87701785883563,77.63105357650689,3.0
exness_native-S03,139,BTC_V2_SETUP_A,2024-07-26 15:15:00+00:00,2024-07-26 15:15:00+00:00,2024-07-27 14:00:00+00:00,LONG,67738.47714767505,67182.24427848741,69407.17575523794,69407.17575523794,Take profit,0.04687082863487241,26.071095492776895,78.21328647833069,3.0
exness_native-S03,140,BTC_V2_SETUP_A,2024-07-27 16:00:00+00:00,2024-07-27 16:00:00+00:00,2024-07-27 17:15:00+00:00,LONG,68952.78115091073,68509.94327363392,70281.29478274114,68509.94327363392,Stop loss,0.059314322592496395,26.26662870897272,-26.26662870897272,-1.0
exness_native-S03,141,BTC_V2_SETUP_A,2024-07-28 18:15:00+00:00,2024-07-28 18:15:00+00:00,2024-07-28 21:00:00+00:00,LONG,68048.79552144546,67819.81671783181,68735.73193228639,67819.81671783181,Stop loss,0.11442527309824296,26.20096213720029,-26.20096213720029,-1.0
exness_native-S03,142,BTC_V2_SETUP_A,2024-07-29 10:30:00+00:00,2024-07-29 10:30:00+00:00,2024-07-29 13:30:00+00:00,LONG,69606.33678932431,69330.40481601354,70434.13270925662,69330.40481601354,Stop loss,0.09471703992209023,26.135459731857292,-26.135459731857292,-1.0
exness_native-S03,143,BTC_V2_SETUP_A,2024-08-01 14:30:00+00:00,2024-08-01 14:30:00+00:00,2024-08-01 17:30:00+00:00,SHORT,64085.343630556206,64689.19455416569,62273.79085972776,62273.79085972776,Take profit,0.04317310790334647,26.07012108252765,78.21036324758295,3.0
exness_native-S03,144,BTC_V2_SETUP_A,2024-08-02 08:00:00+00:00,2024-08-02 08:00:00+00:00,2024-08-02 08:30:00+00:00,SHORT,64062.64577758914,64421.83633361629,62985.074109507696,64421.83633361629,Stop loss,0.07312454781985255,26.265646990646605,-26.26564699064661,-1.0000000000000002
exness_native-S03,145,BTC_V2_SETUP_B,2024-08-02 19:00:00+00:00,2024-08-02 19:00:00+00:00,2024-08-02 21:15:00+00:00,SHORT,62813.356316173245,63208.97473530701,61626.501058771944,61626.501058771944,Take profit,0.06622538690320992,26.199982873169986,78.59994861950996,3.0
exness_native-S03,146,BTC_V2_SETUP_A,2024-08-03 08:45:00+00:00,2024-08-03 09:00:00+00:00,2024-08-03 10:00:00+00:00,SHORT,61510.01808623312,61705.65787065032,60923.09873298151,61705.65787065032,Stop loss,0.1349239001839635,26.396482744718764,-26.396482744718764,-1.0
exness_native-S03,147,BTC_V2_SETUP_A,2024-08-05 09:15:00+00:00,2024-08-05 09:30:00+00:00,2024-08-05 12:30:00+00:00,SHORT,52395.46456270135,53233.46815594797,49881.45378296149,49881.45378296149,Take profit,0.0314204995659345,26.330491537856968,78.9914746135709,3.0
exness_native-S03,148,BTC_V2_SETUP_A,2024-08-07 15:30:00+00:00,2024-08-07 15:30:00+00:00,2024-08-08 01:30:00+00:00,SHORT,55929.40933222536,56447.85100166195,54374.0843239156,56447.85100166195,Stop loss,0.05116866908715116,26.5279702243909,-26.5279702243909,-1.0
exness_native-S03,149,BTC_V2_SETUP_A,2024-08-10 10:45:00+00:00,2024-08-10 11:00:00+00:00,2024-08-10 13:00:00+00:00,LONG,60891.07209921684,60698.16185117474,61469.80284334316,60698.16185117474,Stop loss,0.13717078572753788,26.46165029882992,-26.46165029882992,-1.0
exness_native-S03,150,BTC_V2_SETUP_A,2024-08-11 08:00:00+00:00,2024-08-11 08:00:00+00:00,2024-08-11 09:15:00+00:00,LONG,61302.64812626266,61142.167810606,61784.08907323265,61784.08907323265,Take profit,0.16447809231354102,26.395496173082844,79.18648851924853,3.0
exness_native-S03,151,BTC_V2_SETUP_B,2024-08-15 07:30:00+00:00,2024-08-15 07:30:00+00:00,2024-08-15 08:15:00+00:00,SHORT,57708.311754509945,58195.48298196023,56246.79807215909,58195.48298196023,Stop loss,0.05458750619071551,26.593462394380964,-26.593462394380964,-1.0
exness_native-S03,152,BTC_V2_SETUP_A,2024-08-16 15:30:00+00:00,2024-08-16 15:30:00+00:00,2024-08-16 16:00:00+00:00,SHORT,57665.10872544275,58286.631911835866,55800.53916626339,58286.631911835866,Stop loss,0.04268059393300973,26.52697873839501,-26.52697873839501,-1.0
exness_native-S03,153,BTC_V2_SETUP_A,2024-08-19 07:30:00+00:00,2024-08-19 07:45:00+00:00,2024-08-19 13:15:00+00:00,SHORT,58540.80395913032,58801.97906130452,57757.27865260771,58801.97906130452,Stop loss,0.10131387360920774,26.460661291549023,-26.460661291549023,-1.0
exness_native-S03,154,BTC_V2_SETUP_A,2024-08-20 08:45:00+00:00,2024-08-20 09:00:00+00:00,2024-08-20 11:00:00+00:00,LONG,60880.23675431665,60637.57486852503,61608.2224116915,60637.57486852503,Stop loss,0.10877072661087776,26.39450963832015,-26.39450963832015,-1.0
exness_native-S03,155,BTC_V2_SETUP_A,2024-08-22 10:45:00+00:00,2024-08-22 10:45:00+00:00,2024-08-22 12:30:00+00:00,LONG,61312.303857399864,60976.0892139002,62320.94778789885,60976.0892139002,Stop loss,0.07830867534551893,26.328523364224353,-26.328523364224353,-1.0
exness_native-S03,156,BTC_V2_SETUP_A,2024-08-23 13:30:00+00:00,2024-08-23 13:30:00+00:00,2024-08-23 13:30:00+00:00,LONG,61150.849146180866,60918.016280728705,61849.34774253735,60918.016280728705,Stop loss,0.11279637006919821,26.262702055813794,-26.262702055813794,-1.0
exness_native-S03,157,BTC_V2_SETUP_A,2024-08-23 14:00:00+00:00,2024-08-23 14:00:00+00:00,2024-08-23 14:00:00+00:00,LONG,61136.792008696764,60864.031986954855,61955.07207392249,61955.07207392249,Take profit,0.09604429979647965,26.197045300674258,78.59113590202277,3.0
exness_native-S03,158,BTC_V2_SETUP_A,2024-08-23 15:30:00+00:00,2024-08-23 15:30:00+00:00,2024-08-23 17:45:00+00:00,LONG,61558.92828705562,61158.02256941657,62761.645439972766,62761.645439972766,Take profit,0.0658347386409501,26.393523140429316,79.18056942128796,3.0000000000000004
exness_native-S03,159,BTC_V2_SETUP_A,2024-08-24 07:15:00+00:00,2024-08-24 07:30:00+00:00,2024-08-24 11:30:00+00:00,LONG,64297.977575647645,64053.24363652854,65032.17939300496,64053.24363652854,Stop loss,0.10865462575274934,26.591474563982533,-26.591474563982533,-1.0
exness_native-S03,160,BTC_V2_SETUP_A,2024-08-24 16:30:00+00:00,2024-08-24 16:30:00+00:00,2024-08-24 21:15:00+00:00,LONG,64424.104977375566,63950.88253393666,65843.77230769228,63950.88253393666,Stop loss,0.05605185520115128,26.52499587757258,-26.52499587757258,-1.0
exness_native-S03,161,BTC_V2_SETUP_A,2024-08-25 15:15:00+00:00,2024-08-25 15:15:00+00:00,2024-08-25 16:15:00+00:00,LONG,64312.184184409874,64116.023723385195,64900.66556748391,64116.023723385195,Stop loss,0.13488285686966142,26.458683387878647,-26.458683387878647,-1.0
exness_native-S03,162,BTC_V2_SETUP_A,2024-08-25 19:45:00+00:00,2024-08-25 20:00:00+00:00,2024-08-25 21:15:00+00:00,LONG,64237.40949425303,64140.14075862046,64529.21570115074,64529.21570115074,Take profit,0.16434371738960082,26.39253667940895,47.95651679892843,1.817048409611319
exness_native-S03,163,BTC_V2_SETUP_A,2024-08-28 07:15:00+00:00,2024-08-28 07:15:00+00:00,2024-08-28 09:00:00+00:00,SHORT,59104.10410754866,59385.54883867701,58259.769914163604,59385.54883867701,Stop loss,0.09420118779667415,26.512427971406268,-26.512427971406268,-1.0
exness_native-S03,164,BTC_V2_SETUP_A,2024-08-28 14:00:00+00:00,2024-08-28 14:00:00+00:00,2024-08-28 14:00:00+00:00,SHORT,59280.91102246301,59964.178466305486,57231.108690935594,59964.178466305486,Stop loss,0.03870541050917524,26.446146901477753,-26.44614690147775,-0.9999999999999999
exness_native-S03,165,BTC_V2_SETUP_A,2024-08-28 14:45:00+00:00,2024-08-28 14:45:00+00:00,2024-08-28 19:00:00+00:00,SHORT,59178.45098336415,59784.82352495377,57359.33335859529,59784.82352495377,Stop loss,0.043504660460165684,26.38003153422406,-26.38003153422406,-1.0
exness_native-S03,166,BTC_V2_SETUP_A,2024-08-31 16:45:00+00:00,2024-08-31 16:45:00+00:00,2024-08-31 18:00:00+00:00,SHORT,58987.77207086634,59122.651893700495,58583.132602363876,59122.651893700495,Stop loss,0.17843753396060094,26.3140814553885,-24.067622967569328,-0.9146290364865025
exness_native-S03,167,BTC_V2_SETUP_A,2024-08-31 19:00:00+00:00,2024-08-31 19:00:00+00:00,2024-08-31 21:30:00+00:00,SHORT,58884.77433285119,59100.28850072321,58238.23182923514,59100.28850072321,Stop loss,0.12181989080903674,26.253912397969575,-26.253912397969575,-1.0
exness_native-S03,168,BTC_V2_SETUP_A,2024-09-01 08:45:00+00:00,2024-09-01 09:00:00+00:00,2024-09-01 09:30:00+00:00,SHORT,58215.167252974104,58423.36412053884,57590.576650279894,58423.36412053884,Stop loss,0.12578612696385388,26.188277616974652,-26.18827761697465,-0.9999999999999999
exness_native-S03,169,BTC_V2_SETUP_A,2024-09-01 10:00:00+00:00,2024-09-01 10:00:00+00:00,2024-09-01 14:00:00+00:00,SHORT,58202.00767130606,58434.5534930409,57504.37020610156,57504.37020610156,Take profit,0.11233401971298052,26.122806922932213,78.36842076879664,3.0
exness_native-S03,170,BTC_V2_SETUP_A,2024-09-01 15:30:00+00:00,2024-09-01 15:30:00+00:00,2024-09-01 15:30:00+00:00,SHORT,57833.746419225325,58114.460371162015,56991.604563415254,58114.460371162015,Stop loss,0.09375639434120435,26.318727974854205,-26.318727974854205,-1.0
exness_native-S03,171,BTC_V2_SETUP_A,2024-09-03 18:00:00+00:00,2024-09-03 18:00:00+00:00,2024-09-03 18:30:00+00:00,SHORT,57647.53457813853,58078.528132792206,56354.553914177515,58078.528132792206,Stop loss,0.060912584124402425,26.252931154917068,-26.252931154917068,-1.0
exness_native-S03,172,BTC_V2_SETUP_A,2024-09-04 10:00:00+00:00,2024-09-04 10:00:00+00:00,2024-09-04 14:30:00+00:00,SHORT,56594.44979706436,56923.17530440347,55608.27327504702,56923.17530440347,Stop loss,0.07966311783653268,26.187298827029778,-26.187298827029778,-1.0
exness_native-S03,173,BTC_V2_SETUP_A,2024-09-05 08:30:00+00:00,2024-09-05 08:30:00+00:00,2024-09-05 09:30:00+00:00,SHORT,57129.277876404856,57285.89818539271,56659.41694944129,56659.41694944129,Take profit,0.166784440337095,26.121830579962204,78.36549173988661,3.0
exness_native-S03,174,BTC_V2_SETUP_A,2024-09-05 15:00:00+00:00,2024-09-05 15:00:00+00:00,2024-09-06 15:15:00+00:00,SHORT,56428.57043793528,57126.73934309707,54334.06372244992,54334.06372244992,Take profit,0.037695383043754006,26.31774430931192,78.95323292793576,3.0
exness_native-S03,175,BTC_V2_SETUP_A,2024-09-08 15:00:00+00:00,2024-09-08 15:00:00+00:00,2024-09-08 17:30:00+00:00,SHORT,54124.451139679455,54338.65329048082,53481.84468727536,54338.65329048082,Stop loss,0.12378553292968573,26.515127391631758,-26.515127391631758,-1.0
exness_native-S03,176,BTC_V2_SETUP_A,2024-09-12 08:00:00+00:00,2024-09-12 08:00:00+00:00,2024-09-12 11:00:00+00:00,LONG,58216.10445917839,57940.80831123242,59041.9929030163,57940.80831123242,Stop loss,0.0960741360549061,26.44883957315268,-26.44883957315268,-1.0
exness_native-S03,177,BTC_V2_SETUP_A,2024-09-12 14:30:00+00:00,2024-09-12 14:30:00+00:00,2024-09-12 14:45:00+00:00,LONG,58337.300728557726,57833.38890716341,59849.03619274067,57833.38890716341,Stop loss,0.05235582170154155,26.382717474219795,-26.382717474219795,-1.0
exness_native-S03,178,BTC_V2_SETUP_A,2024-09-13 15:00:00+00:00,2024-09-13 15:15:00+00:00,2024-09-13 21:00:00+00:00,LONG,58664.924716438436,58204.05792534235,60047.525089726696,60047.525089726696,Take profit,0.057102748969924004,26.316760680534244,78.95028204160273,3.0
exness_native-S03,179,BTC_V2_SETUP_A,2024-09-15 14:00:00+00:00,2024-09-15 14:00:00+00:00,2024-09-15 14:00:00+00:00,LONG,60218.35786948708,60095.713195769385,60586.29189064017,60095.713195769385,Stop loss,0.1761199562638561,26.51413638563825,-21.600174571155467,-0.8146663446619179
exness_native-S03,180,BTC_V2_SETUP_A,2024-09-15 15:00:00+00:00,2024-09-15 15:00:00+00:00,2024-09-15 16:15:00+00:00,LONG,60318.13502864485,60087.95245703273,61008.68274348122,60087.95245703273,Stop loss,0.11495282098854043,26.46013594921036,-26.46013594921036,-1.0
exness_native-S03,181,BTC_V2_SETUP_B,2024-09-17 07:45:00+00:00,2024-09-17 07:45:00+00:00,2024-09-17 12:30:00+00:00,LONG,58708.86526800578,58496.0589279769,59347.28428809242,59347.28428809242,Take profit,0.12402819204425615,26.39398560933734,79.18195682801202,3.0
exness_native-S03,182,BTC_V2_SETUP_B,2024-09-17 12:45:00+00:00,2024-09-17 12:45:00+00:00,2024-09-17 13:30:00+00:00,LONG,59367.62592055447,59056.53631778213,60300.8947288715,59056.53631778213,Stop loss,0.08548000403879616,26.591940501407365,-26.591940501407365,-1.0
exness_native-S03,183,BTC_V2_SETUP_A,2024-09-19 07:30:00+00:00,2024-09-19 07:45:00+00:00,2024-09-19 08:45:00+00:00,LONG,62190.28581994946,61926.11127007582,62982.809469570384,61926.11127007582,Stop loss,0.10040884204341913,26.52546065015385,-26.52546065015385,-1.0
exness_native-S03,184,BTC_V2_SETUP_A,2024-09-19 09:15:00+00:00,2024-09-19 09:30:00+00:00,2024-09-19 13:15:00+00:00,LONG,62243.71963991677,61858.50554012484,63399.361939292576,63399.361939292576,Take profit,0.06868686014561735,26.459146998528468,79.3774409955854,3.0
exness_native-S03,185,BTC_V2_SETUP_A,2024-09-19 14:15:00+00:00,2024-09-19 14:30:00+00:00,2024-09-19 14:45:00+00:00,LONG,63529.15284255836,62949.50573616246,65268.09416174607,62949.50573616246,Stop loss,0.04598934473557105,26.657590601017432,-26.657590601017432,-1.0
exness_native-S03,186,BTC_V2_SETUP_B,2024-09-21 15:00:00+00:00,2024-09-21 15:00:00+00:00,2024-09-21 15:00:00+00:00,LONG,63295.32655358744,63100.92378565026,63878.534857398976,63100.92378565026,Stop loss,0.13678275729647882,26.590946624514892,-26.590946624514892,-1.0
exness_native-S03,187,BTC_V2_SETUP_B,2024-09-24 08:00:00+00:00,2024-09-24 08:00:00+00:00,2024-09-24 14:00:00+00:00,LONG,63577.72684300794,63348.832627968244,64264.409488127036,63348.832627968244,Stop loss,0.11588090705286447,26.5244692579536,-26.5244692579536,-1.0
exness_native-S03,188,BTC_V2_SETUP_A,2024-09-26 10:15:00+00:00,2024-09-26 10:15:00+00:00,2024-09-26 14:00:00+00:00,LONG,63986.965258145094,63718.00211278235,64793.85469423333,64793.85469423333,Take profit,0.09837094241713008,26.458158084808716,79.37447425442615,3.0
exness_native-S03,189,BTC_V2_SETUP_A,2024-09-26 15:15:00+00:00,2024-09-26 15:15:00+00:00,2024-09-27 14:30:00+00:00,LONG,64803.07404505223,64247.38893242166,66470.12938294394,66470.12938294394,Take profit,0.047970682792372356,26.65659427044478,79.96978281133434,3.0
exness_native-S03,190,BTC_V2_SETUP_A,2024-09-27 16:45:00+00:00,2024-09-27 16:45:00+00:00,2024-09-27 17:15:00+00:00,LONG,66351.62077877564,65980.06883183653,67466.27661959299,65980.06883183653,Stop loss,0.07228200241909653,26.856518727473116,-26.856518727473116,-1.0
exness_native-S03,191,BTC_V2_SETUP_A,2024-10-01 19:15:00+00:00,2024-10-01 19:15:00+00:00,2024-10-01 19:30:00+00:00,SHORT,61641.98386480238,62058.30920279644,60393.007850820206,62058.30920279644,Stop loss,0.06434721835507594,26.789377430654437,-26.789377430654437,-1.0
exness_native-S03,192,BTC_V2_SETUP_A,2024-10-01 19:45:00+00:00,2024-10-01 19:45:00+00:00,2024-10-01 20:30:00+00:00,SHORT,61707.30600587552,62187.595991186725,60266.43604994191,60266.43604994191,Take profit,0.055638062013229496,26.7224039870778,80.16721196123339,2.9999999999999996
exness_native-S03,193,BTC_V2_SETUP_A,2024-10-02 11:45:00+00:00,2024-10-02 11:45:00+00:00,2024-10-02 13:45:00+00:00,SHORT,61132.05040992092,61406.60438511862,60308.38848432783,61406.60438511862,Stop loss,0.09806021565557234,26.922822016980884,-26.922822016980884,-1.0
exness_native-S03,194,BTC_V2_SETUP_A,2024-10-02 19:00:00+00:00,2024-10-02 19:00:00+00:00,2024-10-03 03:15:00+00:00,SHORT,60663.41756047708,61320.52365928438,58692.09926405518,61320.52365928438,Stop loss,0.04086937407928996,26.855514961938432,-26.855514961938436,-1.0000000000000002
exness_native-S03,195,BTC_V2_SETUP_A,2024-10-03 11:30:00+00:00,2024-10-03 11:30:00+00:00,2024-10-03 19:45:00+00:00,SHORT,60601.47860070402,61032.38209894397,59308.768105984156,61032.38209894397,Stop loss,0.06216792456768633,26.788376174533585,-26.788376174533585,-1.0
exness_native-S03,196,BTC_V2_SETUP_A,2024-10-07 17:45:00+00:00,2024-10-07 17:45:00+00:00,2024-10-07 18:15:00+00:00,LONG,63780.79044195718,63441.68433706423,64798.10875663602,63441.68433706423,Stop loss,0.07879954046398815,26.72140523409725,-26.72140523409725,-1.0
exness_native-S03,197,BTC_V2_SETUP_A,2024-10-09 16:30:00+00:00,2024-10-09 16:30:00+00:00,2024-10-10 17:00:00+00:00,SHORT,61650.24862000866,62146.917069987016,60160.24327007358,60160.24327007358,Take profit,0.05366679063704052,26.65460172101201,79.96380516303603,3.0
exness_native-S03,198,BTC_V2_SETUP_A,2024-10-12 13:45:00+00:00,2024-10-12 13:45:00+00:00,2024-10-12 15:00:00+00:00,LONG,63128.81386640925,62993.73420038612,63534.05286447863,63534.05286447863,Take profit,0.17015691941082925,26.8545112339196,68.9542195366174,2.5676959426288937
exness_native-S03,199,BTC_V2_SETUP_A,2024-10-12 16:00:00+00:00,2024-10-12 16:00:00+00:00,2024-10-12 18:15:00+00:00,LONG,63231.53446155261,63045.513307671084,63789.597923197194,63045.513307671084,Stop loss,0.14528937284183255,27.026896782761142,-27.026896782761145,-1.0000000000000002
exness_native-S03,200,BTC_V2_SETUP_B,2024-10-14 07:45:00+00:00,2024-10-14 07:45:00+00:00,2024-10-14 14:15:00+00:00,LONG,64426.72178910283,63985.04284358871,65751.75862564519,65751.75862564519,Take profit,0.061038294477504015,26.959329540804237,80.87798862241316,3.0000000000000164
exness_native-S03,201,BTC_V2_SETUP_A,2024-10-14 17:45:00+00:00,2024-10-14 18:00:00+00:00,2024-10-15 03:30:00+00:00,LONG,65824.7760027166,65459.675995925114,66920.07602309104,65459.675995925114,Stop loss,0.07439475214217983,27.16152451236027,-27.161524512360273,-1.0000000000000002
exness_native-S03,202,BTC_V2_SETUP_A,2024-10-15 08:30:00+00:00,2024-10-15 08:30:00+00:00,2024-10-15 09:00:00+00:00,LONG,65815.93093185953,65630.0136022107,66373.68292080602,65630.0136022107,Stop loss,0.14572939893368303,27.09362070107937,-27.09362070107937,-1.0
exness_native-S03,203,BTC_V2_SETUP_A,2024-10-15 16:15:00+00:00,2024-10-15 16:15:00+00:00,2024-10-18 15:30:00+00:00,LONG,66527.11221431752,65787.41167852374,68746.21382169884,68746.21382169884,Take profit,0.036536253985979796,27.025886649326672,81.07765994798001,2.9999999999999996
exness_native-S03,204,BTC_V2_SETUP_A,2024-10-20 11:30:00+00:00,2024-10-20 11:30:00+00:00,2024-10-20 12:30:00+00:00,LONG,68437.35647996016,68355.13028005978,68684.0350796613,68355.13028005978,Stop loss,0.15914455028472468,27.22858079919662,-13.085851604768198,-0.4805924958510616
exness_native-S03,205,BTC_V2_SETUP_A,2024-10-20 14:00:00+00:00,2024-10-20 14:00:00+00:00,2024-10-20 15:15:00+00:00,LONG,68484.55732157141,68347.94401764288,68894.39723335701,68347.94401764288,Stop loss,0.15884378746867353,27.1958661701847,-21.70017461461738,-0.7979218046898487
exness_native-S03,206,BTC_V2_SETUP_A,2024-10-20 15:45:00+00:00,2024-10-20 15:45:00+00:00,2024-10-20 22:15:00+00:00,LONG,68566.78875075761,68388.30687386359,69102.23438143966,69102.23438143966,Take profit,0.15206930925409842,27.141615733648155,81.42484720094447,3.0
exness_native-S03,207,BTC_V2_SETUP_A,2024-10-24 17:45:00+00:00,2024-10-24 17:45:00+00:00,2024-10-25 07:00:00+00:00,LONG,67801.87075117037,67434.35887324445,68904.40638494813,67434.35887324445,Stop loss,0.07440624233963522,27.345177851650515,-27.345177851650515,-1.0
exness_native-S03,208,BTC_V2_SETUP_A,2024-10-25 14:15:00+00:00,2024-10-25 14:15:00+00:00,2024-10-25 15:30:00+00:00,LONG,68495.68037476858,68022.13443784713,69916.31818553293,68022.13443784713,Stop loss,0.05760120144700109,27.27681490702139,-27.27681490702139,-1.0
exness_native-S03,209,BTC_V2_SETUP_A,2024-10-27 19:30:00+00:00,2024-10-27 19:45:00+00:00,2024-10-28 10:30:00+00:00,LONG,67776.9417947388,67454.4273078918,68744.48525527978,68744.48525527978,Take profit,0.08436403318112658,27.208622869753835,81.6258686092615,3.0
exness_native-S03,210,BTC_V2_SETUP_B,2024-10-28 12:30:00+00:00,2024-10-28 12:30:00+00:00,2024-10-28 15:15:00+00:00,LONG,68926.577542441,68506.37983023601,70187.17067905595,68506.37983023601,Stop loss,0.06523759350670658,27.41268754127699,-27.41268754127699,-1.0
exness_native-S03,211,BTC_V2_SETUP_A,2024-10-28 16:45:00+00:00,2024-10-28 16:45:00+00:00,2024-10-29 02:00:00+00:00,LONG,68932.46587198428,68378.93619202355,70593.05491186648,70593.05491186648,Take profit,0.04939961995238207,27.3441558224238,82.0324674672714,3.0
exness_native-S03,212,BTC_V2_SETUP_A,2024-10-29 08:00:00+00:00,2024-10-29 08:00:00+00:00,2024-10-29 14:00:00+00:00,LONG,70985.54757814978,70677.11863277534,71910.83441427311,71910.83441427311,Take profit,0.0893211788460592,27.54923699109198,82.64771097327593,2.9999999999999996
exness_native-S03,213,BTC_V2_SETUP_A,2024-10-29 14:45:00+00:00,2024-10-29 14:45:00+00:00,2024-10-29 19:00:00+00:00,LONG,71905.29169556571,71381.25745665142,73477.39441230858,73477.39441230858,Take profit,0.05296573049507339,27.755856268525168,83.26756880557551,3.0
exness_native-S03,214,BTC_V2_SETUP_A,2024-11-03 07:30:00+00:00,2024-11-03 07:30:00+00:00,2024-11-03 20:00:00+00:00,SHORT,68369.10955401983,68709.36566897025,67348.34120916858,68709.36566897025,Stop loss,0.08218522448777739,27.964025190539104,-27.9640251905391,-0.9999999999999999
exness_native-S03,215,BTC_V2_SETUP_A,2024-11-04 16:45:00+00:00,2024-11-04 16:45:00+00:00,2024-11-05 04:15:00+00:00,SHORT,67720.27077482868,68384.433837757,65727.78158604373,68384.433837757,Stop loss,0.04199889557931251,27.89411512756276,-27.89411512756276,-1.0
exness_native-S03,216,BTC_V2_SETUP_A,2024-11-06 09:15:00+00:00,2024-11-06 09:30:00+00:00,2024-11-06 20:45:00+00:00,LONG,73971.52020551692,73232.86469172462,76187.48674689382,76187.48674689382,Take profit,0.037668953010168336,27.82437983974385,83.47313951923155,3.0
exness_native-S03,217,BTC_V2_SETUP_A,2024-11-07 20:00:00+00:00,2024-11-07 20:00:00+00:00,2024-11-07 21:45:00+00:00,LONG,76654.02161515629,76014.61257726557,78572.24872882848,76014.61257726557,Stop loss,0.04384214333444043,28.033062688541932,-28.033062688541932,-1.0
exness_native-S03,218,BTC_V2_SETUP_B,2024-11-10 09:00:00+00:00,2024-11-10 09:00:00+00:00,2024-11-10 11:45:00+00:00,LONG,79108.6464010739,78791.40439570438,80060.37241718247,80060.37241718247,Take profit,0.08814400223970732,27.962980031820575,83.88894009546173,3.0000000000000004
exness_native-S03,219,BTC_V2_SETUP_A,2024-11-10 12:45:00+00:00,2024-11-10 12:45:00+00:00,2024-11-10 17:45:00+00:00,LONG,79493.48109716173,79133.60835425742,80573.09932587465,80573.09932587465,Take profit,0.07828517979632209,28.172702382059228,84.51810714617768,3.0
exness_native-S03,220,BTC_V2_SETUP_A,2024-11-11 10:00:00+00:00,2024-11-11 10:00:00+00:00,2024-11-11 15:15:00+00:00,LONG,81854.49843025712,81336.07235461431,83409.77665718556,83409.77665718556,Take profit,0.05475032793196311,28.383997649924673,85.15199294977403,3.0000000000000004
exness_native-S03,221,BTC_V2_SETUP_A,2024-11-12 18:45:00+00:00,2024-11-12 18:45:00+00:00,2024-11-12 22:00:00+00:00,LONG,88985.64570434976,88131.20144347535,91548.978486973,88131.20144347535,Stop loss,0.03346839453639009,28.596877632299105,-28.5968776322991,-0.9999999999999999
exness_native-S03,222,BTC_V2_SETUP_B,2024-11-13 13:30:00+00:00,2024-11-13 13:30:00+00:00,2024-11-13 14:45:00+00:00,LONG,88504.85763617666,87542.94945529332,91390.58217882669,91390.58217882669,Take profit,0.02965499826815363,28.525385438218358,85.57615631465508,3.0000000000000004
exness_native-S03,223,BTC_V2_SETUP_A,2024-11-15 10:00:00+00:00,2024-11-15 10:15:00+00:00,2024-11-15 14:30:00+00:00,LONG,89352.53564769044,88766.01152846434,91112.10800536875,88766.01152846434,Stop loss,0.048999393012047886,28.739325829004997,-28.739325829004997,-1.0
exness_native-S03,224,BTC_V2_SETUP_A,2024-11-15 17:15:00+00:00,2024-11-15 17:15:00+00:00,2024-11-17 21:45:00+00:00,LONG,89836.18818648566,89078.58272027153,92109.00458512803,89078.58272027153,Stop loss,0.03783958642443332,28.667477514432484,-28.667477514432484,-1.0
exness_native-S03,225,BTC_V2_SETUP_B,2024-11-19 18:15:00+00:00,2024-11-19 18:15:00+00:00,2024-11-19 20:45:00+00:00,LONG,93381.52795421169,92453.50818315327,96165.58726738695,92453.50818315327,Stop loss,0.030813792671714885,28.595808820646404,-28.595808820646404,-1.0
exness_native-S03,226,BTC_V2_SETUP_B,2024-11-20 08:00:00+00:00,2024-11-20 08:00:00+00:00,2024-11-20 12:30:00+00:00,LONG,92909.19131373543,92618.06474505825,93782.57101976697,93782.57101976697,Take profit,0.09797910038992136,28.524319298594786,85.57295789578436,3.0
exness_native-S03,227,BTC_V2_SETUP_B,2024-11-20 13:15:00+00:00,2024-11-20 13:15:00+00:00,2024-11-20 18:45:00+00:00,LONG,94003.10935861555,93298.0725655378,96118.21973784878,93298.0725655378,Stop loss,0.040761350294757366,28.738251693334245,-28.738251693334245,-1.0
exness_native-S03,228,BTC_V2_SETUP_A,2024-11-21 09:00:00+00:00,2024-11-21 09:00:00+00:00,2024-11-21 14:30:00+00:00,LONG,97205.55572623844,96623.86141064233,98950.63867302675,96623.86141064233,Stop loss,0.04928087707840899,28.66640606410091,-28.666406064100908,-0.9999999999999999
exness_native-S03,229,BTC_V2_SETUP_B,2024-11-21 16:30:00+00:00,2024-11-21 16:45:00+00:00,2024-11-24 15:45:00+00:00,LONG,97263.37202381752,96183.69190472993,100502.41238108027,96183.69190472993,Stop loss,0.026484455482152877,28.594740048940658,-28.594740048940658,-1.0
exness_native-S03,230,BTC_V2_SETUP_A,2024-11-29 10:15:00+00:00,2024-11-29 10:30:00+00:00,2024-11-29 15:00:00+00:00,LONG,96922.77289342285,96338.6856598657,98675.0345940943,98675.0345940943,Take profit,0.048833892542230285,28.523253198818306,85.56975959645492,3.0
exness_native-S03,231,BTC_V2_SETUP_A,2024-12-01 11:15:00+00:00,2024-12-01 11:30:00+00:00,2024-12-01 13:00:00+00:00,LONG,97138.38896043504,96862.29155934745,97966.68116369782,96862.29155934745,Stop loss,0.10408347736925029,28.737177597809445,-28.737177597809445,-1.0
exness_native-S03,232,BTC_V2_SETUP_A,2024-12-01 13:15:00+00:00,2024-12-01 13:15:00+00:00,2024-12-02 03:45:00+00:00,LONG,97208.98857779695,96730.77213330459,98643.63791127401,96730.77213330459,Stop loss,0.05994217677780673,28.66533465381492,-28.66533465381492,-1.0
exness_native-S03,233,BTC_V2_SETUP_B,2024-12-04 09:15:00+00:00,2024-12-04 09:15:00+00:00,2024-12-04 10:30:00+00:00,LONG,96969.24548034293,96716.38807862825,97727.81768548695,96716.38807862825,Stop loss,0.11308220017797062,28.593671317180384,-28.593671317180384,-1.0
exness_native-S03,234,BTC_V2_SETUP_A,2024-12-05 07:30:00+00:00,2024-12-05 07:30:00+00:00,2024-12-05 15:45:00+00:00,LONG,102342.03961226634,101145.7855816005,105930.80170426384,101145.7855816005,Stop loss,0.023842918316448233,28.522187138887436,-28.522187138887436,-1.0
exness_native-S03,235,BTC_V2_SETUP_A,2024-12-07 18:45:00+00:00,2024-12-07 18:45:00+00:00,2024-12-07 22:45:00+00:00,LONG,100141.66945310899,99691.4508203365,101492.32535142647,99691.4508203365,Stop loss,0.06319347890121027,28.450881671040214,-28.450881671040214,-1.0
exness_native-S03,236,BTC_V2_SETUP_A,2024-12-08 13:30:00+00:00,2024-12-08 13:30:00+00:00,2024-12-08 14:45:00+00:00,LONG,100354.14942934045,99992.74085598932,101438.37514939385,99992.74085598932,Stop loss,0.0785254046513443,28.379754466862614,-28.379754466862614,-1.0
exness_native-S03,237,BTC_V2_SETUP_A,2024-12-12 14:30:00+00:00,2024-12-12 14:30:00+00:00,2024-12-12 14:30:00+00:00,LONG,101559.53781214228,100811.46828178658,103803.74640320938,100811.46828178658,Stop loss,0.03784247844880792,28.308805080695457,-28.308805080695453,-0.9999999999999999
exness_native-S03,238,BTC_V2_SETUP_A,2024-12-12 16:15:00+00:00,2024-12-12 16:15:00+00:00,2024-12-12 16:30:00+00:00,LONG,102511.64788739366,101644.24816890951,105113.84704284609,101644.24816890951,Stop loss,0.03255481004460338,28.23803306799372,-28.238033067993715,-0.9999999999999999
exness_native-S03,239,BTC_V2_SETUP_A,2024-12-15 09:00:00+00:00,2024-12-15 09:00:00+00:00,2024-12-15 12:00:00+00:00,LONG,102017.45950955428,101775.95573566858,102741.97083121135,102741.97083121135,Take profit,0.1104416366403861,28.167437985323737,80.0162161282966,2.8407346159770714
exness_native-S03,240,BTC_V2_SETUP_A,2024-12-15 14:15:00+00:00,2024-12-15 14:15:00+00:00,2024-12-15 16:00:00+00:00,LONG,102968.51172900504,102516.74740649245,104323.80469654282,102516.74740649245,Stop loss,0.06279264898093778,28.36747852564448,-28.36747852564448,-1.0
exness_native-S03,241,BTC_V2_SETUP_A,2024-12-15 16:15:00+00:00,2024-12-15 16:15:00+00:00,2024-12-15 23:15:00+00:00,LONG,102936.46582071109,102430.90626893337,104453.14447604427,104453.14447604427,Take profit,0.05597077481738737,28.296559829330366,84.8896794879911,3.0
exness_native-S03,242,BTC_V2_SETUP_A,2024-12-17 08:30:00+00:00,2024-12-17 08:30:00+00:00,2024-12-17 11:45:00+00:00,LONG,107322.91993000476,106828.28010499285,108806.83940504049,106828.28010499285,Stop loss,0.057635440145491636,28.508784028050346,-28.508784028050346,-1.0
exness_native-S03,243,BTC_V2_SETUP_A,2024-12-17 14:15:00+00:00,2024-12-17 14:15:00+00:00,2024-12-17 14:30:00+00:00,LONG,107528.46295938373,107036.6205609244,109003.9901547617,107036.6205609244,Stop loss,0.05781834212963241,28.43751206798022,-28.43751206798022,-1.0
exness_native-S03,244,BTC_V2_SETUP_A,2024-12-20 08:30:00+00:00,2024-12-20 08:30:00+00:00,2024-12-20 10:00:00+00:00,SHORT,96310.3225572156,97116.69616417661,93891.20173633254,93891.20173633254,Take profit,0.03517776132916217,28.36641828781027,85.09925486343082,3.0000000000000004
exness_native-S05,1,BTC_V2_SETUP_A,2025-01-01 11:00:00+00:00,2025-01-01 11:00:00+00:00,2025-01-01 11:15:00+00:00,SHORT,93102.48017686013,93359.97473470982,92329.99650331108,93359.97473470982,Stop loss,0.09708943058359333,25.0,-25.0,-1.0
exness_native-S05,2,BTC_V2_SETUP_A,2025-01-02 16:30:00+00:00,2025-01-02 16:30:00+00:00,2025-01-02 17:30:00+00:00,LONG,97421.11070952922,96439.81893570616,100364.9860309984,96439.81893570616,Stop loss,0.0254129308583163,24.9375,-24.9375,-1.0
exness_native-S05,3,BTC_V2_SETUP_A,2025-01-02 18:45:00+00:00,2025-01-02 18:45:00+00:00,2025-01-03 07:15:00+00:00,LONG,97093.94807820444,96373.61288269334,99254.95366473774,96373.61288269334,Stop loss,0.03453275142602234,24.87515625,-24.875156249999996,-0.9999999999999999
exness_native-S05,4,BTC_V2_SETUP_A,2025-01-03 15:30:00+00:00,2025-01-03 15:30:00+00:00,2025-01-06 05:00:00+00:00,LONG,97334.09193992394,96606.15709011411,99517.89648935341,99517.89648935341,Take profit,0.03408679824280623,24.812968359375,74.43890507812499,2.9999999999999996
exness_native-S05,5,BTC_V2_SETUP_B,2025-01-06 11:30:00+00:00,2025-01-06 11:30:00+00:00,2025-01-06 15:15:00+00:00,LONG,99292.29893494461,98587.48426022154,101406.74295911385,101406.74295911385,Take profit,0.035468991379744526,24.99906562207031,74.99719686621094,3.0000000000000004
exness_native-S05,6,BTC_V2_SETUP_A,2025-01-08 19:45:00+00:00,2025-01-08 20:00:00+00:00,2025-01-08 22:00:00+00:00,SHORT,93900.66163730349,94912.34254404478,90865.61891707964,94912.34254404478,Stop loss,0.024895753637739437,25.186558614235835,-25.186558614235835,-1.0
exness_native-S05,7,BTC_V2_SETUP_A,2025-01-09 07:30:00+00:00,2025-01-09 07:30:00+00:00,2025-01-09 13:45:00+00:00,SHORT,93611.71341564073,94204.5448765389,91833.2190329462,91833.2190329462,Take profit,0.04237897931333895,25.12359221770025,75.37077665310075,3.0
exness_native-S05,8,BTC_V2_SETUP_B,2025-01-09 17:45:00+00:00,2025-01-09 17:45:00+00:00,2025-01-10 05:30:00+00:00,SHORT,93328.81511007012,94145.03955971952,90880.14176112194,94145.03955971952,Stop loss,0.03101110138296598,25.312019159332998,-25.312019159332998,-1.0
exness_native-S05,9,BTC_V2_SETUP_A,2025-01-10 16:30:00+00:00,2025-01-10 16:30:00+00:00,2025-01-10 17:15:00+00:00,SHORT,93140.73562205411,94187.08656691884,90001.68278745994,94187.08656691884,Stop loss,0.024130277929551563,25.248739111434666,-25.248739111434666,-1.0
exness_native-S05,10,BTC_V2_SETUP_B,2025-01-12 08:45:00+00:00,2025-01-12 08:45:00+00:00,2025-01-12 12:00:00+00:00,SHORT,94094.27609687285,94346.06561250855,93338.90754996576,94346.06561250855,Stop loss,0.10002647330278837,25.185617263656077,-25.185617263656077,-1.0
exness_native-S05,11,BTC_V2_SETUP_A,2025-01-13 13:45:00+00:00,2025-01-13 13:45:00+00:00,2025-01-13 14:45:00+00:00,SHORT,90966.6740031806,91639.08399522911,88949.44402703505,91639.08399522911,Stop loss,0.03736210573546064,25.122653220496936,-25.12265322049694,-1.0000000000000002
exness_native-S05,12,BTC_V2_SETUP_A,2025-01-15 08:00:00+00:00,2025-01-15 08:00:00+00:00,2025-01-15 09:15:00+00:00,LONG,97384.77328050061,97060.90507924909,98356.37788425517,97060.90507924909,Stop loss,0.07737668128765722,25.059846587445694,-25.059846587445698,-1.0000000000000002
exness_native-S05,13,BTC_V2_SETUP_A,2025-01-15 13:30:00+00:00,2025-01-15 13:30:00+00:00,2025-01-15 14:00:00+00:00,LONG,97395.5189332244,96748.15660016339,99337.60593240744,99337.60593240744,Take profit,0.03861391943021978,24.99719697097708,74.99159091293123,2.9999999999999996
exness_native-S05,14,BTC_V2_SETUP_A,2025-01-15 18:15:00+00:00,2025-01-15 18:15:00+00:00,2025-01-15 20:00:00+00:00,LONG,99010.11045714516,98542.29431428226,100413.55888573384,100413.55888573384,Take profit,0.05383455943639885,25.184675948259404,75.55402784477822,3.0000000000000004
exness_native-S05,15,BTC_V2_SETUP_A,2025-01-16 19:00:00+00:00,2025-01-16 19:00:00+00:00,2025-01-17 01:30:00+00:00,LONG,99725.20228757411,99080.41156863882,101659.57444437996,101659.57444437996,Take profit,0.03935162258502981,25.373561017871353,76.12068305361406,3.0
exness_native-S05,16,BTC_V2_SETUP_B,2025-01-17 07:15:00+00:00,2025-01-17 07:15:00+00:00,2025-01-17 12:45:00+00:00,LONG,101620.01439737537,101190.36241049855,102908.97035800584,102908.97035800584,Take profit,0.05949899804102223,25.563862725505388,76.69158817651616,3.0
exness_native-S05,17,BTC_V2_SETUP_B,2025-01-17 19:15:00+00:00,2025-01-17 19:15:00+00:00,2025-01-17 20:45:00+00:00,LONG,105179.33756949379,104598.33972202484,106922.33111190061,104598.33972202484,Stop loss,0.044329926191892646,25.755591695946677,-25.755591695946677,-1.0
exness_native-S05,18,BTC_V2_SETUP_A,2025-01-18 15:00:00+00:00,2025-01-18 15:00:00+00:00,2025-01-18 16:30:00+00:00,LONG,104118.25634671883,103663.35047992176,105482.97394711003,103663.35047992176,Stop loss,0.05647586586999898,25.69120271670681,-25.69120271670681,-1.0
exness_native-S05,19,BTC_V2_SETUP_A,2025-01-20 14:45:00+00:00,2025-01-20 14:45:00+00:00,2025-01-20 15:15:00+00:00,LONG,108043.26731997727,107004.35402003411,111160.00721980675,107004.35402003411,Stop loss,0.024667096581896787,25.626974709915043,-25.626974709915043,-1.0
exness_native-S05,20,BTC_V2_SETUP_B,2025-01-21 12:15:00+00:00,2025-01-21 12:15:00+00:00,2025-01-21 14:30:00+00:00,LONG,103974.15799577966,103470.59801688135,105484.83793247459,103470.59801688135,Stop loss,0.05076437434338389,25.562907273140254,-25.562907273140254,-1.0
exness_native-S05,21,BTC_V2_SETUP_A,2025-01-21 17:15:00+00:00,2025-01-21 17:15:00+00:00,2025-01-22 10:00:00+00:00,LONG,105683.3975996082,104647.63860058771,108790.67459666966,104647.63860058771,Stop loss,0.02461866131896677,25.499000004957402,-25.499000004957402,-1.0
exness_native-S05,22,BTC_V2_SETUP_A,2025-01-23 15:30:00+00:00,2025-01-23 15:30:00+00:00,2025-01-23 21:15:00+00:00,LONG,104634.19042806067,102602.844357909,110728.22863851569,102602.844357909,Stop loss,0.01252137825193215,25.435252504945012,-25.435252504945012,-1.0
exness_native-S05,23,BTC_V2_SETUP_B,2025-01-24 08:15:00+00:00,2025-01-24 08:15:00+00:00,2025-01-24 14:30:00+00:00,LONG,105241.33335582775,104704.24657668901,106852.59369324398,104704.24657668901,Stop loss,0.04723941336699432,25.37166437368265,-25.37166437368265,-1.0
exness_native-S05,24,BTC_V2_SETUP_A,2025-01-24 16:00:00+00:00,2025-01-24 16:00:00+00:00,2025-01-24 20:15:00+00:00,LONG,106062.49777903264,105437.65833145105,107937.0161217774,105437.65833145105,Stop loss,0.040503581057026415,25.308235212748443,-25.30823521274844,-0.9999999999999999
exness_native-S05,25,BTC_V2_SETUP_A,2025-01-25 18:30:00+00:00,2025-01-25 18:30:00+00:00,2025-01-25 23:45:00+00:00,LONG,105119.7456907578,104717.4564638633,106326.6133714413,104717.4564638633,Stop loss,0.06275327037613428,25.244964624716573,-25.24496462471657,-0.9999999999999999
exness_native-S05,26,BTC_V2_SETUP_A,2025-01-26 15:15:00+00:00,2025-01-26 15:15:00+00:00,2025-01-26 21:00:00+00:00,LONG,105012.71891880782,104774.80662178826,105726.4558098665,104774.80662178826,Stop loss,0.09591924663001826,25.18185221315478,-22.820368294133367,-0.9062227869883298
exness_native-S05,27,BTC_V2_SETUP_B,2025-01-27 10:45:00+00:00,2025-01-27 10:45:00+00:00,2025-01-27 12:30:00+00:00,SHORT,98522.48330568193,99365.77677727227,95992.60289091092,99365.77677727227,Stop loss,0.029793662750687983,25.12480129241945,-25.12480129241945,-1.0
exness_native-S05,28,BTC_V2_SETUP_A,2025-01-27 17:15:00+00:00,2025-01-27 17:15:00+00:00,2025-01-27 20:15:00+00:00,SHORT,99045.34140822294,100220.02788766558,95521.28196989503,100220.02788766558,Stop loss,0.02133504533148264,25.0619892891884,-25.0619892891884,-1.0
exness_native-S05,29,BTC_V2_SETUP_A,2025-01-29 15:30:00+00:00,2025-01-29 15:45:00+00:00,2025-01-29 17:15:00+00:00,SHORT,101763.00908250573,102440.44137624142,99730.71220129865,102440.44137624142,Stop loss,0.036903074369405854,24.99933431596543,-24.99933431596543,-1.0
exness_native-S05,30,BTC_V2_SETUP_A,2025-01-30 08:00:00+00:00,2025-01-30 08:00:00+00:00,2025-01-30 14:00:00+00:00,LONG,105256.74460763812,104801.66808854284,106621.97416492396,104801.66808854284,Stop loss,0.05479701749884049,24.936835980175516,-24.936835980175516,-1.0
exness_native-S05,31,BTC_V2_SETUP_A,2025-01-30 15:45:00+00:00,2025-01-30 15:45:00+00:00,2025-01-30 17:00:00+00:00,LONG,106117.13031506732,105360.93452739903,108385.71767807218,105360.93452739903,Stop loss,0.03289425079571661,24.874493890225075,-24.87449389022508,-1.0000000000000002
exness_native-S05,32,BTC_V2_SETUP_A,2025-01-31 14:30:00+00:00,2025-01-31 14:30:00+00:00,2025-01-31 14:30:00+00:00,LONG,104810.7422355055,104363.50664674176,106152.44900179672,104363.50664674176,Stop loss,0.055479278212376616,24.812307655499513,-24.812307655499513,-1.0
exness_native-S05,33,BTC_V2_SETUP_A,2025-01-31 15:15:00+00:00,2025-01-31 15:15:00+00:00,2025-01-31 18:15:00+00:00,LONG,105053.5066273344,104325.10505899841,107238.71133234237,104325.10505899841,Stop loss,0.03397889016480561,24.750276886360762,-24.750276886360762,-1.0
exness_native-S05,34,BTC_V2_SETUP_A,2025-02-01 15:00:00+00:00,2025-02-01 15:00:00+00:00,2025-02-01 15:30:00+00:00,SHORT,101755.99148791804,102100.71276812293,100721.82764730338,102100.71276812293,Stop loss,0.07161844252687573,24.68840119414486,-24.68840119414486,-1.0
exness_native-S05,35,BTC_V2_SETUP_A,2025-02-01 19:15:00+00:00,2025-02-01 19:15:00+00:00,2025-02-01 22:15:00+00:00,SHORT,101779.20456663336,102099.50315004998,100818.3088163835,100818.3088163835,Take profit,0.07688663474083236,24.626680191159494,73.88004057347848,3.0
exness_native-S05,36,BTC_V2_SETUP_A,2025-02-02 07:30:00+00:00,2025-02-02 07:30:00+00:00,2025-02-02 17:15:00+00:00,SHORT,99644.64765421482,100324.67351867777,97604.57006082596,97604.57006082596,Take profit,0.036485936181542084,24.81138029259319,74.43414087777957,3.0
exness_native-S05,37,BTC_V2_SETUP_B,2025-02-02 17:30:00+00:00,2025-02-02 17:30:00+00:00,2025-02-02 19:45:00+00:00,SHORT,97484.46836911779,98564.58652352888,94244.11390588453,98564.58652352888,Stop loss,0.023143269597590454,24.99746564478764,-24.99746564478764,-1.0
exness_native-S05,38,BTC_V2_SETUP_B,2025-02-04 07:45:00+00:00,2025-02-04 07:45:00+00:00,2025-02-04 12:30:00+00:00,SHORT,98483.54694637141,99590.53221451437,95162.59114194252,99590.53221451437,Stop loss,0.022525116366277995,24.93497198067567,-24.93497198067567,-1.0
exness_native-S05,39,BTC_V2_SETUP_B,2025-02-04 14:00:00+00:00,2025-02-04 14:00:00+00:00,2025-02-04 14:30:00+00:00,SHORT,98936.54430047027,99620.45279811892,96884.81880752432,99620.45279811892,Stop loss,0.03636836599667762,24.87263455072398,-24.87263455072398,-1.0
exness_native-S05,40,BTC_V2_SETUP_B,2025-02-06 18:15:00+00:00,2025-02-06 18:15:00+00:00,2025-02-07 01:45:00+00:00,SHORT,96299.58737077507,97144.39051689969,93765.17793240123,97144.39051689969,Stop loss,0.029368324535912028,24.810452964347167,-24.810452964347167,-1.0
exness_native-S05,41,BTC_V2_SETUP_A,2025-02-08 08:15:00+00:00,2025-02-08 08:15:00+00:00,2025-02-08 13:30:00+00:00,SHORT,96092.64754545038,96401.19368182443,95167.00913632824,96401.19368182443,Stop loss,0.08020980953698953,24.7484268319363,-24.7484268319363,-1.0
exness_native-S05,42,BTC_V2_SETUP_A,2025-02-09 17:30:00+00:00,2025-02-09 17:30:00+00:00,2025-02-09 20:15:00+00:00,SHORT,96125.66431148216,96505.03353277674,94987.55664759844,96505.03353277674,Stop loss,0.06507263736529556,24.686555764856458,-24.686555764856458,-1.0
exness_native-S05,43,BTC_V2_SETUP_B,2025-02-11 17:00:00+00:00,2025-02-11 17:00:00+00:00,2025-02-12 13:30:00+00:00,SHORT,96292.23462205332,96786.4415117867,94809.61395285318,94809.61395285318,Take profit,0.04982698518980408,24.624839375444317,73.87451812633296,3.0000000000000004
exness_native-S05,44,BTC_V2_SETUP_A,2025-02-12 14:30:00+00:00,2025-02-12 14:30:00+00:00,2025-02-12 14:30:00+00:00,SHORT,94511.75174870656,95229.71237694015,92357.8698640058,95229.71237694015,Stop loss,0.03455555178812449,24.80952567076015,-24.80952567076015,-1.0
exness_native-S05,45,BTC_V2_SETUP_A,2025-02-13 11:00:00+00:00,2025-02-13 11:00:00+00:00,2025-02-13 15:15:00+00:00,SHORT,96115.73470362941,96372.37794455588,95345.80498085,96372.37794455588,Stop loss,0.09642763926782646,24.74750185658325,-24.74750185658325,-1.0
exness_native-S05,46,BTC_V2_SETUP_A,2025-02-13 16:30:00+00:00,2025-02-13 16:30:00+00:00,2025-02-13 17:30:00+00:00,SHORT,95314.252983306,95959.93052504101,93377.22035810095,95959.93052504101,Stop loss,0.03823213834510718,24.68563310194179,-24.68563310194179,-1.0
exness_native-S05,47,BTC_V2_SETUP_A,2025-02-13 18:15:00+00:00,2025-02-13 18:15:00+00:00,2025-02-13 18:45:00+00:00,SHORT,95428.65031927136,95960.23452109295,93833.89771380658,95960.23452109295,Stop loss,0.04632176602466286,24.623919019186932,-24.623919019186932,-1.0
exness_native-S05,48,BTC_V2_SETUP_A,2025-02-16 18:00:00+00:00,2025-02-16 18:00:00+00:00,2025-02-16 19:30:00+00:00,SHORT,96880.50203551007,97080.1369467349,96281.59730183559,97080.1369467349,Stop loss,0.10141301378738111,24.562359221638967,-20.2455780044861,-0.8242521747117082
exness_native-S05,49,BTC_V2_SETUP_A,2025-02-17 07:30:00+00:00,2025-02-17 07:30:00+00:00,2025-02-17 10:00:00+00:00,SHORT,96112.70369660863,96439.96445508706,95130.92142117335,96439.96445508706,Stop loss,0.0748997386383664,24.511745276627753,-24.511745276627753,-1.0
exness_native-S05,50,BTC_V2_SETUP_A,2025-02-18 16:15:00+00:00,2025-02-18 16:15:00+00:00,2025-02-18 17:45:00+00:00,SHORT,95317.41326765464,95728.86009851804,94083.07277506446,94083.07277506446,Take profit,0.059425578420736494,24.450465913436183,73.35139774030856,3.0000000000000004
exness_native-S05,51,BTC_V2_SETUP_A,2025-02-21 10:00:00+00:00,2025-02-21 10:00:00+00:00,2025-02-21 13:00:00+00:00,LONG,98413.72877145791,98123.2868428131,99285.05455739234,99285.05455739234,Take profit,0.08481504210747892,24.633844407786956,73.90153322336087,3.0
exness_native-S05,52,BTC_V2_SETUP_B,2025-02-23 12:15:00+00:00,2025-02-23 12:15:00+00:00,2025-02-23 17:00:00+00:00,SHORT,96030.65629636138,96240.2948145545,95401.74074178205,95401.74074178205,Take profit,0.10337781370254256,24.818598240845358,65.0159150359335,2.619644929379338
exness_native-S05,53,BTC_V2_SETUP_B,2025-02-23 17:15:00+00:00,2025-02-23 17:15:00+00:00,2025-02-23 17:45:00+00:00,SHORT,95316.82994445699,95678.39022217202,94232.14911131188,95678.39022217202,Stop loss,0.06909259553153738,24.981138028435193,-24.981138028435193,-1.0
exness_native-S05,54,BTC_V2_SETUP_A,2025-02-24 18:30:00+00:00,2025-02-24 18:30:00+00:00,2025-02-24 22:45:00+00:00,SHORT,94437.54912194303,95008.54631708545,92724.55753651576,92724.55753651576,Take profit,0.04364064376384313,24.918685183364104,74.75605555009231,3.0
exness_native-S05,55,BTC_V2_SETUP_A,2025-02-25 13:30:00+00:00,2025-02-25 13:30:00+00:00,2025-02-25 15:00:00+00:00,SHORT,88898.92058260764,89608.25912608852,86770.90495216497,86770.90495216497,Take profit,0.035392938326797366,25.10557532223934,75.31672596671801,2.9999999999999996
exness_native-S05,56,BTC_V2_SETUP_A,2025-02-25 19:00:00+00:00,2025-02-25 19:00:00+00:00,2025-02-25 19:45:00+00:00,SHORT,86756.19843108064,87777.71235337904,83691.65666418544,87777.71235337904,Stop loss,0.02476115751828922,25.293867137156134,-25.293867137156134,-1.0
exness_native-S05,57,BTC_V2_SETUP_A,2025-02-26 16:00:00+00:00,2025-02-26 16:00:00+00:00,2025-02-26 18:30:00+00:00,SHORT,87239.19534701582,88112.76197947624,84618.49544963455,84618.49544963455,Take profit,0.028882321659024997,25.230632469313246,75.69189740793973,3.0
exness_native-S05,58,BTC_V2_SETUP_A,2025-02-27 16:30:00+00:00,2025-02-27 16:30:00+00:00,2025-02-28 01:30:00+00:00,SHORT,84659.05481808983,85794.84777286527,81251.67595376354,81251.67595376354,Take profit,0.022380718339513814,25.419862212833095,76.25958663849929,3.0
exness_native-S05,59,BTC_V2_SETUP_A,2025-03-03 12:00:00+00:00,2025-03-03 12:00:00+00:00,2025-03-03 14:30:00+00:00,LONG,92886.48942661895,92409.80586007156,94316.54012626113,92409.80586007156,Stop loss,0.05372644029859408,25.610511179429345,-25.610511179429345,-1.0
exness_native-S05,60,BTC_V2_SETUP_A,2025-03-04 07:45:00+00:00,2025-03-04 07:45:00+00:00,2025-03-04 09:00:00+00:00,SHORT,83285.13482023607,84041.8527696459,81014.98097200655,84041.8527696459,Stop loss,0.03375958627835429,25.54648490148077,-25.54648490148077,-1.0
exness_native-S05,61,BTC_V2_SETUP_A,2025-03-04 10:00:00+00:00,2025-03-04 10:00:00+00:00,2025-03-04 11:00:00+00:00,SHORT,83627.26290832825,84366.28563750762,81410.19472079014,84366.28563750762,Stop loss,0.0344815087318405,25.48261868922707,-25.48261868922707,-1.0
exness_native-S05,62,BTC_V2_SETUP_A,2025-03-04 14:30:00+00:00,2025-03-04 14:30:00+00:00,2025-03-04 14:30:00+00:00,SHORT,82451.4434702775,83431.98979458376,79509.80449735874,83431.98979458376,Stop loss,0.025923213939421066,25.418912142504,-25.418912142504,-1.0
exness_native-S05,63,BTC_V2_SETUP_A,2025-03-07 13:00:00+00:00,2025-03-07 13:00:00+00:00,2025-03-07 15:30:00+00:00,LONG,89249.8336805371,88353.35447919436,91939.2712845653,88353.35447919436,Stop loss,0.02828327174146458,25.355364862147738,-25.355364862147738,-1.0
exness_native-S05,64,BTC_V2_SETUP_B,2025-03-08 08:00:00+00:00,2025-03-08 08:00:00+00:00,2025-03-08 14:30:00+00:00,SHORT,86113.13799981077,86578.2980007569,84717.6579969724,86578.2980007569,Stop loss,0.054372638228886924,25.291976449992372,-25.291976449992372,-1.0
exness_native-S05,65,BTC_V2_SETUP_A,2025-03-08 17:15:00+00:00,2025-03-08 17:15:00+00:00,2025-03-08 19:15:00+00:00,SHORT,85665.78689239698,86248.41966140452,83917.88858537436,86248.41966140452,Stop loss,0.0433012831596172,25.22874650886739,-25.22874650886739,-1.0
exness_native-S05,66,BTC_V2_SETUP_B,2025-03-09 13:45:00+00:00,2025-03-09 13:45:00+00:00,2025-03-09 15:45:00+00:00,SHORT,84207.44122314236,84621.62510743052,82964.8895702779,82964.8895702779,Take profit,0.060759666412049496,25.16567464259522,75.49702392778566,3.0
exness_native-S05,67,BTC_V2_SETUP_A,2025-03-09 18:45:00+00:00,2025-03-09 18:45:00+00:00,2025-03-09 20:30:00+00:00,SHORT,82617.43154470027,83529.49768294957,79881.23312995238,83529.49768294957,Stop loss,0.02779888008021243,25.354417202414687,-25.354417202414687,-1.0
exness_native-S05,68,BTC_V2_SETUP_B,2025-03-10 17:00:00+00:00,2025-03-10 17:00:00+00:00,2025-03-11 03:00:00+00:00,SHORT,78939.87649910657,80005.16400357372,75744.01398570511,80005.16400357372,Stop loss,0.023741038032788153,25.291031159408654,-25.291031159408654,-1.0
exness_native-S05,69,BTC_V2_SETUP_A,2025-03-12 16:30:00+00:00,2025-03-12 16:30:00+00:00,2025-03-12 17:00:00+00:00,SHORT,81676.30104483967,82502.5984327405,79197.40888113716,82502.5984327405,Stop loss,0.030531142843861627,25.227803581510134,-25.227803581510134,-1.0
exness_native-S05,70,BTC_V2_SETUP_B,2025-03-13 19:45:00+00:00,2025-03-13 19:45:00+00:00,2025-03-13 21:45:00+00:00,SHORT,80314.08463392031,80887.02146431878,78595.27414272491,80887.02146431878,Stop loss,0.04392235363025059,25.164734072556357,-25.164734072556357,-1.0
exness_native-S05,71,BTC_V2_SETUP_A,2025-03-16 19:15:00+00:00,2025-03-16 19:15:00+00:00,2025-03-17 04:00:00+00:00,SHORT,82854.07241652231,83875.01637521652,79791.24054043966,83875.01637521652,Stop loss,0.02458687572771388,25.101822237374968,-25.101822237374968,-1.0
exness_native-S05,72,BTC_V2_SETUP_A,2025-03-18 10:00:00+00:00,2025-03-18 10:15:00+00:00,2025-03-18 14:15:00+00:00,SHORT,82742.49636662874,83274.5154500569,81146.43911634423,81146.43911634423,Take profit,0.04706422844917042,25.039067681781532,75.1172030453446,3.0
exness_native-S05,73,BTC_V2_SETUP_A,2025-03-18 16:45:00+00:00,2025-03-18 16:45:00+00:00,2025-03-18 19:45:00+00:00,SHORT,81628.63431628981,82291.6535255653,79639.57668846335,82291.6535255653,Stop loss,0.03804846124588376,25.226860689394893,-25.226860689394893,-1.0
exness_native-S05,74,BTC_V2_SETUP_B,2025-03-23 13:30:00+00:00,2025-03-23 13:30:00+00:00,2025-03-23 23:45:00+00:00,LONG,85016.8959672174,84625.60613113044,86190.76547547827,86190.76547547827,Take profit,0.06430985734083601,25.16379353767141,75.49138061301423,3.0
exness_native-S05,75,BTC_V2_SETUP_B,2025-03-24 08:30:00+00:00,2025-03-24 08:30:00+00:00,2025-03-25 01:30:00+00:00,LONG,87449.22332746396,86807.44669014419,89374.55323942326,86807.44669014419,Stop loss,0.03950365363108723,25.352521989203943,-25.352521989203943,-1.0
exness_native-S05,76,BTC_V2_SETUP_A,2025-03-25 13:15:00+00:00,2025-03-25 13:15:00+00:00,2025-03-26 13:45:00+00:00,LONG,87454.50531139346,86985.25703290981,88862.2501468444,86985.25703290981,Stop loss,0.05389287898072122,25.289140684230933,-25.289140684230933,-1.0
exness_native-S05,77,BTC_V2_SETUP_A,2025-03-29 09:15:00+00:00,2025-03-29 09:15:00+00:00,2025-03-29 09:30:00+00:00,SHORT,83799.77650735469,84015.61523896795,83152.26031251492,83152.26031251492,Take profit,0.11687391620573669,25.225917832520352,75.67775349756106,3.0
exness_native-S05,78,BTC_V2_SETUP_A,2025-03-29 10:30:00+00:00,2025-03-29 10:30:00+00:00,2025-03-29 11:15:00+00:00,SHORT,83326.77046446654,83645.71930330021,82369.92394796551,82369.92394796551,Take profit,0.07968397787307081,25.415112216264255,76.24533664879276,2.9999999999999996
exness_native-S05,79,BTC_V2_SETUP_A,2025-03-29 16:30:00+00:00,2025-03-29 16:30:00+00:00,2025-03-29 19:45:00+00:00,SHORT,82350.84171223841,82753.32243164239,81143.39955402649,82753.32243164239,Stop loss,0.0636197569806703,25.605725557886238,-25.605725557886238,-1.0
exness_native-S05,80,BTC_V2_SETUP_A,2025-03-30 14:00:00+00:00,2025-03-30 14:00:00+00:00,2025-03-30 15:15:00+00:00,SHORT,82636.60664793996,83052.44502809006,81389.09150748965,83052.44502809006,Stop loss,0.061422207432540975,25.54171124399152,-25.54171124399152,-1.0
exness_native-S05,81,BTC_V2_SETUP_A,2025-03-30 15:30:00+00:00,2025-03-30 15:30:00+00:00,2025-03-30 22:00:00+00:00,SHORT,82757.96351561112,83143.43972658332,81601.5348826945,81601.5348826945,Take profit,0.06609449880609757,25.477856965881543,76.43357089764463,3.0
exness_native-S05,82,BTC_V2_SETUP_A,2025-04-02 20:00:00+00:00,2025-04-02 20:00:00+00:00,2025-04-02 20:00:00+00:00,LONG,87068.05894724175,86176.84157913738,89741.71105155484,86176.84157913738,Stop loss,0.02880211025030175,25.668940893125654,-25.668940893125654,-1.0
exness_native-S05,83,BTC_V2_SETUP_B,2025-04-03 12:30:00+00:00,2025-04-03 12:30:00+00:00,2025-04-03 23:45:00+00:00,SHORT,82412.61946422595,83123.53214309616,80279.88142761531,83123.53214309616,Stop loss,0.036016756068528874,25.60476854089284,-25.60476854089284,-1.0
exness_native-S05,84,BTC_V2_SETUP_A,2025-04-04 13:30:00+00:00,2025-04-04 13:30:00+00:00,2025-04-04 13:45:00+00:00,SHORT,82431.1162794213,83167.64558086803,80221.5283750811,83167.64558086803,Stop loss,0.03467717654867505,25.540756619540613,-25.540756619540613,-1.0
exness_native-S05,85,BTC_V2_SETUP_A,2025-04-04 14:45:00+00:00,2025-04-04 14:45:00+00:00,2025-04-04 15:00:00+00:00,SHORT,82043.40536152195,82985.8519577171,79216.0655729365,82985.8519577171,Stop loss,0.0270327303752247,25.47690472799176,-25.47690472799176,-1.0
exness_native-S05,86,BTC_V2_SETUP_A,2025-04-06 08:00:00+00:00,2025-04-06 08:00:00+00:00,2025-04-06 13:45:00+00:00,SHORT,82940.21664152596,83162.52003771107,82273.3064529706,82273.3064529706,Take profit,0.1143176978052532,25.41321246617178,76.23963739851534,3.0
exness_native-S05,87,BTC_V2_SETUP_B,2025-04-06 14:00:00+00:00,2025-04-06 14:00:00+00:00,2025-04-06 14:45:00+00:00,SHORT,82151.77054435638,82641.2378225745,80683.36870970199,82641.2378225745,Stop loss,0.05230954692799261,25.60381155966807,-25.60381155966807,-1.0
exness_native-S05,88,BTC_V2_SETUP_A,2025-04-06 16:00:00+00:00,2025-04-06 16:00:00+00:00,2025-04-06 17:30:00+00:00,SHORT,82417.74638952548,82748.5204157118,81425.42431096651,81425.42431096651,Take profit,0.07721223557130986,25.5398020307689,76.6194060923067,3.0
exness_native-S05,89,BTC_V2_SETUP_A,2025-04-07 09:15:00+00:00,2025-04-07 09:15:00+00:00,2025-04-07 09:30:00+00:00,SHORT,75853.9302136403,76632.64467953955,73517.78681594256,76632.64467953955,Stop loss,0.03304337041727548,25.731350545999668,-25.731350545999668,-1.0
exness_native-S05,90,BTC_V2_SETUP_B,2025-04-07 11:45:00+00:00,2025-04-07 11:45:00+00:00,2025-04-07 12:15:00+00:00,SHORT,76433.48348023558,77272.08607905771,73917.67568376916,77272.08607905771,Stop loss,0.030606895573285123,25.66702216963467,-25.66702216963467,-1.0
exness_native-S05,91,BTC_V2_SETUP_A,2025-04-08 19:00:00+00:00,2025-04-08 19:00:00+00:00,2025-04-09 01:15:00+00:00,SHORT,77041.79875884618,77790.33686173073,74796.18445019255,74796.18445019255,Take profit,0.034203809419384515,25.60285461421058,76.80856384263176,3.0000000000000004
exness_native-S05,92,BTC_V2_SETUP_A,2025-04-09 12:30:00+00:00,2025-04-09 12:30:00+00:00,2025-04-09 12:45:00+00:00,SHORT,76009.29406535842,76638.56890196237,74121.46955554659,76638.56890196237,Stop loss,0.040991430966835274,25.79487602381716,-25.794876023817157,-0.9999999999999999
exness_native-S05,93,BTC_V2_SETUP_A,2025-04-12 08:45:00+00:00,2025-04-12 09:00:00+00:00,2025-04-12 10:15:00+00:00,LONG,83747.5918110935,83370.65728335975,84878.39539429477,83370.65728335975,Stop loss,0.06826222311990483,25.730388833757615,-25.730388833757615,-1.0
exness_native-S05,94,BTC_V2_SETUP_A,2025-04-12 12:15:00+00:00,2025-04-12 12:15:00+00:00,2025-04-12 14:00:00+00:00,LONG,83711.80897404015,83373.32153893977,84727.2712793413,84727.2712793413,Take profit,0.07582574772402317,25.666062861673222,76.99818858501966,3.0
exness_native-S05,95,BTC_V2_SETUP_A,2025-04-12 17:30:00+00:00,2025-04-12 17:30:00+00:00,2025-04-13 01:30:00+00:00,LONG,84731.53978761147,84313.24031858279,85986.43819469753,85986.43819469753,Take profit,0.061818291075484005,25.858558333135772,77.57567499940731,3.0
exness_native-S06,1,BTC_V2_SETUP_B,2025-04-23 08:00:00+00:00,2025-04-23 08:00:00+00:00,2025-04-23 10:00:00+00:00,LONG,94281.08188912054,93439.56244351788,96805.64022592854,93439.56244351788,Stop loss,0.02970816673415777,25.0,-25.0,-1.0
exness_native-S06,2,BTC_V2_SETUP_A,2025-04-23 13:15:00+00:00,2025-04-23 13:15:00+00:00,2025-04-23 13:30:00+00:00,LONG,94028.11492539839,93537.04761190241,95501.31686588633,93537.04761190241,Stop loss,0.050782243726356584,24.9375,-24.9375,-1.0
exness_native-S06,3,BTC_V2_SETUP_A,2025-04-24 15:45:00+00:00,2025-04-24 16:00:00+00:00,2025-04-24 17:15:00+00:00,LONG,93413.33205948038,92948.13691077943,94808.91750558323,92948.13691077943,Stop loss,0.05347251861818308,24.87515625,-24.87515625,-1.0
exness_native-S06,4,BTC_V2_SETUP_A,2025-04-24 18:45:00+00:00,2025-04-24 18:45:00+00:00,2025-04-24 21:15:00+00:00,LONG,93370.14693279425,93054.05960080863,94318.4089287511,93054.05960080863,Stop loss,0.07850035685866706,24.812968359375,-24.812968359375,-1.0
exness_native-S06,5,BTC_V2_SETUP_A,2025-04-25 10:00:00+00:00,2025-04-25 10:15:00+00:00,2025-04-25 10:30:00+00:00,LONG,93894.59037426212,93577.59943860685,94845.56318122792,93577.59943860685,Stop loss,0.07808089492310788,24.750935938476562,-24.750935938476562,-1.0
exness_native-S06,6,BTC_V2_SETUP_A,2025-04-25 11:15:00+00:00,2025-04-25 11:15:00+00:00,2025-04-25 14:45:00+00:00,LONG,94042.23612114911,93547.75081827633,95525.69202976745,95525.69202976745,Take profit,0.04992880163514638,24.68905859863037,74.06717579589112,3.0
exness_native-S06,7,BTC_V2_SETUP_A,2025-04-25 16:45:00+00:00,2025-04-25 17:00:00+00:00,2025-04-25 17:30:00+00:00,LONG,95497.0833316601,94897.50000250983,97295.83331911094,94897.50000250983,Stop loss,0.04148585414036031,24.8742265381201,-24.8742265381201,-1.0
exness_native-S06,8,BTC_V2_SETUP_A,2025-04-27 19:30:00+00:00,2025-04-27 19:30:00+00:00,2025-04-27 22:00:00+00:00,LONG,94356.96605524297,94104.11591713552,95115.51646956531,94104.11591713552,Stop loss,0.09812943412841331,24.8120409717748,-24.8120409717748,-1.0
exness_native-S06,9,BTC_V2_SETUP_B,2025-04-28 07:45:00+00:00,2025-04-28 07:45:00+00:00,2025-04-28 10:15:00+00:00,LONG,94780.19175057093,94445.79299771633,95783.38800913472,94445.79299771633,Stop loss,0.07401346643211623,24.750010869345363,-24.750010869345363,-1.0
exness_native-S06,10,BTC_V2_SETUP_A,2025-04-29 08:15:00+00:00,2025-04-29 08:15:00+00:00,2025-04-29 08:30:00+00:00,LONG,95062.95998888956,94815.39001666564,95805.66990556133,94815.39001666564,Stop loss,0.09972185083836439,24.688135842172002,-24.688135842172002,-1.0
exness_native-S06,11,BTC_V2_SETUP_A,2025-04-29 10:00:00+00:00,2025-04-29 10:00:00+00:00,2025-04-29 10:45:00+00:00,LONG,95033.08559638787,94734.3766054182,95929.21256929687,94734.3766054182,Stop loss,0.08244283314882674,24.62641550256657,-24.62641550256657,-1.0
exness_native-S06,12,BTC_V2_SETUP_A,2025-04-29 11:15:00+00:00,2025-04-29 11:15:00+00:00,2025-04-29 13:00:00+00:00,LONG,95229.7339652891,94716.47905206635,96769.49870495732,94716.47905206635,Stop loss,0.047860914393525654,24.56484946381015,-24.56484946381015,-1.0
exness_native-S06,13,BTC_V2_SETUP_B,2025-04-30 11:30:00+00:00,2025-04-30 11:30:00+00:00,2025-04-30 12:15:00+00:00,LONG,95119.1155848511,94872.29766059562,95859.56935761753,94872.29766059562,Stop loss,0.09927738195702362,24.503437340150626,-24.503437340150626,-1.0
exness_native-S06,14,BTC_V2_SETUP_A,2025-05-01 07:15:00+00:00,2025-05-01 07:30:00+00:00,2025-05-01 10:15:00+00:00,LONG,95018.17502806504,94715.08745790242,95927.43773855291,95927.43773855291,Take profit,0.0806439496469151,24.442178746800252,73.32653624040076,3.0
exness_native-S06,15,BTC_V2_SETUP_B,2025-05-01 12:45:00+00:00,2025-05-01 13:00:00+00:00,2025-05-01 13:30:00+00:00,LONG,96468.38678257022,96019.03286971917,97816.44852112336,96019.03286971917,Stop loss,0.054802004351443695,24.62549508740125,-24.62549508740125,-1.0
exness_native-S06,16,BTC_V2_SETUP_A,2025-05-01 14:15:00+00:00,2025-05-01 14:15:00+00:00,2025-05-04 01:30:00+00:00,LONG,96286.12346270363,95681.34980594456,98100.44443298086,95681.34980594456,Stop loss,0.040616734996888726,24.563931349682747,-24.563931349682747,-1.0
exness_native-S06,17,BTC_V2_SETUP_A,2025-05-06 10:15:00+00:00,2025-05-06 10:30:00+00:00,2025-05-06 13:45:00+00:00,SHORT,94069.88995067183,94244.32507399227,93546.58458071052,93546.58458071052,Take profit,0.1041885837611041,24.50252152130854,54.52244537084934,2.2251769199930735
exness_native-S06,18,BTC_V2_SETUP_A,2025-05-07 07:15:00+00:00,2025-05-07 07:15:00+00:00,2025-05-07 16:30:00+00:00,LONG,96718.24109981865,96457.93835027202,97499.14934845857,96457.93835027202,Stop loss,0.09465450394837722,24.638827634735662,-24.638827634735662,-1.0
exness_native-S06,19,BTC_V2_SETUP_B,2025-05-08 07:15:00+00:00,2025-05-08 07:15:00+00:00,2025-05-08 15:15:00+00:00,LONG,99104.50960556153,98698.70157775389,100321.93368898444,100321.93368898444,Take profit,0.0605636874618434,24.577230565648826,73.73169169694648,3.0000000000000004
exness_native-S06,20,BTC_V2_SETUP_B,2025-05-09 07:15:00+00:00,2025-05-09 07:15:00+00:00,2025-05-09 08:30:00+00:00,LONG,103530.74999633245,102950.8800146702,105270.35994131921,102950.8800146702,Stop loss,0.042701916943363345,24.76155979489119,-24.76155979489119,-1.0
exness_native-S06,21,BTC_V2_SETUP_A,2025-05-09 10:45:00+00:00,2025-05-09 10:45:00+00:00,2025-05-09 11:15:00+00:00,LONG,103338.58961649764,102788.62057525353,104988.49674022998,102788.62057525353,Stop loss,0.04491099324341902,24.69965589540396,-24.699655895403964,-1.0000000000000002
exness_native-S06,22,BTC_V2_SETUP_A,2025-05-11 10:30:00+00:00,2025-05-11 10:45:00+00:00,2025-05-11 13:30:00+00:00,LONG,104537.81218123515,104085.72172814727,105894.08354049877,104085.72172814727,Stop loss,0.054497737316466635,24.637906755665455,-24.637906755665455,-1.0
exness_native-S06,23,BTC_V2_SETUP_A,2025-05-11 15:15:00+00:00,2025-05-11 15:15:00+00:00,2025-05-11 15:45:00+00:00,LONG,104574.73042746336,103929.31435880493,106510.97863343867,103929.31435880493,Stop loss,0.0380782462386793,24.576311988776286,-24.57631198877629,-1.0000000000000002
exness_native-S06,24,BTC_V2_SETUP_A,2025-05-13 16:00:00+00:00,2025-05-13 16:00:00+00:00,2025-05-14 07:15:00+00:00,LONG,103817.37487323789,103315.97269014319,105321.581422522,103315.97269014319,Stop loss,0.04889262958030262,24.514871208804347,-24.514871208804347,-1.0
exness_native-S06,25,BTC_V2_SETUP_A,2025-05-14 12:15:00+00:00,2025-05-14 12:15:00+00:00,2025-05-14 13:30:00+00:00,LONG,104165.34682940957,103816.89975588564,105210.68804998136,103816.89975588564,Stop loss,0.07017876139259051,24.453584030782334,-24.453584030782334,-1.0
exness_native-S06,26,BTC_V2_SETUP_B,2025-05-15 16:45:00+00:00,2025-05-15 16:45:00+00:00,2025-05-15 18:45:00+00:00,LONG,103647.1925514879,102950.73979404845,105736.55082380623,102950.73979404845,Stop loss,0.035023840181760274,24.39245007070538,-24.39245007070538,-1.0
exness_native-S06,27,BTC_V2_SETUP_A,2025-05-16 17:00:00+00:00,2025-05-16 17:15:00+00:00,2025-05-16 17:45:00+00:00,LONG,104297.14792232159,103790.66811651761,105816.58733973351,103790.66811651761,Stop loss,0.0480403535673163,24.331468945528616,-24.331468945528616,-1.0
exness_native-S06,28,BTC_V2_SETUP_A,2025-05-18 07:15:00+00:00,2025-05-18 07:15:00+00:00,2025-05-18 13:30:00+00:00,LONG,103586.43196006406,103398.06705990391,104151.52666054449,104151.52666054449,Take profit,0.0937213100747477,24.270640273164794,52.961415645323335,2.18211860293941
exness_native-S06,29,BTC_V2_SETUP_A,2025-05-19 19:45:00+00:00,2025-05-19 20:00:00+00:00,2025-05-20 12:30:00+00:00,LONG,105549.28615798063,104752.69076302904,107939.07234283542,104752.69076302904,Stop loss,0.03063417635468617,24.403043812278103,-24.403043812278103,-1.0
exness_native-S06,30,BTC_V2_SETUP_A,2025-05-20 19:15:00+00:00,2025-05-20 19:15:00+00:00,2025-05-21 14:45:00+00:00,LONG,105912.44170681032,105042.4274397845,108522.48450788778,108522.48450788778,Take profit,0.02797889313466277,24.34203620274741,73.02610860824223,3.0
exness_native-S06,31,BTC_V2_SETUP_A,2025-05-21 19:45:00+00:00,2025-05-21 19:45:00+00:00,2025-05-23 23:30:00+00:00,LONG,108582.38764589425,106993.76853115861,113348.24499010119,106993.76853115861,Stop loss,0.015437684997482269,24.524601474268014,-24.524601474268014,-1.0
exness_native-S06,32,BTC_V2_SETUP_A,2025-05-26 09:15:00+00:00,2025-05-26 09:15:00+00:00,2025-05-26 13:45:00+00:00,LONG,109847.40364953339,109461.28952569992,111005.74602103379,109461.28952569992,Stop loss,0.06335766671185913,24.463289970582345,-24.463289970582345,-1.0
exness_native-S06,33,BTC_V2_SETUP_A,2025-05-27 15:45:00+00:00,2025-05-27 15:45:00+00:00,2025-05-27 21:00:00+00:00,LONG,110125.33992145446,109436.61011781832,112191.5293323629,109436.61011781832,Stop loss,0.03543063131118319,24.40213174565589,-24.40213174565589,-1.0
exness_native-S06,34,BTC_V2_SETUP_B,2025-05-29 11:00:00+00:00,2025-05-29 11:00:00+00:00,2025-05-29 12:30:00+00:00,LONG,108878.46448108803,108344.5920756479,110480.0816974084,108344.5920756479,Stop loss,0.045593527907150246,24.34112641629175,-24.34112641629175,-1.0
exness_native-S06,35,BTC_V2_SETUP_A,2025-05-30 07:15:00+00:00,2025-05-30 07:30:00+00:00,2025-05-30 10:45:00+00:00,SHORT,105353.77645069372,105936.27032395943,103606.29483089662,105936.27032395943,Stop loss,0.041683311558498824,24.28027360025102,-24.28027360025102,-1.0
exness_native-S06,36,BTC_V2_SETUP_A,2025-05-30 16:15:00+00:00,2025-05-30 16:15:00+00:00,2025-05-30 16:45:00+00:00,SHORT,105180.2698547698,105673.10521784532,103701.7637655432,103701.7637655432,Take profit,0.049143334125028276,24.219572916250396,72.65871874875118,3.0
exness_native-S06,37,BTC_V2_SETUP_A,2025-05-30 19:45:00+00:00,2025-05-30 20:00:00+00:00,2025-05-31 21:00:00+00:00,SHORT,104441.68165141912,104913.1125228713,103027.38903706254,104913.1125228713,Stop loss,0.051759910499617964,24.401219713122273,-24.401219713122273,-1.0
exness_native-S06,38,BTC_V2_SETUP_A,2025-06-01 09:15:00+00:00,2025-06-01 09:15:00+00:00,2025-06-01 14:00:00+00:00,SHORT,104088.19152225467,104507.117716618,102831.41293916467,104507.117716618,Stop loss,0.05810144362261903,24.34021666383947,-24.34021666383947,-1.0
exness_native-S06,39,BTC_V2_SETUP_A,2025-06-02 10:30:00+00:00,2025-06-02 10:30:00+00:00,2025-06-02 18:15:00+00:00,SHORT,104274.11295181137,104760.61557228293,102814.60509039671,104760.61557228293,Stop loss,0.04990593082242091,24.279366122179873,-24.279366122179873,-1.0
exness_native-S06,40,BTC_V2_SETUP_A,2025-06-03 08:30:00+00:00,2025-06-03 08:30:00+00:00,2025-06-03 09:00:00+00:00,SHORT,104854.07080919882,105080.48878620176,104174.81687818999,105080.48878620176,Stop loss,0.0923899950472871,24.21866770687442,-20.918755773918768,-0.8637451088187242
exness_native-S06,41,BTC_V2_SETUP_A,2025-06-04 11:45:00+00:00,2025-06-04 11:45:00+00:00,2025-06-04 15:30:00+00:00,SHORT,105114.35900316993,105511.0414952451,103924.31152694442,105511.0414952451,Stop loss,0.06092119339832198,24.166370817439624,-24.166370817439624,-1.0
exness_native-S06,42,BTC_V2_SETUP_A,2025-06-05 16:00:00+00:00,2025-06-05 16:00:00+00:00,2025-06-05 17:00:00+00:00,SHORT,104471.41442724846,104905.1133591273,103170.31763161194,103170.31763161194,Take profit,0.055582232554656975,24.105954890396024,72.31786467118808,3.0
exness_native-S06,43,BTC_V2_SETUP_B,2025-06-08 13:45:00+00:00,2025-06-08 13:45:00+00:00,2025-06-08 13:45:00+00:00,LONG,105986.24487738346,105665.29049046617,106949.10803813534,105665.29049046617,Stop loss,0.0756704084506953,24.286749552073992,-24.286749552073992,-1.0
exness_native-S06,44,BTC_V2_SETUP_A,2025-06-08 14:15:00+00:00,2025-06-08 14:15:00+00:00,2025-06-09 01:45:00+00:00,LONG,105855.84287301642,105570.24569047536,106712.63442063957,105570.24569047536,Stop loss,0.08482588120319254,24.22603267819381,-24.22603267819381,-1.0
exness_native-S06,45,BTC_V2_SETUP_A,2025-06-09 14:15:00+00:00,2025-06-09 14:15:00+00:00,2025-06-09 21:00:00+00:00,LONG,107606.89121567404,106981.42817648893,109483.28033322937,109483.28033322937,Take profit,0.03863612409133324,24.165467596498324,72.49640278949497,2.9999999999999996
exness_native-S06,46,BTC_V2_SETUP_B,2025-06-11 14:30:00+00:00,2025-06-11 14:30:00+00:00,2025-06-11 16:00:00+00:00,LONG,110335.50993472552,109535.4602610979,112735.65895560835,109535.4602610979,Stop loss,0.030431496200827676,24.346708603472063,-24.346708603472063,-1.0
exness_native-S06,47,BTC_V2_SETUP_A,2025-06-14 11:45:00+00:00,2025-06-14 12:00:00+00:00,2025-06-14 21:15:00+00:00,SHORT,104931.76617995222,105156.28073007168,104258.22252959383,105156.28073007168,Stop loss,0.09257765390249696,24.28584183196338,-20.78503031703453,-0.8558496946841958
exness_native-S06,48,BTC_V2_SETUP_B,2025-06-15 11:45:00+00:00,2025-06-15 11:45:00+00:00,2025-06-15 12:00:00+00:00,SHORT,104935.58124632,105186.15501471997,104183.85994112007,105186.15501471997,Stop loss,0.09237621393371052,24.233879256170795,-23.147056035892213,-0.9551527343686901
exness_native-S06,49,BTC_V2_SETUP_A,2025-06-18 09:45:00+00:00,2025-06-18 09:45:00+00:00,2025-06-18 14:00:00+00:00,SHORT,104566.15960980966,104929.3705852855,103476.52668338214,104929.3705852855,Stop loss,0.06656189721251707,24.176011616081063,-24.176011616081063,-1.0
exness_native-S06,50,BTC_V2_SETUP_A,2025-06-18 15:15:00+00:00,2025-06-18 15:15:00+00:00,2025-06-18 15:30:00+00:00,SHORT,104270.27878013426,104956.1318297986,102212.71963114126,104956.1318297986,Stop loss,0.035161426487559225,24.11557158704086,-24.11557158704086,-1.0
exness_native-S06,51,BTC_V2_SETUP_A,2025-06-18 17:30:00+00:00,2025-06-18 17:30:00+00:00,2025-06-18 17:45:00+00:00,SHORT,103981.65582217799,104427.27126673302,102644.80948851288,104427.27126673302,Stop loss,0.053982156480445714,24.05528265807326,-24.05528265807326,-1.0
exness_native-S06,52,BTC_V2_SETUP_A,2025-06-19 19:30:00+00:00,2025-06-19 19:30:00+00:00,2025-06-19 20:15:00+00:00,SHORT,104173.25569607556,104478.03145588667,103258.92841664224,104478.03145588667,Stop loss,0.07873048849521308,23.99514445142808,-23.99514445142808,-1.0
exness_native-S06,53,BTC_V2_SETUP_A,2025-06-21 15:30:00+00:00,2025-06-21 15:30:00+00:00,2025-06-21 19:30:00+00:00,SHORT,103296.00281481745,103601.37577777382,102379.88392594832,102379.88392594832,Take profit,0.07838007778612292,23.935156590299506,71.80546977089851,2.9999999999999996
exness_native-S06,54,BTC_V2_SETUP_B,2025-06-22 19:15:00+00:00,2025-06-22 19:30:00+00:00,2025-06-22 22:00:00+00:00,SHORT,99048.6590419058,99878.20383237676,96560.02467049293,99878.20383237676,Stop loss,0.029069762768368555,24.11467026472675,-24.11467026472675,-1.0
exness_native-S06,55,BTC_V2_SETUP_B,2025-06-25 13:15:00+00:00,2025-06-25 13:15:00+00:00,2025-06-25 15:30:00+00:00,LONG,107518.11749977047,107050.09000091809,108922.19999632759,107050.09000091809,Stop loss,0.05139523563903281,24.054383589064933,-24.054383589064933,-1.0
exness_native-S06,56,BTC_V2_SETUP_B,2025-06-26 07:15:00+00:00,2025-06-26 07:15:00+00:00,2025-06-26 09:00:00+00:00,LONG,107932.74548578533,107668.04805685871,108726.8377725652,107668.04805685871,Stop loss,0.08892295854088987,23.994247630092268,-23.537678498322133,-0.9809717254398287
exness_native-S06,57,BTC_V2_SETUP_A,2025-06-28 17:15:00+00:00,2025-06-28 17:30:00+00:00,2025-06-28 19:30:00+00:00,LONG,107447.11596223625,107298.31605664562,107893.51567900812,107298.31605664562,Stop loss,0.08910580137770803,23.935403433846464,-13.258934832580001,-0.553946578307131
exness_native-S06,58,BTC_V2_SETUP_A,2025-06-29 08:00:00+00:00,2025-06-29 08:00:00+00:00,2025-06-29 09:30:00+00:00,LONG,107475.39009328531,107329.77986007203,107912.22079292517,107912.22079292517,Take profit,0.08895899266248243,23.902256096765015,38.86001900400942,1.6257887475847448
exness_native-S06,59,BTC_V2_SETUP_A,2025-07-02 13:15:00+00:00,2025-07-02 13:30:00+00:00,2025-07-02 16:00:00+00:00,LONG,107782.78381349662,107277.68427975505,109298.08241472131,109298.08241472131,Take profit,0.04751421163764985,23.999406144275035,71.9982184328251,2.9999999999999996
exness_native-S06,60,BTC_V2_SETUP_B,2025-07-02 19:00:00+00:00,2025-07-02 19:00:00+00:00,2025-07-02 20:45:00+00:00,LONG,109623.89167187788,109249.80331248848,110746.15675004607,109249.80331248848,Stop loss,0.06463553618675498,24.1794016903571,-24.179401690357103,-1.0000000000000002
exness_native-S06,61,BTC_V2_SETUP_B,2025-07-03 09:15:00+00:00,2025-07-03 09:15:00+00:00,2025-07-03 12:30:00+00:00,LONG,109738.18510979514,109367.11956081937,110851.38175672248,109367.11956081937,Stop loss,0.06499917131273661,24.118953186131208,-24.118953186131208,-1.0
exness_native-S06,62,BTC_V2_SETUP_A,2025-07-08 09:30:00+00:00,2025-07-08 09:30:00+00:00,2025-07-08 13:30:00+00:00,LONG,108463.74182064418,108263.30226903375,109065.06047547546,109065.06047547546,Take profit,0.08872515515073899,24.05865580316588,53.352090944939036,2.217584032185141
exness_native-S06,63,BTC_V2_SETUP_A,2025-07-08 17:15:00+00:00,2025-07-08 17:15:00+00:00,2025-07-09 03:45:00+00:00,LONG,108981.05941292956,108373.54088060564,110803.61500990135,108373.54088060564,Stop loss,0.03982106675493002,24.19203603052823,-24.19203603052823,-1.0
exness_native-S06,64,BTC_V2_SETUP_A,2025-07-09 10:45:00+00:00,2025-07-09 10:45:00+00:00,2025-07-09 12:00:00+00:00,LONG,108926.35409645969,108762.82385531046,109416.94481990738,109416.94481990738,Take profit,0.08861604206116076,24.131555940451907,43.47420818385586,1.8015501483258989
exness_native-S06,65,BTC_V2_SETUP_A,2025-07-09 14:15:00+00:00,2025-07-09 14:15:00+00:00,2025-07-09 14:15:00+00:00,LONG,109405.21773724635,109061.86839413046,110435.265766594,109061.86839413046,Stop loss,0.07059935295326918,24.240241460911548,-24.240241460911548,-1.0
exness_native-S06,66,BTC_V2_SETUP_A,2025-07-09 16:45:00+00:00,2025-07-09 16:45:00+00:00,2025-07-09 17:15:00+00:00,LONG,109422.06525980339,109139.16211029491,110270.77470832883,109139.16211029491,Stop loss,0.085469677164321,24.17964085725927,-24.17964085725927,-1.0
exness_native-S06,67,BTC_V2_SETUP_A,2025-07-10 08:30:00+00:00,2025-07-10 08:30:00+00:00,2025-07-10 09:30:00+00:00,LONG,111310.52316202641,111046.1952569604,112103.50687722443,111046.1952569604,Stop loss,0.08667353658919603,24.11919175511612,-22.910234351283986,-0.9498757082697147
exness_native-S06,68,BTC_V2_SETUP_B,2025-07-10 14:15:00+00:00,2025-07-10 14:15:00+00:00,2025-07-10 17:00:00+00:00,LONG,111150.03569557046,110545.27721771813,112964.31112912745,112964.31112912745,Take profit,0.0397876458957444,24.06191616923791,72.18574850771373,2.9999999999999996
exness_native-S06,69,BTC_V2_SETUP_B,2025-07-11 09:30:00+00:00,2025-07-11 09:30:00+00:00,2025-07-11 11:00:00+00:00,LONG,118240.0115272542,117782.13389098321,119613.64443606717,117782.13389098321,Stop loss,0.05294510720798685,24.2423805405072,-24.2423805405072,-1.0
exness_native-S06,70,BTC_V2_SETUP_A,2025-07-13 12:00:00+00:00,2025-07-13 12:00:00+00:00,2025-07-13 14:15:00+00:00,LONG,118077.18069685472,117863.5539547179,118718.06092326515,118718.06092326515,Take profit,0.08191853649093798,24.18177458915593,52.49997021352346,2.1710553135776287
exness_native-S06,71,BTC_V2_SETUP_A,2025-07-13 17:45:00+00:00,2025-07-13 17:45:00+00:00,2025-07-13 18:00:00+00:00,LONG,118784.36208919802,118514.87686620298,119592.81775818317,118514.87686620298,Stop loss,0.0818728125051764,24.313024514689737,-22.06351313518925,-0.9074771064315199
exness_native-S06,72,BTC_V2_SETUP_A,2025-07-13 18:15:00+00:00,2025-07-13 18:15:00+00:00,2025-07-13 21:30:00+00:00,LONG,118825.07344425748,118431.94983361379,120004.44427618853,118431.94983361379,Stop loss,0.06170544092259665,24.257865731851762,-24.257865731851762,-1.0
exness_native-S06,73,BTC_V2_SETUP_A,2025-07-16 12:15:00+00:00,2025-07-16 12:30:00+00:00,2025-07-16 12:30:00+00:00,LONG,118912.84306929007,118577.3853960649,119919.2160889656,118577.3853960649,Stop loss,0.0721319647718415,24.197221067522133,-24.197221067522133,-1.0
exness_native-S06,74,BTC_V2_SETUP_A,2025-07-16 13:30:00+00:00,2025-07-16 13:30:00+00:00,2025-07-16 13:30:00+00:00,LONG,118860.3639709792,118572.2540435312,119724.69375332323,118572.2540435312,Stop loss,0.08122717181228394,24.13672801485333,-23.402354577643965,-0.9695744412101988
exness_native-S06,75,BTC_V2_SETUP_A,2025-07-16 15:00:00+00:00,2025-07-16 15:00:00+00:00,2025-07-16 15:30:00+00:00,LONG,119309.90230390322,118456.81654414519,121869.15958317732,118456.81654414519,Stop loss,0.02822485530087704,24.07822212840922,-24.07822212840922,-1.0
exness_native-S06,76,BTC_V2_SETUP_B,2025-07-20 14:00:00+00:00,2025-07-20 14:00:00+00:00,2025-07-20 17:45:00+00:00,LONG,118421.65974333913,118030.11102664351,119596.30589342598,118030.11102664351,Stop loss,0.06134109383829108,24.018026573088196,-24.018026573088196,-1.0
exness_native-S06,77,BTC_V2_SETUP_A,2025-07-22 16:15:00+00:00,2025-07-22 16:15:00+00:00,2025-07-22 17:00:00+00:00,LONG,119388.63377653393,118629.59433519912,121665.75210053836,118629.59433519912,Stop loss,0.03156355283004015,23.957981506655475,-23.957981506655475,-1.0
exness_native-S06,78,BTC_V2_SETUP_A,2025-07-25 07:45:00+00:00,2025-07-25 07:45:00+00:00,2025-07-25 08:15:00+00:00,SHORT,115102.05712323888,115761.67431514167,113123.20554753048,115761.67431514167,Stop loss,0.036230236031219866,23.898086552888834,-23.898086552888834,-1.0
exness_native-S06,79,BTC_V2_SETUP_A,2025-07-25 08:45:00+00:00,2025-07-25 08:45:00+00:00,2025-07-25 09:45:00+00:00,SHORT,115064.01026647298,115901.52460029055,112551.46726502027,115901.52460029055,Stop loss,0.02846320400015885,23.838341336506616,-23.838341336506616,-1.0
exness_native-S06,80,BTC_V2_SETUP_A,2025-07-25 14:15:00+00:00,2025-07-25 14:15:00+00:00,2025-07-25 18:00:00+00:00,SHORT,115523.29231112348,116482.45653331478,112645.79964454961,116482.45653331478,Stop loss,0.02479110973180463,23.77874548316535,-23.77874548316535,-1.0
exness_native-S06,81,BTC_V2_SETUP_A,2025-07-29 13:30:00+00:00,2025-07-29 13:30:00+00:00,2025-07-29 13:30:00+00:00,LONG,119041.72745137505,118759.20382293744,119889.29833668785,118759.20382293744,Stop loss,0.07970078770621353,23.719298619457437,-22.517355732094355,-0.9493263731509707
exness_native-S06,82,BTC_V2_SETUP_A,2025-07-31 10:00:00+00:00,2025-07-31 10:00:00+00:00,2025-07-31 10:15:00+00:00,LONG,118680.26866565245,118494.63700152135,119237.16365804574,118494.63700152135,Stop loss,0.07975379731163541,23.6630052301272,-14.804830115733225,-0.6256529959636763
exness_native-S06,83,BTC_V2_SETUP_A,2025-08-01 11:00:00+00:00,2025-08-01 11:00:00+00:00,2025-08-01 11:30:00+00:00,SHORT,114671.98983623734,115193.100245644,113108.65860801733,115193.100245644,Stop loss,0.045337787786158795,23.62599315483787,-23.62599315483787,-1.0
exness_native-S06,84,BTC_V2_SETUP_B,2025-08-01 13:45:00+00:00,2025-08-01 13:45:00+00:00,2025-08-07 10:30:00+00:00,SHORT,115031.61641580348,116100.75433678603,111824.20265285582,116100.75433678603,Stop loss,0.022042926089734446,23.566928171950778,-23.566928171950778,-1.0
exness_native-S06,85,BTC_V2_SETUP_A,2025-08-09 07:15:00+00:00,2025-08-09 07:15:00+00:00,2025-08-09 09:45:00+00:00,LONG,116767.90598099022,116538.46602851467,117456.2258384169,117456.2258384169,Take profit,0.08052901404380068,23.508010851520897,55.429719465339325,2.3579076858284327
exness_native-S06,86,BTC_V2_SETUP_A,2025-08-10 08:15:00+00:00,2025-08-10 08:15:00+00:00,2025-08-11 01:30:00+00:00,LONG,118084.14723634276,117497.32914548587,119844.60150891343,119844.60150891343,Take profit,0.04029627838442193,23.646585150184247,70.93975545055274,3.0
exness_native-S06,87,BTC_V2_SETUP_A,2025-08-11 08:15:00+00:00,2025-08-11 08:30:00+00:00,2025-08-11 09:30:00+00:00,LONG,121716.74320343648,121066.6201948453,123667.11222921002,121066.6201948453,Stop loss,0.03664527208541223,23.823934538810626,-23.823934538810626,-1.0
exness_native-S06,88,BTC_V2_SETUP_A,2025-08-12 15:00:00+00:00,2025-08-12 15:00:00+00:00,2025-08-13 13:45:00+00:00,LONG,119533.71415165717,118836.71377251424,121624.71528908597,121624.71528908597,Take profit,0.03409521058178686,23.764374702463602,71.29312410739081,3.0
exness_native-S06,89,BTC_V2_SETUP_A,2025-08-13 15:45:00+00:00,2025-08-13 16:00:00+00:00,2025-08-14 12:30:00+00:00,LONG,121463.8912142652,120309.26317860221,124927.77532125416,120309.26317860221,Stop loss,0.020736208348677627,23.942607512732078,-23.942607512732078,-1.0
exness_native-S06,90,BTC_V2_SETUP_A,2025-08-16 12:00:00+00:00,2025-08-16 12:15:00+00:00,2025-08-16 12:15:00+00:00,SHORT,117383.47326726979,117580.39509909533,116792.70777179315,117580.39509909533,Stop loss,0.08138369168740388,23.88275099395025,-16.0262256478089,-0.6710376728321
exness_native-S06,91,BTC_V2_SETUP_B,2025-08-18 09:15:00+00:00,2025-08-18 09:15:00+00:00,2025-08-18 12:45:00+00:00,SHORT,114906.55249786274,115422.03000854905,113360.11996580381,115422.03000854905,Stop loss,0.0462535899928718,23.842685429830727,-23.842685429830727,-1.0
exness_native-S06,92,BTC_V2_SETUP_B,2025-08-19 07:15:00+00:00,2025-08-19 07:15:00+00:00,2025-08-19 08:45:00+00:00,SHORT,114840.8975796799,115193.67968128037,113782.55127487853,115193.67968128037,Stop loss,0.0674157748036533,23.78307871625615,-23.78307871625615,-1.0
exness_native-S06,93,BTC_V2_SETUP_A,2025-08-21 14:45:00+00:00,2025-08-21 15:00:00+00:00,2025-08-22 14:00:00+00:00,SHORT,112817.10613090736,113826.13580363896,109790.01711271255,113826.13580363896,Stop loss,0.023511321481004557,23.723621019465508,-23.723621019465508,-1.0
exness_native-S06,94,BTC_V2_SETUP_B,2025-08-25 10:30:00+00:00,2025-08-25 10:30:00+00:00,2025-08-25 14:00:00+00:00,SHORT,111041.12555270414,111846.98778918346,108623.53884326616,111846.98778918346,Stop loss,0.029365207718756194,23.664311966916845,-23.664311966916845,-1.0
exness_native-S06,95,BTC_V2_SETUP_A,2025-08-26 13:30:00+00:00,2025-08-26 13:30:00+00:00,2025-08-26 14:15:00+00:00,SHORT,109704.88214656165,110316.96678015754,107868.62824577397,110316.96678015754,Stop loss,0.03856517529009564,23.60515118699955,-23.60515118699955,-1.0
exness_native-S06,96,BTC_V2_SETUP_B,2025-08-27 08:30:00+00:00,2025-08-27 08:30:00+00:00,2025-08-27 09:00:00+00:00,SHORT,110550.30072144429,110890.39711422284,109530.01154310865,110890.39711422284,Stop loss,0.06923371964243075,23.546138309032052,-23.546138309032052,-1.0
exness_native-S06,97,BTC_V2_SETUP_A,2025-08-27 09:45:00+00:00,2025-08-27 09:45:00+00:00,2025-08-27 10:15:00+00:00,SHORT,110826.87729553693,111200.9740566946,109704.58701206394,111200.9740566946,Stop loss,0.06278395164549619,23.487272963259475,-23.48727296325948,-1.0000000000000002
exness_native-S06,98,BTC_V2_SETUP_A,2025-08-29 19:45:00+00:00,2025-08-29 19:45:00+00:00,2025-08-30 15:15:00+00:00,SHORT,108307.49460228866,108870.238096567,106619.26411945363,108870.238096567,Stop loss,0.04163274212684742,23.42855478085133,-23.42855478085133,-1.0
exness_native-S06,99,BTC_V2_SETUP_A,2025-08-31 10:00:00+00:00,2025-08-31 10:00:00+00:00,2025-08-31 15:45:00+00:00,SHORT,108413.89078724198,108815.29381913703,107209.68169155682,108815.29381913703,Stop loss,0.05822074458074661,23.369983393899197,-23.369983393899197,-1.0
exness_native-S06,100,BTC_V2_SETUP_A,2025-09-03 17:15:00+00:00,2025-09-03 17:15:00+00:00,2025-09-03 23:30:00+00:00,LONG,112508.72527769297,111756.54708346055,114765.25986039022,111756.54708346055,Stop loss,0.030992068919524406,23.31155843541445,-23.31155843541445,-1.0
exness_native-S06,101,BTC_V2_SETUP_A,2025-09-05 10:30:00+00:00,2025-09-05 10:30:00+00:00,2025-09-05 12:30:00+00:00,LONG,112344.03790062478,112103.80314906283,113064.74215531063,112103.80314906283,"Stop loss (ambiguous bar, SL First)",0.08279310579843986,23.253279539325913,-19.889781202530248,-0.8553538080034121
exness_native-S06,102,BTC_V2_SETUP_A,2025-09-07 13:45:00+00:00,2025-09-07 14:00:00+00:00,2025-09-07 14:15:00+00:00,LONG,111277.98036926377,111068.32444610435,111906.94813874201,111068.32444610435,Stop loss,0.08340753492944836,23.20355508631959,-17.48688373408462,-0.753629505006092
exness_native-S06,103,BTC_V2_SETUP_A,2025-09-07 15:30:00+00:00,2025-09-07 15:30:00+00:00,2025-09-07 17:00:00+00:00,LONG,111363.32596679298,111104.91104981053,112138.57071774034,111104.91104981053,Stop loss,0.08318658831684075,23.159837876984376,-21.496655313949837,-0.928186778686937
exness_native-S06,104,BTC_V2_SETUP_A,2025-09-07 19:45:00+00:00,2025-09-07 20:00:00+00:00,2025-09-07 21:45:00+00:00,LONG,111334.51918423531,111070.18122364704,112127.5330660001,111070.18122364704,Stop loss,0.08301503040746509,23.1060962386995,-21.944023836082174,-0.9497071080024753
exness_native-S06,105,BTC_V2_SETUP_A,2025-09-08 07:30:00+00:00,2025-09-08 07:30:00+00:00,2025-09-09 02:15:00+00:00,LONG,111610.43894483802,111141.41658274295,113017.50603112324,111141.41658274295,Stop loss,0.04914741394449078,23.051236179109296,-23.051236179109296,-1.0
exness_native-S06,106,BTC_V2_SETUP_A,2025-09-09 13:30:00+00:00,2025-09-09 13:30:00+00:00,2025-09-09 14:00:00+00:00,LONG,112909.4022177832,112514.62167332521,114093.74385115715,112514.62167332521,Stop loss,0.05824402547554765,22.99360808866152,-22.99360808866152,-1.0
exness_native-S06,107,BTC_V2_SETUP_A,2025-09-10 07:15:00+00:00,2025-09-10 07:15:00+00:00,2025-09-10 08:00:00+00:00,LONG,111968.66598817786,111687.1760177332,112813.13589951184,112813.13589951184,Take profit,0.0814811413430064,22.936124068439867,68.8083722053196,3.0
exness_native-S06,108,BTC_V2_SETUP_A,2025-09-10 12:00:00+00:00,2025-09-10 12:00:00+00:00,2025-09-10 12:30:00+00:00,LONG,112346.75656860496,112145.18014709254,112951.48583314223,112951.48583314223,Take profit,0.08227436449344078,23.108144998953165,49.75371593038934,2.1530813456745777
exness_native-S06,109,BTC_V2_SETUP_B,2025-09-10 17:15:00+00:00,2025-09-10 17:15:00+00:00,2025-09-10 17:15:00+00:00,LONG,114044.70863348602,113578.57546605596,115443.1081357762,113578.57546605596,Stop loss,0.0498409701606677,23.23252928877914,-23.23252928877914,-1.0
exness_native-S06,110,BTC_V2_SETUP_B,2025-09-12 18:15:00+00:00,2025-09-12 18:15:00+00:00,2025-09-13 01:45:00+00:00,LONG,116141.75591264517,115767.11634941936,117265.67460232259,115767.11634941936,Stop loss,0.06185798362035049,23.174447965557192,-23.174447965557192,-1.0
exness_native-S06,111,BTC_V2_SETUP_A,2025-09-14 09:15:00+00:00,2025-09-14 09:15:00+00:00,2025-09-14 11:30:00+00:00,LONG,116046.01422495175,115908.74866257238,116457.81091208986,115908.74866257238,Stop loss,0.07968050260074466,23.1165118456433,-10.937389000161986,-0.4731418422119479
exness_native-S06,112,BTC_V2_SETUP_B,2025-09-16 08:15:00+00:00,2025-09-16 08:15:00+00:00,2025-09-16 08:30:00+00:00,LONG,115999.15610456992,115741.4555817203,116772.25767311876,115741.4555817203,Stop loss,0.07961840119708688,23.089168373142893,-20.517703616939524,-0.8886289573255279
exness_native-S06,113,BTC_V2_SETUP_A,2025-09-16 16:30:00+00:00,2025-09-16 16:45:00+00:00,2025-09-17 14:30:00+00:00,LONG,115993.74351034053,115536.2997344892,117366.0748378945,115536.2997344892,Stop loss,0.05036219822037373,23.037874114100546,-23.037874114100546,-1.0
exness_native-S06,114,BTC_V2_SETUP_A,2025-09-18 07:45:00+00:00,2025-09-18 08:00:00+00:00,2025-09-18 08:00:00+00:00,LONG,117275.88570113022,117040.16144830467,117983.05845960685,117040.16144830467,Stop loss,0.07838023747653973,22.980279428815294,-18.476122915446084,-0.8039990537399042
exness_native-S06,115,BTC_V2_SETUP_A,2025-09-18 08:15:00+00:00,2025-09-18 08:15:00+00:00,2025-09-18 23:00:00+00:00,LONG,117329.72430352555,116955.67854471169,118451.86157996715,116955.67854471169,Stop loss,0.06131359220393984,22.934089121526675,-22.934089121526675,-1.0
exness_native-S06,116,BTC_V2_SETUP_A,2025-09-20 12:00:00+00:00,2025-09-20 12:00:00+00:00,2025-09-20 18:00:00+00:00,LONG,115988.48768296985,115844.05847554523,116421.7753052437,115844.05847554523,Stop loss,0.07889318795586561,22.87675389872286,-11.394480607667141,-0.4980811813647766
exness_native-S06,117,BTC_V2_SETUP_B,2025-09-22 09:15:00+00:00,2025-09-22 09:15:00+00:00,2025-09-22 11:00:00+00:00,SHORT,112477.8463857334,112937.12445706638,111100.01217173444,112937.12445706638,Stop loss,0.049748222533007216,22.848267697203692,-22.848267697203692,-1.0
exness_native-S06,118,BTC_V2_SETUP_A,2025-09-22 11:30:00+00:00,2025-09-22 11:30:00+00:00,2025-09-22 13:45:00+00:00,SHORT,112799.48807631341,113136.8528855299,111787.39364866397,113136.8528855299,Stop loss,0.06755638526997655,22.791147027960683,-22.791147027960683,-1.0
exness_native-S06,119,BTC_V2_SETUP_A,2025-09-22 17:00:00+00:00,2025-09-22 17:00:00+00:00,2025-09-22 20:45:00+00:00,SHORT,112602.1620871534,112999.6318692699,111409.75274080389,112999.6318692699,Stop loss,0.05719722651451059,22.734169160390778,-22.734169160390778,-1.0
exness_native-S06,120,BTC_V2_SETUP_B,2025-09-23 18:45:00+00:00,2025-09-23 18:45:00+00:00,2025-09-23 22:00:00+00:00,SHORT,111719.42517847975,112233.03928608098,110178.58285567607,112233.03928608098,Stop loss,0.044152474400287633,22.677333737489803,-22.677333737489803,-1.0
exness_native-S06,121,BTC_V2_SETUP_A,2025-09-25 08:45:00+00:00,2025-09-25 08:45:00+00:00,2025-09-25 09:15:00+00:00,SHORT,111717.26201724082,112128.63197413877,110483.15214654697,112128.63197413877,Stop loss,0.054988557194899035,22.620640403146076,-22.620640403146076,-1.0
exness_native-S06,122,BTC_V2_SETUP_A,2025-09-25 09:45:00+00:00,2025-09-25 09:45:00+00:00,2025-09-25 17:00:00+00:00,SHORT,111792.12316978382,112233.21024532427,110468.86194316248,110468.86194316248,Take profit,0.051155633554874215,22.56408880213821,67.69226640641463,3.0
exness_native-S06,123,BTC_V2_SETUP_A,2025-09-26 10:45:00+00:00,2025-09-26 10:45:00+00:00,2025-09-26 12:30:00+00:00,SHORT,108765.05739380333,109294.23890929499,107177.51284732837,109294.23890929499,Stop loss,0.04295939824548303,22.73331946815425,-22.73331946815425,-1.0
exness_native-S06,124,BTC_V2_SETUP_A,2025-09-27 08:45:00+00:00,2025-09-27 08:45:00+00:00,2025-09-27 10:30:00+00:00,SHORT,109328.0416047117,109444.54259293246,108978.53864004945,109444.54259293246,Stop loss,0.08296676986668561,22.676486169483866,-9.66571067895261,-0.42624375781640816
exness_native-S06,125,BTC_V2_SETUP_A,2025-09-27 11:45:00+00:00,2025-09-27 12:00:00+00:00,2025-09-27 12:30:00+00:00,SHORT,109314.14569354824,109434.88645967765,108951.92339516,109434.88645967765,Stop loss,0.08288889511624635,22.652321892786482,-10.008068699956128,-0.441812046788155
exness_native-S06,126,BTC_V2_SETUP_B,2025-10-01 14:00:00+00:00,2025-10-01 14:00:00+00:00,2025-10-01 23:15:00+00:00,LONG,116919.0334740863,116403.19610365479,118466.54558538085,118466.54558538085,Take profit,0.04386518507200835,22.62730172103659,67.88190516310978,3.0
exness_native-S06,127,BTC_V2_SETUP_A,2025-10-02 08:30:00+00:00,2025-10-02 08:45:00+00:00,2025-10-02 15:45:00+00:00,LONG,118760.36409214583,118346.69886178126,120001.35978323953,120001.35978323953,Take profit,0.05510979606348135,22.797006483944365,68.3910194518331,3.0000000000000004
exness_native-S06,128,BTC_V2_SETUP_A,2025-10-02 16:00:00+00:00,2025-10-02 16:00:00+00:00,2025-10-02 17:15:00+00:00,LONG,120088.99609219506,119520.2708617074,121795.17178365804,119520.2708617074,Stop loss,0.04038502742858758,22.96798403257395,-22.96798403257395,-1.0
exness_native-S06,129,BTC_V2_SETUP_A,2025-10-02 18:00:00+00:00,2025-10-02 18:00:00+00:00,2025-10-03 08:15:00+00:00,LONG,120119.36104258616,119507.24843612076,121955.69886198234,119507.24843612076,Stop loss,0.03742867542752978,22.910564072492516,-22.910564072492516,-1.0
exness_native-S06,130,BTC_V2_SETUP_A,2025-10-03 10:00:00+00:00,2025-10-03 10:15:00+00:00,2025-10-03 11:15:00+00:00,LONG,120482.2199647045,120224.10005294323,121256.57969998832,120224.10005294323,Stop loss,0.07587273099385519,22.853287662311285,-19.584262629220515,-0.8569560283231409
exness_native-S06,131,BTC_V2_SETUP_A,2025-10-03 18:30:00+00:00,2025-10-03 18:30:00+00:00,2025-10-04 01:45:00+00:00,LONG,122823.45963610109,121882.26554584836,125647.04190685927,121882.26554584836,Stop loss,0.024229143852374662,22.804327005738237,-22.804327005738237,-1.0
exness_native-S06,132,BTC_V2_SETUP_A,2025-10-06 12:15:00+00:00,2025-10-06 12:15:00+00:00,2025-10-06 18:45:00+00:00,LONG,124643.80587319334,124130.52619020997,126183.64492214345,126183.64492214345,Take profit,0.0443175854068648,22.74731618822389,68.24194856467167,3.0
exness_native-S06,133,BTC_V2_SETUP_B,2025-10-08 10:45:00+00:00,2025-10-08 11:00:00+00:00,2025-10-08 13:00:00+00:00,LONG,123151.22495565837,122478.52017736652,125169.33929053393,122478.52017736652,Stop loss,0.03406831911887006,22.917921059635567,-22.917921059635564,-0.9999999999999999
exness_native-S06,134,BTC_V2_SETUP_B,2025-10-08 16:15:00+00:00,2025-10-08 16:15:00+00:00,2025-10-09 02:30:00+00:00,LONG,122785.80951353603,121886.85194585589,125482.68221657648,121886.85194585589,Stop loss,0.025430150519763342,22.860626256986478,-22.860626256986478,-1.0
exness_native-S06,135,BTC_V2_SETUP_A,2025-10-11 07:15:00+00:00,2025-10-11 07:15:00+00:00,2025-10-11 11:45:00+00:00,SHORT,110921.54219516621,112456.00170725069,106318.16365891279,112456.00170725069,Stop loss,0.014860916506273147,22.803474691344015,-22.803474691344015,-1.0
exness_native-S06,136,BTC_V2_SETUP_A,2025-10-11 19:45:00+00:00,2025-10-11 19:45:00+00:00,2025-10-12 04:45:00+00:00,SHORT,111081.00326768408,111642.36009847389,109396.93277531465,111642.36009847389,Stop loss,0.04052051165497028,22.746466004615655,-22.746466004615655,-1.0
exness_native-S06,137,BTC_V2_SETUP_A,2025-10-13 13:00:00+00:00,2025-10-13 13:00:00+00:00,2025-10-13 13:30:00+00:00,SHORT,114330.14578622689,114970.18132065969,112410.03918292849,114970.18132065969,Stop loss,0.03545053144543252,22.689599839604117,-22.689599839604117,-1.0
exness_native-S06,138,BTC_V2_SETUP_B,2025-10-14 09:45:00+00:00,2025-10-14 09:45:00+00:00,2025-10-14 14:15:00+00:00,SHORT,111470.63571141043,112071.79715435824,109667.15138256701,112071.79715435824,Stop loss,0.03764858193337277,22.632875840005102,-22.632875840005102,-1.0
exness_native-S07,1,BTC_V2_SETUP_B,2025-10-25 07:30:00+00:00,2025-10-25 07:30:00+00:00,2025-10-25 15:45:00+00:00,LONG,111739.70291615873,111346.58833536507,112919.0466585397,111346.58833536507,Stop loss,0.06359469025424527,25.0,-24.999999999999996,-0.9999999999999999
exness_native-S07,2,BTC_V2_SETUP_A,2025-10-25 18:30:00+00:00,2025-10-25 18:30:00+00:00,2025-10-25 21:30:00+00:00,LONG,111652.96025662284,111375.97461506574,112483.91718129413,111375.97461506574,Stop loss,0.08933932407231737,24.9375,-24.745709994448276,-0.9923091727097053
exness_native-S07,3,BTC_V2_SETUP_A,2025-10-26 10:45:00+00:00,2025-10-26 10:45:00+00:00,2025-10-26 12:00:00+00:00,LONG,112503.78297396975,112132.94553904537,113616.2952787429,113616.2952787429,Take profit,0.06707962406785142,24.87563572501388,74.62690717504164,3.0
exness_native-S07,4,BTC_V2_SETUP_A,2025-10-26 16:45:00+00:00,2025-10-26 16:45:00+00:00,2025-10-26 21:15:00+00:00,LONG,113695.92702943423,113225.14945584866,115108.25975019093,113225.14945584866,Stop loss,0.053235762277440306,25.062202992951484,-25.062202992951484,-1.0
exness_native-S07,5,BTC_V2_SETUP_B,2025-10-27 16:15:00+00:00,2025-10-27 16:15:00+00:00,2025-10-27 19:30:00+00:00,LONG,115379.99619474942,114795.20522100234,117134.36911599064,114795.20522100234,Stop loss,0.0427495440384165,24.999547485469108,-24.999547485469108,-1.0
exness_native-S07,6,BTC_V2_SETUP_A,2025-10-28 13:15:00+00:00,2025-10-28 13:15:00+00:00,2025-10-28 14:45:00+00:00,LONG,114902.44217589435,114381.68673615846,116464.70849510202,114381.68673615846,Stop loss,0.04788629501288098,24.937048616755433,-24.937048616755433,-1.0
exness_native-S07,7,BTC_V2_SETUP_A,2025-10-28 16:30:00+00:00,2025-10-28 16:30:00+00:00,2025-10-28 19:15:00+00:00,LONG,115229.54508857452,114530.56236713822,117326.49325288343,114530.56236713822,Stop loss,0.03558701128419857,24.874705995213546,-24.874705995213542,-0.9999999999999999
exness_native-S07,8,BTC_V2_SETUP_A,2025-11-02 16:00:00+00:00,2025-11-02 16:00:00+00:00,2025-11-02 23:00:00+00:00,SHORT,110010.95196932011,110400.93204601984,108841.01173922095,110400.93204601984,Stop loss,0.0636250944925342,24.81251923022551,-24.812519230225508,-0.9999999999999999
exness_native-S07,9,BTC_V2_SETUP_B,2025-11-03 08:30:00+00:00,2025-11-03 08:30:00+00:00,2025-11-03 09:00:00+00:00,SHORT,107164.9566751701,107769.67329931959,105350.80680272165,107769.67329931959,Stop loss,0.04092906816802123,24.750487932149948,-24.750487932149948,-1.0
exness_native-S07,10,BTC_V2_SETUP_A,2025-11-03 09:30:00+00:00,2025-11-03 09:30:00+00:00,2025-11-03 11:45:00+00:00,SHORT,107193.28383611343,107897.99424582986,105079.15260696415,107897.99424582986,Stop loss,0.03503369805797846,24.688611712319574,-24.688611712319574,-1.0
exness_native-S07,11,BTC_V2_SETUP_A,2025-11-04 13:00:00+00:00,2025-11-04 13:00:00+00:00,2025-11-04 13:30:00+00:00,SHORT,103776.19506940372,104153.57239589441,102644.06308993165,104153.57239589441,Stop loss,0.06525800161882854,24.62689018303878,-24.62689018303878,-1.0
exness_native-S07,12,BTC_V2_SETUP_A,2025-11-04 14:00:00+00:00,2025-11-04 14:00:00+00:00,2025-11-04 14:45:00+00:00,SHORT,103754.86313924509,104274.15529113235,102196.98668358331,104274.15529113235,Stop loss,0.04730539999170708,24.56532295758118,-24.56532295758118,-1.0
exness_native-S07,13,BTC_V2_SETUP_A,2025-11-04 16:00:00+00:00,2025-11-04 16:00:00+00:00,2025-11-04 21:30:00+00:00,SHORT,103017.65232922655,104236.83650616017,99360.0997984257,99360.0997984257,Take profit,0.02009861193557914,24.503909650187225,73.51172895056168,3.0
exness_native-S07,14,BTC_V2_SETUP_A,2025-11-06 12:15:00+00:00,2025-11-06 12:15:00+00:00,2025-11-06 13:15:00+00:00,SHORT,102887.11524714979,103401.10212927531,101345.15460077322,103401.10212927531,Stop loss,0.04803174911871501,24.687688972563627,-24.687688972563627,-1.0
exness_native-S07,15,BTC_V2_SETUP_A,2025-11-06 14:30:00+00:00,2025-11-06 14:30:00+00:00,2025-11-06 16:30:00+00:00,SHORT,102629.45516573897,103205.49725139156,100901.3289087812,100901.3289087812,Take profit,0.04275029613892507,24.625969750132217,73.87790925039664,2.9999999999999996
exness_native-S07,16,BTC_V2_SETUP_A,2025-11-06 18:15:00+00:00,2025-11-06 18:15:00+00:00,2025-11-06 18:45:00+00:00,SHORT,101109.275397339,101911.1069039915,98703.78087738152,101911.1069039915,Stop loss,0.030942491430448197,24.81066452325821,-24.81066452325821,-1.0
exness_native-S07,17,BTC_V2_SETUP_A,2025-11-07 09:45:00+00:00,2025-11-07 09:45:00+00:00,2025-11-07 10:00:00+00:00,SHORT,100725.78099823146,101179.54850265283,99364.47848496736,101179.54850265283,Stop loss,0.0545403485723572,24.748637861950066,-24.748637861950066,-1.0
exness_native-S07,18,BTC_V2_SETUP_A,2025-11-08 12:45:00+00:00,2025-11-08 13:00:00+00:00,2025-11-08 13:30:00+00:00,SHORT,101791.77613282713,102130.7308007593,100774.91212903064,102130.7308007593,Stop loss,0.0728320586876702,24.686766267295187,-24.686766267295187,-1.0
exness_native-S07,19,BTC_V2_SETUP_A,2025-11-08 14:00:00+00:00,2025-11-08 14:00:00+00:00,2025-11-08 14:45:00+00:00,SHORT,101680.13588554208,102034.19617168688,100617.95502710769,102034.19617168688,Stop loss,0.06955044187462509,24.62504935162695,-24.62504935162695,-1.0
exness_native-S07,20,BTC_V2_SETUP_A,2025-11-08 15:00:00+00:00,2025-11-08 15:15:00+00:00,2025-11-08 18:45:00+00:00,SHORT,101706.16070119137,102137.66894821296,100411.63596012662,102137.66894821296,Stop loss,0.05692472136463969,24.56348672824788,-24.56348672824788,-1.0
exness_native-S07,21,BTC_V2_SETUP_A,2025-11-13 15:30:00+00:00,2025-11-13 15:30:00+00:00,2025-11-13 18:30:00+00:00,SHORT,101919.57955079534,103145.72567380697,98241.14118176047,98241.14118176047,Take profit,0.01998300002877793,24.502078011427262,73.50623403428177,2.9999999999999996
exness_native-S07,22,BTC_V2_SETUP_B,2025-11-14 12:15:00+00:00,2025-11-14 12:30:00+00:00,2025-11-14 14:30:00+00:00,SHORT,95453.03067890338,96332.17728438646,92815.59086245413,96332.17728438646,Stop loss,0.02807932538504014,24.685843596512964,-24.685843596512964,-1.0
exness_native-S07,23,BTC_V2_SETUP_A,2025-11-14 18:45:00+00:00,2025-11-14 18:45:00+00:00,2025-11-15 02:45:00+00:00,SHORT,95061.15549866199,96320.39175200702,91283.44673862688,96320.39175200702,Stop loss,0.019554812627185825,24.62412898752168,-24.62412898752168,-1.0
exness_native-S07,24,BTC_V2_SETUP_B,2025-11-16 13:30:00+00:00,2025-11-16 13:30:00+00:00,2025-11-16 21:00:00+00:00,SHORT,95277.21279762284,95848.60880950865,93563.02476196541,93563.02476196541,Take profit,0.042986944525544954,24.562568665052876,73.68770599515864,3.0000000000000004
exness_native-S07,25,BTC_V2_SETUP_A,2025-11-17 15:15:00+00:00,2025-11-17 15:15:00+00:00,2025-11-18 02:45:00+00:00,SHORT,93972.93126531658,95102.65810202512,90583.75075519098,90583.75075519098,Take profit,0.021905107611801703,24.746787930040774,74.24036379012233,3.0000000000000004
exness_native-S07,26,BTC_V2_SETUP_B,2025-11-19 19:45:00+00:00,2025-11-19 19:45:00+00:00,2025-11-19 20:15:00+00:00,SHORT,88537.29277121444,89210.38891514219,86518.00433943121,89210.38891514219,Stop loss,0.03704134849744807,24.93238883951608,-24.93238883951608,-1.0
exness_native-S07,27,BTC_V2_SETUP_A,2025-11-20 14:45:00+00:00,2025-11-20 14:45:00+00:00,2025-11-20 16:45:00+00:00,SHORT,90659.3944132306,91730.69338015407,87445.4975124602,87445.4975124602,Take profit,0.02321486217693142,24.87005786741729,74.61017360225188,3.0
exness_native-S07,28,BTC_V2_SETUP_A,2025-11-21 07:15:00+00:00,2025-11-21 07:15:00+00:00,2025-11-21 07:30:00+00:00,SHORT,85242.28928137031,85776.37107794454,83640.04389164761,83640.04389164761,Take profit,0.046915254296521075,25.05658330142292,75.16974990426876,3.0
exness_native-S07,29,BTC_V2_SETUP_A,2025-11-21 16:00:00+00:00,2025-11-21 16:00:00+00:00,2025-11-21 16:30:00+00:00,SHORT,82481.7138914849,83579.89416277266,79187.17307762164,83579.89416277266,Stop loss,0.022987580760835596,25.244507676183595,-25.244507676183595,-1.0
exness_native-S07,30,BTC_V2_SETUP_A,2025-11-24 12:15:00+00:00,2025-11-24 12:30:00+00:00,2025-11-24 13:00:00+00:00,SHORT,85833.37405856294,86317.60891215561,84380.66949778493,86317.60891215561,Stop loss,0.052002445136209004,25.181396406993134,-25.181396406993134,-1.0
exness_native-S07,31,BTC_V2_SETUP_A,2025-11-25 14:15:00+00:00,2025-11-25 14:30:00+00:00,2025-11-25 17:00:00+00:00,SHORT,86729.04921047829,87366.55618428257,84816.52828906545,87366.55618428257,Stop loss,0.039401048063965514,25.118442915975653,-25.118442915975653,-1.0
exness_native-S07,32,BTC_V2_SETUP_B,2025-11-25 19:00:00+00:00,2025-11-25 19:00:00+00:00,2025-11-25 23:00:00+00:00,SHORT,87161.10002677217,87744.44989291132,85411.05042835472,87744.44989291132,Stop loss,0.042951320062031284,25.055646808685715,-25.05564680868572,-1.0000000000000002
exness_native-S07,33,BTC_V2_SETUP_B,2025-11-26 12:15:00+00:00,2025-11-26 12:15:00+00:00,2025-11-26 14:00:00+00:00,SHORT,86508.91731560015,87202.45073759937,84428.31704960248,87202.45073759937,Stop loss,0.03603720729077141,24.993007691664,-24.993007691664005,-1.0000000000000002
exness_native-S07,34,BTC_V2_SETUP_B,2025-11-27 16:15:00+00:00,2025-11-27 16:15:00+00:00,2025-11-28 02:00:00+00:00,LONG,91276.61883124115,90771.47467503535,92792.05129985856,90771.47467503535,Stop loss,0.04935328829633695,24.93052517243484,-24.93052517243484,-1.0
exness_native-S07,35,BTC_V2_SETUP_A,2025-11-28 15:00:00+00:00,2025-11-28 15:00:00+00:00,2025-11-28 16:15:00+00:00,LONG,92397.45804435885,91701.86293346174,94484.24337705017,91701.86293346174,Stop loss,0.035750968444029675,24.868198859503753,-24.86819885950375,-0.9999999999999999
exness_native-S07,36,BTC_V2_SETUP_A,2025-11-30 12:15:00+00:00,2025-11-30 12:15:00+00:00,2025-11-30 21:15:00+00:00,LONG,91306.15815184393,90959.2227722341,92346.96429067342,90959.2227722341,Stop loss,0.07150042866845222,24.806028362354997,-24.806028362354997,-1.0
exness_native-S07,37,BTC_V2_SETUP_A,2025-12-01 11:15:00+00:00,2025-12-01 11:15:00+00:00,2025-12-01 12:45:00+00:00,SHORT,86414.3798130785,86768.42028038226,85352.25841116723,85352.25841116723,Take profit,0.06989035315621003,24.74401329144911,74.23203987434732,2.9999999999999996
exness_native-S07,38,BTC_V2_SETUP_A,2025-12-01 14:45:00+00:00,2025-12-01 15:00:00+00:00,2025-12-01 22:00:00+00:00,SHORT,85811.9503003742,86770.15454943868,82937.33755318075,86770.15454943868,Stop loss,0.026016993157225454,24.929593391134976,-24.929593391134976,-1.0
exness_native-S07,39,BTC_V2_SETUP_B,2025-12-03 10:00:00+00:00,2025-12-03 10:15:00+00:00,2025-12-03 11:15:00+00:00,LONG,93246.48234082024,92726.75063671907,94805.67745312375,92726.75063671907,Stop loss,0.04784635844115547,24.86726940765714,-24.86726940765714,-1.0
exness_native-S07,40,BTC_V2_SETUP_A,2025-12-04 09:45:00+00:00,2025-12-04 09:45:00+00:00,2025-12-04 10:30:00+00:00,LONG,93578.20449162505,93263.27826256244,94522.98317881286,93263.27826256244,Stop loss,0.07876479932450085,24.805101234137997,-24.805101234137997,-1.0
exness_native-S07,41,BTC_V2_SETUP_A,2025-12-07 09:30:00+00:00,2025-12-07 09:45:00+00:00,2025-12-07 12:45:00+00:00,SHORT,89075.0509548587,89466.89856771193,87899.508116299,89466.89856771193,Stop loss,0.06314467070728359,24.743088481052652,-24.743088481052656,-1.0000000000000002
exness_native-S07,42,BTC_V2_SETUP_A,2025-12-07 14:15:00+00:00,2025-12-07 14:15:00+00:00,2025-12-07 15:45:00+00:00,SHORT,88754.3367497442,89183.58987538371,87466.57737282565,89183.58987538371,Stop loss,0.05749808046960422,24.681230759850017,-24.681230759850017,-1.0
exness_native-S07,43,BTC_V2_SETUP_B,2025-12-08 10:45:00+00:00,2025-12-08 10:45:00+00:00,2025-12-08 11:30:00+00:00,LONG,92224.88079805937,91906.77680776254,93179.19276894987,91906.77680776254,Stop loss,0.07739458929759764,24.61952768295039,-24.61952768295039,-1.0
exness_native-S07,44,BTC_V2_SETUP_A,2025-12-10 20:00:00+00:00,2025-12-10 20:00:00+00:00,2025-12-10 20:45:00+00:00,LONG,93235.97319955194,92392.06020067209,95767.7121961915,92392.06020067209,Stop loss,0.02910013105182579,24.557978863743013,-24.557978863743013,-1.0
exness_native-S07,45,BTC_V2_SETUP_A,2025-12-13 11:45:00+00:00,2025-12-13 11:45:00+00:00,2025-12-13 21:30:00+00:00,SHORT,90334.98392180761,90504.40411728859,89826.72333536466,89826.72333536466,Take profit,0.10846997631742526,24.49658391658366,55.131013774547434,2.2505592601107507
exness_native-S07,46,BTC_V2_SETUP_A,2025-12-14 07:15:00+00:00,2025-12-14 07:30:00+00:00,2025-12-14 07:45:00+00:00,SHORT,90122.57970575837,90204.79044136246,89875.94749894609,90204.79044136246,Stop loss,0.10933735599424266,24.63441145102003,-8.98870446529341,-0.36488407621044333
exness_native-S07,47,BTC_V2_SETUP_A,2025-12-14 09:15:00+00:00,2025-12-14 09:30:00+00:00,2025-12-14 11:00:00+00:00,SHORT,90062.7140114172,90195.7889828742,89663.48909704621,89663.48909704621,Take profit,0.10931022881116707,24.611939689856793,43.639366737011756,1.7730974188514141
exness_native-S07,48,BTC_V2_SETUP_A,2025-12-14 14:30:00+00:00,2025-12-14 14:30:00+00:00,2025-12-14 22:30:00+00:00,SHORT,89159.21954102913,89513.31068845633,88096.94609874753,88096.94609874753,Take profit,0.06981546499064031,24.721038106699325,74.16311432009796,2.9999999999999996
exness_native-S07,49,BTC_V2_SETUP_B,2025-12-17 18:45:00+00:00,2025-12-17 18:45:00+00:00,2025-12-18 02:15:00+00:00,SHORT,85726.27881930991,86780.66472276038,82563.1211089585,86780.66472276038,Stop loss,0.02362175538481061,24.90644589249957,-24.90644589249957,-1.0
exness_native-S07,50,BTC_V2_SETUP_A,2025-12-18 18:30:00+00:00,2025-12-18 18:45:00+00:00,2025-12-19 03:15:00+00:00,SHORT,86091.54599874877,86879.50600187684,83727.66598936456,86879.50600187684,Stop loss,0.031529747295726954,24.844179777768318,-24.844179777768314,-0.9999999999999999
exness_native-S07,51,BTC_V2_SETUP_B,2025-12-22 12:30:00+00:00,2025-12-22 12:30:00+00:00,2025-12-22 13:30:00+00:00,LONG,90280.25839039964,89760.18643840145,91840.47424639422,89760.18643840145,Stop loss,0.04765123216721742,24.782069328323896,-24.782069328323896,-1.0
exness_native-S07,52,BTC_V2_SETUP_A,2025-12-22 14:00:00+00:00,2025-12-22 14:00:00+00:00,2025-12-22 14:30:00+00:00,LONG,90005.43301348636,89650.79547977047,91069.345614634,89650.79547977047,Stop loss,0.06970529570287273,24.720114155003085,-24.720114155003085,-1.0
exness_native-S07,53,BTC_V2_SETUP_A,2025-12-22 15:00:00+00:00,2025-12-22 15:00:00+00:00,2025-12-22 15:00:00+00:00,LONG,90334.80102447375,89592.12846328938,92562.81870802687,89592.12846328938,Stop loss,0.03320213396640357,24.658313869615576,-24.658313869615576,-1.0
exness_native-S07,54,BTC_V2_SETUP_A,2025-12-23 14:45:00+00:00,2025-12-23 14:45:00+00:00,2025-12-23 16:00:00+00:00,SHORT,87165.22037588297,87792.16443617556,85284.3881950052,87792.16443617556,Stop loss,0.03923263596031593,24.596668084941538,-24.596668084941534,-0.9999999999999999
exness_native-S07,55,BTC_V2_SETUP_A,2025-12-24 08:00:00+00:00,2025-12-24 08:15:00+00:00,2025-12-24 11:00:00+00:00,SHORT,86793.7184368763,87185.28734468557,85619.01171344849,87185.28734468557,Stop loss,0.06265864302658096,24.535176414729186,-24.535176414729186,-1.0
exness_native-S07,56,BTC_V2_SETUP_A,2025-12-24 15:15:00+00:00,2025-12-24 15:15:00+00:00,2025-12-24 16:30:00+00:00,SHORT,86761.8477085467,87224.75843717995,85373.11552264697,87224.75843717995,Stop loss,0.052869456160482664,24.473838473692364,-24.473838473692364,-1.0
exness_native-S07,57,BTC_V2_SETUP_A,2025-12-27 12:00:00+00:00,2025-12-27 12:00:00+00:00,2025-12-27 15:30:00+00:00,SHORT,87371.82923439928,87518.82614840109,86930.83849239386,87518.82614840109,Stop loss,0.11176441693587248,24.412653877508134,-16.4290243847846,-0.6729716673663648
exness_native-S07,58,BTC_V2_SETUP_A,2025-12-28 19:00:00+00:00,2025-12-28 19:15:00+00:00,2025-12-28 22:45:00+00:00,SHORT,87436.6358442465,87680.25623363027,86705.7746760952,87680.25623363027,Stop loss,0.10003916904571765,24.37158131654617,-24.37158131654617,-1.0
exness_native-S07,59,BTC_V2_SETUP_A,2025-12-29 08:00:00+00:00,2025-12-29 08:15:00+00:00,2025-12-29 08:45:00+00:00,LONG,89602.91414848281,89358.04877727578,90337.51026210393,89358.04877727578,Stop loss,0.09928170832575503,24.310652363254807,-24.310652363254807,-1.0
exness_native-S07,60,BTC_V2_SETUP_B,2025-12-31 11:45:00+00:00,2025-12-31 11:45:00+00:00,2025-12-31 12:45:00+00:00,LONG,88926.58553483734,88659.53786065064,89727.72855739745,88659.53786065064,Stop loss,0.09080729051919298,24.249875732346673,-24.249875732346673,-1.0
exness_native-S07,61,BTC_V2_SETUP_A,2025-12-31 13:15:00+00:00,2025-12-31 13:15:00+00:00,2025-12-31 14:30:00+00:00,LONG,88765.53547725262,88586.64178412106,89302.21655664728,88586.64178412106,Stop loss,0.1090028958332128,24.189251043015805,-19.4999305976376,-0.8061403208789237
exness_native-S07,62,BTC_V2_SETUP_A,2026-01-02 09:00:00+00:00,2026-01-02 09:00:00+00:00,2026-01-02 10:15:00+00:00,LONG,89126.31554347672,88910.45668478493,89773.8921195521,89773.8921195521,Take profit,0.10834286627610329,24.140501216521713,70.16030238527077,2.9063316356187827
exness_native-S07,63,BTC_V2_SETUP_A,2026-01-02 15:45:00+00:00,2026-01-02 15:45:00+00:00,2026-01-05 01:00:00+00:00,LONG,89807.23290745588,88866.9956388162,92627.94471337493,92627.94471337493,Take profit,0.025861453043298975,24.31590197248489,72.94770591745467,3.0
exness_native-S07,64,BTC_V2_SETUP_A,2026-01-05 08:15:00+00:00,2026-01-05 08:15:00+00:00,2026-01-05 08:45:00+00:00,LONG,92653.37818499396,92407.22772250905,93391.82957244867,92407.22772250905,Stop loss,0.09952559499570701,24.498271237278527,-24.498271237278527,-1.0
exness_native-S07,65,BTC_V2_SETUP_A,2026-01-05 09:30:00+00:00,2026-01-05 09:45:00+00:00,2026-01-05 15:15:00+00:00,LONG,92653.36963856386,92300.78554215422,93711.12192779279,93711.12192779279,Take profit,0.0693083602125766,24.43702555918533,73.31107667755599,3.0
exness_native-S07,66,BTC_V2_SETUP_B,2026-01-05 15:45:00+00:00,2026-01-05 15:45:00+00:00,2026-01-06 07:45:00+00:00,LONG,93961.17552185242,93112.29791259035,96507.80834963862,93112.29791259035,Stop loss,0.029003360416446508,24.620303250879218,-24.620303250879218,-1.0
exness_native-S07,67,BTC_V2_SETUP_A,2026-01-12 18:15:00+00:00,2026-01-12 18:15:00+00:00,2026-01-12 21:00:00+00:00,LONG,91828.42273165131,91211.80590252302,93678.2732190362,91211.80590252302,Stop loss,0.0398282228648713,24.558752492752024,-24.558752492752028,-1.0000000000000002
exness_native-S07,68,BTC_V2_SETUP_B,2026-01-13 08:45:00+00:00,2026-01-13 08:45:00+00:00,2026-01-13 14:00:00+00:00,LONG,92107.64487313057,91800.21050747775,93029.94797008904,91800.21050747775,Stop loss,0.07968320509485403,24.497355611520142,-24.497355611520142,-1.0
exness_native-S07,69,BTC_V2_SETUP_A,2026-01-13 14:30:00+00:00,2026-01-13 14:30:00+00:00,2026-01-13 19:45:00+00:00,LONG,92390.72351440536,91795.60472839198,94176.0798724455,94176.0798724455,Take profit,0.04106089875970066,24.436112222491342,73.30833666747402,3.0
exness_native-S07,70,BTC_V2_SETUP_B,2026-01-13 20:00:00+00:00,2026-01-13 20:00:00+00:00,2026-01-13 22:00:00+00:00,LONG,94240.89932860737,93692.07268557051,95887.37925771793,95887.37925771793,Take profit,0.0448582141128066,24.61938306416003,73.8581491924801,3.0000000000000004
exness_native-S07,71,BTC_V2_SETUP_B,2026-01-14 08:00:00+00:00,2026-01-14 08:00:00+00:00,2026-01-14 11:45:00+00:00,LONG,95241.1733503975,94762.01659841002,96678.64360635994,94762.01659841002,Stop loss,0.051766000028711484,24.804028437141227,-24.804028437141227,-1.0
exness_native-S07,72,BTC_V2_SETUP_A,2026-01-14 19:00:00+00:00,2026-01-14 19:15:00+00:00,2026-01-15 03:15:00+00:00,LONG,97007.0,96073.85984300119,99806.42047099643,96073.85984300119,Stop loss,0.02651535861187803,24.742018366048374,-24.74254589796757,-1.0000213212968883
exness_native-S07,73,BTC_V2_SETUP_A,2026-01-17 14:30:00+00:00,2026-01-17 14:30:00+00:00,2026-01-17 16:15:00+00:00,LONG,95457.07898135664,95311.19152796504,95894.74134153142,95311.19152796504,Stop loss,0.10341888632952469,24.680162001303458,-15.0875179592092,-0.6113216744044211
exness_native-S07,74,BTC_V2_SETUP_A,2026-01-20 12:00:00+00:00,2026-01-20 12:15:00+00:00,2026-01-20 14:45:00+00:00,SHORT,91075.13543251224,91321.91185123165,90334.806176354,90334.806176354,Take profit,0.09985736617089111,24.64244320640543,73.9273296192163,3.0
exness_native-S07,75,BTC_V2_SETUP_A,2026-01-20 15:45:00+00:00,2026-01-20 15:45:00+00:00,2026-01-20 16:15:00+00:00,SHORT,90358.46379945932,90823.079300811,88964.61729540427,90823.079300811,Stop loss,0.05343614549713625,24.827261530453473,-24.827261530453473,-1.0
exness_native-S07,76,BTC_V2_SETUP_A,2026-01-20 16:45:00+00:00,2026-01-20 16:45:00+00:00,2026-01-21 16:45:00+00:00,SHORT,89920.34054535501,90666.1741819675,87682.83963551755,87682.83963551755,Take profit,0.03320471504759263,24.76519337662734,74.29558012988203,3.0
exness_native-S07,77,BTC_V2_SETUP_A,2026-01-23 08:30:00+00:00,2026-01-23 08:30:00+00:00,2026-01-23 14:15:00+00:00,SHORT,89163.21114261124,89508.48328608314,88127.39471219554,89508.48328608314,Stop loss,0.07226453914311441,24.950932326952042,-24.950932326952042,-1.0
exness_native-S07,78,BTC_V2_SETUP_A,2026-01-23 15:15:00+00:00,2026-01-23 15:15:00+00:00,2026-01-23 15:15:00+00:00,SHORT,88583.45176825725,89161.67234761413,86848.79003018659,89161.67234761413,Stop loss,0.04304335730114696,24.888554996134662,-24.888554996134662,-1.0
exness_native-S07,79,BTC_V2_SETUP_B,2026-01-24 15:45:00+00:00,2026-01-24 15:45:00+00:00,2026-01-25 06:00:00+00:00,SHORT,89178.87777616705,89353.98889533176,88653.54441867293,88653.54441867293,Take profit,0.11135521875911802,24.826333608644326,58.49861094521977,2.356312932363522
exness_native-S07,80,BTC_V2_SETUP_B,2026-01-25 08:00:00+00:00,2026-01-25 08:00:00+00:00,2026-01-25 13:00:00+00:00,SHORT,88493.45613937438,88675.61544250244,87946.97822999019,88675.61544250244,Stop loss,0.11287876516734235,24.972580136007377,-20.561917200839524,-0.8233797664820296
exness_native-S07,81,BTC_V2_SETUP_A,2026-01-25 16:00:00+00:00,2026-01-25 16:00:00+00:00,2026-01-25 18:30:00+00:00,SHORT,88201.98653097799,88598.80020353301,87011.5455133129,87011.5455133129,Take profit,0.0628032173955632,24.92117534300528,74.76352602901585,3.0000000000000004
exness_native-S07,82,BTC_V2_SETUP_B,2026-01-27 10:45:00+00:00,2026-01-27 10:45:00+00:00,2026-01-27 11:45:00+00:00,SHORT,87679.60987394041,87958.79050423838,86842.06798304651,87958.79050423838,Stop loss,0.0899349074872427,25.10808415807782,-25.10808415807782,-1.0
exness_native-S07,83,BTC_V2_SETUP_A,2026-01-27 12:30:00+00:00,2026-01-27 12:30:00+00:00,2026-01-27 14:00:00+00:00,SHORT,87875.01937630073,88090.1859355489,87229.5196985562,88090.1859355489,Stop loss,0.11400424887729661,25.045313947682626,-24.529901970600317,-0.9794208218687552
exness_native-S07,84,BTC_V2_SETUP_A,2026-01-29 08:15:00+00:00,2026-01-29 08:15:00+00:00,2026-01-29 08:15:00+00:00,SHORT,87771.03934642606,88277.80598036092,86250.73944462146,88277.80598036092,Stop loss,0.04930077775398157,24.983989192756127,-24.983989192756127,-1.0
exness_native-S07,85,BTC_V2_SETUP_A,2026-01-29 08:45:00+00:00,2026-01-29 08:45:00+00:00,2026-01-29 15:00:00+00:00,SHORT,87903.92456911226,88429.0681463316,86328.49383745425,86328.49383745425,Take profit,0.047456601015164426,24.921529219774232,74.7645876593227,3.0
exness_native-S07,86,BTC_V2_SETUP_A,2026-01-30 07:30:00+00:00,2026-01-30 07:30:00+00:00,2026-01-30 11:45:00+00:00,SHORT,82435.56633079372,82996.17050380944,80753.75381174657,82996.17050380944,Stop loss,0.0447881801411754,25.108440688922542,-25.108440688922542,-1.0
exness_native-S07,87,BTC_V2_SETUP_B,2026-01-30 15:30:00+00:00,2026-01-30 15:30:00+00:00,2026-01-30 18:45:00+00:00,SHORT,82455.85661748755,83584.35353004982,79070.36587980072,83584.35353004982,Stop loss,0.022193830845609993,25.045669587200237,-25.045669587200234,-0.9999999999999999
exness_native-S07,88,BTC_V2_SETUP_B,2026-01-31 13:00:00+00:00,2026-01-31 13:00:00+00:00,2026-01-31 14:15:00+00:00,SHORT,82550.88459619351,82899.91161522591,81503.80353909633,81503.80353909633,Take profit,0.07157914445274946,24.983055413232236,74.94916623969671,3.0
exness_native-S07,89,BTC_V2_SETUP_A,2026-02-01 15:15:00+00:00,2026-02-01 15:15:00+00:00,2026-02-01 18:15:00+00:00,SHORT,77369.4755241385,78309.58671379228,74549.14195517717,78309.58671379228,Stop loss,0.026773884414779934,25.170428328831477,-25.170428328831477,-1.0
exness_native-S07,90,BTC_V2_SETUP_A,2026-02-03 14:45:00+00:00,2026-02-03 14:45:00+00:00,2026-02-03 18:00:00+00:00,SHORT,77521.89227372571,78441.25658941142,74763.79932666857,74763.79932666857,Take profit,0.027309633221170648,25.1075022580094,75.3225067740282,3.0
exness_native-S07,91,BTC_V2_SETUP_A,2026-02-04 13:30:00+00:00,2026-02-04 13:30:00+00:00,2026-02-04 15:00:00+00:00,SHORT,75588.37455640415,76099.17816539378,74055.96372943524,74055.96372943524,Take profit,0.0495215931911276,25.29580852494447,75.88742557483341,3.0000000000000004
exness_native-S07,92,BTC_V2_SETUP_A,2026-02-04 19:00:00+00:00,2026-02-04 19:15:00+00:00,2026-02-05 11:15:00+00:00,SHORT,73068.58419892254,74099.84370161616,69974.80569084169,69974.80569084169,Take profit,0.0247130106654185,25.485527088881554,76.45658126664466,3.0
exness_native-S07,93,BTC_V2_SETUP_A,2026-02-05 12:00:00+00:00,2026-02-05 12:00:00+00:00,2026-02-05 14:30:00+00:00,SHORT,69957.35666948125,70644.14499577812,67896.99169059064,70644.14499577812,Stop loss,0.03738658267605627,25.676668542048166,-25.676668542048166,-1.0
exness_native-S07,94,BTC_V2_SETUP_A,2026-02-05 15:00:00+00:00,2026-02-05 15:00:00+00:00,2026-02-05 20:15:00+00:00,SHORT,69027.29207492864,70853.46188760703,63548.78263689348,63548.78263689348,Take profit,0.014025243815156484,25.612476870693044,76.83743061207913,3.0
exness_native-S07,95,BTC_V2_SETUP_B,2026-02-07 17:00:00+00:00,2026-02-07 17:00:00+00:00,2026-02-07 18:30:00+00:00,SHORT,68745.38172184177,69523.39311263293,66411.3475494683,69523.39311263293,Stop loss,0.03316734273129681,25.80457044722324,-25.80457044722324,-1.0
exness_native-S07,96,BTC_V2_SETUP_B,2026-02-09 14:00:00+00:00,2026-02-09 14:00:00+00:00,2026-02-09 14:30:00+00:00,SHORT,68499.33042211906,69268.54831152377,66191.67675390493,69268.54831152377,Stop loss,0.033462637018264296,25.740059021105186,-25.740059021105186,-1.0
exness_native-S07,97,BTC_V2_SETUP_A,2026-02-10 10:45:00+00:00,2026-02-10 11:00:00+00:00,2026-02-10 14:15:00+00:00,SHORT,68828.944985343,69182.90252198551,67767.07237541546,69182.90252198551,Stop loss,0.07253895231925572,25.67570887355242,-25.67570887355242,-1.0
exness_native-S07,98,BTC_V2_SETUP_A,2026-02-11 15:00:00+00:00,2026-02-11 15:00:00+00:00,2026-02-11 19:00:00+00:00,SHORT,66280.42897795943,67564.88153306086,62427.07131265511,67564.88153306086,Stop loss,0.019939638486176636,25.611519601368542,-25.611519601368542,-1.0
exness_native-S07,99,BTC_V2_SETUP_B,2026-02-12 18:30:00+00:00,2026-02-12 18:30:00+00:00,2026-02-12 19:15:00+00:00,SHORT,65141.43694376567,65844.3322249373,63032.75110025078,65844.3322249373,Stop loss,0.036346083814620234,25.547490802365118,-25.547490802365115,-0.9999999999999999
exness_native-S07,100,BTC_V2_SETUP_B,2026-02-15 17:45:00+00:00,2026-02-15 17:45:00+00:00,2026-02-16 12:15:00+00:00,SHORT,68761.28704531353,69080.69181874591,67803.07272501638,69080.69181874591,Stop loss,0.07978472519839784,25.483622075359207,-25.483622075359207,-1.0
exness_native-S07,101,BTC_V2_SETUP_A,2026-02-16 18:45:00+00:00,2026-02-16 18:45:00+00:00,2026-02-16 20:15:00+00:00,SHORT,67854.28629264102,68186.51556103848,66857.59848744862,68186.51556103848,Stop loss,0.0765131655702272,25.41991302017081,-25.41991302017081,-1.0
exness_native-S07,102,BTC_V2_SETUP_A,2026-02-17 07:15:00+00:00,2026-02-17 07:15:00+00:00,2026-02-17 08:00:00+00:00,SHORT,68181.79824529182,68440.52263206226,67405.62508498051,68440.52263206226,Stop loss,0.09800530809690797,25.356363237620386,-25.356363237620386,-1.0
exness_native-S07,103,BTC_V2_SETUP_A,2026-02-17 08:30:00+00:00,2026-02-17 08:30:00+00:00,2026-02-17 14:30:00+00:00,SHORT,68183.13177307657,68412.94734038513,67493.6850711509,67493.6850711509,Take profit,0.11005769811740951,25.292972329526332,75.878916988579,3.0
exness_native-S07,104,BTC_V2_SETUP_A,2026-02-17 17:15:00+00:00,2026-02-17 17:30:00+00:00,2026-02-17 18:30:00+00:00,SHORT,66943.10865051324,67811.77702423015,64337.10352936252,67811.77702423015,Stop loss,0.02933532564672647,25.48266962199778,-25.48266962199778,-1.0
exness_native-S07,105,BTC_V2_SETUP_B,2026-02-18 13:45:00+00:00,2026-02-18 13:45:00+00:00,2026-02-18 15:30:00+00:00,SHORT,67167.898208284,67610.82716686401,65839.11133254395,67610.82716686401,Stop loss,0.057388351914116044,25.418962947942788,-25.418962947942788,-1.0
exness_native-S07,106,BTC_V2_SETUP_A,2026-02-18 18:15:00+00:00,2026-02-18 18:15:00+00:00,2026-02-18 19:15:00+00:00,SHORT,66987.7719703223,67286.57704451655,66091.35674773953,66091.35674773953,Take profit,0.08485604071130683,25.35541554057293,76.06624662171879,3.0
exness_native-S07,107,BTC_V2_SETUP_A,2026-02-19 12:00:00+00:00,2026-02-19 12:00:00+00:00,2026-02-19 17:15:00+00:00,SHORT,66396.37914548063,66735.74628177904,65378.27773658543,66735.74628177904,Stop loss,0.07527417485311612,25.545581157127227,-25.545581157127227,-1.0
exness_native-S07,108,BTC_V2_SETUP_B,2026-02-20 17:15:00+00:00,2026-02-20 17:30:00+00:00,2026-02-20 22:30:00+00:00,SHORT,66944.74839015388,67994.68643938446,63794.93424246214,67994.68643938446,Stop loss,0.02426973403136314,25.48171720423441,-25.48171720423441,-1.0
exness_native-S07,109,BTC_V2_SETUP_A,2026-02-22 13:30:00+00:00,2026-02-22 13:30:00+00:00,2026-02-22 15:00:00+00:00,SHORT,67868.41178532616,68051.59232201077,67318.87017527233,67318.87017527233,Take profit,0.13875935386622018,25.418012911223823,76.25403873367146,3.0
exness_native-S07,110,BTC_V2_SETUP_A,2026-02-22 16:00:00+00:00,2026-02-22 16:00:00+00:00,2026-02-23 00:45:00+00:00,SHORT,67614.11615312548,67850.54077031178,66904.84230156656,66904.84230156656,Take profit,0.10831633487589881,25.608648008058005,76.82594402417402,3.0000000000000004
exness_native-S07,111,BTC_V2_SETUP_A,2026-02-23 15:45:00+00:00,2026-02-23 15:45:00+00:00,2026-02-23 17:30:00+00:00,SHORT,65620.05068197896,66016.57397703154,64430.48079682121,64430.48079682121,Take profit,0.06506733195762696,25.80071286811844,77.40213860435532,3.0
exness_native-S07,112,BTC_V2_SETUP_B,2026-02-23 19:30:00+00:00,2026-02-23 19:30:00+00:00,2026-02-23 22:00:00+00:00,SHORT,64306.294938152656,64911.32024738936,62491.21901044254,64911.32024738936,Stop loss,0.042963852615394545,25.994218214629328,-25.994218214629328,-1.0
exness_native-S07,113,BTC_V2_SETUP_A,2026-02-24 09:15:00+00:00,2026-02-24 09:15:00+00:00,2026-02-24 14:45:00+00:00,SHORT,63117.44353581449,63481.619696278256,62024.915054423196,63481.619696278256,Stop loss,0.07119969806939813,25.92923266909275,-25.92923266909275,-1.0
exness_native-S07,114,BTC_V2_SETUP_A,2026-02-28 11:45:00+00:00,2026-02-28 11:45:00+00:00,2026-02-28 13:45:00+00:00,SHORT,63906.925908733494,64403.91613689975,62415.95522423472,64403.91613689975,Stop loss,0.05204208880092429,25.864409587420024,-25.864409587420024,-1.0
exness_native-S07,115,BTC_V2_SETUP_A,2026-03-01 19:15:00+00:00,2026-03-01 19:15:00+00:00,2026-03-01 22:00:00+00:00,SHORT,65959.85951252772,66442.7257312084,64511.26085648569,66442.7257312084,Stop loss,0.05343042765332295,25.799748563451473,-25.799748563451473,-1.0
exness_native-S07,116,BTC_V2_SETUP_A,2026-03-02 20:00:00+00:00,2026-03-02 20:00:00+00:00,2026-03-02 20:00:00+00:00,LONG,69110.43598203092,68618.20102695364,70587.14084726275,68618.20102695364,Stop loss,0.052282449522510176,25.735249192042843,-25.735249192042843,-1.0
exness_native-S07,117,BTC_V2_SETUP_A,2026-03-03 17:30:00+00:00,2026-03-03 17:45:00+00:00,2026-03-04 03:30:00+00:00,LONG,68395.38035252935,67690.23947120599,70510.80299649942,67690.23947120599,Stop loss,0.0364053648696207,25.670911069062736,-25.670911069062736,-1.0
exness_native-S07,118,BTC_V2_SETUP_A,2026-03-04 07:45:00+00:00,2026-03-04 07:45:00+00:00,2026-03-04 08:45:00+00:00,LONG,69072.00607766797,68525.25588349803,70712.25666017781,70712.25666017781,Take profit,0.04683443017384794,25.60673379139008,76.82020137417024,3.0
exness_native-S07,119,BTC_V2_SETUP_A,2026-03-04 12:45:00+00:00,2026-03-04 12:45:00+00:00,2026-03-04 15:45:00+00:00,LONG,71128.80531939652,70458.32702090523,73140.24021487038,73140.24021487038,Take profit,0.03847817946215106,25.798784294825506,77.39635288447651,3.0
exness_native-S07,120,BTC_V2_SETUP_B,2026-03-04 19:00:00+00:00,2026-03-04 19:00:00+00:00,2026-03-04 20:45:00+00:00,LONG,73781.43020214023,73064.35919143909,75932.64323424365,73064.35919143909,Stop loss,0.03624783987798068,25.992275177036696,-25.992275177036692,-0.9999999999999999
exness_native-S07,121,BTC_V2_SETUP_A,2026-03-05 10:30:00+00:00,2026-03-05 10:30:00+00:00,2026-03-05 13:15:00+00:00,LONG,73540.4505297772,72566.6492053342,76461.85450310621,72566.6492053342,Stop loss,0.02662482976589093,25.927294489094102,-25.927294489094102,-1.0
exness_native-S07,122,BTC_V2_SETUP_A,2026-03-08 15:30:00+00:00,2026-03-08 15:45:00+00:00,2026-03-08 19:45:00+00:00,SHORT,67064.63401341448,67428.76897987825,65972.22911402318,67428.76897987825,Stop loss,0.07102442400418243,25.862476252871364,-25.862476252871364,-1.0
exness_native-S07,123,BTC_V2_SETUP_A,2026-03-10 07:15:00+00:00,2026-03-10 07:15:00+00:00,2026-03-10 13:30:00+00:00,LONG,70494.23820740203,69723.70268889696,72805.84476291724,69723.70268889696,Stop loss,0.03348037753313428,25.79782006223919,-25.79782006223919,-1.0
exness_native-S07,124,BTC_V2_SETUP_A,2026-03-10 15:00:00+00:00,2026-03-10 15:00:00+00:00,2026-03-10 18:15:00+00:00,LONG,71623.32071826878,70250.95892259684,75740.4061052846,70250.95892259684,Stop loss,0.018751123496179797,25.733325512083592,-25.733325512083592,-1.0
exness_native-S07,125,BTC_V2_SETUP_A,2026-03-11 16:00:00+00:00,2026-03-11 16:00:00+00:00,2026-03-12 01:45:00+00:00,LONG,70439.54186861149,69746.7371970828,72517.95588319756,69746.7371970828,Stop loss,0.037050835903955595,25.668992198303386,-25.668992198303386,-1.0
exness_native-S07,126,BTC_V2_SETUP_A,2026-03-12 10:45:00+00:00,2026-03-12 10:45:00+00:00,2026-03-12 13:15:00+00:00,LONG,70506.36033181551,70051.53450227673,71870.83782043184,70051.53450227673,Stop loss,0.05629587867464011,25.604819717807626,-25.604819717807626,-1.0
exness_native-S07,127,BTC_V2_SETUP_A,2026-03-12 14:15:00+00:00,2026-03-12 14:15:00+00:00,2026-03-12 14:30:00+00:00,LONG,70489.67390711098,69875.99413933355,72330.71321044327,69875.99413933355,Stop loss,0.04161911311010707,25.540807668513107,-25.540807668513107,-1.0
exness_native-S07,128,BTC_V2_SETUP_A,2026-03-13 09:30:00+00:00,2026-03-13 09:30:00+00:00,2026-03-13 13:15:00+00:00,LONG,71890.87448526865,71516.39827209701,73014.30312478358,73014.30312478358,Take profit,0.06803357530659614,25.476955649341825,76.43086694802548,3.0000000000000004
exness_native-S07,129,BTC_V2_SETUP_A,2026-03-15 07:15:00+00:00,2026-03-15 07:15:00+00:00,2026-03-15 13:00:00+00:00,LONG,71646.21901271856,71395.63148092214,72397.98160810783,71395.63148092214,Stop loss,0.10243140443860747,25.66803281671189,-25.66803281671189,-1.0
exness_native-S07,130,BTC_V2_SETUP_A,2026-03-16 11:45:00+00:00,2026-03-16 12:00:00+00:00,2026-03-16 14:30:00+00:00,LONG,73719.656210319,73414.8006845215,74634.22278771148,73414.8006845215,Stop loss,0.08398687433232842,25.60386273467011,-25.60386273467011,-1.0
exness_native-S07,131,BTC_V2_SETUP_A,2026-03-16 17:45:00+00:00,2026-03-16 17:45:00+00:00,2026-03-17 01:00:00+00:00,LONG,74044.46429603756,73531.88855594366,75582.19151631928,75582.19151631928,Take profit,0.04982649602799099,25.539853077833435,76.61955923350031,3.0000000000000004
exness_native-S07,132,BTC_V2_SETUP_A,2026-03-17 18:00:00+00:00,2026-03-17 18:00:00+00:00,2026-03-17 22:30:00+00:00,LONG,74673.84980541088,74276.43029188368,75866.10834599248,74276.43029188368,Stop loss,0.0647461966513528,25.731401975917187,-25.731401975917187,-1.0
exness_native-S07,133,BTC_V2_SETUP_A,2026-03-20 15:00:00+00:00,2026-03-20 15:00:00+00:00,2026-03-20 20:00:00+00:00,SHORT,69560.66122889896,70207.41315665156,67620.40544564115,70207.41315665156,Stop loss,0.03968611823109356,25.667073470977392,-25.667073470977392,-1.0
exness_native-S07,134,BTC_V2_SETUP_A,2026-03-21 19:30:00+00:00,2026-03-21 19:30:00+00:00,2026-03-21 20:30:00+00:00,SHORT,70347.89144732623,70469.19282901063,69983.98730227302,70469.19282901063,Stop loss,0.14557880988640812,25.60290578729995,-17.658910783192358,-0.6897229138714354
exness_native-S07,135,BTC_V2_SETUP_B,2026-03-22 07:45:00+00:00,2026-03-22 07:45:00+00:00,2026-03-22 21:00:00+00:00,SHORT,68893.29172087372,69225.74311650511,67895.93753397955,67895.93753397955,Take profit,0.07687968480866489,25.558758510341974,76.67627553102592,3.0
exness_native-S07,136,BTC_V2_SETUP_A,2026-03-24 19:30:00+00:00,2026-03-24 19:30:00+00:00,2026-03-24 20:15:00+00:00,SHORT,69425.33422577902,69751.71866133148,68446.18091912163,69751.71866133148,Stop loss,0.0788960697699397,25.750449199169537,-25.750449199169537,-1.0
exness_native-S07,137,BTC_V2_SETUP_A,2026-03-26 14:45:00+00:00,2026-03-26 14:45:00+00:00,2026-03-26 18:15:00+00:00,SHORT,69398.45198840837,69815.35701738745,68147.73690147114,68147.73690147114,Take profit,0.06161132941733065,25.686073076171613,77.05821922851484,3.0
exness_native-S07,138,BTC_V2_SETUP_A,2026-03-27 16:00:00+00:00,2026-03-27 16:00:00+00:00,2026-03-28 13:30:00+00:00,SHORT,65976.36592448027,66527.71111327958,64322.33035808233,66527.71111327958,Stop loss,0.046937416250244224,25.8787186242429,-25.8787186242429,-1.0
exness_native-S07,139,BTC_V2_SETUP_A,2026-03-30 18:00:00+00:00,2026-03-30 18:00:00+00:00,2026-03-31 00:45:00+00:00,SHORT,66661.97673983444,67019.42989024833,65589.61728859278,67019.42989024833,Stop loss,0.07221651787875652,25.814021827682296,-25.814021827682296,-1.0
exness_native-S07,140,BTC_V2_SETUP_A,2026-03-31 12:15:00+00:00,2026-03-31 12:15:00+00:00,2026-03-31 12:30:00+00:00,SHORT,66448.3554686195,66816.07679707077,65345.19148326569,66816.07679707077,Stop loss,0.07002445814487328,25.74948677311309,-25.74948677311309,-1.0
exness_native-S07,141,BTC_V2_SETUP_A,2026-04-02 08:45:00+00:00,2026-04-02 08:45:00+00:00,2026-04-02 14:30:00+00:00,SHORT,66430.86361434255,66785.18957848617,65367.885721911705,66785.18957848617,Stop loss,0.07249006749550412,25.685113056180306,-25.685113056180306,-1.0
exness_native-S07,142,BTC_V2_SETUP_A,2026-04-05 12:15:00+00:00,2026-04-05 12:30:00+00:00,2026-04-05 15:15:00+00:00,SHORT,66862.19367961463,67004.61448057805,66434.93127672438,67004.61448057805,Stop loss,0.15327585808092514,25.620900273539856,-21.829670476240345,-0.8520258946085931
exness_native-S07,143,BTC_V2_SETUP_A,2026-04-06 07:30:00+00:00,2026-04-06 07:30:00+00:00,2026-04-06 09:15:00+00:00,LONG,69126.65939747788,68817.27090378317,70054.82487856202,70054.82487856202,Take profit,0.08263502560174896,25.566326097349258,76.69897829204778,3.0000000000000004
exness_native-S07,144,BTC_V2_SETUP_A,2026-04-06 14:30:00+00:00,2026-04-06 14:30:00+00:00,2026-04-06 22:30:00+00:00,LONG,69687.81617449128,69269.15073826308,70943.81248317588,69269.15073826308,Stop loss,0.06152424182692649,25.758073543079377,-25.758073543079377,-1.0
exness_native-S07,145,BTC_V2_SETUP_A,2026-04-08 08:00:00+00:00,2026-04-08 08:00:00+00:00,2026-04-08 10:30:00+00:00,LONG,71685.73608712925,71512.69586930612,72204.85674059864,71512.69586930612,Stop loss,0.14336842870940303,25.693678359221675,-24.80850413283508,-0.9655489488888656
exness_native-S07,146,BTC_V2_SETUP_B,2026-04-08 12:00:00+00:00,2026-04-08 12:00:00+00:00,2026-04-08 13:15:00+00:00,LONG,71733.50526238602,71362.4589504559,72846.64419817641,72846.64419817641,Take profit,0.06907940134361538,25.631657098889587,76.89497129666876,3.0
exness_native-S07,147,BTC_V2_SETUP_B,2026-04-08 17:00:00+00:00,2026-04-08 17:00:00+00:00,2026-04-08 18:45:00+00:00,LONG,71714.3936198376,71183.80552064955,73306.15791740177,71183.80552064955,Stop loss,0.04867032367791303,25.82389452713126,-25.82389452713126,-1.0
exness_native-S07,148,BTC_V2_SETUP_A,2026-04-09 19:45:00+00:00,2026-04-09 19:45:00+00:00,2026-04-09 23:15:00+00:00,LONG,72224.38834858571,71714.84747712144,73753.01096297851,71714.84747712144,Stop loss,0.050554010940847126,25.759334790813433,-25.759334790813433,-1.0
exness_native-S07,149,BTC_V2_SETUP_A,2026-04-10 14:00:00+00:00,2026-04-10 14:00:00+00:00,2026-04-11 18:30:00+00:00,LONG,72434.05246601083,71991.69630098376,73761.12096109205,73761.12096109205,Take profit,0.05808653407659396,25.694936453836398,77.08480936150919,2.9999999999999996
exness_native-S07,150,BTC_V2_SETUP_B,2026-04-13 19:30:00+00:00,2026-04-13 19:30:00+00:00,2026-04-14 13:30:00+00:00,LONG,72957.77211342036,72270.76154631858,75018.8038147257,75018.8038147257,Take profit,0.03768158703358766,25.887648477240173,77.66294543172053,3.0000000000000004
exness_native-S07,151,BTC_V2_SETUP_A,2026-04-14 15:45:00+00:00,2026-04-14 15:45:00+00:00,2026-04-14 16:45:00+00:00,LONG,75430.74637613891,74730.70043579166,77530.88419718065,74730.70043579166,Stop loss,0.037257277469364275,26.081805840819474,-26.081805840819477,-1.0000000000000002
exness_native-S07,152,BTC_V2_SETUP_A,2026-04-16 20:00:00+00:00,2026-04-16 20:00:00+00:00,2026-04-16 20:15:00+00:00,LONG,75496.64695199365,75120.9045720095,76623.8740919461,75120.9045720095,Stop loss,0.0692405294481686,26.016601326217422,-26.016601326217422,-1.0
exness_native-S07,153,BTC_V2_SETUP_B,2026-04-17 08:45:00+00:00,2026-04-17 08:45:00+00:00,2026-04-17 13:00:00+00:00,LONG,75436.82569918587,74970.9572032565,76834.43118697395,76834.43118697395,Take profit,0.055705762569609144,25.95155982290188,77.85467946870564,3.0
exness_native-S07,154,BTC_V2_SETUP_A,2026-04-17 17:45:00+00:00,2026-04-17 17:45:00+00:00,2026-04-17 18:00:00+00:00,LONG,77659.16066847801,77145.16399728299,79201.15068206309,77145.16399728299,Stop loss,0.050868416055661586,26.146196521573646,-26.146196521573646,-1.0
exness_native-S07,155,BTC_V2_SETUP_A,2026-04-17 20:00:00+00:00,2026-04-17 20:00:00+00:00,2026-04-17 23:15:00+00:00,LONG,77593.57199832794,77153.93700250807,78912.47698578755,77153.93700250807,Stop loss,0.05932382835363663,26.080831030269714,-26.080831030269714,-1.0
exness_native-S07,156,BTC_V2_SETUP_A,2026-04-20 09:15:00+00:00,2026-04-20 09:15:00+00:00,2026-04-21 08:45:00+00:00,LONG,75165.04487125594,74636.18269311608,76751.63140567555,76751.63140567555,Take profit,0.049191698760151566,26.01562895269404,78.04688685808212,3.0
exness_native-S07,157,BTC_V2_SETUP_B,2026-04-22 08:15:00+00:00,2026-04-22 08:15:00+00:00,2026-04-22 14:00:00+00:00,LONG,78194.59375546243,77928.24497815031,78993.64008739877,78993.64008739877,Take profit,0.09840760837856095,26.21074616983925,78.63223850951776,3.0000000000000004
exness_native-S07,158,BTC_V2_SETUP_B,2026-04-22 15:45:00+00:00,2026-04-22 15:45:00+00:00,2026-04-22 16:30:00+00:00,LONG,79373.88823730734,78801.73705077065,81090.34179691742,78801.73705077065,Stop loss,0.04615445600307174,26.40732676611304,-26.40732676611304,-1.0
exness_native-S07,159,BTC_V2_SETUP_A,2026-04-22 18:45:00+00:00,2026-04-22 18:45:00+00:00,2026-04-22 19:00:00+00:00,LONG,79091.66684969189,78796.83472546216,79976.16322238106,78796.83472546216,Stop loss,0.08934341370709457,26.341308449197758,-26.341308449197758,-1.0
exness_native-S07,160,BTC_V2_SETUP_B,2026-04-25 10:30:00+00:00,2026-04-25 10:30:00+00:00,2026-04-25 11:15:00+00:00,LONG,77867.47394126549,77721.60423493804,78305.08306024782,77721.60423493804,Stop loss,0.13497525397006727,26.27545517807476,-19.688800658086,-0.7493229146612495
exness_native-S07,161,BTC_V2_SETUP_B,2026-04-26 08:00:00+00:00,2026-04-26 08:00:00+00:00,2026-04-26 09:30:00+00:00,LONG,78148.07135783778,77949.4945686489,78743.80172540442,77949.4945686489,Stop loss,0.1320709901874968,26.226233176429545,-26.226233176429545,-1.0
exness_native-S07,162,BTC_V2_SETUP_A,2026-04-26 10:00:00+00:00,2026-04-26 10:00:00+00:00,2026-04-26 12:45:00+00:00,LONG,78043.11258007618,77930.03112988571,78382.35693064758,77930.03112988571,Stop loss,0.1340831585446893,26.160667593488473,-15.162318014351891,-0.579584521693394
exness_native-S07,163,BTC_V2_SETUP_A,2026-05-01 17:15:00+00:00,2026-05-01 17:30:00+00:00,2026-05-01 20:30:00+00:00,LONG,78381.69480127159,78023.0677980926,79457.57581080856,78023.0677980926,Stop loss,0.07284103418563487,26.122761798452593,-26.122761798452593,-1.0
exness_native-S07,164,BTC_V2_SETUP_A,2026-05-02 14:00:00+00:00,2026-05-02 14:15:00+00:00,2026-05-02 21:30:00+00:00,LONG,78415.75908389555,78281.07137415669,78819.82221311214,78819.82221311214,Take profit,0.13291948046350263,26.05745489395646,53.70786120992663,2.0611322720694094
exness_native-S07,165,BTC_V2_SETUP_A,2026-05-03 09:30:00+00:00,2026-05-03 09:30:00+00:00,2026-05-03 20:30:00+00:00,LONG,78544.599232345,78352.6811514825,79120.35347493253,79120.35347493253,Take profit,0.1333852349007615,26.191724546981277,76.79711489264758,2.9321137199229907
exness_native-S07,166,BTC_V2_SETUP_A,2026-05-04 15:45:00+00:00,2026-05-04 15:45:00+00:00,2026-05-06 08:45:00+00:00,LONG,80007.30144318209,79348.06283522687,81985.01726704776,81985.01726704776,Take profit,0.04002149906852076,26.383717334212896,79.1511520026387,3.0000000000000004
exness_native-S07,167,BTC_V2_SETUP_B,2026-05-06 09:45:00+00:00,2026-05-06 10:00:00+00:00,2026-05-06 13:45:00+00:00,LONG,82060.64811888889,81615.5675244445,83395.88990222204,81615.5675244445,Stop loss,0.059723105311752615,26.58159521421949,-26.58159521421949,-1.0
exness_native-S07,168,BTC_V2_SETUP_B,2026-05-09 08:15:00+00:00,2026-05-09 08:15:00+00:00,2026-05-10 15:30:00+00:00,LONG,80398.68508410448,80134.8996635821,81190.04134567163,81190.04134567163,Take profit,0.1005178420159649,26.515141226183943,79.54542367855183,3.0
exness_native-S07,169,BTC_V2_SETUP_A,2026-05-10 19:15:00+00:00,2026-05-10 19:15:00+00:00,2026-05-10 20:15:00+00:00,LONG,81404.27494481269,81088.05758278097,82352.92703090784,81088.05758278097,Stop loss,0.0844798799589654,26.71400478538032,-26.71400478538032,-1.0
exness_native-S07,170,BTC_V2_SETUP_A,2026-05-11 13:15:00+00:00,2026-05-11 13:15:00+00:00,2026-05-11 13:30:00+00:00,LONG,81307.42860090114,80974.1720986483,82307.19810765967,80974.1720986483,Stop loss,0.07996008958048624,26.647219773416868,-26.647219773416868,-1.0
exness_native-S07,171,BTC_V2_SETUP_A,2026-05-11 16:00:00+00:00,2026-05-11 16:00:00+00:00,2026-05-12 01:30:00+00:00,LONG,81494.93559548492,81089.72660677263,82710.56256162177,81089.72660677263,Stop loss,0.06559726576760765,26.580601723983328,-26.580601723983328,-1.0
exness_native-S07,172,BTC_V2_SETUP_A,2026-05-14 11:45:00+00:00,2026-05-14 11:45:00+00:00,2026-05-14 12:15:00+00:00,SHORT,79194.53528892541,79417.5320666119,78525.54495586597,79417.5320666119,Stop loss,0.11889925269212054,26.51415021967337,-26.51415021967337,-1.0
exness_native-S07,173,BTC_V2_SETUP_B,2026-05-16 09:15:00+00:00,2026-05-16 09:15:00+00:00,2026-05-17 10:00:00+00:00,SHORT,78176.77204326722,78466.9618269311,77306.20269227558,78466.9618269311,Stop loss,0.09113988959293605,26.447864844124187,-26.447864844124187,-1.0
exness_native-S07,174,BTC_V2_SETUP_A,2026-05-17 17:00:00+00:00,2026-05-17 17:00:00+00:00,2026-05-17 18:00:00+00:00,SHORT,77953.7467207883,78177.87491881756,77281.36212670054,78177.87491881756,Stop loss,0.11770828219736236,26.38174518201388,-26.38174518201388,-1.0
exness_native-S07,175,BTC_V2_SETUP_A,2026-05-18 10:00:00+00:00,2026-05-18 10:00:00+00:00,2026-05-18 11:30:00+00:00,SHORT,76825.97844340416,77002.59733489377,76296.12176893535,77002.59733489377,Stop loss,0.137015063665971,26.315790819058844,-24.199448662061414,-0.9195790021455598
exness_native-S07,176,BTC_V2_SETUP_A,2026-05-18 14:15:00+00:00,2026-05-18 14:15:00+00:00,2026-05-18 20:00:00+00:00,SHORT,76574.39718701609,76996.09921947586,75309.29108963678,76996.09921947586,Stop loss,0.06226029323182951,26.25529219740369,-26.25529219740369,-1.0
exness_native-S07,177,BTC_V2_SETUP_B,2026-05-21 12:30:00+00:00,2026-05-21 12:30:00+00:00,2026-05-21 12:30:00+00:00,SHORT,76998.06458393227,77239.74166427097,76273.03334291615,77239.74166427097,Stop loss,0.10836631231313303,26.189653966910182,-26.189653966910182,-1.0
exness_native-S07,178,BTC_V2_SETUP_B,2026-05-22 13:30:00+00:00,2026-05-22 13:30:00+00:00,2026-05-22 18:45:00+00:00,SHORT,77203.7558095517,77501.0567617932,76311.85295282722,76311.85295282722,Take profit,0.08787116097351931,26.124179831992905,78.37253949597871,3.0
exness_native-S07,179,BTC_V2_SETUP_A,2026-05-26 07:15:00+00:00,2026-05-26 07:15:00+00:00,2026-05-26 10:15:00+00:00,SHORT,76545.35112127928,76889.06331808107,75514.21453087391,76889.06331808107,Stop loss,0.07657601745192374,26.32011118073285,-26.32011118073285,-1.0
exness_native-S07,180,BTC_V2_SETUP_A,2026-05-27 16:15:00+00:00,2026-05-27 16:15:00+00:00,2026-05-28 03:15:00+00:00,SHORT,75008.09021758176,75354.82467362736,73967.88684944497,73967.88684944497,Take profit,0.07571878261596388,26.25431090278102,78.76293270834306,2.9999999999999996
exness_native-S07,181,BTC_V2_SETUP_A,2026-05-28 13:15:00+00:00,2026-05-28 13:15:00+00:00,2026-05-28 17:45:00+00:00,SHORT,73162.58319952943,73511.09520070585,72117.04719600016,73511.09520070585,Stop loss,0.07589758213566312,26.45121823455188,-26.45121823455188,-1.0
exness_native-S07,182,BTC_V2_SETUP_B,2026-05-29 13:15:00+00:00,2026-05-29 13:15:00+00:00,2026-05-29 15:00:00+00:00,SHORT,72955.70653289181,73310.89386843276,71890.14452626897,73310.89386843276,Stop loss,0.07428499709535302,26.3850901889655,-26.3850901889655,-1.0
exness_native-S07,183,BTC_V2_SETUP_A,2026-05-31 10:00:00+00:00,2026-05-31 10:15:00+00:00,2026-05-31 23:00:00+00:00,SHORT,73670.62012744449,73926.28980883327,72903.61108327814,73926.28980883327,Stop loss,0.10294191833982468,26.319127463493086,-26.319127463493086,-1.0
exness_native-S07,184,BTC_V2_SETUP_A,2026-06-01 09:45:00+00:00,2026-06-01 09:45:00+00:00,2026-06-01 12:00:00+00:00,SHORT,72775.13088571216,73013.94367143176,72058.69252855338,72058.69252855338,Take profit,0.10993268038697109,26.253329644834352,78.75998893450306,3.0
exness_native-S07,185,BTC_V2_SETUP_A,2026-06-01 18:15:00+00:00,2026-06-01 18:15:00+00:00,2026-06-02 02:00:00+00:00,SHORT,71293.95901970674,71683.68147043987,70124.79166750736,70124.79166750736,Take profit,0.06786940184588737,26.450229617170613,79.35068885151183,2.9999999999999996
exness_native-S07,186,BTC_V2_SETUP_B,2026-06-02 09:15:00+00:00,2026-06-02 09:15:00+00:00,2026-06-02 14:15:00+00:00,SHORT,69372.65821399992,69899.71714400034,67791.48142399866,67791.48142399866,Take profit,0.05056096163531105,26.64860633929939,79.94581901789817,3.0
exness_native-S07,187,BTC_V2_SETUP_B,2026-06-02 18:30:00+00:00,2026-06-02 18:30:00+00:00,2026-06-02 21:00:00+00:00,SHORT,67151.48418328413,67623.9532668635,65734.07693254606,67623.9532668635,Stop loss,0.056825878814003895,26.848470886844133,-26.848470886844133,-1.0
exness_native-S07,188,BTC_V2_SETUP_A,2026-06-03 15:45:00+00:00,2026-06-03 15:45:00+00:00,2026-06-03 23:30:00+00:00,SHORT,66047.16260885028,66675.7760867246,64161.32217522734,64161.32217522734,Take profit,0.04260384266686327,26.781349709627026,80.34404912888108,3.0
exness_native-S07,189,BTC_V2_SETUP_A,2026-06-04 07:15:00+00:00,2026-06-04 07:15:00+00:00,2026-06-04 13:30:00+00:00,SHORT,63546.25389442553,64145.54415836171,61748.383102616994,64145.54415836171,Stop loss,0.04502360785110754,26.982209832449225,-26.982209832449225,-1.0
exness_native-S07,190,BTC_V2_SETUP_B,2026-06-04 16:15:00+00:00,2026-06-04 16:30:00+00:00,2026-06-04 18:30:00+00:00,SHORT,63538.290288431046,64022.268846275794,62086.3546148968,64022.268846275794,Stop loss,0.055611460201304794,26.9147543078681,-26.9147543078681,-1.0
exness_native-S07,191,BTC_V2_SETUP_A,2026-06-05 11:15:00+00:00,2026-06-05 11:30:00+00:00,2026-06-05 14:00:00+00:00,SHORT,62108.78932863481,62615.57100704778,60588.44429339591,60588.44429339591,Take profit,0.05297639706741897,26.84746742209843,80.54240226629528,3.0
exness_native-S07,192,BTC_V2_SETUP_A,2026-06-05 17:15:00+00:00,2026-06-05 17:15:00+00:00,2026-06-05 20:45:00+00:00,SHORT,60764.630136606094,61664.38479509086,58065.3661611518,61664.38479509086,Stop loss,0.030062443325734826,27.04882342776417,-27.04882342776417,-1.0
exness_native-S07,193,BTC_V2_SETUP_A,2026-06-09 09:00:00+00:00,2026-06-09 09:00:00+00:00,2026-06-09 14:15:00+00:00,SHORT,62753.573125253664,63040.3003121195,61893.39156465616,61893.39156465616,Take profit,0.09410060365785869,26.98120136919476,80.94360410758429,3.0000000000000004
exness_native-S07,194,BTC_V2_SETUP_A,2026-06-09 17:45:00+00:00,2026-06-09 17:45:00+00:00,2026-06-09 18:15:00+00:00,SHORT,61572.165566378484,61887.37165043226,60626.54731421716,61887.37165043226,Stop loss,0.08624059545381807,27.18356037946372,-27.18356037946372,-1.0
exness_native-S07,195,BTC_V2_SETUP_A,2026-06-10 08:45:00+00:00,2026-06-10 08:45:00+00:00,2026-06-10 12:30:00+00:00,SHORT,61145.40886138744,61628.36170791885,59696.55032179322,61628.36170791885,Stop loss,0.05614544292110659,27.11560147851506,-27.11560147851506,-1.0
exness_native-S07,196,BTC_V2_SETUP_B,2026-06-14 08:00:00+00:00,2026-06-14 08:00:00+00:00,2026-06-14 13:15:00+00:00,LONG,64417.373457037684,64245.08617184926,64934.235312602956,64245.08617184926,Stop loss,0.15699250496191647,27.04781247481877,-27.047812474818773,-1.0000000000000002
exness_native-S07,197,BTC_V2_SETUP_A,2026-06-15 11:00:00+00:00,2026-06-15 11:00:00+00:00,2026-06-15 15:45:00+00:00,LONG,65967.60460503028,65631.50809245458,66975.8941427574,66975.8941427574,Take profit,0.08027513507018127,26.980192943631724,80.94057883089518,3.0
exness_native-S07,198,BTC_V2_SETUP_A,2026-06-19 08:45:00+00:00,2026-06-19 09:00:00+00:00,2026-06-19 12:45:00+00:00,SHORT,62478.322893840115,62780.03065923983,61573.19959764098,62780.03065923983,Stop loss,0.09009560743223409,27.182544390708962,-27.18254439070896,-0.9999999999999999
exness_native-S07,199,BTC_V2_SETUP_A,2026-06-23 12:15:00+00:00,2026-06-23 12:15:00+00:00,2026-06-23 14:00:00+00:00,SHORT,62270.48886649161,62545.206700262584,61446.335365178675,62545.206700262584,Stop loss,0.0986997737188648,27.11458802973219,-27.11458802973219,-1.0
exness_native-S07,200,BTC_V2_SETUP_A,2026-06-23 15:15:00+00:00,2026-06-23 15:15:00+00:00,2026-06-23 16:00:00+00:00,SHORT,62185.634415300745,62505.24837704888,61226.79253005633,62505.24837704888,Stop loss,0.08462334189571863,27.04680155965786,-27.04680155965786,-1.0
exness_native-S07,201,BTC_V2_SETUP_A,2026-06-23 18:00:00+00:00,2026-06-23 18:00:00+00:00,2026-06-23 21:30:00+00:00,SHORT,62201.253868021115,62550.23919796832,61154.29787817949,62550.23919796832,Stop loss,0.0773075033264002,26.979184555758717,-26.979184555758717,-1.0
exness_native-S07,202,BTC_V2_SETUP_A,2026-06-25 15:00:00+00:00,2026-06-25 15:00:00+00:00,2026-06-25 16:00:00+00:00,SHORT,59143.27009656806,59879.589855147904,56934.31082082854,59879.589855147904,Stop loss,0.03654898063074484,26.911736594369316,-26.911736594369316,-1.0
exness_native-S07,203,BTC_V2_SETUP_A,2026-06-25 18:45:00+00:00,2026-06-25 19:00:00+00:00,2026-06-25 21:30:00+00:00,SHORT,59209.39395100469,59746.724073492966,57597.40358353987,59746.724073492966,Stop loss,0.04995896587478063,26.844457252883394,-26.844457252883394,-1.0
exness_native-S07,204,BTC_V2_SETUP_A,2026-06-28 16:15:00+00:00,2026-06-28 16:15:00+00:00,2026-06-28 22:30:00+00:00,SHORT,59691.61231429186,59912.331528562216,59029.45467148079,59029.45467148079,Take profit,0.12131860018743926,26.777346109751182,80.33203832925355,3.0
exness_native-S07,205,BTC_V2_SETUP_B,2026-06-30 08:15:00+00:00,2026-06-30 08:15:00+00:00,2026-06-30 12:15:00+00:00,SHORT,59320.32599990568,59503.51600037726,58770.755998490946,58770.755998490946,Take profit,0.14726882546058975,26.978176205574318,80.93452861672296,3.0
exness_native-S07,206,BTC_V2_SETUP_A,2026-06-30 15:00:00+00:00,2026-06-30 15:00:00+00:00,2026-07-01 01:30:00+00:00,SHORT,58257.86019930745,58893.849701038824,56349.89169411332,58893.849701038824,Stop loss,0.04273736037013457,27.180512527116125,-27.180512527116125,-1.0
exness_native-S07,207,BTC_V2_SETUP_B,2026-07-01 12:15:00+00:00,2026-07-01 12:30:00+00:00,2026-07-01 13:00:00+00:00,SHORT,58290.16751815463,58667.29992738146,57158.77029047415,58667.29992738146,Stop loss,0.07189135853209451,27.112561245798332,-27.112561245798336,-1.0000000000000002
exness_native-S07,208,BTC_V2_SETUP_B,2026-07-03 07:45:00+00:00,2026-07-03 07:45:00+00:00,2026-07-03 08:45:00+00:00,LONG,61777.140414508096,61594.61834196762,62324.70663212951,61594.61834196762,Stop loss,0.14817265367555438,27.044779842683838,-27.044779842683838,-1.0
exness_native-S07,209,BTC_V2_SETUP_A,2026-07-03 10:30:00+00:00,2026-07-03 10:30:00+00:00,2026-07-03 15:00:00+00:00,LONG,61730.21299920477,61551.935501192835,62265.04549324058,62265.04549324058,Take profit,0.1513212166084528,26.97716789307713,80.9315036792314,3.0000000000000004
exness_native-S07,210,BTC_V2_SETUP_A,2026-07-03 17:00:00+00:00,2026-07-03 17:00:00+00:00,2026-07-03 20:30:00+00:00,LONG,62108.97889650499,61900.00665524252,62735.895620292395,62735.895620292395,Take profit,0.13006271305736639,27.179496652275212,81.53848995682563,2.9999999999999996
exness_native-S07,211,BTC_V2_SETUP_A,2026-07-04 14:15:00+00:00,2026-07-04 14:15:00+00:00,2026-07-04 17:30:00+00:00,LONG,62656.98337159681,62503.10994260479,63118.60365857289,63118.60365857289,Take profit,0.1748143073838469,27.383342877167273,80.69783074205512,2.946967837493005
exness_native-S07,212,BTC_V2_SETUP_B,2026-07-04 19:30:00+00:00,2026-07-04 19:30:00+00:00,2026-07-04 23:00:00+00:00,LONG,63341.595138187906,63032.79944724837,64267.982211006514,63032.79944724837,Stop loss,0.08933119296481284,27.585087454022414,-27.585087454022414,-1.0
exness_native-S07,213,BTC_V2_SETUP_A,2026-07-09 13:15:00+00:00,2026-07-09 13:30:00+00:00,2026-07-09 13:30:00+00:00,LONG,62909.03622092349,62494.65566861476,64152.177877849674,62494.65566861476,Stop loss,0.06640303118010916,27.516124735387358,-27.516124735387358,-1.0
exness_native-S07,214,BTC_V2_SETUP_B,2026-07-09 13:45:00+00:00,2026-07-09 13:45:00+00:00,2026-07-10 12:00:00+00:00,LONG,62930.295134357235,62409.11946257108,64493.82214971571,64493.82214971571,Take profit,0.052664266406530894,27.447334423548888,82.34200327064667,3.0000000000000004
exness_native-S07,215,BTC_V2_SETUP_A,2026-07-10 13:45:00+00:00,2026-07-10 13:45:00+00:00,2026-07-10 14:15:00+00:00,LONG,64437.35639134352,64046.60541298472,65609.60932641993,64046.60541298472,Stop loss,0.0707693415071459,27.653189431725504,-27.6531894317255,-0.9999999999999999
exness_native-S07,216,BTC_V2_SETUP_A,2026-07-11 17:30:00+00:00,2026-07-11 17:30:00+00:00,2026-07-11 22:45:00+00:00,LONG,64283.828839898015,64106.636740152986,64815.4051391331,64106.636740152986,Stop loss,0.1556731733403372,27.584056458146193,-27.584056458146193,-1.0
exness_native-S07,217,BTC_V2_SETUP_A,2026-07-15 14:15:00+00:00,2026-07-15 14:30:00+00:00,2026-07-15 16:30:00+00:00,LONG,65395.29633898951,64929.490491515746,66792.7138814108,64929.490491515746,Stop loss,0.05906988172481167,27.515096317000825,-27.515096317000825,-1.0
exness_native-S07,218,BTC_V2_SETUP_A,2026-07-18 14:00:00+00:00,2026-07-18 14:00:00+00:00,2026-07-18 17:45:00+00:00,LONG,64082.77969357514,63963.03045963729,64442.02739538869,64442.02739538869,Take profit,0.17131784050222812,27.44630857620832,61.54554048008648,2.2423977457368123
exness_native-S07,219,BTC_V2_SETUP_A,2026-07-20 15:15:00+00:00,2026-07-20 15:30:00+00:00,2026-07-24 13:30:00+00:00,LONG,64987.19310804582,64262.99033793127,67159.80141838948,64262.99033793127,Stop loss,0.03811111137153297,27.600172427408538,-27.600172427408538,-1.0
exness_native-S07,220,BTC_V2_SETUP_A,2026-07-27 10:30:00+00:00,2026-07-27 10:45:00+00:00,2026-07-27 11:15:00+00:00,LONG,65362.94748473808,65140.828772892884,66029.30362027365,65140.828772892884,Stop loss,0.12394800855646997,27.531171996340017,-27.531171996340017,-1.0
exness_native-S07,221,BTC_V2_SETUP_A,2026-07-28 07:45:00+00:00,2026-07-28 07:45:00+00:00,2026-07-28 13:30:00+00:00,SHORT,63386.38715220889,63542.66927168667,62917.54079377555,62917.54079377555,Take profit,0.17330121056058428,27.462344066349168,81.25164148341885,2.9586564528910735
exness_native-S07,222,BTC_V2_SETUP_A,2026-07-31 11:15:00+00:00,2026-07-31 11:15:00+00:00,2026-07-31 13:45:00+00:00,SHORT,63802.35021507883,63981.92967738174,63263.61182817011,63263.61182817011,Take profit,0.15405699969962483,27.665473170057716,82.99641951017315,3.0000000000000004
exness_native-S07,223,BTC_V2_SETUP_A,2026-07-31 19:30:00+00:00,2026-07-31 19:30:00+00:00,2026-08-01 05:00:00+00:00,SHORT,62904.358425569306,63056.58236164604,62447.6866173391,63056.58236164604,Stop loss,0.17724027343392074,27.87296421883315,-26.980212053428076,-0.9679706773059371
exness_native-S07,224,BTC_V2_SETUP_A,2026-08-02 12:45:00+00:00,2026-08-02 13:00:00+00:00,2026-08-02 16:30:00+00:00,SHORT,63018.07697564816,63177.824536527754,62538.83429300938,63177.824536527754,Stop loss,0.1740590813130308,27.80551368869958,-27.80551368869958,-1.0
exness_native-S07,225,BTC_V2_SETUP_A,2026-08-03 12:00:00+00:00,2026-08-03 12:00:00+00:00,2026-08-03 12:30:00+00:00,SHORT,62421.04964848531,62667.33052727204,61682.20701212511,62667.33052727204,Stop loss,0.1126193801204351,27.73599990447783,-27.73599990447783,-1.0
exness_native-S07,226,BTC_V2_SETUP_A,2026-08-05 17:30:00+00:00,2026-08-05 17:30:00+00:00,2026-08-06 02:15:00+00:00,LONG,64594.74172183427,64419.25741724859,65121.194635591295,64419.25741724859,Stop loss,0.15765888561964841,27.666659904716635,-27.666659904716635,-1.0
exness_native-S07,227,BTC_V2_SETUP_B,2026-08-06 07:15:00+00:00,2026-08-06 07:15:00+00:00,2026-08-06 07:30:00+00:00,LONG,64886.23791919939,64714.59832320245,65401.1567071902,64714.59832320245,Stop loss,0.16078745172207942,27.59749325495484,-27.597493254954838,-0.9999999999999999
exness_native-S07,228,BTC_V2_SETUP_A,2026-08-06 17:00:00+00:00,2026-08-06 17:00:00+00:00,2026-08-06 17:30:00+00:00,LONG,64749.51741077852,64540.53388383221,65376.46799161744,64540.53388383221,Stop loss,0.1317256911301442,27.52849952181746,-27.528499521817455,-0.9999999999999999
exness_native-S07,229,BTC_V2_SETUP_A,2026-08-07 14:30:00+00:00,2026-08-07 14:30:00+00:00,2026-08-07 17:00:00+00:00,LONG,65224.529032448845,64681.956451326725,66852.2467758152,64681.956451326725,Stop loss,0.050610147339591426,27.459678273012916,-27.459678273012916,-1.0
exness_native-S07,230,BTC_V2_SETUP_B,2026-08-07 19:30:00+00:00,2026-08-07 19:30:00+00:00,2026-08-10 13:30:00+00:00,LONG,64950.158973346726,64651.824106613094,65845.16357354762,64651.824106613094,Stop loss,0.09181303337831583,27.39102907733038,-27.39102907733038,-1.0
exness_native-S07,231,BTC_V2_SETUP_A,2026-08-13 16:30:00+00:00,2026-08-13 16:30:00+00:00,2026-08-13 22:00:00+00:00,SHORT,63207.786340361745,63555.85548945738,62163.57889307483,63555.85548945738,Stop loss,0.07849748124942187,27.322551504637055,-27.322551504637055,-1.0
exness_native-S07,232,BTC_V2_SETUP_A,2026-08-14 12:45:00+00:00,2026-08-14 12:45:00+00:00,2026-08-14 15:30:00+00:00,SHORT,62663.19893583507,62877.6015962474,62019.990954598084,62877.6015962474,Stop loss,0.12711710327409878,27.25424512587546,-27.25424512587546,-1.0
exness_native-S07,233,BTC_V2_SETUP_B,2026-08-14 19:00:00+00:00,2026-08-14 19:00:00+00:00,2026-08-15 02:15:00+00:00,SHORT,62806.622165659035,63001.66133736384,62221.50465054462,63001.66133736384,Stop loss,0.13938794589533793,27.18610951306077,-27.186109513060767,-0.9999999999999999
exness_native-S07,234,BTC_V2_SETUP_A,2026-08-16 12:30:00+00:00,2026-08-16 12:30:00+00:00,2026-08-16 13:00:00+00:00,SHORT,62930.09191565213,62956.63712652181,62850.45628304307,62956.63712652181,Stop loss,0.17236996428116277,27.118144239278116,-4.575597049443456,-0.16872825105842337
exness_native-S07,235,BTC_V2_SETUP_A,2026-08-18 11:15:00+00:00,2026-08-18 11:15:00+00:00,2026-08-18 13:15:00+00:00,LONG,64279.97002976493,64092.1949553526,64843.29525300193,64092.1949553526,Stop loss,0.14435731329884177,27.10670524665451,-27.10670524665451,-1.0
exness_native-S07,236,BTC_V2_SETUP_A,2026-08-18 15:30:00+00:00,2026-08-18 15:30:00+00:00,2026-08-18 18:00:00+00:00,LONG,64820.54366025349,64609.78950961976,65452.80611215468,64609.78950961976,Stop loss,0.12829611375260164,27.038938483537873,-27.038938483537873,-1.0
exness_native-S07,237,BTC_V2_SETUP_A,2026-08-20 08:00:00+00:00,2026-08-20 08:00:00+00:00,2026-08-20 08:00:00+00:00,LONG,69827.01941555801,69440.83087666298,70985.5850322431,70985.5850322431,Take profit,0.0698398280137981,26.971341137329027,80.91402341198709,3.0000000000000004
exness_native-S07,238,BTC_V2_SETUP_A,2026-08-20 14:00:00+00:00,2026-08-20 14:00:00+00:00,2026-08-21 00:15:00+00:00,LONG,71883.04235171956,71257.55147242069,73759.51498961617,73759.51498961617,Take profit,0.0434436809475441,27.173626195858997,81.520878587577,3.0000000000000004
exness_native-S07,239,BTC_V2_SETUP_A,2026-08-21 13:45:00+00:00,2026-08-21 13:45:00+00:00,2026-08-23 05:00:00+00:00,LONG,77427.76923892662,76015.88114161008,81663.43353087622,76015.88114161008,Stop loss,0.019390650324457054,27.37742839232794,-27.377428392327943,-1.0000000000000002
exness_native-S07,240,BTC_V2_SETUP_A,2026-08-23 16:15:00+00:00,2026-08-23 16:30:00+00:00,2026-08-24 01:45:00+00:00,LONG,77337.05662490636,77046.19506264047,78209.641311704,77046.19506264047,Stop loss,0.09388997504037098,27.308984821347117,-27.308984821347117,-1.0
exness_native-S07,241,BTC_V2_SETUP_A,2026-08-24 12:30:00+00:00,2026-08-24 12:30:00+00:00,2026-08-24 13:45:00+00:00,LONG,78558.65903533968,77846.36144699049,80695.55180038724,77846.36144699049,Stop loss,0.03824344319686165,27.24071235929375,-27.240712359293752,-1.0000000000000002
exness_native-S07,242,BTC_V2_SETUP_A,2026-08-24 14:00:00+00:00,2026-08-24 14:00:00+00:00,2026-08-26 15:00:00+00:00,LONG,78675.96426530465,77685.98360204302,81645.90625508952,77685.98360204302,Stop loss,0.027447617500802206,27.172610578395517,-27.172610578395517,-1.0
exness_native-S07,243,BTC_V2_SETUP_A,2026-08-27 11:00:00+00:00,2026-08-27 11:00:00+00:00,2026-08-27 11:30:00+00:00,LONG,79695.93382143583,79394.63426784625,80599.83248220455,79394.63426784625,Stop loss,0.08995924065945025,27.104679051949525,-27.104679051949525,-1.0
exness_native-S07,244,BTC_V2_SETUP_B,2026-08-29 19:15:00+00:00,2026-08-29 19:15:00+00:00,2026-08-29 21:00:00+00:00,LONG,78311.21537343174,78100.18850627303,78944.29597490787,78100.18850627303,Stop loss,0.12812073513836267,27.036917354319648,-27.036917354319648,-1.0
exness_native-S07,245,BTC_V2_SETUP_B,2026-08-30 16:15:00+00:00,2026-08-30 16:15:00+00:00,2026-08-30 20:30:00+00:00,LONG,79203.83383206576,78694.05467173696,80733.17131305218,78694.05467173696,Stop loss,0.05290393793959469,26.969325060933848,-26.969325060933848,-1.0
exness_native-S07,246,BTC_V2_SETUP_A,2026-08-31 16:45:00+00:00,2026-08-31 16:45:00+00:00,2026-08-31 23:00:00+00:00,LONG,78805.42061426025,78459.69907860964,79842.58522121207,78459.69907860964,Stop loss,0.07781378645578271,26.90190174828151,-26.90190174828151,-1.0
exness_native-S07,247,BTC_V2_SETUP_B,2026-09-03 12:45:00+00:00,2026-09-03 12:45:00+00:00,2026-09-03 14:45:00+00:00,LONG,78434.24013534155,77848.35945863384,80191.88216546466,80191.88216546466,Take profit,0.04580223936502794,26.834646993910805,80.50394098173243,3.0000000000000004
exness_native-S07,248,BTC_V2_SETUP_A,2026-09-09 12:15:00+00:00,2026-09-09 12:30:00+00:00,2026-09-09 13:30:00+00:00,LONG,79462.36470848133,79185.22793727802,80293.77502209126,79185.22793727802,Stop loss,0.09755438345109166,27.035906846365137,-27.035906846365137,-1.0
exness_native-S07,249,BTC_V2_SETUP_B,2026-09-09 19:45:00+00:00,2026-09-09 19:45:00+00:00,2026-09-10 12:30:00+00:00,SHORT,78254.53217452802,78617.70130188788,77165.02479244846,77165.02479244846,Take profit,0.07425828642236701,26.96831707924922,80.90495123774767,3.0
exness_native-S07,250,BTC_V2_SETUP_B,2026-09-10 16:15:00+00:00,2026-09-10 16:15:00+00:00,2026-09-10 17:30:00+00:00,SHORT,76852.16160005478,77334.45359978087,75405.28560087651,77334.45359978087,Stop loss,0.05633636774562849,27.170579457343592,-27.170579457343592,-1.0
exness_native-S07,251,BTC_V2_SETUP_A,2026-09-11 11:00:00+00:00,2026-09-11 11:00:00+00:00,2026-09-11 12:00:00+00:00,SHORT,76929.40071316529,77058.80893025205,76541.176061905,77058.80893025205,Stop loss,0.14092221053302464,27.102653008700237,-18.236492013004074,-0.6728674129115688
exness_native-S07,252,BTC_V2_SETUP_A,2026-09-13 08:00:00+00:00,2026-09-13 08:00:00+00:00,2026-09-13 08:30:00+00:00,SHORT,77054.80460931346,77165.18808602981,76723.65417916441,76723.65417916441,Take profit,0.14045619564336623,27.057061778667727,46.51212960439978,1.7190384523226678
exness_native-S07,253,BTC_V2_SETUP_A,2026-09-13 12:45:00+00:00,2026-09-13 12:45:00+00:00,2026-09-13 13:45:00+00:00,SHORT,76647.52059683623,76867.34910474565,75988.03507310797,76867.34910474565,Stop loss,0.12361154775192043,27.173342102678724,-27.173342102678724,-1.0
exness_native-S07,254,BTC_V2_SETUP_A,2026-09-15 11:15:00+00:00,2026-09-15 11:15:00+00:00,2026-09-15 14:30:00+00:00,SHORT,76927.90340002983,77228.40489995526,76026.39890025352,76026.39890025352,Take profit,0.09020057721558089,27.10540874742203,81.31622624226608,3.0
