segment_id,signal_time,setup_id,direction,trigger,stop
exness_native-S01,2023-11-17 15:45:00+00:00,BTC_V2_SETUP_A,SHORT,35924.310664899625,36169.75400265056
exness_native-S01,2023-11-19 09:30:00+00:00,BTC_V2_SETUP_A,LONG,36643.90333411066,36544.694998834
exness_native-S01,2023-11-20 08:00:00+00:00,BTC_V2_SETUP_A,LONG,37273.51316646973,37137.985250295395
exness_native-S01,2023-11-20 10:15:00+00:00,BTC_V2_SETUP_A,LONG,37243.90622574107,37130.99066138839
exness_native-S01,2023-11-20 14:45:00+00:00,BTC_V2_SETUP_A,LONG,37306.880295656636,37057.30455651505
exness_native-S01,2023-11-23 09:00:00+00:00,BTC_V2_SETUP_A,LONG,37519.587873528224,37375.16818970767
exness_native-S01,2023-11-23 09:45:00+00:00,BTC_V2_SETUP_B,LONG,37553.51951131027,37408.87195475892
exness_native-S01,2023-11-23 10:45:00+00:00,BTC_V2_SETUP_A,LONG,37515.33919887886,37365.96120168171
exness_native-S01,2023-11-23 12:30:00+00:00,BTC_V2_SETUP_A,LONG,37522.70971138112,37336.41543292832
exness_native-S01,2023-11-24 13:15:00+00:00,BTC_V2_SETUP_A,LONG,37825.97788769037,37586.31316846445
exness_native-S01,2023-11-24 15:00:00+00:00,BTC_V2_SETUP_A,LONG,37834.89571430654,37601.96642854019
exness_native-S01,2023-11-29 09:00:00+00:00,BTC_V2_SETUP_B,LONG,38384.49315981853,38064.48736072587
exness_native-S01,2023-11-29 12:30:00+00:00,BTC_V2_SETUP_A,LONG,38221.262199465185,38004.81170080222
exness_native-S01,2023-12-01 07:15:00+00:00,BTC_V2_SETUP_B,LONG,38318.081234314835,38113.535062740644
exness_native-S01,2023-12-01 19:45:00+00:00,BTC_V2_SETUP_A,LONG,38773.06043649821,38559.1393452527
exness_native-S01,2023-12-03 16:00:00+00:00,BTC_V2_SETUP_A,LONG,39785.58836822988,39611.62244765517
exness_native-S01,2023-12-04 10:30:00+00:00,BTC_V2_SETUP_B,LONG,41765.31944506116,41429.56221975533
exness_native-S01,2023-12-04 11:45:00+00:00,BTC_V2_SETUP_A,LONG,41665.934756474955,41344.18286528757
exness_native-S01,2023-12-04 12:30:00+00:00,BTC_V2_SETUP_A,LONG,41822.71301529718,41355.74547705423
exness_native-S01,2023-12-04 13:00:00+00:00,BTC_V2_SETUP_A,LONG,41807.207620332774,41496.85356950084
exness_native-S01,2023-12-04 17:00:00+00:00,BTC_V2_SETUP_A,LONG,41622.21283514158,41290.03574728763
exness_native-S01,2023-12-05 14:30:00+00:00,BTC_V2_SETUP_B,LONG,42107.84268250656,41707.809269973746
exness_native-S01,2023-12-06 08:15:00+00:00,BTC_V2_SETUP_A,LONG,43832.00685441927,43548.3947183711
exness_native-S01,2023-12-08 12:45:00+00:00,BTC_V2_SETUP_B,LONG,43786.88325449955,43429.19698200179
exness_native-S01,2023-12-08 14:30:00+00:00,BTC_V2_SETUP_A,LONG,43690.599687279006,43485.5704690815
exness_native-S01,2023-12-12 15:30:00+00:00,BTC_V2_SETUP_B,SHORT,41130.625301967215,41604.39879213114
exness_native-S01,2023-12-12 19:30:00+00:00,BTC_V2_SETUP_A,SHORT,40957.974815586655,41316.65277662002
exness_native-S01,2023-12-12 20:00:00+00:00,BTC_V2_SETUP_A,SHORT,41022.12564201094,41302.6815369836
exness_native-S01,2023-12-13 12:00:00+00:00,BTC_V2_SETUP_A,SHORT,40903.206543446664,41129.630184830006
exness_native-S01,2023-12-14 20:00:00+00:00,BTC_V2_SETUP_A,LONG,43138.51072172656,42792.20391741015
exness_native-S01,2023-12-16 16:00:00+00:00,BTC_V2_SETUP_B,LONG,42563.89507034248,42279.7397186301
exness_native-S01,2023-12-17 08:00:00+00:00,BTC_V2_SETUP_A,SHORT,41761.94098024226,41972.19352963661
exness_native-S01,2023-12-18 08:15:00+00:00,BTC_V2_SETUP_A,SHORT,40969.34065952644,41185.61901071034
exness_native-S01,2023-12-18 09:15:00+00:00,BTC_V2_SETUP_A,SHORT,40975.50228083962,41225.091578740576
exness_native-S01,2023-12-19 10:45:00+00:00,BTC_V2_SETUP_A,LONG,43235.36189074838,42933.31716387742
exness_native-S01,2023-12-20 09:15:00+00:00,BTC_V2_SETUP_A,LONG,42863.296596029686,42685.430105955464
exness_native-S01,2023-12-20 10:45:00+00:00,BTC_V2_SETUP_A,LONG,42857.33103408729,42666.293448869066
exness_native-S01,2023-12-20 17:30:00+00:00,BTC_V2_SETUP_A,LONG,43962.172205384086,43501.77669192388
exness_native-S02,2024-01-02 07:15:00+00:00,BTC_V2_SETUP_B,LONG,45460.84735000274,45154.29059998904
exness_native-S02,2024-01-04 17:15:00+00:00,BTC_V2_SETUP_B,LONG,44211.16234995939,43806.530600162405
exness_native-S02,2024-01-05 10:00:00+00:00,BTC_V2_SETUP_A,LONG,44239.926604803164,43984.83009279526
exness_native-S02,2024-01-06 15:15:00+00:00,BTC_V2_SETUP_A,LONG,43906.56042036749,43717.16936944877
exness_native-S02,2024-01-06 17:45:00+00:00,BTC_V2_SETUP_B,LONG,43991.852082955644,43836.101668177434
exness_native-S02,2024-01-07 19:45:00+00:00,BTC_V2_SETUP_A,LONG,44267.164465988935,44058.2683010166
exness_native-S02,2024-01-08 10:30:00+00:00,BTC_V2_SETUP_A,LONG,44041.88687238334,43715.254691425
exness_native-S02,2024-01-08 12:45:00+00:00,BTC_V2_SETUP_A,LONG,45039.07250006594,44452.871249901094
exness_native-S02,2024-01-09 15:45:00+00:00,BTC_V2_SETUP_A,LONG,47082.099626933814,46627.03555959927
exness_native-S02,2024-01-09 16:15:00+00:00,BTC_V2_SETUP_A,LONG,47015.74112730518,46694.34330904223
exness_native-S02,2024-01-09 16:45:00+00:00,BTC_V2_SETUP_A,LONG,46973.14328833967,46650.250067490495
exness_native-S02,2024-01-09 19:30:00+00:00,BTC_V2_SETUP_B,LONG,46799.932060433646,46532.4817582654
exness_native-S02,2024-01-10 18:30:00+00:00,BTC_V2_SETUP_A,LONG,46480.12554635704,46007.51668046444
exness_native-S02,2024-01-11 14:00:00+00:00,BTC_V2_SETUP_A,LONG,47374.859838764445,46934.07524185333
exness_native-S02,2024-01-13 10:15:00+00:00,BTC_V2_SETUP_A,SHORT,42582.873578412495,42980.20963238126
exness_native-S02,2024-01-13 10:45:00+00:00,BTC_V2_SETUP_A,SHORT,42637.101707916896,42919.49243812466
exness_native-S02,2024-01-14 20:00:00+00:00,BTC_V2_SETUP_A,SHORT,42564.4632146958,42817.66017795629
exness_native-S02,2024-01-15 15:45:00+00:00,BTC_V2_SETUP_A,SHORT,42284.526114571476,42496.48082814279
exness_native-S02,2024-01-16 15:15:00+00:00,BTC_V2_SETUP_A,SHORT,42475.98984186257,42893.08023720616
exness_native-S02,2024-01-17 08:00:00+00:00,BTC_V2_SETUP_B,SHORT,42560.199266585594,42842.78293365762
exness_native-S02,2024-01-17 16:00:00+00:00,BTC_V2_SETUP_A,SHORT,42404.64215045202,42714.461774321964
exness_native-S02,2024-01-18 14:00:00+00:00,BTC_V2_SETUP_A,SHORT,42427.18265826876,42650.17101259687
exness_native-S02,2024-01-18 16:15:00+00:00,BTC_V2_SETUP_A,SHORT,42394.521645586814,42625.85753161978
exness_native-S02,2024-01-19 08:00:00+00:00,BTC_V2_SETUP_B,SHORT,41181.242733494226,41449.82906602308
exness_native-S02,2024-01-19 15:15:00+00:00,BTC_V2_SETUP_A,SHORT,40735.24894520197,41048.116582197035
exness_native-S02,2024-01-19 16:30:00+00:00,BTC_V2_SETUP_B,SHORT,40471.15787929456,40937.30848282175
exness_native-S02,2024-01-21 19:15:00+00:00,BTC_V2_SETUP_A,SHORT,41599.15271795227,41719.92092307159
exness_native-S02,2024-01-22 07:15:00+00:00,BTC_V2_SETUP_A,SHORT,41004.970747001,41224.668879498495
exness_native-S02,2024-01-22 11:30:00+00:00,BTC_V2_SETUP_A,SHORT,40693.443393514855,40895.05490972772
exness_native-S02,2024-01-22 11:45:00+00:00,BTC_V2_SETUP_A,SHORT,40650.62443683522,40974.198344747165
exness_native-S02,2024-01-22 12:15:00+00:00,BTC_V2_SETUP_A,SHORT,40626.12043788343,40907.55434317485
exness_native-S02,2024-01-22 14:30:00+00:00,BTC_V2_SETUP_A,SHORT,40469.036756808746,40865.77986478688
exness_native-S02,2024-01-23 11:30:00+00:00,BTC_V2_SETUP_B,SHORT,38737.47892322443,39041.47430710228
exness_native-S02,2024-01-23 19:00:00+00:00,BTC_V2_SETUP_B,SHORT,39046.43532130715,39447.6287147714
exness_native-S02,2024-01-24 19:30:00+00:00,BTC_V2_SETUP_A,SHORT,39645.06036683133,39887.52944975301
exness_native-S02,2024-01-25 13:45:00+00:00,BTC_V2_SETUP_A,SHORT,39742.63006212258,39987.37990681613
exness_native-S02,2024-01-25 17:15:00+00:00,BTC_V2_SETUP_B,SHORT,39501.08104887223,39823.505804511085
exness_native-S02,2024-01-27 11:15:00+00:00,BTC_V2_SETUP_A,LONG,41783.23568860193,41667.57646709711
exness_native-S02,2024-01-27 16:15:00+00:00,BTC_V2_SETUP_A,LONG,41878.11536337515,41751.55195493728
exness_native-S02,2024-01-28 07:15:00+00:00,BTC_V2_SETUP_A,LONG,42490.71775398429,42326.76836902356
exness_native-S02,2024-01-28 08:30:00+00:00,BTC_V2_SETUP_A,LONG,42571.69227986868,42311.641580196985
exness_native-S02,2024-01-30 07:30:00+00:00,BTC_V2_SETUP_A,LONG,43469.662494887336,43324.816257669
exness_native-S02,2024-01-30 09:00:00+00:00,BTC_V2_SETUP_A,LONG,43459.073780407,43320.2743293895
exness_native-S02,2024-01-30 12:15:00+00:00,BTC_V2_SETUP_A,LONG,43697.076171098444,43454.87074335234
exness_native-S02,2024-01-30 15:00:00+00:00,BTC_V2_SETUP_A,LONG,43492.894400024175,43315.59339996373
exness_native-S02,2024-01-30 17:00:00+00:00,BTC_V2_SETUP_A,LONG,43531.24514780306,43300.90227829541
exness_native-S02,2024-01-31 18:00:00+00:00,BTC_V2_SETUP_B,LONG,43745.36668637045,43433.7432545182
exness_native-S03,2024-02-09 11:00:00+00:00,BTC_V2_SETUP_B,LONG,46768.81354491146,46506.78582035415
exness_native-S03,2024-02-09 15:30:00+00:00,BTC_V2_SETUP_A,LONG,47234.70123321745,46621.07815017383
exness_native-S03,2024-02-13 07:15:00+00:00,BTC_V2_SETUP_A,LONG,50089.27360147499,49902.59959778752
exness_native-S03,2024-02-13 08:15:00+00:00,BTC_V2_SETUP_A,LONG,50082.126772639705,49896.42484104044
exness_native-S03,2024-02-14 16:45:00+00:00,BTC_V2_SETUP_A,LONG,51754.47657368887,51383.220139466684
exness_native-S03,2024-02-14 17:15:00+00:00,BTC_V2_SETUP_A,LONG,51763.500362007246,51365.34445698913
exness_native-S03,2024-02-14 18:00:00+00:00,BTC_V2_SETUP_A,LONG,51725.225181242684,51403.68222813598
exness_native-S03,2024-02-14 20:00:00+00:00,BTC_V2_SETUP_A,LONG,51703.6595498703,51409.770675194544
exness_native-S03,2024-02-16 11:45:00+00:00,BTC_V2_SETUP_A,LONG,52441.37415955978,52087.20376066032
exness_native-S03,2024-02-16 14:00:00+00:00,BTC_V2_SETUP_A,LONG,52522.74255580525,52103.331166292126
exness_native-S03,2024-02-18 12:00:00+00:00,BTC_V2_SETUP_A,LONG,51818.008898841435,51657.24165173785
exness_native-S03,2024-02-19 07:30:00+00:00,BTC_V2_SETUP_A,LONG,52505.08748729546,52292.618769056804
exness_native-S03,2024-02-19 09:30:00+00:00,BTC_V2_SETUP_A,LONG,52372.12576059638,52075.39135910544
exness_native-S03,2024-02-19 10:15:00+00:00,BTC_V2_SETUP_A,LONG,52339.926505841926,52138.20524123711
exness_native-S03,2024-02-19 10:45:00+00:00,BTC_V2_SETUP_A,LONG,52476.033160649415,52090.055259025874
exness_native-S03,2024-02-20 11:00:00+00:00,BTC_V2_SETUP_A,LONG,52098.52543611322,51919.731845830174
exness_native-S03,2024-02-24 17:15:00+00:00,BTC_V2_SETUP_B,LONG,51257.395264384046,51075.72894246383
exness_native-S03,2024-02-25 07:45:00+00:00,BTC_V2_SETUP_A,LONG,51706.45852675665,51574.25720986503
exness_native-S03,2024-02-27 08:00:00+00:00,BTC_V2_SETUP_A,LONG,56169.93759642097,55848.07860536855
exness_native-S03,2024-02-27 13:15:00+00:00,BTC_V2_SETUP_A,LONG,57119.19163319727,56478.4075502041
exness_native-S03,2024-02-27 17:15:00+00:00,BTC_V2_SETUP_A,LONG,57299.3925126374,56852.1862310439
exness_native-S03,2024-02-28 12:15:00+00:00,BTC_V2_SETUP_A,LONG,59211.04194951988,58785.632075720176
exness_native-S03,2024-02-28 18:00:00+00:00,BTC_V2_SETUP_A,LONG,61690.7717420732,60241.0173868902
exness_native-S03,2024-02-28 19:30:00+00:00,BTC_V2_SETUP_A,LONG,61542.091634751014,60613.78754787348
exness_native-S03,2024-02-29 08:45:00+00:00,BTC_V2_SETUP_A,LONG,62923.906599341215,62300.320100988174
exness_native-S03,2024-02-29 11:00:00+00:00,BTC_V2_SETUP_A,LONG,62872.30178140567,62354.9423278915
exness_native-S03,2024-03-01 09:30:00+00:00,BTC_V2_SETUP_A,LONG,62274.28385411701,61910.314218824475
exness_native-S03,2024-03-01 11:45:00+00:00,BTC_V2_SETUP_A,LONG,62077.37303870083,61714.99044194876
exness_native-S03,2024-03-01 18:15:00+00:00,BTC_V2_SETUP_A,LONG,62122.70020092433,61654.799698613504
exness_native-S03,2024-03-03 13:15:00+00:00,BTC_V2_SETUP_A,LONG,62452.55324127649,62090.52013808527
exness_native-S03,2024-03-03 13:45:00+00:00,BTC_V2_SETUP_A,LONG,62276.548090692486,61948.60286396127
exness_native-S03,2024-03-04 12:00:00+00:00,BTC_V2_SETUP_B,LONG,65244.467789189235,64729.27884324307
exness_native-S03,2024-03-04 13:15:00+00:00,BTC_V2_SETUP_A,LONG,65430.478607703924,64965.64708844412
exness_native-S03,2024-03-04 14:15:00+00:00,BTC_V2_SETUP_A,LONG,65332.275443165134,64506.331835252306
exness_native-S03,2024-03-05 13:45:00+00:00,BTC_V2_SETUP_A,LONG,68003.29517765979,67380.5622335103
exness_native-S03,2024-03-05 14:45:00+00:00,BTC_V2_SETUP_B,LONG,68428.19920837112,67131.47316651548
exness_native-S03,2024-03-06 08:00:00+00:00,BTC_V2_SETUP_B,LONG,66776.16211337018,65782.21154651926
exness_native-S03,2024-03-06 14:15:00+00:00,BTC_V2_SETUP_A,LONG,67085.2861248786,66069.8808126821
exness_native-S03,2024-03-06 16:15:00+00:00,BTC_V2_SETUP_A,LONG,67027.84035127876,66201.20447308187
exness_native-S03,2024-03-06 17:00:00+00:00,BTC_V2_SETUP_A,LONG,67343.33140953332,66267.98788570001
exness_native-S03,2024-03-07 08:45:00+00:00,BTC_V2_SETUP_A,LONG,66909.39342497473,66407.77486253793
exness_native-S03,2024-03-07 15:45:00+00:00,BTC_V2_SETUP_A,LONG,67437.4347908316,66786.6328137526
exness_native-S03,2024-03-08 08:45:00+00:00,BTC_V2_SETUP_A,LONG,67445.84424108325,67010.98363837511
exness_native-S03,2024-03-08 17:30:00+00:00,BTC_V2_SETUP_A,LONG,68536.65966354926,67572.7255046761
exness_native-S03,2024-03-11 13:30:00+00:00,BTC_V2_SETUP_B,LONG,72356.24253990878,71645.08984036489
exness_native-S03,2024-03-11 14:15:00+00:00,BTC_V2_SETUP_A,LONG,72345.5563406408,71253.6854890388
exness_native-S03,2024-03-11 15:00:00+00:00,BTC_V2_SETUP_A,LONG,72340.96344984979,71653.63482522531
exness_native-S03,2024-03-13 11:15:00+00:00,BTC_V2_SETUP_B,LONG,73486.9930507125,73064.36779715003
exness_native-S03,2024-03-13 12:15:00+00:00,BTC_V2_SETUP_A,LONG,73217.62027680127,72922.3645847981
exness_native-S03,2024-03-13 17:00:00+00:00,BTC_V2_SETUP_A,LONG,73143.71045579434,72524.75431630848
exness_native-S03,2024-03-16 17:15:00+00:00,BTC_V2_SETUP_A,SHORT,67932.06416494584,68304.84875258124
exness_native-S03,2024-03-16 20:00:00+00:00,BTC_V2_SETUP_A,SHORT,66677.67932988792,67497.18600516811
exness_native-S03,2024-03-18 14:30:00+00:00,BTC_V2_SETUP_A,SHORT,67177.78186088696,67892.59220866956
exness_native-S03,2024-03-18 17:00:00+00:00,BTC_V2_SETUP_A,SHORT,66838.07228546393,67815.34657180411
exness_native-S03,2024-03-19 11:15:00+00:00,BTC_V2_SETUP_B,SHORT,62499.17178616104,63507.25285535585
exness_native-S03,2024-03-19 12:30:00+00:00,BTC_V2_SETUP_A,SHORT,62836.281888034675,63461.997167947986
exness_native-S03,2024-03-19 13:15:00+00:00,BTC_V2_SETUP_A,SHORT,63136.38637464001,63854.15543803999
exness_native-S03,2024-03-21 17:45:00+00:00,BTC_V2_SETUP_A,SHORT,65857.59770844081,66520.0934373388
exness_native-S03,2024-03-22 15:45:00+00:00,BTC_V2_SETUP_A,SHORT,63471.72338876531,64435.48491685203
exness_native-S03,2024-03-24 07:15:00+00:00,BTC_V2_SETUP_A,SHORT,64071.8762974109,64322.31055388367
exness_native-S03,2024-03-28 08:45:00+00:00,BTC_V2_SETUP_B,LONG,70683.94024305345,70170.65902778617
exness_native-S03,2024-03-31 08:15:00+00:00,BTC_V2_SETUP_A,LONG,70345.59717806066,70192.494232909
exness_native-S03,2024-03-31 09:30:00+00:00,BTC_V2_SETUP_A,LONG,70346.29884646219,70105.82673030673
exness_native-S03,2024-03-31 10:15:00+00:00,BTC_V2_SETUP_A,LONG,70299.55343282704,70166.60985075943
exness_native-S03,2024-03-31 10:45:00+00:00,BTC_V2_SETUP_A,LONG,70298.60872524374,70143.2469121344
exness_native-S03,2024-04-02 13:30:00+00:00,BTC_V2_SETUP_B,SHORT,64709.36191602455,65485.65233590181
exness_native-S03,2024-04-02 16:00:00+00:00,BTC_V2_SETUP_A,SHORT,64564.72940277644,65816.85089583535
exness_native-S03,2024-04-02 16:45:00+00:00,BTC_V2_SETUP_A,SHORT,65010.71715885562,65650.53426171657
exness_native-S03,2024-04-05 09:00:00+00:00,BTC_V2_SETUP_A,SHORT,66890.99457099888,67446.94814350166
exness_native-S03,2024-04-07 07:15:00+00:00,BTC_V2_SETUP_A,LONG,69400.20845478644,69157.02231782035
exness_native-S03,2024-04-08 07:30:00+00:00,BTC_V2_SETUP_B,LONG,70101.26152447732,69696.55390209072
exness_native-S03,2024-04-08 15:15:00+00:00,BTC_V2_SETUP_A,LONG,72003.3804449513,71495.32933257305
exness_native-S03,2024-04-08 18:30:00+00:00,BTC_V2_SETUP_A,LONG,71998.96267592376,71605.30098611437
exness_native-S03,2024-04-10 19:15:00+00:00,BTC_V2_SETUP_A,LONG,69464.15999688875,69090.90000466688
exness_native-S03,2024-04-11 07:15:00+00:00,BTC_V2_SETUP_A,LONG,71022.81634030738,70611.67548953893
exness_native-S03,2024-04-11 08:15:00+00:00,BTC_V2_SETUP_A,LONG,70871.81605027904,70482.98092458144
exness_native-S03,2024-04-12 07:30:00+00:00,BTC_V2_SETUP_A,LONG,70902.93680924505,70621.63478613243
exness_native-S03,2024-04-12 08:15:00+00:00,BTC_V2_SETUP_A,LONG,70914.57971571114,70634.1354264333
exness_native-S03,2024-04-13 17:30:00+00:00,BTC_V2_SETUP_A,SHORT,66563.92268199883,67286.93097700176
exness_native-S03,2024-04-15 17:30:00+00:00,BTC_V2_SETUP_B,SHORT,63630.66931362983,64871.08274548067
exness_native-S03,2024-04-17 19:15:00+00:00,BTC_V2_SETUP_A,SHORT,60866.92069452882,61616.77395820677
exness_native-S03,2024-04-20 09:15:00+00:00,BTC_V2_SETUP_A,SHORT,63449.328018003296,63897.317972995064
exness_native-S03,2024-04-22 10:00:00+00:00,BTC_V2_SETUP_A,LONG,66006.16809969688,65757.6978504547
exness_native-S03,2024-04-22 13:00:00+00:00,BTC_V2_SETUP_A,LONG,66072.79057891789,65740.38913162316
exness_native-S03,2024-04-22 14:00:00+00:00,BTC_V2_SETUP_A,LONG,66283.751079979,65824.19838003148
exness_native-S03,2024-04-23 15:00:00+00:00,BTC_V2_SETUP_A,LONG,67050.529215252,66469.08617712202
exness_native-S03,2024-04-23 16:15:00+00:00,BTC_V2_SETUP_A,LONG,66767.18732267164,66219.13901599254
exness_native-S03,2024-04-23 16:45:00+00:00,BTC_V2_SETUP_A,LONG,66769.8718547526,66434.15721787112
exness_native-S03,2024-04-25 09:30:00+00:00,BTC_V2_SETUP_A,SHORT,63890.15077385148,64213.328839222784
exness_native-S03,2024-04-25 13:00:00+00:00,BTC_V2_SETUP_A,SHORT,63178.13611473851,63896.645827892244
exness_native-S03,2024-04-27 08:00:00+00:00,BTC_V2_SETUP_A,SHORT,62861.89688030548,63089.73967954177
exness_native-S03,2024-04-27 09:15:00+00:00,BTC_V2_SETUP_A,SHORT,62797.995912799095,63073.15613080135
exness_native-S03,2024-04-27 10:45:00+00:00,BTC_V2_SETUP_A,SHORT,62722.05184969777,62979.42222545335
exness_native-S03,2024-04-27 16:30:00+00:00,BTC_V2_SETUP_A,SHORT,62715.05585960015,63137.46621059977
exness_native-S03,2024-04-28 14:45:00+00:00,BTC_V2_SETUP_A,SHORT,63450.9943997169,63764.44340042464
exness_native-S03,2024-04-29 09:30:00+00:00,BTC_V2_SETUP_A,SHORT,62226.59878250041,62467.46182624938
exness_native-S03,2024-04-29 11:15:00+00:00,BTC_V2_SETUP_A,SHORT,62249.54697363065,62522.704539554026
exness_native-S03,2024-04-30 08:15:00+00:00,BTC_V2_SETUP_B,SHORT,62780.93388377557,63369.614464897735
exness_native-S03,2024-04-30 15:15:00+00:00,BTC_V2_SETUP_A,SHORT,60604.64359862327,61457.42460206509
exness_native-S03,2024-05-01 13:30:00+00:00,BTC_V2_SETUP_A,SHORT,57519.533793516435,57924.61930972535
exness_native-S03,2024-05-01 20:00:00+00:00,BTC_V2_SETUP_A,SHORT,56714.51050375274,57838.009244370885
exness_native-S03,2024-05-03 11:45:00+00:00,BTC_V2_SETUP_A,SHORT,58980.45366287501,59323.70950568749
exness_native-S03,2024-05-03 12:15:00+00:00,BTC_V2_SETUP_A,SHORT,59033.42217870345,59363.681731944824
exness_native-S03,2024-05-04 18:45:00+00:00,BTC_V2_SETUP_A,LONG,63824.73631899836,63482.59052150246
exness_native-S03,2024-05-05 08:30:00+00:00,BTC_V2_SETUP_A,LONG,63953.617242498956,63611.95413625156
exness_native-S03,2024-05-05 09:30:00+00:00,BTC_V2_SETUP_A,LONG,63776.19858072191,63547.34212891714
exness_native-S03,2024-05-05 11:00:00+00:00,BTC_V2_SETUP_A,LONG,63780.95405014967,63504.7139247755
exness_native-S03,2024-05-09 09:30:00+00:00,BTC_V2_SETUP_B,SHORT,60958.49239535795,61428.5404185682
exness_native-S03,2024-05-09 13:45:00+00:00,BTC_V2_SETUP_A,SHORT,60815.37600189821,61512.295997152694
exness_native-S03,2024-05-15 18:15:00+00:00,BTC_V2_SETUP_B,LONG,65273.3056770905,64900.96729163797
exness_native-S03,2024-05-16 07:15:00+00:00,BTC_V2_SETUP_A,LONG,66120.91220461015,65865.66169308475
exness_native-S03,2024-05-16 14:00:00+00:00,BTC_V2_SETUP_A,LONG,66413.65043005561,65986.99435491659
exness_native-S03,2024-05-17 11:00:00+00:00,BTC_V2_SETUP_B,LONG,66540.74101943393,66230.37592226427
exness_native-S03,2024-05-17 11:45:00+00:00,BTC_V2_SETUP_A,LONG,66401.58168541742,66109.71747187387
exness_native-S03,2024-05-17 13:30:00+00:00,BTC_V2_SETUP_A,LONG,66381.55017900997,66110.58973148504
exness_native-S03,2024-05-17 14:30:00+00:00,BTC_V2_SETUP_A,LONG,66494.305136576,66019.862295136
exness_native-S03,2024-05-20 09:15:00+00:00,BTC_V2_SETUP_A,LONG,66972.01481628383,66642.80277557424
exness_native-S03,2024-05-21 07:30:00+00:00,BTC_V2_SETUP_A,LONG,71189.63479494721,70884.76780757919
exness_native-S03,2024-05-21 10:45:00+00:00,BTC_V2_SETUP_A,LONG,71145.10276019947,70902.35585970078
exness_native-S03,2024-05-21 12:15:00+00:00,BTC_V2_SETUP_A,LONG,71269.00548881918,70920.19676677122
exness_native-S03,2024-05-22 15:45:00+00:00,BTC_V2_SETUP_A,LONG,70613.9892614393,69982.50610784105
exness_native-S03,2024-05-23 09:00:00+00:00,BTC_V2_SETUP_A,LONG,69691.47411132854,69470.87383300721
exness_native-S03,2024-05-23 12:00:00+00:00,BTC_V2_SETUP_A,LONG,70039.45064535848,69726.11903196228
exness_native-S03,2024-05-24 17:45:00+00:00,BTC_V2_SETUP_B,LONG,68799.20842586755,68388.1062965298
exness_native-S03,2024-05-27 14:15:00+00:00,BTC_V2_SETUP_A,LONG,69017.65981721414,68704.7852741788
exness_native-S03,2024-05-27 19:30:00+00:00,BTC_V2_SETUP_A,LONG,69943.17531573493,69704.70202639762
exness_native-S03,2024-05-29 16:15:00+00:00,BTC_V2_SETUP_B,SHORT,67053.10082665905,67597.48669336378
exness_native-S03,2024-05-29 17:45:00+00:00,BTC_V2_SETUP_A,SHORT,67388.76190987219,67732.84213519172
exness_native-S03,2024-05-30 09:30:00+00:00,BTC_V2_SETUP_A,SHORT,67473.63849438058,67811.92725842915
exness_native-S03,2024-05-31 10:30:00+00:00,BTC_V2_SETUP_A,SHORT,68016.27526851594,68218.8970972261
exness_native-S03,2024-06-02 09:30:00+00:00,BTC_V2_SETUP_A,SHORT,67500.89295605021,67720.03556592467
exness_native-S03,2024-06-02 19:15:00+00:00,BTC_V2_SETUP_A,SHORT,67537.98379452394,67735.90430821411
exness_native-S03,2024-06-03 10:30:00+00:00,BTC_V2_SETUP_A,LONG,69225.06055978758,68998.13416031864
exness_native-S03,2024-06-03 11:15:00+00:00,BTC_V2_SETUP_A,LONG,69116.44444455295,68769.16333317058
exness_native-S03,2024-06-03 16:00:00+00:00,BTC_V2_SETUP_A,LONG,69668.94511319636,68985.86233020546
exness_native-S03,2024-06-04 20:00:00+00:00,BTC_V2_SETUP_A,LONG,70561.05319695236,70101.05520457144
exness_native-S03,2024-06-05 07:15:00+00:00,BTC_V2_SETUP_A,LONG,71178.58573594822,70931.86139607766
exness_native-S03,2024-06-05 16:00:00+00:00,BTC_V2_SETUP_A,LONG,71684.65551338856,71196.91672991717
exness_native-S03,2024-06-05 17:45:00+00:00,BTC_V2_SETUP_A,LONG,71563.54762344084,71254.66856483874
exness_native-S03,2024-06-06 12:30:00+00:00,BTC_V2_SETUP_B,LONG,71383.66964820199,71034.40140719205
exness_native-S03,2024-06-06 13:45:00+00:00,BTC_V2_SETUP_A,LONG,71528.89160284674,70953.2475957299
exness_native-S03,2024-06-06 14:45:00+00:00,BTC_V2_SETUP_A,LONG,71348.68761851588,71056.4285722262
exness_native-S03,2024-06-07 07:30:00+00:00,BTC_V2_SETUP_A,LONG,71289.0139855004,71041.85902174942
exness_native-S03,2024-06-07 10:00:00+00:00,BTC_V2_SETUP_A,LONG,71275.1341306115,71031.92880408274
exness_native-S03,2024-06-07 13:45:00+00:00,BTC_V2_SETUP_A,LONG,71517.93824445142,71051.73263332287
exness_native-S03,2024-06-10 10:30:00+00:00,BTC_V2_SETUP_A,SHORT,69271.35392637757,69466.87911043363
exness_native-S03,2024-06-10 11:15:00+00:00,BTC_V2_SETUP_A,SHORT,69277.32364805086,69455.10452792372
exness_native-S03,2024-06-10 12:15:00+00:00,BTC_V2_SETUP_A,SHORT,69277.28025530979,69497.12461703533
exness_native-S03,2024-06-10 13:00:00+00:00,BTC_V2_SETUP_A,SHORT,69253.68804625203,69483.26293062195
exness_native-S03,2024-06-10 14:15:00+00:00,BTC_V2_SETUP_A,SHORT,69212.90118884812,69476.7432167278
exness_native-S03,2024-06-10 18:00:00+00:00,BTC_V2_SETUP_B,LONG,70056.34268845683,69754.78924617264
exness_native-S03,2024-06-11 09:45:00+00:00,BTC_V2_SETUP_B,SHORT,67075.46334210158,67513.13663159372
exness_native-S03,2024-06-13 08:30:00+00:00,BTC_V2_SETUP_A,SHORT,67476.48158404125,67734.18762393812
exness_native-S03,2024-06-13 14:15:00+00:00,BTC_V2_SETUP_A,SHORT,67231.80768585282,67748.23847122079
exness_native-S03,2024-06-17 08:00:00+00:00,BTC_V2_SETUP_A,SHORT,66065.61714278745,66287.51928581882
exness_native-S03,2024-06-17 13:45:00+00:00,BTC_V2_SETUP_B,SHORT,65251.20683263512,65775.88266945953
exness_native-S03,2024-06-18 10:00:00+00:00,BTC_V2_SETUP_A,SHORT,65421.176148959465,65720.2257765608
exness_native-S03,2024-06-18 15:00:00+00:00,BTC_V2_SETUP_A,SHORT,64464.55298275877,65384.06552586184
exness_native-S03,2024-06-19 15:30:00+00:00,BTC_V2_SETUP_A,SHORT,64865.11383408752,65138.71924886872
exness_native-S03,2024-06-21 07:45:00+00:00,BTC_V2_SETUP_A,SHORT,64479.503270572015,64763.79009414198
exness_native-S03,2024-06-21 11:45:00+00:00,BTC_V2_SETUP_B,SHORT,63658.46248200786,64062.04007196855
exness_native-S03,2024-06-21 15:45:00+00:00,BTC_V2_SETUP_A,SHORT,63373.875240389454,64057.56713941583
exness_native-S03,2024-06-21 16:15:00+00:00,BTC_V2_SETUP_A,SHORT,63488.97404911131,63883.65892633303
exness_native-S03,2024-06-21 17:30:00+00:00,BTC_V2_SETUP_A,SHORT,63365.561281163886,63841.60807825417
exness_native-S03,2024-06-21 18:00:00+00:00,BTC_V2_SETUP_A,SHORT,63543.302084268864,63891.8468735967
exness_native-S03,2024-06-23 13:30:00+00:00,BTC_V2_SETUP_A,SHORT,64207.427981232366,64344.073028151455
exness_native-S03,2024-06-24 08:15:00+00:00,BTC_V2_SETUP_A,SHORT,62263.07086040719,62625.78370938921
exness_native-S03,2024-06-24 09:15:00+00:00,BTC_V2_SETUP_A,SHORT,62373.32294877368,62925.890576839476
exness_native-S03,2024-06-24 13:15:00+00:00,BTC_V2_SETUP_B,SHORT,60970.62183130127,61256.00267479491
exness_native-S03,2024-06-24 14:30:00+00:00,BTC_V2_SETUP_A,SHORT,61157.46833278057,61546.912500829145
exness_native-S03,2024-06-26 11:30:00+00:00,BTC_V2_SETUP_A,SHORT,61329.29386020039,61621.56920969942
exness_native-S03,2024-06-26 17:15:00+00:00,BTC_V2_SETUP_A,SHORT,60826.62988837713,61341.3051674343
exness_native-S03,2024-06-26 17:45:00+00:00,BTC_V2_SETUP_A,SHORT,60907.60500579457,61436.987491308144
exness_native-S03,2024-06-26 19:00:00+00:00,BTC_V2_SETUP_B,SHORT,60866.75695404467,61156.27218382132
exness_native-S03,2024-06-27 08:30:00+00:00,BTC_V2_SETUP_A,SHORT,60687.808706518954,60851.43694022156
exness_native-S03,2024-06-28 07:30:00+00:00,BTC_V2_SETUP_A,SHORT,61380.433369146616,61599.809946280075
exness_native-S03,2024-06-28 13:00:00+00:00,BTC_V2_SETUP_A,SHORT,61274.89366519292,61560.41950221063
exness_native-S03,2024-06-28 19:30:00+00:00,BTC_V2_SETUP_B,SHORT,60203.788088038025,60822.84764784791
exness_native-S03,2024-07-01 16:15:00+00:00,BTC_V2_SETUP_A,LONG,63344.56740689511,62855.38888965733
exness_native-S03,2024-07-01 17:45:00+00:00,BTC_V2_SETUP_B,LONG,63576.33933025243,62998.46267899031
exness_native-S03,2024-07-03 07:30:00+00:00,BTC_V2_SETUP_B,SHORT,60825.19646988162,61009.35412047351
exness_native-S03,2024-07-03 14:30:00+00:00,BTC_V2_SETUP_A,SHORT,60224.13274186885,60614.34588719672
exness_native-S03,2024-07-04 07:15:00+00:00,BTC_V2_SETUP_A,SHORT,58568.9585773893,58900.93713391605
exness_native-S03,2024-07-04 11:30:00+00:00,BTC_V2_SETUP_A,SHORT,57606.10681608666,57963.11977587001
exness_native-S03,2024-07-04 12:15:00+00:00,BTC_V2_SETUP_A,SHORT,57436.76010967289,57786.30983549067
exness_native-S03,2024-07-05 09:15:00+00:00,BTC_V2_SETUP_B,SHORT,53837.39008412393,54379.01966350428
exness_native-S03,2024-07-05 13:00:00+00:00,BTC_V2_SETUP_B,SHORT,54983.61234489002,55963.55062043995
exness_native-S03,2024-07-07 11:00:00+00:00,BTC_V2_SETUP_A,SHORT,57507.407682275385,57716.573476586935
exness_native-S03,2024-07-07 17:30:00+00:00,BTC_V2_SETUP_A,SHORT,56825.20174201793,57163.4173869731
exness_native-S03,2024-07-08 16:30:00+00:00,BTC_V2_SETUP_A,SHORT,55343.46804606966,56215.14293089551
exness_native-S03,2024-07-10 16:45:00+00:00,BTC_V2_SETUP_A,SHORT,57821.385563993055,58143.381654010416
exness_native-S03,2024-07-11 18:00:00+00:00,BTC_V2_SETUP_A,SHORT,57732.0592056193,58073.296191571055
exness_native-S03,2024-07-12 07:45:00+00:00,BTC_V2_SETUP_A,SHORT,56861.60281312645,57252.56578031033
exness_native-S03,2024-07-12 10:15:00+00:00,BTC_V2_SETUP_A,SHORT,56811.21060363255,57166.75409455117
exness_native-S03,2024-07-14 07:15:00+00:00,BTC_V2_SETUP_A,LONG,60080.22329362218,59779.16005956674
exness_native-S03,2024-07-14 16:00:00+00:00,BTC_V2_SETUP_A,LONG,60226.219647836995,59894.51052824451
exness_native-S03,2024-07-14 17:00:00+00:00,BTC_V2_SETUP_A,LONG,60213.84055512996,59972.73416730507
exness_native-S03,2024-07-14 19:00:00+00:00,BTC_V2_SETUP_A,LONG,60119.517524321636,59962.31371351755
exness_native-S03,2024-07-15 12:30:00+00:00,BTC_V2_SETUP_A,LONG,62818.736261927406,62473.60560710888
exness_native-S03,2024-07-16 16:00:00+00:00,BTC_V2_SETUP_B,LONG,65011.46743784603,64288.38024861588
exness_native-S03,2024-07-16 17:30:00+00:00,BTC_V2_SETUP_A,LONG,64525.12629565628,64081.95555651558
exness_native-S03,2024-07-20 16:30:00+00:00,BTC_V2_SETUP_B,LONG,66937.80161624996,66692.99353500018
exness_native-S03,2024-07-21 19:30:00+00:00,BTC_V2_SETUP_A,LONG,67486.31476504695,66789.05285242958
exness_native-S03,2024-07-22 19:45:00+00:00,BTC_V2_SETUP_B,LONG,67995.67664177643,67557.2234328943
exness_native-S03,2024-07-24 13:15:00+00:00,BTC_V2_SETUP_A,LONG,66486.72292581404,66109.27561127894
exness_native-S03,2024-07-24 17:30:00+00:00,BTC_V2_SETUP_A,LONG,66674.31527773362,66232.75708339957
exness_native-S03,2024-07-26 08:15:00+00:00,BTC_V2_SETUP_A,LONG,67068.4580243449,66819.06296348265
exness_native-S03,2024-07-26 15:15:00+00:00,BTC_V2_SETUP_A,LONG,67738.47714767505,67182.24427848741
exness_native-S03,2024-07-27 16:00:00+00:00,BTC_V2_SETUP_A,LONG,68952.78115091073,68509.94327363392
exness_native-S03,2024-07-27 18:30:00+00:00,BTC_V2_SETUP_A,LONG,69031.5689833092,68628.7715250362
exness_native-S03,2024-07-28 18:15:00+00:00,BTC_V2_SETUP_A,LONG,68048.79552144546,67819.81671783181
exness_native-S03,2024-07-29 10:00:00+00:00,BTC_V2_SETUP_A,LONG,69579.08327045896,69374.05009431156
exness_native-S03,2024-07-29 10:30:00+00:00,BTC_V2_SETUP_A,LONG,69606.33678932431,69330.40481601354
exness_native-S03,2024-07-31 11:00:00+00:00,BTC_V2_SETUP_A,SHORT,65879.52007629913,66113.5998855513
exness_native-S03,2024-08-01 14:30:00+00:00,BTC_V2_SETUP_A,SHORT,64085.343630556206,64689.19455416569
exness_native-S03,2024-08-01 18:45:00+00:00,BTC_V2_SETUP_A,SHORT,62644.77310939191,63165.95533591214
exness_native-S03,2024-08-02 08:00:00+00:00,BTC_V2_SETUP_A,SHORT,64062.64577758914,64421.83633361629
exness_native-S03,2024-08-02 19:00:00+00:00,BTC_V2_SETUP_B,SHORT,62813.356316173245,63208.97473530701
exness_native-S03,2024-08-03 08:45:00+00:00,BTC_V2_SETUP_A,SHORT,61510.01808623312,61705.65787065032
exness_native-S03,2024-08-04 10:15:00+00:00,BTC_V2_SETUP_A,SHORT,60444.71687471101,60733.45468793349
exness_native-S03,2024-08-05 08:00:00+00:00,BTC_V2_SETUP_A,SHORT,52274.96187372315,53351.082189415276
exness_native-S03,2024-08-05 08:45:00+00:00,BTC_V2_SETUP_A,SHORT,52253.05494845837,53404.64257731245
exness_native-S03,2024-08-05 09:15:00+00:00,BTC_V2_SETUP_A,SHORT,52395.46456270135,53233.46815594797
exness_native-S03,2024-08-07 15:30:00+00:00,BTC_V2_SETUP_A,SHORT,55929.40933222536,56447.85100166195
exness_native-S03,2024-08-10 10:45:00+00:00,BTC_V2_SETUP_A,LONG,60891.07209921684,60698.16185117474
exness_native-S03,2024-08-10 18:45:00+00:00,BTC_V2_SETUP_A,LONG,61206.95192952694,60838.00710570959
exness_native-S03,2024-08-11 08:00:00+00:00,BTC_V2_SETUP_A,LONG,61302.64812626266,61142.167810606
exness_native-S03,2024-08-13 09:45:00+00:00,BTC_V2_SETUP_A,SHORT,58766.09828414006,59179.377573789905
exness_native-S03,2024-08-14 11:45:00+00:00,BTC_V2_SETUP_A,LONG,61519.87271896864,61008.72092154704
exness_native-S03,2024-08-15 07:30:00+00:00,BTC_V2_SETUP_B,SHORT,57708.311754509945,58195.48298196023
exness_native-S03,2024-08-15 10:45:00+00:00,BTC_V2_SETUP_B,SHORT,58291.8626638112,58608.719344755234
exness_native-S03,2024-08-16 15:30:00+00:00,BTC_V2_SETUP_A,SHORT,57665.10872544275,58286.631911835866
exness_native-S03,2024-08-18 13:15:00+00:00,BTC_V2_SETUP_A,LONG,60301.951192201755,59915.95821169736
exness_native-S03,2024-08-19 07:30:00+00:00,BTC_V2_SETUP_A,SHORT,58540.80395913032,58801.97906130452
exness_native-S03,2024-08-19 14:00:00+00:00,BTC_V2_SETUP_A,SHORT,58043.69859137139,58721.817112942925
exness_native-S03,2024-08-20 08:45:00+00:00,BTC_V2_SETUP_A,LONG,60880.23675431665,60637.57486852503
exness_native-S03,2024-08-20 14:00:00+00:00,BTC_V2_SETUP_A,LONG,61017.214644939544,60628.25303259068
exness_native-S03,2024-08-22 10:45:00+00:00,BTC_V2_SETUP_A,LONG,61312.303857399864,60976.0892139002
exness_native-S03,2024-08-23 09:00:00+00:00,BTC_V2_SETUP_B,LONG,61343.42303040591,61113.317878376365
exness_native-S03,2024-08-23 10:45:00+00:00,BTC_V2_SETUP_A,LONG,61187.27708255871,61007.41937616193
exness_native-S03,2024-08-23 13:00:00+00:00,BTC_V2_SETUP_A,LONG,61245.442335215674,60851.31149717648
exness_native-S03,2024-08-23 13:30:00+00:00,BTC_V2_SETUP_A,LONG,61150.849146180866,60918.016280728705
exness_native-S03,2024-08-23 14:00:00+00:00,BTC_V2_SETUP_A,LONG,61136.792008696764,60864.031986954855
exness_native-S03,2024-08-23 15:30:00+00:00,BTC_V2_SETUP_A,LONG,61558.92828705562,61158.02256941657
exness_native-S03,2024-08-24 07:15:00+00:00,BTC_V2_SETUP_A,LONG,64297.977575647645,64053.24363652854
exness_native-S03,2024-08-24 14:00:00+00:00,BTC_V2_SETUP_A,LONG,64299.45296607218,64062.230550891734
exness_native-S03,2024-08-24 16:30:00+00:00,BTC_V2_SETUP_A,LONG,64424.104977375566,63950.88253393666
exness_native-S03,2024-08-25 14:45:00+00:00,BTC_V2_SETUP_A,LONG,64331.735681327424,64107.67647800887
exness_native-S03,2024-08-25 15:15:00+00:00,BTC_V2_SETUP_A,LONG,64312.184184409874,64116.023723385195
exness_native-S03,2024-08-25 17:45:00+00:00,BTC_V2_SETUP_A,LONG,64216.702832631745,64035.475751052385
exness_native-S03,2024-08-25 19:15:00+00:00,BTC_V2_SETUP_A,LONG,64265.53986315736,64165.240205263966
exness_native-S03,2024-08-25 19:45:00+00:00,BTC_V2_SETUP_A,LONG,64237.40949425303,64140.14075862046
exness_native-S03,2024-08-28 07:15:00+00:00,BTC_V2_SETUP_A,SHORT,59104.10410754866,59385.54883867701
exness_native-S03,2024-08-28 14:00:00+00:00,BTC_V2_SETUP_A,SHORT,59280.91102246301,59964.178466305486
exness_native-S03,2024-08-28 14:45:00+00:00,BTC_V2_SETUP_A,SHORT,59178.45098336415,59784.82352495377
exness_native-S03,2024-08-30 20:00:00+00:00,BTC_V2_SETUP_A,SHORT,58666.46075828426,59117.59386257361
exness_native-S03,2024-08-31 10:45:00+00:00,BTC_V2_SETUP_A,SHORT,59033.92805876858,59118.59791184714
exness_native-S03,2024-08-31 15:30:00+00:00,BTC_V2_SETUP_A,SHORT,59002.78675576329,59214.27986635507
exness_native-S03,2024-08-31 16:15:00+00:00,BTC_V2_SETUP_A,SHORT,58982.24835437753,59114.67246843371
exness_native-S03,2024-08-31 16:45:00+00:00,BTC_V2_SETUP_A,SHORT,58987.77207086634,59122.651893700495
exness_native-S03,2024-08-31 19:00:00+00:00,BTC_V2_SETUP_A,SHORT,58884.77433285119,59100.28850072321
exness_native-S03,2024-09-01 08:45:00+00:00,BTC_V2_SETUP_A,SHORT,58215.167252974104,58423.36412053884
exness_native-S03,2024-09-01 10:00:00+00:00,BTC_V2_SETUP_A,SHORT,58202.00767130606,58434.5534930409
exness_native-S03,2024-09-01 15:00:00+00:00,BTC_V2_SETUP_A,SHORT,57782.05710158677,58239.57434761984
exness_native-S03,2024-09-01 15:30:00+00:00,BTC_V2_SETUP_A,SHORT,57833.746419225325,58114.460371162015
exness_native-S03,2024-09-03 18:00:00+00:00,BTC_V2_SETUP_A,SHORT,57647.53457813853,58078.528132792206
exness_native-S03,2024-09-03 19:00:00+00:00,BTC_V2_SETUP_A,SHORT,57882.989850016,58144.680224976
exness_native-S03,2024-09-04 10:00:00+00:00,BTC_V2_SETUP_A,SHORT,56594.44979706436,56923.17530440347
exness_native-S03,2024-09-05 08:00:00+00:00,BTC_V2_SETUP_A,SHORT,57139.39460222102,57276.64809666847
exness_native-S03,2024-09-05 08:30:00+00:00,BTC_V2_SETUP_A,SHORT,57129.277876404856,57285.89818539271
exness_native-S03,2024-09-05 15:00:00+00:00,BTC_V2_SETUP_A,SHORT,56428.57043793528,57126.73934309707
exness_native-S03,2024-09-08 15:00:00+00:00,BTC_V2_SETUP_A,SHORT,54124.451139679455,54338.65329048082
exness_native-S03,2024-09-11 18:30:00+00:00,BTC_V2_SETUP_B,LONG,58067.999293717134,57660.69282513145
exness_native-S03,2024-09-12 08:00:00+00:00,BTC_V2_SETUP_A,LONG,58216.10445917839,57940.80831123242
exness_native-S03,2024-09-12 14:30:00+00:00,BTC_V2_SETUP_A,LONG,58337.300728557726,57833.38890716341
exness_native-S03,2024-09-13 15:00:00+00:00,BTC_V2_SETUP_A,LONG,58664.924716438436,58204.05792534235
exness_native-S03,2024-09-15 14:00:00+00:00,BTC_V2_SETUP_A,LONG,60218.35786948708,60095.713195769385
exness_native-S03,2024-09-15 15:00:00+00:00,BTC_V2_SETUP_A,LONG,60318.13502864485,60087.95245703273
exness_native-S03,2024-09-17 07:45:00+00:00,BTC_V2_SETUP_B,LONG,58708.86526800578,58496.0589279769
exness_native-S03,2024-09-17 12:45:00+00:00,BTC_V2_SETUP_B,LONG,59367.62592055447,59056.53631778213
exness_native-S03,2024-09-17 19:15:00+00:00,BTC_V2_SETUP_A,LONG,60774.33115061366,60406.118274079505
exness_native-S03,2024-09-18 19:15:00+00:00,BTC_V2_SETUP_A,LONG,60841.39971125898,60116.10543311153
exness_native-S03,2024-09-19 07:30:00+00:00,BTC_V2_SETUP_A,LONG,62190.28581994946,61926.11127007582
exness_native-S03,2024-09-19 09:15:00+00:00,BTC_V2_SETUP_A,LONG,62243.71963991677,61858.50554012484
exness_native-S03,2024-09-19 14:15:00+00:00,BTC_V2_SETUP_A,LONG,63529.15284255836,62949.50573616246
exness_native-S03,2024-09-20 09:45:00+00:00,BTC_V2_SETUP_B,LONG,63571.58241353107,63352.03034587571
exness_native-S03,2024-09-21 15:00:00+00:00,BTC_V2_SETUP_B,LONG,63295.32655358744,63100.92378565026
exness_native-S03,2024-09-23 09:30:00+00:00,BTC_V2_SETUP_B,LONG,63694.846502967164,63422.33398813134
exness_native-S03,2024-09-24 08:00:00+00:00,BTC_V2_SETUP_B,LONG,63577.72684300794,63348.832627968244
exness_native-S03,2024-09-26 10:15:00+00:00,BTC_V2_SETUP_A,LONG,63986.965258145094,63718.00211278235
exness_native-S03,2024-09-26 15:15:00+00:00,BTC_V2_SETUP_A,LONG,64803.07404505223,64247.38893242166
exness_native-S03,2024-09-27 16:45:00+00:00,BTC_V2_SETUP_A,LONG,66351.62077877564,65980.06883183653
exness_native-S03,2024-09-29 13:45:00+00:00,BTC_V2_SETUP_A,LONG,65892.13714923784,65695.60927614322
exness_native-S03,2024-10-01 16:45:00+00:00,BTC_V2_SETUP_B,SHORT,61857.94852549155,62662.175898033805
exness_native-S03,2024-10-01 19:15:00+00:00,BTC_V2_SETUP_A,SHORT,61641.98386480238,62058.30920279644
exness_native-S03,2024-10-01 19:45:00+00:00,BTC_V2_SETUP_A,SHORT,61707.30600587552,62187.595991186725
exness_native-S03,2024-10-02 11:45:00+00:00,BTC_V2_SETUP_A,SHORT,61132.05040992092,61406.60438511862
exness_native-S03,2024-10-02 19:00:00+00:00,BTC_V2_SETUP_A,SHORT,60663.41756047708,61320.52365928438
exness_native-S03,2024-10-03 11:30:00+00:00,BTC_V2_SETUP_A,SHORT,60601.47860070402,61032.38209894397
exness_native-S03,2024-10-07 16:45:00+00:00,BTC_V2_SETUP_A,LONG,63910.954982466545,63499.662526300184
exness_native-S03,2024-10-07 17:45:00+00:00,BTC_V2_SETUP_A,LONG,63780.79044195718,63441.68433706423
exness_native-S03,2024-10-09 10:30:00+00:00,BTC_V2_SETUP_A,SHORT,62005.29010683868,62228.17983974198
exness_native-S03,2024-10-09 16:30:00+00:00,BTC_V2_SETUP_A,SHORT,61650.24862000866,62146.917069987016
exness_native-S03,2024-10-12 13:15:00+00:00,BTC_V2_SETUP_A,LONG,63216.10173855748,62964.15739216378
exness_native-S03,2024-10-12 13:45:00+00:00,BTC_V2_SETUP_A,LONG,63128.81386640925,62993.73420038612
exness_native-S03,2024-10-12 16:00:00+00:00,BTC_V2_SETUP_A,LONG,63231.53446155261,63045.513307671084
exness_native-S03,2024-10-14 07:45:00+00:00,BTC_V2_SETUP_B,LONG,64426.72178910283,63985.04284358871
exness_native-S03,2024-10-14 17:45:00+00:00,BTC_V2_SETUP_A,LONG,65824.7760027166,65459.675995925114
exness_native-S03,2024-10-15 08:30:00+00:00,BTC_V2_SETUP_A,LONG,65815.93093185953,65630.0136022107
exness_native-S03,2024-10-15 16:15:00+00:00,BTC_V2_SETUP_A,LONG,66527.11221431752,65787.41167852374
exness_native-S03,2024-10-20 08:30:00+00:00,BTC_V2_SETUP_B,LONG,68487.70357128188,68322.88571487251
exness_native-S03,2024-10-20 11:30:00+00:00,BTC_V2_SETUP_A,LONG,68437.35647996016,68355.13028005978
exness_native-S03,2024-10-20 12:45:00+00:00,BTC_V2_SETUP_A,LONG,68408.88935473286,68301.5459679007
exness_native-S03,2024-10-20 14:00:00+00:00,BTC_V2_SETUP_A,LONG,68484.55732157141,68347.94401764288
exness_native-S03,2024-10-20 15:45:00+00:00,BTC_V2_SETUP_A,LONG,68566.78875075761,68388.30687386359
exness_native-S03,2024-10-24 17:45:00+00:00,BTC_V2_SETUP_A,LONG,67801.87075117037,67434.35887324445
exness_native-S03,2024-10-25 14:15:00+00:00,BTC_V2_SETUP_A,LONG,68495.68037476858,68022.13443784713
exness_native-S03,2024-10-27 18:30:00+00:00,BTC_V2_SETUP_A,LONG,67650.2526271729,67521.90105924064
exness_native-S03,2024-10-27 19:30:00+00:00,BTC_V2_SETUP_A,LONG,67776.9417947388,67454.4273078918
exness_native-S03,2024-10-28 12:30:00+00:00,BTC_V2_SETUP_B,LONG,68926.577542441,68506.37983023601
exness_native-S03,2024-10-28 16:45:00+00:00,BTC_V2_SETUP_A,LONG,68932.46587198428,68378.93619202355
exness_native-S03,2024-10-29 08:00:00+00:00,BTC_V2_SETUP_A,LONG,70985.54757814978,70677.11863277534
exness_native-S03,2024-10-29 14:45:00+00:00,BTC_V2_SETUP_A,LONG,71905.29169556571,71381.25745665142
exness_native-S03,2024-11-03 07:30:00+00:00,BTC_V2_SETUP_A,SHORT,68369.10955401983,68709.36566897025
exness_native-S03,2024-11-04 16:45:00+00:00,BTC_V2_SETUP_A,SHORT,67720.27077482868,68384.433837757
exness_native-S03,2024-11-06 09:15:00+00:00,BTC_V2_SETUP_A,LONG,73971.52020551692,73232.86469172462
exness_native-S03,2024-11-07 20:00:00+00:00,BTC_V2_SETUP_A,LONG,76654.02161515629,76014.61257726557
exness_native-S03,2024-11-10 09:00:00+00:00,BTC_V2_SETUP_B,LONG,79108.6464010739,78791.40439570438
exness_native-S03,2024-11-10 12:45:00+00:00,BTC_V2_SETUP_A,LONG,79493.48109716173,79133.60835425742
exness_native-S03,2024-11-11 10:00:00+00:00,BTC_V2_SETUP_A,LONG,81854.49843025712,81336.07235461431
exness_native-S03,2024-11-12 07:45:00+00:00,BTC_V2_SETUP_A,LONG,89660.00019552658,89071.92470671012
exness_native-S03,2024-11-12 18:45:00+00:00,BTC_V2_SETUP_A,LONG,88985.64570434976,88131.20144347535
exness_native-S03,2024-11-13 13:30:00+00:00,BTC_V2_SETUP_B,LONG,88504.85763617666,87542.94945529332
exness_native-S03,2024-11-14 08:15:00+00:00,BTC_V2_SETUP_A,LONG,91576.13330594008,90506.45004108989
exness_native-S03,2024-11-15 10:00:00+00:00,BTC_V2_SETUP_A,LONG,89352.53564769044,88766.01152846434
exness_native-S03,2024-11-15 16:30:00+00:00,BTC_V2_SETUP_A,LONG,89822.63492294794,88651.78261557808
exness_native-S03,2024-11-15 17:15:00+00:00,BTC_V2_SETUP_A,LONG,89836.18818648566,89078.58272027153
exness_native-S03,2024-11-18 16:00:00+00:00,BTC_V2_SETUP_A,LONG,92798.90283782825,91566.10574325763
exness_native-S03,2024-11-18 17:30:00+00:00,BTC_V2_SETUP_A,LONG,92315.74272799851,91058.58090800224
exness_native-S03,2024-11-18 18:00:00+00:00,BTC_V2_SETUP_A,LONG,91770.19603587626,90706.7459461856
exness_native-S03,2024-11-19 13:15:00+00:00,BTC_V2_SETUP_B,LONG,92880.16645579126,92065.53417683498
exness_native-S03,2024-11-19 18:15:00+00:00,BTC_V2_SETUP_B,LONG,93381.52795421169,92453.50818315327
exness_native-S03,2024-11-20 08:00:00+00:00,BTC_V2_SETUP_B,LONG,92909.19131373543,92618.06474505825
exness_native-S03,2024-11-20 13:15:00+00:00,BTC_V2_SETUP_B,LONG,94003.10935861555,93298.0725655378
exness_native-S03,2024-11-21 09:00:00+00:00,BTC_V2_SETUP_A,LONG,97205.55572623844,96623.86141064233
exness_native-S03,2024-11-21 16:30:00+00:00,BTC_V2_SETUP_B,LONG,97263.37202381752,96183.69190472993
exness_native-S03,2024-11-29 07:15:00+00:00,BTC_V2_SETUP_A,LONG,96573.46135605774,96153.05296591338
exness_native-S03,2024-11-29 10:15:00+00:00,BTC_V2_SETUP_A,LONG,96922.77289342285,96338.6856598657
exness_native-S03,2024-11-30 19:45:00+00:00,BTC_V2_SETUP_B,LONG,97179.1488866219,96938.04445351241
exness_native-S03,2024-12-01 11:15:00+00:00,BTC_V2_SETUP_A,LONG,97138.38896043504,96862.29155934745
exness_native-S03,2024-12-01 13:15:00+00:00,BTC_V2_SETUP_A,LONG,97208.98857779695,96730.77213330459
exness_native-S03,2024-12-04 08:15:00+00:00,BTC_V2_SETUP_B,LONG,96959.23829667568,96531.43681329727
exness_native-S03,2024-12-04 09:15:00+00:00,BTC_V2_SETUP_B,LONG,96969.24548034293,96716.38807862825
exness_native-S03,2024-12-05 07:30:00+00:00,BTC_V2_SETUP_A,LONG,102342.03961226634,101145.7855816005
exness_native-S03,2024-12-06 15:00:00+00:00,BTC_V2_SETUP_A,LONG,99713.25696088155,98725.58455867768
exness_native-S03,2024-12-07 18:45:00+00:00,BTC_V2_SETUP_A,LONG,100141.66945310899,99691.4508203365
exness_native-S03,2024-12-08 13:30:00+00:00,BTC_V2_SETUP_A,LONG,100354.14942934045,99992.74085598932
exness_native-S03,2024-12-12 14:30:00+00:00,BTC_V2_SETUP_A,LONG,101559.53781214228,100811.46828178658
exness_native-S03,2024-12-12 15:00:00+00:00,BTC_V2_SETUP_A,LONG,101806.6718584288,100844.42221235679
exness_native-S03,2024-12-12 16:15:00+00:00,BTC_V2_SETUP_A,LONG,102511.64788739366,101644.24816890951
exness_native-S03,2024-12-12 16:45:00+00:00,BTC_V2_SETUP_A,LONG,102174.75441310984,101272.38838033524
exness_native-S03,2024-12-15 09:00:00+00:00,BTC_V2_SETUP_A,LONG,102017.45950955428,101775.95573566858
exness_native-S03,2024-12-15 14:15:00+00:00,BTC_V2_SETUP_A,LONG,102968.51172900504,102516.74740649245
exness_native-S03,2024-12-15 16:15:00+00:00,BTC_V2_SETUP_A,LONG,102936.46582071109,102430.90626893337
exness_native-S03,2024-12-16 20:00:00+00:00,BTC_V2_SETUP_A,LONG,106719.86149786126,105979.11775320809
exness_native-S03,2024-12-17 08:30:00+00:00,BTC_V2_SETUP_A,LONG,107322.91993000476,106828.28010499285
exness_native-S03,2024-12-17 14:15:00+00:00,BTC_V2_SETUP_A,LONG,107528.46295938373,107036.6205609244
exness_native-S03,2024-12-17 17:30:00+00:00,BTC_V2_SETUP_A,LONG,107655.60964977425,106566.99552533863
exness_native-S03,2024-12-20 08:30:00+00:00,BTC_V2_SETUP_A,SHORT,96310.3225572156,97116.69616417661
exness_native-S05,2025-01-01 09:45:00+00:00,BTC_V2_SETUP_A,SHORT,92792.12087992938,93218.90368010593
exness_native-S05,2025-01-01 11:00:00+00:00,BTC_V2_SETUP_A,SHORT,93102.48017686013,93359.97473470982
exness_native-S05,2025-01-02 16:30:00+00:00,BTC_V2_SETUP_A,LONG,97421.11070952922,96439.81893570616
exness_native-S05,2025-01-02 18:45:00+00:00,BTC_V2_SETUP_A,LONG,97093.94807820444,96373.61288269334
exness_native-S05,2025-01-03 15:30:00+00:00,BTC_V2_SETUP_A,LONG,97334.09193992394,96606.15709011411
exness_native-S05,2025-01-06 08:15:00+00:00,BTC_V2_SETUP_A,LONG,99669.25643190391,99212.13035214414
exness_native-S05,2025-01-06 11:30:00+00:00,BTC_V2_SETUP_B,LONG,99292.29893494461,98587.48426022154
exness_native-S05,2025-01-08 19:45:00+00:00,BTC_V2_SETUP_A,SHORT,93900.66163730349,94912.34254404478
exness_native-S05,2025-01-09 07:30:00+00:00,BTC_V2_SETUP_A,SHORT,93611.71341564073,94204.5448765389
exness_native-S05,2025-01-09 17:45:00+00:00,BTC_V2_SETUP_B,SHORT,93328.81511007012,94145.03955971952
exness_native-S05,2025-01-10 16:30:00+00:00,BTC_V2_SETUP_A,SHORT,93140.73562205411,94187.08656691884
exness_native-S05,2025-01-12 08:45:00+00:00,BTC_V2_SETUP_B,SHORT,94094.27609687285,94346.06561250855
exness_native-S05,2025-01-13 13:45:00+00:00,BTC_V2_SETUP_A,SHORT,90966.6740031806,91639.08399522911
exness_native-S05,2025-01-13 17:00:00+00:00,BTC_V2_SETUP_A,SHORT,91089.71387363703,92385.86418954445
exness_native-S05,2025-01-15 07:30:00+00:00,BTC_V2_SETUP_A,LONG,97602.27336673444,97054.52494989835
exness_native-S05,2025-01-15 08:00:00+00:00,BTC_V2_SETUP_A,LONG,97384.77328050061,97060.90507924909
exness_native-S05,2025-01-15 12:45:00+00:00,BTC_V2_SETUP_B,LONG,97198.14276317338,96473.64894730644
exness_native-S05,2025-01-15 13:30:00+00:00,BTC_V2_SETUP_A,LONG,97395.5189332244,96748.15660016339
exness_native-S05,2025-01-15 18:15:00+00:00,BTC_V2_SETUP_A,LONG,99010.11045714516,98542.29431428226
exness_native-S05,2025-01-16 19:00:00+00:00,BTC_V2_SETUP_A,LONG,99725.20228757411,99080.41156863882
exness_native-S05,2025-01-17 07:15:00+00:00,BTC_V2_SETUP_B,LONG,101620.01439737537,101190.36241049855
exness_native-S05,2025-01-17 19:15:00+00:00,BTC_V2_SETUP_B,LONG,105179.33756949379,104598.33972202484
exness_native-S05,2025-01-18 15:00:00+00:00,BTC_V2_SETUP_A,LONG,104118.25634671883,103663.35047992176
exness_native-S05,2025-01-20 14:00:00+00:00,BTC_V2_SETUP_A,LONG,108268.38344743632,107266.5898288455
exness_native-S05,2025-01-20 14:45:00+00:00,BTC_V2_SETUP_A,LONG,108043.26731997727,107004.35402003411
exness_native-S05,2025-01-21 12:15:00+00:00,BTC_V2_SETUP_B,LONG,103974.15799577966,103470.59801688135
exness_native-S05,2025-01-21 17:15:00+00:00,BTC_V2_SETUP_A,LONG,105683.3975996082,104647.63860058771
exness_native-S05,2025-01-23 15:30:00+00:00,BTC_V2_SETUP_A,LONG,104634.19042806067,102602.844357909
exness_native-S05,2025-01-24 08:15:00+00:00,BTC_V2_SETUP_B,LONG,105241.33335582775,104704.24657668901
exness_native-S05,2025-01-24 16:00:00+00:00,BTC_V2_SETUP_A,LONG,106062.49777903264,105437.65833145105
exness_native-S05,2025-01-25 16:15:00+00:00,BTC_V2_SETUP_A,LONG,104998.90148525286,104717.6677721207
exness_native-S05,2025-01-25 18:30:00+00:00,BTC_V2_SETUP_A,LONG,105119.7456907578,104717.4564638633
exness_native-S05,2025-01-26 08:15:00+00:00,BTC_V2_SETUP_A,LONG,105222.63910293544,104769.72134559683
exness_native-S05,2025-01-26 15:15:00+00:00,BTC_V2_SETUP_A,LONG,105012.71891880782,104774.80662178826
exness_native-S05,2025-01-27 10:45:00+00:00,BTC_V2_SETUP_B,SHORT,98522.48330568193,99365.77677727227
exness_native-S05,2025-01-27 17:15:00+00:00,BTC_V2_SETUP_A,SHORT,99045.34140822294,100220.02788766558
exness_native-S05,2025-01-29 15:30:00+00:00,BTC_V2_SETUP_A,SHORT,101763.00908250573,102440.44137624142
exness_native-S05,2025-01-30 08:00:00+00:00,BTC_V2_SETUP_A,LONG,105256.74460763812,104801.66808854284
exness_native-S05,2025-01-30 15:45:00+00:00,BTC_V2_SETUP_A,LONG,106117.13031506732,105360.93452739903
exness_native-S05,2025-01-31 14:00:00+00:00,BTC_V2_SETUP_A,LONG,104799.65608378152,104477.14587432772
exness_native-S05,2025-01-31 14:30:00+00:00,BTC_V2_SETUP_A,LONG,104810.7422355055,104363.50664674176
exness_native-S05,2025-01-31 15:15:00+00:00,BTC_V2_SETUP_A,LONG,105053.5066273344,104325.10505899841
exness_native-S05,2025-02-01 14:00:00+00:00,BTC_V2_SETUP_A,SHORT,101762.39430544656,102254.89854183015
exness_native-S05,2025-02-01 15:00:00+00:00,BTC_V2_SETUP_A,SHORT,101755.99148791804,102100.71276812293
exness_native-S05,2025-02-01 17:00:00+00:00,BTC_V2_SETUP_A,SHORT,101830.21899056062,102150.68151415908
exness_native-S05,2025-02-01 19:15:00+00:00,BTC_V2_SETUP_A,SHORT,101779.20456663336,102099.50315004998
exness_native-S05,2025-02-02 07:30:00+00:00,BTC_V2_SETUP_A,SHORT,99644.64765421482,100324.67351867777
exness_native-S05,2025-02-02 17:30:00+00:00,BTC_V2_SETUP_B,SHORT,97484.46836911779,98564.58652352888
exness_native-S05,2025-02-04 07:45:00+00:00,BTC_V2_SETUP_B,SHORT,98483.54694637141,99590.53221451437
exness_native-S05,2025-02-04 14:00:00+00:00,BTC_V2_SETUP_B,SHORT,98936.54430047027,99620.45279811892
exness_native-S05,2025-02-05 19:00:00+00:00,BTC_V2_SETUP_B,SHORT,96446.76987317363,97414.55050730545
exness_native-S05,2025-02-06 18:15:00+00:00,BTC_V2_SETUP_B,SHORT,96299.58737077507,97144.39051689969
exness_native-S05,2025-02-08 08:15:00+00:00,BTC_V2_SETUP_A,SHORT,96092.64754545038,96401.19368182443
exness_native-S05,2025-02-08 14:30:00+00:00,BTC_V2_SETUP_A,SHORT,95904.39847499857,96350.34228750216
exness_native-S05,2025-02-09 17:30:00+00:00,BTC_V2_SETUP_A,SHORT,96125.66431148216,96505.03353277674
exness_native-S05,2025-02-11 17:00:00+00:00,BTC_V2_SETUP_B,SHORT,96292.23462205332,96786.4415117867
exness_native-S05,2025-02-12 14:30:00+00:00,BTC_V2_SETUP_A,SHORT,94511.75174870656,95229.71237694015
exness_native-S05,2025-02-12 15:15:00+00:00,BTC_V2_SETUP_A,SHORT,94632.51534034559,95873.1769894816
exness_native-S05,2025-02-13 10:30:00+00:00,BTC_V2_SETUP_A,SHORT,96117.95781012642,96451.58828481038
exness_native-S05,2025-02-13 11:00:00+00:00,BTC_V2_SETUP_A,SHORT,96115.73470362941,96372.37794455588
exness_native-S05,2025-02-13 16:30:00+00:00,BTC_V2_SETUP_A,SHORT,95314.252983306,95959.93052504101
exness_native-S05,2025-02-13 18:15:00+00:00,BTC_V2_SETUP_A,SHORT,95428.65031927136,95960.23452109295
exness_native-S05,2025-02-16 18:00:00+00:00,BTC_V2_SETUP_A,SHORT,96880.50203551007,97080.1369467349
exness_native-S05,2025-02-17 07:30:00+00:00,BTC_V2_SETUP_A,SHORT,96112.70369660863,96439.96445508706
exness_native-S05,2025-02-17 16:00:00+00:00,BTC_V2_SETUP_A,SHORT,95502.11974775145,96300.23537837283
exness_native-S05,2025-02-18 16:15:00+00:00,BTC_V2_SETUP_A,SHORT,95317.41326765464,95728.86009851804
exness_native-S05,2025-02-21 10:00:00+00:00,BTC_V2_SETUP_A,LONG,98413.72877145791,98123.2868428131
exness_native-S05,2025-02-21 15:15:00+00:00,BTC_V2_SETUP_A,LONG,99360.03190963827,98482.0121355426
exness_native-S05,2025-02-23 12:15:00+00:00,BTC_V2_SETUP_B,SHORT,96030.65629636138,96240.2948145545
exness_native-S05,2025-02-23 17:15:00+00:00,BTC_V2_SETUP_B,SHORT,95316.82994445699,95678.39022217202
exness_native-S05,2025-02-24 18:00:00+00:00,BTC_V2_SETUP_A,SHORT,94509.42199941321,95343.28700088017
exness_native-S05,2025-02-24 18:30:00+00:00,BTC_V2_SETUP_A,SHORT,94437.54912194303,95008.54631708545
exness_native-S05,2025-02-25 12:45:00+00:00,BTC_V2_SETUP_A,SHORT,88806.91232165472,89525.23151751795
exness_native-S05,2025-02-25 13:30:00+00:00,BTC_V2_SETUP_A,SHORT,88898.92058260764,89608.25912608852
exness_native-S05,2025-02-25 18:30:00+00:00,BTC_V2_SETUP_A,SHORT,86672.40635793968,87609.42046309049
exness_native-S05,2025-02-25 19:00:00+00:00,BTC_V2_SETUP_A,SHORT,86756.19843108064,87777.71235337904
exness_native-S05,2025-02-26 16:00:00+00:00,BTC_V2_SETUP_A,SHORT,87239.19534701582,88112.76197947624
exness_native-S05,2025-02-27 16:30:00+00:00,BTC_V2_SETUP_A,SHORT,84659.05481808983,85794.84777286527
exness_native-S05,2025-03-01 14:30:00+00:00,BTC_V2_SETUP_A,SHORT,84385.56830530136,84846.51254204795
exness_native-S05,2025-03-03 11:30:00+00:00,BTC_V2_SETUP_A,LONG,92996.31026992494,92336.3945951126
exness_native-S05,2025-03-03 12:00:00+00:00,BTC_V2_SETUP_A,LONG,92886.48942661895,92409.80586007156
exness_native-S05,2025-03-04 07:15:00+00:00,BTC_V2_SETUP_A,SHORT,83329.85635956371,84238.68546065442
exness_native-S05,2025-03-04 07:45:00+00:00,BTC_V2_SETUP_A,SHORT,83285.13482023607,84041.8527696459
exness_native-S05,2025-03-04 10:00:00+00:00,BTC_V2_SETUP_A,SHORT,83627.26290832825,84366.28563750762
exness_native-S05,2025-03-04 14:00:00+00:00,BTC_V2_SETUP_A,SHORT,82547.44136197862,83674.39295703205
exness_native-S05,2025-03-04 14:30:00+00:00,BTC_V2_SETUP_A,SHORT,82451.4434702775,83431.98979458376
exness_native-S05,2025-03-06 10:30:00+00:00,BTC_V2_SETUP_B,LONG,91745.60434582915,90541.43261668339
exness_native-S05,2025-03-07 13:00:00+00:00,BTC_V2_SETUP_A,LONG,89249.8336805371,88353.35447919436
exness_native-S05,2025-03-08 08:00:00+00:00,BTC_V2_SETUP_B,SHORT,86113.13799981077,86578.2980007569
exness_native-S05,2025-03-08 16:30:00+00:00,BTC_V2_SETUP_A,SHORT,85806.37685968926,86500.3797104661
exness_native-S05,2025-03-08 17:15:00+00:00,BTC_V2_SETUP_A,SHORT,85665.78689239698,86248.41966140452
exness_native-S05,2025-03-09 13:45:00+00:00,BTC_V2_SETUP_B,SHORT,84207.44122314236,84621.62510743052
exness_native-S05,2025-03-09 18:45:00+00:00,BTC_V2_SETUP_A,SHORT,82617.43154470027,83529.49768294957
exness_native-S05,2025-03-10 17:00:00+00:00,BTC_V2_SETUP_B,SHORT,78939.87649910657,80005.16400357372
exness_native-S05,2025-03-12 16:30:00+00:00,BTC_V2_SETUP_A,SHORT,81676.30104483967,82502.5984327405
exness_native-S05,2025-03-13 19:45:00+00:00,BTC_V2_SETUP_B,SHORT,80314.08463392031,80887.02146431878
exness_native-S05,2025-03-16 19:15:00+00:00,BTC_V2_SETUP_A,SHORT,82854.07241652231,83875.01637521652
exness_native-S05,2025-03-18 10:00:00+00:00,BTC_V2_SETUP_A,SHORT,82742.49636662874,83274.5154500569
exness_native-S05,2025-03-18 16:00:00+00:00,BTC_V2_SETUP_A,SHORT,81485.70475826091,82120.19786260863
exness_native-S05,2025-03-18 16:45:00+00:00,BTC_V2_SETUP_A,SHORT,81628.63431628981,82291.6535255653
exness_native-S05,2025-03-23 13:30:00+00:00,BTC_V2_SETUP_B,LONG,85016.8959672174,84625.60613113044
exness_native-S05,2025-03-24 08:30:00+00:00,BTC_V2_SETUP_B,LONG,87449.22332746396,86807.44669014419
exness_native-S05,2025-03-25 13:15:00+00:00,BTC_V2_SETUP_A,LONG,87454.50531139346,86985.25703290981
exness_native-S05,2025-03-29 09:15:00+00:00,BTC_V2_SETUP_A,SHORT,83799.77650735469,84015.61523896795
exness_native-S05,2025-03-29 10:30:00+00:00,BTC_V2_SETUP_A,SHORT,83326.77046446654,83645.71930330021
exness_native-S05,2025-03-29 14:30:00+00:00,BTC_V2_SETUP_A,SHORT,82401.20560288454,82875.68159567319
exness_native-S05,2025-03-29 15:00:00+00:00,BTC_V2_SETUP_A,SHORT,82444.52840248718,82772.94739626923
exness_native-S05,2025-03-29 15:45:00+00:00,BTC_V2_SETUP_B,SHORT,82383.04002371214,82695.08990515149
exness_native-S05,2025-03-29 16:30:00+00:00,BTC_V2_SETUP_A,SHORT,82350.84171223841,82753.32243164239
exness_native-S05,2025-03-30 14:00:00+00:00,BTC_V2_SETUP_A,SHORT,82636.60664793996,83052.44502809006
exness_native-S05,2025-03-30 15:30:00+00:00,BTC_V2_SETUP_A,SHORT,82757.96351561112,83143.43972658332
exness_native-S05,2025-04-02 18:45:00+00:00,BTC_V2_SETUP_A,LONG,86719.08253114209,86048.16620328686
exness_native-S05,2025-04-02 20:00:00+00:00,BTC_V2_SETUP_A,LONG,87068.05894724175,86176.84157913738
exness_native-S05,2025-04-03 12:30:00+00:00,BTC_V2_SETUP_B,SHORT,82412.61946422595,83123.53214309616
exness_native-S05,2025-04-04 13:30:00+00:00,BTC_V2_SETUP_A,SHORT,82431.1162794213,83167.64558086803
exness_native-S05,2025-04-04 14:45:00+00:00,BTC_V2_SETUP_A,SHORT,82043.40536152195,82985.8519577171
exness_native-S05,2025-04-05 08:30:00+00:00,BTC_V2_SETUP_A,SHORT,83293.29934495612,83643.12598256583
exness_native-S05,2025-04-05 09:00:00+00:00,BTC_V2_SETUP_A,SHORT,83423.7076290693,83590.62355639607
exness_native-S05,2025-04-06 08:00:00+00:00,BTC_V2_SETUP_A,SHORT,82940.21664152596,83162.52003771107
exness_native-S05,2025-04-06 14:00:00+00:00,BTC_V2_SETUP_B,SHORT,82151.77054435638,82641.2378225745
exness_native-S05,2025-04-06 15:30:00+00:00,BTC_V2_SETUP_A,SHORT,82327.81414406504,82664.59878390245
exness_native-S05,2025-04-06 16:00:00+00:00,BTC_V2_SETUP_A,SHORT,82417.74638952548,82748.5204157118
exness_native-S05,2025-04-07 09:15:00+00:00,BTC_V2_SETUP_A,SHORT,75853.9302136403,76632.64467953955
exness_native-S05,2025-04-07 11:45:00+00:00,BTC_V2_SETUP_B,SHORT,76433.48348023558,77272.08607905771
exness_native-S05,2025-04-08 19:00:00+00:00,BTC_V2_SETUP_A,SHORT,77041.79875884618,77790.33686173073
exness_native-S05,2025-04-09 12:30:00+00:00,BTC_V2_SETUP_A,SHORT,76009.29406535842,76638.56890196237
exness_native-S05,2025-04-10 19:00:00+00:00,BTC_V2_SETUP_A,SHORT,79143.41635494246,79799.1604675863
exness_native-S05,2025-04-10 19:30:00+00:00,BTC_V2_SETUP_A,SHORT,79151.45925502693,79821.66611745962
exness_native-S05,2025-04-12 08:15:00+00:00,BTC_V2_SETUP_B,LONG,84031.17202806854,83589.0918877259
exness_native-S05,2025-04-12 08:45:00+00:00,BTC_V2_SETUP_A,LONG,83747.5918110935,83370.65728335975
exness_native-S05,2025-04-12 12:15:00+00:00,BTC_V2_SETUP_A,LONG,83711.80897404015,83373.32153893977
exness_native-S05,2025-04-12 17:30:00+00:00,BTC_V2_SETUP_A,LONG,84731.53978761147,84313.24031858279
exness_native-S06,2025-04-23 08:00:00+00:00,BTC_V2_SETUP_B,LONG,94281.08188912054,93439.56244351788
exness_native-S06,2025-04-23 13:15:00+00:00,BTC_V2_SETUP_A,LONG,94028.11492539839,93537.04761190241
exness_native-S06,2025-04-24 15:45:00+00:00,BTC_V2_SETUP_A,LONG,93413.33205948038,92948.13691077943
exness_native-S06,2025-04-24 18:15:00+00:00,BTC_V2_SETUP_A,LONG,93403.33948418741,92865.27577371888
exness_native-S06,2025-04-24 18:45:00+00:00,BTC_V2_SETUP_A,LONG,93370.14693279425,93054.05960080863
exness_native-S06,2025-04-25 10:00:00+00:00,BTC_V2_SETUP_A,LONG,93894.59037426212,93577.59943860685
exness_native-S06,2025-04-25 11:15:00+00:00,BTC_V2_SETUP_A,LONG,94042.23612114911,93547.75081827633
exness_native-S06,2025-04-25 16:45:00+00:00,BTC_V2_SETUP_A,LONG,95497.0833316601,94897.50000250983
exness_native-S06,2025-04-27 19:30:00+00:00,BTC_V2_SETUP_A,LONG,94356.96605524297,94104.11591713552
exness_native-S06,2025-04-28 07:45:00+00:00,BTC_V2_SETUP_B,LONG,94780.19175057093,94445.79299771633
exness_native-S06,2025-04-29 08:15:00+00:00,BTC_V2_SETUP_A,LONG,95062.95998888956,94815.39001666564
exness_native-S06,2025-04-29 10:00:00+00:00,BTC_V2_SETUP_A,LONG,95033.08559638787,94734.3766054182
exness_native-S06,2025-04-29 11:15:00+00:00,BTC_V2_SETUP_A,LONG,95229.7339652891,94716.47905206635
exness_native-S06,2025-04-30 10:45:00+00:00,BTC_V2_SETUP_A,LONG,95008.84027916504,94798.20458125242
exness_native-S06,2025-04-30 11:30:00+00:00,BTC_V2_SETUP_B,LONG,95119.1155848511,94872.29766059562
exness_native-S06,2025-05-01 07:15:00+00:00,BTC_V2_SETUP_A,LONG,95018.17502806504,94715.08745790242
exness_native-S06,2025-05-01 12:45:00+00:00,BTC_V2_SETUP_B,LONG,96468.38678257022,96019.03286971917
exness_native-S06,2025-05-01 14:15:00+00:00,BTC_V2_SETUP_A,LONG,96286.12346270363,95681.34980594456
exness_native-S06,2025-05-06 10:15:00+00:00,BTC_V2_SETUP_A,SHORT,94069.88995067183,94244.32507399227
exness_native-S06,2025-05-07 07:15:00+00:00,BTC_V2_SETUP_A,LONG,96718.24109981865,96457.93835027202
exness_native-S06,2025-05-08 07:15:00+00:00,BTC_V2_SETUP_B,LONG,99104.50960556153,98698.70157775389
exness_native-S06,2025-05-09 07:15:00+00:00,BTC_V2_SETUP_B,LONG,103530.74999633245,102950.8800146702
exness_native-S06,2025-05-09 10:45:00+00:00,BTC_V2_SETUP_A,LONG,103338.58961649764,102788.62057525353
exness_native-S06,2025-05-10 12:30:00+00:00,BTC_V2_SETUP_A,LONG,103780.64344942768,103416.9998258585
exness_native-S06,2025-05-11 10:30:00+00:00,BTC_V2_SETUP_A,LONG,104537.81218123515,104085.72172814727
exness_native-S06,2025-05-11 15:15:00+00:00,BTC_V2_SETUP_A,LONG,104574.73042746336,103929.31435880493
exness_native-S06,2025-05-13 15:15:00+00:00,BTC_V2_SETUP_A,LONG,103964.76700690246,103020.87448964629
exness_native-S06,2025-05-13 16:00:00+00:00,BTC_V2_SETUP_A,LONG,103817.37487323789,103315.97269014319
exness_native-S06,2025-05-14 12:15:00+00:00,BTC_V2_SETUP_A,LONG,104165.34682940957,103816.89975588564
exness_native-S06,2025-05-15 16:45:00+00:00,BTC_V2_SETUP_B,LONG,103647.1925514879,102950.73979404845
exness_native-S06,2025-05-16 17:00:00+00:00,BTC_V2_SETUP_A,LONG,104297.14792232159,103790.66811651761
exness_native-S06,2025-05-18 07:15:00+00:00,BTC_V2_SETUP_A,LONG,103586.43196006406,103398.06705990391
exness_native-S06,2025-05-19 19:45:00+00:00,BTC_V2_SETUP_A,LONG,105549.28615798063,104752.69076302904
exness_native-S06,2025-05-20 19:15:00+00:00,BTC_V2_SETUP_A,LONG,105912.44170681032,105042.4274397845
exness_native-S06,2025-05-21 19:45:00+00:00,BTC_V2_SETUP_A,LONG,108582.38764589425,106993.76853115861
exness_native-S06,2025-05-24 13:30:00+00:00,BTC_V2_SETUP_A,LONG,108900.38098755083,108414.44851867377
exness_native-S06,2025-05-26 09:15:00+00:00,BTC_V2_SETUP_A,LONG,109847.40364953339,109461.28952569992
exness_native-S06,2025-05-27 14:15:00+00:00,BTC_V2_SETUP_A,LONG,110250.76026618341,109639.07460072487
exness_native-S06,2025-05-27 15:45:00+00:00,BTC_V2_SETUP_A,LONG,110125.33992145446,109436.61011781832
exness_native-S06,2025-05-29 11:00:00+00:00,BTC_V2_SETUP_B,LONG,108878.46448108803,108344.5920756479
exness_native-S06,2025-05-30 07:15:00+00:00,BTC_V2_SETUP_A,SHORT,105353.77645069372,105936.27032395943
exness_native-S06,2025-05-30 12:15:00+00:00,BTC_V2_SETUP_B,SHORT,105122.45039927913,106065.88840288349
exness_native-S06,2025-05-30 14:30:00+00:00,BTC_V2_SETUP_A,SHORT,104960.05437930142,105826.91343104785
exness_native-S06,2025-05-30 16:15:00+00:00,BTC_V2_SETUP_A,SHORT,105180.2698547698,105673.10521784532
exness_native-S06,2025-05-30 19:45:00+00:00,BTC_V2_SETUP_A,SHORT,104441.68165141912,104913.1125228713
exness_native-S06,2025-06-01 09:15:00+00:00,BTC_V2_SETUP_A,SHORT,104088.19152225467,104507.117716618
exness_native-S06,2025-06-02 10:30:00+00:00,BTC_V2_SETUP_A,SHORT,104274.11295181137,104760.61557228293
exness_native-S06,2025-06-03 08:30:00+00:00,BTC_V2_SETUP_A,SHORT,104854.07080919882,105080.48878620176
exness_native-S06,2025-06-04 11:45:00+00:00,BTC_V2_SETUP_A,SHORT,105114.35900316993,105511.0414952451
exness_native-S06,2025-06-05 11:15:00+00:00,BTC_V2_SETUP_A,SHORT,104488.88853284431,104731.50220073354
exness_native-S06,2025-06-05 15:15:00+00:00,BTC_V2_SETUP_A,SHORT,104248.35559780145,104811.71660329783
exness_native-S06,2025-06-05 16:00:00+00:00,BTC_V2_SETUP_A,SHORT,104471.41442724846,104905.1133591273
exness_native-S06,2025-06-08 13:45:00+00:00,BTC_V2_SETUP_B,LONG,105986.24487738346,105665.29049046617
exness_native-S06,2025-06-08 14:15:00+00:00,BTC_V2_SETUP_A,LONG,105855.84287301642,105570.24569047536
exness_native-S06,2025-06-09 14:15:00+00:00,BTC_V2_SETUP_A,LONG,107606.89121567404,106981.42817648893
exness_native-S06,2025-06-11 14:30:00+00:00,BTC_V2_SETUP_B,LONG,110335.50993472552,109535.4602610979
exness_native-S06,2025-06-14 11:15:00+00:00,BTC_V2_SETUP_A,SHORT,104928.02973532918,105099.74539700622
exness_native-S06,2025-06-14 11:45:00+00:00,BTC_V2_SETUP_A,SHORT,104931.76617995222,105156.28073007168
exness_native-S06,2025-06-15 11:45:00+00:00,BTC_V2_SETUP_B,SHORT,104935.58124632,105186.15501471997
exness_native-S06,2025-06-15 12:30:00+00:00,BTC_V2_SETUP_A,SHORT,105009.1066693368,105269.9349959948
exness_native-S06,2025-06-18 09:45:00+00:00,BTC_V2_SETUP_A,SHORT,104566.15960980966,104929.3705852855
exness_native-S06,2025-06-18 15:15:00+00:00,BTC_V2_SETUP_A,SHORT,104270.27878013426,104956.1318297986
exness_native-S06,2025-06-18 17:30:00+00:00,BTC_V2_SETUP_A,SHORT,103981.65582217799,104427.27126673302
exness_native-S06,2025-06-19 15:00:00+00:00,BTC_V2_SETUP_B,SHORT,104053.54985635653,104657.59057457387
exness_native-S06,2025-06-19 17:00:00+00:00,BTC_V2_SETUP_B,SHORT,103871.88361221901,104403.34555112396
exness_native-S06,2025-06-19 19:30:00+00:00,BTC_V2_SETUP_A,SHORT,104173.25569607556,104478.03145588667
exness_native-S06,2025-06-21 15:30:00+00:00,BTC_V2_SETUP_A,SHORT,103296.00281481745,103601.37577777382
exness_native-S06,2025-06-22 17:30:00+00:00,BTC_V2_SETUP_A,SHORT,99326.68504710363,100181.23742934456
exness_native-S06,2025-06-22 18:00:00+00:00,BTC_V2_SETUP_A,SHORT,99296.03589265567,99921.5161610165
exness_native-S06,2025-06-22 19:15:00+00:00,BTC_V2_SETUP_B,SHORT,99048.6590419058,99878.20383237676
exness_native-S06,2025-06-25 13:15:00+00:00,BTC_V2_SETUP_B,LONG,107518.11749977047,107050.09000091809
exness_native-S06,2025-06-26 07:15:00+00:00,BTC_V2_SETUP_B,LONG,107932.74548578533,107668.04805685871
exness_native-S06,2025-06-28 17:15:00+00:00,BTC_V2_SETUP_A,LONG,107447.11596223625,107298.31605664562
exness_native-S06,2025-06-29 08:00:00+00:00,BTC_V2_SETUP_A,LONG,107475.39009328531,107329.77986007203
exness_native-S06,2025-06-29 14:15:00+00:00,BTC_V2_SETUP_A,LONG,108253.65929702812,108008.84605445783
exness_native-S06,2025-07-02 13:15:00+00:00,BTC_V2_SETUP_A,LONG,107782.78381349662,107277.68427975505
exness_native-S06,2025-07-02 19:00:00+00:00,BTC_V2_SETUP_B,LONG,109623.89167187788,109249.80331248848
exness_native-S06,2025-07-03 08:30:00+00:00,BTC_V2_SETUP_A,LONG,109623.25856673266,109365.94714990101
exness_native-S06,2025-07-03 09:15:00+00:00,BTC_V2_SETUP_B,LONG,109738.18510979514,109367.11956081937
exness_native-S06,2025-07-03 14:00:00+00:00,BTC_V2_SETUP_A,LONG,110656.32043624186,109831.6543456372
exness_native-S06,2025-07-06 17:45:00+00:00,BTC_V2_SETUP_B,LONG,109017.94597033349,108755.59611866604
exness_native-S06,2025-07-08 09:30:00+00:00,BTC_V2_SETUP_A,LONG,108463.74182064418,108263.30226903375
exness_native-S06,2025-07-08 17:15:00+00:00,BTC_V2_SETUP_A,LONG,108981.05941292956,108373.54088060564
exness_native-S06,2025-07-09 08:30:00+00:00,BTC_V2_SETUP_A,LONG,108906.74050350406,108728.97424474392
exness_native-S06,2025-07-09 10:45:00+00:00,BTC_V2_SETUP_A,LONG,108926.35409645969,108762.82385531046
exness_native-S06,2025-07-09 14:15:00+00:00,BTC_V2_SETUP_A,LONG,109405.21773724635,109061.86839413046
exness_native-S06,2025-07-09 16:45:00+00:00,BTC_V2_SETUP_A,LONG,109422.06525980339,109139.16211029491
exness_native-S06,2025-07-10 07:15:00+00:00,BTC_V2_SETUP_A,LONG,111465.14711461753,111133.5943280737
exness_native-S06,2025-07-10 08:30:00+00:00,BTC_V2_SETUP_A,LONG,111310.52316202641,111046.1952569604
exness_native-S06,2025-07-10 13:30:00+00:00,BTC_V2_SETUP_B,LONG,111040.09542814991,110772.04828740035
exness_native-S06,2025-07-10 14:15:00+00:00,BTC_V2_SETUP_B,LONG,111150.03569557046,110545.27721771813
exness_native-S06,2025-07-11 09:30:00+00:00,BTC_V2_SETUP_B,LONG,118240.0115272542,117782.13389098321
exness_native-S06,2025-07-11 12:15:00+00:00,BTC_V2_SETUP_A,LONG,118286.32625586836,117650.54061619745
exness_native-S06,2025-07-11 14:00:00+00:00,BTC_V2_SETUP_A,LONG,118262.68678631648,117163.9948205253
exness_native-S06,2025-07-13 09:00:00+00:00,BTC_V2_SETUP_A,LONG,117862.54257958723,117644.57113061917
exness_native-S06,2025-07-13 12:00:00+00:00,BTC_V2_SETUP_A,LONG,118077.18069685472,117863.5539547179
exness_native-S06,2025-07-13 15:15:00+00:00,BTC_V2_SETUP_A,LONG,119135.1372979363,118489.90405309557
exness_native-S06,2025-07-13 17:45:00+00:00,BTC_V2_SETUP_A,LONG,118784.36208919802,118514.87686620298
exness_native-S06,2025-07-13 18:15:00+00:00,BTC_V2_SETUP_A,LONG,118825.07344425748,118431.94983361379
exness_native-S06,2025-07-14 10:45:00+00:00,BTC_V2_SETUP_A,LONG,122153.93050638685,121668.62924041972
exness_native-S06,2025-07-16 11:30:00+00:00,BTC_V2_SETUP_A,LONG,118943.80508335546,118643.4723749668
exness_native-S06,2025-07-16 12:15:00+00:00,BTC_V2_SETUP_A,LONG,118912.84306929007,118577.3853960649
exness_native-S06,2025-07-16 12:45:00+00:00,BTC_V2_SETUP_A,LONG,119108.89645260216,118459.02532109676
exness_native-S06,2025-07-16 13:30:00+00:00,BTC_V2_SETUP_A,LONG,118860.3639709792,118572.2540435312
exness_native-S06,2025-07-16 15:00:00+00:00,BTC_V2_SETUP_A,LONG,119309.90230390322,118456.81654414519
exness_native-S06,2025-07-17 18:30:00+00:00,BTC_V2_SETUP_A,LONG,119865.59233468253,119133.6264979762
exness_native-S06,2025-07-17 19:15:00+00:00,BTC_V2_SETUP_A,LONG,119993.56961709094,119514.3105743636
exness_native-S06,2025-07-20 14:00:00+00:00,BTC_V2_SETUP_B,LONG,118421.65974333913,118030.11102664351
exness_native-S06,2025-07-20 19:15:00+00:00,BTC_V2_SETUP_A,LONG,118591.79027407969,118256.64958888046
exness_native-S06,2025-07-22 15:00:00+00:00,BTC_V2_SETUP_A,LONG,119248.67109486734,118434.313357699
exness_native-S06,2025-07-22 16:15:00+00:00,BTC_V2_SETUP_A,LONG,119388.63377653393,118629.59433519912
exness_native-S06,2025-07-25 07:45:00+00:00,BTC_V2_SETUP_A,SHORT,115102.05712323888,115761.67431514167
exness_native-S06,2025-07-25 08:45:00+00:00,BTC_V2_SETUP_A,SHORT,115064.01026647298,115901.52460029055
exness_native-S06,2025-07-25 14:15:00+00:00,BTC_V2_SETUP_A,SHORT,115523.29231112348,116482.45653331478
exness_native-S06,2025-07-27 11:15:00+00:00,BTC_V2_SETUP_A,LONG,118336.9528964744,118191.1456552884
exness_native-S06,2025-07-29 12:45:00+00:00,BTC_V2_SETUP_A,LONG,119174.75263203146,118745.44605195282
exness_native-S06,2025-07-29 13:30:00+00:00,BTC_V2_SETUP_A,LONG,119041.72745137505,118759.20382293744
exness_native-S06,2025-07-31 10:00:00+00:00,BTC_V2_SETUP_A,LONG,118680.26866565245,118494.63700152135
exness_native-S06,2025-07-31 13:00:00+00:00,BTC_V2_SETUP_A,LONG,118702.91343577564,118306.54484633655
exness_native-S06,2025-08-01 10:00:00+00:00,BTC_V2_SETUP_A,SHORT,114908.63421199865,115370.89868200204
exness_native-S06,2025-08-01 11:00:00+00:00,BTC_V2_SETUP_A,SHORT,114671.98983623734,115193.100245644
exness_native-S06,2025-08-01 13:45:00+00:00,BTC_V2_SETUP_B,SHORT,115031.61641580348,116100.75433678603
exness_native-S06,2025-08-09 07:15:00+00:00,BTC_V2_SETUP_A,LONG,116767.90598099022,116538.46602851467
exness_native-S06,2025-08-10 08:15:00+00:00,BTC_V2_SETUP_A,LONG,118084.14723634276,117497.32914548587
exness_native-S06,2025-08-11 08:15:00+00:00,BTC_V2_SETUP_A,LONG,121716.74320343648,121066.6201948453
exness_native-S06,2025-08-12 15:00:00+00:00,BTC_V2_SETUP_A,LONG,119533.71415165717,118836.71377251424
exness_native-S06,2025-08-13 15:45:00+00:00,BTC_V2_SETUP_A,LONG,121463.8912142652,120309.26317860221
exness_native-S06,2025-08-16 12:00:00+00:00,BTC_V2_SETUP_A,SHORT,117383.47326726979,117580.39509909533
exness_native-S06,2025-08-18 09:15:00+00:00,BTC_V2_SETUP_B,SHORT,114906.55249786274,115422.03000854905
exness_native-S06,2025-08-18 14:00:00+00:00,BTC_V2_SETUP_A,SHORT,114802.68901254784,115644.45648117823
exness_native-S06,2025-08-19 07:15:00+00:00,BTC_V2_SETUP_B,SHORT,114840.8975796799,115193.67968128037
exness_native-S06,2025-08-21 14:45:00+00:00,BTC_V2_SETUP_A,SHORT,112817.10613090736,113826.13580363896
exness_native-S06,2025-08-25 10:30:00+00:00,BTC_V2_SETUP_B,SHORT,111041.12555270414,111846.98778918346
exness_native-S06,2025-08-26 07:15:00+00:00,BTC_V2_SETUP_A,SHORT,109713.26272595332,110164.86591107002
exness_native-S06,2025-08-26 13:30:00+00:00,BTC_V2_SETUP_A,SHORT,109704.88214656165,110316.96678015754
exness_native-S06,2025-08-27 08:30:00+00:00,BTC_V2_SETUP_B,SHORT,110550.30072144429,110890.39711422284
exness_native-S06,2025-08-27 09:45:00+00:00,BTC_V2_SETUP_A,SHORT,110826.87729553693,111200.9740566946
exness_native-S06,2025-08-28 18:15:00+00:00,BTC_V2_SETUP_A,SHORT,112160.30421731118,112516.69867403324
exness_native-S06,2025-08-28 20:00:00+00:00,BTC_V2_SETUP_A,SHORT,111820.13470069919,112266.62294895123
exness_native-S06,2025-08-29 18:30:00+00:00,BTC_V2_SETUP_B,SHORT,108063.72080281294,108588.24678874823
exness_native-S06,2025-08-29 19:45:00+00:00,BTC_V2_SETUP_A,SHORT,108307.49460228866,108870.238096567
exness_native-S06,2025-08-31 10:00:00+00:00,BTC_V2_SETUP_A,SHORT,108413.89078724198,108815.29381913703
exness_native-S06,2025-09-03 17:15:00+00:00,BTC_V2_SETUP_A,LONG,112508.72527769297,111756.54708346055
exness_native-S06,2025-09-05 10:30:00+00:00,BTC_V2_SETUP_A,LONG,112344.03790062478,112103.80314906283
exness_native-S06,2025-09-07 13:45:00+00:00,BTC_V2_SETUP_A,LONG,111277.98036926377,111068.32444610435
exness_native-S06,2025-09-07 14:45:00+00:00,BTC_V2_SETUP_A,LONG,111299.66488433315,111076.73267350026
exness_native-S06,2025-09-07 15:30:00+00:00,BTC_V2_SETUP_A,LONG,111363.32596679298,111104.91104981053
exness_native-S06,2025-09-07 19:45:00+00:00,BTC_V2_SETUP_A,LONG,111334.51918423531,111070.18122364704
exness_native-S06,2025-09-08 07:30:00+00:00,BTC_V2_SETUP_A,LONG,111610.43894483802,111141.41658274295
exness_native-S06,2025-09-09 10:45:00+00:00,BTC_V2_SETUP_A,LONG,112965.71454114703,112575.14818827946
exness_native-S06,2025-09-09 12:30:00+00:00,BTC_V2_SETUP_A,LONG,112885.99268283181,112609.0009757523
exness_native-S06,2025-09-09 13:30:00+00:00,BTC_V2_SETUP_A,LONG,112909.4022177832,112514.62167332521
exness_native-S06,2025-09-10 07:15:00+00:00,BTC_V2_SETUP_A,LONG,111968.66598817786,111687.1760177332
exness_native-S06,2025-09-10 12:00:00+00:00,BTC_V2_SETUP_A,LONG,112346.75656860496,112145.18014709254
exness_native-S06,2025-09-10 17:15:00+00:00,BTC_V2_SETUP_B,LONG,114044.70863348602,113578.57546605596
exness_native-S06,2025-09-12 17:30:00+00:00,BTC_V2_SETUP_B,LONG,116011.91873022227,115380.10507911096
exness_native-S06,2025-09-12 18:15:00+00:00,BTC_V2_SETUP_B,LONG,116141.75591264517,115767.11634941936
exness_native-S06,2025-09-13 11:45:00+00:00,BTC_V2_SETUP_A,LONG,116099.73338719008,115936.95991921489
exness_native-S06,2025-09-13 12:45:00+00:00,BTC_V2_SETUP_A,LONG,116160.09212441524,115910.75181337714
exness_native-S06,2025-09-14 08:45:00+00:00,BTC_V2_SETUP_A,LONG,116054.52091177835,115895.73363233247
exness_native-S06,2025-09-14 09:15:00+00:00,BTC_V2_SETUP_A,LONG,116046.01422495175,115908.74866257238
exness_native-S06,2025-09-16 08:15:00+00:00,BTC_V2_SETUP_B,LONG,115999.15610456992,115741.4555817203
exness_native-S06,2025-09-16 16:30:00+00:00,BTC_V2_SETUP_A,LONG,115993.74351034053,115536.2997344892
exness_native-S06,2025-09-18 07:45:00+00:00,BTC_V2_SETUP_A,LONG,117275.88570113022,117040.16144830467
exness_native-S06,2025-09-18 08:15:00+00:00,BTC_V2_SETUP_A,LONG,117329.72430352555,116955.67854471169
exness_native-S06,2025-09-20 09:15:00+00:00,BTC_V2_SETUP_A,LONG,115874.38364686382,115722.25952970427
exness_native-S06,2025-09-20 12:00:00+00:00,BTC_V2_SETUP_A,LONG,115988.48768296985,115844.05847554523
exness_native-S06,2025-09-22 09:15:00+00:00,BTC_V2_SETUP_B,SHORT,112477.8463857334,112937.12445706638
exness_native-S06,2025-09-22 11:30:00+00:00,BTC_V2_SETUP_A,SHORT,112799.48807631341,113136.8528855299
exness_native-S06,2025-09-22 15:30:00+00:00,BTC_V2_SETUP_A,SHORT,112592.31050732537,113073.16923901194
exness_native-S06,2025-09-22 17:00:00+00:00,BTC_V2_SETUP_A,SHORT,112602.1620871534,112999.6318692699
exness_native-S06,2025-09-23 18:45:00+00:00,BTC_V2_SETUP_B,SHORT,111719.42517847975,112233.03928608098
exness_native-S06,2025-09-25 08:45:00+00:00,BTC_V2_SETUP_A,SHORT,111717.26201724082,112128.63197413877
exness_native-S06,2025-09-25 09:45:00+00:00,BTC_V2_SETUP_A,SHORT,111792.12316978382,112233.21024532427
exness_native-S06,2025-09-26 10:45:00+00:00,BTC_V2_SETUP_A,SHORT,108765.05739380333,109294.23890929499
exness_native-S06,2025-09-26 15:00:00+00:00,BTC_V2_SETUP_A,SHORT,108742.2420751449,109274.72188728266
exness_native-S06,2025-09-27 08:45:00+00:00,BTC_V2_SETUP_A,SHORT,109328.0416047117,109444.54259293246
exness_native-S06,2025-09-27 11:45:00+00:00,BTC_V2_SETUP_A,SHORT,109314.14569354824,109434.88645967765
exness_native-S06,2025-10-01 14:00:00+00:00,BTC_V2_SETUP_B,LONG,116919.0334740863,116403.19610365479
exness_native-S06,2025-10-02 08:30:00+00:00,BTC_V2_SETUP_A,LONG,118760.36409214583,118346.69886178126
exness_native-S06,2025-10-02 16:00:00+00:00,BTC_V2_SETUP_A,LONG,120088.99609219506,119520.2708617074
exness_native-S06,2025-10-02 18:00:00+00:00,BTC_V2_SETUP_A,LONG,120119.36104258616,119507.24843612076
exness_native-S06,2025-10-03 10:00:00+00:00,BTC_V2_SETUP_A,LONG,120482.2199647045,120224.10005294323
exness_native-S06,2025-10-03 18:30:00+00:00,BTC_V2_SETUP_A,LONG,122823.45963610109,121882.26554584836
exness_native-S06,2025-10-06 12:15:00+00:00,BTC_V2_SETUP_A,LONG,124643.80587319334,124130.52619020997
exness_native-S06,2025-10-06 19:00:00+00:00,BTC_V2_SETUP_B,LONG,126324.40462941326,125193.44148234696
exness_native-S06,2025-10-08 10:45:00+00:00,BTC_V2_SETUP_B,LONG,123151.22495565837,122478.52017736652
exness_native-S06,2025-10-08 13:15:00+00:00,BTC_V2_SETUP_A,LONG,122884.06793875639,122327.86809186543
exness_native-S06,2025-10-08 16:15:00+00:00,BTC_V2_SETUP_B,LONG,122785.80951353603,121886.85194585589
exness_native-S06,2025-10-11 07:15:00+00:00,BTC_V2_SETUP_A,SHORT,110921.54219516621,112456.00170725069
exness_native-S06,2025-10-11 16:45:00+00:00,BTC_V2_SETUP_A,SHORT,111480.86997080434,112062.55504379349
exness_native-S06,2025-10-11 19:45:00+00:00,BTC_V2_SETUP_A,SHORT,111081.00326768408,111642.36009847389
exness_native-S06,2025-10-13 13:00:00+00:00,BTC_V2_SETUP_A,SHORT,114330.14578622689,114970.18132065969
exness_native-S06,2025-10-13 15:00:00+00:00,BTC_V2_SETUP_A,SHORT,113764.18029133308,114883.99956300038
exness_native-S06,2025-10-13 15:30:00+00:00,BTC_V2_SETUP_A,SHORT,114170.33503691475,114845.49744462786
exness_native-S06,2025-10-14 09:45:00+00:00,BTC_V2_SETUP_B,SHORT,111470.63571141043,112071.79715435824
exness_native-S06,2025-10-14 15:15:00+00:00,BTC_V2_SETUP_A,SHORT,111082.0596279392,112005.2955580912
exness_native-S06,2025-10-15 14:45:00+00:00,BTC_V2_SETUP_A,SHORT,111174.24631719578,112175.43052420633
exness_native-S07,2025-10-25 07:30:00+00:00,BTC_V2_SETUP_B,LONG,111739.70291615873,111346.58833536507
exness_native-S07,2025-10-25 18:30:00+00:00,BTC_V2_SETUP_A,LONG,111652.96025662284,111375.97461506574
exness_native-S07,2025-10-26 10:45:00+00:00,BTC_V2_SETUP_A,LONG,112503.78297396975,112132.94553904537
exness_native-S07,2025-10-26 16:45:00+00:00,BTC_V2_SETUP_A,LONG,113695.92702943423,113225.14945584866
exness_native-S07,2025-10-27 10:30:00+00:00,BTC_V2_SETUP_B,LONG,115566.99952568099,115041.43189727604
exness_native-S07,2025-10-27 16:15:00+00:00,BTC_V2_SETUP_B,LONG,115379.99619474942,114795.20522100234
exness_native-S07,2025-10-28 11:00:00+00:00,BTC_V2_SETUP_A,LONG,114648.65396791803,114434.97404812295
exness_native-S07,2025-10-28 13:15:00+00:00,BTC_V2_SETUP_A,LONG,114902.44217589435,114381.68673615846
exness_native-S07,2025-10-28 15:15:00+00:00,BTC_V2_SETUP_A,LONG,115480.8325376172,114940.36619357418
exness_native-S07,2025-10-28 16:30:00+00:00,BTC_V2_SETUP_A,LONG,115229.54508857452,114530.56236713822
exness_native-S07,2025-10-29 13:30:00+00:00,BTC_V2_SETUP_A,LONG,113718.51809348393,113277.57285977411
exness_native-S07,2025-11-02 16:00:00+00:00,BTC_V2_SETUP_A,SHORT,110010.95196932011,110400.93204601984
exness_native-S07,2025-11-03 08:30:00+00:00,BTC_V2_SETUP_B,SHORT,107164.9566751701,107769.67329931959
exness_native-S07,2025-11-03 09:30:00+00:00,BTC_V2_SETUP_A,SHORT,107193.28383611343,107897.99424582986
exness_native-S07,2025-11-04 13:00:00+00:00,BTC_V2_SETUP_A,SHORT,103776.19506940372,104153.57239589441
exness_native-S07,2025-11-04 14:00:00+00:00,BTC_V2_SETUP_A,SHORT,103754.86313924509,104274.15529113235
exness_native-S07,2025-11-04 16:00:00+00:00,BTC_V2_SETUP_A,SHORT,103017.65232922655,104236.83650616017
exness_native-S07,2025-11-06 11:15:00+00:00,BTC_V2_SETUP_A,SHORT,102647.15622683051,103196.14065975422
exness_native-S07,2025-11-06 12:15:00+00:00,BTC_V2_SETUP_A,SHORT,102887.11524714979,103401.10212927531
exness_native-S07,2025-11-06 14:30:00+00:00,BTC_V2_SETUP_A,SHORT,102629.45516573897,103205.49725139156
exness_native-S07,2025-11-06 18:15:00+00:00,BTC_V2_SETUP_A,SHORT,101109.275397339,101911.1069039915
exness_native-S07,2025-11-07 09:45:00+00:00,BTC_V2_SETUP_A,SHORT,100725.78099823146,101179.54850265283
exness_native-S07,2025-11-08 09:15:00+00:00,BTC_V2_SETUP_A,SHORT,102134.58857594893,102466.7271360766
exness_native-S07,2025-11-08 12:00:00+00:00,BTC_V2_SETUP_A,SHORT,101604.4454103221,102127.42188451684
exness_native-S07,2025-11-08 12:45:00+00:00,BTC_V2_SETUP_A,SHORT,101791.77613282713,102130.7308007593
exness_native-S07,2025-11-08 14:00:00+00:00,BTC_V2_SETUP_A,SHORT,101680.13588554208,102034.19617168688
exness_native-S07,2025-11-08 15:00:00+00:00,BTC_V2_SETUP_A,SHORT,101706.16070119137,102137.66894821296
exness_native-S07,2025-11-13 14:45:00+00:00,BTC_V2_SETUP_A,SHORT,101617.80950176714,102703.15074734927
exness_native-S07,2025-11-13 15:30:00+00:00,BTC_V2_SETUP_A,SHORT,101919.57955079534,103145.72567380697
exness_native-S07,2025-11-14 12:15:00+00:00,BTC_V2_SETUP_B,SHORT,95453.03067890338,96332.17728438646
exness_native-S07,2025-11-14 18:00:00+00:00,BTC_V2_SETUP_A,SHORT,95400.63366878856,96532.37449681717
exness_native-S07,2025-11-14 18:45:00+00:00,BTC_V2_SETUP_A,SHORT,95061.15549866199,96320.39175200702
exness_native-S07,2025-11-16 13:30:00+00:00,BTC_V2_SETUP_B,SHORT,95277.21279762284,95848.60880950865
exness_native-S07,2025-11-17 15:15:00+00:00,BTC_V2_SETUP_A,SHORT,93972.93126531658,95102.65810202512
exness_native-S07,2025-11-19 11:00:00+00:00,BTC_V2_SETUP_A,SHORT,91094.33811036087,91517.63783445868
exness_native-S07,2025-11-19 19:45:00+00:00,BTC_V2_SETUP_B,SHORT,88537.29277121444,89210.38891514219
exness_native-S07,2025-11-20 14:45:00+00:00,BTC_V2_SETUP_A,SHORT,90659.3944132306,91730.69338015407
exness_native-S07,2025-11-21 07:15:00+00:00,BTC_V2_SETUP_A,SHORT,85242.28928137031,85776.37107794454
exness_native-S07,2025-11-21 16:00:00+00:00,BTC_V2_SETUP_A,SHORT,82481.7138914849,83579.89416277266
exness_native-S07,2025-11-24 12:15:00+00:00,BTC_V2_SETUP_A,SHORT,85833.37405856294,86317.60891215561
exness_native-S07,2025-11-25 14:15:00+00:00,BTC_V2_SETUP_A,SHORT,86729.04921047829,87366.55618428257
exness_native-S07,2025-11-25 19:00:00+00:00,BTC_V2_SETUP_B,SHORT,87161.10002677217,87744.44989291132
exness_native-S07,2025-11-26 12:15:00+00:00,BTC_V2_SETUP_B,SHORT,86508.91731560015,87202.45073759937
exness_native-S07,2025-11-27 11:00:00+00:00,BTC_V2_SETUP_A,LONG,91715.57675765913,91399.6198635113
exness_native-S07,2025-11-27 16:15:00+00:00,BTC_V2_SETUP_B,LONG,91276.61883124115,90771.47467503535
exness_native-S07,2025-11-28 15:00:00+00:00,BTC_V2_SETUP_A,LONG,92397.45804435885,91701.86293346174
exness_native-S07,2025-11-30 12:15:00+00:00,BTC_V2_SETUP_A,LONG,91306.15815184393,90959.2227722341
exness_native-S07,2025-12-01 08:15:00+00:00,BTC_V2_SETUP_A,SHORT,86316.64858203942,86765.22712694088
exness_native-S07,2025-12-01 11:15:00+00:00,BTC_V2_SETUP_A,SHORT,86414.3798130785,86768.42028038226
exness_native-S07,2025-12-01 14:45:00+00:00,BTC_V2_SETUP_A,SHORT,85811.9503003742,86770.15454943868
exness_native-S07,2025-12-03 07:45:00+00:00,BTC_V2_SETUP_A,LONG,93212.61683740221,92849.72974389668
exness_native-S07,2025-12-03 10:00:00+00:00,BTC_V2_SETUP_B,LONG,93246.48234082024,92726.75063671907
exness_native-S07,2025-12-04 09:45:00+00:00,BTC_V2_SETUP_A,LONG,93578.20449162505,93263.27826256244
exness_native-S07,2025-12-07 08:15:00+00:00,BTC_V2_SETUP_A,SHORT,89165.36567300199,89437.47149049702
exness_native-S07,2025-12-07 09:30:00+00:00,BTC_V2_SETUP_A,SHORT,89075.0509548587,89466.89856771193
exness_native-S07,2025-12-07 14:15:00+00:00,BTC_V2_SETUP_A,SHORT,88754.3367497442,89183.58987538371
exness_native-S07,2025-12-08 10:45:00+00:00,BTC_V2_SETUP_B,LONG,92224.88079805937,91906.77680776254
exness_native-S07,2025-12-10 20:00:00+00:00,BTC_V2_SETUP_A,LONG,93235.97319955194,92392.06020067209
exness_native-S07,2025-12-13 11:45:00+00:00,BTC_V2_SETUP_A,SHORT,90334.98392180761,90504.40411728859
exness_native-S07,2025-12-14 07:15:00+00:00,BTC_V2_SETUP_A,SHORT,90122.57970575837,90204.79044136246
exness_native-S07,2025-12-14 09:15:00+00:00,BTC_V2_SETUP_A,SHORT,90062.7140114172,90195.7889828742
exness_native-S07,2025-12-14 14:30:00+00:00,BTC_V2_SETUP_A,SHORT,89159.21954102913,89513.31068845633
exness_native-S07,2025-12-16 07:45:00+00:00,BTC_V2_SETUP_A,SHORT,85813.10416616057,86307.11875075915
exness_native-S07,2025-12-17 18:45:00+00:00,BTC_V2_SETUP_B,SHORT,85726.27881930991,86780.66472276038
exness_native-S07,2025-12-18 18:30:00+00:00,BTC_V2_SETUP_A,SHORT,86091.54599874877,86879.50600187684
exness_native-S07,2025-12-21 16:15:00+00:00,BTC_V2_SETUP_A,SHORT,87911.69593244846,88195.13110132731
exness_native-S07,2025-12-22 12:30:00+00:00,BTC_V2_SETUP_B,LONG,90280.25839039964,89760.18643840145
exness_native-S07,2025-12-22 14:00:00+00:00,BTC_V2_SETUP_A,LONG,90005.43301348636,89650.79547977047
exness_native-S07,2025-12-22 15:00:00+00:00,BTC_V2_SETUP_A,LONG,90334.80102447375,89592.12846328938
exness_native-S07,2025-12-23 14:45:00+00:00,BTC_V2_SETUP_A,SHORT,87165.22037588297,87792.16443617556
exness_native-S07,2025-12-23 18:00:00+00:00,BTC_V2_SETUP_A,SHORT,87039.833483193,87872.7747752105
exness_native-S07,2025-12-24 08:00:00+00:00,BTC_V2_SETUP_A,SHORT,86793.7184368763,87185.28734468557
exness_native-S07,2025-12-24 15:15:00+00:00,BTC_V2_SETUP_A,SHORT,86761.8477085467,87224.75843717995
exness_native-S07,2025-12-25 12:15:00+00:00,BTC_V2_SETUP_A,SHORT,87389.40368325931,87537.69947511105
exness_native-S07,2025-12-27 12:00:00+00:00,BTC_V2_SETUP_A,SHORT,87371.82923439928,87518.82614840109
exness_native-S07,2025-12-28 19:00:00+00:00,BTC_V2_SETUP_A,SHORT,87436.6358442465,87680.25623363027
exness_native-S07,2025-12-29 08:00:00+00:00,BTC_V2_SETUP_A,LONG,89602.91414848281,89358.04877727578
exness_native-S07,2025-12-31 11:45:00+00:00,BTC_V2_SETUP_B,LONG,88926.58553483734,88659.53786065064
exness_native-S07,2025-12-31 13:15:00+00:00,BTC_V2_SETUP_A,LONG,88765.53547725262,88586.64178412106
exness_native-S07,2026-01-02 07:15:00+00:00,BTC_V2_SETUP_A,LONG,89005.11859854354,88787.38210218465
exness_native-S07,2026-01-02 09:00:00+00:00,BTC_V2_SETUP_A,LONG,89126.31554347672,88910.45668478493
exness_native-S07,2026-01-02 15:45:00+00:00,BTC_V2_SETUP_A,LONG,89807.23290745588,88866.9956388162
exness_native-S07,2026-01-05 07:15:00+00:00,BTC_V2_SETUP_A,LONG,92617.05667997368,92357.79998003949
exness_native-S07,2026-01-05 08:15:00+00:00,BTC_V2_SETUP_A,LONG,92653.37818499396,92407.22772250905
exness_native-S07,2026-01-05 09:30:00+00:00,BTC_V2_SETUP_A,LONG,92653.36963856386,92300.78554215422
exness_native-S07,2026-01-05 15:45:00+00:00,BTC_V2_SETUP_B,LONG,93961.17552185242,93112.29791259035
exness_native-S07,2026-01-06 15:30:00+00:00,BTC_V2_SETUP_A,LONG,94338.9581089004,93659.91783664939
exness_native-S07,2026-01-12 18:15:00+00:00,BTC_V2_SETUP_A,LONG,91828.42273165131,91211.80590252302
exness_native-S07,2026-01-13 08:45:00+00:00,BTC_V2_SETUP_B,LONG,92107.64487313057,91800.21050747775
exness_native-S07,2026-01-13 14:30:00+00:00,BTC_V2_SETUP_A,LONG,92390.72351440536,91795.60472839198
exness_native-S07,2026-01-13 20:00:00+00:00,BTC_V2_SETUP_B,LONG,94240.89932860737,93692.07268557051
exness_native-S07,2026-01-14 08:00:00+00:00,BTC_V2_SETUP_B,LONG,95241.1733503975,94762.01659841002
exness_native-S07,2026-01-14 13:30:00+00:00,BTC_V2_SETUP_A,LONG,95237.0755162686,94857.0967255971
exness_native-S07,2026-01-14 19:00:00+00:00,BTC_V2_SETUP_A,LONG,97006.98010466587,96073.85984300119
exness_native-S07,2026-01-15 13:00:00+00:00,BTC_V2_SETUP_A,LONG,97034.79191358644,96641.20712962035
exness_native-S07,2026-01-17 13:45:00+00:00,BTC_V2_SETUP_A,LONG,95418.08655204489,95248.25517193267
exness_native-S07,2026-01-17 14:30:00+00:00,BTC_V2_SETUP_A,LONG,95457.07898135664,95311.19152796504
exness_native-S07,2026-01-18 19:00:00+00:00,BTC_V2_SETUP_B,LONG,95499.06277300871,95234.21890796513
exness_native-S07,2026-01-18 19:30:00+00:00,BTC_V2_SETUP_A,LONG,95483.05618649945,95297.50572025082
exness_native-S07,2026-01-20 12:00:00+00:00,BTC_V2_SETUP_A,SHORT,91075.13543251224,91321.91185123165
exness_native-S07,2026-01-20 15:45:00+00:00,BTC_V2_SETUP_A,SHORT,90358.46379945932,90823.079300811
exness_native-S07,2026-01-20 16:45:00+00:00,BTC_V2_SETUP_A,SHORT,89920.34054535501,90666.1741819675
exness_native-S07,2026-01-21 19:15:00+00:00,BTC_V2_SETUP_A,SHORT,88083.84007308539,88715.53489037193
exness_native-S07,2026-01-22 17:30:00+00:00,BTC_V2_SETUP_A,SHORT,88883.11364141163,89457.76453788254
exness_native-S07,2026-01-23 08:30:00+00:00,BTC_V2_SETUP_A,SHORT,89163.21114261124,89508.48328608314
exness_native-S07,2026-01-23 15:15:00+00:00,BTC_V2_SETUP_A,SHORT,88583.45176825725,89161.67234761413
exness_native-S07,2026-01-24 15:45:00+00:00,BTC_V2_SETUP_B,SHORT,89178.87777616705,89353.98889533176
exness_native-S07,2026-01-25 08:00:00+00:00,BTC_V2_SETUP_B,SHORT,88493.45613937438,88675.61544250244
exness_native-S07,2026-01-25 16:00:00+00:00,BTC_V2_SETUP_A,SHORT,88201.98653097799,88598.80020353301
exness_native-S07,2026-01-27 10:00:00+00:00,BTC_V2_SETUP_B,SHORT,87726.16101688323,87970.16593246706
exness_native-S07,2026-01-27 10:45:00+00:00,BTC_V2_SETUP_B,SHORT,87679.60987394041,87958.79050423838
exness_native-S07,2026-01-27 12:30:00+00:00,BTC_V2_SETUP_A,SHORT,87875.01937630073,88090.1859355489
exness_native-S07,2026-01-27 15:30:00+00:00,BTC_V2_SETUP_A,SHORT,87441.49636111302,87976.19045833046
exness_native-S07,2026-01-27 17:45:00+00:00,BTC_V2_SETUP_A,SHORT,87129.29154488245,87996.69768267633
exness_native-S07,2026-01-29 07:30:00+00:00,BTC_V2_SETUP_A,SHORT,88075.16551688351,88265.17172467471
exness_native-S07,2026-01-29 08:15:00+00:00,BTC_V2_SETUP_A,SHORT,87771.03934642606,88277.80598036092
exness_native-S07,2026-01-29 08:45:00+00:00,BTC_V2_SETUP_A,SHORT,87903.92456911226,88429.0681463316
exness_native-S07,2026-01-30 07:30:00+00:00,BTC_V2_SETUP_A,SHORT,82435.56633079372,82996.17050380944
exness_native-S07,2026-01-30 15:30:00+00:00,BTC_V2_SETUP_B,SHORT,82455.85661748755,83584.35353004982
exness_native-S07,2026-01-31 12:15:00+00:00,BTC_V2_SETUP_B,SHORT,82642.03075896905,83046.19696412377
exness_native-S07,2026-01-31 13:00:00+00:00,BTC_V2_SETUP_B,SHORT,82550.88459619351,82899.91161522591
exness_native-S07,2026-02-01 15:15:00+00:00,BTC_V2_SETUP_A,SHORT,77369.4755241385,78309.58671379228
exness_native-S07,2026-02-03 11:30:00+00:00,BTC_V2_SETUP_A,SHORT,77870.58991983416,78313.28012024876
exness_native-S07,2026-02-03 14:45:00+00:00,BTC_V2_SETUP_A,SHORT,77521.89227372571,78441.25658941142
exness_native-S07,2026-02-04 12:00:00+00:00,BTC_V2_SETUP_A,SHORT,75796.91037039566,76176.38944440652
exness_native-S07,2026-02-04 13:30:00+00:00,BTC_V2_SETUP_A,SHORT,75588.37455640415,76099.17816539378
exness_native-S07,2026-02-04 19:00:00+00:00,BTC_V2_SETUP_A,SHORT,73068.58419892254,74099.84370161616
exness_native-S07,2026-02-05 11:30:00+00:00,BTC_V2_SETUP_A,SHORT,69718.6252024753,70987.68219628705
exness_native-S07,2026-02-05 12:00:00+00:00,BTC_V2_SETUP_A,SHORT,69957.35666948125,70644.14499577812
exness_native-S07,2026-02-05 15:00:00+00:00,BTC_V2_SETUP_A,SHORT,69027.29207492864,70853.46188760703
exness_native-S07,2026-02-07 17:00:00+00:00,BTC_V2_SETUP_B,SHORT,68745.38172184177,69523.39311263293
exness_native-S07,2026-02-09 14:00:00+00:00,BTC_V2_SETUP_B,SHORT,68499.33042211906,69268.54831152377
exness_native-S07,2026-02-09 15:30:00+00:00,BTC_V2_SETUP_A,SHORT,68666.6651354291,69763.74729685637
exness_native-S07,2026-02-10 10:45:00+00:00,BTC_V2_SETUP_A,SHORT,68828.944985343,69182.90252198551
exness_native-S07,2026-02-11 11:45:00+00:00,BTC_V2_SETUP_A,SHORT,66792.21371858094,67109.65942212859
exness_native-S07,2026-02-11 13:15:00+00:00,BTC_V2_SETUP_A,SHORT,66737.58267644406,67269.4109853339
exness_native-S07,2026-02-11 15:00:00+00:00,BTC_V2_SETUP_A,SHORT,66280.42897795943,67564.88153306086
exness_native-S07,2026-02-12 18:30:00+00:00,BTC_V2_SETUP_B,SHORT,65141.43694376567,65844.3322249373
exness_native-S07,2026-02-15 17:45:00+00:00,BTC_V2_SETUP_B,SHORT,68761.28704531353,69080.69181874591
exness_native-S07,2026-02-16 18:45:00+00:00,BTC_V2_SETUP_A,SHORT,67854.28629264102,68186.51556103848
exness_native-S07,2026-02-17 07:15:00+00:00,BTC_V2_SETUP_A,SHORT,68181.79824529182,68440.52263206226
exness_native-S07,2026-02-17 08:30:00+00:00,BTC_V2_SETUP_A,SHORT,68183.13177307657,68412.94734038513
exness_native-S07,2026-02-17 17:15:00+00:00,BTC_V2_SETUP_A,SHORT,66943.10865051324,67811.77702423015
exness_native-S07,2026-02-18 13:45:00+00:00,BTC_V2_SETUP_B,SHORT,67167.898208284,67610.82716686401
exness_native-S07,2026-02-18 16:15:00+00:00,BTC_V2_SETUP_A,SHORT,66866.83583823201,67785.84124265198
exness_native-S07,2026-02-18 17:15:00+00:00,BTC_V2_SETUP_A,SHORT,66937.60680241942,67558.03979637087
exness_native-S07,2026-02-18 17:45:00+00:00,BTC_V2_SETUP_A,SHORT,66979.67708984124,67307.02936523814
exness_native-S07,2026-02-18 18:15:00+00:00,BTC_V2_SETUP_A,SHORT,66987.7719703223,67286.57704451655
exness_native-S07,2026-02-19 12:00:00+00:00,BTC_V2_SETUP_A,SHORT,66396.37914548063,66735.74628177904
exness_native-S07,2026-02-20 17:15:00+00:00,BTC_V2_SETUP_B,SHORT,66944.74839015388,67994.68643938446
exness_native-S07,2026-02-22 13:30:00+00:00,BTC_V2_SETUP_A,SHORT,67868.41178532616,68051.59232201077
exness_native-S07,2026-02-22 16:00:00+00:00,BTC_V2_SETUP_A,SHORT,67614.11615312548,67850.54077031178
exness_native-S07,2026-02-23 15:45:00+00:00,BTC_V2_SETUP_A,SHORT,65620.05068197896,66016.57397703154
exness_native-S07,2026-02-23 19:30:00+00:00,BTC_V2_SETUP_B,SHORT,64306.294938152656,64911.32024738936
exness_native-S07,2026-02-24 09:15:00+00:00,BTC_V2_SETUP_A,SHORT,63117.44353581449,63481.619696278256
exness_native-S07,2026-02-28 11:45:00+00:00,BTC_V2_SETUP_A,SHORT,63906.925908733494,64403.91613689975
exness_native-S07,2026-03-01 19:15:00+00:00,BTC_V2_SETUP_A,SHORT,65959.85951252772,66442.7257312084
exness_native-S07,2026-03-02 20:00:00+00:00,BTC_V2_SETUP_A,LONG,69110.43598203092,68618.20102695364
exness_native-S07,2026-03-03 17:30:00+00:00,BTC_V2_SETUP_A,LONG,68395.38035252935,67690.23947120599
exness_native-S07,2026-03-04 07:45:00+00:00,BTC_V2_SETUP_A,LONG,69072.00607766797,68525.25588349803
exness_native-S07,2026-03-04 12:45:00+00:00,BTC_V2_SETUP_A,LONG,71128.80531939652,70458.32702090523
exness_native-S07,2026-03-04 19:00:00+00:00,BTC_V2_SETUP_B,LONG,73781.43020214023,73064.35919143909
exness_native-S07,2026-03-05 10:30:00+00:00,BTC_V2_SETUP_A,LONG,73540.4505297772,72566.6492053342
exness_native-S07,2026-03-08 14:45:00+00:00,BTC_V2_SETUP_A,SHORT,66980.01592207984,67461.42111688026
exness_native-S07,2026-03-08 15:30:00+00:00,BTC_V2_SETUP_A,SHORT,67064.63401341448,67428.76897987825
exness_native-S07,2026-03-10 07:15:00+00:00,BTC_V2_SETUP_A,LONG,70494.23820740203,69723.70268889696
exness_native-S07,2026-03-10 15:00:00+00:00,BTC_V2_SETUP_A,LONG,71623.32071826878,70250.95892259684
exness_native-S07,2026-03-11 16:00:00+00:00,BTC_V2_SETUP_A,LONG,70439.54186861149,69746.7371970828
exness_native-S07,2026-03-12 10:45:00+00:00,BTC_V2_SETUP_A,LONG,70506.36033181551,70051.53450227673
exness_native-S07,2026-03-12 14:15:00+00:00,BTC_V2_SETUP_A,LONG,70489.67390711098,69875.99413933355
exness_native-S07,2026-03-13 09:30:00+00:00,BTC_V2_SETUP_A,LONG,71890.87448526865,71516.39827209701
exness_native-S07,2026-03-15 07:15:00+00:00,BTC_V2_SETUP_A,LONG,71646.21901271856,71395.63148092214
exness_native-S07,2026-03-16 11:00:00+00:00,BTC_V2_SETUP_A,LONG,73855.19955262417,73138.47067106374
exness_native-S07,2026-03-16 11:45:00+00:00,BTC_V2_SETUP_A,LONG,73719.656210319,73414.8006845215
exness_native-S07,2026-03-16 17:45:00+00:00,BTC_V2_SETUP_A,LONG,74044.46429603756,73531.88855594366
exness_native-S07,2026-03-17 18:00:00+00:00,BTC_V2_SETUP_A,LONG,74673.84980541088,74276.43029188368
exness_native-S07,2026-03-19 17:15:00+00:00,BTC_V2_SETUP_A,SHORT,69017.78234332122,69604.59148501817
exness_native-S07,2026-03-20 15:00:00+00:00,BTC_V2_SETUP_A,SHORT,69560.66122889896,70207.41315665156
exness_native-S07,2026-03-21 19:00:00+00:00,BTC_V2_SETUP_A,SHORT,70330.60584423636,70500.24123364549
exness_native-S07,2026-03-21 19:30:00+00:00,BTC_V2_SETUP_A,SHORT,70347.89144732623,70469.19282901063
exness_native-S07,2026-03-22 07:45:00+00:00,BTC_V2_SETUP_B,SHORT,68893.29172087372,69225.74311650511
exness_native-S07,2026-03-24 19:00:00+00:00,BTC_V2_SETUP_A,SHORT,69315.76548078512,69629.7067788223
exness_native-S07,2026-03-24 19:30:00+00:00,BTC_V2_SETUP_A,SHORT,69425.33422577902,69751.71866133148
exness_native-S07,2026-03-26 14:45:00+00:00,BTC_V2_SETUP_A,SHORT,69398.45198840837,69815.35701738745
exness_native-S07,2026-03-27 16:00:00+00:00,BTC_V2_SETUP_A,SHORT,65976.36592448027,66527.71111327958
exness_native-S07,2026-03-30 18:00:00+00:00,BTC_V2_SETUP_A,SHORT,66661.97673983444,67019.42989024833
exness_native-S07,2026-03-31 12:15:00+00:00,BTC_V2_SETUP_A,SHORT,66448.3554686195,66816.07679707077
exness_native-S07,2026-03-31 13:00:00+00:00,BTC_V2_SETUP_A,SHORT,66525.2507618648,66934.8138572028
exness_native-S07,2026-04-02 07:15:00+00:00,BTC_V2_SETUP_A,SHORT,66487.70713078442,66765.24930382338
exness_native-S07,2026-04-02 08:45:00+00:00,BTC_V2_SETUP_A,SHORT,66430.86361434255,66785.18957848617
exness_native-S07,2026-04-05 12:15:00+00:00,BTC_V2_SETUP_A,SHORT,66862.19367961463,67004.61448057805
exness_native-S07,2026-04-06 07:30:00+00:00,BTC_V2_SETUP_A,LONG,69126.65939747788,68817.27090378317
exness_native-S07,2026-04-06 14:30:00+00:00,BTC_V2_SETUP_A,LONG,69687.81617449128,69269.15073826308
exness_native-S07,2026-04-08 08:00:00+00:00,BTC_V2_SETUP_A,LONG,71685.73608712925,71512.69586930612
exness_native-S07,2026-04-08 12:00:00+00:00,BTC_V2_SETUP_B,LONG,71733.50526238602,71362.4589504559
exness_native-S07,2026-04-08 17:00:00+00:00,BTC_V2_SETUP_B,LONG,71714.3936198376,71183.80552064955
exness_native-S07,2026-04-09 19:15:00+00:00,BTC_V2_SETUP_A,LONG,72198.05628593374,71736.04557109941
exness_native-S07,2026-04-09 19:45:00+00:00,BTC_V2_SETUP_A,LONG,72224.38834858571,71714.84747712144
exness_native-S07,2026-04-10 14:00:00+00:00,BTC_V2_SETUP_A,LONG,72434.05246601083,71991.69630098376
exness_native-S07,2026-04-13 19:30:00+00:00,BTC_V2_SETUP_B,LONG,72957.77211342036,72270.76154631858
exness_native-S07,2026-04-14 15:45:00+00:00,BTC_V2_SETUP_A,LONG,75430.74637613891,74730.70043579166
exness_native-S07,2026-04-16 20:00:00+00:00,BTC_V2_SETUP_A,LONG,75496.64695199365,75120.9045720095
exness_native-S07,2026-04-17 08:45:00+00:00,BTC_V2_SETUP_B,LONG,75436.82569918587,74970.9572032565
exness_native-S07,2026-04-17 17:45:00+00:00,BTC_V2_SETUP_A,LONG,77659.16066847801,77145.16399728299
exness_native-S07,2026-04-17 18:45:00+00:00,BTC_V2_SETUP_A,LONG,77500.37301307789,77041.61548038316
exness_native-S07,2026-04-17 20:00:00+00:00,BTC_V2_SETUP_A,LONG,77593.57199832794,77153.93700250807
exness_native-S07,2026-04-19 16:00:00+00:00,BTC_V2_SETUP_A,LONG,75961.79535159735,75644.25197260398
exness_native-S07,2026-04-20 09:15:00+00:00,BTC_V2_SETUP_A,LONG,75165.04487125594,74636.18269311608
exness_native-S07,2026-04-21 11:00:00+00:00,BTC_V2_SETUP_B,LONG,76913.99101764744,76445.51592941028
exness_native-S07,2026-04-21 14:45:00+00:00,BTC_V2_SETUP_A,LONG,76686.15657090292,76031.08014364562
exness_native-S07,2026-04-22 08:15:00+00:00,BTC_V2_SETUP_B,LONG,78194.59375546243,77928.24497815031
exness_native-S07,2026-04-22 15:45:00+00:00,BTC_V2_SETUP_B,LONG,79373.88823730734,78801.73705077065
exness_native-S07,2026-04-22 17:15:00+00:00,BTC_V2_SETUP_A,LONG,79118.11960826494,78680.3005876026
exness_native-S07,2026-04-22 18:00:00+00:00,BTC_V2_SETUP_A,LONG,79077.76248227335,78647.06127658997
exness_native-S07,2026-04-22 18:45:00+00:00,BTC_V2_SETUP_A,LONG,79091.66684969189,78796.83472546216
exness_native-S07,2026-04-24 12:15:00+00:00,BTC_V2_SETUP_A,LONG,78380.50171716436,78139.15742425347
exness_native-S07,2026-04-25 10:30:00+00:00,BTC_V2_SETUP_B,LONG,77867.47394126549,77721.60423493804
exness_native-S07,2026-04-26 08:00:00+00:00,BTC_V2_SETUP_B,LONG,78148.07135783778,77949.4945686489
exness_native-S07,2026-04-26 10:00:00+00:00,BTC_V2_SETUP_A,LONG,78043.11258007618,77930.03112988571
exness_native-S07,2026-04-26 15:30:00+00:00,BTC_V2_SETUP_A,LONG,78161.45171084614,77932.00743373077
exness_native-S07,2026-04-26 16:00:00+00:00,BTC_V2_SETUP_A,LONG,78091.94973027041,77970.79040459439
exness_native-S07,2026-05-01 17:15:00+00:00,BTC_V2_SETUP_A,LONG,78381.69480127159,78023.0677980926
exness_native-S07,2026-05-02 14:00:00+00:00,BTC_V2_SETUP_A,LONG,78415.75908389555,78281.07137415669
exness_native-S07,2026-05-03 09:30:00+00:00,BTC_V2_SETUP_A,LONG,78544.599232345,78352.6811514825
exness_native-S07,2026-05-04 15:45:00+00:00,BTC_V2_SETUP_A,LONG,80007.30144318209,79348.06283522687
exness_native-S07,2026-05-06 09:45:00+00:00,BTC_V2_SETUP_B,LONG,82060.64811888889,81615.5675244445
exness_native-S07,2026-05-08 16:00:00+00:00,BTC_V2_SETUP_A,LONG,80225.77369523811,79842.51445714282
exness_native-S07,2026-05-09 08:15:00+00:00,BTC_V2_SETUP_B,LONG,80398.68508410448,80134.8996635821
exness_native-S07,2026-05-10 19:15:00+00:00,BTC_V2_SETUP_A,LONG,81404.27494481269,81088.05758278097
exness_native-S07,2026-05-11 13:15:00+00:00,BTC_V2_SETUP_A,LONG,81307.42860090114,80974.1720986483
exness_native-S07,2026-05-11 16:00:00+00:00,BTC_V2_SETUP_A,LONG,81494.93559548492,81089.72660677263
exness_native-S07,2026-05-14 11:45:00+00:00,BTC_V2_SETUP_A,SHORT,79194.53528892541,79417.5320666119
exness_native-S07,2026-05-15 18:30:00+00:00,BTC_V2_SETUP_A,SHORT,79108.93540641601,79529.236890376
exness_native-S07,2026-05-15 19:15:00+00:00,BTC_V2_SETUP_A,SHORT,78947.31682430611,79318.34976354084
exness_native-S07,2026-05-15 19:45:00+00:00,BTC_V2_SETUP_A,SHORT,78996.04922095781,79214.20116856328
exness_native-S07,2026-05-16 09:15:00+00:00,BTC_V2_SETUP_B,SHORT,78176.77204326722,78466.9618269311
exness_native-S07,2026-05-17 17:00:00+00:00,BTC_V2_SETUP_A,SHORT,77953.7467207883,78177.87491881756
exness_native-S07,2026-05-18 07:45:00+00:00,BTC_V2_SETUP_A,SHORT,76836.69687074608,77101.70469388089
exness_native-S07,2026-05-18 09:15:00+00:00,BTC_V2_SETUP_A,SHORT,76772.74414051024,77056.40878923461
exness_native-S07,2026-05-18 10:00:00+00:00,BTC_V2_SETUP_A,SHORT,76825.97844340416,77002.59733489377
exness_native-S07,2026-05-18 14:15:00+00:00,BTC_V2_SETUP_A,SHORT,76574.39718701609,76996.09921947586
exness_native-S07,2026-05-21 12:30:00+00:00,BTC_V2_SETUP_B,SHORT,76998.06458393227,77239.74166427097
exness_native-S07,2026-05-21 16:45:00+00:00,BTC_V2_SETUP_A,SHORT,76894.69603103201,77276.18095345197
exness_native-S07,2026-05-22 08:45:00+00:00,BTC_V2_SETUP_B,SHORT,77104.73469730794,77490.47121076823
exness_native-S07,2026-05-22 09:15:00+00:00,BTC_V2_SETUP_A,SHORT,77083.05522132739,77252.30716800892
exness_native-S07,2026-05-22 13:30:00+00:00,BTC_V2_SETUP_B,SHORT,77203.7558095517,77501.0567617932
exness_native-S07,2026-05-26 07:15:00+00:00,BTC_V2_SETUP_A,SHORT,76545.35112127928,76889.06331808107
exness_native-S07,2026-05-27 15:45:00+00:00,BTC_V2_SETUP_A,SHORT,74968.97257186998,75467.69614219504
exness_native-S07,2026-05-27 16:15:00+00:00,BTC_V2_SETUP_A,SHORT,75008.09021758176,75354.82467362736
exness_native-S07,2026-05-28 08:30:00+00:00,BTC_V2_SETUP_A,SHORT,73042.85648939031,73386.66526591453
exness_native-S07,2026-05-28 09:15:00+00:00,BTC_V2_SETUP_A,SHORT,73086.47955947176,73333.18066079236
exness_native-S07,2026-05-28 11:30:00+00:00,BTC_V2_SETUP_A,SHORT,73167.41543060211,73394.23185409683
exness_native-S07,2026-05-28 13:15:00+00:00,BTC_V2_SETUP_A,SHORT,73162.58319952943,73511.09520070585
exness_native-S07,2026-05-29 13:15:00+00:00,BTC_V2_SETUP_B,SHORT,72955.70653289181,73310.89386843276
exness_native-S07,2026-05-31 10:00:00+00:00,BTC_V2_SETUP_A,SHORT,73670.62012744449,73926.28980883327
exness_native-S07,2026-06-01 09:45:00+00:00,BTC_V2_SETUP_A,SHORT,72775.13088571216,73013.94367143176
exness_native-S07,2026-06-01 18:15:00+00:00,BTC_V2_SETUP_A,SHORT,71293.95901970674,71683.68147043987
exness_native-S07,2026-06-02 09:15:00+00:00,BTC_V2_SETUP_B,SHORT,69372.65821399992,69899.71714400034
exness_native-S07,2026-06-02 18:30:00+00:00,BTC_V2_SETUP_B,SHORT,67151.48418328413,67623.9532668635
exness_native-S07,2026-06-03 15:45:00+00:00,BTC_V2_SETUP_A,SHORT,66047.16260885028,66675.7760867246
exness_native-S07,2026-06-04 07:15:00+00:00,BTC_V2_SETUP_A,SHORT,63546.25389442553,64145.54415836171
exness_native-S07,2026-06-04 16:15:00+00:00,BTC_V2_SETUP_B,SHORT,63538.290288431046,64022.268846275794
exness_native-S07,2026-06-05 11:15:00+00:00,BTC_V2_SETUP_A,SHORT,62108.78932863481,62615.57100704778
exness_native-S07,2026-06-05 16:45:00+00:00,BTC_V2_SETUP_A,SHORT,60533.923353697006,61215.33996945449
exness_native-S07,2026-06-05 17:15:00+00:00,BTC_V2_SETUP_A,SHORT,60764.630136606094,61664.38479509086
exness_native-S07,2026-06-09 07:30:00+00:00,BTC_V2_SETUP_B,SHORT,62952.11171237809,63450.51315048762
exness_native-S07,2026-06-09 08:15:00+00:00,BTC_V2_SETUP_A,SHORT,62666.94610728086,63242.5458390787
exness_native-S07,2026-06-09 09:00:00+00:00,BTC_V2_SETUP_A,SHORT,62753.573125253664,63040.3003121195
exness_native-S07,2026-06-09 17:45:00+00:00,BTC_V2_SETUP_A,SHORT,61572.165566378484,61887.37165043226
exness_native-S07,2026-06-09 18:45:00+00:00,BTC_V2_SETUP_A,SHORT,61481.053440215954,61860.019839676075
exness_native-S07,2026-06-10 08:45:00+00:00,BTC_V2_SETUP_A,SHORT,61145.40886138744,61628.36170791885
exness_native-S07,2026-06-14 08:00:00+00:00,BTC_V2_SETUP_B,LONG,64417.373457037684,64245.08617184926
exness_native-S07,2026-06-15 07:30:00+00:00,BTC_V2_SETUP_A,LONG,66008.57272015975,65722.84591976038
exness_native-S07,2026-06-15 11:00:00+00:00,BTC_V2_SETUP_A,LONG,65967.60460503028,65631.50809245458
exness_native-S07,2026-06-15 19:15:00+00:00,BTC_V2_SETUP_A,LONG,66901.42586241211,66631.11120638183
exness_native-S07,2026-06-19 07:45:00+00:00,BTC_V2_SETUP_A,SHORT,62396.95467804915,62824.83798292627
exness_native-S07,2026-06-19 08:45:00+00:00,BTC_V2_SETUP_A,SHORT,62478.322893840115,62780.03065923983
exness_native-S07,2026-06-23 10:45:00+00:00,BTC_V2_SETUP_B,SHORT,62142.311055231716,62424.65577907314
exness_native-S07,2026-06-23 12:15:00+00:00,BTC_V2_SETUP_A,SHORT,62270.48886649161,62545.206700262584
exness_native-S07,2026-06-23 15:15:00+00:00,BTC_V2_SETUP_A,SHORT,62185.634415300745,62505.24837704888
exness_native-S07,2026-06-23 18:00:00+00:00,BTC_V2_SETUP_A,SHORT,62201.253868021115,62550.23919796832
exness_native-S07,2026-06-25 15:00:00+00:00,BTC_V2_SETUP_A,SHORT,59143.27009656806,59879.589855147904
exness_native-S07,2026-06-25 16:45:00+00:00,BTC_V2_SETUP_A,SHORT,59037.36210974496,59802.321835382565
exness_native-S07,2026-06-25 18:45:00+00:00,BTC_V2_SETUP_A,SHORT,59209.39395100469,59746.724073492966
exness_native-S07,2026-06-28 16:15:00+00:00,BTC_V2_SETUP_A,SHORT,59691.61231429186,59912.331528562216
exness_native-S07,2026-06-30 07:15:00+00:00,BTC_V2_SETUP_A,SHORT,59315.40750308138,59590.818745377925
exness_native-S07,2026-06-30 08:15:00+00:00,BTC_V2_SETUP_B,SHORT,59320.32599990568,59503.51600037726
exness_native-S07,2026-06-30 15:00:00+00:00,BTC_V2_SETUP_A,SHORT,58257.86019930745,58893.849701038824
exness_native-S07,2026-07-01 12:15:00+00:00,BTC_V2_SETUP_B,SHORT,58290.16751815463,58667.29992738146
exness_native-S07,2026-07-03 07:45:00+00:00,BTC_V2_SETUP_B,LONG,61777.140414508096,61594.61834196762
exness_native-S07,2026-07-03 10:30:00+00:00,BTC_V2_SETUP_A,LONG,61730.21299920477,61551.935501192835
exness_native-S07,2026-07-03 16:30:00+00:00,BTC_V2_SETUP_A,LONG,62100.18823499987,61809.5976475002
exness_native-S07,2026-07-03 17:00:00+00:00,BTC_V2_SETUP_A,LONG,62108.97889650499,61900.00665524252
exness_native-S07,2026-07-04 14:15:00+00:00,BTC_V2_SETUP_A,LONG,62656.98337159681,62503.10994260479
exness_native-S07,2026-07-04 19:30:00+00:00,BTC_V2_SETUP_B,LONG,63341.595138187906,63032.79944724837
exness_native-S07,2026-07-09 13:15:00+00:00,BTC_V2_SETUP_A,LONG,62909.03622092349,62494.65566861476
exness_native-S07,2026-07-09 13:45:00+00:00,BTC_V2_SETUP_B,LONG,62930.295134357235,62409.11946257108
exness_native-S07,2026-07-10 13:45:00+00:00,BTC_V2_SETUP_A,LONG,64437.35639134352,64046.60541298472
exness_native-S07,2026-07-11 17:30:00+00:00,BTC_V2_SETUP_A,LONG,64283.828839898015,64106.636740152986
exness_native-S07,2026-07-12 15:30:00+00:00,BTC_V2_SETUP_A,LONG,64224.33326441645,64056.37510337532
exness_native-S07,2026-07-12 16:30:00+00:00,BTC_V2_SETUP_A,LONG,64164.4629280768,63995.3906078848
exness_native-S07,2026-07-12 17:00:00+00:00,BTC_V2_SETUP_A,LONG,64159.95046349479,64028.129304757815
exness_native-S07,2026-07-15 14:15:00+00:00,BTC_V2_SETUP_A,LONG,65395.29633898951,64929.490491515746
exness_native-S07,2026-07-18 14:00:00+00:00,BTC_V2_SETUP_A,LONG,64082.77969357514,63963.03045963729
exness_native-S07,2026-07-19 07:45:00+00:00,BTC_V2_SETUP_A,LONG,64748.360343670174,64634.99448449473
exness_native-S07,2026-07-20 15:15:00+00:00,BTC_V2_SETUP_A,LONG,64987.19310804582,64262.99033793127
exness_native-S07,2026-07-27 09:45:00+00:00,BTC_V2_SETUP_B,LONG,65290.70307056455,65025.377717741794
exness_native-S07,2026-07-27 10:30:00+00:00,BTC_V2_SETUP_A,LONG,65362.94748473808,65140.828772892884
exness_native-S07,2026-07-28 07:45:00+00:00,BTC_V2_SETUP_A,SHORT,63386.38715220889,63542.66927168667
exness_native-S07,2026-07-29 16:45:00+00:00,BTC_V2_SETUP_B,SHORT,63526.776564247,64102.33374301202
exness_native-S07,2026-07-31 11:15:00+00:00,BTC_V2_SETUP_A,SHORT,63802.35021507883,63981.92967738174
exness_native-S07,2026-07-31 19:30:00+00:00,BTC_V2_SETUP_A,SHORT,62904.358425569306,63056.58236164604
exness_native-S07,2026-08-02 12:45:00+00:00,BTC_V2_SETUP_A,SHORT,63018.07697564816,63177.824536527754
exness_native-S07,2026-08-03 11:15:00+00:00,BTC_V2_SETUP_A,SHORT,62470.50243488561,62702.65634767159
exness_native-S07,2026-08-03 12:00:00+00:00,BTC_V2_SETUP_A,SHORT,62421.04964848531,62667.33052727204
exness_native-S07,2026-08-05 17:30:00+00:00,BTC_V2_SETUP_A,LONG,64594.74172183427,64419.25741724859
exness_native-S07,2026-08-06 07:15:00+00:00,BTC_V2_SETUP_B,LONG,64886.23791919939,64714.59832320245
exness_native-S07,2026-08-06 17:00:00+00:00,BTC_V2_SETUP_A,LONG,64749.51741077852,64540.53388383221
exness_native-S07,2026-08-07 14:30:00+00:00,BTC_V2_SETUP_A,LONG,65224.529032448845,64681.956451326725
exness_native-S07,2026-08-07 19:30:00+00:00,BTC_V2_SETUP_B,LONG,64950.158973346726,64651.824106613094
exness_native-S07,2026-08-13 16:30:00+00:00,BTC_V2_SETUP_A,SHORT,63207.786340361745,63555.85548945738
exness_native-S07,2026-08-14 12:45:00+00:00,BTC_V2_SETUP_A,SHORT,62663.19893583507,62877.6015962474
exness_native-S07,2026-08-14 19:00:00+00:00,BTC_V2_SETUP_B,SHORT,62806.622165659035,63001.66133736384
exness_native-S07,2026-08-16 12:30:00+00:00,BTC_V2_SETUP_A,SHORT,62930.09191565213,62956.63712652181
exness_native-S07,2026-08-18 07:15:00+00:00,BTC_V2_SETUP_A,LONG,64307.686295068874,64184.36055739669
exness_native-S07,2026-08-18 11:15:00+00:00,BTC_V2_SETUP_A,LONG,64279.97002976493,64092.1949553526
exness_native-S07,2026-08-18 15:30:00+00:00,BTC_V2_SETUP_A,LONG,64820.54366025349,64609.78950961976
exness_native-S07,2026-08-18 18:30:00+00:00,BTC_V2_SETUP_A,LONG,64795.980065026626,64637.909902460065
exness_native-S07,2026-08-18 19:30:00+00:00,BTC_V2_SETUP_A,LONG,64788.1415832264,64617.9426251604
exness_native-S07,2026-08-20 08:00:00+00:00,BTC_V2_SETUP_A,LONG,69827.01941555801,69440.83087666298
exness_native-S07,2026-08-20 13:15:00+00:00,BTC_V2_SETUP_A,LONG,72118.1271520794,71718.9092718809
exness_native-S07,2026-08-20 14:00:00+00:00,BTC_V2_SETUP_A,LONG,71883.04235171956,71257.55147242069
exness_native-S07,2026-08-21 12:45:00+00:00,BTC_V2_SETUP_A,LONG,77545.07801549682,76413.25797675476
exness_native-S07,2026-08-21 13:45:00+00:00,BTC_V2_SETUP_A,LONG,77427.76923892662,76015.88114161008
exness_native-S07,2026-08-23 15:45:00+00:00,BTC_V2_SETUP_A,LONG,77363.01858273163,77021.03212590257
exness_native-S07,2026-08-23 16:15:00+00:00,BTC_V2_SETUP_A,LONG,77337.05662490636,77046.19506264047
exness_native-S07,2026-08-24 07:15:00+00:00,BTC_V2_SETUP_A,LONG,77845.84756385781,77358.77365421329
exness_native-S07,2026-08-24 12:30:00+00:00,BTC_V2_SETUP_A,LONG,78558.65903533968,77846.36144699049
exness_native-S07,2026-08-24 14:00:00+00:00,BTC_V2_SETUP_A,LONG,78675.96426530465,77685.98360204302
exness_native-S07,2026-08-27 11:00:00+00:00,BTC_V2_SETUP_A,LONG,79695.93382143583,79394.63426784625
exness_native-S07,2026-08-29 19:15:00+00:00,BTC_V2_SETUP_B,LONG,78311.21537343174,78100.18850627303
exness_native-S07,2026-08-30 16:15:00+00:00,BTC_V2_SETUP_B,LONG,79203.83383206576,78694.05467173696
exness_native-S07,2026-08-31 16:45:00+00:00,BTC_V2_SETUP_A,LONG,78805.42061426025,78459.69907860964
exness_native-S07,2026-09-03 07:15:00+00:00,BTC_V2_SETUP_A,LONG,78191.75979882396,77694.67030176405
exness_native-S07,2026-09-03 08:15:00+00:00,BTC_V2_SETUP_A,LONG,78080.52814041574,77562.05778937638
exness_native-S07,2026-09-03 12:45:00+00:00,BTC_V2_SETUP_B,LONG,78434.24013534155,77848.35945863384
exness_native-S07,2026-09-09 12:15:00+00:00,BTC_V2_SETUP_A,LONG,79462.36470848133,79185.22793727802
exness_native-S07,2026-09-09 19:45:00+00:00,BTC_V2_SETUP_B,SHORT,78254.53217452802,78617.70130188788
exness_native-S07,2026-09-10 16:15:00+00:00,BTC_V2_SETUP_B,SHORT,76852.16160005478,77334.45359978087
exness_native-S07,2026-09-10 18:15:00+00:00,BTC_V2_SETUP_A,SHORT,76889.32590742972,77380.6611388554
exness_native-S07,2026-09-11 11:00:00+00:00,BTC_V2_SETUP_A,SHORT,76929.40071316529,77058.80893025205
exness_native-S07,2026-09-13 08:00:00+00:00,BTC_V2_SETUP_A,SHORT,77054.80460931346,77165.18808602981
exness_native-S07,2026-09-13 12:45:00+00:00,BTC_V2_SETUP_A,SHORT,76647.52059683623,76867.34910474565
exness_native-S07,2026-09-15 11:15:00+00:00,BTC_V2_SETUP_A,SHORT,76927.90340002983,77228.40489995526
exness_native-S07,2026-09-15 16:15:00+00:00,BTC_V2_SETUP_A,SHORT,76141.72193887421,76623.63709168868
exness_native-S07,2026-09-15 17:15:00+00:00,BTC_V2_SETUP_A,SHORT,76073.69665665833,76446.1300150125
exness_native-S07,2026-09-15 19:15:00+00:00,BTC_V2_SETUP_A,SHORT,75658.8360656928,76361.2809014608
exness_native-S07,2026-09-15 19:45:00+00:00,BTC_V2_SETUP_A,SHORT,75724.95752603104,76145.38371095347
