bar,weekday,hhmm,tick_volume,next_session_first,hours_before_next_session,high_eq_next,low_eq_next,close_eq_next,tv_ratio_next
2014-01-15 00:00:00+00:00,Wednesday,00:00,78349,2014-01-16 00:00:00+00:00,24.0,False,False,False,1.079
2014-01-16 00:00:00+00:00,Thursday,00:00,72621,2014-01-17 00:00:00+00:00,24.0,False,False,False,0.953
2014-01-17 00:00:00+00:00,Friday,00:00,76228,2014-01-19 00:00:00+00:00,48.0,False,False,False,20.436
2014-01-19 00:00:00+00:00,Sunday,00:00,3730,2014-01-20 00:00:00+00:00,24.0,False,False,False,0.121
2014-01-20 00:00:00+00:00,Monday,00:00,30868,2014-01-21 00:00:00+00:00,24.0,False,False,False,0.387
2014-01-21 00:00:00+00:00,Tuesday,00:00,79806,2014-01-22 00:00:00+00:00,24.0,False,False,False,1.545
2014-01-22 00:00:00+00:00,Wednesday,00:00,51658,2014-01-23 00:00:00+00:00,24.0,False,False,False,0.51
2014-01-23 00:00:00+00:00,Thursday,00:00,101321,2014-01-24 00:00:00+00:00,24.0,False,False,False,0.978
2014-01-24 00:00:00+00:00,Friday,00:00,103553,2014-01-26 00:00:00+00:00,48.0,False,False,False,25.721
2014-01-26 00:00:00+00:00,Sunday,00:00,4026,2014-01-27 00:00:00+00:00,24.0,False,False,False,0.043
2014-01-27 00:00:00+00:00,Monday,00:00,92653,2014-01-28 00:00:00+00:00,24.0,False,False,False,1.188
2014-01-28 00:00:00+00:00,Tuesday,00:00,78000,2014-01-29 00:00:00+00:00,24.0,False,False,False,0.922
2014-01-29 00:00:00+00:00,Wednesday,00:00,84614,2014-01-30 00:00:00+00:00,24.0,False,False,False,0.978
2014-01-30 00:00:00+00:00,Thursday,00:00,86551,2014-01-31 00:00:00+00:00,24.0,False,False,False,1.181
2014-01-31 00:00:00+00:00,Friday,00:00,73264,2014-02-02 00:00:00+00:00,48.0,False,False,False,34.332
2014-02-02 00:00:00+00:00,Sunday,00:00,2134,2014-02-03 00:00:00+00:00,24.0,False,False,False,0.025
2014-02-03 00:00:00+00:00,Monday,00:00,86327,2014-02-04 00:00:00+00:00,24.0,False,False,False,1.223
2014-02-04 00:00:00+00:00,Tuesday,00:00,70580,2014-02-05 00:00:00+00:00,24.0,False,False,False,0.918
2014-02-05 00:00:00+00:00,Wednesday,00:00,76845,2014-02-06 00:00:00+00:00,24.0,False,False,False,1.217
2014-02-06 00:00:00+00:00,Thursday,00:00,63156,2014-02-07 00:00:00+00:00,24.0,False,False,False,0.812
2014-02-07 00:00:00+00:00,Friday,00:00,77777,2014-02-09 00:00:00+00:00,48.0,False,False,False,35.114
2014-02-09 00:00:00+00:00,Sunday,00:00,2215,2014-02-10 00:00:00+00:00,24.0,False,False,False,0.032
2014-02-10 00:00:00+00:00,Monday,00:00,69231,2014-02-11 00:00:00+00:00,24.0,False,False,False,0.797
2014-02-11 00:00:00+00:00,Tuesday,00:00,86855,2014-02-12 00:00:00+00:00,24.0,False,False,False,1.555
2014-02-12 00:00:00+00:00,Wednesday,00:00,55848,2014-02-13 00:00:00+00:00,24.0,False,False,False,0.661
2014-02-13 00:00:00+00:00,Thursday,00:00,84540,2014-02-14 00:00:00+00:00,24.0,False,False,False,0.933
2014-02-14 00:00:00+00:00,Friday,00:00,90615,2014-02-16 00:00:00+00:00,48.0,False,False,False,25.468
2014-02-16 00:00:00+00:00,Sunday,00:00,3558,2014-02-17 00:00:00+00:00,24.0,False,False,False,0.082
2014-02-17 00:00:00+00:00,Monday,00:00,43582,2014-02-18 00:00:00+00:00,24.0,False,False,False,0.49
2014-02-18 00:00:00+00:00,Tuesday,00:00,88976,2014-02-19 00:00:00+00:00,24.0,False,False,False,1.475
2014-02-19 00:00:00+00:00,Wednesday,00:00,60314,2014-02-20 00:00:00+00:00,24.0,False,False,False,0.577
2014-02-20 00:00:00+00:00,Thursday,00:00,104572,2014-02-21 00:00:00+00:00,24.0,False,False,False,1.253
2014-02-21 00:00:00+00:00,Friday,00:00,83443,2014-02-23 00:00:00+00:00,48.0,False,False,False,54.538
2014-02-23 00:00:00+00:00,Sunday,00:00,1530,2014-02-24 00:00:00+00:00,24.0,False,False,False,0.015
2014-02-24 00:00:00+00:00,Monday,00:00,99135,2014-02-25 00:00:00+00:00,24.0,False,False,False,1.134
2014-02-25 00:00:00+00:00,Tuesday,00:00,87395,2014-02-26 00:00:00+00:00,24.0,False,False,False,0.846
2014-02-26 00:00:00+00:00,Wednesday,00:00,103318,2014-02-27 00:00:00+00:00,24.0,False,False,False,1.233
2014-02-27 00:00:00+00:00,Thursday,00:00,83789,2014-02-28 00:00:00+00:00,24.0,False,False,False,0.833
2014-02-28 00:00:00+00:00,Friday,00:00,100594,2014-03-02 00:00:00+00:00,48.0,False,False,False,19.212
2014-03-02 00:00:00+00:00,Sunday,00:00,5236,2014-03-03 00:00:00+00:00,24.0,False,False,False,0.044
2014-03-03 00:00:00+00:00,Monday,00:00,119256,2014-03-04 00:00:00+00:00,24.0,False,False,False,1.059
2014-03-04 00:00:00+00:00,Tuesday,00:00,112589,2014-03-05 00:00:00+00:00,24.0,False,False,False,1.406
2014-03-05 00:00:00+00:00,Wednesday,00:00,80089,2014-03-06 00:00:00+00:00,24.0,False,False,False,0.79
2014-03-06 00:00:00+00:00,Thursday,00:00,101338,2014-03-07 00:00:00+00:00,24.0,False,False,False,0.868
2014-03-07 00:00:00+00:00,Friday,00:00,116765,2014-03-09 00:00:00+00:00,48.0,False,False,False,24.469
2014-03-09 00:00:00+00:00,Sunday,00:00,4772,2014-03-10 00:00:00+00:00,24.0,False,False,False,0.047
2014-03-10 00:00:00+00:00,Monday,00:00,100710,2014-03-11 00:00:00+00:00,24.0,False,False,False,1.145
2014-03-11 00:00:00+00:00,Tuesday,00:00,87965,2014-03-12 00:00:00+00:00,24.0,False,False,False,0.75
2014-03-12 00:00:00+00:00,Wednesday,00:00,117213,2014-03-13 00:00:00+00:00,24.0,False,False,False,1.053
2014-03-13 00:00:00+00:00,Thursday,00:00,111322,2014-03-14 00:00:00+00:00,24.0,False,False,False,1.143
2014-03-14 00:00:00+00:00,Friday,00:00,97382,2014-03-16 00:00:00+00:00,48.0,False,False,False,17.205
2014-03-16 00:00:00+00:00,Sunday,00:00,5660,2014-03-17 00:00:00+00:00,24.0,False,False,False,0.051
2014-03-17 00:00:00+00:00,Monday,00:00,111849,2014-03-18 00:00:00+00:00,24.0,False,False,False,1.063
2014-03-18 00:00:00+00:00,Tuesday,00:00,105258,2014-03-19 00:00:00+00:00,24.0,False,False,False,0.857
2014-03-19 00:00:00+00:00,Wednesday,00:00,122867,2014-03-20 00:00:00+00:00,24.0,False,False,False,1.043
2014-03-20 00:00:00+00:00,Thursday,00:00,117794,2014-03-21 00:00:00+00:00,24.0,False,False,False,1.336
2014-03-21 00:00:00+00:00,Friday,00:00,88186,2014-03-23 00:00:00+00:00,48.0,False,False,False,23.134
2014-03-23 00:00:00+00:00,Sunday,00:00,3812,2014-03-24 00:00:00+00:00,24.0,False,False,False,0.037
2014-03-24 00:00:00+00:00,Monday,00:00,103998,2014-03-25 00:00:00+00:00,24.0,False,False,False,0.964
2014-03-25 00:00:00+00:00,Tuesday,00:00,107846,2014-03-26 00:00:00+00:00,24.0,False,False,False,1.342
2014-03-26 00:00:00+00:00,Wednesday,00:00,80369,2014-03-27 00:00:00+00:00,24.0,False,False,False,0.717
2014-03-27 00:00:00+00:00,Thursday,00:00,112100,2014-03-28 00:00:00+00:00,24.0,False,False,False,1.151
2014-03-28 00:00:00+00:00,Friday,00:00,97380,2014-03-30 00:00:00+00:00,48.0,False,False,False,27.423
2014-03-30 00:00:00+00:00,Sunday,00:00,3551,2014-03-31 00:00:00+00:00,24.0,False,False,False,0.037
2014-03-31 00:00:00+00:00,Monday,00:00,96721,2014-04-01 00:00:00+00:00,24.0,False,False,False,1.036
2014-04-01 00:00:00+00:00,Tuesday,00:00,93367,2014-04-02 00:00:00+00:00,24.0,False,False,False,1.017
2014-04-02 00:00:00+00:00,Wednesday,00:00,91814,2014-04-03 00:00:00+00:00,24.0,False,False,False,1.085
2014-04-03 00:00:00+00:00,Thursday,00:00,84599,2014-04-04 00:00:00+00:00,24.0,False,False,False,0.929
2014-04-04 00:00:00+00:00,Friday,00:00,91097,2014-04-06 00:00:00+00:00,48.0,False,False,False,31.07
2014-04-06 00:00:00+00:00,Sunday,00:00,2932,2014-04-07 00:00:00+00:00,24.0,False,False,False,0.036
2014-04-07 00:00:00+00:00,Monday,00:00,81353,2014-04-08 00:00:00+00:00,24.0,False,False,False,0.845
2014-04-08 00:00:00+00:00,Tuesday,00:00,96307,2014-04-09 00:00:00+00:00,24.0,False,False,False,1.008
2014-04-09 00:00:00+00:00,Wednesday,00:00,95537,2014-04-10 00:00:00+00:00,24.0,False,False,False,0.901
2014-04-10 00:00:00+00:00,Thursday,00:00,106068,2014-04-11 00:00:00+00:00,24.0,False,False,False,1.22
2014-04-11 00:00:00+00:00,Friday,00:00,86974,2014-04-13 00:00:00+00:00,48.0,False,False,False,18.85
2014-04-13 00:00:00+00:00,Sunday,00:00,4614,2014-04-14 00:00:00+00:00,24.0,False,False,False,0.054
2014-04-14 00:00:00+00:00,Monday,00:00,85671,2014-04-15 00:00:00+00:00,24.0,False,False,False,0.728
2014-04-15 00:00:00+00:00,Tuesday,00:00,117612,2014-04-16 00:00:00+00:00,24.0,False,False,False,1.211
2014-04-16 00:00:00+00:00,Wednesday,00:00,97136,2014-04-17 00:00:00+00:00,24.0,False,False,False,1.554
2014-04-17 00:00:00+00:00,Thursday,00:00,62495,2014-04-18 00:00:00+00:00,24.0,False,False,False,31247.5
2014-04-18 00:00:00+00:00,Friday,00:00,2,2014-04-20 00:00:00+00:00,48.0,False,False,False,0.001
2014-04-20 00:00:00+00:00,Sunday,00:00,3922,2014-04-21 00:00:00+00:00,24.0,False,False,False,0.054
2014-04-21 00:00:00+00:00,Monday,00:00,72533,2014-04-22 00:00:00+00:00,24.0,False,False,False,0.848
2014-04-22 00:00:00+00:00,Tuesday,00:00,85581,2014-04-23 00:00:00+00:00,24.0,False,False,False,2.071
2014-04-23 00:00:00+00:00,Wednesday,00:00,41325,2014-04-24 00:00:00+00:00,24.0,False,False,False,0.379
2014-04-24 00:00:00+00:00,Thursday,00:00,109002,2014-04-25 00:00:00+00:00,24.0,False,False,False,1.228
2014-04-25 00:00:00+00:00,Friday,00:00,88739,2014-04-27 00:00:00+00:00,48.0,False,False,False,23.563
2014-04-27 00:00:00+00:00,Sunday,00:00,3766,2014-04-28 00:00:00+00:00,24.0,False,False,False,0.044
2014-04-28 00:00:00+00:00,Monday,00:00,86548,2014-04-29 00:00:00+00:00,24.0,False,False,False,1.033
2014-04-29 00:00:00+00:00,Tuesday,00:00,83812,2014-04-30 00:00:00+00:00,24.0,False,False,False,1.054
2014-04-30 00:00:00+00:00,Wednesday,00:00,79489,2014-05-01 00:00:00+00:00,24.0,False,False,False,1.196
2014-05-01 00:00:00+00:00,Thursday,00:00,66458,2014-05-02 00:00:00+00:00,24.0,False,False,False,0.732
2014-05-02 00:00:00+00:00,Friday,00:00,90836,2014-05-04 00:00:00+00:00,48.0,False,False,False,26.883
2014-05-04 00:00:00+00:00,Sunday,00:00,3379,2014-05-05 00:00:00+00:00,24.0,False,False,False,0.059
2014-05-05 00:00:00+00:00,Monday,00:00,57574,2014-05-06 00:00:00+00:00,24.0,False,False,False,0.756
2014-05-06 00:00:00+00:00,Tuesday,00:00,76110,2014-05-07 00:00:00+00:00,24.0,False,False,False,0.822
2014-05-07 00:00:00+00:00,Wednesday,00:00,92619,2014-05-08 00:00:00+00:00,24.0,False,False,False,1.064
2014-05-08 00:00:00+00:00,Thursday,00:00,87034,2014-05-09 00:00:00+00:00,24.0,False,False,False,1.185
2014-05-09 00:00:00+00:00,Friday,00:00,73449,2014-05-11 00:00:00+00:00,48.0,False,False,False,25.38
2014-05-11 00:00:00+00:00,Sunday,00:00,2894,2014-05-12 00:00:00+00:00,24.0,False,False,False,0.034
2014-05-12 00:00:00+00:00,Monday,00:00,85212,2014-05-13 00:00:00+00:00,24.0,False,False,False,0.963
2014-05-13 00:00:00+00:00,Tuesday,00:00,88461,2014-05-14 00:00:00+00:00,24.0,False,False,False,1.128
2014-05-14 00:00:00+00:00,Wednesday,00:00,78450,2014-05-15 00:00:00+00:00,24.0,False,False,False,1.056
2014-05-15 00:00:00+00:00,Thursday,00:00,74288,2014-05-16 00:00:00+00:00,24.0,False,False,False,1.107
2014-05-16 00:00:00+00:00,Friday,00:00,67085,2014-05-18 00:00:00+00:00,48.0,False,False,False,22.075
2014-05-18 00:00:00+00:00,Sunday,00:00,3039,2014-05-19 00:00:00+00:00,24.0,False,False,False,0.037
2014-05-19 00:00:00+00:00,Monday,00:00,81841,2014-05-20 00:00:00+00:00,24.0,False,False,False,0.884
2014-05-20 00:00:00+00:00,Tuesday,00:00,92598,2014-05-21 00:00:00+00:00,24.0,False,False,False,1.119
2014-05-21 00:00:00+00:00,Wednesday,00:00,82767,2014-05-22 00:00:00+00:00,24.0,False,False,False,0.956
2014-05-22 00:00:00+00:00,Thursday,00:00,86577,2014-05-23 00:00:00+00:00,24.0,False,False,False,1.194
2014-05-23 00:00:00+00:00,Friday,00:00,72533,2014-05-25 00:00:00+00:00,48.0,False,False,False,30.387
2014-05-25 00:00:00+00:00,Sunday,00:00,2387,2014-05-26 00:00:00+00:00,24.0,False,False,False,0.059
2014-05-26 00:00:00+00:00,Monday,00:00,40403,2014-05-27 00:00:00+00:00,24.0,False,False,False,0.395
2014-05-27 00:00:00+00:00,Tuesday,00:00,102161,2014-05-28 00:00:00+00:00,24.0,False,False,False,1.22
2014-05-28 00:00:00+00:00,Wednesday,00:00,83772,2014-05-29 00:00:00+00:00,24.0,False,False,False,0.918
2014-05-29 00:00:00+00:00,Thursday,00:00,91280,2014-05-30 00:00:00+00:00,24.0,False,False,False,1.102
2014-05-30 00:00:00+00:00,Friday,00:00,82801,2014-06-01 00:00:00+00:00,48.0,False,False,False,29.646
2014-06-01 00:00:00+00:00,Sunday,00:00,2793,2014-06-02 00:00:00+00:00,24.0,False,False,False,0.038
2014-06-02 00:00:00+00:00,Monday,00:00,72769,2014-06-03 00:00:00+00:00,24.0,False,False,False,1.992
2014-06-03 00:00:00+00:00,Tuesday,00:00,36538,2014-06-04 00:00:00+00:00,24.0,False,False,False,0.501
2014-06-04 00:00:00+00:00,Wednesday,00:00,72908,2014-06-05 00:00:00+00:00,24.0,False,False,False,0.901
2014-06-05 00:00:00+00:00,Thursday,00:00,80881,2014-06-06 00:00:00+00:00,24.0,False,False,False,1.068
2014-06-06 00:00:00+00:00,Friday,00:00,75717,2014-06-08 00:00:00+00:00,48.0,False,False,False,28.9
2014-06-08 00:00:00+00:00,Sunday,00:00,2620,2014-06-09 00:00:00+00:00,24.0,False,False,False,0.044
2014-06-09 00:00:00+00:00,Monday,00:00,59197,2014-06-10 00:00:00+00:00,24.0,False,False,False,0.861
2014-06-10 00:00:00+00:00,Tuesday,00:00,68774,2014-06-11 00:00:00+00:00,24.0,False,False,False,1.098
2014-06-11 00:00:00+00:00,Wednesday,00:00,62636,2014-06-12 00:00:00+00:00,24.0,False,False,False,0.728
2014-06-12 00:00:00+00:00,Thursday,00:00,86059,2014-06-13 00:00:00+00:00,24.0,False,False,False,1.075
2014-06-13 00:00:00+00:00,Friday,00:00,80078,2014-06-15 00:00:00+00:00,48.0,False,False,False,44.488
2014-06-15 00:00:00+00:00,Sunday,00:00,1800,2014-06-16 00:00:00+00:00,24.0,False,False,False,0.022
2014-06-16 00:00:00+00:00,Monday,00:00,82123,2014-06-17 00:00:00+00:00,24.0,False,False,False,1.027
2014-06-17 00:00:00+00:00,Tuesday,00:00,79961,2014-06-18 00:00:00+00:00,24.0,False,False,False,1.531
2014-06-18 00:00:00+00:00,Wednesday,00:00,52233,2014-06-19 00:00:00+00:00,24.0,False,False,False,0.439
2014-06-19 00:00:00+00:00,Thursday,00:00,119041,2014-06-20 00:00:00+00:00,24.0,False,False,False,1.069
2014-06-20 00:00:00+00:00,Friday,00:00,111397,2014-06-22 00:00:00+00:00,48.0,False,False,False,84.971
2014-06-22 00:00:00+00:00,Sunday,00:00,1311,2014-06-23 00:00:00+00:00,24.0,False,False,False,0.016
2014-06-23 00:00:00+00:00,Monday,00:00,83690,2014-06-24 00:00:00+00:00,24.0,False,False,False,1.167
2014-06-24 00:00:00+00:00,Tuesday,00:00,71704,2014-06-25 00:00:00+00:00,24.0,False,False,False,0.812
2014-06-25 00:00:00+00:00,Wednesday,00:00,88321,2014-06-26 00:00:00+00:00,24.0,False,False,False,1.006
2014-06-26 00:00:00+00:00,Thursday,00:00,87768,2014-06-27 00:00:00+00:00,24.0,False,False,False,1.075
2014-06-27 00:00:00+00:00,Friday,00:00,81609,2014-06-29 00:00:00+00:00,48.0,False,False,False,90.275
2014-06-29 00:00:00+00:00,Sunday,00:00,904,2014-06-30 00:00:00+00:00,24.0,False,False,False,0.01
2014-06-30 00:00:00+00:00,Monday,00:00,88513,2014-07-01 00:00:00+00:00,24.0,False,False,False,0.941
2014-07-01 00:00:00+00:00,Tuesday,00:00,94090,2014-07-02 00:00:00+00:00,24.0,False,False,False,1.118
2014-07-02 00:00:00+00:00,Wednesday,00:00,84155,2014-07-03 00:00:00+00:00,24.0,False,False,False,0.901
2014-07-03 00:00:00+00:00,Thursday,00:00,93357,2014-07-04 00:00:00+00:00,24.0,False,False,False,2.408
2014-07-04 00:00:00+00:00,Friday,00:00,38767,2014-07-06 00:00:00+00:00,48.0,False,False,False,51.621
2014-07-06 00:00:00+00:00,Sunday,00:00,751,2014-07-07 00:00:00+00:00,24.0,False,False,False,0.014
2014-07-07 00:00:00+00:00,Monday,00:00,54054,2014-07-08 00:00:00+00:00,24.0,False,False,False,0.86
2014-07-08 00:00:00+00:00,Tuesday,00:00,62849,2014-07-09 00:00:00+00:00,24.0,False,False,False,0.771
2014-07-09 00:00:00+00:00,Wednesday,00:00,81561,2014-07-10 00:00:00+00:00,24.0,False,False,False,0.9
2014-07-10 00:00:00+00:00,Thursday,00:00,90634,2014-07-11 00:00:00+00:00,24.0,False,False,False,2.15
2014-07-11 00:00:00+00:00,Friday,00:00,42146,2014-07-13 00:00:00+00:00,48.0,False,False,False,40.254
2014-07-13 00:00:00+00:00,Sunday,00:00,1047,2014-07-14 00:00:00+00:00,24.0,False,False,False,0.009
2014-07-14 00:00:00+00:00,Monday,00:00,116491,2014-07-15 00:00:00+00:00,24.0,False,False,False,1.11
2014-07-15 00:00:00+00:00,Tuesday,00:00,104981,2014-07-16 00:00:00+00:00,24.0,False,False,False,1.233
2014-07-16 00:00:00+00:00,Wednesday,00:00,85131,2014-07-17 00:00:00+00:00,24.0,False,False,False,0.778
2014-07-17 00:00:00+00:00,Thursday,00:00,109488,2014-07-18 00:00:00+00:00,24.0,False,False,False,1.349
2014-07-18 00:00:00+00:00,Friday,00:00,81147,2014-07-20 00:00:00+00:00,48.0,False,False,False,131.946
2014-07-20 00:00:00+00:00,Sunday,00:00,615,2014-07-21 00:00:00+00:00,24.0,False,False,False,0.021
2014-07-21 00:00:00+00:00,Monday,00:00,29502,2014-07-22 00:00:00+00:00,24.0,False,False,False,0.361
2014-07-22 00:00:00+00:00,Tuesday,00:00,81611,2014-07-23 00:00:00+00:00,24.0,False,False,False,1.201
2014-07-23 00:00:00+00:00,Wednesday,00:00,67955,2014-07-24 00:00:00+00:00,24.0,False,False,False,1.554
2014-07-24 00:00:00+00:00,Thursday,00:00,43719,2014-07-25 00:00:00+00:00,24.0,False,False,False,0.604
2014-07-25 00:00:00+00:00,Friday,00:00,72442,2014-07-27 00:00:00+00:00,48.0,False,False,False,51.341
2014-07-27 00:00:00+00:00,Sunday,00:00,1411,2014-07-28 00:00:00+00:00,24.0,False,False,False,0.019
2014-07-28 00:00:00+00:00,Monday,00:00,74021,2014-07-29 00:00:00+00:00,24.0,False,False,False,0.837
2014-07-29 00:00:00+00:00,Tuesday,00:00,88409,2014-07-30 00:00:00+00:00,24.0,False,False,False,1.419
2014-07-30 00:00:00+00:00,Wednesday,00:00,62305,2014-07-31 00:00:00+00:00,24.0,False,False,False,0.775
2014-07-31 00:00:00+00:00,Thursday,00:00,80389,2014-08-01 00:00:00+00:00,24.0,False,False,False,0.943
2014-08-01 00:00:00+00:00,Friday,00:00,85231,2014-08-03 00:00:00+00:00,48.0,False,False,False,158.422
2014-08-03 00:00:00+00:00,Sunday,00:00,538,2014-08-04 00:00:00+00:00,24.0,False,False,False,0.008
2014-08-04 00:00:00+00:00,Monday,00:00,66769,2014-08-05 00:00:00+00:00,24.0,False,False,False,0.856
2014-08-05 00:00:00+00:00,Tuesday,00:00,78018,2014-08-06 00:00:00+00:00,24.0,False,False,False,0.828
2014-08-06 00:00:00+00:00,Wednesday,00:00,94197,2014-08-07 00:00:00+00:00,24.0,False,False,False,2.296
2014-08-07 00:00:00+00:00,Thursday,00:00,41027,2014-08-08 00:00:00+00:00,24.0,False,False,False,0.425
2014-08-08 00:00:00+00:00,Friday,00:00,96543,2014-08-10 00:00:00+00:00,48.0,False,False,False,91.858
2014-08-10 00:00:00+00:00,Sunday,00:00,1051,2014-08-11 00:00:00+00:00,24.0,False,False,False,0.018
2014-08-11 00:00:00+00:00,Monday,00:00,59624,2014-08-12 00:00:00+00:00,24.0,False,False,False,1.054
2014-08-12 00:00:00+00:00,Tuesday,00:00,56559,2014-08-13 00:00:00+00:00,24.0,False,False,False,0.736
2014-08-13 00:00:00+00:00,Wednesday,00:00,76827,2014-08-14 00:00:00+00:00,24.0,False,False,False,1.217
2014-08-14 00:00:00+00:00,Thursday,00:00,63115,2014-08-15 00:00:00+00:00,24.0,False,False,False,1.39
2014-08-15 00:00:00+00:00,Friday,00:00,45400,2014-08-17 00:00:00+00:00,48.0,False,False,False,45.491
2014-08-17 00:00:00+00:00,Sunday,00:00,998,2014-08-18 00:00:00+00:00,24.0,False,False,False,0.015
2014-08-18 00:00:00+00:00,Monday,00:00,65183,2014-08-19 00:00:00+00:00,24.0,False,False,False,2.059
2014-08-19 00:00:00+00:00,Tuesday,00:00,31663,2014-08-20 00:00:00+00:00,24.0,False,False,False,0.44
2014-08-20 00:00:00+00:00,Wednesday,00:00,71961,2014-08-21 00:00:00+00:00,24.0,False,False,False,0.845
2014-08-21 00:00:00+00:00,Thursday,00:00,85166,2014-08-22 00:00:00+00:00,24.0,False,False,False,1.378
2014-08-22 00:00:00+00:00,Friday,00:00,61807,2014-08-24 00:00:00+00:00,48.0,False,False,False,3090.35
2014-08-24 00:00:00+00:00,Sunday,00:00,20,2014-08-25 00:00:00+00:00,24.0,False,False,False,0.0
2014-08-25 00:00:00+00:00,Monday,00:00,52891,2014-08-26 00:00:00+00:00,24.0,False,False,False,0.775
2014-08-26 00:00:00+00:00,Tuesday,00:00,68205,2014-08-27 00:00:00+00:00,24.0,False,False,False,1.403
2014-08-27 00:00:00+00:00,Wednesday,00:00,48612,2014-08-28 00:00:00+00:00,24.0,False,False,False,0.737
2014-08-28 00:00:00+00:00,Thursday,00:00,65994,2014-08-29 00:00:00+00:00,24.0,False,False,False,1.483
2014-08-29 00:00:00+00:00,Friday,00:00,44504,2014-08-31 00:00:00+00:00,48.0,False,False,False,62.594
2014-08-31 00:00:00+00:00,Sunday,00:00,711,2014-09-01 00:00:00+00:00,24.0,False,False,False,0.026
2014-09-01 00:00:00+00:00,Monday,00:00,26857,2014-09-02 00:00:00+00:00,24.0,False,False,False,0.39
2014-09-02 00:00:00+00:00,Tuesday,00:00,68928,2014-09-03 00:00:00+00:00,24.0,False,False,False,1.177
2014-09-03 00:00:00+00:00,Wednesday,00:00,58563,2014-09-04 00:00:00+00:00,24.0,False,False,False,0.834
2014-09-04 00:00:00+00:00,Thursday,00:00,70225,2014-09-05 00:00:00+00:00,24.0,False,False,False,1.172
2014-09-05 00:00:00+00:00,Friday,00:00,59923,2014-09-07 00:00:00+00:00,48.0,False,False,False,56.213
2014-09-07 00:00:00+00:00,Sunday,00:00,1066,2014-09-08 00:00:00+00:00,24.0,False,False,False,0.017
2014-09-08 00:00:00+00:00,Monday,00:00,62374,2014-09-09 00:00:00+00:00,24.0,False,False,False,0.915
2014-09-09 00:00:00+00:00,Tuesday,00:00,68153,2014-09-10 00:00:00+00:00,24.0,False,False,False,0.951
2014-09-10 00:00:00+00:00,Wednesday,00:00,71648,2014-09-11 00:00:00+00:00,24.0,False,False,False,0.979
2014-09-11 00:00:00+00:00,Thursday,00:00,73156,2014-09-12 00:00:00+00:00,24.0,False,False,False,1.062
2014-09-12 00:00:00+00:00,Friday,00:00,68872,2014-09-14 00:00:00+00:00,48.0,False,False,False,54.922
2014-09-14 00:00:00+00:00,Sunday,00:00,1254,2014-09-15 00:00:00+00:00,24.0,False,False,False,0.021
2014-09-15 00:00:00+00:00,Monday,00:00,58456,2014-09-16 00:00:00+00:00,24.0,False,False,False,0.842
2014-09-16 00:00:00+00:00,Tuesday,00:00,69388,2014-09-17 00:00:00+00:00,24.0,False,False,False,0.963
2014-09-17 00:00:00+00:00,Wednesday,00:00,72055,2014-09-18 00:00:00+00:00,24.0,False,False,False,0.909
2014-09-18 00:00:00+00:00,Thursday,00:00,79294,2014-09-19 00:00:00+00:00,24.0,False,False,False,0.928
2014-09-19 00:00:00+00:00,Friday,00:00,85419,2014-09-21 00:00:00+00:00,48.0,False,False,False,114.044
2014-09-21 00:00:00+00:00,Sunday,00:00,749,2014-09-22 00:00:00+00:00,24.0,False,False,False,0.01
2014-09-22 00:00:00+00:00,Monday,00:00,73075,2014-09-23 00:00:00+00:00,24.0,False,False,False,0.799
2014-09-23 00:00:00+00:00,Tuesday,00:00,91422,2014-09-24 00:00:00+00:00,24.0,False,False,False,1.331
2014-09-24 00:00:00+00:00,Wednesday,00:00,68661,2014-09-25 00:00:00+00:00,24.0,False,False,False,0.82
2014-09-25 00:00:00+00:00,Thursday,00:00,83741,2014-09-26 00:00:00+00:00,24.0,False,False,False,1.247
2014-09-26 00:00:00+00:00,Friday,00:00,67140,2014-09-28 00:00:00+00:00,48.0,False,False,False,66.74
2014-09-28 00:00:00+00:00,Sunday,00:00,1006,2014-09-29 00:00:00+00:00,24.0,False,False,False,0.014
2014-09-29 00:00:00+00:00,Monday,00:00,73809,2014-09-30 00:00:00+00:00,24.0,False,False,False,0.852
2014-09-30 00:00:00+00:00,Tuesday,00:00,86634,2014-10-01 00:00:00+00:00,24.0,False,False,False,1.03
2014-10-01 00:00:00+00:00,Wednesday,00:00,84083,2014-10-02 00:00:00+00:00,24.0,False,False,False,1.011
2014-10-02 00:00:00+00:00,Thursday,00:00,83135,2014-10-03 00:00:00+00:00,24.0,False,False,False,1.234
2014-10-03 00:00:00+00:00,Friday,00:00,67368,2014-10-05 00:00:00+00:00,48.0,False,False,False,35.197
2014-10-05 00:00:00+00:00,Sunday,00:00,1914,2014-10-06 00:00:00+00:00,24.0,False,False,False,0.038
2014-10-06 00:00:00+00:00,Monday,00:00,50353,2014-10-07 00:00:00+00:00,24.0,False,False,False,0.681
2014-10-07 00:00:00+00:00,Tuesday,00:00,73947,2014-10-08 00:00:00+00:00,24.0,False,False,False,0.85
2014-10-08 00:00:00+00:00,Wednesday,00:00,86956,2014-10-09 00:00:00+00:00,24.0,False,False,False,1.037
2014-10-09 00:00:00+00:00,Thursday,00:00,83860,2014-10-10 00:00:00+00:00,24.0,False,False,False,1.124
2014-10-10 00:00:00+00:00,Friday,00:00,74635,2014-10-12 00:00:00+00:00,48.0,False,False,False,38.294
2014-10-12 00:00:00+00:00,Sunday,00:00,1949,2014-10-13 00:00:00+00:00,24.0,False,False,False,0.029
2014-10-13 00:00:00+00:00,Monday,00:00,66222,2014-10-14 00:00:00+00:00,24.0,False,False,False,0.86
2014-10-14 00:00:00+00:00,Tuesday,00:00,76996,2014-10-15 00:00:00+00:00,24.0,False,False,False,0.751
2014-10-15 00:00:00+00:00,Wednesday,00:00,102537,2014-10-16 00:00:00+00:00,24.0,False,False,False,0.95
2014-10-16 00:00:00+00:00,Thursday,00:00,107980,2014-10-17 00:00:00+00:00,24.0,False,False,False,1.428
2014-10-17 00:00:00+00:00,Friday,00:00,75614,2014-10-19 00:00:00+00:00,48.0,False,False,False,73.269
2014-10-19 00:00:00+00:00,Sunday,00:00,1032,2014-10-20 00:00:00+00:00,24.0,False,False,False,0.014
2014-10-20 00:00:00+00:00,Monday,00:00,72238,2014-10-21 00:00:00+00:00,24.0,False,False,False,0.85
2014-10-21 00:00:00+00:00,Tuesday,00:00,84960,2014-10-22 00:00:00+00:00,24.0,False,False,False,1.259
2014-10-22 00:00:00+00:00,Wednesday,00:00,67475,2014-10-23 00:00:00+00:00,24.0,False,False,False,0.91
2014-10-23 00:00:00+00:00,Thursday,00:00,74143,2014-10-24 00:00:00+00:00,24.0,False,False,False,1.161
2014-10-24 00:00:00+00:00,Friday,00:00,63863,2014-10-26 00:00:00+00:00,48.0,False,False,False,101.855
2014-10-26 00:00:00+00:00,Sunday,00:00,627,2014-10-27 00:00:00+00:00,24.0,False,False,False,0.01
2014-10-27 00:00:00+00:00,Monday,00:00,64263,2014-10-28 00:00:00+00:00,24.0,False,False,False,0.88
2014-10-28 00:00:00+00:00,Tuesday,00:00,73013,2014-10-29 00:00:00+00:00,24.0,False,False,False,1.09
2014-10-29 00:00:00+00:00,Wednesday,00:00,66960,2014-10-30 00:00:00+00:00,24.0,False,False,False,0.707
2014-10-30 00:00:00+00:00,Thursday,00:00,94724,2014-10-31 00:00:00+00:00,24.0,False,False,False,0.819
2014-10-31 00:00:00+00:00,Friday,00:00,115724,2014-11-02 00:00:00+00:00,48.0,False,False,False,46.068
2014-11-02 00:00:00+00:00,Sunday,00:00,2512,2014-11-03 00:00:00+00:00,24.0,False,False,False,0.035
2014-11-03 00:00:00+00:00,Monday,00:00,72307,2014-11-04 00:00:00+00:00,24.0,False,False,False,0.939
2014-11-04 00:00:00+00:00,Tuesday,00:00,77036,2014-11-05 00:00:00+00:00,24.0,False,False,False,0.758
2014-11-05 00:00:00+00:00,Wednesday,00:00,101629,2014-11-06 00:00:00+00:00,24.0,False,False,False,1.209
2014-11-06 00:00:00+00:00,Thursday,00:00,84070,2014-11-07 00:00:00+00:00,24.0,False,False,False,0.795
2014-11-07 00:00:00+00:00,Friday,00:00,105793,2014-11-09 00:00:00+00:00,48.0,False,False,False,29.072
2014-11-09 00:00:00+00:00,Sunday,00:00,3639,2014-11-10 00:00:00+00:00,24.0,False,False,False,0.035
2014-11-10 00:00:00+00:00,Monday,00:00,104205,2014-11-11 00:00:00+00:00,24.0,False,False,False,1.703
2014-11-11 00:00:00+00:00,Tuesday,00:00,61196,2014-11-12 00:00:00+00:00,24.0,False,False,False,0.666
2014-11-12 00:00:00+00:00,Wednesday,00:00,91952,2014-11-13 00:00:00+00:00,24.0,False,False,False,0.956
2014-11-13 00:00:00+00:00,Thursday,00:00,96199,2014-11-14 00:00:00+00:00,24.0,False,False,False,0.899
2014-11-14 00:00:00+00:00,Friday,00:00,106986,2014-11-16 00:00:00+00:00,48.0,False,False,False,34.713
2014-11-16 00:00:00+00:00,Sunday,00:00,3082,2014-11-17 00:00:00+00:00,24.0,False,False,False,0.047
2014-11-17 00:00:00+00:00,Monday,00:00,65458,2014-11-18 00:00:00+00:00,24.0,False,False,False,0.76
2014-11-18 00:00:00+00:00,Tuesday,00:00,86080,2014-11-19 00:00:00+00:00,24.0,False,False,False,0.701
2014-11-19 00:00:00+00:00,Wednesday,00:00,122826,2014-11-20 00:00:00+00:00,24.0,False,False,False,1.215
2014-11-20 00:00:00+00:00,Thursday,00:00,101125,2014-11-21 00:00:00+00:00,24.0,False,False,False,1.02
2014-11-21 00:00:00+00:00,Friday,00:00,99133,2014-11-23 00:00:00+00:00,48.0,False,False,False,36.193
2014-11-23 00:00:00+00:00,Sunday,00:00,2739,2014-11-24 00:00:00+00:00,24.0,False,False,False,0.038
2014-11-24 00:00:00+00:00,Monday,00:00,71536,2014-11-25 00:00:00+00:00,24.0,False,False,False,0.918
2014-11-25 00:00:00+00:00,Tuesday,00:00,77927,2014-11-26 00:00:00+00:00,24.0,False,False,False,1.201
2014-11-26 00:00:00+00:00,Wednesday,00:00,64898,2014-11-27 00:00:00+00:00,24.0,False,False,False,0.985
2014-11-27 00:00:00+00:00,Thursday,00:00,65874,2014-11-28 00:00:00+00:00,24.0,False,False,False,0.717
2014-11-28 00:00:00+00:00,Friday,00:00,91887,2014-11-30 00:00:00+00:00,48.0,False,False,False,9.1
2014-11-30 00:00:00+00:00,Sunday,00:00,10097,2014-12-01 00:00:00+00:00,24.0,False,False,False,0.053
2014-12-01 00:00:00+00:00,Monday,00:00,191363,2014-12-02 00:00:00+00:00,24.0,False,False,False,1.687
2014-12-02 00:00:00+00:00,Tuesday,00:00,113446,2014-12-03 00:00:00+00:00,24.0,False,False,False,1.202
2014-12-03 00:00:00+00:00,Wednesday,00:00,94356,2014-12-04 00:00:00+00:00,24.0,False,False,False,1.086
2014-12-04 00:00:00+00:00,Thursday,00:00,86869,2014-12-05 00:00:00+00:00,24.0,False,False,False,0.998
2014-12-05 00:00:00+00:00,Friday,00:00,87049,2014-12-07 00:00:00+00:00,48.0,False,False,False,35.371
2014-12-07 00:00:00+00:00,Sunday,00:00,2461,2014-12-08 00:00:00+00:00,24.0,False,False,False,0.031
2014-12-08 00:00:00+00:00,Monday,00:00,80336,2014-12-09 00:00:00+00:00,24.0,False,False,False,0.714
2014-12-09 00:00:00+00:00,Tuesday,00:00,112570,2014-12-10 00:00:00+00:00,24.0,False,False,False,1.014
2014-12-10 00:00:00+00:00,Wednesday,00:00,111026,2014-12-11 00:00:00+00:00,24.0,False,False,False,1.64
2014-12-11 00:00:00+00:00,Thursday,00:00,67708,2014-12-12 00:00:00+00:00,24.0,False,False,False,0.712
2014-12-12 00:00:00+00:00,Friday,00:00,95072,2014-12-14 00:00:00+00:00,48.0,False,False,False,43.097
2014-12-14 00:00:00+00:00,Sunday,00:00,2206,2014-12-15 00:00:00+00:00,24.0,False,False,False,0.02
2014-12-15 00:00:00+00:00,Monday,00:00,110460,2014-12-16 00:00:00+00:00,24.0,False,False,False,0.884
2014-12-16 00:00:00+00:00,Tuesday,00:00,124978,2014-12-17 00:00:00+00:00,24.0,False,False,False,1.078
2014-12-17 00:00:00+00:00,Wednesday,00:00,115944,2014-12-18 00:00:00+00:00,24.0,False,False,False,1.218
2014-12-18 00:00:00+00:00,Thursday,00:00,95227,2014-12-19 00:00:00+00:00,24.0,False,False,False,2.091
2014-12-19 00:00:00+00:00,Friday,00:00,45535,2014-12-21 00:00:00+00:00,48.0,False,False,False,28.966
2014-12-21 00:00:00+00:00,Sunday,00:00,1572,2014-12-22 00:00:00+00:00,24.0,False,False,False,0.022
2014-12-22 00:00:00+00:00,Monday,00:00,71819,2014-12-23 00:00:00+00:00,24.0,False,False,False,1.141
2014-12-23 00:00:00+00:00,Tuesday,00:00,62933,2014-12-24 00:00:00+00:00,24.0,False,False,False,1.517
2014-12-24 00:00:00+00:00,Wednesday,00:00,41475,2014-12-25 00:00:00+00:00,24.0,False,False,False,24.658
2014-12-25 00:00:00+00:00,Thursday,00:00,1682,2014-12-26 00:00:00+00:00,24.0,False,False,False,0.027
2014-12-26 00:00:00+00:00,Friday,00:00,62789,2014-12-28 00:00:00+00:00,48.0,False,False,False,48.863
2014-12-28 00:00:00+00:00,Sunday,00:00,1285,2014-12-29 00:00:00+00:00,24.0,False,False,False,0.032
2014-12-29 00:00:00+00:00,Monday,00:00,40336,2014-12-30 00:00:00+00:00,24.0,False,False,False,0.763
2014-12-30 00:00:00+00:00,Tuesday,00:00,52855,2014-12-31 00:00:00+00:00,24.0,False,False,False,1.54
2014-12-31 00:00:00+00:00,Wednesday,00:00,34320,2015-01-01 00:00:00+00:00,24.0,False,False,False,25.31
2015-01-01 00:00:00+00:00,Thursday,00:00,1356,2015-01-02 00:00:00+00:00,24.0,False,False,False,0.014
2015-01-02 00:00:00+00:00,Friday,00:00,96023,2015-01-04 00:00:00+00:00,48.0,False,False,False,28.134
2015-01-04 00:00:00+00:00,Sunday,00:00,3413,2015-01-05 00:00:00+00:00,24.0,False,False,False,0.064
2015-01-05 00:00:00+00:00,Monday,00:00,53051,2015-01-06 00:00:00+00:00,24.0,False,False,False,0.989
2015-01-06 00:00:00+00:00,Tuesday,00:00,53666,2015-01-07 00:00:00+00:00,24.0,False,False,False,1.18
2015-01-07 00:00:00+00:00,Wednesday,00:00,45481,2015-01-08 00:00:00+00:00,24.0,False,False,False,1.067
2015-01-08 00:00:00+00:00,Thursday,00:00,42616,2015-01-09 00:00:00+00:00,24.0,False,False,False,0.639
2015-01-09 00:00:00+00:00,Friday,00:00,66688,2015-01-11 00:00:00+00:00,48.0,False,False,False,29.613
2015-01-11 00:00:00+00:00,Sunday,00:00,2252,2015-01-12 00:00:00+00:00,24.0,False,False,False,0.03
2015-01-12 00:00:00+00:00,Monday,00:00,75580,2015-01-13 00:00:00+00:00,24.0,False,False,False,0.77
2015-01-13 00:00:00+00:00,Tuesday,00:00,98187,2015-01-14 00:00:00+00:00,24.0,False,False,False,0.931
2015-01-14 00:00:00+00:00,Wednesday,00:00,105409,2015-01-15 00:00:00+00:00,24.0,False,False,False,1.053
2015-01-15 00:00:00+00:00,Thursday,00:00,100140,2015-01-16 00:00:00+00:00,24.0,False,False,False,1.009
2015-01-16 00:00:00+00:00,Friday,00:00,99290,2015-01-18 00:00:00+00:00,48.0,False,False,False,39.589
2015-01-18 00:00:00+00:00,Sunday,00:00,2508,2015-01-19 00:00:00+00:00,24.0,False,False,False,0.036
2015-01-19 00:00:00+00:00,Monday,00:00,68942,2015-01-20 00:00:00+00:00,24.0,False,False,False,0.512
2015-01-20 00:00:00+00:00,Tuesday,00:00,134557,2015-01-21 00:00:00+00:00,24.0,False,False,False,1.133
2015-01-21 00:00:00+00:00,Wednesday,00:00,118796,2015-01-22 00:00:00+00:00,24.0,False,False,False,1.002
2015-01-22 00:00:00+00:00,Thursday,00:00,118600,2015-01-23 00:00:00+00:00,24.0,False,False,False,1.258
2015-01-23 00:00:00+00:00,Friday,00:00,94258,2015-01-25 00:00:00+00:00,48.0,False,False,False,34.717
2015-01-25 00:00:00+00:00,Sunday,00:00,2715,2015-01-26 00:00:00+00:00,24.0,False,False,False,0.026
2015-01-26 00:00:00+00:00,Monday,00:00,106215,2015-01-27 00:00:00+00:00,24.0,False,False,False,1.082
2015-01-27 00:00:00+00:00,Tuesday,00:00,98174,2015-01-28 00:00:00+00:00,24.0,False,False,False,1.089
2015-01-28 00:00:00+00:00,Wednesday,00:00,90132,2015-01-29 00:00:00+00:00,24.0,False,False,False,0.905
2015-01-29 00:00:00+00:00,Thursday,00:00,99638,2015-01-30 00:00:00+00:00,24.0,False,False,False,1.227
2015-01-30 00:00:00+00:00,Friday,00:00,81225,2015-02-01 00:00:00+00:00,48.0,False,False,False,37.92
2015-02-01 00:00:00+00:00,Sunday,00:00,2142,2015-02-02 00:00:00+00:00,24.0,False,False,False,0.023
2015-02-02 00:00:00+00:00,Monday,00:00,92293,2015-02-03 00:00:00+00:00,24.0,False,False,False,1.069
2015-02-03 00:00:00+00:00,Tuesday,00:00,86367,2015-02-04 00:00:00+00:00,24.0,False,False,False,1.424
2015-02-04 00:00:00+00:00,Wednesday,00:00,60651,2015-02-05 00:00:00+00:00,24.0,False,False,False,0.719
2015-02-05 00:00:00+00:00,Thursday,00:00,84381,2015-02-06 00:00:00+00:00,24.0,False,False,False,1.104
2015-02-06 00:00:00+00:00,Friday,00:00,76417,2015-02-08 00:00:00+00:00,48.0,False,False,False,32.149
2015-02-08 00:00:00+00:00,Sunday,00:00,2377,2015-02-09 00:00:00+00:00,24.0,False,False,False,0.059
2015-02-09 00:00:00+00:00,Monday,00:00,39968,2015-02-10 00:00:00+00:00,24.0,False,False,False,0.492
2015-02-10 00:00:00+00:00,Tuesday,00:00,81166,2015-02-11 00:00:00+00:00,24.0,False,False,False,1.09
2015-02-11 00:00:00+00:00,Wednesday,00:00,74497,2015-02-12 00:00:00+00:00,24.0,False,False,False,0.978
2015-02-12 00:00:00+00:00,Thursday,00:00,76195,2015-02-13 00:00:00+00:00,24.0,False,False,False,0.981
2015-02-13 00:00:00+00:00,Friday,00:00,77700,2015-02-15 00:00:00+00:00,48.0,False,False,False,50.455
2015-02-15 00:00:00+00:00,Sunday,00:00,1540,2015-02-16 00:00:00+00:00,24.0,False,False,False,0.053
2015-02-16 00:00:00+00:00,Monday,00:00,28945,2015-02-17 00:00:00+00:00,24.0,False,False,False,0.399
2015-02-17 00:00:00+00:00,Tuesday,00:00,72631,2015-02-18 00:00:00+00:00,24.0,False,False,False,1.775
2015-02-18 00:00:00+00:00,Wednesday,00:00,40919,2015-02-19 00:00:00+00:00,24.0,False,False,False,0.937
2015-02-19 00:00:00+00:00,Thursday,00:00,43667,2015-02-20 00:00:00+00:00,24.0,False,False,False,1.058
2015-02-20 00:00:00+00:00,Friday,00:00,41278,2015-02-22 00:00:00+00:00,48.0,False,False,False,19.874
2015-02-22 00:00:00+00:00,Sunday,00:00,2077,2015-02-23 00:00:00+00:00,24.0,False,False,False,0.03
2015-02-23 00:00:00+00:00,Monday,00:00,68697,2015-02-24 00:00:00+00:00,24.0,False,False,False,0.922
2015-02-24 00:00:00+00:00,Tuesday,00:00,74548,2015-02-25 00:00:00+00:00,24.0,False,False,False,1.028
2015-02-25 00:00:00+00:00,Wednesday,00:00,72496,2015-02-26 00:00:00+00:00,24.0,False,False,False,0.863
2015-02-26 00:00:00+00:00,Thursday,00:00,84024,2015-02-27 00:00:00+00:00,24.0,False,False,False,1.037
2015-02-27 00:00:00+00:00,Friday,00:00,81057,2015-03-01 00:00:00+00:00,48.0,False,False,False,41.61
2015-03-01 00:00:00+00:00,Sunday,00:00,1948,2015-03-02 00:00:00+00:00,24.0,False,False,False,0.034
2015-03-02 00:00:00+00:00,Monday,00:00,57913,2015-03-03 00:00:00+00:00,24.0,False,False,False,0.868
2015-03-03 00:00:00+00:00,Tuesday,00:00,66727,2015-03-04 00:00:00+00:00,24.0,False,False,False,0.986
2015-03-04 00:00:00+00:00,Wednesday,00:00,67658,2015-03-05 00:00:00+00:00,24.0,False,False,False,0.999
2015-03-05 00:00:00+00:00,Thursday,00:00,67748,2015-03-06 00:00:00+00:00,24.0,False,False,False,0.848
2015-03-06 00:00:00+00:00,Friday,00:00,79902,2015-03-08 00:00:00+00:00,48.0,False,False,False,46.401
2015-03-08 00:00:00+00:00,Sunday,00:00,1722,2015-03-09 00:00:00+00:00,24.0,False,False,False,0.026
2015-03-09 00:00:00+00:00,Monday,00:00,66122,2015-03-10 00:00:00+00:00,24.0,False,False,False,1.293
2015-03-10 00:00:00+00:00,Tuesday,00:00,51154,2015-03-11 00:00:00+00:00,24.0,False,False,False,0.701
2015-03-11 00:00:00+00:00,Wednesday,00:00,72974,2015-03-12 00:00:00+00:00,24.0,False,False,False,1.012
2015-03-12 00:00:00+00:00,Thursday,00:00,72122,2015-03-13 00:00:00+00:00,24.0,False,False,False,1.171
2015-03-13 00:00:00+00:00,Friday,00:00,61570,2015-03-15 00:00:00+00:00,48.0,False,False,False,91.35
2015-03-15 00:00:00+00:00,Sunday,00:00,674,2015-03-16 00:00:00+00:00,24.0,False,False,False,0.02
2015-03-16 00:00:00+00:00,Monday,00:00,33651,2015-03-17 00:00:00+00:00,24.0,False,False,False,0.885
2015-03-17 00:00:00+00:00,Tuesday,00:00,38021,2015-03-18 00:00:00+00:00,24.0,False,False,False,0.5
2015-03-18 00:00:00+00:00,Wednesday,00:00,76116,2015-03-19 00:00:00+00:00,24.0,False,False,False,1.005
2015-03-19 00:00:00+00:00,Thursday,00:00,75747,2015-03-20 00:00:00+00:00,24.0,False,False,False,1.095
2015-03-20 00:00:00+00:00,Friday,00:00,69172,2015-03-22 00:00:00+00:00,48.0,False,False,False,107.913
2015-03-22 00:00:00+00:00,Sunday,00:00,641,2015-03-23 00:00:00+00:00,24.0,False,False,False,0.009
2015-03-23 00:00:00+00:00,Monday,00:00,67988,2015-03-24 00:00:00+00:00,24.0,False,False,False,1.954
2015-03-24 00:00:00+00:00,Tuesday,00:00,34794,2015-03-25 00:00:00+00:00,24.0,False,False,False,1.007
2015-03-25 00:00:00+00:00,Wednesday,00:00,34553,2015-03-26 00:00:00+00:00,24.0,False,False,False,0.457
2015-03-26 00:00:00+00:00,Thursday,00:00,75604,2015-03-27 00:00:00+00:00,24.0,False,False,False,1.169
2015-03-27 00:00:00+00:00,Friday,00:00,64650,2015-03-29 00:00:00+00:00,48.0,False,False,False,66.037
2015-03-29 00:00:00+00:00,Sunday,00:00,979,2015-03-30 00:00:00+00:00,24.0,False,False,False,0.016
2015-03-30 00:00:00+00:00,Monday,00:00,61844,2015-03-31 00:00:00+00:00,24.0,False,False,False,0.905
2015-03-31 00:00:00+00:00,Tuesday,00:00,68316,2015-04-01 00:00:00+00:00,24.0,False,False,False,1.847
2015-04-01 00:00:00+00:00,Wednesday,00:00,36987,2015-04-02 00:00:00+00:00,24.0,False,False,False,0.576
2015-04-02 00:00:00+00:00,Thursday,00:00,64158,2015-04-03 00:00:00+00:00,24.0,False,False,False,21386.0
2015-04-03 00:00:00+00:00,Friday,00:00,3,2015-04-05 00:00:00+00:00,48.0,False,False,False,0.002
2015-04-05 00:00:00+00:00,Sunday,00:00,1448,2015-04-06 00:00:00+00:00,24.0,False,False,False,0.021
2015-04-06 00:00:00+00:00,Monday,00:00,69807,2015-04-07 00:00:00+00:00,24.0,False,False,False,2.179
2015-04-07 00:00:00+00:00,Tuesday,00:00,32039,2015-04-08 00:00:00+00:00,24.0,False,False,False,0.501
2015-04-08 00:00:00+00:00,Wednesday,00:00,63928,2015-04-09 00:00:00+00:00,24.0,False,False,False,1.03
2015-04-09 00:00:00+00:00,Thursday,00:00,62047,2015-04-10 00:00:00+00:00,24.0,False,False,False,1.053
2015-04-10 00:00:00+00:00,Friday,00:00,58927,2015-04-12 00:00:00+00:00,48.0,False,False,False,127.272
2015-04-12 00:00:00+00:00,Sunday,00:00,463,2015-04-13 00:00:00+00:00,24.0,False,False,False,0.008
2015-04-13 00:00:00+00:00,Monday,00:00,59767,2015-04-14 00:00:00+00:00,24.0,False,False,False,1.304
2015-04-14 00:00:00+00:00,Tuesday,00:00,45847,2015-04-15 00:00:00+00:00,24.0,False,False,False,1.176
2015-04-15 00:00:00+00:00,Wednesday,00:00,38983,2015-04-16 00:00:00+00:00,24.0,False,False,False,0.465
2015-04-16 00:00:00+00:00,Thursday,00:00,83771,2015-04-17 00:00:00+00:00,24.0,False,False,False,1.201
2015-04-17 00:00:00+00:00,Friday,00:00,69770,2015-04-19 00:00:00+00:00,48.0,False,False,False,54.765
2015-04-19 00:00:00+00:00,Sunday,00:00,1274,2015-04-20 00:00:00+00:00,24.0,False,False,False,0.016
2015-04-20 00:00:00+00:00,Monday,00:00,80400,2015-04-21 00:00:00+00:00,24.0,False,False,False,1.239
2015-04-21 00:00:00+00:00,Tuesday,00:00,64897,2015-04-22 00:00:00+00:00,24.0,False,False,False,0.831
2015-04-22 00:00:00+00:00,Wednesday,00:00,78053,2015-04-23 00:00:00+00:00,24.0,False,False,False,1.065
2015-04-23 00:00:00+00:00,Thursday,00:00,73269,2015-04-24 00:00:00+00:00,24.0,False,False,False,1.068
2015-04-24 00:00:00+00:00,Friday,00:00,68622,2015-04-26 00:00:00+00:00,48.0,False,False,False,100.471
2015-04-26 00:00:00+00:00,Sunday,00:00,683,2015-04-27 00:00:00+00:00,24.0,False,False,False,0.009
2015-04-27 00:00:00+00:00,Monday,00:00,80302,2015-04-28 00:00:00+00:00,24.0,False,False,False,1.297
2015-04-28 00:00:00+00:00,Tuesday,00:00,61906,2015-04-29 00:00:00+00:00,24.0,False,False,False,0.868
2015-04-29 00:00:00+00:00,Wednesday,00:00,71285,2015-04-30 00:00:00+00:00,24.0,False,False,False,0.902
2015-04-30 00:00:00+00:00,Thursday,00:00,78989,2015-05-01 00:00:00+00:00,24.0,False,False,False,1.179
2015-05-01 00:00:00+00:00,Friday,00:00,66996,2015-05-03 00:00:00+00:00,48.0,False,False,False,95.436
2015-05-03 00:00:00+00:00,Sunday,00:00,702,2015-05-04 00:00:00+00:00,24.0,False,False,False,0.012
2015-05-04 00:00:00+00:00,Monday,00:00,59619,2015-05-05 00:00:00+00:00,24.0,False,False,False,1.011
2015-05-05 00:00:00+00:00,Tuesday,00:00,58993,2015-05-06 00:00:00+00:00,24.0,False,False,False,1.301
2015-05-06 00:00:00+00:00,Wednesday,00:00,45354,2015-05-07 00:00:00+00:00,24.0,False,False,False,0.771
2015-05-07 00:00:00+00:00,Thursday,00:00,58842,2015-05-08 00:00:00+00:00,24.0,False,False,False,0.81
2015-05-08 00:00:00+00:00,Friday,00:00,72684,2015-05-10 00:00:00+00:00,48.0,False,False,False,52.67
2015-05-10 00:00:00+00:00,Sunday,00:00,1380,2015-05-11 00:00:00+00:00,24.0,False,False,False,0.022
2015-05-11 00:00:00+00:00,Monday,00:00,61878,2015-05-12 00:00:00+00:00,24.0,False,False,False,0.861
2015-05-12 00:00:00+00:00,Tuesday,00:00,71852,2015-05-13 00:00:00+00:00,24.0,False,False,False,0.908
2015-05-13 00:00:00+00:00,Wednesday,00:00,79101,2015-05-14 00:00:00+00:00,24.0,False,False,False,0.96
2015-05-14 00:00:00+00:00,Thursday,00:00,82402,2015-05-15 00:00:00+00:00,24.0,False,False,False,1.208
2015-05-15 00:00:00+00:00,Friday,00:00,68231,2015-05-17 00:00:00+00:00,48.0,False,False,False,44.363
2015-05-17 00:00:00+00:00,Sunday,00:00,1538,2015-05-18 00:00:00+00:00,24.0,False,False,False,0.024
2015-05-18 00:00:00+00:00,Monday,00:00,63296,2015-05-19 00:00:00+00:00,24.0,False,False,False,0.875
2015-05-19 00:00:00+00:00,Tuesday,00:00,72305,2015-05-20 00:00:00+00:00,24.0,False,False,False,2.084
2015-05-20 00:00:00+00:00,Wednesday,00:00,34689,2015-05-21 00:00:00+00:00,24.0,False,False,False,0.639
2015-05-21 00:00:00+00:00,Thursday,00:00,54285,2015-05-22 00:00:00+00:00,24.0,False,False,False,1.033
2015-05-22 00:00:00+00:00,Friday,00:00,52576,2015-05-24 00:00:00+00:00,48.0,False,False,False,91.437
2015-05-24 00:00:00+00:00,Sunday,00:00,575,2015-05-25 00:00:00+00:00,24.0,False,False,False,0.017
2015-05-25 00:00:00+00:00,Monday,00:00,33307,2015-05-26 00:00:00+00:00,24.0,False,False,False,0.496
2015-05-26 00:00:00+00:00,Tuesday,00:00,67161,2015-05-27 00:00:00+00:00,24.0,False,False,False,1.13
2015-05-27 00:00:00+00:00,Wednesday,00:00,59432,2015-05-28 00:00:00+00:00,24.0,False,False,False,1.661
2015-05-28 00:00:00+00:00,Thursday,00:00,35772,2015-05-29 00:00:00+00:00,24.0,False,False,False,0.661
2015-05-29 00:00:00+00:00,Friday,00:00,54112,2015-05-31 00:00:00+00:00,48.0,False,False,False,58.436
2015-05-31 00:00:00+00:00,Sunday,00:00,926,2015-06-01 00:00:00+00:00,24.0,False,False,False,0.014
2015-06-01 00:00:00+00:00,Monday,00:00,67061,2015-06-02 00:00:00+00:00,24.0,False,False,False,1.098
2015-06-02 00:00:00+00:00,Tuesday,00:00,61065,2015-06-03 00:00:00+00:00,24.0,False,False,False,1.021
2015-06-03 00:00:00+00:00,Wednesday,00:00,59824,2015-06-04 00:00:00+00:00,24.0,False,False,False,0.816
2015-06-04 00:00:00+00:00,Thursday,00:00,73350,2015-06-05 00:00:00+00:00,24.0,False,False,False,0.96
2015-06-05 00:00:00+00:00,Friday,00:00,76443,2015-06-07 00:00:00+00:00,48.0,False,False,False,54.798
2015-06-07 00:00:00+00:00,Sunday,00:00,1395,2015-06-08 00:00:00+00:00,24.0,False,False,False,0.02
2015-06-08 00:00:00+00:00,Monday,00:00,70321,2015-06-09 00:00:00+00:00,24.0,False,False,False,1.207
2015-06-09 00:00:00+00:00,Tuesday,00:00,58254,2015-06-10 00:00:00+00:00,24.0,False,False,False,0.889
2015-06-10 00:00:00+00:00,Wednesday,00:00,65509,2015-06-11 00:00:00+00:00,24.0,False,False,False,1.058
2015-06-11 00:00:00+00:00,Thursday,00:00,61914,2015-06-12 00:00:00+00:00,24.0,False,False,False,1.164
2015-06-12 00:00:00+00:00,Friday,00:00,53211,2015-06-14 00:00:00+00:00,48.0,False,False,False,62.601
2015-06-14 00:00:00+00:00,Sunday,00:00,850,2015-06-15 00:00:00+00:00,24.0,False,False,False,0.012
2015-06-15 00:00:00+00:00,Monday,00:00,69901,2015-06-16 00:00:00+00:00,24.0,False,False,False,1.167
2015-06-16 00:00:00+00:00,Tuesday,00:00,59885,2015-06-17 00:00:00+00:00,24.0,False,False,False,1.143
2015-06-17 00:00:00+00:00,Wednesday,00:00,52373,2015-06-18 00:00:00+00:00,24.0,False,False,False,1.336
2015-06-18 00:00:00+00:00,Thursday,00:00,39200,2015-06-19 00:00:00+00:00,24.0,False,False,False,0.735
2015-06-19 00:00:00+00:00,Friday,00:00,53369,2015-06-21 00:00:00+00:00,48.0,False,False,False,90.764
2015-06-21 00:00:00+00:00,Sunday,00:00,588,2015-06-22 00:00:00+00:00,24.0,False,False,False,0.011
2015-06-22 00:00:00+00:00,Monday,00:00,52472,2015-06-23 00:00:00+00:00,24.0,False,False,False,1.789
2015-06-23 00:00:00+00:00,Tuesday,00:00,29335,2015-06-24 00:00:00+00:00,24.0,False,False,False,1.033
2015-06-24 00:00:00+00:00,Wednesday,00:00,28398,2015-06-25 00:00:00+00:00,24.0,False,False,False,0.953
2015-06-25 00:00:00+00:00,Thursday,00:00,29808,2015-06-26 00:00:00+00:00,24.0,False,False,False,1.031
2015-06-26 00:00:00+00:00,Friday,00:00,28921,2015-06-28 00:00:00+00:00,48.0,False,False,False,17.002
2015-06-28 00:00:00+00:00,Sunday,00:00,1701,2015-06-29 00:00:00+00:00,24.0,False,False,False,0.024
2015-06-29 00:00:00+00:00,Monday,00:00,72285,2015-06-30 00:00:00+00:00,24.0,False,False,False,1.187
2015-06-30 00:00:00+00:00,Tuesday,00:00,60878,2015-07-01 00:00:00+00:00,24.0,False,False,False,0.828
2015-07-01 00:00:00+00:00,Wednesday,00:00,73489,2015-07-02 00:00:00+00:00,24.0,False,False,False,1.109
2015-07-02 00:00:00+00:00,Thursday,00:00,66267,2015-07-03 00:00:00+00:00,24.0,False,False,False,3.115
2015-07-03 00:00:00+00:00,Friday,00:00,21274,2015-07-05 00:00:00+00:00,48.0,False,False,False,8.022
2015-07-05 00:00:00+00:00,Sunday,00:00,2652,2015-07-06 00:00:00+00:00,24.0,False,False,False,0.039
2015-07-06 00:00:00+00:00,Monday,00:00,67996,2015-07-07 00:00:00+00:00,24.0,False,False,False,0.7
2015-07-07 00:00:00+00:00,Tuesday,00:00,97097,2015-07-08 00:00:00+00:00,24.0,False,False,False,0.877
2015-07-08 00:00:00+00:00,Wednesday,00:00,110689,2015-07-09 00:00:00+00:00,24.0,False,False,False,1.272
2015-07-09 00:00:00+00:00,Thursday,00:00,87048,2015-07-10 00:00:00+00:00,24.0,False,False,False,1.179
2015-07-10 00:00:00+00:00,Friday,00:00,73849,2015-07-12 00:00:00+00:00,48.0,False,False,False,68.825
2015-07-12 00:00:00+00:00,Sunday,00:00,1073,2015-07-13 00:00:00+00:00,24.0,False,False,False,0.014
2015-07-13 00:00:00+00:00,Monday,00:00,78026,2015-07-14 00:00:00+00:00,24.0,False,False,False,1.104
2015-07-14 00:00:00+00:00,Tuesday,00:00,70686,2015-07-15 00:00:00+00:00,24.0,False,False,False,0.946
2015-07-15 00:00:00+00:00,Wednesday,00:00,74699,2015-07-16 00:00:00+00:00,24.0,False,False,False,0.88
2015-07-16 00:00:00+00:00,Thursday,00:00,84865,2015-07-17 00:00:00+00:00,24.0,False,False,False,1.978
2015-07-17 00:00:00+00:00,Friday,00:00,42904,2015-07-19 00:00:00+00:00,48.0,False,False,False,39.398
2015-07-19 00:00:00+00:00,Sunday,00:00,1089,2015-07-20 00:00:00+00:00,24.0,False,False,False,0.008
2015-07-20 00:00:00+00:00,Monday,00:00,134123,2015-07-21 00:00:00+00:00,24.0,False,False,False,2.576
2015-07-21 00:00:00+00:00,Tuesday,00:00,52075,2015-07-22 00:00:00+00:00,24.0,False,False,False,0.927
2015-07-22 00:00:00+00:00,Wednesday,00:00,56165,2015-07-23 00:00:00+00:00,24.0,False,False,False,0.565
2015-07-23 00:00:00+00:00,Thursday,00:00,99363,2015-07-24 00:00:00+00:00,24.0,False,False,False,0.909
2015-07-24 00:00:00+00:00,Friday,00:00,109364,2015-07-26 00:00:00+00:00,48.0,False,False,False,76.053
2015-07-26 00:00:00+00:00,Sunday,00:00,1438,2015-07-27 00:00:00+00:00,24.0,False,False,False,0.015
2015-07-27 00:00:00+00:00,Monday,00:00,98296,2015-07-28 00:00:00+00:00,24.0,False,False,False,1.137
2015-07-28 00:00:00+00:00,Tuesday,00:00,86454,2015-07-29 00:00:00+00:00,24.0,False,False,False,0.847
2015-07-29 00:00:00+00:00,Wednesday,00:00,102093,2015-07-30 00:00:00+00:00,24.0,False,False,False,1.048
2015-07-30 00:00:00+00:00,Thursday,00:00,97373,2015-07-31 00:00:00+00:00,24.0,False,False,False,1.058
2015-07-31 00:00:00+00:00,Friday,00:00,92037,2015-08-02 00:00:00+00:00,48.0,False,False,False,62.145
2015-08-02 00:00:00+00:00,Sunday,00:00,1481,2015-08-03 00:00:00+00:00,24.0,False,False,False,0.018
2015-08-03 00:00:00+00:00,Monday,00:00,83966,2015-08-04 00:00:00+00:00,24.0,False,False,False,0.889
2015-08-04 00:00:00+00:00,Tuesday,00:00,94399,2015-08-05 00:00:00+00:00,24.0,False,False,False,1.013
2015-08-05 00:00:00+00:00,Wednesday,00:00,93162,2015-08-06 00:00:00+00:00,24.0,False,False,False,1.191
2015-08-06 00:00:00+00:00,Thursday,00:00,78242,2015-08-07 00:00:00+00:00,24.0,False,False,False,1.016
2015-08-07 00:00:00+00:00,Friday,00:00,77037,2015-08-09 00:00:00+00:00,48.0,False,False,False,38.308
2015-08-09 00:00:00+00:00,Sunday,00:00,2011,2015-08-10 00:00:00+00:00,24.0,False,False,False,0.023
2015-08-10 00:00:00+00:00,Monday,00:00,88006,2015-08-11 00:00:00+00:00,24.0,False,False,False,0.785
2015-08-11 00:00:00+00:00,Tuesday,00:00,112123,2015-08-12 00:00:00+00:00,24.0,False,False,False,0.947
2015-08-12 00:00:00+00:00,Wednesday,00:00,118358,2015-08-13 00:00:00+00:00,24.0,False,False,False,2.086
2015-08-13 00:00:00+00:00,Thursday,00:00,56735,2015-08-14 00:00:00+00:00,24.0,False,False,False,1.196
2015-08-14 00:00:00+00:00,Friday,00:00,47434,2015-08-16 00:00:00+00:00,48.0,False,False,False,42.314
2015-08-16 00:00:00+00:00,Sunday,00:00,1121,2015-08-17 00:00:00+00:00,24.0,False,False,False,0.014
2015-08-17 00:00:00+00:00,Monday,00:00,80193,2015-08-18 00:00:00+00:00,24.0,False,False,False,0.971
2015-08-18 00:00:00+00:00,Tuesday,00:00,82604,2015-08-19 00:00:00+00:00,24.0,False,False,False,0.873
2015-08-19 00:00:00+00:00,Wednesday,00:00,94639,2015-08-20 00:00:00+00:00,24.0,False,False,False,0.884
2015-08-20 00:00:00+00:00,Thursday,00:00,107077,2015-08-21 00:00:00+00:00,24.0,False,False,False,1.56
2015-08-21 00:00:00+00:00,Friday,00:00,68653,2015-08-23 00:00:00+00:00,48.0,False,False,False,42.935
2015-08-23 00:00:00+00:00,Sunday,00:00,1599,2015-08-24 00:00:00+00:00,24.0,False,False,False,0.015
2015-08-24 00:00:00+00:00,Monday,00:00,106821,2015-08-25 00:00:00+00:00,24.0,False,False,False,1.335
2015-08-25 00:00:00+00:00,Tuesday,00:00,80028,2015-08-26 00:00:00+00:00,24.0,False,False,False,0.6
2015-08-26 00:00:00+00:00,Wednesday,00:00,133354,2015-08-27 00:00:00+00:00,24.0,False,False,False,1.059
2015-08-27 00:00:00+00:00,Thursday,00:00,125890,2015-08-28 00:00:00+00:00,24.0,False,False,False,1.076
2015-08-28 00:00:00+00:00,Friday,00:00,116987,2015-08-30 00:00:00+00:00,48.0,False,False,False,121.861
2015-08-30 00:00:00+00:00,Sunday,00:00,960,2015-08-31 00:00:00+00:00,24.0,False,False,False,0.018
2015-08-31 00:00:00+00:00,Monday,00:00,54530,2015-09-01 00:00:00+00:00,24.0,False,False,False,0.485
2015-09-01 00:00:00+00:00,Tuesday,00:00,112389,2015-09-02 00:00:00+00:00,24.0,False,False,False,1.793
2015-09-02 00:00:00+00:00,Wednesday,00:00,62669,2015-09-03 00:00:00+00:00,24.0,False,False,False,0.718
2015-09-03 00:00:00+00:00,Thursday,00:00,87331,2015-09-04 00:00:00+00:00,24.0,False,False,False,0.982
2015-09-04 00:00:00+00:00,Friday,00:00,88915,2015-09-06 00:00:00+00:00,48.0,False,False,False,87.172
2015-09-06 00:00:00+00:00,Sunday,00:00,1020,2015-09-07 00:00:00+00:00,24.0,False,False,False,0.018
2015-09-07 00:00:00+00:00,Monday,00:00,56525,2015-09-08 00:00:00+00:00,24.0,False,False,False,1.076
2015-09-08 00:00:00+00:00,Tuesday,00:00,52552,2015-09-09 00:00:00+00:00,24.0,False,False,False,0.536
2015-09-09 00:00:00+00:00,Wednesday,00:00,97960,2015-09-10 00:00:00+00:00,24.0,False,False,False,0.974
2015-09-10 00:00:00+00:00,Thursday,00:00,100528,2015-09-11 00:00:00+00:00,24.0,False,False,False,2.286
2015-09-11 00:00:00+00:00,Friday,00:00,43984,2015-09-13 00:00:00+00:00,48.0,False,False,False,70.714
2015-09-13 00:00:00+00:00,Sunday,00:00,622,2015-09-14 00:00:00+00:00,24.0,False,False,False,0.015
2015-09-14 00:00:00+00:00,Monday,00:00,40422,2015-09-15 00:00:00+00:00,24.0,False,False,False,1.061
2015-09-15 00:00:00+00:00,Tuesday,00:00,38098,2015-09-16 00:00:00+00:00,24.0,False,False,False,0.403
2015-09-16 00:00:00+00:00,Wednesday,00:00,94490,2015-09-17 00:00:00+00:00,24.0,False,False,False,0.874
2015-09-17 00:00:00+00:00,Thursday,00:00,108077,2015-09-18 00:00:00+00:00,24.0,False,False,False,0.998
2015-09-18 00:00:00+00:00,Friday,00:00,108303,2015-09-20 00:00:00+00:00,48.0,False,False,False,56.822
2015-09-20 00:00:00+00:00,Sunday,00:00,1906,2015-09-21 00:00:00+00:00,24.0,False,False,False,0.027
2015-09-21 00:00:00+00:00,Monday,00:00,71460,2015-09-22 00:00:00+00:00,24.0,False,False,False,0.836
2015-09-22 00:00:00+00:00,Tuesday,00:00,85455,2015-09-23 00:00:00+00:00,24.0,False,False,False,1.075
2015-09-23 00:00:00+00:00,Wednesday,00:00,79487,2015-09-24 00:00:00+00:00,24.0,False,False,False,1.208
2015-09-24 00:00:00+00:00,Thursday,00:00,65816,2015-09-25 00:00:00+00:00,24.0,False,False,False,0.716
2015-09-25 00:00:00+00:00,Friday,00:00,91947,2015-09-27 00:00:00+00:00,48.0,False,False,False,196.889
2015-09-27 00:00:00+00:00,Sunday,00:00,467,2015-09-28 00:00:00+00:00,24.0,False,False,False,0.008
2015-09-28 00:00:00+00:00,Monday,00:00,61641,2015-09-29 00:00:00+00:00,24.0,False,False,False,1.11
2015-09-29 00:00:00+00:00,Tuesday,00:00,55542,2015-09-30 00:00:00+00:00,24.0,False,False,False,0.508
2015-09-30 00:00:00+00:00,Wednesday,00:00,109253,2015-10-01 00:00:00+00:00,24.0,False,False,False,2.245
2015-10-01 00:00:00+00:00,Thursday,00:00,48659,2015-10-02 00:00:00+00:00,24.0,False,False,False,0.412
2015-10-02 00:00:00+00:00,Friday,00:00,118049,2015-10-04 00:00:00+00:00,48.0,False,False,False,122.968
2015-10-04 00:00:00+00:00,Sunday,00:00,960,2015-10-05 00:00:00+00:00,24.0,False,False,False,0.016
2015-10-05 00:00:00+00:00,Monday,00:00,59911,2015-10-06 00:00:00+00:00,24.0,False,False,False,0.625
2015-10-06 00:00:00+00:00,Tuesday,00:00,95927,2015-10-07 00:00:00+00:00,24.0,False,False,False,0.952
2015-10-07 00:00:00+00:00,Wednesday,00:00,100776,2015-10-08 00:00:00+00:00,24.0,False,False,False,0.977
2015-10-08 00:00:00+00:00,Thursday,00:00,103174,2015-10-09 00:00:00+00:00,24.0,False,False,False,0.973
2015-10-09 00:00:00+00:00,Friday,00:00,106083,2015-10-11 00:00:00+00:00,48.0,False,False,False,200.915
2015-10-11 00:00:00+00:00,Sunday,00:00,528,2015-10-12 00:00:00+00:00,24.0,False,False,False,0.011
2015-10-12 00:00:00+00:00,Monday,00:00,46016,2015-10-13 00:00:00+00:00,24.0,False,False,False,0.4
2015-10-13 00:00:00+00:00,Tuesday,00:00,114960,2015-10-14 00:00:00+00:00,24.0,False,False,False,0.947
2015-10-14 00:00:00+00:00,Wednesday,00:00,121384,2015-10-15 00:00:00+00:00,24.0,False,False,False,1.05
2015-10-15 00:00:00+00:00,Thursday,00:00,115586,2015-10-16 00:00:00+00:00,24.0,False,False,False,1.181
2015-10-16 00:00:00+00:00,Friday,00:00,97888,2015-10-18 00:00:00+00:00,48.0,False,False,False,130.692
2015-10-18 00:00:00+00:00,Sunday,00:00,749,2015-10-19 00:00:00+00:00,24.0,False,False,False,0.008
2015-10-19 00:00:00+00:00,Monday,00:00,99772,2015-10-20 00:00:00+00:00,24.0,False,False,False,1.726
2015-10-20 00:00:00+00:00,Tuesday,00:00,57812,2015-10-21 00:00:00+00:00,24.0,False,False,False,0.517
2015-10-21 00:00:00+00:00,Wednesday,00:00,111884,2015-10-22 00:00:00+00:00,24.0,False,False,False,1.034
2015-10-22 00:00:00+00:00,Thursday,00:00,108176,2015-10-23 00:00:00+00:00,24.0,False,False,False,1.541
2015-10-23 00:00:00+00:00,Friday,00:00,70216,2015-10-25 00:00:00+00:00,48.0,False,False,False,70.925
2015-10-25 00:00:00+00:00,Sunday,00:00,990,2015-10-26 00:00:00+00:00,24.0,False,False,False,0.017
2015-10-26 00:00:00+00:00,Monday,00:00,57652,2015-10-27 00:00:00+00:00,24.0,False,False,False,1.071
2015-10-27 00:00:00+00:00,Tuesday,00:00,53850,2015-10-28 00:00:00+00:00,24.0,False,False,False,0.461
2015-10-28 00:00:00+00:00,Wednesday,00:00,116777,2015-10-29 00:00:00+00:00,24.0,False,False,False,1.655
2015-10-29 00:00:00+00:00,Thursday,00:00,70560,2015-10-30 00:00:00+00:00,24.0,False,False,False,1.111
2015-10-30 00:00:00+00:00,Friday,00:00,63517,2015-11-01 00:00:00+00:00,48.0,False,False,False,17.703
2015-11-01 00:00:00+00:00,Sunday,00:00,3588,2015-11-02 00:00:00+00:00,24.0,False,False,False,0.04
2015-11-02 00:00:00+00:00,Monday,00:00,89912,2015-11-03 00:00:00+00:00,24.0,False,False,False,1.521
2015-11-03 00:00:00+00:00,Tuesday,00:00,59119,2015-11-04 00:00:00+00:00,24.0,False,False,False,0.52
2015-11-04 00:00:00+00:00,Wednesday,00:00,113657,2015-11-05 00:00:00+00:00,24.0,False,False,False,1.228
2015-11-05 00:00:00+00:00,Thursday,00:00,92588,2015-11-06 00:00:00+00:00,24.0,False,False,False,0.88
2015-11-06 00:00:00+00:00,Friday,00:00,105223,2015-11-08 00:00:00+00:00,48.0,False,False,False,30.776
2015-11-08 00:00:00+00:00,Sunday,00:00,3419,2015-11-09 00:00:00+00:00,24.0,False,False,False,0.032
2015-11-09 00:00:00+00:00,Monday,00:00,106144,2015-11-10 00:00:00+00:00,24.0,False,False,False,1.345
2015-11-10 00:00:00+00:00,Tuesday,00:00,78931,2015-11-11 00:00:00+00:00,24.0,False,False,False,0.802
2015-11-11 00:00:00+00:00,Wednesday,00:00,98444,2015-11-12 00:00:00+00:00,24.0,False,False,False,0.941
2015-11-12 00:00:00+00:00,Thursday,00:00,104653,2015-11-13 00:00:00+00:00,24.0,False,False,False,1.129
2015-11-13 00:00:00+00:00,Friday,00:00,92668,2015-11-15 00:00:00+00:00,48.0,False,False,False,21.392
2015-11-15 00:00:00+00:00,Sunday,00:00,4332,2015-11-16 00:00:00+00:00,24.0,False,False,False,0.068
2015-11-16 00:00:00+00:00,Monday,00:00,63618,2015-11-17 00:00:00+00:00,24.0,False,False,False,0.955
2015-11-17 00:00:00+00:00,Tuesday,00:00,66647,2015-11-18 00:00:00+00:00,24.0,False,False,False,1.026
2015-11-18 00:00:00+00:00,Wednesday,00:00,64939,2015-11-19 00:00:00+00:00,24.0,False,False,False,0.533
2015-11-19 00:00:00+00:00,Thursday,00:00,121786,2015-11-20 00:00:00+00:00,24.0,False,False,False,2.022
2015-11-20 00:00:00+00:00,Friday,00:00,60218,2015-11-22 00:00:00+00:00,48.0,False,False,False,20.066
2015-11-22 00:00:00+00:00,Sunday,00:00,3001,2015-11-23 00:00:00+00:00,24.0,False,False,False,0.028
2015-11-23 00:00:00+00:00,Monday,00:00,107526,2015-11-24 00:00:00+00:00,24.0,False,False,False,1.006
2015-11-24 00:00:00+00:00,Tuesday,00:00,106861,2015-11-25 00:00:00+00:00,24.0,False,False,False,1.866
2015-11-25 00:00:00+00:00,Wednesday,00:00,57261,2015-11-26 00:00:00+00:00,24.0,False,False,False,1.583
2015-11-26 00:00:00+00:00,Thursday,00:00,36174,2015-11-27 00:00:00+00:00,24.0,False,False,False,0.353
2015-11-27 00:00:00+00:00,Friday,00:00,102409,2015-11-29 00:00:00+00:00,48.0,False,False,False,35.832
2015-11-29 00:00:00+00:00,Sunday,00:00,2858,2015-11-30 00:00:00+00:00,24.0,False,False,False,0.052
2015-11-30 00:00:00+00:00,Monday,00:00,55232,2015-12-01 00:00:00+00:00,24.0,False,False,False,0.518
2015-12-01 00:00:00+00:00,Tuesday,00:00,106592,2015-12-02 00:00:00+00:00,24.0,False,False,False,0.917
2015-12-02 00:00:00+00:00,Wednesday,00:00,116264,2015-12-03 00:00:00+00:00,24.0,False,False,False,0.71
2015-12-03 00:00:00+00:00,Thursday,00:00,163845,2015-12-04 00:00:00+00:00,24.0,False,False,False,1.181
2015-12-04 00:00:00+00:00,Friday,00:00,138720,2015-12-06 00:00:00+00:00,48.0,False,False,False,37.032
2015-12-06 00:00:00+00:00,Sunday,00:00,3746,2015-12-07 00:00:00+00:00,24.0,False,False,False,0.057
2015-12-07 00:00:00+00:00,Monday,00:00,65264,2015-12-08 00:00:00+00:00,24.0,False,False,False,0.915
2015-12-08 00:00:00+00:00,Tuesday,00:00,71338,2015-12-09 00:00:00+00:00,24.0,False,False,False,0.58
2015-12-09 00:00:00+00:00,Wednesday,00:00,123021,2015-12-10 00:00:00+00:00,24.0,False,False,False,2.04
2015-12-10 00:00:00+00:00,Thursday,00:00,60308,2015-12-11 00:00:00+00:00,24.0,False,False,False,0.478
2015-12-11 00:00:00+00:00,Friday,00:00,126107,2015-12-13 00:00:00+00:00,48.0,False,False,False,45.395
2015-12-13 00:00:00+00:00,Sunday,00:00,2778,2015-12-14 00:00:00+00:00,24.0,False,False,False,0.04
2015-12-14 00:00:00+00:00,Monday,00:00,69907,2015-12-15 00:00:00+00:00,24.0,False,False,False,1.03
2015-12-15 00:00:00+00:00,Tuesday,00:00,67849,2015-12-16 00:00:00+00:00,24.0,False,False,False,0.596
2015-12-16 00:00:00+00:00,Wednesday,00:00,113903,2015-12-17 00:00:00+00:00,24.0,False,False,False,0.934
2015-12-17 00:00:00+00:00,Thursday,00:00,121923,2015-12-18 00:00:00+00:00,24.0,False,False,False,1.047
2015-12-18 00:00:00+00:00,Friday,00:00,116448,2015-12-20 00:00:00+00:00,48.0,False,False,False,50.74
2015-12-20 00:00:00+00:00,Sunday,00:00,2295,2015-12-21 00:00:00+00:00,24.0,False,False,False,0.02
2015-12-21 00:00:00+00:00,Monday,00:00,112031,2015-12-22 00:00:00+00:00,24.0,False,False,False,1.172
2015-12-22 00:00:00+00:00,Tuesday,00:00,95588,2015-12-23 00:00:00+00:00,24.0,False,False,False,1.077
2015-12-23 00:00:00+00:00,Wednesday,00:00,88715,2015-12-24 00:00:00+00:00,24.0,False,False,False,2.427
2015-12-24 00:00:00+00:00,Thursday,00:00,36546,2015-12-27 00:00:00+00:00,72.0,False,False,False,16.015
2015-12-27 00:00:00+00:00,Sunday,00:00,2282,2015-12-28 00:00:00+00:00,24.0,False,False,False,0.05
2015-12-28 00:00:00+00:00,Monday,00:00,45596,2015-12-29 00:00:00+00:00,24.0,False,False,False,0.977
2015-12-29 00:00:00+00:00,Tuesday,00:00,46672,2015-12-30 00:00:00+00:00,24.0,False,False,False,1.118
2015-12-30 00:00:00+00:00,Wednesday,00:00,41760,2015-12-31 00:00:00+00:00,24.0,False,False,False,0.487
2015-12-31 00:00:00+00:00,Thursday,00:00,85764,2016-01-03 00:00:00+00:00,72.0,False,False,False,21.968
2016-01-03 00:00:00+00:00,Sunday,00:00,3904,2016-01-04 00:00:00+00:00,24.0,False,False,False,0.034
2016-01-04 00:00:00+00:00,Monday,00:00,114707,2016-01-05 00:00:00+00:00,24.0,False,False,False,1.883
2016-01-05 00:00:00+00:00,Tuesday,00:00,60928,2016-01-06 00:00:00+00:00,24.0,False,False,False,0.832
2016-01-06 00:00:00+00:00,Wednesday,00:00,73208,2016-01-07 00:00:00+00:00,24.0,False,False,False,0.48
2016-01-07 00:00:00+00:00,Thursday,00:00,152617,2016-01-08 00:00:00+00:00,24.0,False,False,False,1.054
2016-01-08 00:00:00+00:00,Friday,00:00,144809,2016-01-10 00:00:00+00:00,48.0,False,False,False,59.251
2016-01-10 00:00:00+00:00,Sunday,00:00,2444,2016-01-11 00:00:00+00:00,24.0,False,False,False,0.018
2016-01-11 00:00:00+00:00,Monday,00:00,133246,2016-01-12 00:00:00+00:00,24.0,False,False,False,1.04
2016-01-12 00:00:00+00:00,Tuesday,00:00,128084,2016-01-13 00:00:00+00:00,24.0,False,False,False,0.978
2016-01-13 00:00:00+00:00,Wednesday,00:00,130933,2016-01-14 00:00:00+00:00,24.0,False,False,False,1.869
2016-01-14 00:00:00+00:00,Thursday,00:00,70068,2016-01-15 00:00:00+00:00,24.0,False,False,False,0.637
2016-01-15 00:00:00+00:00,Friday,00:00,110060,2016-01-17 00:00:00+00:00,48.0,False,False,False,40.613
2016-01-17 00:00:00+00:00,Sunday,00:00,2710,2016-01-18 00:00:00+00:00,24.0,False,False,False,0.059
2016-01-18 00:00:00+00:00,Monday,00:00,45641,2016-01-19 00:00:00+00:00,24.0,False,False,False,0.35
2016-01-19 00:00:00+00:00,Tuesday,00:00,130478,2016-01-20 00:00:00+00:00,24.0,False,False,False,0.804
2016-01-20 00:00:00+00:00,Wednesday,00:00,162316,2016-01-21 00:00:00+00:00,24.0,False,False,False,0.987
2016-01-21 00:00:00+00:00,Thursday,00:00,164527,2016-01-22 00:00:00+00:00,24.0,False,False,False,1.367
2016-01-22 00:00:00+00:00,Friday,00:00,120327,2016-01-24 00:00:00+00:00,48.0,False,False,False,56.545
2016-01-24 00:00:00+00:00,Sunday,00:00,2128,2016-01-25 00:00:00+00:00,24.0,False,False,False,0.019
2016-01-25 00:00:00+00:00,Monday,00:00,111347,2016-01-26 00:00:00+00:00,24.0,False,False,False,1.741
2016-01-26 00:00:00+00:00,Tuesday,00:00,63946,2016-01-27 00:00:00+00:00,24.0,False,False,False,0.507
2016-01-27 00:00:00+00:00,Wednesday,00:00,126151,2016-01-28 00:00:00+00:00,24.0,False,False,False,0.989
2016-01-28 00:00:00+00:00,Thursday,00:00,127534,2016-01-29 00:00:00+00:00,24.0,False,False,False,2.006
2016-01-29 00:00:00+00:00,Friday,00:00,63572,2016-01-31 00:00:00+00:00,48.0,False,False,False,20.96
2016-01-31 00:00:00+00:00,Sunday,00:00,3033,2016-02-01 00:00:00+00:00,24.0,False,False,False,0.036
2016-02-01 00:00:00+00:00,Monday,00:00,83866,2016-02-02 00:00:00+00:00,24.0,False,False,False,0.72
2016-02-02 00:00:00+00:00,Tuesday,00:00,116450,2016-02-03 00:00:00+00:00,24.0,False,False,False,1.196
2016-02-03 00:00:00+00:00,Wednesday,00:00,97369,2016-02-04 00:00:00+00:00,24.0,False,False,False,1.271
2016-02-04 00:00:00+00:00,Thursday,00:00,76579,2016-02-05 00:00:00+00:00,24.0,False,False,False,1.01
2016-02-05 00:00:00+00:00,Friday,00:00,75811,2016-02-07 00:00:00+00:00,48.0,False,False,False,12.269
2016-02-07 00:00:00+00:00,Sunday,00:00,6179,2016-02-08 00:00:00+00:00,24.0,False,False,False,0.077
2016-02-08 00:00:00+00:00,Monday,00:00,80156,2016-02-09 00:00:00+00:00,24.0,False,False,False,0.946
2016-02-09 00:00:00+00:00,Tuesday,00:00,84695,2016-02-10 00:00:00+00:00,24.0,False,False,False,0.56
2016-02-10 00:00:00+00:00,Wednesday,00:00,151284,2016-02-11 00:00:00+00:00,24.0,False,False,False,1.262
2016-02-11 00:00:00+00:00,Thursday,00:00,119847,2016-02-12 00:00:00+00:00,24.0,False,False,False,1.408
2016-02-12 00:00:00+00:00,Friday,00:00,85111,2016-02-14 00:00:00+00:00,48.0,False,False,False,19.418
2016-02-14 00:00:00+00:00,Sunday,00:00,4383,2016-02-15 00:00:00+00:00,24.0,False,False,False,0.073
2016-02-15 00:00:00+00:00,Monday,00:00,60345,2016-02-16 00:00:00+00:00,24.0,False,False,False,0.666
2016-02-16 00:00:00+00:00,Tuesday,00:00,90560,2016-02-17 00:00:00+00:00,24.0,False,False,False,0.683
2016-02-17 00:00:00+00:00,Wednesday,00:00,132659,2016-02-18 00:00:00+00:00,24.0,False,False,False,1.623
2016-02-18 00:00:00+00:00,Thursday,00:00,81753,2016-02-19 00:00:00+00:00,24.0,False,False,False,0.487
2016-02-19 00:00:00+00:00,Friday,00:00,167975,2016-02-21 00:00:00+00:00,48.0,False,False,False,29.857
2016-02-21 00:00:00+00:00,Sunday,00:00,5626,2016-02-22 00:00:00+00:00,24.0,False,False,False,0.035
2016-02-22 00:00:00+00:00,Monday,00:00,158567,2016-02-23 00:00:00+00:00,24.0,False,False,False,0.996
2016-02-23 00:00:00+00:00,Tuesday,00:00,159151,2016-02-24 00:00:00+00:00,24.0,False,False,False,1.622
2016-02-24 00:00:00+00:00,Wednesday,00:00,98135,2016-02-25 00:00:00+00:00,24.0,False,False,False,1.013
2016-02-25 00:00:00+00:00,Thursday,00:00,96851,2016-02-26 00:00:00+00:00,24.0,False,False,False,0.757
2016-02-26 00:00:00+00:00,Friday,00:00,128023,2016-02-28 00:00:00+00:00,48.0,False,False,False,23.499
2016-02-28 00:00:00+00:00,Sunday,00:00,5448,2016-02-29 00:00:00+00:00,24.0,False,False,False,0.034
2016-02-29 00:00:00+00:00,Monday,00:00,161393,2016-03-01 00:00:00+00:00,24.0,False,False,False,1.821
2016-03-01 00:00:00+00:00,Tuesday,00:00,88648,2016-03-02 00:00:00+00:00,24.0,False,False,False,0.609
2016-03-02 00:00:00+00:00,Wednesday,00:00,145670,2016-03-03 00:00:00+00:00,24.0,False,False,False,0.952
2016-03-03 00:00:00+00:00,Thursday,00:00,153063,2016-03-04 00:00:00+00:00,24.0,False,False,False,1.006
2016-03-04 00:00:00+00:00,Friday,00:00,152186,2016-03-06 00:00:00+00:00,48.0,False,False,False,30.136
2016-03-06 00:00:00+00:00,Sunday,00:00,5050,2016-03-07 00:00:00+00:00,24.0,False,False,False,0.032
2016-03-07 00:00:00+00:00,Monday,00:00,159378,2016-03-08 00:00:00+00:00,24.0,False,False,False,1.859
2016-03-08 00:00:00+00:00,Tuesday,00:00,85751,2016-03-09 00:00:00+00:00,24.0,False,False,False,1.085
2016-03-09 00:00:00+00:00,Wednesday,00:00,79021,2016-03-10 00:00:00+00:00,24.0,False,False,False,0.563
2016-03-10 00:00:00+00:00,Thursday,00:00,140300,2016-03-11 00:00:00+00:00,24.0,False,False,False,0.974
2016-03-11 00:00:00+00:00,Friday,00:00,144057,2016-03-13 00:00:00+00:00,48.0,False,False,False,42.432
2016-03-13 00:00:00+00:00,Sunday,00:00,3395,2016-03-14 00:00:00+00:00,24.0,False,False,False,0.025
2016-03-14 00:00:00+00:00,Monday,00:00,135157,2016-03-15 00:00:00+00:00,24.0,False,False,False,1.868
2016-03-15 00:00:00+00:00,Tuesday,00:00,72358,2016-03-16 00:00:00+00:00,24.0,False,False,False,0.759
2016-03-16 00:00:00+00:00,Wednesday,00:00,95385,2016-03-17 00:00:00+00:00,24.0,False,False,False,0.602
2016-03-17 00:00:00+00:00,Thursday,00:00,158485,2016-03-18 00:00:00+00:00,24.0,False,False,False,2.219
2016-03-18 00:00:00+00:00,Friday,00:00,71415,2016-03-20 00:00:00+00:00,48.0,False,False,False,21.634
2016-03-20 00:00:00+00:00,Sunday,00:00,3301,2016-03-21 00:00:00+00:00,24.0,False,False,False,0.03
2016-03-21 00:00:00+00:00,Monday,00:00,108768,2016-03-22 00:00:00+00:00,24.0,False,False,False,1.273
2016-03-22 00:00:00+00:00,Tuesday,00:00,85428,2016-03-23 00:00:00+00:00,24.0,False,False,False,0.741
2016-03-23 00:00:00+00:00,Wednesday,00:00,115290,2016-03-24 00:00:00+00:00,24.0,False,False,False,1.148
2016-03-24 00:00:00+00:00,Thursday,00:00,100425,2016-03-25 00:00:00+00:00,24.0,False,False,False,50212.5
2016-03-25 00:00:00+00:00,Friday,00:00,2,2016-03-27 00:00:00+00:00,48.0,False,False,False,0.004
2016-03-27 00:00:00+00:00,Sunday,00:00,545,2016-03-28 00:00:00+00:00,24.0,False,False,False,0.007
2016-03-28 00:00:00+00:00,Monday,00:00,81194,2016-03-29 00:00:00+00:00,24.0,False,False,False,0.611
2016-03-29 00:00:00+00:00,Tuesday,00:00,132912,2016-03-30 00:00:00+00:00,24.0,False,False,False,1.104
2016-03-30 00:00:00+00:00,Wednesday,00:00,120384,2016-03-31 00:00:00+00:00,24.0,False,False,False,1.05
2016-03-31 00:00:00+00:00,Thursday,00:00,114624,2016-04-01 00:00:00+00:00,24.0,False,False,False,0.954
2016-04-01 00:00:00+00:00,Friday,00:00,120143,2016-04-03 00:00:00+00:00,48.0,False,False,False,71.77
2016-04-03 00:00:00+00:00,Sunday,00:00,1674,2016-04-04 00:00:00+00:00,24.0,False,False,False,0.016
2016-04-04 00:00:00+00:00,Monday,00:00,106630,2016-04-05 00:00:00+00:00,24.0,False,False,False,0.872
2016-04-05 00:00:00+00:00,Tuesday,00:00,122230,2016-04-06 00:00:00+00:00,24.0,False,False,False,1.059
2016-04-06 00:00:00+00:00,Wednesday,00:00,115370,2016-04-07 00:00:00+00:00,24.0,False,False,False,0.984
2016-04-07 00:00:00+00:00,Thursday,00:00,117292,2016-04-08 00:00:00+00:00,24.0,False,False,False,1.142
2016-04-08 00:00:00+00:00,Friday,00:00,102738,2016-04-10 00:00:00+00:00,48.0,False,False,False,26.853
2016-04-10 00:00:00+00:00,Sunday,00:00,3826,2016-04-11 00:00:00+00:00,24.0,False,False,False,0.043
2016-04-11 00:00:00+00:00,Monday,00:00,88794,2016-04-12 00:00:00+00:00,24.0,False,False,False,0.848
2016-04-12 00:00:00+00:00,Tuesday,00:00,104707,2016-04-13 00:00:00+00:00,24.0,False,False,False,0.979
2016-04-13 00:00:00+00:00,Wednesday,00:00,106984,2016-04-14 00:00:00+00:00,24.0,False,False,False,0.877
2016-04-14 00:00:00+00:00,Thursday,00:00,121936,2016-04-15 00:00:00+00:00,24.0,False,False,False,1.254
2016-04-15 00:00:00+00:00,Friday,00:00,97254,2016-04-17 00:00:00+00:00,48.0,False,False,False,63.07
2016-04-17 00:00:00+00:00,Sunday,00:00,1542,2016-04-18 00:00:00+00:00,24.0,False,False,False,0.016
2016-04-18 00:00:00+00:00,Monday,00:00,99314,2016-04-19 00:00:00+00:00,24.0,False,False,False,0.835
2016-04-19 00:00:00+00:00,Tuesday,00:00,118981,2016-04-20 00:00:00+00:00,24.0,False,False,False,1.03
2016-04-20 00:00:00+00:00,Wednesday,00:00,115521,2016-04-21 00:00:00+00:00,24.0,False,False,False,0.894
2016-04-21 00:00:00+00:00,Thursday,00:00,129180,2016-04-22 00:00:00+00:00,24.0,False,False,False,1.159
2016-04-22 00:00:00+00:00,Friday,00:00,111452,2016-04-24 00:00:00+00:00,48.0,False,False,False,31.871
2016-04-24 00:00:00+00:00,Sunday,00:00,3497,2016-04-25 00:00:00+00:00,24.0,False,False,False,0.035
2016-04-25 00:00:00+00:00,Monday,00:00,99222,2016-04-26 00:00:00+00:00,24.0,False,False,False,0.927
2016-04-26 00:00:00+00:00,Tuesday,00:00,107033,2016-04-27 00:00:00+00:00,24.0,False,False,False,0.938
2016-04-27 00:00:00+00:00,Wednesday,00:00,114105,2016-04-28 00:00:00+00:00,24.0,False,False,False,0.894
2016-04-28 00:00:00+00:00,Thursday,00:00,127689,2016-04-29 00:00:00+00:00,24.0,False,False,False,1.087
2016-04-29 00:00:00+00:00,Friday,00:00,117427,2016-05-01 00:00:00+00:00,48.0,False,False,False,52.587
2016-05-01 00:00:00+00:00,Sunday,00:00,2233,2016-05-02 00:00:00+00:00,24.0,False,False,False,0.02
2016-05-02 00:00:00+00:00,Monday,00:00,112628,2016-05-03 00:00:00+00:00,24.0,False,False,False,0.985
2016-05-03 00:00:00+00:00,Tuesday,00:00,114329,2016-05-04 00:00:00+00:00,24.0,False,False,False,1.017
2016-05-04 00:00:00+00:00,Wednesday,00:00,112412,2016-05-05 00:00:00+00:00,24.0,False,False,False,1.028
2016-05-05 00:00:00+00:00,Thursday,00:00,109301,2016-05-06 00:00:00+00:00,24.0,False,False,False,0.963
2016-05-06 00:00:00+00:00,Friday,00:00,113454,2016-05-08 00:00:00+00:00,48.0,False,False,False,37.345
2016-05-08 00:00:00+00:00,Sunday,00:00,3038,2016-05-09 00:00:00+00:00,24.0,False,False,False,0.027
2016-05-09 00:00:00+00:00,Monday,00:00,110478,2016-05-10 00:00:00+00:00,24.0,False,False,False,1.08
2016-05-10 00:00:00+00:00,Tuesday,00:00,102252,2016-05-11 00:00:00+00:00,24.0,False,False,False,1.006
2016-05-11 00:00:00+00:00,Wednesday,00:00,101603,2016-05-12 00:00:00+00:00,24.0,False,False,False,0.925
2016-05-12 00:00:00+00:00,Thursday,00:00,109891,2016-05-13 00:00:00+00:00,24.0,False,False,False,1.711
2016-05-13 00:00:00+00:00,Friday,00:00,64235,2016-05-15 00:00:00+00:00,48.0,False,False,False,19.29
2016-05-15 00:00:00+00:00,Sunday,00:00,3330,2016-05-16 00:00:00+00:00,24.0,False,False,False,0.032
2016-05-16 00:00:00+00:00,Monday,00:00,103171,2016-05-17 00:00:00+00:00,24.0,False,False,False,1.153
2016-05-17 00:00:00+00:00,Tuesday,00:00,89498,2016-05-18 00:00:00+00:00,24.0,False,False,False,0.763
2016-05-18 00:00:00+00:00,Wednesday,00:00,117335,2016-05-19 00:00:00+00:00,24.0,False,False,False,0.99
2016-05-19 00:00:00+00:00,Thursday,00:00,118562,2016-05-20 00:00:00+00:00,24.0,False,False,False,1.332
2016-05-20 00:00:00+00:00,Friday,00:00,89023,2016-05-22 00:00:00+00:00,48.0,False,False,False,84.865
2016-05-22 00:00:00+00:00,Sunday,00:00,1049,2016-05-23 00:00:00+00:00,24.0,False,False,False,0.01
2016-05-23 00:00:00+00:00,Monday,00:00,102247,2016-05-24 00:00:00+00:00,24.0,False,False,False,0.959
2016-05-24 00:00:00+00:00,Tuesday,00:00,106635,2016-05-25 00:00:00+00:00,24.0,False,False,False,0.936
2016-05-25 00:00:00+00:00,Wednesday,00:00,113900,2016-05-26 00:00:00+00:00,24.0,False,False,False,1.055
2016-05-26 00:00:00+00:00,Thursday,00:00,107932,2016-05-27 00:00:00+00:00,24.0,False,False,False,1.023
2016-05-27 00:00:00+00:00,Friday,00:00,105504,2016-05-29 00:00:00+00:00,48.0,False,False,False,26.832
2016-05-29 00:00:00+00:00,Sunday,00:00,3932,2016-05-30 00:00:00+00:00,24.0,False,False,False,0.061
2016-05-30 00:00:00+00:00,Monday,00:00,64776,2016-05-31 00:00:00+00:00,24.0,False,False,False,0.656
2016-05-31 00:00:00+00:00,Tuesday,00:00,98683,2016-06-01 00:00:00+00:00,24.0,False,False,False,1.048
2016-06-01 00:00:00+00:00,Wednesday,00:00,94200,2016-06-02 00:00:00+00:00,24.0,False,False,False,1.061
2016-06-02 00:00:00+00:00,Thursday,00:00,88782,2016-06-03 00:00:00+00:00,24.0,False,False,False,0.864
2016-06-03 00:00:00+00:00,Friday,00:00,102708,2016-06-05 00:00:00+00:00,48.0,False,False,False,48.585
2016-06-05 00:00:00+00:00,Sunday,00:00,2114,2016-06-06 00:00:00+00:00,24.0,False,False,False,0.023
2016-06-06 00:00:00+00:00,Monday,00:00,92455,2016-06-07 00:00:00+00:00,24.0,False,False,False,1.102
2016-06-07 00:00:00+00:00,Tuesday,00:00,83905,2016-06-08 00:00:00+00:00,24.0,False,False,False,0.859
2016-06-08 00:00:00+00:00,Wednesday,00:00,97723,2016-06-09 00:00:00+00:00,24.0,False,False,False,1.12
2016-06-09 00:00:00+00:00,Thursday,00:00,87270,2016-06-10 00:00:00+00:00,24.0,False,False,False,1.662
2016-06-10 00:00:00+00:00,Friday,00:00,52514,2016-06-12 00:00:00+00:00,48.0,False,False,False,33.174
2016-06-12 00:00:00+00:00,Sunday,00:00,1583,2016-06-13 00:00:00+00:00,24.0,False,False,False,0.017
2016-06-13 00:00:00+00:00,Monday,00:00,95586,2016-06-14 00:00:00+00:00,24.0,False,False,False,1.07
2016-06-14 00:00:00+00:00,Tuesday,00:00,89311,2016-06-15 00:00:00+00:00,24.0,False,False,False,1.105
2016-06-15 00:00:00+00:00,Wednesday,00:00,80861,2016-06-16 00:00:00+00:00,24.0,False,False,False,0.809
2016-06-16 00:00:00+00:00,Thursday,00:00,99973,2016-06-17 00:00:00+00:00,24.0,False,False,False,1.603
2016-06-17 00:00:00+00:00,Friday,00:00,62355,2016-06-19 00:00:00+00:00,48.0,False,False,False,26.233
2016-06-19 00:00:00+00:00,Sunday,00:00,2377,2016-06-20 00:00:00+00:00,24.0,False,False,False,0.032
2016-06-20 00:00:00+00:00,Monday,00:00,75184,2016-06-21 00:00:00+00:00,24.0,False,False,False,1.081
2016-06-21 00:00:00+00:00,Tuesday,00:00,69537,2016-06-22 00:00:00+00:00,24.0,False,False,False,0.834
2016-06-22 00:00:00+00:00,Wednesday,00:00,83370,2016-06-23 00:00:00+00:00,24.0,False,False,False,0.762
2016-06-23 00:00:00+00:00,Thursday,00:00,109438,2016-06-24 00:00:00+00:00,24.0,False,False,False,0.459
2016-06-24 00:00:00+00:00,Friday,00:00,238587,2016-06-26 00:00:00+00:00,48.0,False,False,False,36.024
2016-06-26 00:00:00+00:00,Sunday,00:00,6623,2016-06-27 00:00:00+00:00,24.0,False,False,False,0.047
2016-06-27 00:00:00+00:00,Monday,00:00,139986,2016-06-28 00:00:00+00:00,24.0,False,False,False,1.866
2016-06-28 00:00:00+00:00,Tuesday,00:00,75006,2016-06-29 00:00:00+00:00,24.0,False,False,False,0.75
2016-06-29 00:00:00+00:00,Wednesday,00:00,100057,2016-06-30 00:00:00+00:00,24.0,False,False,False,1.465
2016-06-30 00:00:00+00:00,Thursday,00:00,68296,2016-07-01 00:00:00+00:00,24.0,False,False,False,0.823
2016-07-01 00:00:00+00:00,Friday,00:00,82983,2016-07-03 00:00:00+00:00,48.0,False,False,False,26.572
2016-07-03 00:00:00+00:00,Sunday,00:00,3123,2016-07-04 00:00:00+00:00,24.0,False,False,False,0.042
2016-07-04 00:00:00+00:00,Monday,00:00,74831,2016-07-05 00:00:00+00:00,24.0,False,False,False,0.273
2016-07-05 00:00:00+00:00,Tuesday,00:00,274538,2016-07-06 00:00:00+00:00,24.0,False,False,False,1.931
2016-07-06 00:00:00+00:00,Wednesday,00:00,142143,2016-07-07 00:00:00+00:00,24.0,False,False,False,1.643
2016-07-07 00:00:00+00:00,Thursday,00:00,86489,2016-07-08 00:00:00+00:00,24.0,False,False,False,0.858
2016-07-08 00:00:00+00:00,Friday,00:00,100748,2016-07-10 00:00:00+00:00,48.0,False,False,False,65.72
2016-07-10 00:00:00+00:00,Sunday,00:00,1533,2016-07-11 00:00:00+00:00,24.0,False,False,False,0.015
2016-07-11 00:00:00+00:00,Monday,00:00,101463,2016-07-12 00:00:00+00:00,24.0,False,False,False,1.026
2016-07-12 00:00:00+00:00,Tuesday,00:00,98869,2016-07-13 00:00:00+00:00,24.0,False,False,False,1.042
2016-07-13 00:00:00+00:00,Wednesday,00:00,94866,2016-07-14 00:00:00+00:00,24.0,False,False,False,0.921
2016-07-14 00:00:00+00:00,Thursday,00:00,102953,2016-07-15 00:00:00+00:00,24.0,False,False,False,1.164
2016-07-15 00:00:00+00:00,Friday,00:00,88447,2016-07-17 00:00:00+00:00,48.0,False,False,False,35.896
2016-07-17 00:00:00+00:00,Sunday,00:00,2464,2016-07-18 00:00:00+00:00,24.0,False,False,False,0.032
2016-07-18 00:00:00+00:00,Monday,00:00,77443,2016-07-19 00:00:00+00:00,24.0,False,False,False,1.29
2016-07-19 00:00:00+00:00,Tuesday,00:00,60020,2016-07-20 00:00:00+00:00,24.0,False,False,False,0.832
2016-07-20 00:00:00+00:00,Wednesday,00:00,72156,2016-07-21 00:00:00+00:00,24.0,False,False,False,0.89
2016-07-21 00:00:00+00:00,Thursday,00:00,81036,2016-07-22 00:00:00+00:00,24.0,False,False,False,1.101
2016-07-22 00:00:00+00:00,Friday,00:00,73585,2016-07-24 00:00:00+00:00,48.0,False,False,False,27.183
2016-07-24 00:00:00+00:00,Sunday,00:00,2707,2016-07-25 00:00:00+00:00,24.0,False,False,False,0.039
2016-07-25 00:00:00+00:00,Monday,00:00,69157,2016-07-26 00:00:00+00:00,24.0,False,False,False,1.033
2016-07-26 00:00:00+00:00,Tuesday,00:00,66923,2016-07-27 00:00:00+00:00,24.0,False,False,False,0.921
2016-07-27 00:00:00+00:00,Wednesday,00:00,72678,2016-07-28 00:00:00+00:00,24.0,False,False,False,0.951
2016-07-28 00:00:00+00:00,Thursday,00:00,76396,2016-07-29 00:00:00+00:00,24.0,False,False,False,1.878
2016-07-29 00:00:00+00:00,Friday,00:00,40679,2016-07-31 00:00:00+00:00,48.0,False,False,False,12.59
2016-07-31 00:00:00+00:00,Sunday,00:00,3231,2016-08-01 00:00:00+00:00,24.0,False,False,False,0.049
2016-08-01 00:00:00+00:00,Monday,00:00,66572,2016-08-02 00:00:00+00:00,24.0,False,False,False,0.953
2016-08-02 00:00:00+00:00,Tuesday,00:00,69877,2016-08-03 00:00:00+00:00,24.0,False,False,False,1.041
2016-08-03 00:00:00+00:00,Wednesday,00:00,67118,2016-08-04 00:00:00+00:00,24.0,False,False,False,0.88
2016-08-04 00:00:00+00:00,Thursday,00:00,76249,2016-08-05 00:00:00+00:00,24.0,False,False,False,0.978
2016-08-05 00:00:00+00:00,Friday,00:00,77935,2016-08-07 00:00:00+00:00,48.0,False,False,False,19.186
2016-08-07 00:00:00+00:00,Sunday,00:00,4062,2016-08-08 00:00:00+00:00,24.0,False,False,False,0.059
2016-08-08 00:00:00+00:00,Monday,00:00,68750,2016-08-09 00:00:00+00:00,24.0,False,False,False,1.05
2016-08-09 00:00:00+00:00,Tuesday,00:00,65499,2016-08-10 00:00:00+00:00,24.0,False,False,False,0.852
2016-08-10 00:00:00+00:00,Wednesday,00:00,76894,2016-08-11 00:00:00+00:00,24.0,False,False,False,1.068
2016-08-11 00:00:00+00:00,Thursday,00:00,72013,2016-08-12 00:00:00+00:00,24.0,False,False,False,0.886
2016-08-12 00:00:00+00:00,Friday,00:00,81262,2016-08-14 00:00:00+00:00,48.0,False,False,False,24.113
2016-08-14 00:00:00+00:00,Sunday,00:00,3370,2016-08-15 00:00:00+00:00,24.0,False,False,False,0.051
2016-08-15 00:00:00+00:00,Monday,00:00,66107,2016-08-16 00:00:00+00:00,24.0,False,False,False,0.8
2016-08-16 00:00:00+00:00,Tuesday,00:00,82665,2016-08-17 00:00:00+00:00,24.0,False,False,False,1.04
2016-08-17 00:00:00+00:00,Wednesday,00:00,79456,2016-08-18 00:00:00+00:00,24.0,False,False,False,0.962
2016-08-18 00:00:00+00:00,Thursday,00:00,82622,2016-08-19 00:00:00+00:00,24.0,False,False,False,1.1
2016-08-19 00:00:00+00:00,Friday,00:00,75121,2016-08-21 00:00:00+00:00,48.0,False,False,False,20.7
2016-08-21 00:00:00+00:00,Sunday,00:00,3629,2016-08-22 00:00:00+00:00,24.0,False,False,False,0.044
2016-08-22 00:00:00+00:00,Monday,00:00,82799,2016-08-23 00:00:00+00:00,24.0,False,False,False,1.1
2016-08-23 00:00:00+00:00,Tuesday,00:00,75273,2016-08-24 00:00:00+00:00,24.0,False,False,False,1.21
2016-08-24 00:00:00+00:00,Wednesday,00:00,62197,2016-08-25 00:00:00+00:00,24.0,False,False,False,1.389
2016-08-25 00:00:00+00:00,Thursday,00:00,44785,2016-08-26 00:00:00+00:00,24.0,False,False,False,0.572
2016-08-26 00:00:00+00:00,Friday,00:00,78285,2016-08-28 00:00:00+00:00,48.0,False,False,False,29.167
2016-08-28 00:00:00+00:00,Sunday,00:00,2684,2016-08-29 00:00:00+00:00,24.0,False,False,False,0.036
2016-08-29 00:00:00+00:00,Monday,00:00,75534,2016-08-30 00:00:00+00:00,24.0,False,False,False,1.001
2016-08-30 00:00:00+00:00,Tuesday,00:00,75422,2016-08-31 00:00:00+00:00,24.0,False,False,False,1.082
2016-08-31 00:00:00+00:00,Wednesday,00:00,69695,2016-09-01 00:00:00+00:00,24.0,False,False,False,0.965
2016-09-01 00:00:00+00:00,Thursday,00:00,72243,2016-09-02 00:00:00+00:00,24.0,False,False,False,0.758
2016-09-02 00:00:00+00:00,Friday,00:00,95312,2016-09-04 00:00:00+00:00,48.0,False,False,False,35.327
2016-09-04 00:00:00+00:00,Sunday,00:00,2698,2016-09-05 00:00:00+00:00,24.0,False,False,False,0.054
2016-09-05 00:00:00+00:00,Monday,00:00,50378,2016-09-06 00:00:00+00:00,24.0,False,False,False,0.638
2016-09-06 00:00:00+00:00,Tuesday,00:00,79009,2016-09-07 00:00:00+00:00,24.0,False,False,False,1.054
2016-09-07 00:00:00+00:00,Wednesday,00:00,74935,2016-09-08 00:00:00+00:00,24.0,False,False,False,0.937
2016-09-08 00:00:00+00:00,Thursday,00:00,79966,2016-09-09 00:00:00+00:00,24.0,False,False,False,1.1
2016-09-09 00:00:00+00:00,Friday,00:00,72710,2016-09-11 00:00:00+00:00,48.0,False,False,False,17.704
2016-09-11 00:00:00+00:00,Sunday,00:00,4107,2016-09-12 00:00:00+00:00,24.0,False,False,False,0.049
2016-09-12 00:00:00+00:00,Monday,00:00,84315,2016-09-13 00:00:00+00:00,24.0,False,False,False,0.956
2016-09-13 00:00:00+00:00,Tuesday,00:00,88204,2016-09-14 00:00:00+00:00,24.0,False,False,False,1.144
2016-09-14 00:00:00+00:00,Wednesday,00:00,77106,2016-09-15 00:00:00+00:00,24.0,False,False,False,0.946
2016-09-15 00:00:00+00:00,Thursday,00:00,81479,2016-09-16 00:00:00+00:00,24.0,False,False,False,1.183
2016-09-16 00:00:00+00:00,Friday,00:00,68853,2016-09-18 00:00:00+00:00,48.0,False,False,False,17.921
2016-09-18 00:00:00+00:00,Sunday,00:00,3842,2016-09-19 00:00:00+00:00,24.0,False,False,False,0.058
2016-09-19 00:00:00+00:00,Monday,00:00,66390,2016-09-20 00:00:00+00:00,24.0,False,False,False,1.126
2016-09-20 00:00:00+00:00,Tuesday,00:00,58937,2016-09-21 00:00:00+00:00,24.0,False,False,False,0.987
2016-09-21 00:00:00+00:00,Wednesday,00:00,59716,2016-09-22 00:00:00+00:00,24.0,False,False,False,0.788
2016-09-22 00:00:00+00:00,Thursday,00:00,75814,2016-09-23 00:00:00+00:00,24.0,False,False,False,1.185
2016-09-23 00:00:00+00:00,Friday,00:00,63982,2016-09-25 00:00:00+00:00,48.0,False,False,False,38.062
2016-09-25 00:00:00+00:00,Sunday,00:00,1681,2016-09-26 00:00:00+00:00,24.0,False,False,False,0.024
2016-09-26 00:00:00+00:00,Monday,00:00,69894,2016-09-27 00:00:00+00:00,24.0,False,False,False,0.934
2016-09-27 00:00:00+00:00,Tuesday,00:00,74819,2016-09-28 00:00:00+00:00,24.0,False,False,False,1.056
2016-09-28 00:00:00+00:00,Wednesday,00:00,70863,2016-09-29 00:00:00+00:00,24.0,False,False,False,0.994
2016-09-29 00:00:00+00:00,Thursday,00:00,71256,2016-09-30 00:00:00+00:00,24.0,False,False,False,0.941
2016-09-30 00:00:00+00:00,Friday,00:00,75700,2016-10-02 00:00:00+00:00,48.0,False,False,False,28.588
2016-10-02 00:00:00+00:00,Sunday,00:00,2648,2016-10-03 00:00:00+00:00,24.0,False,False,False,0.039
2016-10-03 00:00:00+00:00,Monday,00:00,67727,2016-10-04 00:00:00+00:00,24.0,False,False,False,0.745
2016-10-04 00:00:00+00:00,Tuesday,00:00,90917,2016-10-05 00:00:00+00:00,24.0,False,False,False,1.219
2016-10-05 00:00:00+00:00,Wednesday,00:00,74596,2016-10-06 00:00:00+00:00,24.0,False,False,False,1.034
2016-10-06 00:00:00+00:00,Thursday,00:00,72133,2016-10-07 00:00:00+00:00,24.0,False,False,False,0.912
2016-10-07 00:00:00+00:00,Friday,00:00,79062,2016-10-09 00:00:00+00:00,48.0,False,False,False,24.746
2016-10-09 00:00:00+00:00,Sunday,00:00,3195,2016-10-10 00:00:00+00:00,24.0,False,False,False,0.057
2016-10-10 00:00:00+00:00,Monday,00:00,56437,2016-10-11 00:00:00+00:00,24.0,False,False,False,0.795
2016-10-11 00:00:00+00:00,Tuesday,00:00,70967,2016-10-12 00:00:00+00:00,24.0,False,False,False,1.064
2016-10-12 00:00:00+00:00,Wednesday,00:00,66684,2016-10-13 00:00:00+00:00,24.0,False,False,False,0.974
2016-10-13 00:00:00+00:00,Thursday,00:00,68437,2016-10-14 00:00:00+00:00,24.0,False,False,False,1.012
2016-10-14 00:00:00+00:00,Friday,00:00,67649,2016-10-16 00:00:00+00:00,48.0,False,False,False,40.777
2016-10-16 00:00:00+00:00,Sunday,00:00,1659,2016-10-17 00:00:00+00:00,24.0,False,False,False,0.027
2016-10-17 00:00:00+00:00,Monday,00:00,60792,2016-10-18 00:00:00+00:00,24.0,False,False,False,0.996
2016-10-18 00:00:00+00:00,Tuesday,00:00,61019,2016-10-19 00:00:00+00:00,24.0,False,False,False,0.986
2016-10-19 00:00:00+00:00,Wednesday,00:00,61862,2016-10-20 00:00:00+00:00,24.0,False,False,False,1.095
2016-10-20 00:00:00+00:00,Thursday,00:00,56475,2016-10-21 00:00:00+00:00,24.0,False,False,False,1.163
2016-10-21 00:00:00+00:00,Friday,00:00,48559,2016-10-23 00:00:00+00:00,48.0,False,False,False,25.816
2016-10-23 00:00:00+00:00,Sunday,00:00,1881,2016-10-24 00:00:00+00:00,24.0,False,False,False,0.032
2016-10-24 00:00:00+00:00,Monday,00:00,59024,2016-10-25 00:00:00+00:00,24.0,False,False,False,0.956
2016-10-25 00:00:00+00:00,Tuesday,00:00,61740,2016-10-26 00:00:00+00:00,24.0,False,False,False,1.004
2016-10-26 00:00:00+00:00,Wednesday,00:00,61466,2016-10-27 00:00:00+00:00,24.0,False,False,False,0.973
2016-10-27 00:00:00+00:00,Thursday,00:00,63191,2016-10-28 00:00:00+00:00,24.0,False,False,False,0.925
2016-10-28 00:00:00+00:00,Friday,00:00,68341,2016-10-30 00:00:00+00:00,48.0,False,False,False,38.137
2016-10-30 00:00:00+00:00,Sunday,00:00,1792,2016-10-31 00:00:00+00:00,24.0,False,False,False,0.036
2016-10-31 00:00:00+00:00,Monday,00:00,50260,2016-11-01 00:00:00+00:00,24.0,False,False,False,0.671
2016-11-01 00:00:00+00:00,Tuesday,00:00,74894,2016-11-02 00:00:00+00:00,24.0,False,False,False,0.913
2016-11-02 00:00:00+00:00,Wednesday,00:00,82039,2016-11-03 00:00:00+00:00,24.0,False,False,False,0.962
2016-11-03 00:00:00+00:00,Thursday,00:00,85247,2016-11-04 00:00:00+00:00,24.0,False,False,False,1.187
2016-11-04 00:00:00+00:00,Friday,00:00,71793,2016-11-06 00:00:00+00:00,48.0,False,False,False,13.788
2016-11-06 00:00:00+00:00,Sunday,00:00,5207,2016-11-07 00:00:00+00:00,24.0,False,False,False,0.068
2016-11-07 00:00:00+00:00,Monday,00:00,76558,2016-11-08 00:00:00+00:00,24.0,False,False,False,0.967
2016-11-08 00:00:00+00:00,Tuesday,00:00,79132,2016-11-09 00:00:00+00:00,24.0,False,False,False,0.428
2016-11-09 00:00:00+00:00,Wednesday,00:00,184826,2016-11-10 00:00:00+00:00,24.0,False,False,False,1.6
2016-11-10 00:00:00+00:00,Thursday,00:00,115541,2016-11-11 00:00:00+00:00,24.0,False,False,False,0.975
2016-11-11 00:00:00+00:00,Friday,00:00,118487,2016-11-13 00:00:00+00:00,48.0,False,False,False,27.263
2016-11-13 00:00:00+00:00,Sunday,00:00,4346,2016-11-14 00:00:00+00:00,24.0,False,False,False,0.036
2016-11-14 00:00:00+00:00,Monday,00:00,120471,2016-11-15 00:00:00+00:00,24.0,False,False,False,1.289
2016-11-15 00:00:00+00:00,Tuesday,00:00,93438,2016-11-16 00:00:00+00:00,24.0,False,False,False,1.1
2016-11-16 00:00:00+00:00,Wednesday,00:00,84912,2016-11-17 00:00:00+00:00,24.0,False,False,False,0.941
2016-11-17 00:00:00+00:00,Thursday,00:00,90202,2016-11-18 00:00:00+00:00,24.0,False,False,False,1.021
2016-11-18 00:00:00+00:00,Friday,00:00,88384,2016-11-20 00:00:00+00:00,48.0,False,False,False,46.913
2016-11-20 00:00:00+00:00,Sunday,00:00,1884,2016-11-21 00:00:00+00:00,24.0,False,False,False,0.024
2016-11-21 00:00:00+00:00,Monday,00:00,78409,2016-11-22 00:00:00+00:00,24.0,False,False,False,0.994
2016-11-22 00:00:00+00:00,Tuesday,00:00,78898,2016-11-23 00:00:00+00:00,24.0,False,False,False,1.022
2016-11-23 00:00:00+00:00,Wednesday,00:00,77203,2016-11-24 00:00:00+00:00,24.0,False,False,False,1.303
2016-11-24 00:00:00+00:00,Thursday,00:00,59245,2016-11-25 00:00:00+00:00,24.0,False,False,False,0.76
2016-11-25 00:00:00+00:00,Friday,00:00,77909,2016-11-27 00:00:00+00:00,48.0,False,False,False,36.924
2016-11-27 00:00:00+00:00,Sunday,00:00,2110,2016-11-28 00:00:00+00:00,24.0,False,False,False,0.024
2016-11-28 00:00:00+00:00,Monday,00:00,88240,2016-11-29 00:00:00+00:00,24.0,False,False,False,1.066
2016-11-29 00:00:00+00:00,Tuesday,00:00,82797,2016-11-30 00:00:00+00:00,24.0,False,False,False,0.922
2016-11-30 00:00:00+00:00,Wednesday,00:00,89772,2016-12-01 00:00:00+00:00,24.0,False,False,False,0.977
2016-12-01 00:00:00+00:00,Thursday,00:00,91861,2016-12-02 00:00:00+00:00,24.0,False,False,False,1.171
2016-12-02 00:00:00+00:00,Friday,00:00,78468,2016-12-04 00:00:00+00:00,48.0,False,False,False,19.129
2016-12-04 00:00:00+00:00,Sunday,00:00,4102,2016-12-05 00:00:00+00:00,24.0,False,False,False,0.043
2016-12-05 00:00:00+00:00,Monday,00:00,94353,2016-12-06 00:00:00+00:00,24.0,False,False,False,1.273
2016-12-06 00:00:00+00:00,Tuesday,00:00,74090,2016-12-07 00:00:00+00:00,24.0,False,False,False,1.053
2016-12-07 00:00:00+00:00,Wednesday,00:00,70387,2016-12-08 00:00:00+00:00,24.0,False,False,False,0.941
2016-12-08 00:00:00+00:00,Thursday,00:00,74782,2016-12-09 00:00:00+00:00,24.0,False,False,False,1.031
2016-12-09 00:00:00+00:00,Friday,00:00,72541,2016-12-11 00:00:00+00:00,48.0,False,False,False,48.2
2016-12-11 00:00:00+00:00,Sunday,00:00,1505,2016-12-12 00:00:00+00:00,24.0,False,False,False,0.019
2016-12-12 00:00:00+00:00,Monday,00:00,78786,2016-12-13 00:00:00+00:00,24.0,False,False,False,1.107
2016-12-13 00:00:00+00:00,Tuesday,00:00,71200,2016-12-14 00:00:00+00:00,24.0,False,False,False,0.865
2016-12-14 00:00:00+00:00,Wednesday,00:00,82342,2016-12-15 00:00:00+00:00,24.0,False,False,False,0.871
2016-12-15 00:00:00+00:00,Thursday,00:00,94574,2016-12-16 00:00:00+00:00,24.0,False,False,False,1.244
2016-12-16 00:00:00+00:00,Friday,00:00,75998,2016-12-18 00:00:00+00:00,48.0,False,False,False,52.703
2016-12-18 00:00:00+00:00,Sunday,00:00,1442,2016-12-19 00:00:00+00:00,24.0,False,False,False,0.02
2016-12-19 00:00:00+00:00,Monday,00:00,71906,2016-12-20 00:00:00+00:00,24.0,False,False,False,0.934
2016-12-20 00:00:00+00:00,Tuesday,00:00,76949,2016-12-21 00:00:00+00:00,24.0,False,False,False,1.171
2016-12-21 00:00:00+00:00,Wednesday,00:00,65725,2016-12-22 00:00:00+00:00,24.0,False,False,False,1.076
2016-12-22 00:00:00+00:00,Thursday,00:00,61083,2016-12-23 00:00:00+00:00,24.0,False,False,False,2.124
2016-12-23 00:00:00+00:00,Friday,00:00,28754,2016-12-27 00:00:00+00:00,96.0,False,False,False,0.647
2016-12-27 00:00:00+00:00,Tuesday,00:00,44419,2016-12-28 00:00:00+00:00,24.0,False,False,False,0.882
2016-12-28 00:00:00+00:00,Wednesday,00:00,50342,2016-12-29 00:00:00+00:00,24.0,False,False,False,0.869
2016-12-29 00:00:00+00:00,Thursday,00:00,57921,2016-12-30 00:00:00+00:00,24.0,False,False,False,1.12
2016-12-30 00:00:00+00:00,Friday,00:00,51696,2017-01-03 00:00:00+00:00,96.0,False,False,False,0.747
2017-01-03 00:00:00+00:00,Tuesday,00:00,69241,2017-01-04 00:00:00+00:00,24.0,False,False,False,0.943
2017-01-04 00:00:00+00:00,Wednesday,00:00,73390,2017-01-05 00:00:00+00:00,24.0,False,False,False,0.888
2017-01-05 00:00:00+00:00,Thursday,00:00,82687,2017-01-06 00:00:00+00:00,24.0,False,False,False,1.149
2017-01-06 00:00:00+00:00,Friday,00:00,71963,2017-01-08 00:00:00+00:00,48.0,False,False,False,41.005
2017-01-08 00:00:00+00:00,Sunday,00:00,1755,2017-01-09 00:00:00+00:00,24.0,False,False,False,0.028
2017-01-09 00:00:00+00:00,Monday,00:00,62516,2017-01-10 00:00:00+00:00,24.0,False,False,False,0.855
2017-01-10 00:00:00+00:00,Tuesday,00:00,73092,2017-01-11 00:00:00+00:00,24.0,False,False,False,0.96
2017-01-11 00:00:00+00:00,Wednesday,00:00,76120,2017-01-12 00:00:00+00:00,24.0,False,False,False,1.001
2017-01-12 00:00:00+00:00,Thursday,00:00,76066,2017-01-13 00:00:00+00:00,24.0,False,False,False,1.088
2017-01-13 00:00:00+00:00,Friday,00:00,69923,2017-01-15 00:00:00+00:00,48.0,False,False,False,35.84
2017-01-15 00:00:00+00:00,Sunday,00:00,1951,2017-01-16 00:00:00+00:00,24.0,False,False,False,0.038
2017-01-16 00:00:00+00:00,Monday,00:00,50723,2017-01-17 00:00:00+00:00,24.0,False,False,False,0.753
2017-01-17 00:00:00+00:00,Tuesday,00:00,67328,2017-01-18 00:00:00+00:00,24.0,False,False,False,0.896
2017-01-18 00:00:00+00:00,Wednesday,00:00,75109,2017-01-19 00:00:00+00:00,24.0,False,False,False,0.916
2017-01-19 00:00:00+00:00,Thursday,00:00,81986,2017-01-20 00:00:00+00:00,24.0,False,False,False,1.063
2017-01-20 00:00:00+00:00,Friday,00:00,77119,2017-01-22 00:00:00+00:00,48.0,False,False,False,30.042
2017-01-22 00:00:00+00:00,Sunday,00:00,2567,2017-01-23 00:00:00+00:00,24.0,False,False,False,0.033
2017-01-23 00:00:00+00:00,Monday,00:00,78257,2017-01-24 00:00:00+00:00,24.0,False,False,False,1.16
2017-01-24 00:00:00+00:00,Tuesday,00:00,67478,2017-01-25 00:00:00+00:00,24.0,False,False,False,0.935
2017-01-25 00:00:00+00:00,Wednesday,00:00,72159,2017-01-26 00:00:00+00:00,24.0,False,False,False,1.014
2017-01-26 00:00:00+00:00,Thursday,00:00,71168,2017-01-27 00:00:00+00:00,24.0,False,False,False,1.068
2017-01-27 00:00:00+00:00,Friday,00:00,66632,2017-01-29 00:00:00+00:00,48.0,False,False,False,28.808
2017-01-29 00:00:00+00:00,Sunday,00:00,2313,2017-01-30 00:00:00+00:00,24.0,False,False,False,0.034
2017-01-30 00:00:00+00:00,Monday,00:00,67880,2017-01-31 00:00:00+00:00,24.0,False,False,False,0.864
2017-01-31 00:00:00+00:00,Tuesday,00:00,78606,2017-02-01 00:00:00+00:00,24.0,False,False,False,0.99
2017-02-01 00:00:00+00:00,Wednesday,00:00,79440,2017-02-02 00:00:00+00:00,24.0,False,False,False,0.978
2017-02-02 00:00:00+00:00,Thursday,00:00,81190,2017-02-03 00:00:00+00:00,24.0,False,False,False,1.106
2017-02-03 00:00:00+00:00,Friday,00:00,73432,2017-02-05 00:00:00+00:00,48.0,False,False,False,30.07
2017-02-05 00:00:00+00:00,Sunday,00:00,2442,2017-02-06 00:00:00+00:00,24.0,False,False,False,0.032
2017-02-06 00:00:00+00:00,Monday,00:00,76600,2017-02-07 00:00:00+00:00,24.0,False,False,False,0.96
2017-02-07 00:00:00+00:00,Tuesday,00:00,79777,2017-02-08 00:00:00+00:00,24.0,False,False,False,0.973
2017-02-08 00:00:00+00:00,Wednesday,00:00,82023,2017-02-09 00:00:00+00:00,24.0,False,False,False,0.999
2017-02-09 00:00:00+00:00,Thursday,00:00,82065,2017-02-10 00:00:00+00:00,24.0,False,False,False,1.022
2017-02-10 00:00:00+00:00,Friday,00:00,80284,2017-02-12 00:00:00+00:00,48.0,False,False,False,42.864
2017-02-12 00:00:00+00:00,Sunday,00:00,1873,2017-02-13 00:00:00+00:00,24.0,False,False,False,0.026
2017-02-13 00:00:00+00:00,Monday,00:00,73119,2017-02-14 00:00:00+00:00,24.0,False,False,False,0.902
2017-02-14 00:00:00+00:00,Tuesday,00:00,81074,2017-02-15 00:00:00+00:00,24.0,False,False,False,1.035
2017-02-15 00:00:00+00:00,Wednesday,00:00,78345,2017-02-16 00:00:00+00:00,24.0,False,False,False,0.916
2017-02-16 00:00:00+00:00,Thursday,00:00,85505,2017-02-17 00:00:00+00:00,24.0,False,False,False,1.195
2017-02-17 00:00:00+00:00,Friday,00:00,71580,2017-02-19 00:00:00+00:00,48.0,False,False,False,42.481
2017-02-19 00:00:00+00:00,Sunday,00:00,1685,2017-02-20 00:00:00+00:00,24.0,False,False,False,0.037
2017-02-20 00:00:00+00:00,Monday,00:00,46120,2017-02-21 00:00:00+00:00,24.0,False,False,False,0.594
2017-02-21 00:00:00+00:00,Tuesday,00:00,77684,2017-02-22 00:00:00+00:00,24.0,False,False,False,0.843
2017-02-22 00:00:00+00:00,Wednesday,00:00,92182,2017-02-23 00:00:00+00:00,24.0,False,False,False,1.072
2017-02-23 00:00:00+00:00,Thursday,00:00,85988,2017-02-24 00:00:00+00:00,24.0,False,False,False,0.995
2017-02-24 00:00:00+00:00,Friday,00:00,86393,2017-02-26 00:00:00+00:00,48.0,False,False,False,54.165
2017-02-26 00:00:00+00:00,Sunday,00:00,1595,2017-02-27 00:00:00+00:00,24.0,False,False,False,0.011
2017-02-27 00:00:00+00:00,Monday,00:00,82011,2017-02-27 06:00:00+00:00,6.0,True,True,False,1.228
2017-04-14 01:00:00+00:00,Friday,01:00,1,2017-04-14 10:00:00+00:00,9.0,False,False,False,1.0
2017-04-14 10:00:00+00:00,Friday,10:00,1,2017-04-16 23:00:00+00:00,61.0,False,False,False,0.0
2017-05-29 18:45:00+00:00,Monday,18:45,4,2017-05-29 22:00:00+00:00,3.25,False,False,False,0.001
2018-03-30 00:00:00+00:00,Friday,00:00,1,2018-04-01 23:00:00+00:00,71.0,False,False,False,0.0
2018-07-01 00:00:00+00:00,Sunday,00:00,2202,2018-07-01 23:00:00+00:00,23.0,True,True,True,1.0
2018-07-08 00:00:00+00:00,Sunday,00:00,1155,2018-07-08 23:00:00+00:00,23.0,True,True,True,1.0
2018-07-15 00:00:00+00:00,Sunday,00:00,1341,2018-07-15 23:00:00+00:00,23.0,True,True,True,1.052
2018-07-22 00:00:00+00:00,Sunday,00:00,2812,2018-07-22 23:00:00+00:00,23.0,True,True,True,1.044
2018-07-29 00:00:00+00:00,Sunday,00:00,1397,2018-07-29 23:00:00+00:00,23.0,True,True,True,1.062
2018-08-05 00:00:00+00:00,Sunday,00:00,1573,2018-08-05 23:00:00+00:00,23.0,True,True,True,1.038
2018-08-12 00:00:00+00:00,Sunday,00:00,2155,2018-08-12 23:00:00+00:00,23.0,True,True,True,1.015
2018-08-19 00:00:00+00:00,Sunday,00:00,1707,2018-08-19 23:00:00+00:00,23.0,True,True,True,1.048
2018-08-26 00:00:00+00:00,Sunday,00:00,2329,2018-08-26 23:00:00+00:00,23.0,True,True,True,1.049
2018-09-02 00:00:00+00:00,Sunday,00:00,1723,2018-09-02 23:00:00+00:00,23.0,True,True,True,1.072
2018-09-09 00:00:00+00:00,Sunday,00:00,1686,2018-09-09 23:00:00+00:00,23.0,True,True,True,1.058
2018-09-16 00:00:00+00:00,Sunday,00:00,1706,2018-09-16 23:00:00+00:00,23.0,True,True,True,1.056
2018-09-23 00:00:00+00:00,Sunday,00:00,1502,2018-09-23 23:00:00+00:00,23.0,True,True,True,1.042
2018-09-30 00:00:00+00:00,Sunday,00:00,1971,2018-09-30 23:00:00+00:00,23.0,True,True,True,1.063
2018-10-07 00:00:00+00:00,Sunday,00:00,1636,2018-10-07 23:00:00+00:00,23.0,True,True,True,1.058
2018-10-14 00:00:00+00:00,Sunday,00:00,1383,2018-10-14 23:00:00+00:00,23.0,True,True,True,1.049
2018-10-21 00:00:00+00:00,Sunday,00:00,2346,2018-10-21 22:00:00+00:00,22.0,True,True,True,1.054
2018-10-28 00:00:00+00:00,Sunday,00:00,2310,2018-10-28 23:00:00+00:00,23.0,True,True,True,1.091
2018-11-04 00:00:00+00:00,Sunday,00:00,1457,2018-11-04 23:00:00+00:00,23.0,True,True,True,0.997
2018-11-11 00:00:00+00:00,Sunday,00:00,1496,2018-11-11 23:00:00+00:00,23.0,True,True,True,1.051
2018-11-18 00:00:00+00:00,Sunday,00:00,1413,2018-11-18 23:00:00+00:00,23.0,True,True,True,1.058
2018-11-25 00:00:00+00:00,Sunday,00:00,1484,2018-11-25 23:00:00+00:00,23.0,True,True,True,1.038
2018-12-02 00:00:00+00:00,Sunday,00:00,1661,2018-12-02 23:00:00+00:00,23.0,True,True,True,1.038
2018-12-09 00:00:00+00:00,Sunday,00:00,1833,2018-12-09 23:00:00+00:00,23.0,True,True,True,1.039
2018-12-16 00:00:00+00:00,Sunday,00:00,1210,2018-12-16 23:00:00+00:00,23.0,True,True,True,1.03
2018-12-23 00:00:00+00:00,Sunday,00:00,1593,2018-12-23 23:00:00+00:00,23.0,True,True,False,1.036
2018-12-26 00:00:00+00:00,Wednesday,00:00,63034,2018-12-26 07:00:00+00:00,7.0,True,True,True,1.032
2018-12-30 00:00:00+00:00,Sunday,00:00,1382,2018-12-30 23:00:00+00:00,23.0,True,True,True,1.059
2019-01-06 00:00:00+00:00,Sunday,00:00,1669,2019-01-06 23:00:00+00:00,23.0,True,True,True,1.054
2019-01-13 00:00:00+00:00,Sunday,00:00,1437,2019-01-13 23:00:00+00:00,23.0,True,True,True,1.079
2019-01-20 00:00:00+00:00,Sunday,00:00,1347,2019-01-20 23:00:00+00:00,23.0,True,True,True,1.055
2019-01-27 00:00:00+00:00,Sunday,00:00,1606,2019-01-27 23:00:00+00:00,23.0,True,True,True,1.06
2019-02-03 00:00:00+00:00,Sunday,00:00,1391,2019-02-03 23:00:00+00:00,23.0,True,True,True,1.056
2019-02-10 00:00:00+00:00,Sunday,00:00,1254,2019-02-10 23:00:00+00:00,23.0,True,True,True,1.061
2019-02-17 00:00:00+00:00,Sunday,00:00,1512,2019-02-17 23:00:00+00:00,23.0,True,True,True,1.036
2019-02-24 00:00:00+00:00,Sunday,00:00,1405,2019-02-24 23:00:00+00:00,23.0,True,True,True,1.048
2019-03-03 00:00:00+00:00,Sunday,00:00,1759,2019-03-03 23:00:00+00:00,23.0,True,True,True,1.042
2019-03-10 00:00:00+00:00,Sunday,00:00,1349,2019-03-10 23:00:00+00:00,23.0,True,True,True,1.046
2019-03-17 00:00:00+00:00,Sunday,00:00,2466,2019-03-17 22:00:00+00:00,22.0,True,True,True,1.073
2019-03-24 00:00:00+00:00,Sunday,00:00,2504,2019-03-24 22:00:00+00:00,22.0,True,True,True,1.035
2019-03-31 00:00:00+00:00,Sunday,00:00,2757,2019-03-31 22:00:00+00:00,22.0,True,True,True,1.046
2019-04-07 00:00:00+00:00,Sunday,00:00,2356,2019-04-07 22:00:00+00:00,22.0,True,True,True,1.049
2019-04-14 00:00:00+00:00,Sunday,00:00,2555,2019-04-14 22:00:00+00:00,22.0,True,True,True,1.042
2019-04-28 00:00:00+00:00,Sunday,00:00,1974,2019-04-28 22:00:00+00:00,22.0,True,True,True,1.06
2019-05-05 00:00:00+00:00,Sunday,00:00,5254,2019-05-05 22:00:00+00:00,22.0,True,True,True,1.024
2019-05-12 00:00:00+00:00,Sunday,00:00,2731,2019-05-12 22:00:00+00:00,22.0,True,True,False,1.061
2019-05-19 00:00:00+00:00,Sunday,00:00,2338,2019-05-19 22:00:00+00:00,22.0,True,True,True,1.05
2019-05-26 00:00:00+00:00,Sunday,00:00,2102,2019-05-26 22:00:00+00:00,22.0,True,True,True,1.051
2019-06-02 00:00:00+00:00,Sunday,00:00,3687,2019-06-02 22:00:00+00:00,22.0,True,True,True,1.041
2019-06-09 00:00:00+00:00,Sunday,00:00,3631,2019-06-09 22:00:00+00:00,22.0,True,True,True,1.035
2019-06-16 00:00:00+00:00,Sunday,00:00,2853,2019-06-16 22:00:00+00:00,22.0,True,True,True,1.057
2019-06-23 00:00:00+00:00,Sunday,00:00,6467,2019-06-23 22:00:00+00:00,22.0,True,True,True,1.012
2019-06-30 00:00:00+00:00,Sunday,00:00,7789,2019-06-30 22:00:00+00:00,22.0,True,True,True,1.0
2019-07-07 00:00:00+00:00,Sunday,00:00,4858,2019-07-07 22:00:00+00:00,22.0,True,True,True,0.998
2019-07-14 00:00:00+00:00,Sunday,00:00,4426,2019-07-14 22:00:00+00:00,22.0,True,True,True,0.998
2019-07-21 00:00:00+00:00,Sunday,00:00,3530,2019-07-21 22:00:00+00:00,22.0,True,True,True,0.996
2019-07-28 00:00:00+00:00,Sunday,00:00,2201,2019-07-28 22:00:00+00:00,22.0,True,True,True,0.991
2019-08-04 00:00:00+00:00,Sunday,00:00,3094,2019-08-04 22:00:00+00:00,22.0,True,True,True,0.997
2019-08-11 00:00:00+00:00,Sunday,00:00,3494,2019-08-11 22:00:00+00:00,22.0,True,True,True,0.998
2019-08-18 00:00:00+00:00,Sunday,00:00,2965,2019-08-18 22:00:00+00:00,22.0,True,True,True,0.997
2019-08-25 00:00:00+00:00,Sunday,00:00,9369,2019-08-25 22:00:00+00:00,22.0,True,True,True,1.0
2019-09-01 00:00:00+00:00,Sunday,00:00,3924,2019-09-01 22:00:00+00:00,22.0,True,True,True,1.005
2019-09-08 00:00:00+00:00,Sunday,00:00,3832,2019-09-08 22:00:00+00:00,22.0,True,True,True,1.002
2019-09-15 00:00:00+00:00,Sunday,00:00,7258,2019-09-15 22:00:00+00:00,22.0,True,True,True,1.007
2019-09-22 00:00:00+00:00,Sunday,00:00,4315,2019-09-22 22:00:00+00:00,22.0,True,True,True,1.0
2019-09-29 00:00:00+00:00,Sunday,00:00,3679,2019-09-29 22:00:00+00:00,22.0,True,True,True,0.998
2019-10-06 00:00:00+00:00,Sunday,00:00,2554,2019-10-06 22:00:00+00:00,22.0,True,True,True,0.998
2019-10-13 00:00:00+00:00,Sunday,00:00,3643,2019-10-13 22:00:00+00:00,22.0,True,True,True,0.996
2019-10-20 00:00:00+00:00,Sunday,00:00,2765,2019-10-20 22:00:00+00:00,22.0,True,True,True,0.997
2019-10-27 00:00:00+00:00,Sunday,00:00,2235,2019-10-27 22:00:00+00:00,22.0,True,True,True,0.997
2019-11-03 00:00:00+00:00,Sunday,00:00,1262,2019-11-03 23:00:00+00:00,23.0,True,True,True,0.998
2019-11-10 00:00:00+00:00,Sunday,00:00,1448,2019-11-10 23:00:00+00:00,23.0,True,True,True,1.0
2019-11-17 00:00:00+00:00,Sunday,00:00,1321,2019-11-17 23:00:00+00:00,23.0,True,True,True,0.993
2019-11-24 00:00:00+00:00,Sunday,00:00,1491,2019-11-24 23:00:00+00:00,23.0,True,True,True,0.999
2019-12-26 00:00:00+00:00,Thursday,00:00,35931,2019-12-26 06:00:00+00:00,6.0,True,True,True,0.999
2019-12-29 00:00:00+00:00,Sunday,00:00,1799,2019-12-29 23:00:00+00:00,23.0,True,True,True,0.998
2020-01-05 00:00:00+00:00,Sunday,00:00,5730,2020-01-05 23:00:00+00:00,23.0,True,True,True,1.001
2020-01-12 00:00:00+00:00,Sunday,00:00,1859,2020-01-12 23:00:00+00:00,23.0,True,True,True,0.998
2020-01-19 00:00:00+00:00,Sunday,00:00,1805,2020-01-19 23:00:00+00:00,23.0,True,True,True,0.998
2020-01-26 00:00:00+00:00,Sunday,00:00,4435,2020-01-26 23:00:00+00:00,23.0,True,True,True,1.0
2020-02-02 00:00:00+00:00,Sunday,00:00,3041,2020-02-02 23:00:00+00:00,23.0,True,True,True,1.0
2020-02-09 00:00:00+00:00,Sunday,00:00,2835,2020-02-09 23:00:00+00:00,23.0,True,True,True,1.0
2020-02-16 00:00:00+00:00,Sunday,00:00,1717,2020-02-16 23:00:00+00:00,23.0,True,True,True,0.998
2020-02-23 00:00:00+00:00,Sunday,00:00,5109,2020-02-23 23:00:00+00:00,23.0,True,True,True,1.0
2020-03-01 00:00:00+00:00,Sunday,00:00,4753,2020-03-01 23:00:00+00:00,23.0,True,True,True,1.0
2020-03-08 00:00:00+00:00,Sunday,00:00,12186,2020-03-08 22:00:00+00:00,22.0,True,True,True,1.0
2020-03-15 00:00:00+00:00,Sunday,00:00,20018,2020-03-15 22:00:00+00:00,22.0,True,True,True,1.0
2020-03-22 00:00:00+00:00,Sunday,00:00,12432,2020-03-22 22:00:00+00:00,22.0,True,True,True,0.999
2020-03-29 00:00:00+00:00,Sunday,00:00,1333,2020-03-29 22:00:00+00:00,22.0,True,False,True,0.349
2020-04-05 00:00:00+00:00,Sunday,00:00,2362,2020-04-05 22:00:00+00:00,22.0,True,False,True,0.787
2020-04-12 00:00:00+00:00,Sunday,00:00,2623,2020-04-12 22:45:00+00:00,22.75,False,False,False,0.903
2020-04-19 00:00:00+00:00,Sunday,00:00,4793,2020-04-19 22:00:00+00:00,22.0,False,True,True,0.985
2020-04-26 00:00:00+00:00,Sunday,00:00,4645,2020-04-26 22:00:00+00:00,22.0,True,False,True,0.992
2020-05-03 00:00:00+00:00,Sunday,00:00,5005,2020-05-03 22:00:00+00:00,22.0,True,False,True,0.992
2020-05-10 00:00:00+00:00,Sunday,00:00,5600,2020-05-10 22:00:00+00:00,22.0,True,True,True,0.997
2020-05-17 00:00:00+00:00,Sunday,00:00,8823,2020-05-17 22:00:00+00:00,22.0,True,True,True,0.991
2020-05-24 00:00:00+00:00,Sunday,00:00,3100,2020-05-24 22:00:00+00:00,22.0,True,True,True,0.997
2020-05-31 00:00:00+00:00,Sunday,00:00,5255,2020-05-31 22:00:00+00:00,22.0,True,False,True,0.983
2020-06-07 00:00:00+00:00,Sunday,00:00,4508,2020-06-07 22:00:00+00:00,22.0,True,True,True,0.997
2020-06-14 00:00:00+00:00,Sunday,00:00,3951,2020-06-14 22:00:00+00:00,22.0,True,True,True,0.997
2020-06-21 00:00:00+00:00,Sunday,00:00,5397,2020-06-21 22:00:00+00:00,22.0,True,True,True,0.998
2020-06-28 00:00:00+00:00,Sunday,00:00,4591,2020-06-28 22:00:00+00:00,22.0,True,True,True,1.0
2020-07-05 00:00:00+00:00,Sunday,00:00,2812,2020-07-05 22:00:00+00:00,22.0,True,True,True,0.998
2020-07-12 00:00:00+00:00,Sunday,00:00,3395,2020-07-12 22:00:00+00:00,22.0,True,True,True,0.997
2020-07-19 00:00:00+00:00,Sunday,00:00,3036,2020-07-19 22:00:00+00:00,22.0,True,True,True,0.996
2020-07-26 00:00:00+00:00,Sunday,00:00,7315,2020-07-26 22:00:00+00:00,22.0,True,True,True,0.996
2020-08-02 00:00:00+00:00,Sunday,00:00,7656,2020-08-02 22:00:00+00:00,22.0,True,True,True,0.995
2020-08-09 00:00:00+00:00,Sunday,00:00,7584,2020-08-09 22:00:00+00:00,22.0,True,True,True,1.0
2020-08-16 00:00:00+00:00,Sunday,00:00,6351,2020-08-16 22:00:00+00:00,22.0,True,True,True,0.998
2020-08-23 00:00:00+00:00,Sunday,00:00,5596,2020-08-23 22:00:00+00:00,22.0,True,True,True,1.0
2020-08-30 00:00:00+00:00,Sunday,00:00,6149,2020-08-30 22:00:00+00:00,22.0,True,True,True,1.0
2020-09-06 00:00:00+00:00,Sunday,00:00,4369,2020-09-06 22:00:00+00:00,22.0,True,True,True,0.998
2020-09-13 00:00:00+00:00,Sunday,00:00,3421,2020-09-13 22:00:00+00:00,22.0,True,True,True,1.0
2020-09-20 00:00:00+00:00,Sunday,00:00,3876,2020-09-20 22:00:00+00:00,22.0,True,True,True,1.0
2020-09-27 00:00:00+00:00,Sunday,00:00,3712,2020-09-27 22:00:00+00:00,22.0,True,True,True,1.001
2020-10-04 00:00:00+00:00,Sunday,00:00,4528,2020-10-04 22:00:00+00:00,22.0,True,True,True,0.997
2020-10-11 00:00:00+00:00,Sunday,00:00,5284,2020-10-11 22:00:00+00:00,22.0,True,True,True,0.996
2020-10-18 00:00:00+00:00,Sunday,00:00,3889,2020-10-18 22:00:00+00:00,22.0,True,True,True,0.998
2020-10-25 00:00:00+00:00,Sunday,00:00,5738,2020-10-25 22:00:00+00:00,22.0,True,True,True,0.999
2020-11-01 00:00:00+00:00,Sunday,00:00,2326,2020-11-01 23:00:00+00:00,23.0,True,True,True,0.999
2020-11-08 00:00:00+00:00,Sunday,00:00,2833,2020-11-08 23:00:00+00:00,23.0,True,True,True,1.0
2020-11-15 00:00:00+00:00,Sunday,00:00,2038,2020-11-15 23:00:00+00:00,23.0,True,True,True,0.999
2020-11-22 00:00:00+00:00,Sunday,00:00,1224,2020-11-22 23:00:00+00:00,23.0,True,True,True,0.994
2020-11-29 00:00:00+00:00,Sunday,00:00,1472,2020-11-29 23:00:00+00:00,23.0,True,True,True,0.996
2020-12-06 00:00:00+00:00,Sunday,00:00,2197,2020-12-06 23:00:00+00:00,23.0,True,True,True,0.998
2020-12-13 00:00:00+00:00,Sunday,00:00,1730,2020-12-13 23:00:00+00:00,23.0,True,True,True,0.995
2020-12-20 00:00:00+00:00,Sunday,00:00,1957,2020-12-20 23:00:00+00:00,23.0,True,True,True,0.999
2020-12-27 00:00:00+00:00,Sunday,00:00,2548,2020-12-27 23:00:00+00:00,23.0,True,True,True,0.998
2021-01-03 00:00:00+00:00,Sunday,00:00,3729,2021-01-03 23:00:00+00:00,23.0,True,True,True,1.0
2021-01-10 00:00:00+00:00,Sunday,00:00,4879,2021-01-10 23:00:00+00:00,23.0,True,True,True,1.0
2021-01-17 00:00:00+00:00,Sunday,00:00,6811,2021-01-17 23:00:00+00:00,23.0,True,True,False,0.999
2021-01-24 00:00:00+00:00,Sunday,00:00,2042,2021-01-24 23:00:00+00:00,23.0,True,True,True,0.999
2021-01-31 00:00:00+00:00,Sunday,00:00,7043,2021-01-31 23:00:00+00:00,23.0,True,True,True,0.998
2021-02-07 00:00:00+00:00,Sunday,00:00,2411,2021-02-07 23:00:00+00:00,23.0,True,True,True,0.999
2021-02-14 00:00:00+00:00,Sunday,00:00,2478,2021-02-14 23:00:00+00:00,23.0,True,True,True,0.997
2021-02-21 00:00:00+00:00,Sunday,00:00,3526,2021-02-21 23:00:00+00:00,23.0,True,True,True,1.0
2021-02-28 00:00:00+00:00,Sunday,00:00,4219,2021-02-28 23:00:00+00:00,23.0,True,True,True,0.999
2021-03-07 00:00:00+00:00,Sunday,00:00,4831,2021-03-07 23:00:00+00:00,23.0,True,True,True,0.999
2021-03-14 00:00:00+00:00,Sunday,00:00,5273,2021-03-14 22:00:00+00:00,22.0,True,True,True,0.999
2021-03-21 00:00:00+00:00,Sunday,00:00,5917,2021-03-21 22:00:00+00:00,22.0,True,True,False,0.998
2021-03-28 00:00:00+00:00,Sunday,00:00,3554,2021-03-28 22:00:00+00:00,22.0,True,True,True,0.997
2021-04-04 00:00:00+00:00,Sunday,00:00,4911,2021-04-04 22:00:00+00:00,22.0,True,True,True,0.998
2021-04-11 00:00:00+00:00,Sunday,00:00,3757,2021-04-11 22:00:00+00:00,22.0,True,True,True,0.997
2021-04-18 00:00:00+00:00,Sunday,00:00,3628,2021-04-18 22:00:00+00:00,22.0,True,True,True,0.997
2021-04-25 00:00:00+00:00,Sunday,00:00,2870,2021-04-25 22:00:00+00:00,22.0,True,True,True,0.996
2021-05-02 00:00:00+00:00,Sunday,00:00,3250,2021-05-02 22:00:00+00:00,22.0,True,True,True,0.996
2021-05-09 00:00:00+00:00,Sunday,00:00,4185,2021-05-09 22:00:00+00:00,22.0,True,True,True,0.998
2021-05-16 00:00:00+00:00,Sunday,00:00,3875,2021-05-16 22:00:00+00:00,22.0,True,True,True,0.998
2021-05-23 00:00:00+00:00,Sunday,00:00,3008,2021-05-23 22:00:00+00:00,22.0,True,True,True,0.997
2021-05-30 00:00:00+00:00,Sunday,00:00,2406,2021-05-30 22:00:00+00:00,22.0,True,True,True,0.993
2021-06-06 00:00:00+00:00,Sunday,00:00,2273,2021-06-06 22:00:00+00:00,22.0,True,True,True,0.993
2021-06-13 00:00:00+00:00,Sunday,00:00,3778,2021-06-13 22:00:00+00:00,22.0,True,True,True,0.996
2021-06-20 00:00:00+00:00,Sunday,00:00,5065,2021-06-20 22:00:00+00:00,22.0,True,True,True,0.997
2021-06-27 00:00:00+00:00,Sunday,00:00,2843,2021-06-27 22:00:00+00:00,22.0,True,True,True,0.997
2021-07-04 00:00:00+00:00,Sunday,00:00,2611,2021-07-04 22:00:00+00:00,22.0,True,True,True,0.993
2021-07-11 00:00:00+00:00,Sunday,00:00,2546,2021-07-11 22:00:00+00:00,22.0,True,True,True,0.995
2021-07-18 00:00:00+00:00,Sunday,00:00,3327,2021-07-18 22:00:00+00:00,22.0,True,True,True,0.996
2021-07-25 00:00:00+00:00,Sunday,00:00,2119,2021-07-25 22:00:00+00:00,22.0,True,True,True,1.0
2021-08-01 00:00:00+00:00,Sunday,00:00,2616,2021-08-01 22:00:00+00:00,22.0,True,True,True,1.0
2021-08-08 00:00:00+00:00,Sunday,00:00,34651,2021-08-08 22:00:00+00:00,22.0,True,True,True,1.0
2021-08-15 00:00:00+00:00,Sunday,00:00,2836,2021-08-15 22:00:00+00:00,22.0,True,True,False,1.0
