prev_bar,next_bar,gap_min,kind,close_ny,reopen_ny,year
2014-01-14 00:00:00+00:00,2014-01-15 00:00:00+00:00,1425.0,UNEXPLAINED,Mon 19:15,Tue 19:00,2014
2014-01-15 00:00:00+00:00,2014-01-16 00:00:00+00:00,1425.0,UNEXPLAINED,Tue 19:15,Wed 19:00,2014
2014-01-16 00:00:00+00:00,2014-01-17 00:00:00+00:00,1425.0,UNEXPLAINED,Wed 19:15,Thu 19:00,2014
2014-01-17 00:00:00+00:00,2014-01-19 00:00:00+00:00,2865.0,UNEXPLAINED,Thu 19:15,Sat 19:00,2014
2014-01-19 00:00:00+00:00,2014-01-20 00:00:00+00:00,1425.0,UNEXPLAINED,Sat 19:15,Sun 19:00,2014
2014-01-20 00:00:00+00:00,2014-01-21 00:00:00+00:00,1425.0,holiday/early_close,Sun 19:15,Mon 19:00,2014
2014-01-21 00:00:00+00:00,2014-01-22 00:00:00+00:00,1425.0,holiday/early_close,Mon 19:15,Tue 19:00,2014
2014-01-22 00:00:00+00:00,2014-01-23 00:00:00+00:00,1425.0,UNEXPLAINED,Tue 19:15,Wed 19:00,2014
2014-01-23 00:00:00+00:00,2014-01-24 00:00:00+00:00,1425.0,UNEXPLAINED,Wed 19:15,Thu 19:00,2014
2014-01-24 00:00:00+00:00,2014-01-26 00:00:00+00:00,2865.0,UNEXPLAINED,Thu 19:15,Sat 19:00,2014
2014-01-26 00:00:00+00:00,2014-01-27 00:00:00+00:00,1425.0,UNEXPLAINED,Sat 19:15,Sun 19:00,2014
2014-01-27 00:00:00+00:00,2014-01-28 00:00:00+00:00,1425.0,UNEXPLAINED,Sun 19:15,Mon 19:00,2014
2014-01-28 00:00:00+00:00,2014-01-29 00:00:00+00:00,1425.0,UNEXPLAINED,Mon 19:15,Tue 19:00,2014
2014-01-29 00:00:00+00:00,2014-01-30 00:00:00+00:00,1425.0,UNEXPLAINED,Tue 19:15,Wed 19:00,2014
2014-01-30 00:00:00+00:00,2014-01-31 00:00:00+00:00,1425.0,UNEXPLAINED,Wed 19:15,Thu 19:00,2014
2014-01-31 00:00:00+00:00,2014-02-02 00:00:00+00:00,2865.0,UNEXPLAINED,Thu 19:15,Sat 19:00,2014
2014-02-02 00:00:00+00:00,2014-02-03 00:00:00+00:00,1425.0,UNEXPLAINED,Sat 19:15,Sun 19:00,2014
2014-02-03 00:00:00+00:00,2014-02-04 00:00:00+00:00,1425.0,UNEXPLAINED,Sun 19:15,Mon 19:00,2014
2014-02-04 00:00:00+00:00,2014-02-05 00:00:00+00:00,1425.0,UNEXPLAINED,Mon 19:15,Tue 19:00,2014
2014-02-05 00:00:00+00:00,2014-02-06 00:00:00+00:00,1425.0,UNEXPLAINED,Tue 19:15,Wed 19:00,2014
2014-02-06 00:00:00+00:00,2014-02-07 00:00:00+00:00,1425.0,UNEXPLAINED,Wed 19:15,Thu 19:00,2014
2014-02-07 00:00:00+00:00,2014-02-09 00:00:00+00:00,2865.0,UNEXPLAINED,Thu 19:15,Sat 19:00,2014
2014-02-09 00:00:00+00:00,2014-02-10 00:00:00+00:00,1425.0,UNEXPLAINED,Sat 19:15,Sun 19:00,2014
2014-02-10 00:00:00+00:00,2014-02-11 00:00:00+00:00,1425.0,UNEXPLAINED,Sun 19:15,Mon 19:00,2014
2014-02-11 00:00:00+00:00,2014-02-12 00:00:00+00:00,1425.0,UNEXPLAINED,Mon 19:15,Tue 19:00,2014
2014-02-12 00:00:00+00:00,2014-02-13 00:00:00+00:00,1425.0,UNEXPLAINED,Tue 19:15,Wed 19:00,2014
2014-02-13 00:00:00+00:00,2014-02-14 00:00:00+00:00,1425.0,UNEXPLAINED,Wed 19:15,Thu 19:00,2014
2014-02-14 00:00:00+00:00,2014-02-16 00:00:00+00:00,2865.0,UNEXPLAINED,Thu 19:15,Sat 19:00,2014
2014-02-16 00:00:00+00:00,2014-02-17 00:00:00+00:00,1425.0,UNEXPLAINED,Sat 19:15,Sun 19:00,2014
2014-02-17 00:00:00+00:00,2014-02-18 00:00:00+00:00,1425.0,holiday/early_close,Sun 19:15,Mon 19:00,2014
2014-02-18 00:00:00+00:00,2014-02-19 00:00:00+00:00,1425.0,holiday/early_close,Mon 19:15,Tue 19:00,2014
2014-02-19 00:00:00+00:00,2014-02-20 00:00:00+00:00,1425.0,UNEXPLAINED,Tue 19:15,Wed 19:00,2014
2014-02-20 00:00:00+00:00,2014-02-21 00:00:00+00:00,1425.0,UNEXPLAINED,Wed 19:15,Thu 19:00,2014
2014-02-21 00:00:00+00:00,2014-02-23 00:00:00+00:00,2865.0,UNEXPLAINED,Thu 19:15,Sat 19:00,2014
2014-02-23 00:00:00+00:00,2014-02-24 00:00:00+00:00,1425.0,UNEXPLAINED,Sat 19:15,Sun 19:00,2014
2014-02-24 00:00:00+00:00,2014-02-25 00:00:00+00:00,1425.0,UNEXPLAINED,Sun 19:15,Mon 19:00,2014
2014-02-25 00:00:00+00:00,2014-02-26 00:00:00+00:00,1425.0,UNEXPLAINED,Mon 19:15,Tue 19:00,2014
2014-02-26 00:00:00+00:00,2014-02-27 00:00:00+00:00,1425.0,UNEXPLAINED,Tue 19:15,Wed 19:00,2014
2014-02-27 00:00:00+00:00,2014-02-28 00:00:00+00:00,1425.0,UNEXPLAINED,Wed 19:15,Thu 19:00,2014
2014-02-28 00:00:00+00:00,2014-03-02 00:00:00+00:00,2865.0,UNEXPLAINED,Thu 19:15,Sat 19:00,2014
2014-03-02 00:00:00+00:00,2014-03-03 00:00:00+00:00,1425.0,UNEXPLAINED,Sat 19:15,Sun 19:00,2014
2014-03-03 00:00:00+00:00,2014-03-04 00:00:00+00:00,1425.0,UNEXPLAINED,Sun 19:15,Mon 19:00,2014
2014-03-04 00:00:00+00:00,2014-03-05 00:00:00+00:00,1425.0,UNEXPLAINED,Mon 19:15,Tue 19:00,2014
2014-03-05 00:00:00+00:00,2014-03-06 00:00:00+00:00,1425.0,UNEXPLAINED,Tue 19:15,Wed 19:00,2014
2014-03-06 00:00:00+00:00,2014-03-07 00:00:00+00:00,1425.0,UNEXPLAINED,Wed 19:15,Thu 19:00,2014
2014-03-07 00:00:00+00:00,2014-03-09 00:00:00+00:00,2865.0,UNEXPLAINED,Thu 19:15,Sat 19:00,2014
2014-03-09 00:00:00+00:00,2014-03-10 00:00:00+00:00,1425.0,UNEXPLAINED,Sat 19:15,Sun 20:00,2014
2014-03-10 00:00:00+00:00,2014-03-11 00:00:00+00:00,1425.0,UNEXPLAINED,Sun 20:15,Mon 20:00,2014
2014-03-11 00:00:00+00:00,2014-03-12 00:00:00+00:00,1425.0,UNEXPLAINED,Mon 20:15,Tue 20:00,2014
2014-03-12 00:00:00+00:00,2014-03-13 00:00:00+00:00,1425.0,UNEXPLAINED,Tue 20:15,Wed 20:00,2014
2014-03-13 00:00:00+00:00,2014-03-14 00:00:00+00:00,1425.0,UNEXPLAINED,Wed 20:15,Thu 20:00,2014
2014-03-14 00:00:00+00:00,2014-03-16 00:00:00+00:00,2865.0,UNEXPLAINED,Thu 20:15,Sat 20:00,2014
2014-03-16 00:00:00+00:00,2014-03-17 00:00:00+00:00,1425.0,UNEXPLAINED,Sat 20:15,Sun 20:00,2014
2014-03-17 00:00:00+00:00,2014-03-18 00:00:00+00:00,1425.0,UNEXPLAINED,Sun 20:15,Mon 20:00,2014
2014-03-18 00:00:00+00:00,2014-03-19 00:00:00+00:00,1425.0,UNEXPLAINED,Mon 20:15,Tue 20:00,2014
2014-03-19 00:00:00+00:00,2014-03-20 00:00:00+00:00,1425.0,UNEXPLAINED,Tue 20:15,Wed 20:00,2014
2014-03-20 00:00:00+00:00,2014-03-21 00:00:00+00:00,1425.0,UNEXPLAINED,Wed 20:15,Thu 20:00,2014
2014-03-21 00:00:00+00:00,2014-03-23 00:00:00+00:00,2865.0,UNEXPLAINED,Thu 20:15,Sat 20:00,2014
2014-03-23 00:00:00+00:00,2014-03-24 00:00:00+00:00,1425.0,UNEXPLAINED,Sat 20:15,Sun 20:00,2014
2014-03-24 00:00:00+00:00,2014-03-25 00:00:00+00:00,1425.0,UNEXPLAINED,Sun 20:15,Mon 20:00,2014
2014-03-25 00:00:00+00:00,2014-03-26 00:00:00+00:00,1425.0,UNEXPLAINED,Mon 20:15,Tue 20:00,2014
2014-03-26 00:00:00+00:00,2014-03-27 00:00:00+00:00,1425.0,UNEXPLAINED,Tue 20:15,Wed 20:00,2014
2014-03-27 00:00:00+00:00,2014-03-28 00:00:00+00:00,1425.0,UNEXPLAINED,Wed 20:15,Thu 20:00,2014
2014-03-28 00:00:00+00:00,2014-03-30 00:00:00+00:00,2865.0,UNEXPLAINED,Thu 20:15,Sat 20:00,2014
2014-03-30 00:00:00+00:00,2014-03-31 00:00:00+00:00,1425.0,UNEXPLAINED,Sat 20:15,Sun 20:00,2014
2014-03-31 00:00:00+00:00,2014-04-01 00:00:00+00:00,1425.0,UNEXPLAINED,Sun 20:15,Mon 20:00,2014
2014-04-01 00:00:00+00:00,2014-04-02 00:00:00+00:00,1425.0,UNEXPLAINED,Mon 20:15,Tue 20:00,2014
2014-04-02 00:00:00+00:00,2014-04-03 00:00:00+00:00,1425.0,UNEXPLAINED,Tue 20:15,Wed 20:00,2014
2014-04-03 00:00:00+00:00,2014-04-04 00:00:00+00:00,1425.0,UNEXPLAINED,Wed 20:15,Thu 20:00,2014
2014-04-04 00:00:00+00:00,2014-04-06 00:00:00+00:00,2865.0,UNEXPLAINED,Thu 20:15,Sat 20:00,2014
2014-04-06 00:00:00+00:00,2014-04-07 00:00:00+00:00,1425.0,UNEXPLAINED,Sat 20:15,Sun 20:00,2014
2014-04-07 00:00:00+00:00,2014-04-08 00:00:00+00:00,1425.0,UNEXPLAINED,Sun 20:15,Mon 20:00,2014
2014-04-08 00:00:00+00:00,2014-04-09 00:00:00+00:00,1425.0,UNEXPLAINED,Mon 20:15,Tue 20:00,2014
2014-04-09 00:00:00+00:00,2014-04-10 00:00:00+00:00,1425.0,UNEXPLAINED,Tue 20:15,Wed 20:00,2014
2014-04-10 00:00:00+00:00,2014-04-11 00:00:00+00:00,1425.0,UNEXPLAINED,Wed 20:15,Thu 20:00,2014
2014-04-11 00:00:00+00:00,2014-04-13 00:00:00+00:00,2865.0,UNEXPLAINED,Thu 20:15,Sat 20:00,2014
2014-04-13 00:00:00+00:00,2014-04-14 00:00:00+00:00,1425.0,UNEXPLAINED,Sat 20:15,Sun 20:00,2014
2014-04-14 00:00:00+00:00,2014-04-15 00:00:00+00:00,1425.0,UNEXPLAINED,Sun 20:15,Mon 20:00,2014
2014-04-15 00:00:00+00:00,2014-04-16 00:00:00+00:00,1425.0,UNEXPLAINED,Mon 20:15,Tue 20:00,2014
2014-04-16 00:00:00+00:00,2014-04-17 00:00:00+00:00,1425.0,UNEXPLAINED,Tue 20:15,Wed 20:00,2014
2014-04-17 00:00:00+00:00,2014-04-18 00:00:00+00:00,1425.0,UNEXPLAINED,Wed 20:15,Thu 20:00,2014
2014-04-18 00:00:00+00:00,2014-04-20 00:00:00+00:00,2865.0,holiday/early_close,Thu 20:15,Sat 20:00,2014
2014-04-20 00:00:00+00:00,2014-04-21 00:00:00+00:00,1425.0,UNEXPLAINED,Sat 20:15,Sun 20:00,2014
2014-04-21 00:00:00+00:00,2014-04-22 00:00:00+00:00,1425.0,UNEXPLAINED,Sun 20:15,Mon 20:00,2014
2014-04-22 00:00:00+00:00,2014-04-23 00:00:00+00:00,1425.0,UNEXPLAINED,Mon 20:15,Tue 20:00,2014
2014-04-23 00:00:00+00:00,2014-04-24 00:00:00+00:00,1425.0,UNEXPLAINED,Tue 20:15,Wed 20:00,2014
2014-04-24 00:00:00+00:00,2014-04-25 00:00:00+00:00,1425.0,UNEXPLAINED,Wed 20:15,Thu 20:00,2014
2014-04-25 00:00:00+00:00,2014-04-27 00:00:00+00:00,2865.0,UNEXPLAINED,Thu 20:15,Sat 20:00,2014
2014-04-27 00:00:00+00:00,2014-04-28 00:00:00+00:00,1425.0,UNEXPLAINED,Sat 20:15,Sun 20:00,2014
2014-04-28 00:00:00+00:00,2014-04-29 00:00:00+00:00,1425.0,UNEXPLAINED,Sun 20:15,Mon 20:00,2014
2014-04-29 00:00:00+00:00,2014-04-30 00:00:00+00:00,1425.0,UNEXPLAINED,Mon 20:15,Tue 20:00,2014
2014-04-30 00:00:00+00:00,2014-05-01 00:00:00+00:00,1425.0,UNEXPLAINED,Tue 20:15,Wed 20:00,2014
2014-05-01 00:00:00+00:00,2014-05-02 00:00:00+00:00,1425.0,UNEXPLAINED,Wed 20:15,Thu 20:00,2014
2014-05-02 00:00:00+00:00,2014-05-04 00:00:00+00:00,2865.0,UNEXPLAINED,Thu 20:15,Sat 20:00,2014
2014-05-04 00:00:00+00:00,2014-05-05 00:00:00+00:00,1425.0,UNEXPLAINED,Sat 20:15,Sun 20:00,2014
2014-05-05 00:00:00+00:00,2014-05-06 00:00:00+00:00,1425.0,UNEXPLAINED,Sun 20:15,Mon 20:00,2014
2014-05-06 00:00:00+00:00,2014-05-07 00:00:00+00:00,1425.0,UNEXPLAINED,Mon 20:15,Tue 20:00,2014
2014-05-07 00:00:00+00:00,2014-05-08 00:00:00+00:00,1425.0,UNEXPLAINED,Tue 20:15,Wed 20:00,2014
2014-05-08 00:00:00+00:00,2014-05-09 00:00:00+00:00,1425.0,UNEXPLAINED,Wed 20:15,Thu 20:00,2014
2014-05-09 00:00:00+00:00,2014-05-11 00:00:00+00:00,2865.0,UNEXPLAINED,Thu 20:15,Sat 20:00,2014
2014-05-11 00:00:00+00:00,2014-05-12 00:00:00+00:00,1425.0,UNEXPLAINED,Sat 20:15,Sun 20:00,2014
2014-05-12 00:00:00+00:00,2014-05-13 00:00:00+00:00,1425.0,UNEXPLAINED,Sun 20:15,Mon 20:00,2014
2014-05-13 00:00:00+00:00,2014-05-14 00:00:00+00:00,1425.0,UNEXPLAINED,Mon 20:15,Tue 20:00,2014
2014-05-14 00:00:00+00:00,2014-05-15 00:00:00+00:00,1425.0,UNEXPLAINED,Tue 20:15,Wed 20:00,2014
2014-05-15 00:00:00+00:00,2014-05-16 00:00:00+00:00,1425.0,UNEXPLAINED,Wed 20:15,Thu 20:00,2014
2014-05-16 00:00:00+00:00,2014-05-18 00:00:00+00:00,2865.0,UNEXPLAINED,Thu 20:15,Sat 20:00,2014
2014-05-18 00:00:00+00:00,2014-05-19 00:00:00+00:00,1425.0,UNEXPLAINED,Sat 20:15,Sun 20:00,2014
2014-05-19 00:00:00+00:00,2014-05-20 00:00:00+00:00,1425.0,UNEXPLAINED,Sun 20:15,Mon 20:00,2014
2014-05-20 00:00:00+00:00,2014-05-21 00:00:00+00:00,1425.0,UNEXPLAINED,Mon 20:15,Tue 20:00,2014
2014-05-21 00:00:00+00:00,2014-05-22 00:00:00+00:00,1425.0,UNEXPLAINED,Tue 20:15,Wed 20:00,2014
2014-05-22 00:00:00+00:00,2014-05-23 00:00:00+00:00,1425.0,UNEXPLAINED,Wed 20:15,Thu 20:00,2014
2014-05-23 00:00:00+00:00,2014-05-25 00:00:00+00:00,2865.0,UNEXPLAINED,Thu 20:15,Sat 20:00,2014
2014-05-25 00:00:00+00:00,2014-05-26 00:00:00+00:00,1425.0,UNEXPLAINED,Sat 20:15,Sun 20:00,2014
2014-05-26 00:00:00+00:00,2014-05-27 00:00:00+00:00,1425.0,holiday/early_close,Sun 20:15,Mon 20:00,2014
2014-05-27 00:00:00+00:00,2014-05-28 00:00:00+00:00,1425.0,holiday/early_close,Mon 20:15,Tue 20:00,2014
2014-05-28 00:00:00+00:00,2014-05-29 00:00:00+00:00,1425.0,UNEXPLAINED,Tue 20:15,Wed 20:00,2014
2014-05-29 00:00:00+00:00,2014-05-30 00:00:00+00:00,1425.0,UNEXPLAINED,Wed 20:15,Thu 20:00,2014
2014-05-30 00:00:00+00:00,2014-06-01 00:00:00+00:00,2865.0,UNEXPLAINED,Thu 20:15,Sat 20:00,2014
2014-06-01 00:00:00+00:00,2014-06-02 00:00:00+00:00,1425.0,UNEXPLAINED,Sat 20:15,Sun 20:00,2014
2014-06-02 00:00:00+00:00,2014-06-03 00:00:00+00:00,1425.0,UNEXPLAINED,Sun 20:15,Mon 20:00,2014
2014-06-03 00:00:00+00:00,2014-06-04 00:00:00+00:00,1425.0,UNEXPLAINED,Mon 20:15,Tue 20:00,2014
2014-06-04 00:00:00+00:00,2014-06-05 00:00:00+00:00,1425.0,UNEXPLAINED,Tue 20:15,Wed 20:00,2014
2014-06-05 00:00:00+00:00,2014-06-06 00:00:00+00:00,1425.0,UNEXPLAINED,Wed 20:15,Thu 20:00,2014
2014-06-06 00:00:00+00:00,2014-06-08 00:00:00+00:00,2865.0,UNEXPLAINED,Thu 20:15,Sat 20:00,2014
2014-06-08 00:00:00+00:00,2014-06-09 00:00:00+00:00,1425.0,UNEXPLAINED,Sat 20:15,Sun 20:00,2014
2014-06-09 00:00:00+00:00,2014-06-10 00:00:00+00:00,1425.0,UNEXPLAINED,Sun 20:15,Mon 20:00,2014
2014-06-10 00:00:00+00:00,2014-06-11 00:00:00+00:00,1425.0,UNEXPLAINED,Mon 20:15,Tue 20:00,2014
2014-06-11 00:00:00+00:00,2014-06-12 00:00:00+00:00,1425.0,UNEXPLAINED,Tue 20:15,Wed 20:00,2014
2014-06-12 00:00:00+00:00,2014-06-13 00:00:00+00:00,1425.0,UNEXPLAINED,Wed 20:15,Thu 20:00,2014
2014-06-13 00:00:00+00:00,2014-06-15 00:00:00+00:00,2865.0,UNEXPLAINED,Thu 20:15,Sat 20:00,2014
2014-06-15 00:00:00+00:00,2014-06-16 00:00:00+00:00,1425.0,UNEXPLAINED,Sat 20:15,Sun 20:00,2014
2014-06-16 00:00:00+00:00,2014-06-17 00:00:00+00:00,1425.0,UNEXPLAINED,Sun 20:15,Mon 20:00,2014
2014-06-17 00:00:00+00:00,2014-06-18 00:00:00+00:00,1425.0,UNEXPLAINED,Mon 20:15,Tue 20:00,2014
2014-06-18 00:00:00+00:00,2014-06-19 00:00:00+00:00,1425.0,UNEXPLAINED,Tue 20:15,Wed 20:00,2014
2014-06-19 00:00:00+00:00,2014-06-20 00:00:00+00:00,1425.0,UNEXPLAINED,Wed 20:15,Thu 20:00,2014
2014-06-20 00:00:00+00:00,2014-06-22 00:00:00+00:00,2865.0,UNEXPLAINED,Thu 20:15,Sat 20:00,2014
2014-06-22 00:00:00+00:00,2014-06-23 00:00:00+00:00,1425.0,UNEXPLAINED,Sat 20:15,Sun 20:00,2014
2014-06-23 00:00:00+00:00,2014-06-24 00:00:00+00:00,1425.0,UNEXPLAINED,Sun 20:15,Mon 20:00,2014
2014-06-24 00:00:00+00:00,2014-06-25 00:00:00+00:00,1425.0,UNEXPLAINED,Mon 20:15,Tue 20:00,2014
2014-06-25 00:00:00+00:00,2014-06-26 00:00:00+00:00,1425.0,UNEXPLAINED,Tue 20:15,Wed 20:00,2014
2014-06-26 00:00:00+00:00,2014-06-27 00:00:00+00:00,1425.0,UNEXPLAINED,Wed 20:15,Thu 20:00,2014
2014-06-27 00:00:00+00:00,2014-06-29 00:00:00+00:00,2865.0,UNEXPLAINED,Thu 20:15,Sat 20:00,2014
2014-06-29 00:00:00+00:00,2014-06-30 00:00:00+00:00,1425.0,UNEXPLAINED,Sat 20:15,Sun 20:00,2014
2014-06-30 00:00:00+00:00,2014-07-01 00:00:00+00:00,1425.0,UNEXPLAINED,Sun 20:15,Mon 20:00,2014
2014-07-01 00:00:00+00:00,2014-07-02 00:00:00+00:00,1425.0,UNEXPLAINED,Mon 20:15,Tue 20:00,2014
2014-07-02 00:00:00+00:00,2014-07-03 00:00:00+00:00,1425.0,UNEXPLAINED,Tue 20:15,Wed 20:00,2014
2014-07-03 00:00:00+00:00,2014-07-04 00:00:00+00:00,1425.0,UNEXPLAINED,Wed 20:15,Thu 20:00,2014
2014-07-04 00:00:00+00:00,2014-07-06 00:00:00+00:00,2865.0,holiday/early_close,Thu 20:15,Sat 20:00,2014
2014-07-06 00:00:00+00:00,2014-07-07 00:00:00+00:00,1425.0,UNEXPLAINED,Sat 20:15,Sun 20:00,2014
2014-07-07 00:00:00+00:00,2014-07-08 00:00:00+00:00,1425.0,UNEXPLAINED,Sun 20:15,Mon 20:00,2014
2014-07-08 00:00:00+00:00,2014-07-09 00:00:00+00:00,1425.0,UNEXPLAINED,Mon 20:15,Tue 20:00,2014
2014-07-09 00:00:00+00:00,2014-07-10 00:00:00+00:00,1425.0,UNEXPLAINED,Tue 20:15,Wed 20:00,2014
2014-07-10 00:00:00+00:00,2014-07-11 00:00:00+00:00,1425.0,UNEXPLAINED,Wed 20:15,Thu 20:00,2014
2014-07-11 00:00:00+00:00,2014-07-13 00:00:00+00:00,2865.0,UNEXPLAINED,Thu 20:15,Sat 20:00,2014
2014-07-13 00:00:00+00:00,2014-07-14 00:00:00+00:00,1425.0,UNEXPLAINED,Sat 20:15,Sun 20:00,2014
2014-07-14 00:00:00+00:00,2014-07-15 00:00:00+00:00,1425.0,UNEXPLAINED,Sun 20:15,Mon 20:00,2014
2014-07-15 00:00:00+00:00,2014-07-16 00:00:00+00:00,1425.0,UNEXPLAINED,Mon 20:15,Tue 20:00,2014
2014-07-16 00:00:00+00:00,2014-07-17 00:00:00+00:00,1425.0,UNEXPLAINED,Tue 20:15,Wed 20:00,2014
2014-07-17 00:00:00+00:00,2014-07-18 00:00:00+00:00,1425.0,UNEXPLAINED,Wed 20:15,Thu 20:00,2014
2014-07-18 00:00:00+00:00,2014-07-20 00:00:00+00:00,2865.0,UNEXPLAINED,Thu 20:15,Sat 20:00,2014
2014-07-20 00:00:00+00:00,2014-07-21 00:00:00+00:00,1425.0,UNEXPLAINED,Sat 20:15,Sun 20:00,2014
2014-07-21 00:00:00+00:00,2014-07-22 00:00:00+00:00,1425.0,UNEXPLAINED,Sun 20:15,Mon 20:00,2014
2014-07-22 00:00:00+00:00,2014-07-23 00:00:00+00:00,1425.0,UNEXPLAINED,Mon 20:15,Tue 20:00,2014
2014-07-23 00:00:00+00:00,2014-07-24 00:00:00+00:00,1425.0,UNEXPLAINED,Tue 20:15,Wed 20:00,2014
2014-07-24 00:00:00+00:00,2014-07-25 00:00:00+00:00,1425.0,UNEXPLAINED,Wed 20:15,Thu 20:00,2014
2014-07-25 00:00:00+00:00,2014-07-27 00:00:00+00:00,2865.0,UNEXPLAINED,Thu 20:15,Sat 20:00,2014
2014-07-27 00:00:00+00:00,2014-07-28 00:00:00+00:00,1425.0,UNEXPLAINED,Sat 20:15,Sun 20:00,2014
2014-07-28 00:00:00+00:00,2014-07-29 00:00:00+00:00,1425.0,UNEXPLAINED,Sun 20:15,Mon 20:00,2014
2014-07-29 00:00:00+00:00,2014-07-30 00:00:00+00:00,1425.0,UNEXPLAINED,Mon 20:15,Tue 20:00,2014
2014-07-30 00:00:00+00:00,2014-07-31 00:00:00+00:00,1425.0,UNEXPLAINED,Tue 20:15,Wed 20:00,2014
2014-07-31 00:00:00+00:00,2014-08-01 00:00:00+00:00,1425.0,UNEXPLAINED,Wed 20:15,Thu 20:00,2014
2014-08-01 00:00:00+00:00,2014-08-03 00:00:00+00:00,2865.0,UNEXPLAINED,Thu 20:15,Sat 20:00,2014
2014-08-03 00:00:00+00:00,2014-08-04 00:00:00+00:00,1425.0,UNEXPLAINED,Sat 20:15,Sun 20:00,2014
2014-08-04 00:00:00+00:00,2014-08-05 00:00:00+00:00,1425.0,UNEXPLAINED,Sun 20:15,Mon 20:00,2014
2014-08-05 00:00:00+00:00,2014-08-06 00:00:00+00:00,1425.0,UNEXPLAINED,Mon 20:15,Tue 20:00,2014
2014-08-06 00:00:00+00:00,2014-08-07 00:00:00+00:00,1425.0,UNEXPLAINED,Tue 20:15,Wed 20:00,2014
2014-08-07 00:00:00+00:00,2014-08-08 00:00:00+00:00,1425.0,UNEXPLAINED,Wed 20:15,Thu 20:00,2014
2014-08-08 00:00:00+00:00,2014-08-10 00:00:00+00:00,2865.0,UNEXPLAINED,Thu 20:15,Sat 20:00,2014
2014-08-10 00:00:00+00:00,2014-08-11 00:00:00+00:00,1425.0,UNEXPLAINED,Sat 20:15,Sun 20:00,2014
2014-08-11 00:00:00+00:00,2014-08-12 00:00:00+00:00,1425.0,UNEXPLAINED,Sun 20:15,Mon 20:00,2014
2014-08-12 00:00:00+00:00,2014-08-13 00:00:00+00:00,1425.0,UNEXPLAINED,Mon 20:15,Tue 20:00,2014
2014-08-13 00:00:00+00:00,2014-08-14 00:00:00+00:00,1425.0,UNEXPLAINED,Tue 20:15,Wed 20:00,2014
2014-08-14 00:00:00+00:00,2014-08-15 00:00:00+00:00,1425.0,UNEXPLAINED,Wed 20:15,Thu 20:00,2014
2014-08-15 00:00:00+00:00,2014-08-17 00:00:00+00:00,2865.0,UNEXPLAINED,Thu 20:15,Sat 20:00,2014
2014-08-17 00:00:00+00:00,2014-08-18 00:00:00+00:00,1425.0,UNEXPLAINED,Sat 20:15,Sun 20:00,2014
2014-08-18 00:00:00+00:00,2014-08-19 00:00:00+00:00,1425.0,UNEXPLAINED,Sun 20:15,Mon 20:00,2014
2014-08-19 00:00:00+00:00,2014-08-20 00:00:00+00:00,1425.0,UNEXPLAINED,Mon 20:15,Tue 20:00,2014
2014-08-20 00:00:00+00:00,2014-08-21 00:00:00+00:00,1425.0,UNEXPLAINED,Tue 20:15,Wed 20:00,2014
2014-08-21 00:00:00+00:00,2014-08-22 00:00:00+00:00,1425.0,UNEXPLAINED,Wed 20:15,Thu 20:00,2014
2014-08-22 00:00:00+00:00,2014-08-24 00:00:00+00:00,2865.0,UNEXPLAINED,Thu 20:15,Sat 20:00,2014
2014-08-24 00:00:00+00:00,2014-08-25 00:00:00+00:00,1425.0,UNEXPLAINED,Sat 20:15,Sun 20:00,2014
2014-08-25 00:00:00+00:00,2014-08-26 00:00:00+00:00,1425.0,UNEXPLAINED,Sun 20:15,Mon 20:00,2014
2014-08-26 00:00:00+00:00,2014-08-27 00:00:00+00:00,1425.0,UNEXPLAINED,Mon 20:15,Tue 20:00,2014
2014-08-27 00:00:00+00:00,2014-08-28 00:00:00+00:00,1425.0,UNEXPLAINED,Tue 20:15,Wed 20:00,2014
2014-08-28 00:00:00+00:00,2014-08-29 00:00:00+00:00,1425.0,UNEXPLAINED,Wed 20:15,Thu 20:00,2014
2014-08-29 00:00:00+00:00,2014-08-31 00:00:00+00:00,2865.0,UNEXPLAINED,Thu 20:15,Sat 20:00,2014
2014-08-31 00:00:00+00:00,2014-09-01 00:00:00+00:00,1425.0,UNEXPLAINED,Sat 20:15,Sun 20:00,2014
2014-09-01 00:00:00+00:00,2014-09-02 00:00:00+00:00,1425.0,holiday/early_close,Sun 20:15,Mon 20:00,2014
2014-09-02 00:00:00+00:00,2014-09-03 00:00:00+00:00,1425.0,holiday/early_close,Mon 20:15,Tue 20:00,2014
2014-09-03 00:00:00+00:00,2014-09-04 00:00:00+00:00,1425.0,UNEXPLAINED,Tue 20:15,Wed 20:00,2014
2014-09-04 00:00:00+00:00,2014-09-05 00:00:00+00:00,1425.0,UNEXPLAINED,Wed 20:15,Thu 20:00,2014
2014-09-05 00:00:00+00:00,2014-09-07 00:00:00+00:00,2865.0,UNEXPLAINED,Thu 20:15,Sat 20:00,2014
2014-09-07 00:00:00+00:00,2014-09-08 00:00:00+00:00,1425.0,UNEXPLAINED,Sat 20:15,Sun 20:00,2014
2014-09-08 00:00:00+00:00,2014-09-09 00:00:00+00:00,1425.0,UNEXPLAINED,Sun 20:15,Mon 20:00,2014
2014-09-09 00:00:00+00:00,2014-09-10 00:00:00+00:00,1425.0,UNEXPLAINED,Mon 20:15,Tue 20:00,2014
2014-09-10 00:00:00+00:00,2014-09-11 00:00:00+00:00,1425.0,UNEXPLAINED,Tue 20:15,Wed 20:00,2014
2014-09-11 00:00:00+00:00,2014-09-12 00:00:00+00:00,1425.0,UNEXPLAINED,Wed 20:15,Thu 20:00,2014
2014-09-12 00:00:00+00:00,2014-09-14 00:00:00+00:00,2865.0,UNEXPLAINED,Thu 20:15,Sat 20:00,2014
2014-09-14 00:00:00+00:00,2014-09-15 00:00:00+00:00,1425.0,UNEXPLAINED,Sat 20:15,Sun 20:00,2014
2014-09-15 00:00:00+00:00,2014-09-16 00:00:00+00:00,1425.0,UNEXPLAINED,Sun 20:15,Mon 20:00,2014
2014-09-16 00:00:00+00:00,2014-09-17 00:00:00+00:00,1425.0,UNEXPLAINED,Mon 20:15,Tue 20:00,2014
2014-09-17 00:00:00+00:00,2014-09-18 00:00:00+00:00,1425.0,UNEXPLAINED,Tue 20:15,Wed 20:00,2014
2014-09-18 00:00:00+00:00,2014-09-19 00:00:00+00:00,1425.0,UNEXPLAINED,Wed 20:15,Thu 20:00,2014
2014-09-19 00:00:00+00:00,2014-09-21 00:00:00+00:00,2865.0,UNEXPLAINED,Thu 20:15,Sat 20:00,2014
2014-09-21 00:00:00+00:00,2014-09-22 00:00:00+00:00,1425.0,UNEXPLAINED,Sat 20:15,Sun 20:00,2014
2014-09-22 00:00:00+00:00,2014-09-23 00:00:00+00:00,1425.0,UNEXPLAINED,Sun 20:15,Mon 20:00,2014
2014-09-23 00:00:00+00:00,2014-09-24 00:00:00+00:00,1425.0,UNEXPLAINED,Mon 20:15,Tue 20:00,2014
2014-09-24 00:00:00+00:00,2014-09-25 00:00:00+00:00,1425.0,UNEXPLAINED,Tue 20:15,Wed 20:00,2014
2014-09-25 00:00:00+00:00,2014-09-26 00:00:00+00:00,1425.0,UNEXPLAINED,Wed 20:15,Thu 20:00,2014
2014-09-26 00:00:00+00:00,2014-09-28 00:00:00+00:00,2865.0,UNEXPLAINED,Thu 20:15,Sat 20:00,2014
2014-09-28 00:00:00+00:00,2014-09-29 00:00:00+00:00,1425.0,UNEXPLAINED,Sat 20:15,Sun 20:00,2014
2014-09-29 00:00:00+00:00,2014-09-30 00:00:00+00:00,1425.0,UNEXPLAINED,Sun 20:15,Mon 20:00,2014
2014-09-30 00:00:00+00:00,2014-10-01 00:00:00+00:00,1425.0,UNEXPLAINED,Mon 20:15,Tue 20:00,2014
2014-10-01 00:00:00+00:00,2014-10-02 00:00:00+00:00,1425.0,UNEXPLAINED,Tue 20:15,Wed 20:00,2014
2014-10-02 00:00:00+00:00,2014-10-03 00:00:00+00:00,1425.0,UNEXPLAINED,Wed 20:15,Thu 20:00,2014
2014-10-03 00:00:00+00:00,2014-10-05 00:00:00+00:00,2865.0,UNEXPLAINED,Thu 20:15,Sat 20:00,2014
2014-10-05 00:00:00+00:00,2014-10-06 00:00:00+00:00,1425.0,UNEXPLAINED,Sat 20:15,Sun 20:00,2014
2014-10-06 00:00:00+00:00,2014-10-07 00:00:00+00:00,1425.0,UNEXPLAINED,Sun 20:15,Mon 20:00,2014
2014-10-07 00:00:00+00:00,2014-10-08 00:00:00+00:00,1425.0,UNEXPLAINED,Mon 20:15,Tue 20:00,2014
2014-10-08 00:00:00+00:00,2014-10-09 00:00:00+00:00,1425.0,UNEXPLAINED,Tue 20:15,Wed 20:00,2014
2014-10-09 00:00:00+00:00,2014-10-10 00:00:00+00:00,1425.0,UNEXPLAINED,Wed 20:15,Thu 20:00,2014
2014-10-10 00:00:00+00:00,2014-10-12 00:00:00+00:00,2865.0,UNEXPLAINED,Thu 20:15,Sat 20:00,2014
2014-10-12 00:00:00+00:00,2014-10-13 00:00:00+00:00,1425.0,UNEXPLAINED,Sat 20:15,Sun 20:00,2014
2014-10-13 00:00:00+00:00,2014-10-14 00:00:00+00:00,1425.0,holiday/early_close,Sun 20:15,Mon 20:00,2014
2014-10-14 00:00:00+00:00,2014-10-15 00:00:00+00:00,1425.0,holiday/early_close,Mon 20:15,Tue 20:00,2014
2014-10-15 00:00:00+00:00,2014-10-16 00:00:00+00:00,1425.0,UNEXPLAINED,Tue 20:15,Wed 20:00,2014
2014-10-16 00:00:00+00:00,2014-10-17 00:00:00+00:00,1425.0,UNEXPLAINED,Wed 20:15,Thu 20:00,2014
2014-10-17 00:00:00+00:00,2014-10-19 00:00:00+00:00,2865.0,UNEXPLAINED,Thu 20:15,Sat 20:00,2014
2014-10-19 00:00:00+00:00,2014-10-20 00:00:00+00:00,1425.0,UNEXPLAINED,Sat 20:15,Sun 20:00,2014
2014-10-20 00:00:00+00:00,2014-10-21 00:00:00+00:00,1425.0,UNEXPLAINED,Sun 20:15,Mon 20:00,2014
2014-10-21 00:00:00+00:00,2014-10-22 00:00:00+00:00,1425.0,UNEXPLAINED,Mon 20:15,Tue 20:00,2014
2014-10-22 00:00:00+00:00,2014-10-23 00:00:00+00:00,1425.0,UNEXPLAINED,Tue 20:15,Wed 20:00,2014
2014-10-23 00:00:00+00:00,2014-10-24 00:00:00+00:00,1425.0,UNEXPLAINED,Wed 20:15,Thu 20:00,2014
2014-10-24 00:00:00+00:00,2014-10-26 00:00:00+00:00,2865.0,UNEXPLAINED,Thu 20:15,Sat 20:00,2014
2014-10-26 00:00:00+00:00,2014-10-27 00:00:00+00:00,1425.0,UNEXPLAINED,Sat 20:15,Sun 20:00,2014
2014-10-27 00:00:00+00:00,2014-10-28 00:00:00+00:00,1425.0,UNEXPLAINED,Sun 20:15,Mon 20:00,2014
2014-10-28 00:00:00+00:00,2014-10-29 00:00:00+00:00,1425.0,UNEXPLAINED,Mon 20:15,Tue 20:00,2014
2014-10-29 00:00:00+00:00,2014-10-30 00:00:00+00:00,1425.0,UNEXPLAINED,Tue 20:15,Wed 20:00,2014
2014-10-30 00:00:00+00:00,2014-10-31 00:00:00+00:00,1425.0,UNEXPLAINED,Wed 20:15,Thu 20:00,2014
2014-10-31 00:00:00+00:00,2014-11-02 00:00:00+00:00,2865.0,UNEXPLAINED,Thu 20:15,Sat 20:00,2014
2014-11-02 00:00:00+00:00,2014-11-03 00:00:00+00:00,1425.0,UNEXPLAINED,Sat 20:15,Sun 19:00,2014
2014-11-03 00:00:00+00:00,2014-11-04 00:00:00+00:00,1425.0,UNEXPLAINED,Sun 19:15,Mon 19:00,2014
2014-11-04 00:00:00+00:00,2014-11-05 00:00:00+00:00,1425.0,UNEXPLAINED,Mon 19:15,Tue 19:00,2014
2014-11-05 00:00:00+00:00,2014-11-06 00:00:00+00:00,1425.0,UNEXPLAINED,Tue 19:15,Wed 19:00,2014
2014-11-06 00:00:00+00:00,2014-11-07 00:00:00+00:00,1425.0,UNEXPLAINED,Wed 19:15,Thu 19:00,2014
2014-11-07 00:00:00+00:00,2014-11-09 00:00:00+00:00,2865.0,UNEXPLAINED,Thu 19:15,Sat 19:00,2014
2014-11-09 00:00:00+00:00,2014-11-10 00:00:00+00:00,1425.0,UNEXPLAINED,Sat 19:15,Sun 19:00,2014
2014-11-10 00:00:00+00:00,2014-11-11 00:00:00+00:00,1425.0,UNEXPLAINED,Sun 19:15,Mon 19:00,2014
2014-11-11 00:00:00+00:00,2014-11-12 00:00:00+00:00,1425.0,holiday/early_close,Mon 19:15,Tue 19:00,2014
2014-11-12 00:00:00+00:00,2014-11-13 00:00:00+00:00,1425.0,holiday/early_close,Tue 19:15,Wed 19:00,2014
2014-11-13 00:00:00+00:00,2014-11-14 00:00:00+00:00,1425.0,UNEXPLAINED,Wed 19:15,Thu 19:00,2014
2014-11-14 00:00:00+00:00,2014-11-16 00:00:00+00:00,2865.0,UNEXPLAINED,Thu 19:15,Sat 19:00,2014
2014-11-16 00:00:00+00:00,2014-11-17 00:00:00+00:00,1425.0,UNEXPLAINED,Sat 19:15,Sun 19:00,2014
2014-11-17 00:00:00+00:00,2014-11-18 00:00:00+00:00,1425.0,UNEXPLAINED,Sun 19:15,Mon 19:00,2014
2014-11-18 00:00:00+00:00,2014-11-19 00:00:00+00:00,1425.0,UNEXPLAINED,Mon 19:15,Tue 19:00,2014
2014-11-19 00:00:00+00:00,2014-11-20 00:00:00+00:00,1425.0,UNEXPLAINED,Tue 19:15,Wed 19:00,2014
2014-11-20 00:00:00+00:00,2014-11-21 00:00:00+00:00,1425.0,UNEXPLAINED,Wed 19:15,Thu 19:00,2014
2014-11-21 00:00:00+00:00,2014-11-23 00:00:00+00:00,2865.0,UNEXPLAINED,Thu 19:15,Sat 19:00,2014
2014-11-23 00:00:00+00:00,2014-11-24 00:00:00+00:00,1425.0,UNEXPLAINED,Sat 19:15,Sun 19:00,2014
2014-11-24 00:00:00+00:00,2014-11-25 00:00:00+00:00,1425.0,UNEXPLAINED,Sun 19:15,Mon 19:00,2014
2014-11-25 00:00:00+00:00,2014-11-26 00:00:00+00:00,1425.0,UNEXPLAINED,Mon 19:15,Tue 19:00,2014
2014-11-26 00:00:00+00:00,2014-11-27 00:00:00+00:00,1425.0,UNEXPLAINED,Tue 19:15,Wed 19:00,2014
2014-11-27 00:00:00+00:00,2014-11-28 00:00:00+00:00,1425.0,holiday/early_close,Wed 19:15,Thu 19:00,2014
2014-11-28 00:00:00+00:00,2014-11-30 00:00:00+00:00,2865.0,holiday/early_close,Thu 19:15,Sat 19:00,2014
2014-11-30 00:00:00+00:00,2014-12-01 00:00:00+00:00,1425.0,UNEXPLAINED,Sat 19:15,Sun 19:00,2014
2014-12-01 00:00:00+00:00,2014-12-02 00:00:00+00:00,1425.0,UNEXPLAINED,Sun 19:15,Mon 19:00,2014
2014-12-02 00:00:00+00:00,2014-12-03 00:00:00+00:00,1425.0,UNEXPLAINED,Mon 19:15,Tue 19:00,2014
2014-12-03 00:00:00+00:00,2014-12-04 00:00:00+00:00,1425.0,UNEXPLAINED,Tue 19:15,Wed 19:00,2014
2014-12-04 00:00:00+00:00,2014-12-05 00:00:00+00:00,1425.0,UNEXPLAINED,Wed 19:15,Thu 19:00,2014
2014-12-05 00:00:00+00:00,2014-12-07 00:00:00+00:00,2865.0,UNEXPLAINED,Thu 19:15,Sat 19:00,2014
2014-12-07 00:00:00+00:00,2014-12-08 00:00:00+00:00,1425.0,UNEXPLAINED,Sat 19:15,Sun 19:00,2014
2014-12-08 00:00:00+00:00,2014-12-09 00:00:00+00:00,1425.0,UNEXPLAINED,Sun 19:15,Mon 19:00,2014
2014-12-09 00:00:00+00:00,2014-12-10 00:00:00+00:00,1425.0,UNEXPLAINED,Mon 19:15,Tue 19:00,2014
2014-12-10 00:00:00+00:00,2014-12-11 00:00:00+00:00,1425.0,UNEXPLAINED,Tue 19:15,Wed 19:00,2014
2014-12-11 00:00:00+00:00,2014-12-12 00:00:00+00:00,1425.0,UNEXPLAINED,Wed 19:15,Thu 19:00,2014
2014-12-12 00:00:00+00:00,2014-12-14 00:00:00+00:00,2865.0,UNEXPLAINED,Thu 19:15,Sat 19:00,2014
2014-12-14 00:00:00+00:00,2014-12-15 00:00:00+00:00,1425.0,UNEXPLAINED,Sat 19:15,Sun 19:00,2014
2014-12-15 00:00:00+00:00,2014-12-16 00:00:00+00:00,1425.0,UNEXPLAINED,Sun 19:15,Mon 19:00,2014
2014-12-16 00:00:00+00:00,2014-12-17 00:00:00+00:00,1425.0,UNEXPLAINED,Mon 19:15,Tue 19:00,2014
2014-12-17 00:00:00+00:00,2014-12-18 00:00:00+00:00,1425.0,UNEXPLAINED,Tue 19:15,Wed 19:00,2014
2014-12-18 00:00:00+00:00,2014-12-19 00:00:00+00:00,1425.0,UNEXPLAINED,Wed 19:15,Thu 19:00,2014
2014-12-19 00:00:00+00:00,2014-12-21 00:00:00+00:00,2865.0,UNEXPLAINED,Thu 19:15,Sat 19:00,2014
2014-12-21 00:00:00+00:00,2014-12-22 00:00:00+00:00,1425.0,UNEXPLAINED,Sat 19:15,Sun 19:00,2014
2014-12-22 00:00:00+00:00,2014-12-23 00:00:00+00:00,1425.0,UNEXPLAINED,Sun 19:15,Mon 19:00,2014
2014-12-23 00:00:00+00:00,2014-12-24 00:00:00+00:00,1425.0,UNEXPLAINED,Mon 19:15,Tue 19:00,2014
2014-12-24 00:00:00+00:00,2014-12-25 00:00:00+00:00,1425.0,holiday/early_close,Tue 19:15,Wed 19:00,2014
2014-12-25 00:00:00+00:00,2014-12-26 00:00:00+00:00,1425.0,holiday/early_close,Wed 19:15,Thu 19:00,2014
2014-12-26 00:00:00+00:00,2014-12-28 00:00:00+00:00,2865.0,holiday/early_close,Thu 19:15,Sat 19:00,2014
2014-12-28 00:00:00+00:00,2014-12-29 00:00:00+00:00,1425.0,UNEXPLAINED,Sat 19:15,Sun 19:00,2014
2014-12-29 00:00:00+00:00,2014-12-30 00:00:00+00:00,1425.0,UNEXPLAINED,Sun 19:15,Mon 19:00,2014
2014-12-30 00:00:00+00:00,2014-12-31 00:00:00+00:00,1425.0,UNEXPLAINED,Mon 19:15,Tue 19:00,2014
2014-12-31 00:00:00+00:00,2015-01-01 00:00:00+00:00,1425.0,holiday/early_close,Tue 19:15,Wed 19:00,2014
2015-01-01 00:00:00+00:00,2015-01-02 00:00:00+00:00,1425.0,holiday/early_close,Wed 19:15,Thu 19:00,2015
2015-01-02 00:00:00+00:00,2015-01-04 00:00:00+00:00,2865.0,holiday/early_close,Thu 19:15,Sat 19:00,2015
2015-01-04 00:00:00+00:00,2015-01-05 00:00:00+00:00,1425.0,UNEXPLAINED,Sat 19:15,Sun 19:00,2015
2015-01-05 00:00:00+00:00,2015-01-06 00:00:00+00:00,1425.0,UNEXPLAINED,Sun 19:15,Mon 19:00,2015
2015-01-06 00:00:00+00:00,2015-01-07 00:00:00+00:00,1425.0,UNEXPLAINED,Mon 19:15,Tue 19:00,2015
2015-01-07 00:00:00+00:00,2015-01-08 00:00:00+00:00,1425.0,UNEXPLAINED,Tue 19:15,Wed 19:00,2015
2015-01-08 00:00:00+00:00,2015-01-09 00:00:00+00:00,1425.0,UNEXPLAINED,Wed 19:15,Thu 19:00,2015
2015-01-09 00:00:00+00:00,2015-01-11 00:00:00+00:00,2865.0,UNEXPLAINED,Thu 19:15,Sat 19:00,2015
2015-01-11 00:00:00+00:00,2015-01-12 00:00:00+00:00,1425.0,UNEXPLAINED,Sat 19:15,Sun 19:00,2015
2015-01-12 00:00:00+00:00,2015-01-13 00:00:00+00:00,1425.0,UNEXPLAINED,Sun 19:15,Mon 19:00,2015
2015-01-13 00:00:00+00:00,2015-01-14 00:00:00+00:00,1425.0,UNEXPLAINED,Mon 19:15,Tue 19:00,2015
2015-01-14 00:00:00+00:00,2015-01-15 00:00:00+00:00,1425.0,UNEXPLAINED,Tue 19:15,Wed 19:00,2015
2015-01-15 00:00:00+00:00,2015-01-16 00:00:00+00:00,1425.0,UNEXPLAINED,Wed 19:15,Thu 19:00,2015
2015-01-16 00:00:00+00:00,2015-01-18 00:00:00+00:00,2865.0,UNEXPLAINED,Thu 19:15,Sat 19:00,2015
2015-01-18 00:00:00+00:00,2015-01-19 00:00:00+00:00,1425.0,UNEXPLAINED,Sat 19:15,Sun 19:00,2015
2015-01-19 00:00:00+00:00,2015-01-20 00:00:00+00:00,1425.0,holiday/early_close,Sun 19:15,Mon 19:00,2015
2015-01-20 00:00:00+00:00,2015-01-21 00:00:00+00:00,1425.0,holiday/early_close,Mon 19:15,Tue 19:00,2015
2015-01-21 00:00:00+00:00,2015-01-22 00:00:00+00:00,1425.0,UNEXPLAINED,Tue 19:15,Wed 19:00,2015
2015-01-22 00:00:00+00:00,2015-01-23 00:00:00+00:00,1425.0,UNEXPLAINED,Wed 19:15,Thu 19:00,2015
2015-01-23 00:00:00+00:00,2015-01-25 00:00:00+00:00,2865.0,UNEXPLAINED,Thu 19:15,Sat 19:00,2015
2015-01-25 00:00:00+00:00,2015-01-26 00:00:00+00:00,1425.0,UNEXPLAINED,Sat 19:15,Sun 19:00,2015
2015-01-26 00:00:00+00:00,2015-01-27 00:00:00+00:00,1425.0,UNEXPLAINED,Sun 19:15,Mon 19:00,2015
2015-01-27 00:00:00+00:00,2015-01-28 00:00:00+00:00,1425.0,UNEXPLAINED,Mon 19:15,Tue 19:00,2015
2015-01-28 00:00:00+00:00,2015-01-29 00:00:00+00:00,1425.0,UNEXPLAINED,Tue 19:15,Wed 19:00,2015
2015-01-29 00:00:00+00:00,2015-01-30 00:00:00+00:00,1425.0,UNEXPLAINED,Wed 19:15,Thu 19:00,2015
2015-01-30 00:00:00+00:00,2015-02-01 00:00:00+00:00,2865.0,UNEXPLAINED,Thu 19:15,Sat 19:00,2015
2015-02-01 00:00:00+00:00,2015-02-02 00:00:00+00:00,1425.0,UNEXPLAINED,Sat 19:15,Sun 19:00,2015
2015-02-02 00:00:00+00:00,2015-02-03 00:00:00+00:00,1425.0,UNEXPLAINED,Sun 19:15,Mon 19:00,2015
2015-02-03 00:00:00+00:00,2015-02-04 00:00:00+00:00,1425.0,UNEXPLAINED,Mon 19:15,Tue 19:00,2015
2015-02-04 00:00:00+00:00,2015-02-05 00:00:00+00:00,1425.0,UNEXPLAINED,Tue 19:15,Wed 19:00,2015
2015-02-05 00:00:00+00:00,2015-02-06 00:00:00+00:00,1425.0,UNEXPLAINED,Wed 19:15,Thu 19:00,2015
2015-02-06 00:00:00+00:00,2015-02-08 00:00:00+00:00,2865.0,UNEXPLAINED,Thu 19:15,Sat 19:00,2015
2015-02-08 00:00:00+00:00,2015-02-09 00:00:00+00:00,1425.0,UNEXPLAINED,Sat 19:15,Sun 19:00,2015
2015-02-09 00:00:00+00:00,2015-02-10 00:00:00+00:00,1425.0,UNEXPLAINED,Sun 19:15,Mon 19:00,2015
2015-02-10 00:00:00+00:00,2015-02-11 00:00:00+00:00,1425.0,UNEXPLAINED,Mon 19:15,Tue 19:00,2015
2015-02-11 00:00:00+00:00,2015-02-12 00:00:00+00:00,1425.0,UNEXPLAINED,Tue 19:15,Wed 19:00,2015
2015-02-12 00:00:00+00:00,2015-02-13 00:00:00+00:00,1425.0,UNEXPLAINED,Wed 19:15,Thu 19:00,2015
2015-02-13 00:00:00+00:00,2015-02-15 00:00:00+00:00,2865.0,UNEXPLAINED,Thu 19:15,Sat 19:00,2015
2015-02-15 00:00:00+00:00,2015-02-16 00:00:00+00:00,1425.0,UNEXPLAINED,Sat 19:15,Sun 19:00,2015
2015-02-16 00:00:00+00:00,2015-02-17 00:00:00+00:00,1425.0,holiday/early_close,Sun 19:15,Mon 19:00,2015
2015-02-17 00:00:00+00:00,2015-02-18 00:00:00+00:00,1425.0,holiday/early_close,Mon 19:15,Tue 19:00,2015
2015-02-18 00:00:00+00:00,2015-02-19 00:00:00+00:00,1425.0,UNEXPLAINED,Tue 19:15,Wed 19:00,2015
2015-02-19 00:00:00+00:00,2015-02-20 00:00:00+00:00,1425.0,UNEXPLAINED,Wed 19:15,Thu 19:00,2015
2015-02-20 00:00:00+00:00,2015-02-22 00:00:00+00:00,2865.0,UNEXPLAINED,Thu 19:15,Sat 19:00,2015
2015-02-22 00:00:00+00:00,2015-02-23 00:00:00+00:00,1425.0,UNEXPLAINED,Sat 19:15,Sun 19:00,2015
2015-02-23 00:00:00+00:00,2015-02-24 00:00:00+00:00,1425.0,UNEXPLAINED,Sun 19:15,Mon 19:00,2015
2015-02-24 00:00:00+00:00,2015-02-25 00:00:00+00:00,1425.0,UNEXPLAINED,Mon 19:15,Tue 19:00,2015
2015-02-25 00:00:00+00:00,2015-02-26 00:00:00+00:00,1425.0,UNEXPLAINED,Tue 19:15,Wed 19:00,2015
2015-02-26 00:00:00+00:00,2015-02-27 00:00:00+00:00,1425.0,UNEXPLAINED,Wed 19:15,Thu 19:00,2015
2015-02-27 00:00:00+00:00,2015-03-01 00:00:00+00:00,2865.0,UNEXPLAINED,Thu 19:15,Sat 19:00,2015
2015-03-01 00:00:00+00:00,2015-03-02 00:00:00+00:00,1425.0,UNEXPLAINED,Sat 19:15,Sun 19:00,2015
2015-03-02 00:00:00+00:00,2015-03-03 00:00:00+00:00,1425.0,UNEXPLAINED,Sun 19:15,Mon 19:00,2015
2015-03-03 00:00:00+00:00,2015-03-04 00:00:00+00:00,1425.0,UNEXPLAINED,Mon 19:15,Tue 19:00,2015
2015-03-04 00:00:00+00:00,2015-03-05 00:00:00+00:00,1425.0,UNEXPLAINED,Tue 19:15,Wed 19:00,2015
2015-03-05 00:00:00+00:00,2015-03-06 00:00:00+00:00,1425.0,UNEXPLAINED,Wed 19:15,Thu 19:00,2015
2015-03-06 00:00:00+00:00,2015-03-08 00:00:00+00:00,2865.0,UNEXPLAINED,Thu 19:15,Sat 19:00,2015
2015-03-08 00:00:00+00:00,2015-03-09 00:00:00+00:00,1425.0,UNEXPLAINED,Sat 19:15,Sun 20:00,2015
2015-03-09 00:00:00+00:00,2015-03-10 00:00:00+00:00,1425.0,UNEXPLAINED,Sun 20:15,Mon 20:00,2015
2015-03-10 00:00:00+00:00,2015-03-11 00:00:00+00:00,1425.0,UNEXPLAINED,Mon 20:15,Tue 20:00,2015
2015-03-11 00:00:00+00:00,2015-03-12 00:00:00+00:00,1425.0,UNEXPLAINED,Tue 20:15,Wed 20:00,2015
2015-03-12 00:00:00+00:00,2015-03-13 00:00:00+00:00,1425.0,UNEXPLAINED,Wed 20:15,Thu 20:00,2015
2015-03-13 00:00:00+00:00,2015-03-15 00:00:00+00:00,2865.0,UNEXPLAINED,Thu 20:15,Sat 20:00,2015
2015-03-15 00:00:00+00:00,2015-03-16 00:00:00+00:00,1425.0,UNEXPLAINED,Sat 20:15,Sun 20:00,2015
2015-03-16 00:00:00+00:00,2015-03-17 00:00:00+00:00,1425.0,UNEXPLAINED,Sun 20:15,Mon 20:00,2015
2015-03-17 00:00:00+00:00,2015-03-18 00:00:00+00:00,1425.0,UNEXPLAINED,Mon 20:15,Tue 20:00,2015
2015-03-18 00:00:00+00:00,2015-03-19 00:00:00+00:00,1425.0,UNEXPLAINED,Tue 20:15,Wed 20:00,2015
2015-03-19 00:00:00+00:00,2015-03-20 00:00:00+00:00,1425.0,UNEXPLAINED,Wed 20:15,Thu 20:00,2015
2015-03-20 00:00:00+00:00,2015-03-22 00:00:00+00:00,2865.0,UNEXPLAINED,Thu 20:15,Sat 20:00,2015
2015-03-22 00:00:00+00:00,2015-03-23 00:00:00+00:00,1425.0,UNEXPLAINED,Sat 20:15,Sun 20:00,2015
2015-03-23 00:00:00+00:00,2015-03-24 00:00:00+00:00,1425.0,UNEXPLAINED,Sun 20:15,Mon 20:00,2015
2015-03-24 00:00:00+00:00,2015-03-25 00:00:00+00:00,1425.0,UNEXPLAINED,Mon 20:15,Tue 20:00,2015
2015-03-25 00:00:00+00:00,2015-03-26 00:00:00+00:00,1425.0,UNEXPLAINED,Tue 20:15,Wed 20:00,2015
2015-03-26 00:00:00+00:00,2015-03-27 00:00:00+00:00,1425.0,UNEXPLAINED,Wed 20:15,Thu 20:00,2015
2015-03-27 00:00:00+00:00,2015-03-29 00:00:00+00:00,2865.0,UNEXPLAINED,Thu 20:15,Sat 20:00,2015
2015-03-29 00:00:00+00:00,2015-03-30 00:00:00+00:00,1425.0,UNEXPLAINED,Sat 20:15,Sun 20:00,2015
2015-03-30 00:00:00+00:00,2015-03-31 00:00:00+00:00,1425.0,UNEXPLAINED,Sun 20:15,Mon 20:00,2015
2015-03-31 00:00:00+00:00,2015-04-01 00:00:00+00:00,1425.0,UNEXPLAINED,Mon 20:15,Tue 20:00,2015
2015-04-01 00:00:00+00:00,2015-04-02 00:00:00+00:00,1425.0,UNEXPLAINED,Tue 20:15,Wed 20:00,2015
2015-04-02 00:00:00+00:00,2015-04-03 00:00:00+00:00,1425.0,UNEXPLAINED,Wed 20:15,Thu 20:00,2015
2015-04-03 00:00:00+00:00,2015-04-05 00:00:00+00:00,2865.0,holiday/early_close,Thu 20:15,Sat 20:00,2015
2015-04-05 00:00:00+00:00,2015-04-06 00:00:00+00:00,1425.0,UNEXPLAINED,Sat 20:15,Sun 20:00,2015
2015-04-06 00:00:00+00:00,2015-04-07 00:00:00+00:00,1425.0,UNEXPLAINED,Sun 20:15,Mon 20:00,2015
2015-04-07 00:00:00+00:00,2015-04-08 00:00:00+00:00,1425.0,UNEXPLAINED,Mon 20:15,Tue 20:00,2015
2015-04-08 00:00:00+00:00,2015-04-09 00:00:00+00:00,1425.0,UNEXPLAINED,Tue 20:15,Wed 20:00,2015
2015-04-09 00:00:00+00:00,2015-04-10 00:00:00+00:00,1425.0,UNEXPLAINED,Wed 20:15,Thu 20:00,2015
2015-04-10 00:00:00+00:00,2015-04-12 00:00:00+00:00,2865.0,UNEXPLAINED,Thu 20:15,Sat 20:00,2015
2015-04-12 00:00:00+00:00,2015-04-13 00:00:00+00:00,1425.0,UNEXPLAINED,Sat 20:15,Sun 20:00,2015
2015-04-13 00:00:00+00:00,2015-04-14 00:00:00+00:00,1425.0,UNEXPLAINED,Sun 20:15,Mon 20:00,2015
2015-04-14 00:00:00+00:00,2015-04-15 00:00:00+00:00,1425.0,UNEXPLAINED,Mon 20:15,Tue 20:00,2015
2015-04-15 00:00:00+00:00,2015-04-16 00:00:00+00:00,1425.0,UNEXPLAINED,Tue 20:15,Wed 20:00,2015
2015-04-16 00:00:00+00:00,2015-04-17 00:00:00+00:00,1425.0,UNEXPLAINED,Wed 20:15,Thu 20:00,2015
2015-04-17 00:00:00+00:00,2015-04-19 00:00:00+00:00,2865.0,UNEXPLAINED,Thu 20:15,Sat 20:00,2015
2015-04-19 00:00:00+00:00,2015-04-20 00:00:00+00:00,1425.0,UNEXPLAINED,Sat 20:15,Sun 20:00,2015
2015-04-20 00:00:00+00:00,2015-04-21 00:00:00+00:00,1425.0,UNEXPLAINED,Sun 20:15,Mon 20:00,2015
2015-04-21 00:00:00+00:00,2015-04-22 00:00:00+00:00,1425.0,UNEXPLAINED,Mon 20:15,Tue 20:00,2015
2015-04-22 00:00:00+00:00,2015-04-23 00:00:00+00:00,1425.0,UNEXPLAINED,Tue 20:15,Wed 20:00,2015
2015-04-23 00:00:00+00:00,2015-04-24 00:00:00+00:00,1425.0,UNEXPLAINED,Wed 20:15,Thu 20:00,2015
2015-04-24 00:00:00+00:00,2015-04-26 00:00:00+00:00,2865.0,UNEXPLAINED,Thu 20:15,Sat 20:00,2015
2015-04-26 00:00:00+00:00,2015-04-27 00:00:00+00:00,1425.0,UNEXPLAINED,Sat 20:15,Sun 20:00,2015
2015-04-27 00:00:00+00:00,2015-04-28 00:00:00+00:00,1425.0,UNEXPLAINED,Sun 20:15,Mon 20:00,2015
2015-04-28 00:00:00+00:00,2015-04-29 00:00:00+00:00,1425.0,UNEXPLAINED,Mon 20:15,Tue 20:00,2015
2015-04-29 00:00:00+00:00,2015-04-30 00:00:00+00:00,1425.0,UNEXPLAINED,Tue 20:15,Wed 20:00,2015
2015-04-30 00:00:00+00:00,2015-05-01 00:00:00+00:00,1425.0,UNEXPLAINED,Wed 20:15,Thu 20:00,2015
2015-05-01 00:00:00+00:00,2015-05-03 00:00:00+00:00,2865.0,UNEXPLAINED,Thu 20:15,Sat 20:00,2015
2015-05-03 00:00:00+00:00,2015-05-04 00:00:00+00:00,1425.0,UNEXPLAINED,Sat 20:15,Sun 20:00,2015
2015-05-04 00:00:00+00:00,2015-05-05 00:00:00+00:00,1425.0,UNEXPLAINED,Sun 20:15,Mon 20:00,2015
2015-05-05 00:00:00+00:00,2015-05-06 00:00:00+00:00,1425.0,UNEXPLAINED,Mon 20:15,Tue 20:00,2015
2015-05-06 00:00:00+00:00,2015-05-07 00:00:00+00:00,1425.0,UNEXPLAINED,Tue 20:15,Wed 20:00,2015
2015-05-07 00:00:00+00:00,2015-05-08 00:00:00+00:00,1425.0,UNEXPLAINED,Wed 20:15,Thu 20:00,2015
2015-05-08 00:00:00+00:00,2015-05-10 00:00:00+00:00,2865.0,UNEXPLAINED,Thu 20:15,Sat 20:00,2015
2015-05-10 00:00:00+00:00,2015-05-11 00:00:00+00:00,1425.0,UNEXPLAINED,Sat 20:15,Sun 20:00,2015
2015-05-11 00:00:00+00:00,2015-05-12 00:00:00+00:00,1425.0,UNEXPLAINED,Sun 20:15,Mon 20:00,2015
2015-05-12 00:00:00+00:00,2015-05-13 00:00:00+00:00,1425.0,UNEXPLAINED,Mon 20:15,Tue 20:00,2015
2015-05-13 00:00:00+00:00,2015-05-14 00:00:00+00:00,1425.0,UNEXPLAINED,Tue 20:15,Wed 20:00,2015
2015-05-14 00:00:00+00:00,2015-05-15 00:00:00+00:00,1425.0,UNEXPLAINED,Wed 20:15,Thu 20:00,2015
2015-05-15 00:00:00+00:00,2015-05-17 00:00:00+00:00,2865.0,UNEXPLAINED,Thu 20:15,Sat 20:00,2015
2015-05-17 00:00:00+00:00,2015-05-18 00:00:00+00:00,1425.0,UNEXPLAINED,Sat 20:15,Sun 20:00,2015
2015-05-18 00:00:00+00:00,2015-05-19 00:00:00+00:00,1425.0,UNEXPLAINED,Sun 20:15,Mon 20:00,2015
2015-05-19 00:00:00+00:00,2015-05-20 00:00:00+00:00,1425.0,UNEXPLAINED,Mon 20:15,Tue 20:00,2015
2015-05-20 00:00:00+00:00,2015-05-21 00:00:00+00:00,1425.0,UNEXPLAINED,Tue 20:15,Wed 20:00,2015
2015-05-21 00:00:00+00:00,2015-05-22 00:00:00+00:00,1425.0,UNEXPLAINED,Wed 20:15,Thu 20:00,2015
2015-05-22 00:00:00+00:00,2015-05-24 00:00:00+00:00,2865.0,UNEXPLAINED,Thu 20:15,Sat 20:00,2015
2015-05-24 00:00:00+00:00,2015-05-25 00:00:00+00:00,1425.0,UNEXPLAINED,Sat 20:15,Sun 20:00,2015
2015-05-25 00:00:00+00:00,2015-05-26 00:00:00+00:00,1425.0,holiday/early_close,Sun 20:15,Mon 20:00,2015
2015-05-26 00:00:00+00:00,2015-05-27 00:00:00+00:00,1425.0,holiday/early_close,Mon 20:15,Tue 20:00,2015
2015-05-27 00:00:00+00:00,2015-05-28 00:00:00+00:00,1425.0,UNEXPLAINED,Tue 20:15,Wed 20:00,2015
2015-05-28 00:00:00+00:00,2015-05-29 00:00:00+00:00,1425.0,UNEXPLAINED,Wed 20:15,Thu 20:00,2015
2015-05-29 00:00:00+00:00,2015-05-31 00:00:00+00:00,2865.0,UNEXPLAINED,Thu 20:15,Sat 20:00,2015
2015-05-31 00:00:00+00:00,2015-06-01 00:00:00+00:00,1425.0,UNEXPLAINED,Sat 20:15,Sun 20:00,2015
2015-06-01 00:00:00+00:00,2015-06-02 00:00:00+00:00,1425.0,UNEXPLAINED,Sun 20:15,Mon 20:00,2015
2015-06-02 00:00:00+00:00,2015-06-03 00:00:00+00:00,1425.0,UNEXPLAINED,Mon 20:15,Tue 20:00,2015
2015-06-03 00:00:00+00:00,2015-06-04 00:00:00+00:00,1425.0,UNEXPLAINED,Tue 20:15,Wed 20:00,2015
2015-06-04 00:00:00+00:00,2015-06-05 00:00:00+00:00,1425.0,UNEXPLAINED,Wed 20:15,Thu 20:00,2015
2015-06-05 00:00:00+00:00,2015-06-07 00:00:00+00:00,2865.0,UNEXPLAINED,Thu 20:15,Sat 20:00,2015
2015-06-07 00:00:00+00:00,2015-06-08 00:00:00+00:00,1425.0,UNEXPLAINED,Sat 20:15,Sun 20:00,2015
2015-06-08 00:00:00+00:00,2015-06-09 00:00:00+00:00,1425.0,UNEXPLAINED,Sun 20:15,Mon 20:00,2015
2015-06-09 00:00:00+00:00,2015-06-10 00:00:00+00:00,1425.0,UNEXPLAINED,Mon 20:15,Tue 20:00,2015
2015-06-10 00:00:00+00:00,2015-06-11 00:00:00+00:00,1425.0,UNEXPLAINED,Tue 20:15,Wed 20:00,2015
2015-06-11 00:00:00+00:00,2015-06-12 00:00:00+00:00,1425.0,UNEXPLAINED,Wed 20:15,Thu 20:00,2015
2015-06-12 00:00:00+00:00,2015-06-14 00:00:00+00:00,2865.0,UNEXPLAINED,Thu 20:15,Sat 20:00,2015
2015-06-14 00:00:00+00:00,2015-06-15 00:00:00+00:00,1425.0,UNEXPLAINED,Sat 20:15,Sun 20:00,2015
2015-06-15 00:00:00+00:00,2015-06-16 00:00:00+00:00,1425.0,UNEXPLAINED,Sun 20:15,Mon 20:00,2015
2015-06-16 00:00:00+00:00,2015-06-17 00:00:00+00:00,1425.0,UNEXPLAINED,Mon 20:15,Tue 20:00,2015
2015-06-17 00:00:00+00:00,2015-06-18 00:00:00+00:00,1425.0,UNEXPLAINED,Tue 20:15,Wed 20:00,2015
2015-06-18 00:00:00+00:00,2015-06-19 00:00:00+00:00,1425.0,UNEXPLAINED,Wed 20:15,Thu 20:00,2015
2015-06-19 00:00:00+00:00,2015-06-21 00:00:00+00:00,2865.0,UNEXPLAINED,Thu 20:15,Sat 20:00,2015
2015-06-21 00:00:00+00:00,2015-06-22 00:00:00+00:00,1425.0,UNEXPLAINED,Sat 20:15,Sun 20:00,2015
2015-06-22 00:00:00+00:00,2015-06-23 00:00:00+00:00,1425.0,UNEXPLAINED,Sun 20:15,Mon 20:00,2015
2015-06-23 00:00:00+00:00,2015-06-24 00:00:00+00:00,1425.0,UNEXPLAINED,Mon 20:15,Tue 20:00,2015
2015-06-24 00:00:00+00:00,2015-06-25 00:00:00+00:00,1425.0,UNEXPLAINED,Tue 20:15,Wed 20:00,2015
2015-06-25 00:00:00+00:00,2015-06-26 00:00:00+00:00,1425.0,UNEXPLAINED,Wed 20:15,Thu 20:00,2015
2015-06-26 00:00:00+00:00,2015-06-28 00:00:00+00:00,2865.0,UNEXPLAINED,Thu 20:15,Sat 20:00,2015
2015-06-28 00:00:00+00:00,2015-06-29 00:00:00+00:00,1425.0,UNEXPLAINED,Sat 20:15,Sun 20:00,2015
2015-06-29 00:00:00+00:00,2015-06-30 00:00:00+00:00,1425.0,UNEXPLAINED,Sun 20:15,Mon 20:00,2015
2015-06-30 00:00:00+00:00,2015-07-01 00:00:00+00:00,1425.0,UNEXPLAINED,Mon 20:15,Tue 20:00,2015
2015-07-01 00:00:00+00:00,2015-07-02 00:00:00+00:00,1425.0,UNEXPLAINED,Tue 20:15,Wed 20:00,2015
2015-07-02 00:00:00+00:00,2015-07-03 00:00:00+00:00,1425.0,UNEXPLAINED,Wed 20:15,Thu 20:00,2015
2015-07-03 00:00:00+00:00,2015-07-05 00:00:00+00:00,2865.0,holiday/early_close,Thu 20:15,Sat 20:00,2015
2015-07-05 00:00:00+00:00,2015-07-06 00:00:00+00:00,1425.0,UNEXPLAINED,Sat 20:15,Sun 20:00,2015
2015-07-06 00:00:00+00:00,2015-07-07 00:00:00+00:00,1425.0,UNEXPLAINED,Sun 20:15,Mon 20:00,2015
2015-07-07 00:00:00+00:00,2015-07-08 00:00:00+00:00,1425.0,UNEXPLAINED,Mon 20:15,Tue 20:00,2015
2015-07-08 00:00:00+00:00,2015-07-09 00:00:00+00:00,1425.0,UNEXPLAINED,Tue 20:15,Wed 20:00,2015
2015-07-09 00:00:00+00:00,2015-07-10 00:00:00+00:00,1425.0,UNEXPLAINED,Wed 20:15,Thu 20:00,2015
2015-07-10 00:00:00+00:00,2015-07-12 00:00:00+00:00,2865.0,UNEXPLAINED,Thu 20:15,Sat 20:00,2015
2015-07-12 00:00:00+00:00,2015-07-13 00:00:00+00:00,1425.0,UNEXPLAINED,Sat 20:15,Sun 20:00,2015
2015-07-13 00:00:00+00:00,2015-07-14 00:00:00+00:00,1425.0,UNEXPLAINED,Sun 20:15,Mon 20:00,2015
2015-07-14 00:00:00+00:00,2015-07-15 00:00:00+00:00,1425.0,UNEXPLAINED,Mon 20:15,Tue 20:00,2015
2015-07-15 00:00:00+00:00,2015-07-16 00:00:00+00:00,1425.0,UNEXPLAINED,Tue 20:15,Wed 20:00,2015
2015-07-16 00:00:00+00:00,2015-07-17 00:00:00+00:00,1425.0,UNEXPLAINED,Wed 20:15,Thu 20:00,2015
2015-07-17 00:00:00+00:00,2015-07-19 00:00:00+00:00,2865.0,UNEXPLAINED,Thu 20:15,Sat 20:00,2015
2015-07-19 00:00:00+00:00,2015-07-20 00:00:00+00:00,1425.0,UNEXPLAINED,Sat 20:15,Sun 20:00,2015
2015-07-20 00:00:00+00:00,2015-07-21 00:00:00+00:00,1425.0,UNEXPLAINED,Sun 20:15,Mon 20:00,2015
2015-07-21 00:00:00+00:00,2015-07-22 00:00:00+00:00,1425.0,UNEXPLAINED,Mon 20:15,Tue 20:00,2015
2015-07-22 00:00:00+00:00,2015-07-23 00:00:00+00:00,1425.0,UNEXPLAINED,Tue 20:15,Wed 20:00,2015
2015-07-23 00:00:00+00:00,2015-07-24 00:00:00+00:00,1425.0,UNEXPLAINED,Wed 20:15,Thu 20:00,2015
2015-07-24 00:00:00+00:00,2015-07-26 00:00:00+00:00,2865.0,UNEXPLAINED,Thu 20:15,Sat 20:00,2015
2015-07-26 00:00:00+00:00,2015-07-27 00:00:00+00:00,1425.0,UNEXPLAINED,Sat 20:15,Sun 20:00,2015
2015-07-27 00:00:00+00:00,2015-07-28 00:00:00+00:00,1425.0,UNEXPLAINED,Sun 20:15,Mon 20:00,2015
2015-07-28 00:00:00+00:00,2015-07-29 00:00:00+00:00,1425.0,UNEXPLAINED,Mon 20:15,Tue 20:00,2015
2015-07-29 00:00:00+00:00,2015-07-30 00:00:00+00:00,1425.0,UNEXPLAINED,Tue 20:15,Wed 20:00,2015
2015-07-30 00:00:00+00:00,2015-07-31 00:00:00+00:00,1425.0,UNEXPLAINED,Wed 20:15,Thu 20:00,2015
2015-07-31 00:00:00+00:00,2015-08-02 00:00:00+00:00,2865.0,UNEXPLAINED,Thu 20:15,Sat 20:00,2015
2015-08-02 00:00:00+00:00,2015-08-03 00:00:00+00:00,1425.0,UNEXPLAINED,Sat 20:15,Sun 20:00,2015
2015-08-03 00:00:00+00:00,2015-08-04 00:00:00+00:00,1425.0,UNEXPLAINED,Sun 20:15,Mon 20:00,2015
2015-08-04 00:00:00+00:00,2015-08-05 00:00:00+00:00,1425.0,UNEXPLAINED,Mon 20:15,Tue 20:00,2015
2015-08-05 00:00:00+00:00,2015-08-06 00:00:00+00:00,1425.0,UNEXPLAINED,Tue 20:15,Wed 20:00,2015
2015-08-06 00:00:00+00:00,2015-08-07 00:00:00+00:00,1425.0,UNEXPLAINED,Wed 20:15,Thu 20:00,2015
2015-08-07 00:00:00+00:00,2015-08-09 00:00:00+00:00,2865.0,UNEXPLAINED,Thu 20:15,Sat 20:00,2015
2015-08-09 00:00:00+00:00,2015-08-10 00:00:00+00:00,1425.0,UNEXPLAINED,Sat 20:15,Sun 20:00,2015
2015-08-10 00:00:00+00:00,2015-08-11 00:00:00+00:00,1425.0,UNEXPLAINED,Sun 20:15,Mon 20:00,2015
2015-08-11 00:00:00+00:00,2015-08-12 00:00:00+00:00,1425.0,UNEXPLAINED,Mon 20:15,Tue 20:00,2015
2015-08-12 00:00:00+00:00,2015-08-13 00:00:00+00:00,1425.0,UNEXPLAINED,Tue 20:15,Wed 20:00,2015
2015-08-13 00:00:00+00:00,2015-08-14 00:00:00+00:00,1425.0,UNEXPLAINED,Wed 20:15,Thu 20:00,2015
2015-08-14 00:00:00+00:00,2015-08-16 00:00:00+00:00,2865.0,UNEXPLAINED,Thu 20:15,Sat 20:00,2015
2015-08-16 00:00:00+00:00,2015-08-17 00:00:00+00:00,1425.0,UNEXPLAINED,Sat 20:15,Sun 20:00,2015
2015-08-17 00:00:00+00:00,2015-08-18 00:00:00+00:00,1425.0,UNEXPLAINED,Sun 20:15,Mon 20:00,2015
2015-08-18 00:00:00+00:00,2015-08-19 00:00:00+00:00,1425.0,UNEXPLAINED,Mon 20:15,Tue 20:00,2015
2015-08-19 00:00:00+00:00,2015-08-20 00:00:00+00:00,1425.0,UNEXPLAINED,Tue 20:15,Wed 20:00,2015
2015-08-20 00:00:00+00:00,2015-08-21 00:00:00+00:00,1425.0,UNEXPLAINED,Wed 20:15,Thu 20:00,2015
2015-08-21 00:00:00+00:00,2015-08-23 00:00:00+00:00,2865.0,UNEXPLAINED,Thu 20:15,Sat 20:00,2015
2015-08-23 00:00:00+00:00,2015-08-24 00:00:00+00:00,1425.0,UNEXPLAINED,Sat 20:15,Sun 20:00,2015
2015-08-24 00:00:00+00:00,2015-08-25 00:00:00+00:00,1425.0,UNEXPLAINED,Sun 20:15,Mon 20:00,2015
2015-08-25 00:00:00+00:00,2015-08-26 00:00:00+00:00,1425.0,UNEXPLAINED,Mon 20:15,Tue 20:00,2015
2015-08-26 00:00:00+00:00,2015-08-27 00:00:00+00:00,1425.0,UNEXPLAINED,Tue 20:15,Wed 20:00,2015
2015-08-27 00:00:00+00:00,2015-08-28 00:00:00+00:00,1425.0,UNEXPLAINED,Wed 20:15,Thu 20:00,2015
2015-08-28 00:00:00+00:00,2015-08-30 00:00:00+00:00,2865.0,UNEXPLAINED,Thu 20:15,Sat 20:00,2015
2015-08-30 00:00:00+00:00,2015-08-31 00:00:00+00:00,1425.0,UNEXPLAINED,Sat 20:15,Sun 20:00,2015
2015-08-31 00:00:00+00:00,2015-09-01 00:00:00+00:00,1425.0,UNEXPLAINED,Sun 20:15,Mon 20:00,2015
2015-09-01 00:00:00+00:00,2015-09-02 00:00:00+00:00,1425.0,UNEXPLAINED,Mon 20:15,Tue 20:00,2015
2015-09-02 00:00:00+00:00,2015-09-03 00:00:00+00:00,1425.0,UNEXPLAINED,Tue 20:15,Wed 20:00,2015
2015-09-03 00:00:00+00:00,2015-09-04 00:00:00+00:00,1425.0,UNEXPLAINED,Wed 20:15,Thu 20:00,2015
2015-09-04 00:00:00+00:00,2015-09-06 00:00:00+00:00,2865.0,UNEXPLAINED,Thu 20:15,Sat 20:00,2015
2015-09-06 00:00:00+00:00,2015-09-07 00:00:00+00:00,1425.0,UNEXPLAINED,Sat 20:15,Sun 20:00,2015
2015-09-07 00:00:00+00:00,2015-09-08 00:00:00+00:00,1425.0,holiday/early_close,Sun 20:15,Mon 20:00,2015
2015-09-08 00:00:00+00:00,2015-09-09 00:00:00+00:00,1425.0,holiday/early_close,Mon 20:15,Tue 20:00,2015
2015-09-09 00:00:00+00:00,2015-09-10 00:00:00+00:00,1425.0,UNEXPLAINED,Tue 20:15,Wed 20:00,2015
2015-09-10 00:00:00+00:00,2015-09-11 00:00:00+00:00,1425.0,UNEXPLAINED,Wed 20:15,Thu 20:00,2015
2015-09-11 00:00:00+00:00,2015-09-13 00:00:00+00:00,2865.0,UNEXPLAINED,Thu 20:15,Sat 20:00,2015
2015-09-13 00:00:00+00:00,2015-09-14 00:00:00+00:00,1425.0,UNEXPLAINED,Sat 20:15,Sun 20:00,2015
2015-09-14 00:00:00+00:00,2015-09-15 00:00:00+00:00,1425.0,UNEXPLAINED,Sun 20:15,Mon 20:00,2015
2015-09-15 00:00:00+00:00,2015-09-16 00:00:00+00:00,1425.0,UNEXPLAINED,Mon 20:15,Tue 20:00,2015
2015-09-16 00:00:00+00:00,2015-09-17 00:00:00+00:00,1425.0,UNEXPLAINED,Tue 20:15,Wed 20:00,2015
2015-09-17 00:00:00+00:00,2015-09-18 00:00:00+00:00,1425.0,UNEXPLAINED,Wed 20:15,Thu 20:00,2015
2015-09-18 00:00:00+00:00,2015-09-20 00:00:00+00:00,2865.0,UNEXPLAINED,Thu 20:15,Sat 20:00,2015
2015-09-20 00:00:00+00:00,2015-09-21 00:00:00+00:00,1425.0,UNEXPLAINED,Sat 20:15,Sun 20:00,2015
2015-09-21 00:00:00+00:00,2015-09-22 00:00:00+00:00,1425.0,UNEXPLAINED,Sun 20:15,Mon 20:00,2015
2015-09-22 00:00:00+00:00,2015-09-23 00:00:00+00:00,1425.0,UNEXPLAINED,Mon 20:15,Tue 20:00,2015
2015-09-23 00:00:00+00:00,2015-09-24 00:00:00+00:00,1425.0,UNEXPLAINED,Tue 20:15,Wed 20:00,2015
2015-09-24 00:00:00+00:00,2015-09-25 00:00:00+00:00,1425.0,UNEXPLAINED,Wed 20:15,Thu 20:00,2015
2015-09-25 00:00:00+00:00,2015-09-27 00:00:00+00:00,2865.0,UNEXPLAINED,Thu 20:15,Sat 20:00,2015
2015-09-27 00:00:00+00:00,2015-09-28 00:00:00+00:00,1425.0,UNEXPLAINED,Sat 20:15,Sun 20:00,2015
2015-09-28 00:00:00+00:00,2015-09-29 00:00:00+00:00,1425.0,UNEXPLAINED,Sun 20:15,Mon 20:00,2015
2015-09-29 00:00:00+00:00,2015-09-30 00:00:00+00:00,1425.0,UNEXPLAINED,Mon 20:15,Tue 20:00,2015
2015-09-30 00:00:00+00:00,2015-10-01 00:00:00+00:00,1425.0,UNEXPLAINED,Tue 20:15,Wed 20:00,2015
2015-10-01 00:00:00+00:00,2015-10-02 00:00:00+00:00,1425.0,UNEXPLAINED,Wed 20:15,Thu 20:00,2015
2015-10-02 00:00:00+00:00,2015-10-04 00:00:00+00:00,2865.0,UNEXPLAINED,Thu 20:15,Sat 20:00,2015
2015-10-04 00:00:00+00:00,2015-10-05 00:00:00+00:00,1425.0,UNEXPLAINED,Sat 20:15,Sun 20:00,2015
2015-10-05 00:00:00+00:00,2015-10-06 00:00:00+00:00,1425.0,UNEXPLAINED,Sun 20:15,Mon 20:00,2015
2015-10-06 00:00:00+00:00,2015-10-07 00:00:00+00:00,1425.0,UNEXPLAINED,Mon 20:15,Tue 20:00,2015
2015-10-07 00:00:00+00:00,2015-10-08 00:00:00+00:00,1425.0,UNEXPLAINED,Tue 20:15,Wed 20:00,2015
2015-10-08 00:00:00+00:00,2015-10-09 00:00:00+00:00,1425.0,UNEXPLAINED,Wed 20:15,Thu 20:00,2015
2015-10-09 00:00:00+00:00,2015-10-11 00:00:00+00:00,2865.0,UNEXPLAINED,Thu 20:15,Sat 20:00,2015
2015-10-11 00:00:00+00:00,2015-10-12 00:00:00+00:00,1425.0,UNEXPLAINED,Sat 20:15,Sun 20:00,2015
2015-10-12 00:00:00+00:00,2015-10-13 00:00:00+00:00,1425.0,holiday/early_close,Sun 20:15,Mon 20:00,2015
2015-10-13 00:00:00+00:00,2015-10-14 00:00:00+00:00,1425.0,holiday/early_close,Mon 20:15,Tue 20:00,2015
2015-10-14 00:00:00+00:00,2015-10-15 00:00:00+00:00,1425.0,UNEXPLAINED,Tue 20:15,Wed 20:00,2015
2015-10-15 00:00:00+00:00,2015-10-16 00:00:00+00:00,1425.0,UNEXPLAINED,Wed 20:15,Thu 20:00,2015
2015-10-16 00:00:00+00:00,2015-10-18 00:00:00+00:00,2865.0,UNEXPLAINED,Thu 20:15,Sat 20:00,2015
2015-10-18 00:00:00+00:00,2015-10-19 00:00:00+00:00,1425.0,UNEXPLAINED,Sat 20:15,Sun 20:00,2015
2015-10-19 00:00:00+00:00,2015-10-20 00:00:00+00:00,1425.0,UNEXPLAINED,Sun 20:15,Mon 20:00,2015
2015-10-20 00:00:00+00:00,2015-10-21 00:00:00+00:00,1425.0,UNEXPLAINED,Mon 20:15,Tue 20:00,2015
2015-10-21 00:00:00+00:00,2015-10-22 00:00:00+00:00,1425.0,UNEXPLAINED,Tue 20:15,Wed 20:00,2015
2015-10-22 00:00:00+00:00,2015-10-23 00:00:00+00:00,1425.0,UNEXPLAINED,Wed 20:15,Thu 20:00,2015
2015-10-23 00:00:00+00:00,2015-10-25 00:00:00+00:00,2865.0,UNEXPLAINED,Thu 20:15,Sat 20:00,2015
2015-10-25 00:00:00+00:00,2015-10-26 00:00:00+00:00,1425.0,UNEXPLAINED,Sat 20:15,Sun 20:00,2015
2015-10-26 00:00:00+00:00,2015-10-27 00:00:00+00:00,1425.0,UNEXPLAINED,Sun 20:15,Mon 20:00,2015
2015-10-27 00:00:00+00:00,2015-10-28 00:00:00+00:00,1425.0,UNEXPLAINED,Mon 20:15,Tue 20:00,2015
2015-10-28 00:00:00+00:00,2015-10-29 00:00:00+00:00,1425.0,UNEXPLAINED,Tue 20:15,Wed 20:00,2015
2015-10-29 00:00:00+00:00,2015-10-30 00:00:00+00:00,1425.0,UNEXPLAINED,Wed 20:15,Thu 20:00,2015
2015-10-30 00:00:00+00:00,2015-11-01 00:00:00+00:00,2865.0,UNEXPLAINED,Thu 20:15,Sat 20:00,2015
2015-11-01 00:00:00+00:00,2015-11-02 00:00:00+00:00,1425.0,UNEXPLAINED,Sat 20:15,Sun 19:00,2015
2015-11-02 00:00:00+00:00,2015-11-03 00:00:00+00:00,1425.0,UNEXPLAINED,Sun 19:15,Mon 19:00,2015
2015-11-03 00:00:00+00:00,2015-11-04 00:00:00+00:00,1425.0,UNEXPLAINED,Mon 19:15,Tue 19:00,2015
2015-11-04 00:00:00+00:00,2015-11-05 00:00:00+00:00,1425.0,UNEXPLAINED,Tue 19:15,Wed 19:00,2015
2015-11-05 00:00:00+00:00,2015-11-06 00:00:00+00:00,1425.0,UNEXPLAINED,Wed 19:15,Thu 19:00,2015
2015-11-06 00:00:00+00:00,2015-11-08 00:00:00+00:00,2865.0,UNEXPLAINED,Thu 19:15,Sat 19:00,2015
2015-11-08 00:00:00+00:00,2015-11-09 00:00:00+00:00,1425.0,UNEXPLAINED,Sat 19:15,Sun 19:00,2015
2015-11-09 00:00:00+00:00,2015-11-10 00:00:00+00:00,1425.0,UNEXPLAINED,Sun 19:15,Mon 19:00,2015
2015-11-10 00:00:00+00:00,2015-11-11 00:00:00+00:00,1425.0,UNEXPLAINED,Mon 19:15,Tue 19:00,2015
2015-11-11 00:00:00+00:00,2015-11-12 00:00:00+00:00,1425.0,holiday/early_close,Tue 19:15,Wed 19:00,2015
2015-11-12 00:00:00+00:00,2015-11-13 00:00:00+00:00,1425.0,holiday/early_close,Wed 19:15,Thu 19:00,2015
2015-11-13 00:00:00+00:00,2015-11-15 00:00:00+00:00,2865.0,UNEXPLAINED,Thu 19:15,Sat 19:00,2015
2015-11-15 00:00:00+00:00,2015-11-16 00:00:00+00:00,1425.0,UNEXPLAINED,Sat 19:15,Sun 19:00,2015
2015-11-16 00:00:00+00:00,2015-11-17 00:00:00+00:00,1425.0,UNEXPLAINED,Sun 19:15,Mon 19:00,2015
2015-11-17 00:00:00+00:00,2015-11-18 00:00:00+00:00,1425.0,UNEXPLAINED,Mon 19:15,Tue 19:00,2015
2015-11-18 00:00:00+00:00,2015-11-19 00:00:00+00:00,1425.0,UNEXPLAINED,Tue 19:15,Wed 19:00,2015
2015-11-19 00:00:00+00:00,2015-11-20 00:00:00+00:00,1425.0,UNEXPLAINED,Wed 19:15,Thu 19:00,2015
2015-11-20 00:00:00+00:00,2015-11-22 00:00:00+00:00,2865.0,UNEXPLAINED,Thu 19:15,Sat 19:00,2015
2015-11-22 00:00:00+00:00,2015-11-23 00:00:00+00:00,1425.0,UNEXPLAINED,Sat 19:15,Sun 19:00,2015
2015-11-23 00:00:00+00:00,2015-11-24 00:00:00+00:00,1425.0,UNEXPLAINED,Sun 19:15,Mon 19:00,2015
2015-11-24 00:00:00+00:00,2015-11-25 00:00:00+00:00,1425.0,UNEXPLAINED,Mon 19:15,Tue 19:00,2015
2015-11-25 00:00:00+00:00,2015-11-26 00:00:00+00:00,1425.0,UNEXPLAINED,Tue 19:15,Wed 19:00,2015
2015-11-26 00:00:00+00:00,2015-11-27 00:00:00+00:00,1425.0,holiday/early_close,Wed 19:15,Thu 19:00,2015
2015-11-27 00:00:00+00:00,2015-11-29 00:00:00+00:00,2865.0,holiday/early_close,Thu 19:15,Sat 19:00,2015
2015-11-29 00:00:00+00:00,2015-11-30 00:00:00+00:00,1425.0,UNEXPLAINED,Sat 19:15,Sun 19:00,2015
2015-11-30 00:00:00+00:00,2015-12-01 00:00:00+00:00,1425.0,UNEXPLAINED,Sun 19:15,Mon 19:00,2015
2015-12-01 00:00:00+00:00,2015-12-02 00:00:00+00:00,1425.0,UNEXPLAINED,Mon 19:15,Tue 19:00,2015
2015-12-02 00:00:00+00:00,2015-12-03 00:00:00+00:00,1425.0,UNEXPLAINED,Tue 19:15,Wed 19:00,2015
2015-12-03 00:00:00+00:00,2015-12-04 00:00:00+00:00,1425.0,UNEXPLAINED,Wed 19:15,Thu 19:00,2015
2015-12-04 00:00:00+00:00,2015-12-06 00:00:00+00:00,2865.0,UNEXPLAINED,Thu 19:15,Sat 19:00,2015
2015-12-06 00:00:00+00:00,2015-12-07 00:00:00+00:00,1425.0,UNEXPLAINED,Sat 19:15,Sun 19:00,2015
2015-12-07 00:00:00+00:00,2015-12-08 00:00:00+00:00,1425.0,UNEXPLAINED,Sun 19:15,Mon 19:00,2015
2015-12-08 00:00:00+00:00,2015-12-09 00:00:00+00:00,1425.0,UNEXPLAINED,Mon 19:15,Tue 19:00,2015
2015-12-09 00:00:00+00:00,2015-12-10 00:00:00+00:00,1425.0,UNEXPLAINED,Tue 19:15,Wed 19:00,2015
2015-12-10 00:00:00+00:00,2015-12-11 00:00:00+00:00,1425.0,UNEXPLAINED,Wed 19:15,Thu 19:00,2015
2015-12-11 00:00:00+00:00,2015-12-13 00:00:00+00:00,2865.0,UNEXPLAINED,Thu 19:15,Sat 19:00,2015
2015-12-13 00:00:00+00:00,2015-12-14 00:00:00+00:00,1425.0,UNEXPLAINED,Sat 19:15,Sun 19:00,2015
2015-12-14 00:00:00+00:00,2015-12-15 00:00:00+00:00,1425.0,UNEXPLAINED,Sun 19:15,Mon 19:00,2015
2015-12-15 00:00:00+00:00,2015-12-16 00:00:00+00:00,1425.0,UNEXPLAINED,Mon 19:15,Tue 19:00,2015
2015-12-16 00:00:00+00:00,2015-12-17 00:00:00+00:00,1425.0,UNEXPLAINED,Tue 19:15,Wed 19:00,2015
2015-12-17 00:00:00+00:00,2015-12-18 00:00:00+00:00,1425.0,UNEXPLAINED,Wed 19:15,Thu 19:00,2015
2015-12-18 00:00:00+00:00,2015-12-20 00:00:00+00:00,2865.0,UNEXPLAINED,Thu 19:15,Sat 19:00,2015
2015-12-20 00:00:00+00:00,2015-12-21 00:00:00+00:00,1425.0,UNEXPLAINED,Sat 19:15,Sun 19:00,2015
2015-12-21 00:00:00+00:00,2015-12-22 00:00:00+00:00,1425.0,UNEXPLAINED,Sun 19:15,Mon 19:00,2015
2015-12-22 00:00:00+00:00,2015-12-23 00:00:00+00:00,1425.0,UNEXPLAINED,Mon 19:15,Tue 19:00,2015
2015-12-23 00:00:00+00:00,2015-12-24 00:00:00+00:00,1425.0,UNEXPLAINED,Tue 19:15,Wed 19:00,2015
2015-12-24 00:00:00+00:00,2015-12-27 00:00:00+00:00,4305.0,holiday/early_close,Wed 19:15,Sat 19:00,2015
2015-12-27 00:00:00+00:00,2015-12-28 00:00:00+00:00,1425.0,UNEXPLAINED,Sat 19:15,Sun 19:00,2015
2015-12-28 00:00:00+00:00,2015-12-29 00:00:00+00:00,1425.0,UNEXPLAINED,Sun 19:15,Mon 19:00,2015
2015-12-29 00:00:00+00:00,2015-12-30 00:00:00+00:00,1425.0,UNEXPLAINED,Mon 19:15,Tue 19:00,2015
2015-12-30 00:00:00+00:00,2015-12-31 00:00:00+00:00,1425.0,UNEXPLAINED,Tue 19:15,Wed 19:00,2015
2015-12-31 00:00:00+00:00,2016-01-03 00:00:00+00:00,4305.0,holiday/early_close,Wed 19:15,Sat 19:00,2015
2016-01-03 00:00:00+00:00,2016-01-04 00:00:00+00:00,1425.0,UNEXPLAINED,Sat 19:15,Sun 19:00,2016
2016-01-04 00:00:00+00:00,2016-01-05 00:00:00+00:00,1425.0,UNEXPLAINED,Sun 19:15,Mon 19:00,2016
2016-01-05 00:00:00+00:00,2016-01-06 00:00:00+00:00,1425.0,UNEXPLAINED,Mon 19:15,Tue 19:00,2016
2016-01-06 00:00:00+00:00,2016-01-07 00:00:00+00:00,1425.0,UNEXPLAINED,Tue 19:15,Wed 19:00,2016
2016-01-07 00:00:00+00:00,2016-01-08 00:00:00+00:00,1425.0,UNEXPLAINED,Wed 19:15,Thu 19:00,2016
2016-01-08 00:00:00+00:00,2016-01-10 00:00:00+00:00,2865.0,UNEXPLAINED,Thu 19:15,Sat 19:00,2016
2016-01-10 00:00:00+00:00,2016-01-11 00:00:00+00:00,1425.0,UNEXPLAINED,Sat 19:15,Sun 19:00,2016
2016-01-11 00:00:00+00:00,2016-01-12 00:00:00+00:00,1425.0,UNEXPLAINED,Sun 19:15,Mon 19:00,2016
2016-01-12 00:00:00+00:00,2016-01-13 00:00:00+00:00,1425.0,UNEXPLAINED,Mon 19:15,Tue 19:00,2016
2016-01-13 00:00:00+00:00,2016-01-14 00:00:00+00:00,1425.0,UNEXPLAINED,Tue 19:15,Wed 19:00,2016
2016-01-14 00:00:00+00:00,2016-01-15 00:00:00+00:00,1425.0,UNEXPLAINED,Wed 19:15,Thu 19:00,2016
2016-01-15 00:00:00+00:00,2016-01-17 00:00:00+00:00,2865.0,UNEXPLAINED,Thu 19:15,Sat 19:00,2016
2016-01-17 00:00:00+00:00,2016-01-18 00:00:00+00:00,1425.0,UNEXPLAINED,Sat 19:15,Sun 19:00,2016
2016-01-18 00:00:00+00:00,2016-01-19 00:00:00+00:00,1425.0,holiday/early_close,Sun 19:15,Mon 19:00,2016
2016-01-19 00:00:00+00:00,2016-01-20 00:00:00+00:00,1425.0,holiday/early_close,Mon 19:15,Tue 19:00,2016
2016-01-20 00:00:00+00:00,2016-01-21 00:00:00+00:00,1425.0,UNEXPLAINED,Tue 19:15,Wed 19:00,2016
2016-01-21 00:00:00+00:00,2016-01-22 00:00:00+00:00,1425.0,UNEXPLAINED,Wed 19:15,Thu 19:00,2016
2016-01-22 00:00:00+00:00,2016-01-24 00:00:00+00:00,2865.0,UNEXPLAINED,Thu 19:15,Sat 19:00,2016
2016-01-24 00:00:00+00:00,2016-01-25 00:00:00+00:00,1425.0,UNEXPLAINED,Sat 19:15,Sun 19:00,2016
2016-01-25 00:00:00+00:00,2016-01-26 00:00:00+00:00,1425.0,UNEXPLAINED,Sun 19:15,Mon 19:00,2016
2016-01-26 00:00:00+00:00,2016-01-27 00:00:00+00:00,1425.0,UNEXPLAINED,Mon 19:15,Tue 19:00,2016
2016-01-27 00:00:00+00:00,2016-01-28 00:00:00+00:00,1425.0,UNEXPLAINED,Tue 19:15,Wed 19:00,2016
2016-01-28 00:00:00+00:00,2016-01-29 00:00:00+00:00,1425.0,UNEXPLAINED,Wed 19:15,Thu 19:00,2016
2016-01-29 00:00:00+00:00,2016-01-31 00:00:00+00:00,2865.0,UNEXPLAINED,Thu 19:15,Sat 19:00,2016
2016-01-31 00:00:00+00:00,2016-02-01 00:00:00+00:00,1425.0,UNEXPLAINED,Sat 19:15,Sun 19:00,2016
2016-02-01 00:00:00+00:00,2016-02-02 00:00:00+00:00,1425.0,UNEXPLAINED,Sun 19:15,Mon 19:00,2016
2016-02-02 00:00:00+00:00,2016-02-03 00:00:00+00:00,1425.0,UNEXPLAINED,Mon 19:15,Tue 19:00,2016
2016-02-03 00:00:00+00:00,2016-02-04 00:00:00+00:00,1425.0,UNEXPLAINED,Tue 19:15,Wed 19:00,2016
2016-02-04 00:00:00+00:00,2016-02-05 00:00:00+00:00,1425.0,UNEXPLAINED,Wed 19:15,Thu 19:00,2016
2016-02-05 00:00:00+00:00,2016-02-07 00:00:00+00:00,2865.0,UNEXPLAINED,Thu 19:15,Sat 19:00,2016
2016-02-07 00:00:00+00:00,2016-02-08 00:00:00+00:00,1425.0,UNEXPLAINED,Sat 19:15,Sun 19:00,2016
2016-02-08 00:00:00+00:00,2016-02-09 00:00:00+00:00,1425.0,UNEXPLAINED,Sun 19:15,Mon 19:00,2016
2016-02-09 00:00:00+00:00,2016-02-10 00:00:00+00:00,1425.0,UNEXPLAINED,Mon 19:15,Tue 19:00,2016
2016-02-10 00:00:00+00:00,2016-02-11 00:00:00+00:00,1425.0,UNEXPLAINED,Tue 19:15,Wed 19:00,2016
2016-02-11 00:00:00+00:00,2016-02-12 00:00:00+00:00,1425.0,UNEXPLAINED,Wed 19:15,Thu 19:00,2016
2016-02-12 00:00:00+00:00,2016-02-14 00:00:00+00:00,2865.0,UNEXPLAINED,Thu 19:15,Sat 19:00,2016
2016-02-14 00:00:00+00:00,2016-02-15 00:00:00+00:00,1425.0,UNEXPLAINED,Sat 19:15,Sun 19:00,2016
2016-02-15 00:00:00+00:00,2016-02-16 00:00:00+00:00,1425.0,holiday/early_close,Sun 19:15,Mon 19:00,2016
2016-02-16 00:00:00+00:00,2016-02-17 00:00:00+00:00,1425.0,holiday/early_close,Mon 19:15,Tue 19:00,2016
2016-02-17 00:00:00+00:00,2016-02-18 00:00:00+00:00,1425.0,UNEXPLAINED,Tue 19:15,Wed 19:00,2016
2016-02-18 00:00:00+00:00,2016-02-19 00:00:00+00:00,1425.0,UNEXPLAINED,Wed 19:15,Thu 19:00,2016
2016-02-19 00:00:00+00:00,2016-02-21 00:00:00+00:00,2865.0,UNEXPLAINED,Thu 19:15,Sat 19:00,2016
2016-02-21 00:00:00+00:00,2016-02-22 00:00:00+00:00,1425.0,UNEXPLAINED,Sat 19:15,Sun 19:00,2016
2016-02-22 00:00:00+00:00,2016-02-23 00:00:00+00:00,1425.0,UNEXPLAINED,Sun 19:15,Mon 19:00,2016
2016-02-23 00:00:00+00:00,2016-02-24 00:00:00+00:00,1425.0,UNEXPLAINED,Mon 19:15,Tue 19:00,2016
2016-02-24 00:00:00+00:00,2016-02-25 00:00:00+00:00,1425.0,UNEXPLAINED,Tue 19:15,Wed 19:00,2016
2016-02-25 00:00:00+00:00,2016-02-26 00:00:00+00:00,1425.0,UNEXPLAINED,Wed 19:15,Thu 19:00,2016
2016-02-26 00:00:00+00:00,2016-02-28 00:00:00+00:00,2865.0,UNEXPLAINED,Thu 19:15,Sat 19:00,2016
2016-02-28 00:00:00+00:00,2016-02-29 00:00:00+00:00,1425.0,UNEXPLAINED,Sat 19:15,Sun 19:00,2016
2016-02-29 00:00:00+00:00,2016-03-01 00:00:00+00:00,1425.0,UNEXPLAINED,Sun 19:15,Mon 19:00,2016
2016-03-01 00:00:00+00:00,2016-03-02 00:00:00+00:00,1425.0,UNEXPLAINED,Mon 19:15,Tue 19:00,2016
2016-03-02 00:00:00+00:00,2016-03-03 00:00:00+00:00,1425.0,UNEXPLAINED,Tue 19:15,Wed 19:00,2016
2016-03-03 00:00:00+00:00,2016-03-04 00:00:00+00:00,1425.0,UNEXPLAINED,Wed 19:15,Thu 19:00,2016
2016-03-04 00:00:00+00:00,2016-03-06 00:00:00+00:00,2865.0,UNEXPLAINED,Thu 19:15,Sat 19:00,2016
2016-03-06 00:00:00+00:00,2016-03-07 00:00:00+00:00,1425.0,UNEXPLAINED,Sat 19:15,Sun 19:00,2016
2016-03-07 00:00:00+00:00,2016-03-08 00:00:00+00:00,1425.0,UNEXPLAINED,Sun 19:15,Mon 19:00,2016
2016-03-08 00:00:00+00:00,2016-03-09 00:00:00+00:00,1425.0,UNEXPLAINED,Mon 19:15,Tue 19:00,2016
2016-03-09 00:00:00+00:00,2016-03-10 00:00:00+00:00,1425.0,UNEXPLAINED,Tue 19:15,Wed 19:00,2016
2016-03-10 00:00:00+00:00,2016-03-11 00:00:00+00:00,1425.0,UNEXPLAINED,Wed 19:15,Thu 19:00,2016
2016-03-11 00:00:00+00:00,2016-03-13 00:00:00+00:00,2865.0,UNEXPLAINED,Thu 19:15,Sat 19:00,2016
2016-03-13 00:00:00+00:00,2016-03-14 00:00:00+00:00,1425.0,UNEXPLAINED,Sat 19:15,Sun 20:00,2016
2016-03-14 00:00:00+00:00,2016-03-15 00:00:00+00:00,1425.0,UNEXPLAINED,Sun 20:15,Mon 20:00,2016
2016-03-15 00:00:00+00:00,2016-03-16 00:00:00+00:00,1425.0,UNEXPLAINED,Mon 20:15,Tue 20:00,2016
2016-03-16 00:00:00+00:00,2016-03-17 00:00:00+00:00,1425.0,UNEXPLAINED,Tue 20:15,Wed 20:00,2016
2016-03-17 00:00:00+00:00,2016-03-18 00:00:00+00:00,1425.0,UNEXPLAINED,Wed 20:15,Thu 20:00,2016
2016-03-18 00:00:00+00:00,2016-03-20 00:00:00+00:00,2865.0,UNEXPLAINED,Thu 20:15,Sat 20:00,2016
2016-03-20 00:00:00+00:00,2016-03-21 00:00:00+00:00,1425.0,UNEXPLAINED,Sat 20:15,Sun 20:00,2016
2016-03-21 00:00:00+00:00,2016-03-22 00:00:00+00:00,1425.0,UNEXPLAINED,Sun 20:15,Mon 20:00,2016
2016-03-22 00:00:00+00:00,2016-03-23 00:00:00+00:00,1425.0,UNEXPLAINED,Mon 20:15,Tue 20:00,2016
2016-03-23 00:00:00+00:00,2016-03-24 00:00:00+00:00,1425.0,UNEXPLAINED,Tue 20:15,Wed 20:00,2016
2016-03-24 00:00:00+00:00,2016-03-25 00:00:00+00:00,1425.0,UNEXPLAINED,Wed 20:15,Thu 20:00,2016
2016-03-25 00:00:00+00:00,2016-03-27 00:00:00+00:00,2865.0,holiday/early_close,Thu 20:15,Sat 20:00,2016
2016-03-27 00:00:00+00:00,2016-03-28 00:00:00+00:00,1425.0,UNEXPLAINED,Sat 20:15,Sun 20:00,2016
2016-03-28 00:00:00+00:00,2016-03-29 00:00:00+00:00,1425.0,UNEXPLAINED,Sun 20:15,Mon 20:00,2016
2016-03-29 00:00:00+00:00,2016-03-30 00:00:00+00:00,1425.0,UNEXPLAINED,Mon 20:15,Tue 20:00,2016
2016-03-30 00:00:00+00:00,2016-03-31 00:00:00+00:00,1425.0,UNEXPLAINED,Tue 20:15,Wed 20:00,2016
2016-03-31 00:00:00+00:00,2016-04-01 00:00:00+00:00,1425.0,UNEXPLAINED,Wed 20:15,Thu 20:00,2016
2016-04-01 00:00:00+00:00,2016-04-03 00:00:00+00:00,2865.0,UNEXPLAINED,Thu 20:15,Sat 20:00,2016
2016-04-03 00:00:00+00:00,2016-04-04 00:00:00+00:00,1425.0,UNEXPLAINED,Sat 20:15,Sun 20:00,2016
2016-04-04 00:00:00+00:00,2016-04-05 00:00:00+00:00,1425.0,UNEXPLAINED,Sun 20:15,Mon 20:00,2016
2016-04-05 00:00:00+00:00,2016-04-06 00:00:00+00:00,1425.0,UNEXPLAINED,Mon 20:15,Tue 20:00,2016
2016-04-06 00:00:00+00:00,2016-04-07 00:00:00+00:00,1425.0,UNEXPLAINED,Tue 20:15,Wed 20:00,2016
2016-04-07 00:00:00+00:00,2016-04-08 00:00:00+00:00,1425.0,UNEXPLAINED,Wed 20:15,Thu 20:00,2016
2016-04-08 00:00:00+00:00,2016-04-10 00:00:00+00:00,2865.0,UNEXPLAINED,Thu 20:15,Sat 20:00,2016
2016-04-10 00:00:00+00:00,2016-04-11 00:00:00+00:00,1425.0,UNEXPLAINED,Sat 20:15,Sun 20:00,2016
2016-04-11 00:00:00+00:00,2016-04-12 00:00:00+00:00,1425.0,UNEXPLAINED,Sun 20:15,Mon 20:00,2016
2016-04-12 00:00:00+00:00,2016-04-13 00:00:00+00:00,1425.0,UNEXPLAINED,Mon 20:15,Tue 20:00,2016
2016-04-13 00:00:00+00:00,2016-04-14 00:00:00+00:00,1425.0,UNEXPLAINED,Tue 20:15,Wed 20:00,2016
2016-04-14 00:00:00+00:00,2016-04-15 00:00:00+00:00,1425.0,UNEXPLAINED,Wed 20:15,Thu 20:00,2016
2016-04-15 00:00:00+00:00,2016-04-17 00:00:00+00:00,2865.0,UNEXPLAINED,Thu 20:15,Sat 20:00,2016
2016-04-17 00:00:00+00:00,2016-04-18 00:00:00+00:00,1425.0,UNEXPLAINED,Sat 20:15,Sun 20:00,2016
2016-04-18 00:00:00+00:00,2016-04-19 00:00:00+00:00,1425.0,UNEXPLAINED,Sun 20:15,Mon 20:00,2016
2016-04-19 00:00:00+00:00,2016-04-20 00:00:00+00:00,1425.0,UNEXPLAINED,Mon 20:15,Tue 20:00,2016
2016-04-20 00:00:00+00:00,2016-04-21 00:00:00+00:00,1425.0,UNEXPLAINED,Tue 20:15,Wed 20:00,2016
2016-04-21 00:00:00+00:00,2016-04-22 00:00:00+00:00,1425.0,UNEXPLAINED,Wed 20:15,Thu 20:00,2016
2016-04-22 00:00:00+00:00,2016-04-24 00:00:00+00:00,2865.0,UNEXPLAINED,Thu 20:15,Sat 20:00,2016
2016-04-24 00:00:00+00:00,2016-04-25 00:00:00+00:00,1425.0,UNEXPLAINED,Sat 20:15,Sun 20:00,2016
2016-04-25 00:00:00+00:00,2016-04-26 00:00:00+00:00,1425.0,UNEXPLAINED,Sun 20:15,Mon 20:00,2016
2016-04-26 00:00:00+00:00,2016-04-27 00:00:00+00:00,1425.0,UNEXPLAINED,Mon 20:15,Tue 20:00,2016
2016-04-27 00:00:00+00:00,2016-04-28 00:00:00+00:00,1425.0,UNEXPLAINED,Tue 20:15,Wed 20:00,2016
2016-04-28 00:00:00+00:00,2016-04-29 00:00:00+00:00,1425.0,UNEXPLAINED,Wed 20:15,Thu 20:00,2016
2016-04-29 00:00:00+00:00,2016-05-01 00:00:00+00:00,2865.0,UNEXPLAINED,Thu 20:15,Sat 20:00,2016
2016-05-01 00:00:00+00:00,2016-05-02 00:00:00+00:00,1425.0,UNEXPLAINED,Sat 20:15,Sun 20:00,2016
2016-05-02 00:00:00+00:00,2016-05-03 00:00:00+00:00,1425.0,UNEXPLAINED,Sun 20:15,Mon 20:00,2016
2016-05-03 00:00:00+00:00,2016-05-04 00:00:00+00:00,1425.0,UNEXPLAINED,Mon 20:15,Tue 20:00,2016
2016-05-04 00:00:00+00:00,2016-05-05 00:00:00+00:00,1425.0,UNEXPLAINED,Tue 20:15,Wed 20:00,2016
2016-05-05 00:00:00+00:00,2016-05-06 00:00:00+00:00,1425.0,UNEXPLAINED,Wed 20:15,Thu 20:00,2016
2016-05-06 00:00:00+00:00,2016-05-08 00:00:00+00:00,2865.0,UNEXPLAINED,Thu 20:15,Sat 20:00,2016
2016-05-08 00:00:00+00:00,2016-05-09 00:00:00+00:00,1425.0,UNEXPLAINED,Sat 20:15,Sun 20:00,2016
2016-05-09 00:00:00+00:00,2016-05-10 00:00:00+00:00,1425.0,UNEXPLAINED,Sun 20:15,Mon 20:00,2016
2016-05-10 00:00:00+00:00,2016-05-11 00:00:00+00:00,1425.0,UNEXPLAINED,Mon 20:15,Tue 20:00,2016
2016-05-11 00:00:00+00:00,2016-05-12 00:00:00+00:00,1425.0,UNEXPLAINED,Tue 20:15,Wed 20:00,2016
2016-05-12 00:00:00+00:00,2016-05-13 00:00:00+00:00,1425.0,UNEXPLAINED,Wed 20:15,Thu 20:00,2016
2016-05-13 00:00:00+00:00,2016-05-15 00:00:00+00:00,2865.0,UNEXPLAINED,Thu 20:15,Sat 20:00,2016
2016-05-15 00:00:00+00:00,2016-05-16 00:00:00+00:00,1425.0,UNEXPLAINED,Sat 20:15,Sun 20:00,2016
2016-05-16 00:00:00+00:00,2016-05-17 00:00:00+00:00,1425.0,UNEXPLAINED,Sun 20:15,Mon 20:00,2016
2016-05-17 00:00:00+00:00,2016-05-18 00:00:00+00:00,1425.0,UNEXPLAINED,Mon 20:15,Tue 20:00,2016
2016-05-18 00:00:00+00:00,2016-05-19 00:00:00+00:00,1425.0,UNEXPLAINED,Tue 20:15,Wed 20:00,2016
2016-05-19 00:00:00+00:00,2016-05-20 00:00:00+00:00,1425.0,UNEXPLAINED,Wed 20:15,Thu 20:00,2016
2016-05-20 00:00:00+00:00,2016-05-22 00:00:00+00:00,2865.0,UNEXPLAINED,Thu 20:15,Sat 20:00,2016
2016-05-22 00:00:00+00:00,2016-05-23 00:00:00+00:00,1425.0,UNEXPLAINED,Sat 20:15,Sun 20:00,2016
2016-05-23 00:00:00+00:00,2016-05-24 00:00:00+00:00,1425.0,UNEXPLAINED,Sun 20:15,Mon 20:00,2016
2016-05-24 00:00:00+00:00,2016-05-25 00:00:00+00:00,1425.0,UNEXPLAINED,Mon 20:15,Tue 20:00,2016
2016-05-25 00:00:00+00:00,2016-05-26 00:00:00+00:00,1425.0,UNEXPLAINED,Tue 20:15,Wed 20:00,2016
2016-05-26 00:00:00+00:00,2016-05-27 00:00:00+00:00,1425.0,UNEXPLAINED,Wed 20:15,Thu 20:00,2016
2016-05-27 00:00:00+00:00,2016-05-29 00:00:00+00:00,2865.0,UNEXPLAINED,Thu 20:15,Sat 20:00,2016
2016-05-29 00:00:00+00:00,2016-05-30 00:00:00+00:00,1425.0,UNEXPLAINED,Sat 20:15,Sun 20:00,2016
2016-05-30 00:00:00+00:00,2016-05-31 00:00:00+00:00,1425.0,holiday/early_close,Sun 20:15,Mon 20:00,2016
2016-05-31 00:00:00+00:00,2016-06-01 00:00:00+00:00,1425.0,holiday/early_close,Mon 20:15,Tue 20:00,2016
2016-06-01 00:00:00+00:00,2016-06-02 00:00:00+00:00,1425.0,UNEXPLAINED,Tue 20:15,Wed 20:00,2016
2016-06-02 00:00:00+00:00,2016-06-03 00:00:00+00:00,1425.0,UNEXPLAINED,Wed 20:15,Thu 20:00,2016
2016-06-03 00:00:00+00:00,2016-06-05 00:00:00+00:00,2865.0,UNEXPLAINED,Thu 20:15,Sat 20:00,2016
2016-06-05 00:00:00+00:00,2016-06-06 00:00:00+00:00,1425.0,UNEXPLAINED,Sat 20:15,Sun 20:00,2016
2016-06-06 00:00:00+00:00,2016-06-07 00:00:00+00:00,1425.0,UNEXPLAINED,Sun 20:15,Mon 20:00,2016
2016-06-07 00:00:00+00:00,2016-06-08 00:00:00+00:00,1425.0,UNEXPLAINED,Mon 20:15,Tue 20:00,2016
2016-06-08 00:00:00+00:00,2016-06-09 00:00:00+00:00,1425.0,UNEXPLAINED,Tue 20:15,Wed 20:00,2016
2016-06-09 00:00:00+00:00,2016-06-10 00:00:00+00:00,1425.0,UNEXPLAINED,Wed 20:15,Thu 20:00,2016
2016-06-10 00:00:00+00:00,2016-06-12 00:00:00+00:00,2865.0,UNEXPLAINED,Thu 20:15,Sat 20:00,2016
2016-06-12 00:00:00+00:00,2016-06-13 00:00:00+00:00,1425.0,UNEXPLAINED,Sat 20:15,Sun 20:00,2016
2016-06-13 00:00:00+00:00,2016-06-14 00:00:00+00:00,1425.0,UNEXPLAINED,Sun 20:15,Mon 20:00,2016
2016-06-14 00:00:00+00:00,2016-06-15 00:00:00+00:00,1425.0,UNEXPLAINED,Mon 20:15,Tue 20:00,2016
2016-06-15 00:00:00+00:00,2016-06-16 00:00:00+00:00,1425.0,UNEXPLAINED,Tue 20:15,Wed 20:00,2016
2016-06-16 00:00:00+00:00,2016-06-17 00:00:00+00:00,1425.0,UNEXPLAINED,Wed 20:15,Thu 20:00,2016
2016-06-17 00:00:00+00:00,2016-06-19 00:00:00+00:00,2865.0,UNEXPLAINED,Thu 20:15,Sat 20:00,2016
2016-06-19 00:00:00+00:00,2016-06-20 00:00:00+00:00,1425.0,UNEXPLAINED,Sat 20:15,Sun 20:00,2016
2016-06-20 00:00:00+00:00,2016-06-21 00:00:00+00:00,1425.0,UNEXPLAINED,Sun 20:15,Mon 20:00,2016
2016-06-21 00:00:00+00:00,2016-06-22 00:00:00+00:00,1425.0,UNEXPLAINED,Mon 20:15,Tue 20:00,2016
2016-06-22 00:00:00+00:00,2016-06-23 00:00:00+00:00,1425.0,UNEXPLAINED,Tue 20:15,Wed 20:00,2016
2016-06-23 00:00:00+00:00,2016-06-24 00:00:00+00:00,1425.0,UNEXPLAINED,Wed 20:15,Thu 20:00,2016
2016-06-24 00:00:00+00:00,2016-06-26 00:00:00+00:00,2865.0,UNEXPLAINED,Thu 20:15,Sat 20:00,2016
2016-06-26 00:00:00+00:00,2016-06-27 00:00:00+00:00,1425.0,UNEXPLAINED,Sat 20:15,Sun 20:00,2016
2016-06-27 00:00:00+00:00,2016-06-28 00:00:00+00:00,1425.0,UNEXPLAINED,Sun 20:15,Mon 20:00,2016
2016-06-28 00:00:00+00:00,2016-06-29 00:00:00+00:00,1425.0,UNEXPLAINED,Mon 20:15,Tue 20:00,2016
2016-06-29 00:00:00+00:00,2016-06-30 00:00:00+00:00,1425.0,UNEXPLAINED,Tue 20:15,Wed 20:00,2016
2016-06-30 00:00:00+00:00,2016-07-01 00:00:00+00:00,1425.0,UNEXPLAINED,Wed 20:15,Thu 20:00,2016
2016-07-01 00:00:00+00:00,2016-07-03 00:00:00+00:00,2865.0,UNEXPLAINED,Thu 20:15,Sat 20:00,2016
2016-07-03 00:00:00+00:00,2016-07-04 00:00:00+00:00,1425.0,UNEXPLAINED,Sat 20:15,Sun 20:00,2016
2016-07-04 00:00:00+00:00,2016-07-05 00:00:00+00:00,1425.0,holiday/early_close,Sun 20:15,Mon 20:00,2016
2016-07-05 00:00:00+00:00,2016-07-06 00:00:00+00:00,1425.0,holiday/early_close,Mon 20:15,Tue 20:00,2016
2016-07-06 00:00:00+00:00,2016-07-07 00:00:00+00:00,1425.0,UNEXPLAINED,Tue 20:15,Wed 20:00,2016
2016-07-07 00:00:00+00:00,2016-07-08 00:00:00+00:00,1425.0,UNEXPLAINED,Wed 20:15,Thu 20:00,2016
2016-07-08 00:00:00+00:00,2016-07-10 00:00:00+00:00,2865.0,UNEXPLAINED,Thu 20:15,Sat 20:00,2016
2016-07-10 00:00:00+00:00,2016-07-11 00:00:00+00:00,1425.0,UNEXPLAINED,Sat 20:15,Sun 20:00,2016
2016-07-11 00:00:00+00:00,2016-07-12 00:00:00+00:00,1425.0,UNEXPLAINED,Sun 20:15,Mon 20:00,2016
2016-07-12 00:00:00+00:00,2016-07-13 00:00:00+00:00,1425.0,UNEXPLAINED,Mon 20:15,Tue 20:00,2016
2016-07-13 00:00:00+00:00,2016-07-14 00:00:00+00:00,1425.0,UNEXPLAINED,Tue 20:15,Wed 20:00,2016
2016-07-14 00:00:00+00:00,2016-07-15 00:00:00+00:00,1425.0,UNEXPLAINED,Wed 20:15,Thu 20:00,2016
2016-07-15 00:00:00+00:00,2016-07-17 00:00:00+00:00,2865.0,UNEXPLAINED,Thu 20:15,Sat 20:00,2016
2016-07-17 00:00:00+00:00,2016-07-18 00:00:00+00:00,1425.0,UNEXPLAINED,Sat 20:15,Sun 20:00,2016
2016-07-18 00:00:00+00:00,2016-07-19 00:00:00+00:00,1425.0,UNEXPLAINED,Sun 20:15,Mon 20:00,2016
2016-07-19 00:00:00+00:00,2016-07-20 00:00:00+00:00,1425.0,UNEXPLAINED,Mon 20:15,Tue 20:00,2016
2016-07-20 00:00:00+00:00,2016-07-21 00:00:00+00:00,1425.0,UNEXPLAINED,Tue 20:15,Wed 20:00,2016
2016-07-21 00:00:00+00:00,2016-07-22 00:00:00+00:00,1425.0,UNEXPLAINED,Wed 20:15,Thu 20:00,2016
2016-07-22 00:00:00+00:00,2016-07-24 00:00:00+00:00,2865.0,UNEXPLAINED,Thu 20:15,Sat 20:00,2016
2016-07-24 00:00:00+00:00,2016-07-25 00:00:00+00:00,1425.0,UNEXPLAINED,Sat 20:15,Sun 20:00,2016
2016-07-25 00:00:00+00:00,2016-07-26 00:00:00+00:00,1425.0,UNEXPLAINED,Sun 20:15,Mon 20:00,2016
2016-07-26 00:00:00+00:00,2016-07-27 00:00:00+00:00,1425.0,UNEXPLAINED,Mon 20:15,Tue 20:00,2016
2016-07-27 00:00:00+00:00,2016-07-28 00:00:00+00:00,1425.0,UNEXPLAINED,Tue 20:15,Wed 20:00,2016
2016-07-28 00:00:00+00:00,2016-07-29 00:00:00+00:00,1425.0,UNEXPLAINED,Wed 20:15,Thu 20:00,2016
2016-07-29 00:00:00+00:00,2016-07-31 00:00:00+00:00,2865.0,UNEXPLAINED,Thu 20:15,Sat 20:00,2016
2016-07-31 00:00:00+00:00,2016-08-01 00:00:00+00:00,1425.0,UNEXPLAINED,Sat 20:15,Sun 20:00,2016
2016-08-01 00:00:00+00:00,2016-08-02 00:00:00+00:00,1425.0,UNEXPLAINED,Sun 20:15,Mon 20:00,2016
2016-08-02 00:00:00+00:00,2016-08-03 00:00:00+00:00,1425.0,UNEXPLAINED,Mon 20:15,Tue 20:00,2016
2016-08-03 00:00:00+00:00,2016-08-04 00:00:00+00:00,1425.0,UNEXPLAINED,Tue 20:15,Wed 20:00,2016
2016-08-04 00:00:00+00:00,2016-08-05 00:00:00+00:00,1425.0,UNEXPLAINED,Wed 20:15,Thu 20:00,2016
2016-08-05 00:00:00+00:00,2016-08-07 00:00:00+00:00,2865.0,UNEXPLAINED,Thu 20:15,Sat 20:00,2016
2016-08-07 00:00:00+00:00,2016-08-08 00:00:00+00:00,1425.0,UNEXPLAINED,Sat 20:15,Sun 20:00,2016
2016-08-08 00:00:00+00:00,2016-08-09 00:00:00+00:00,1425.0,UNEXPLAINED,Sun 20:15,Mon 20:00,2016
2016-08-09 00:00:00+00:00,2016-08-10 00:00:00+00:00,1425.0,UNEXPLAINED,Mon 20:15,Tue 20:00,2016
2016-08-10 00:00:00+00:00,2016-08-11 00:00:00+00:00,1425.0,UNEXPLAINED,Tue 20:15,Wed 20:00,2016
2016-08-11 00:00:00+00:00,2016-08-12 00:00:00+00:00,1425.0,UNEXPLAINED,Wed 20:15,Thu 20:00,2016
2016-08-12 00:00:00+00:00,2016-08-14 00:00:00+00:00,2865.0,UNEXPLAINED,Thu 20:15,Sat 20:00,2016
2016-08-14 00:00:00+00:00,2016-08-15 00:00:00+00:00,1425.0,UNEXPLAINED,Sat 20:15,Sun 20:00,2016
2016-08-15 00:00:00+00:00,2016-08-16 00:00:00+00:00,1425.0,UNEXPLAINED,Sun 20:15,Mon 20:00,2016
2016-08-16 00:00:00+00:00,2016-08-17 00:00:00+00:00,1425.0,UNEXPLAINED,Mon 20:15,Tue 20:00,2016
2016-08-17 00:00:00+00:00,2016-08-18 00:00:00+00:00,1425.0,UNEXPLAINED,Tue 20:15,Wed 20:00,2016
2016-08-18 00:00:00+00:00,2016-08-19 00:00:00+00:00,1425.0,UNEXPLAINED,Wed 20:15,Thu 20:00,2016
2016-08-19 00:00:00+00:00,2016-08-21 00:00:00+00:00,2865.0,UNEXPLAINED,Thu 20:15,Sat 20:00,2016
2016-08-21 00:00:00+00:00,2016-08-22 00:00:00+00:00,1425.0,UNEXPLAINED,Sat 20:15,Sun 20:00,2016
2016-08-22 00:00:00+00:00,2016-08-23 00:00:00+00:00,1425.0,UNEXPLAINED,Sun 20:15,Mon 20:00,2016
2016-08-23 00:00:00+00:00,2016-08-24 00:00:00+00:00,1425.0,UNEXPLAINED,Mon 20:15,Tue 20:00,2016
2016-08-24 00:00:00+00:00,2016-08-25 00:00:00+00:00,1425.0,UNEXPLAINED,Tue 20:15,Wed 20:00,2016
2016-08-25 00:00:00+00:00,2016-08-26 00:00:00+00:00,1425.0,UNEXPLAINED,Wed 20:15,Thu 20:00,2016
2016-08-26 00:00:00+00:00,2016-08-28 00:00:00+00:00,2865.0,UNEXPLAINED,Thu 20:15,Sat 20:00,2016
2016-08-28 00:00:00+00:00,2016-08-29 00:00:00+00:00,1425.0,UNEXPLAINED,Sat 20:15,Sun 20:00,2016
2016-08-29 00:00:00+00:00,2016-08-30 00:00:00+00:00,1425.0,UNEXPLAINED,Sun 20:15,Mon 20:00,2016
2016-08-30 00:00:00+00:00,2016-08-31 00:00:00+00:00,1425.0,UNEXPLAINED,Mon 20:15,Tue 20:00,2016
2016-08-31 00:00:00+00:00,2016-09-01 00:00:00+00:00,1425.0,UNEXPLAINED,Tue 20:15,Wed 20:00,2016
2016-09-01 00:00:00+00:00,2016-09-02 00:00:00+00:00,1425.0,UNEXPLAINED,Wed 20:15,Thu 20:00,2016
2016-09-02 00:00:00+00:00,2016-09-04 00:00:00+00:00,2865.0,UNEXPLAINED,Thu 20:15,Sat 20:00,2016
2016-09-04 00:00:00+00:00,2016-09-05 00:00:00+00:00,1425.0,UNEXPLAINED,Sat 20:15,Sun 20:00,2016
2016-09-05 00:00:00+00:00,2016-09-06 00:00:00+00:00,1425.0,holiday/early_close,Sun 20:15,Mon 20:00,2016
2016-09-06 00:00:00+00:00,2016-09-07 00:00:00+00:00,1425.0,holiday/early_close,Mon 20:15,Tue 20:00,2016
2016-09-07 00:00:00+00:00,2016-09-08 00:00:00+00:00,1425.0,UNEXPLAINED,Tue 20:15,Wed 20:00,2016
2016-09-08 00:00:00+00:00,2016-09-09 00:00:00+00:00,1425.0,UNEXPLAINED,Wed 20:15,Thu 20:00,2016
2016-09-09 00:00:00+00:00,2016-09-11 00:00:00+00:00,2865.0,UNEXPLAINED,Thu 20:15,Sat 20:00,2016
2016-09-11 00:00:00+00:00,2016-09-12 00:00:00+00:00,1425.0,UNEXPLAINED,Sat 20:15,Sun 20:00,2016
2016-09-12 00:00:00+00:00,2016-09-13 00:00:00+00:00,1425.0,UNEXPLAINED,Sun 20:15,Mon 20:00,2016
2016-09-13 00:00:00+00:00,2016-09-14 00:00:00+00:00,1425.0,UNEXPLAINED,Mon 20:15,Tue 20:00,2016
2016-09-14 00:00:00+00:00,2016-09-15 00:00:00+00:00,1425.0,UNEXPLAINED,Tue 20:15,Wed 20:00,2016
2016-09-15 00:00:00+00:00,2016-09-16 00:00:00+00:00,1425.0,UNEXPLAINED,Wed 20:15,Thu 20:00,2016
2016-09-16 00:00:00+00:00,2016-09-18 00:00:00+00:00,2865.0,UNEXPLAINED,Thu 20:15,Sat 20:00,2016
2016-09-18 00:00:00+00:00,2016-09-19 00:00:00+00:00,1425.0,UNEXPLAINED,Sat 20:15,Sun 20:00,2016
2016-09-19 00:00:00+00:00,2016-09-20 00:00:00+00:00,1425.0,UNEXPLAINED,Sun 20:15,Mon 20:00,2016
2016-09-20 00:00:00+00:00,2016-09-21 00:00:00+00:00,1425.0,UNEXPLAINED,Mon 20:15,Tue 20:00,2016
2016-09-21 00:00:00+00:00,2016-09-22 00:00:00+00:00,1425.0,UNEXPLAINED,Tue 20:15,Wed 20:00,2016
2016-09-22 00:00:00+00:00,2016-09-23 00:00:00+00:00,1425.0,UNEXPLAINED,Wed 20:15,Thu 20:00,2016
2016-09-23 00:00:00+00:00,2016-09-25 00:00:00+00:00,2865.0,UNEXPLAINED,Thu 20:15,Sat 20:00,2016
2016-09-25 00:00:00+00:00,2016-09-26 00:00:00+00:00,1425.0,UNEXPLAINED,Sat 20:15,Sun 20:00,2016
2016-09-26 00:00:00+00:00,2016-09-27 00:00:00+00:00,1425.0,UNEXPLAINED,Sun 20:15,Mon 20:00,2016
2016-09-27 00:00:00+00:00,2016-09-28 00:00:00+00:00,1425.0,UNEXPLAINED,Mon 20:15,Tue 20:00,2016
2016-09-28 00:00:00+00:00,2016-09-29 00:00:00+00:00,1425.0,UNEXPLAINED,Tue 20:15,Wed 20:00,2016
2016-09-29 00:00:00+00:00,2016-09-30 00:00:00+00:00,1425.0,UNEXPLAINED,Wed 20:15,Thu 20:00,2016
2016-09-30 00:00:00+00:00,2016-10-02 00:00:00+00:00,2865.0,UNEXPLAINED,Thu 20:15,Sat 20:00,2016
2016-10-02 00:00:00+00:00,2016-10-03 00:00:00+00:00,1425.0,UNEXPLAINED,Sat 20:15,Sun 20:00,2016
2016-10-03 00:00:00+00:00,2016-10-04 00:00:00+00:00,1425.0,UNEXPLAINED,Sun 20:15,Mon 20:00,2016
2016-10-04 00:00:00+00:00,2016-10-05 00:00:00+00:00,1425.0,UNEXPLAINED,Mon 20:15,Tue 20:00,2016
2016-10-05 00:00:00+00:00,2016-10-06 00:00:00+00:00,1425.0,UNEXPLAINED,Tue 20:15,Wed 20:00,2016
2016-10-06 00:00:00+00:00,2016-10-07 00:00:00+00:00,1425.0,UNEXPLAINED,Wed 20:15,Thu 20:00,2016
2016-10-07 00:00:00+00:00,2016-10-09 00:00:00+00:00,2865.0,UNEXPLAINED,Thu 20:15,Sat 20:00,2016
2016-10-09 00:00:00+00:00,2016-10-10 00:00:00+00:00,1425.0,UNEXPLAINED,Sat 20:15,Sun 20:00,2016
2016-10-10 00:00:00+00:00,2016-10-11 00:00:00+00:00,1425.0,holiday/early_close,Sun 20:15,Mon 20:00,2016
2016-10-11 00:00:00+00:00,2016-10-12 00:00:00+00:00,1425.0,holiday/early_close,Mon 20:15,Tue 20:00,2016
2016-10-12 00:00:00+00:00,2016-10-13 00:00:00+00:00,1425.0,UNEXPLAINED,Tue 20:15,Wed 20:00,2016
2016-10-13 00:00:00+00:00,2016-10-14 00:00:00+00:00,1425.0,UNEXPLAINED,Wed 20:15,Thu 20:00,2016
2016-10-14 00:00:00+00:00,2016-10-16 00:00:00+00:00,2865.0,UNEXPLAINED,Thu 20:15,Sat 20:00,2016
2016-10-16 00:00:00+00:00,2016-10-17 00:00:00+00:00,1425.0,UNEXPLAINED,Sat 20:15,Sun 20:00,2016
2016-10-17 00:00:00+00:00,2016-10-18 00:00:00+00:00,1425.0,UNEXPLAINED,Sun 20:15,Mon 20:00,2016
2016-10-18 00:00:00+00:00,2016-10-19 00:00:00+00:00,1425.0,UNEXPLAINED,Mon 20:15,Tue 20:00,2016
2016-10-19 00:00:00+00:00,2016-10-20 00:00:00+00:00,1425.0,UNEXPLAINED,Tue 20:15,Wed 20:00,2016
2016-10-20 00:00:00+00:00,2016-10-21 00:00:00+00:00,1425.0,UNEXPLAINED,Wed 20:15,Thu 20:00,2016
2016-10-21 00:00:00+00:00,2016-10-23 00:00:00+00:00,2865.0,UNEXPLAINED,Thu 20:15,Sat 20:00,2016
2016-10-23 00:00:00+00:00,2016-10-24 00:00:00+00:00,1425.0,UNEXPLAINED,Sat 20:15,Sun 20:00,2016
2016-10-24 00:00:00+00:00,2016-10-25 00:00:00+00:00,1425.0,UNEXPLAINED,Sun 20:15,Mon 20:00,2016
2016-10-25 00:00:00+00:00,2016-10-26 00:00:00+00:00,1425.0,UNEXPLAINED,Mon 20:15,Tue 20:00,2016
2016-10-26 00:00:00+00:00,2016-10-27 00:00:00+00:00,1425.0,UNEXPLAINED,Tue 20:15,Wed 20:00,2016
2016-10-27 00:00:00+00:00,2016-10-28 00:00:00+00:00,1425.0,UNEXPLAINED,Wed 20:15,Thu 20:00,2016
2016-10-28 00:00:00+00:00,2016-10-30 00:00:00+00:00,2865.0,UNEXPLAINED,Thu 20:15,Sat 20:00,2016
2016-10-30 00:00:00+00:00,2016-10-31 00:00:00+00:00,1425.0,UNEXPLAINED,Sat 20:15,Sun 20:00,2016
2016-10-31 00:00:00+00:00,2016-11-01 00:00:00+00:00,1425.0,UNEXPLAINED,Sun 20:15,Mon 20:00,2016
2016-11-01 00:00:00+00:00,2016-11-02 00:00:00+00:00,1425.0,UNEXPLAINED,Mon 20:15,Tue 20:00,2016
2016-11-02 00:00:00+00:00,2016-11-03 00:00:00+00:00,1425.0,UNEXPLAINED,Tue 20:15,Wed 20:00,2016
2016-11-03 00:00:00+00:00,2016-11-04 00:00:00+00:00,1425.0,UNEXPLAINED,Wed 20:15,Thu 20:00,2016
2016-11-04 00:00:00+00:00,2016-11-06 00:00:00+00:00,2865.0,UNEXPLAINED,Thu 20:15,Sat 20:00,2016
2016-11-06 00:00:00+00:00,2016-11-07 00:00:00+00:00,1425.0,UNEXPLAINED,Sat 20:15,Sun 19:00,2016
2016-11-07 00:00:00+00:00,2016-11-08 00:00:00+00:00,1425.0,UNEXPLAINED,Sun 19:15,Mon 19:00,2016
2016-11-08 00:00:00+00:00,2016-11-09 00:00:00+00:00,1425.0,UNEXPLAINED,Mon 19:15,Tue 19:00,2016
2016-11-09 00:00:00+00:00,2016-11-10 00:00:00+00:00,1425.0,UNEXPLAINED,Tue 19:15,Wed 19:00,2016
2016-11-10 00:00:00+00:00,2016-11-11 00:00:00+00:00,1425.0,UNEXPLAINED,Wed 19:15,Thu 19:00,2016
2016-11-11 00:00:00+00:00,2016-11-13 00:00:00+00:00,2865.0,holiday/early_close,Thu 19:15,Sat 19:00,2016
2016-11-13 00:00:00+00:00,2016-11-14 00:00:00+00:00,1425.0,UNEXPLAINED,Sat 19:15,Sun 19:00,2016
2016-11-14 00:00:00+00:00,2016-11-15 00:00:00+00:00,1425.0,UNEXPLAINED,Sun 19:15,Mon 19:00,2016
2016-11-15 00:00:00+00:00,2016-11-16 00:00:00+00:00,1425.0,UNEXPLAINED,Mon 19:15,Tue 19:00,2016
2016-11-16 00:00:00+00:00,2016-11-17 00:00:00+00:00,1425.0,UNEXPLAINED,Tue 19:15,Wed 19:00,2016
2016-11-17 00:00:00+00:00,2016-11-18 00:00:00+00:00,1425.0,UNEXPLAINED,Wed 19:15,Thu 19:00,2016
2016-11-18 00:00:00+00:00,2016-11-20 00:00:00+00:00,2865.0,UNEXPLAINED,Thu 19:15,Sat 19:00,2016
2016-11-20 00:00:00+00:00,2016-11-21 00:00:00+00:00,1425.0,UNEXPLAINED,Sat 19:15,Sun 19:00,2016
2016-11-21 00:00:00+00:00,2016-11-22 00:00:00+00:00,1425.0,UNEXPLAINED,Sun 19:15,Mon 19:00,2016
2016-11-22 00:00:00+00:00,2016-11-23 00:00:00+00:00,1425.0,UNEXPLAINED,Mon 19:15,Tue 19:00,2016
2016-11-23 00:00:00+00:00,2016-11-24 00:00:00+00:00,1425.0,UNEXPLAINED,Tue 19:15,Wed 19:00,2016
2016-11-24 00:00:00+00:00,2016-11-25 00:00:00+00:00,1425.0,holiday/early_close,Wed 19:15,Thu 19:00,2016
2016-11-25 00:00:00+00:00,2016-11-27 00:00:00+00:00,2865.0,holiday/early_close,Thu 19:15,Sat 19:00,2016
2016-11-27 00:00:00+00:00,2016-11-28 00:00:00+00:00,1425.0,UNEXPLAINED,Sat 19:15,Sun 19:00,2016
2016-11-28 00:00:00+00:00,2016-11-29 00:00:00+00:00,1425.0,UNEXPLAINED,Sun 19:15,Mon 19:00,2016
2016-11-29 00:00:00+00:00,2016-11-30 00:00:00+00:00,1425.0,UNEXPLAINED,Mon 19:15,Tue 19:00,2016
2016-11-30 00:00:00+00:00,2016-12-01 00:00:00+00:00,1425.0,UNEXPLAINED,Tue 19:15,Wed 19:00,2016
2016-12-01 00:00:00+00:00,2016-12-02 00:00:00+00:00,1425.0,UNEXPLAINED,Wed 19:15,Thu 19:00,2016
2016-12-02 00:00:00+00:00,2016-12-04 00:00:00+00:00,2865.0,UNEXPLAINED,Thu 19:15,Sat 19:00,2016
2016-12-04 00:00:00+00:00,2016-12-05 00:00:00+00:00,1425.0,UNEXPLAINED,Sat 19:15,Sun 19:00,2016
2016-12-05 00:00:00+00:00,2016-12-06 00:00:00+00:00,1425.0,UNEXPLAINED,Sun 19:15,Mon 19:00,2016
2016-12-06 00:00:00+00:00,2016-12-07 00:00:00+00:00,1425.0,UNEXPLAINED,Mon 19:15,Tue 19:00,2016
2016-12-07 00:00:00+00:00,2016-12-08 00:00:00+00:00,1425.0,UNEXPLAINED,Tue 19:15,Wed 19:00,2016
2016-12-08 00:00:00+00:00,2016-12-09 00:00:00+00:00,1425.0,UNEXPLAINED,Wed 19:15,Thu 19:00,2016
2016-12-09 00:00:00+00:00,2016-12-11 00:00:00+00:00,2865.0,UNEXPLAINED,Thu 19:15,Sat 19:00,2016
2016-12-11 00:00:00+00:00,2016-12-12 00:00:00+00:00,1425.0,UNEXPLAINED,Sat 19:15,Sun 19:00,2016
2016-12-12 00:00:00+00:00,2016-12-13 00:00:00+00:00,1425.0,UNEXPLAINED,Sun 19:15,Mon 19:00,2016
2016-12-13 00:00:00+00:00,2016-12-14 00:00:00+00:00,1425.0,UNEXPLAINED,Mon 19:15,Tue 19:00,2016
2016-12-14 00:00:00+00:00,2016-12-15 00:00:00+00:00,1425.0,UNEXPLAINED,Tue 19:15,Wed 19:00,2016
2016-12-15 00:00:00+00:00,2016-12-16 00:00:00+00:00,1425.0,UNEXPLAINED,Wed 19:15,Thu 19:00,2016
2016-12-16 00:00:00+00:00,2016-12-18 00:00:00+00:00,2865.0,UNEXPLAINED,Thu 19:15,Sat 19:00,2016
2016-12-18 00:00:00+00:00,2016-12-19 00:00:00+00:00,1425.0,UNEXPLAINED,Sat 19:15,Sun 19:00,2016
2016-12-19 00:00:00+00:00,2016-12-20 00:00:00+00:00,1425.0,UNEXPLAINED,Sun 19:15,Mon 19:00,2016
2016-12-20 00:00:00+00:00,2016-12-21 00:00:00+00:00,1425.0,UNEXPLAINED,Mon 19:15,Tue 19:00,2016
2016-12-21 00:00:00+00:00,2016-12-22 00:00:00+00:00,1425.0,UNEXPLAINED,Tue 19:15,Wed 19:00,2016
2016-12-22 00:00:00+00:00,2016-12-23 00:00:00+00:00,1425.0,UNEXPLAINED,Wed 19:15,Thu 19:00,2016
2016-12-23 00:00:00+00:00,2016-12-27 00:00:00+00:00,5745.0,holiday/early_close,Thu 19:15,Mon 19:00,2016
2016-12-27 00:00:00+00:00,2016-12-28 00:00:00+00:00,1425.0,holiday/early_close,Mon 19:15,Tue 19:00,2016
2016-12-28 00:00:00+00:00,2016-12-29 00:00:00+00:00,1425.0,UNEXPLAINED,Tue 19:15,Wed 19:00,2016
2016-12-29 00:00:00+00:00,2016-12-30 00:00:00+00:00,1425.0,UNEXPLAINED,Wed 19:15,Thu 19:00,2016
2016-12-30 00:00:00+00:00,2017-01-03 00:00:00+00:00,5745.0,holiday/early_close,Thu 19:15,Mon 19:00,2016
2017-01-03 00:00:00+00:00,2017-01-04 00:00:00+00:00,1425.0,holiday/early_close,Mon 19:15,Tue 19:00,2017
2017-01-04 00:00:00+00:00,2017-01-05 00:00:00+00:00,1425.0,UNEXPLAINED,Tue 19:15,Wed 19:00,2017
2017-01-05 00:00:00+00:00,2017-01-06 00:00:00+00:00,1425.0,UNEXPLAINED,Wed 19:15,Thu 19:00,2017
2017-01-06 00:00:00+00:00,2017-01-08 00:00:00+00:00,2865.0,UNEXPLAINED,Thu 19:15,Sat 19:00,2017
2017-01-08 00:00:00+00:00,2017-01-09 00:00:00+00:00,1425.0,UNEXPLAINED,Sat 19:15,Sun 19:00,2017
2017-01-09 00:00:00+00:00,2017-01-10 00:00:00+00:00,1425.0,UNEXPLAINED,Sun 19:15,Mon 19:00,2017
2017-01-10 00:00:00+00:00,2017-01-11 00:00:00+00:00,1425.0,UNEXPLAINED,Mon 19:15,Tue 19:00,2017
2017-01-11 00:00:00+00:00,2017-01-12 00:00:00+00:00,1425.0,UNEXPLAINED,Tue 19:15,Wed 19:00,2017
2017-01-12 00:00:00+00:00,2017-01-13 00:00:00+00:00,1425.0,UNEXPLAINED,Wed 19:15,Thu 19:00,2017
2017-01-13 00:00:00+00:00,2017-01-15 00:00:00+00:00,2865.0,UNEXPLAINED,Thu 19:15,Sat 19:00,2017
2017-01-15 00:00:00+00:00,2017-01-16 00:00:00+00:00,1425.0,UNEXPLAINED,Sat 19:15,Sun 19:00,2017
2017-01-16 00:00:00+00:00,2017-01-17 00:00:00+00:00,1425.0,holiday/early_close,Sun 19:15,Mon 19:00,2017
2017-01-17 00:00:00+00:00,2017-01-18 00:00:00+00:00,1425.0,holiday/early_close,Mon 19:15,Tue 19:00,2017
2017-01-18 00:00:00+00:00,2017-01-19 00:00:00+00:00,1425.0,UNEXPLAINED,Tue 19:15,Wed 19:00,2017
2017-01-19 00:00:00+00:00,2017-01-20 00:00:00+00:00,1425.0,UNEXPLAINED,Wed 19:15,Thu 19:00,2017
2017-01-20 00:00:00+00:00,2017-01-22 00:00:00+00:00,2865.0,UNEXPLAINED,Thu 19:15,Sat 19:00,2017
2017-01-22 00:00:00+00:00,2017-01-23 00:00:00+00:00,1425.0,UNEXPLAINED,Sat 19:15,Sun 19:00,2017
2017-01-23 00:00:00+00:00,2017-01-24 00:00:00+00:00,1425.0,UNEXPLAINED,Sun 19:15,Mon 19:00,2017
2017-01-24 00:00:00+00:00,2017-01-25 00:00:00+00:00,1425.0,UNEXPLAINED,Mon 19:15,Tue 19:00,2017
2017-01-25 00:00:00+00:00,2017-01-26 00:00:00+00:00,1425.0,UNEXPLAINED,Tue 19:15,Wed 19:00,2017
2017-01-26 00:00:00+00:00,2017-01-27 00:00:00+00:00,1425.0,UNEXPLAINED,Wed 19:15,Thu 19:00,2017
2017-01-27 00:00:00+00:00,2017-01-29 00:00:00+00:00,2865.0,UNEXPLAINED,Thu 19:15,Sat 19:00,2017
2017-01-29 00:00:00+00:00,2017-01-30 00:00:00+00:00,1425.0,UNEXPLAINED,Sat 19:15,Sun 19:00,2017
2017-01-30 00:00:00+00:00,2017-01-31 00:00:00+00:00,1425.0,UNEXPLAINED,Sun 19:15,Mon 19:00,2017
2017-01-31 00:00:00+00:00,2017-02-01 00:00:00+00:00,1425.0,UNEXPLAINED,Mon 19:15,Tue 19:00,2017
2017-02-01 00:00:00+00:00,2017-02-02 00:00:00+00:00,1425.0,UNEXPLAINED,Tue 19:15,Wed 19:00,2017
2017-02-02 00:00:00+00:00,2017-02-03 00:00:00+00:00,1425.0,UNEXPLAINED,Wed 19:15,Thu 19:00,2017
2017-02-03 00:00:00+00:00,2017-02-05 00:00:00+00:00,2865.0,UNEXPLAINED,Thu 19:15,Sat 19:00,2017
2017-02-05 00:00:00+00:00,2017-02-06 00:00:00+00:00,1425.0,UNEXPLAINED,Sat 19:15,Sun 19:00,2017
2017-02-06 00:00:00+00:00,2017-02-07 00:00:00+00:00,1425.0,UNEXPLAINED,Sun 19:15,Mon 19:00,2017
2017-02-07 00:00:00+00:00,2017-02-08 00:00:00+00:00,1425.0,UNEXPLAINED,Mon 19:15,Tue 19:00,2017
2017-02-08 00:00:00+00:00,2017-02-09 00:00:00+00:00,1425.0,UNEXPLAINED,Tue 19:15,Wed 19:00,2017
2017-02-09 00:00:00+00:00,2017-02-10 00:00:00+00:00,1425.0,UNEXPLAINED,Wed 19:15,Thu 19:00,2017
2017-02-10 00:00:00+00:00,2017-02-12 00:00:00+00:00,2865.0,UNEXPLAINED,Thu 19:15,Sat 19:00,2017
2017-02-12 00:00:00+00:00,2017-02-13 00:00:00+00:00,1425.0,UNEXPLAINED,Sat 19:15,Sun 19:00,2017
2017-02-13 00:00:00+00:00,2017-02-14 00:00:00+00:00,1425.0,UNEXPLAINED,Sun 19:15,Mon 19:00,2017
2017-02-14 00:00:00+00:00,2017-02-15 00:00:00+00:00,1425.0,UNEXPLAINED,Mon 19:15,Tue 19:00,2017
2017-02-15 00:00:00+00:00,2017-02-16 00:00:00+00:00,1425.0,UNEXPLAINED,Tue 19:15,Wed 19:00,2017
2017-02-16 00:00:00+00:00,2017-02-17 00:00:00+00:00,1425.0,UNEXPLAINED,Wed 19:15,Thu 19:00,2017
2017-02-17 00:00:00+00:00,2017-02-19 00:00:00+00:00,2865.0,UNEXPLAINED,Thu 19:15,Sat 19:00,2017
2017-02-19 00:00:00+00:00,2017-02-20 00:00:00+00:00,1425.0,UNEXPLAINED,Sat 19:15,Sun 19:00,2017
2017-02-20 00:00:00+00:00,2017-02-21 00:00:00+00:00,1425.0,holiday/early_close,Sun 19:15,Mon 19:00,2017
2017-02-21 00:00:00+00:00,2017-02-22 00:00:00+00:00,1425.0,holiday/early_close,Mon 19:15,Tue 19:00,2017
2017-02-22 00:00:00+00:00,2017-02-23 00:00:00+00:00,1425.0,UNEXPLAINED,Tue 19:15,Wed 19:00,2017
2017-02-23 00:00:00+00:00,2017-02-24 00:00:00+00:00,1425.0,UNEXPLAINED,Wed 19:15,Thu 19:00,2017
2017-02-24 00:00:00+00:00,2017-02-26 00:00:00+00:00,2865.0,UNEXPLAINED,Thu 19:15,Sat 19:00,2017
2017-02-26 00:00:00+00:00,2017-02-27 00:00:00+00:00,1425.0,UNEXPLAINED,Sat 19:15,Sun 19:00,2017
2017-02-27 00:00:00+00:00,2017-02-27 06:00:00+00:00,345.0,UNEXPLAINED,Sun 19:15,Mon 01:00,2017
2017-02-27 06:00:00+00:00,2017-02-27 07:00:00+00:00,45.0,UNEXPLAINED,Mon 01:15,Mon 02:00,2017
2017-02-27 07:00:00+00:00,2017-02-27 08:00:00+00:00,45.0,UNEXPLAINED,Mon 02:15,Mon 03:00,2017
2017-02-27 08:00:00+00:00,2017-02-27 09:00:00+00:00,45.0,UNEXPLAINED,Mon 03:15,Mon 04:00,2017
2017-02-27 09:00:00+00:00,2017-02-27 10:00:00+00:00,45.0,UNEXPLAINED,Mon 04:15,Mon 05:00,2017
2017-02-27 10:00:00+00:00,2017-02-27 11:00:00+00:00,45.0,UNEXPLAINED,Mon 05:15,Mon 06:00,2017
2017-02-27 11:00:00+00:00,2017-02-27 12:00:00+00:00,45.0,UNEXPLAINED,Mon 06:15,Mon 07:00,2017
2017-02-27 12:00:00+00:00,2017-02-27 13:00:00+00:00,45.0,UNEXPLAINED,Mon 07:15,Mon 08:00,2017
2017-02-27 13:00:00+00:00,2017-02-27 14:00:00+00:00,45.0,UNEXPLAINED,Mon 08:15,Mon 09:00,2017
2017-02-27 14:00:00+00:00,2017-02-27 15:00:00+00:00,45.0,UNEXPLAINED,Mon 09:15,Mon 10:00,2017
2017-02-27 15:00:00+00:00,2017-02-27 16:00:00+00:00,45.0,UNEXPLAINED,Mon 10:15,Mon 11:00,2017
2017-02-27 16:00:00+00:00,2017-02-27 17:00:00+00:00,45.0,UNEXPLAINED,Mon 11:15,Mon 12:00,2017
2017-02-27 17:00:00+00:00,2017-02-27 18:00:00+00:00,45.0,UNEXPLAINED,Mon 12:15,Mon 13:00,2017
2017-02-27 18:00:00+00:00,2017-02-27 19:00:00+00:00,45.0,UNEXPLAINED,Mon 13:15,Mon 14:00,2017
2017-02-27 19:00:00+00:00,2017-02-27 20:00:00+00:00,45.0,UNEXPLAINED,Mon 14:15,Mon 15:00,2017
2017-02-27 20:00:00+00:00,2017-02-27 21:00:00+00:00,45.0,UNEXPLAINED,Mon 15:15,Mon 16:00,2017
2017-02-27 21:00:00+00:00,2017-02-27 22:00:00+00:00,45.0,daily_break_variant,Mon 16:15,Mon 17:00,2017
2017-02-27 22:00:00+00:00,2017-02-28 00:00:00+00:00,105.0,daily_break_variant,Mon 17:15,Mon 19:00,2017
2017-02-28 00:00:00+00:00,2017-02-28 01:00:00+00:00,45.0,UNEXPLAINED,Mon 19:15,Mon 20:00,2017
2017-02-28 01:00:00+00:00,2017-02-28 02:00:00+00:00,45.0,UNEXPLAINED,Mon 20:15,Mon 21:00,2017
2017-02-28 02:00:00+00:00,2017-02-28 03:00:00+00:00,45.0,UNEXPLAINED,Mon 21:15,Mon 22:00,2017
2017-02-28 03:00:00+00:00,2017-02-28 04:00:00+00:00,45.0,UNEXPLAINED,Mon 22:15,Mon 23:00,2017
2017-02-28 04:00:00+00:00,2017-02-28 05:00:00+00:00,45.0,UNEXPLAINED,Mon 23:15,Tue 00:00,2017
2017-02-28 05:00:00+00:00,2017-02-28 06:00:00+00:00,45.0,UNEXPLAINED,Tue 00:15,Tue 01:00,2017
2017-02-28 06:00:00+00:00,2017-02-28 07:00:00+00:00,45.0,UNEXPLAINED,Tue 01:15,Tue 02:00,2017
2017-02-28 07:00:00+00:00,2017-02-28 08:00:00+00:00,45.0,UNEXPLAINED,Tue 02:15,Tue 03:00,2017
2017-02-28 08:00:00+00:00,2017-02-28 09:00:00+00:00,45.0,UNEXPLAINED,Tue 03:15,Tue 04:00,2017
2017-02-28 09:00:00+00:00,2017-02-28 10:00:00+00:00,45.0,UNEXPLAINED,Tue 04:15,Tue 05:00,2017
2017-02-28 10:00:00+00:00,2017-02-28 11:00:00+00:00,45.0,UNEXPLAINED,Tue 05:15,Tue 06:00,2017
2017-02-28 11:00:00+00:00,2017-02-28 12:00:00+00:00,45.0,UNEXPLAINED,Tue 06:15,Tue 07:00,2017
2017-02-28 12:00:00+00:00,2017-02-28 13:00:00+00:00,45.0,UNEXPLAINED,Tue 07:15,Tue 08:00,2017
2017-02-28 13:00:00+00:00,2017-02-28 14:00:00+00:00,45.0,UNEXPLAINED,Tue 08:15,Tue 09:00,2017
2017-02-28 14:00:00+00:00,2017-02-28 15:00:00+00:00,45.0,UNEXPLAINED,Tue 09:15,Tue 10:00,2017
2017-02-28 15:00:00+00:00,2017-02-28 16:00:00+00:00,45.0,UNEXPLAINED,Tue 10:15,Tue 11:00,2017
2017-02-28 16:00:00+00:00,2017-02-28 17:00:00+00:00,45.0,UNEXPLAINED,Tue 11:15,Tue 12:00,2017
2017-02-28 17:00:00+00:00,2017-02-28 18:00:00+00:00,45.0,UNEXPLAINED,Tue 12:15,Tue 13:00,2017
2017-02-28 18:00:00+00:00,2017-02-28 19:00:00+00:00,45.0,UNEXPLAINED,Tue 13:15,Tue 14:00,2017
2017-02-28 19:00:00+00:00,2017-02-28 20:00:00+00:00,45.0,UNEXPLAINED,Tue 14:15,Tue 15:00,2017
2017-02-28 20:00:00+00:00,2017-02-28 21:00:00+00:00,45.0,UNEXPLAINED,Tue 15:15,Tue 16:00,2017
2017-02-28 21:00:00+00:00,2017-02-28 22:00:00+00:00,45.0,daily_break_variant,Tue 16:15,Tue 17:00,2017
2017-02-28 22:00:00+00:00,2017-03-01 00:00:00+00:00,105.0,daily_break_variant,Tue 17:15,Tue 19:00,2017
2017-03-01 00:00:00+00:00,2017-03-01 01:00:00+00:00,45.0,UNEXPLAINED,Tue 19:15,Tue 20:00,2017
2017-03-01 01:00:00+00:00,2017-03-01 02:00:00+00:00,45.0,UNEXPLAINED,Tue 20:15,Tue 21:00,2017
2017-03-01 02:00:00+00:00,2017-03-01 03:00:00+00:00,45.0,UNEXPLAINED,Tue 21:15,Tue 22:00,2017
2017-03-01 03:00:00+00:00,2017-03-01 04:00:00+00:00,45.0,UNEXPLAINED,Tue 22:15,Tue 23:00,2017
2017-03-01 04:00:00+00:00,2017-03-01 05:00:00+00:00,45.0,UNEXPLAINED,Tue 23:15,Wed 00:00,2017
2017-03-01 05:00:00+00:00,2017-03-01 06:00:00+00:00,45.0,UNEXPLAINED,Wed 00:15,Wed 01:00,2017
2017-03-01 06:00:00+00:00,2017-03-01 07:00:00+00:00,45.0,UNEXPLAINED,Wed 01:15,Wed 02:00,2017
2017-03-01 07:00:00+00:00,2017-03-01 08:00:00+00:00,45.0,UNEXPLAINED,Wed 02:15,Wed 03:00,2017
2017-03-01 08:00:00+00:00,2017-03-01 09:00:00+00:00,45.0,UNEXPLAINED,Wed 03:15,Wed 04:00,2017
2017-03-01 09:00:00+00:00,2017-03-01 10:00:00+00:00,45.0,UNEXPLAINED,Wed 04:15,Wed 05:00,2017
2017-03-01 10:00:00+00:00,2017-03-01 11:00:00+00:00,45.0,UNEXPLAINED,Wed 05:15,Wed 06:00,2017
2017-03-01 11:00:00+00:00,2017-03-01 12:00:00+00:00,45.0,UNEXPLAINED,Wed 06:15,Wed 07:00,2017
2017-03-01 12:00:00+00:00,2017-03-01 13:00:00+00:00,45.0,UNEXPLAINED,Wed 07:15,Wed 08:00,2017
2017-03-01 13:00:00+00:00,2017-03-01 14:00:00+00:00,45.0,UNEXPLAINED,Wed 08:15,Wed 09:00,2017
2017-03-01 14:00:00+00:00,2017-03-01 15:00:00+00:00,45.0,UNEXPLAINED,Wed 09:15,Wed 10:00,2017
2017-03-01 15:00:00+00:00,2017-03-01 16:00:00+00:00,45.0,UNEXPLAINED,Wed 10:15,Wed 11:00,2017
2017-03-01 16:00:00+00:00,2017-03-01 17:00:00+00:00,45.0,UNEXPLAINED,Wed 11:15,Wed 12:00,2017
2017-03-01 17:00:00+00:00,2017-03-01 18:00:00+00:00,45.0,UNEXPLAINED,Wed 12:15,Wed 13:00,2017
2017-03-01 18:00:00+00:00,2017-03-01 19:00:00+00:00,45.0,UNEXPLAINED,Wed 13:15,Wed 14:00,2017
2017-03-01 19:00:00+00:00,2017-03-01 20:00:00+00:00,45.0,UNEXPLAINED,Wed 14:15,Wed 15:00,2017
2017-03-01 20:00:00+00:00,2017-03-01 21:00:00+00:00,45.0,UNEXPLAINED,Wed 15:15,Wed 16:00,2017
2017-03-01 21:00:00+00:00,2017-03-01 22:00:00+00:00,45.0,daily_break_variant,Wed 16:15,Wed 17:00,2017
2017-03-01 22:00:00+00:00,2017-03-01 23:00:00+00:00,45.0,daily_break_variant,Wed 17:15,Wed 18:00,2017
2017-03-01 23:00:00+00:00,2017-03-02 00:00:00+00:00,45.0,UNEXPLAINED,Wed 18:15,Wed 19:00,2017
2017-03-02 00:00:00+00:00,2017-03-02 01:00:00+00:00,45.0,UNEXPLAINED,Wed 19:15,Wed 20:00,2017
2017-03-02 01:00:00+00:00,2017-03-02 02:00:00+00:00,45.0,UNEXPLAINED,Wed 20:15,Wed 21:00,2017
2017-03-02 02:00:00+00:00,2017-03-02 03:00:00+00:00,45.0,UNEXPLAINED,Wed 21:15,Wed 22:00,2017
2017-03-02 03:00:00+00:00,2017-03-02 04:00:00+00:00,45.0,UNEXPLAINED,Wed 22:15,Wed 23:00,2017
2017-03-02 04:00:00+00:00,2017-03-02 05:00:00+00:00,45.0,UNEXPLAINED,Wed 23:15,Thu 00:00,2017
2017-03-02 05:00:00+00:00,2017-03-02 06:00:00+00:00,45.0,UNEXPLAINED,Thu 00:15,Thu 01:00,2017
2017-03-02 06:00:00+00:00,2017-03-02 07:00:00+00:00,45.0,UNEXPLAINED,Thu 01:15,Thu 02:00,2017
2017-03-02 07:00:00+00:00,2017-03-02 08:00:00+00:00,45.0,UNEXPLAINED,Thu 02:15,Thu 03:00,2017
2017-03-02 08:00:00+00:00,2017-03-02 09:00:00+00:00,45.0,UNEXPLAINED,Thu 03:15,Thu 04:00,2017
2017-03-02 09:00:00+00:00,2017-03-02 10:00:00+00:00,45.0,UNEXPLAINED,Thu 04:15,Thu 05:00,2017
2017-03-02 10:00:00+00:00,2017-03-02 11:00:00+00:00,45.0,UNEXPLAINED,Thu 05:15,Thu 06:00,2017
2017-03-02 11:00:00+00:00,2017-03-02 12:00:00+00:00,45.0,UNEXPLAINED,Thu 06:15,Thu 07:00,2017
2017-03-02 12:00:00+00:00,2017-03-02 13:00:00+00:00,45.0,UNEXPLAINED,Thu 07:15,Thu 08:00,2017
2017-03-02 13:00:00+00:00,2017-03-02 14:00:00+00:00,45.0,UNEXPLAINED,Thu 08:15,Thu 09:00,2017
2017-03-02 14:00:00+00:00,2017-03-02 15:00:00+00:00,45.0,UNEXPLAINED,Thu 09:15,Thu 10:00,2017
2017-03-02 15:00:00+00:00,2017-03-02 16:00:00+00:00,45.0,UNEXPLAINED,Thu 10:15,Thu 11:00,2017
2017-03-02 16:00:00+00:00,2017-03-02 17:00:00+00:00,45.0,UNEXPLAINED,Thu 11:15,Thu 12:00,2017
2017-03-02 17:00:00+00:00,2017-03-02 18:00:00+00:00,45.0,UNEXPLAINED,Thu 12:15,Thu 13:00,2017
2017-03-02 18:00:00+00:00,2017-03-02 19:00:00+00:00,45.0,UNEXPLAINED,Thu 13:15,Thu 14:00,2017
2017-03-02 19:00:00+00:00,2017-03-02 20:00:00+00:00,45.0,UNEXPLAINED,Thu 14:15,Thu 15:00,2017
2017-03-02 20:00:00+00:00,2017-03-02 21:00:00+00:00,45.0,UNEXPLAINED,Thu 15:15,Thu 16:00,2017
2017-03-02 21:00:00+00:00,2017-03-02 22:00:00+00:00,45.0,daily_break_variant,Thu 16:15,Thu 17:00,2017
2017-03-02 22:00:00+00:00,2017-03-02 23:00:00+00:00,45.0,daily_break_variant,Thu 17:15,Thu 18:00,2017
2017-03-02 23:00:00+00:00,2017-03-03 00:00:00+00:00,45.0,UNEXPLAINED,Thu 18:15,Thu 19:00,2017
2017-03-03 00:00:00+00:00,2017-03-03 01:00:00+00:00,45.0,UNEXPLAINED,Thu 19:15,Thu 20:00,2017
2017-03-03 01:00:00+00:00,2017-03-03 02:00:00+00:00,45.0,UNEXPLAINED,Thu 20:15,Thu 21:00,2017
2017-03-03 02:00:00+00:00,2017-03-03 03:00:00+00:00,45.0,UNEXPLAINED,Thu 21:15,Thu 22:00,2017
2017-03-03 03:00:00+00:00,2017-03-03 04:00:00+00:00,45.0,UNEXPLAINED,Thu 22:15,Thu 23:00,2017
2017-03-03 04:00:00+00:00,2017-03-03 05:00:00+00:00,45.0,UNEXPLAINED,Thu 23:15,Fri 00:00,2017
2017-03-03 05:00:00+00:00,2017-03-03 06:00:00+00:00,45.0,UNEXPLAINED,Fri 00:15,Fri 01:00,2017
2017-03-03 06:00:00+00:00,2017-03-03 07:00:00+00:00,45.0,UNEXPLAINED,Fri 01:15,Fri 02:00,2017
2017-03-03 07:00:00+00:00,2017-03-03 08:00:00+00:00,45.0,UNEXPLAINED,Fri 02:15,Fri 03:00,2017
2017-03-03 08:00:00+00:00,2017-03-03 09:00:00+00:00,45.0,UNEXPLAINED,Fri 03:15,Fri 04:00,2017
2017-03-03 09:00:00+00:00,2017-03-03 10:00:00+00:00,45.0,UNEXPLAINED,Fri 04:15,Fri 05:00,2017
2017-03-03 10:00:00+00:00,2017-03-03 11:00:00+00:00,45.0,UNEXPLAINED,Fri 05:15,Fri 06:00,2017
2017-03-03 11:00:00+00:00,2017-03-03 12:00:00+00:00,45.0,UNEXPLAINED,Fri 06:15,Fri 07:00,2017
2017-03-03 12:00:00+00:00,2017-03-03 13:00:00+00:00,45.0,UNEXPLAINED,Fri 07:15,Fri 08:00,2017
2017-03-03 13:00:00+00:00,2017-03-03 14:00:00+00:00,45.0,UNEXPLAINED,Fri 08:15,Fri 09:00,2017
2017-03-03 14:00:00+00:00,2017-03-03 15:00:00+00:00,45.0,UNEXPLAINED,Fri 09:15,Fri 10:00,2017
2017-03-03 15:00:00+00:00,2017-03-03 16:00:00+00:00,45.0,UNEXPLAINED,Fri 10:15,Fri 11:00,2017
2017-03-03 16:00:00+00:00,2017-03-03 17:00:00+00:00,45.0,UNEXPLAINED,Fri 11:15,Fri 12:00,2017
2017-03-03 17:00:00+00:00,2017-03-03 18:00:00+00:00,45.0,UNEXPLAINED,Fri 12:15,Fri 13:00,2017
2017-03-03 18:00:00+00:00,2017-03-03 19:00:00+00:00,45.0,UNEXPLAINED,Fri 13:15,Fri 14:00,2017
2017-03-03 19:00:00+00:00,2017-03-03 20:00:00+00:00,45.0,UNEXPLAINED,Fri 14:15,Fri 15:00,2017
2017-03-03 20:00:00+00:00,2017-03-03 21:00:00+00:00,45.0,UNEXPLAINED,Fri 15:15,Fri 16:00,2017
2017-03-03 21:00:00+00:00,2017-03-03 22:00:00+00:00,45.0,daily_break_variant,Fri 16:15,Fri 17:00,2017
2017-03-03 22:00:00+00:00,2017-03-05 23:00:00+00:00,2925.0,weekend,Fri 17:15,Sun 18:00,2017
2017-03-05 23:00:00+00:00,2017-03-06 00:00:00+00:00,45.0,UNEXPLAINED,Sun 18:15,Sun 19:00,2017
2017-03-06 00:00:00+00:00,2017-03-06 01:00:00+00:00,45.0,UNEXPLAINED,Sun 19:15,Sun 20:00,2017
2017-03-06 01:00:00+00:00,2017-03-06 02:00:00+00:00,45.0,UNEXPLAINED,Sun 20:15,Sun 21:00,2017
2017-03-06 02:00:00+00:00,2017-03-06 03:00:00+00:00,45.0,UNEXPLAINED,Sun 21:15,Sun 22:00,2017
2017-03-06 03:00:00+00:00,2017-03-06 04:00:00+00:00,45.0,UNEXPLAINED,Sun 22:15,Sun 23:00,2017
2017-03-06 04:00:00+00:00,2017-03-06 05:00:00+00:00,45.0,UNEXPLAINED,Sun 23:15,Mon 00:00,2017
2017-03-06 05:00:00+00:00,2017-03-06 06:00:00+00:00,45.0,UNEXPLAINED,Mon 00:15,Mon 01:00,2017
2017-03-06 06:00:00+00:00,2017-03-06 07:00:00+00:00,45.0,UNEXPLAINED,Mon 01:15,Mon 02:00,2017
2017-03-06 07:00:00+00:00,2017-03-06 08:00:00+00:00,45.0,UNEXPLAINED,Mon 02:15,Mon 03:00,2017
2017-03-06 08:00:00+00:00,2017-03-06 09:00:00+00:00,45.0,UNEXPLAINED,Mon 03:15,Mon 04:00,2017
2017-03-06 09:00:00+00:00,2017-03-06 10:00:00+00:00,45.0,UNEXPLAINED,Mon 04:15,Mon 05:00,2017
2017-03-06 10:00:00+00:00,2017-03-06 11:00:00+00:00,45.0,UNEXPLAINED,Mon 05:15,Mon 06:00,2017
2017-03-06 11:00:00+00:00,2017-03-06 12:00:00+00:00,45.0,UNEXPLAINED,Mon 06:15,Mon 07:00,2017
2017-03-06 12:00:00+00:00,2017-03-06 13:00:00+00:00,45.0,UNEXPLAINED,Mon 07:15,Mon 08:00,2017
2017-03-06 13:00:00+00:00,2017-03-06 14:00:00+00:00,45.0,UNEXPLAINED,Mon 08:15,Mon 09:00,2017
2017-03-06 14:00:00+00:00,2017-03-06 15:00:00+00:00,45.0,UNEXPLAINED,Mon 09:15,Mon 10:00,2017
2017-03-06 15:00:00+00:00,2017-03-06 16:00:00+00:00,45.0,UNEXPLAINED,Mon 10:15,Mon 11:00,2017
2017-03-06 16:00:00+00:00,2017-03-06 17:00:00+00:00,45.0,UNEXPLAINED,Mon 11:15,Mon 12:00,2017
2017-03-06 17:00:00+00:00,2017-03-06 18:00:00+00:00,45.0,UNEXPLAINED,Mon 12:15,Mon 13:00,2017
2017-03-06 18:00:00+00:00,2017-03-06 19:00:00+00:00,45.0,UNEXPLAINED,Mon 13:15,Mon 14:00,2017
2017-03-06 19:00:00+00:00,2017-03-06 20:00:00+00:00,45.0,UNEXPLAINED,Mon 14:15,Mon 15:00,2017
2017-03-06 20:00:00+00:00,2017-03-06 21:00:00+00:00,45.0,UNEXPLAINED,Mon 15:15,Mon 16:00,2017
2017-03-06 21:00:00+00:00,2017-03-06 22:00:00+00:00,45.0,daily_break_variant,Mon 16:15,Mon 17:00,2017
2017-03-06 22:00:00+00:00,2017-03-07 00:00:00+00:00,105.0,daily_break_variant,Mon 17:15,Mon 19:00,2017
2017-03-07 00:00:00+00:00,2017-03-07 01:00:00+00:00,45.0,UNEXPLAINED,Mon 19:15,Mon 20:00,2017
2017-03-07 01:00:00+00:00,2017-03-07 02:00:00+00:00,45.0,UNEXPLAINED,Mon 20:15,Mon 21:00,2017
2017-03-07 02:00:00+00:00,2017-03-07 03:00:00+00:00,45.0,UNEXPLAINED,Mon 21:15,Mon 22:00,2017
2017-03-07 03:00:00+00:00,2017-03-07 04:00:00+00:00,45.0,UNEXPLAINED,Mon 22:15,Mon 23:00,2017
2017-03-07 04:00:00+00:00,2017-03-07 05:00:00+00:00,45.0,UNEXPLAINED,Mon 23:15,Tue 00:00,2017
2017-03-07 05:00:00+00:00,2017-03-07 06:00:00+00:00,45.0,UNEXPLAINED,Tue 00:15,Tue 01:00,2017
2017-03-07 06:00:00+00:00,2017-03-07 07:00:00+00:00,45.0,UNEXPLAINED,Tue 01:15,Tue 02:00,2017
2017-03-07 07:00:00+00:00,2017-03-07 08:00:00+00:00,45.0,UNEXPLAINED,Tue 02:15,Tue 03:00,2017
2017-03-07 08:00:00+00:00,2017-03-07 09:00:00+00:00,45.0,UNEXPLAINED,Tue 03:15,Tue 04:00,2017
2017-03-07 09:00:00+00:00,2017-03-07 10:00:00+00:00,45.0,UNEXPLAINED,Tue 04:15,Tue 05:00,2017
2017-03-07 10:00:00+00:00,2017-03-07 11:00:00+00:00,45.0,UNEXPLAINED,Tue 05:15,Tue 06:00,2017
2017-03-07 11:00:00+00:00,2017-03-07 12:00:00+00:00,45.0,UNEXPLAINED,Tue 06:15,Tue 07:00,2017
2017-03-07 12:00:00+00:00,2017-03-07 13:00:00+00:00,45.0,UNEXPLAINED,Tue 07:15,Tue 08:00,2017
2017-03-07 13:00:00+00:00,2017-03-07 14:00:00+00:00,45.0,UNEXPLAINED,Tue 08:15,Tue 09:00,2017
2017-03-07 14:00:00+00:00,2017-03-07 15:00:00+00:00,45.0,UNEXPLAINED,Tue 09:15,Tue 10:00,2017
2017-03-07 15:00:00+00:00,2017-03-07 16:00:00+00:00,45.0,UNEXPLAINED,Tue 10:15,Tue 11:00,2017
2017-03-07 16:00:00+00:00,2017-03-07 17:00:00+00:00,45.0,UNEXPLAINED,Tue 11:15,Tue 12:00,2017
2017-03-07 17:00:00+00:00,2017-03-07 18:00:00+00:00,45.0,UNEXPLAINED,Tue 12:15,Tue 13:00,2017
2017-03-07 18:00:00+00:00,2017-03-07 19:00:00+00:00,45.0,UNEXPLAINED,Tue 13:15,Tue 14:00,2017
2017-03-07 19:00:00+00:00,2017-03-07 20:00:00+00:00,45.0,UNEXPLAINED,Tue 14:15,Tue 15:00,2017
2017-03-07 20:00:00+00:00,2017-03-07 21:00:00+00:00,45.0,UNEXPLAINED,Tue 15:15,Tue 16:00,2017
2017-03-07 21:00:00+00:00,2017-03-07 22:00:00+00:00,45.0,daily_break_variant,Tue 16:15,Tue 17:00,2017
2017-03-07 22:00:00+00:00,2017-03-07 23:00:00+00:00,45.0,daily_break_variant,Tue 17:15,Tue 18:00,2017
2017-03-07 23:00:00+00:00,2017-03-08 00:00:00+00:00,45.0,UNEXPLAINED,Tue 18:15,Tue 19:00,2017
2017-03-08 00:00:00+00:00,2017-03-08 01:00:00+00:00,45.0,UNEXPLAINED,Tue 19:15,Tue 20:00,2017
2017-03-08 01:00:00+00:00,2017-03-08 02:00:00+00:00,45.0,UNEXPLAINED,Tue 20:15,Tue 21:00,2017
2017-03-08 02:00:00+00:00,2017-03-08 03:00:00+00:00,45.0,UNEXPLAINED,Tue 21:15,Tue 22:00,2017
2017-03-08 03:00:00+00:00,2017-03-08 04:00:00+00:00,45.0,UNEXPLAINED,Tue 22:15,Tue 23:00,2017
2017-03-08 04:00:00+00:00,2017-03-08 05:00:00+00:00,45.0,UNEXPLAINED,Tue 23:15,Wed 00:00,2017
2017-03-08 05:00:00+00:00,2017-03-08 06:00:00+00:00,45.0,UNEXPLAINED,Wed 00:15,Wed 01:00,2017
2017-03-08 06:00:00+00:00,2017-03-08 07:00:00+00:00,45.0,UNEXPLAINED,Wed 01:15,Wed 02:00,2017
2017-03-08 07:00:00+00:00,2017-03-08 08:00:00+00:00,45.0,UNEXPLAINED,Wed 02:15,Wed 03:00,2017
2017-03-08 08:00:00+00:00,2017-03-08 09:00:00+00:00,45.0,UNEXPLAINED,Wed 03:15,Wed 04:00,2017
2017-03-08 09:00:00+00:00,2017-03-08 10:00:00+00:00,45.0,UNEXPLAINED,Wed 04:15,Wed 05:00,2017
2017-03-08 10:00:00+00:00,2017-03-08 11:00:00+00:00,45.0,UNEXPLAINED,Wed 05:15,Wed 06:00,2017
2017-03-08 11:00:00+00:00,2017-03-08 12:00:00+00:00,45.0,UNEXPLAINED,Wed 06:15,Wed 07:00,2017
2017-03-08 12:00:00+00:00,2017-03-08 13:00:00+00:00,45.0,UNEXPLAINED,Wed 07:15,Wed 08:00,2017
2017-03-08 13:00:00+00:00,2017-03-08 14:00:00+00:00,45.0,UNEXPLAINED,Wed 08:15,Wed 09:00,2017
2017-03-08 14:00:00+00:00,2017-03-08 15:00:00+00:00,45.0,UNEXPLAINED,Wed 09:15,Wed 10:00,2017
2017-03-08 15:00:00+00:00,2017-03-08 16:00:00+00:00,45.0,UNEXPLAINED,Wed 10:15,Wed 11:00,2017
2017-03-08 16:00:00+00:00,2017-03-08 17:00:00+00:00,45.0,UNEXPLAINED,Wed 11:15,Wed 12:00,2017
2017-03-08 17:00:00+00:00,2017-03-08 18:00:00+00:00,45.0,UNEXPLAINED,Wed 12:15,Wed 13:00,2017
2017-03-08 18:00:00+00:00,2017-03-08 19:00:00+00:00,45.0,UNEXPLAINED,Wed 13:15,Wed 14:00,2017
2017-03-08 19:00:00+00:00,2017-03-08 20:00:00+00:00,45.0,UNEXPLAINED,Wed 14:15,Wed 15:00,2017
2017-03-08 20:00:00+00:00,2017-03-08 21:00:00+00:00,45.0,UNEXPLAINED,Wed 15:15,Wed 16:00,2017
2017-03-08 21:00:00+00:00,2017-03-08 22:00:00+00:00,45.0,daily_break_variant,Wed 16:15,Wed 17:00,2017
2017-03-08 22:00:00+00:00,2017-03-08 23:00:00+00:00,45.0,daily_break_variant,Wed 17:15,Wed 18:00,2017
2017-03-08 23:00:00+00:00,2017-03-09 00:00:00+00:00,45.0,UNEXPLAINED,Wed 18:15,Wed 19:00,2017
2017-03-09 00:00:00+00:00,2017-03-09 01:00:00+00:00,45.0,UNEXPLAINED,Wed 19:15,Wed 20:00,2017
2017-03-09 01:00:00+00:00,2017-03-09 02:00:00+00:00,45.0,UNEXPLAINED,Wed 20:15,Wed 21:00,2017
2017-03-09 02:00:00+00:00,2017-03-09 03:00:00+00:00,45.0,UNEXPLAINED,Wed 21:15,Wed 22:00,2017
2017-03-09 03:00:00+00:00,2017-03-09 04:00:00+00:00,45.0,UNEXPLAINED,Wed 22:15,Wed 23:00,2017
2017-03-09 04:00:00+00:00,2017-03-09 05:00:00+00:00,45.0,UNEXPLAINED,Wed 23:15,Thu 00:00,2017
2017-03-09 05:00:00+00:00,2017-03-09 06:00:00+00:00,45.0,UNEXPLAINED,Thu 00:15,Thu 01:00,2017
2017-03-09 06:00:00+00:00,2017-03-09 07:00:00+00:00,45.0,UNEXPLAINED,Thu 01:15,Thu 02:00,2017
2017-03-09 07:00:00+00:00,2017-03-09 08:00:00+00:00,45.0,UNEXPLAINED,Thu 02:15,Thu 03:00,2017
2017-03-09 08:00:00+00:00,2017-03-09 09:00:00+00:00,45.0,UNEXPLAINED,Thu 03:15,Thu 04:00,2017
2017-03-09 09:00:00+00:00,2017-03-09 10:00:00+00:00,45.0,UNEXPLAINED,Thu 04:15,Thu 05:00,2017
2017-03-09 10:00:00+00:00,2017-03-09 11:00:00+00:00,45.0,UNEXPLAINED,Thu 05:15,Thu 06:00,2017
2017-03-09 11:00:00+00:00,2017-03-09 12:00:00+00:00,45.0,UNEXPLAINED,Thu 06:15,Thu 07:00,2017
2017-03-09 12:00:00+00:00,2017-03-09 13:00:00+00:00,45.0,UNEXPLAINED,Thu 07:15,Thu 08:00,2017
2017-03-09 13:00:00+00:00,2017-03-09 14:00:00+00:00,45.0,UNEXPLAINED,Thu 08:15,Thu 09:00,2017
2017-03-09 14:00:00+00:00,2017-03-09 15:00:00+00:00,45.0,UNEXPLAINED,Thu 09:15,Thu 10:00,2017
2017-03-09 15:00:00+00:00,2017-03-09 16:00:00+00:00,45.0,UNEXPLAINED,Thu 10:15,Thu 11:00,2017
2017-03-09 16:00:00+00:00,2017-03-09 17:00:00+00:00,45.0,UNEXPLAINED,Thu 11:15,Thu 12:00,2017
2017-03-09 17:00:00+00:00,2017-03-09 18:00:00+00:00,45.0,UNEXPLAINED,Thu 12:15,Thu 13:00,2017
2017-03-09 18:00:00+00:00,2017-03-09 19:00:00+00:00,45.0,UNEXPLAINED,Thu 13:15,Thu 14:00,2017
2017-03-09 19:00:00+00:00,2017-03-09 20:00:00+00:00,45.0,UNEXPLAINED,Thu 14:15,Thu 15:00,2017
2017-03-09 20:00:00+00:00,2017-03-09 21:00:00+00:00,45.0,UNEXPLAINED,Thu 15:15,Thu 16:00,2017
2017-03-09 21:00:00+00:00,2017-03-09 22:00:00+00:00,45.0,daily_break_variant,Thu 16:15,Thu 17:00,2017
2017-03-09 22:00:00+00:00,2017-03-09 23:00:00+00:00,45.0,daily_break_variant,Thu 17:15,Thu 18:00,2017
2017-03-09 23:00:00+00:00,2017-03-10 00:00:00+00:00,45.0,UNEXPLAINED,Thu 18:15,Thu 19:00,2017
2017-03-10 00:00:00+00:00,2017-03-10 01:00:00+00:00,45.0,UNEXPLAINED,Thu 19:15,Thu 20:00,2017
2017-03-10 01:00:00+00:00,2017-03-10 02:00:00+00:00,45.0,UNEXPLAINED,Thu 20:15,Thu 21:00,2017
2017-03-10 02:00:00+00:00,2017-03-10 03:00:00+00:00,45.0,UNEXPLAINED,Thu 21:15,Thu 22:00,2017
2017-03-10 03:00:00+00:00,2017-03-10 04:00:00+00:00,45.0,UNEXPLAINED,Thu 22:15,Thu 23:00,2017
2017-03-10 04:00:00+00:00,2017-03-10 05:00:00+00:00,45.0,UNEXPLAINED,Thu 23:15,Fri 00:00,2017
2017-03-10 05:00:00+00:00,2017-03-10 06:00:00+00:00,45.0,UNEXPLAINED,Fri 00:15,Fri 01:00,2017
2017-03-10 06:00:00+00:00,2017-03-10 07:00:00+00:00,45.0,UNEXPLAINED,Fri 01:15,Fri 02:00,2017
2017-03-10 07:00:00+00:00,2017-03-10 08:00:00+00:00,45.0,UNEXPLAINED,Fri 02:15,Fri 03:00,2017
2017-03-10 08:00:00+00:00,2017-03-10 09:00:00+00:00,45.0,UNEXPLAINED,Fri 03:15,Fri 04:00,2017
2017-03-10 09:00:00+00:00,2017-03-10 10:00:00+00:00,45.0,UNEXPLAINED,Fri 04:15,Fri 05:00,2017
2017-03-10 10:00:00+00:00,2017-03-10 11:00:00+00:00,45.0,UNEXPLAINED,Fri 05:15,Fri 06:00,2017
2017-03-10 11:00:00+00:00,2017-03-10 12:00:00+00:00,45.0,UNEXPLAINED,Fri 06:15,Fri 07:00,2017
2017-03-10 12:00:00+00:00,2017-03-10 13:00:00+00:00,45.0,UNEXPLAINED,Fri 07:15,Fri 08:00,2017
2017-03-10 13:00:00+00:00,2017-03-10 14:00:00+00:00,45.0,UNEXPLAINED,Fri 08:15,Fri 09:00,2017
2017-03-10 14:00:00+00:00,2017-03-10 15:00:00+00:00,45.0,UNEXPLAINED,Fri 09:15,Fri 10:00,2017
2017-03-10 15:00:00+00:00,2017-03-10 16:00:00+00:00,45.0,UNEXPLAINED,Fri 10:15,Fri 11:00,2017
2017-03-10 16:00:00+00:00,2017-03-10 17:00:00+00:00,45.0,UNEXPLAINED,Fri 11:15,Fri 12:00,2017
2017-03-10 17:00:00+00:00,2017-03-10 18:00:00+00:00,45.0,UNEXPLAINED,Fri 12:15,Fri 13:00,2017
2017-03-10 18:00:00+00:00,2017-03-10 19:00:00+00:00,45.0,UNEXPLAINED,Fri 13:15,Fri 14:00,2017
2017-03-10 19:00:00+00:00,2017-03-10 20:00:00+00:00,45.0,UNEXPLAINED,Fri 14:15,Fri 15:00,2017
2017-03-10 20:00:00+00:00,2017-03-10 21:00:00+00:00,45.0,UNEXPLAINED,Fri 15:15,Fri 16:00,2017
2017-03-10 21:00:00+00:00,2017-03-10 22:00:00+00:00,45.0,daily_break_variant,Fri 16:15,Fri 17:00,2017
2017-03-10 22:00:00+00:00,2017-03-12 22:00:00+00:00,2865.0,weekend,Fri 17:15,Sun 18:00,2017
2017-03-12 22:00:00+00:00,2017-03-12 23:00:00+00:00,45.0,UNEXPLAINED,Sun 18:15,Sun 19:00,2017
2017-03-12 23:00:00+00:00,2017-03-13 00:00:00+00:00,45.0,UNEXPLAINED,Sun 19:15,Sun 20:00,2017
2017-03-13 00:00:00+00:00,2017-03-13 01:00:00+00:00,45.0,UNEXPLAINED,Sun 20:15,Sun 21:00,2017
2017-03-13 01:00:00+00:00,2017-03-13 02:00:00+00:00,45.0,UNEXPLAINED,Sun 21:15,Sun 22:00,2017
2017-03-13 02:00:00+00:00,2017-03-13 03:00:00+00:00,45.0,UNEXPLAINED,Sun 22:15,Sun 23:00,2017
2017-03-13 03:00:00+00:00,2017-03-13 04:00:00+00:00,45.0,UNEXPLAINED,Sun 23:15,Mon 00:00,2017
2017-03-13 04:00:00+00:00,2017-03-13 05:00:00+00:00,45.0,UNEXPLAINED,Mon 00:15,Mon 01:00,2017
2017-03-13 05:00:00+00:00,2017-03-13 06:00:00+00:00,45.0,UNEXPLAINED,Mon 01:15,Mon 02:00,2017
2017-03-13 06:00:00+00:00,2017-03-13 07:00:00+00:00,45.0,UNEXPLAINED,Mon 02:15,Mon 03:00,2017
2017-03-13 07:00:00+00:00,2017-03-13 08:00:00+00:00,45.0,UNEXPLAINED,Mon 03:15,Mon 04:00,2017
2017-03-13 08:00:00+00:00,2017-03-13 09:00:00+00:00,45.0,UNEXPLAINED,Mon 04:15,Mon 05:00,2017
2017-03-13 09:00:00+00:00,2017-03-13 10:00:00+00:00,45.0,UNEXPLAINED,Mon 05:15,Mon 06:00,2017
2017-03-13 10:00:00+00:00,2017-03-13 11:00:00+00:00,45.0,UNEXPLAINED,Mon 06:15,Mon 07:00,2017
2017-03-13 11:00:00+00:00,2017-03-13 12:00:00+00:00,45.0,UNEXPLAINED,Mon 07:15,Mon 08:00,2017
2017-03-13 12:00:00+00:00,2017-03-13 13:00:00+00:00,45.0,UNEXPLAINED,Mon 08:15,Mon 09:00,2017
2017-03-13 13:00:00+00:00,2017-03-13 14:00:00+00:00,45.0,UNEXPLAINED,Mon 09:15,Mon 10:00,2017
2017-03-13 14:00:00+00:00,2017-03-13 15:00:00+00:00,45.0,UNEXPLAINED,Mon 10:15,Mon 11:00,2017
2017-03-13 15:00:00+00:00,2017-03-13 16:00:00+00:00,45.0,UNEXPLAINED,Mon 11:15,Mon 12:00,2017
2017-03-13 16:00:00+00:00,2017-03-13 17:00:00+00:00,45.0,UNEXPLAINED,Mon 12:15,Mon 13:00,2017
2017-03-13 17:00:00+00:00,2017-03-13 18:00:00+00:00,45.0,UNEXPLAINED,Mon 13:15,Mon 14:00,2017
2017-03-13 18:00:00+00:00,2017-03-13 19:00:00+00:00,45.0,UNEXPLAINED,Mon 14:15,Mon 15:00,2017
2017-03-13 19:00:00+00:00,2017-03-13 20:00:00+00:00,45.0,UNEXPLAINED,Mon 15:15,Mon 16:00,2017
2017-03-13 20:00:00+00:00,2017-03-13 21:00:00+00:00,45.0,daily_break_variant,Mon 16:15,Mon 17:00,2017
2017-03-13 21:00:00+00:00,2017-03-13 23:00:00+00:00,105.0,daily_break_variant,Mon 17:15,Mon 19:00,2017
2017-03-13 23:00:00+00:00,2017-03-14 00:00:00+00:00,45.0,UNEXPLAINED,Mon 19:15,Mon 20:00,2017
2017-03-14 00:00:00+00:00,2017-03-14 01:00:00+00:00,45.0,UNEXPLAINED,Mon 20:15,Mon 21:00,2017
2017-03-14 01:00:00+00:00,2017-03-14 02:00:00+00:00,45.0,UNEXPLAINED,Mon 21:15,Mon 22:00,2017
2017-03-14 02:00:00+00:00,2017-03-14 03:00:00+00:00,45.0,UNEXPLAINED,Mon 22:15,Mon 23:00,2017
2017-03-14 03:00:00+00:00,2017-03-14 04:00:00+00:00,45.0,UNEXPLAINED,Mon 23:15,Tue 00:00,2017
2017-03-14 04:00:00+00:00,2017-03-14 05:00:00+00:00,45.0,UNEXPLAINED,Tue 00:15,Tue 01:00,2017
2017-03-14 05:00:00+00:00,2017-03-14 06:00:00+00:00,45.0,UNEXPLAINED,Tue 01:15,Tue 02:00,2017
2017-03-14 06:00:00+00:00,2017-03-14 07:00:00+00:00,45.0,UNEXPLAINED,Tue 02:15,Tue 03:00,2017
2017-03-14 07:00:00+00:00,2017-03-14 08:00:00+00:00,45.0,UNEXPLAINED,Tue 03:15,Tue 04:00,2017
2017-03-14 08:00:00+00:00,2017-03-14 09:00:00+00:00,45.0,UNEXPLAINED,Tue 04:15,Tue 05:00,2017
2017-03-14 09:00:00+00:00,2017-03-14 10:00:00+00:00,45.0,UNEXPLAINED,Tue 05:15,Tue 06:00,2017
2017-03-14 10:00:00+00:00,2017-03-14 11:00:00+00:00,45.0,UNEXPLAINED,Tue 06:15,Tue 07:00,2017
2017-03-14 11:00:00+00:00,2017-03-14 12:00:00+00:00,45.0,UNEXPLAINED,Tue 07:15,Tue 08:00,2017
2017-03-14 12:00:00+00:00,2017-03-14 13:00:00+00:00,45.0,UNEXPLAINED,Tue 08:15,Tue 09:00,2017
2017-03-14 13:00:00+00:00,2017-03-14 14:00:00+00:00,45.0,UNEXPLAINED,Tue 09:15,Tue 10:00,2017
2017-03-14 14:00:00+00:00,2017-03-14 15:00:00+00:00,45.0,UNEXPLAINED,Tue 10:15,Tue 11:00,2017
2017-03-14 15:00:00+00:00,2017-03-14 16:00:00+00:00,45.0,UNEXPLAINED,Tue 11:15,Tue 12:00,2017
2017-03-14 16:00:00+00:00,2017-03-14 17:00:00+00:00,45.0,UNEXPLAINED,Tue 12:15,Tue 13:00,2017
2017-03-14 17:00:00+00:00,2017-03-14 18:00:00+00:00,45.0,UNEXPLAINED,Tue 13:15,Tue 14:00,2017
2017-03-14 18:00:00+00:00,2017-03-14 19:00:00+00:00,45.0,UNEXPLAINED,Tue 14:15,Tue 15:00,2017
2017-03-14 19:00:00+00:00,2017-03-14 20:00:00+00:00,45.0,UNEXPLAINED,Tue 15:15,Tue 16:00,2017
2017-03-14 20:00:00+00:00,2017-03-14 21:00:00+00:00,45.0,daily_break_variant,Tue 16:15,Tue 17:00,2017
2017-03-14 21:00:00+00:00,2017-03-14 22:00:00+00:00,45.0,daily_break_variant,Tue 17:15,Tue 18:00,2017
2017-03-14 22:00:00+00:00,2017-03-14 23:00:00+00:00,45.0,UNEXPLAINED,Tue 18:15,Tue 19:00,2017
2017-03-14 23:00:00+00:00,2017-03-15 00:00:00+00:00,45.0,UNEXPLAINED,Tue 19:15,Tue 20:00,2017
2017-03-15 00:00:00+00:00,2017-03-15 01:00:00+00:00,45.0,UNEXPLAINED,Tue 20:15,Tue 21:00,2017
2017-03-15 01:00:00+00:00,2017-03-15 02:00:00+00:00,45.0,UNEXPLAINED,Tue 21:15,Tue 22:00,2017
2017-03-15 02:00:00+00:00,2017-03-15 03:00:00+00:00,45.0,UNEXPLAINED,Tue 22:15,Tue 23:00,2017
2017-03-15 03:00:00+00:00,2017-03-15 04:00:00+00:00,45.0,UNEXPLAINED,Tue 23:15,Wed 00:00,2017
2017-03-15 04:00:00+00:00,2017-03-15 05:00:00+00:00,45.0,UNEXPLAINED,Wed 00:15,Wed 01:00,2017
2017-03-15 05:00:00+00:00,2017-03-15 06:00:00+00:00,45.0,UNEXPLAINED,Wed 01:15,Wed 02:00,2017
2017-03-15 06:00:00+00:00,2017-03-15 07:00:00+00:00,45.0,UNEXPLAINED,Wed 02:15,Wed 03:00,2017
2017-03-15 07:00:00+00:00,2017-03-15 08:00:00+00:00,45.0,UNEXPLAINED,Wed 03:15,Wed 04:00,2017
2017-03-15 08:00:00+00:00,2017-03-15 09:00:00+00:00,45.0,UNEXPLAINED,Wed 04:15,Wed 05:00,2017
2017-03-15 09:00:00+00:00,2017-03-15 10:00:00+00:00,45.0,UNEXPLAINED,Wed 05:15,Wed 06:00,2017
2017-03-15 10:00:00+00:00,2017-03-15 11:00:00+00:00,45.0,UNEXPLAINED,Wed 06:15,Wed 07:00,2017
2017-03-15 11:00:00+00:00,2017-03-15 12:00:00+00:00,45.0,UNEXPLAINED,Wed 07:15,Wed 08:00,2017
2017-03-15 12:00:00+00:00,2017-03-15 13:00:00+00:00,45.0,UNEXPLAINED,Wed 08:15,Wed 09:00,2017
2017-03-15 13:00:00+00:00,2017-03-15 14:00:00+00:00,45.0,UNEXPLAINED,Wed 09:15,Wed 10:00,2017
2017-03-15 14:00:00+00:00,2017-03-15 15:00:00+00:00,45.0,UNEXPLAINED,Wed 10:15,Wed 11:00,2017
2017-03-15 15:00:00+00:00,2017-03-15 16:00:00+00:00,45.0,UNEXPLAINED,Wed 11:15,Wed 12:00,2017
2017-03-15 16:00:00+00:00,2017-03-15 17:00:00+00:00,45.0,UNEXPLAINED,Wed 12:15,Wed 13:00,2017
2017-03-15 17:00:00+00:00,2017-03-15 18:00:00+00:00,45.0,UNEXPLAINED,Wed 13:15,Wed 14:00,2017
2017-03-15 18:00:00+00:00,2017-03-15 19:00:00+00:00,45.0,UNEXPLAINED,Wed 14:15,Wed 15:00,2017
2017-03-15 19:00:00+00:00,2017-03-15 20:00:00+00:00,45.0,UNEXPLAINED,Wed 15:15,Wed 16:00,2017
2017-03-15 20:00:00+00:00,2017-03-15 21:00:00+00:00,45.0,daily_break_variant,Wed 16:15,Wed 17:00,2017
2017-03-15 21:00:00+00:00,2017-03-15 23:00:00+00:00,105.0,daily_break_variant,Wed 17:15,Wed 19:00,2017
2017-03-15 23:00:00+00:00,2017-03-16 00:00:00+00:00,45.0,UNEXPLAINED,Wed 19:15,Wed 20:00,2017
2017-03-16 00:00:00+00:00,2017-03-16 01:00:00+00:00,45.0,UNEXPLAINED,Wed 20:15,Wed 21:00,2017
2017-03-16 01:00:00+00:00,2017-03-16 02:00:00+00:00,45.0,UNEXPLAINED,Wed 21:15,Wed 22:00,2017
2017-03-16 02:00:00+00:00,2017-03-16 03:00:00+00:00,45.0,UNEXPLAINED,Wed 22:15,Wed 23:00,2017
2017-03-16 03:00:00+00:00,2017-03-16 04:00:00+00:00,45.0,UNEXPLAINED,Wed 23:15,Thu 00:00,2017
2017-03-16 04:00:00+00:00,2017-03-16 05:00:00+00:00,45.0,UNEXPLAINED,Thu 00:15,Thu 01:00,2017
2017-03-16 05:00:00+00:00,2017-03-16 06:00:00+00:00,45.0,UNEXPLAINED,Thu 01:15,Thu 02:00,2017
2017-03-16 06:00:00+00:00,2017-03-16 07:00:00+00:00,45.0,UNEXPLAINED,Thu 02:15,Thu 03:00,2017
2017-03-16 07:00:00+00:00,2017-03-16 08:00:00+00:00,45.0,UNEXPLAINED,Thu 03:15,Thu 04:00,2017
2017-03-16 08:00:00+00:00,2017-03-16 09:00:00+00:00,45.0,UNEXPLAINED,Thu 04:15,Thu 05:00,2017
2017-03-16 09:00:00+00:00,2017-03-16 10:00:00+00:00,45.0,UNEXPLAINED,Thu 05:15,Thu 06:00,2017
2017-03-16 10:00:00+00:00,2017-03-16 11:00:00+00:00,45.0,UNEXPLAINED,Thu 06:15,Thu 07:00,2017
2017-03-16 11:00:00+00:00,2017-03-16 12:00:00+00:00,45.0,UNEXPLAINED,Thu 07:15,Thu 08:00,2017
2017-03-16 12:00:00+00:00,2017-03-16 13:00:00+00:00,45.0,UNEXPLAINED,Thu 08:15,Thu 09:00,2017
2017-03-16 13:00:00+00:00,2017-03-16 14:00:00+00:00,45.0,UNEXPLAINED,Thu 09:15,Thu 10:00,2017
2017-03-16 14:00:00+00:00,2017-03-16 15:00:00+00:00,45.0,UNEXPLAINED,Thu 10:15,Thu 11:00,2017
2017-03-16 15:00:00+00:00,2017-03-16 16:00:00+00:00,45.0,UNEXPLAINED,Thu 11:15,Thu 12:00,2017
2017-03-16 16:00:00+00:00,2017-03-16 17:00:00+00:00,45.0,UNEXPLAINED,Thu 12:15,Thu 13:00,2017
2017-03-16 17:00:00+00:00,2017-03-16 18:00:00+00:00,45.0,UNEXPLAINED,Thu 13:15,Thu 14:00,2017
2017-03-16 18:00:00+00:00,2017-03-16 19:00:00+00:00,45.0,UNEXPLAINED,Thu 14:15,Thu 15:00,2017
2017-03-16 19:00:00+00:00,2017-03-16 20:00:00+00:00,45.0,UNEXPLAINED,Thu 15:15,Thu 16:00,2017
2017-03-16 20:00:00+00:00,2017-03-16 21:00:00+00:00,45.0,daily_break_variant,Thu 16:15,Thu 17:00,2017
2017-03-16 21:00:00+00:00,2017-03-16 22:00:00+00:00,45.0,daily_break_variant,Thu 17:15,Thu 18:00,2017
2017-03-16 22:00:00+00:00,2017-03-16 23:00:00+00:00,45.0,UNEXPLAINED,Thu 18:15,Thu 19:00,2017
2017-03-16 23:00:00+00:00,2017-03-17 00:00:00+00:00,45.0,UNEXPLAINED,Thu 19:15,Thu 20:00,2017
2017-03-17 00:00:00+00:00,2017-03-17 01:00:00+00:00,45.0,UNEXPLAINED,Thu 20:15,Thu 21:00,2017
2017-03-17 01:00:00+00:00,2017-03-17 02:00:00+00:00,45.0,UNEXPLAINED,Thu 21:15,Thu 22:00,2017
2017-03-17 02:00:00+00:00,2017-03-17 03:00:00+00:00,45.0,UNEXPLAINED,Thu 22:15,Thu 23:00,2017
2017-03-17 03:00:00+00:00,2017-03-17 04:00:00+00:00,45.0,UNEXPLAINED,Thu 23:15,Fri 00:00,2017
2017-03-17 04:00:00+00:00,2017-03-17 05:00:00+00:00,45.0,UNEXPLAINED,Fri 00:15,Fri 01:00,2017
2017-03-17 05:00:00+00:00,2017-03-17 06:00:00+00:00,45.0,UNEXPLAINED,Fri 01:15,Fri 02:00,2017
2017-03-17 06:00:00+00:00,2017-03-17 07:00:00+00:00,45.0,UNEXPLAINED,Fri 02:15,Fri 03:00,2017
2017-03-17 07:00:00+00:00,2017-03-17 08:00:00+00:00,45.0,UNEXPLAINED,Fri 03:15,Fri 04:00,2017
2017-03-17 08:00:00+00:00,2017-03-17 09:00:00+00:00,45.0,UNEXPLAINED,Fri 04:15,Fri 05:00,2017
2017-03-17 09:00:00+00:00,2017-03-17 10:00:00+00:00,45.0,UNEXPLAINED,Fri 05:15,Fri 06:00,2017
2017-03-17 10:00:00+00:00,2017-03-17 11:00:00+00:00,45.0,UNEXPLAINED,Fri 06:15,Fri 07:00,2017
2017-03-17 11:00:00+00:00,2017-03-17 12:00:00+00:00,45.0,UNEXPLAINED,Fri 07:15,Fri 08:00,2017
2017-03-17 12:00:00+00:00,2017-03-17 13:00:00+00:00,45.0,UNEXPLAINED,Fri 08:15,Fri 09:00,2017
2017-03-17 13:00:00+00:00,2017-03-17 14:00:00+00:00,45.0,UNEXPLAINED,Fri 09:15,Fri 10:00,2017
2017-03-17 14:00:00+00:00,2017-03-17 15:00:00+00:00,45.0,UNEXPLAINED,Fri 10:15,Fri 11:00,2017
2017-03-17 15:00:00+00:00,2017-03-17 16:00:00+00:00,45.0,UNEXPLAINED,Fri 11:15,Fri 12:00,2017
2017-03-17 16:00:00+00:00,2017-03-17 17:00:00+00:00,45.0,UNEXPLAINED,Fri 12:15,Fri 13:00,2017
2017-03-17 17:00:00+00:00,2017-03-17 18:00:00+00:00,45.0,UNEXPLAINED,Fri 13:15,Fri 14:00,2017
2017-03-17 18:00:00+00:00,2017-03-17 19:00:00+00:00,45.0,UNEXPLAINED,Fri 14:15,Fri 15:00,2017
2017-03-17 19:00:00+00:00,2017-03-17 20:00:00+00:00,45.0,UNEXPLAINED,Fri 15:15,Fri 16:00,2017
2017-03-17 20:00:00+00:00,2017-03-17 21:00:00+00:00,45.0,daily_break_variant,Fri 16:15,Fri 17:00,2017
2017-03-17 21:00:00+00:00,2017-03-19 23:00:00+00:00,2985.0,weekend,Fri 17:15,Sun 19:00,2017
2017-03-19 23:00:00+00:00,2017-03-20 00:00:00+00:00,45.0,UNEXPLAINED,Sun 19:15,Sun 20:00,2017
2017-03-20 00:00:00+00:00,2017-03-20 01:00:00+00:00,45.0,UNEXPLAINED,Sun 20:15,Sun 21:00,2017
2017-03-20 01:00:00+00:00,2017-03-20 02:00:00+00:00,45.0,UNEXPLAINED,Sun 21:15,Sun 22:00,2017
2017-03-20 02:00:00+00:00,2017-03-20 03:00:00+00:00,45.0,UNEXPLAINED,Sun 22:15,Sun 23:00,2017
2017-03-20 03:00:00+00:00,2017-03-20 04:00:00+00:00,45.0,UNEXPLAINED,Sun 23:15,Mon 00:00,2017
2017-03-20 04:00:00+00:00,2017-03-20 05:00:00+00:00,45.0,UNEXPLAINED,Mon 00:15,Mon 01:00,2017
2017-03-20 05:00:00+00:00,2017-03-20 06:00:00+00:00,45.0,UNEXPLAINED,Mon 01:15,Mon 02:00,2017
2017-03-20 06:00:00+00:00,2017-03-20 07:00:00+00:00,45.0,UNEXPLAINED,Mon 02:15,Mon 03:00,2017
2017-03-20 07:00:00+00:00,2017-03-20 08:00:00+00:00,45.0,UNEXPLAINED,Mon 03:15,Mon 04:00,2017
2017-03-20 08:00:00+00:00,2017-03-20 09:00:00+00:00,45.0,UNEXPLAINED,Mon 04:15,Mon 05:00,2017
2017-03-20 09:00:00+00:00,2017-03-20 10:00:00+00:00,45.0,UNEXPLAINED,Mon 05:15,Mon 06:00,2017
2017-03-20 10:00:00+00:00,2017-03-20 11:00:00+00:00,45.0,UNEXPLAINED,Mon 06:15,Mon 07:00,2017
2017-03-20 11:00:00+00:00,2017-03-20 12:00:00+00:00,45.0,UNEXPLAINED,Mon 07:15,Mon 08:00,2017
2017-03-20 12:00:00+00:00,2017-03-20 13:00:00+00:00,45.0,UNEXPLAINED,Mon 08:15,Mon 09:00,2017
2017-03-20 13:00:00+00:00,2017-03-20 14:00:00+00:00,45.0,UNEXPLAINED,Mon 09:15,Mon 10:00,2017
2017-03-20 14:00:00+00:00,2017-03-20 15:00:00+00:00,45.0,UNEXPLAINED,Mon 10:15,Mon 11:00,2017
2017-03-20 15:00:00+00:00,2017-03-20 16:00:00+00:00,45.0,UNEXPLAINED,Mon 11:15,Mon 12:00,2017
2017-03-20 16:00:00+00:00,2017-03-20 17:00:00+00:00,45.0,UNEXPLAINED,Mon 12:15,Mon 13:00,2017
2017-03-20 17:00:00+00:00,2017-03-20 18:00:00+00:00,45.0,UNEXPLAINED,Mon 13:15,Mon 14:00,2017
2017-03-20 18:00:00+00:00,2017-03-20 19:00:00+00:00,45.0,UNEXPLAINED,Mon 14:15,Mon 15:00,2017
2017-03-20 19:00:00+00:00,2017-03-20 20:00:00+00:00,45.0,UNEXPLAINED,Mon 15:15,Mon 16:00,2017
2017-03-20 20:00:00+00:00,2017-03-20 21:00:00+00:00,45.0,daily_break_variant,Mon 16:15,Mon 17:00,2017
2017-03-20 21:00:00+00:00,2017-03-20 23:00:00+00:00,105.0,daily_break_variant,Mon 17:15,Mon 19:00,2017
2017-03-20 23:00:00+00:00,2017-03-21 00:00:00+00:00,45.0,UNEXPLAINED,Mon 19:15,Mon 20:00,2017
2017-03-21 00:00:00+00:00,2017-03-21 01:00:00+00:00,45.0,UNEXPLAINED,Mon 20:15,Mon 21:00,2017
2017-03-21 01:00:00+00:00,2017-03-21 02:00:00+00:00,45.0,UNEXPLAINED,Mon 21:15,Mon 22:00,2017
2017-03-21 02:00:00+00:00,2017-03-21 03:00:00+00:00,45.0,UNEXPLAINED,Mon 22:15,Mon 23:00,2017
2017-03-21 03:00:00+00:00,2017-03-21 04:00:00+00:00,45.0,UNEXPLAINED,Mon 23:15,Tue 00:00,2017
2017-03-21 04:00:00+00:00,2017-03-21 05:00:00+00:00,45.0,UNEXPLAINED,Tue 00:15,Tue 01:00,2017
2017-03-21 05:00:00+00:00,2017-03-21 06:00:00+00:00,45.0,UNEXPLAINED,Tue 01:15,Tue 02:00,2017
2017-03-21 06:00:00+00:00,2017-03-21 07:00:00+00:00,45.0,UNEXPLAINED,Tue 02:15,Tue 03:00,2017
2017-03-21 07:00:00+00:00,2017-03-21 08:00:00+00:00,45.0,UNEXPLAINED,Tue 03:15,Tue 04:00,2017
2017-03-21 08:00:00+00:00,2017-03-21 09:00:00+00:00,45.0,UNEXPLAINED,Tue 04:15,Tue 05:00,2017
2017-03-21 09:00:00+00:00,2017-03-21 10:00:00+00:00,45.0,UNEXPLAINED,Tue 05:15,Tue 06:00,2017
2017-03-21 10:00:00+00:00,2017-03-21 11:00:00+00:00,45.0,UNEXPLAINED,Tue 06:15,Tue 07:00,2017
2017-03-21 11:00:00+00:00,2017-03-21 12:00:00+00:00,45.0,UNEXPLAINED,Tue 07:15,Tue 08:00,2017
2017-03-21 12:00:00+00:00,2017-03-21 13:00:00+00:00,45.0,UNEXPLAINED,Tue 08:15,Tue 09:00,2017
2017-03-21 13:00:00+00:00,2017-03-21 14:00:00+00:00,45.0,UNEXPLAINED,Tue 09:15,Tue 10:00,2017
2017-03-21 14:00:00+00:00,2017-03-21 15:00:00+00:00,45.0,UNEXPLAINED,Tue 10:15,Tue 11:00,2017
2017-03-21 15:00:00+00:00,2017-03-21 16:00:00+00:00,45.0,UNEXPLAINED,Tue 11:15,Tue 12:00,2017
2017-03-21 16:00:00+00:00,2017-03-21 17:00:00+00:00,45.0,UNEXPLAINED,Tue 12:15,Tue 13:00,2017
2017-03-21 17:00:00+00:00,2017-03-21 18:00:00+00:00,45.0,UNEXPLAINED,Tue 13:15,Tue 14:00,2017
2017-03-21 18:00:00+00:00,2017-03-21 19:00:00+00:00,45.0,UNEXPLAINED,Tue 14:15,Tue 15:00,2017
2017-03-21 19:00:00+00:00,2017-03-21 20:00:00+00:00,45.0,UNEXPLAINED,Tue 15:15,Tue 16:00,2017
2017-03-21 20:00:00+00:00,2017-03-21 21:00:00+00:00,45.0,daily_break_variant,Tue 16:15,Tue 17:00,2017
2017-03-21 21:00:00+00:00,2017-03-21 23:00:00+00:00,105.0,daily_break_variant,Tue 17:15,Tue 19:00,2017
2017-03-21 23:00:00+00:00,2017-03-22 00:00:00+00:00,45.0,UNEXPLAINED,Tue 19:15,Tue 20:00,2017
2017-03-22 00:00:00+00:00,2017-03-22 01:00:00+00:00,45.0,UNEXPLAINED,Tue 20:15,Tue 21:00,2017
2017-03-22 01:00:00+00:00,2017-03-22 02:00:00+00:00,45.0,UNEXPLAINED,Tue 21:15,Tue 22:00,2017
2017-03-22 02:00:00+00:00,2017-03-22 03:00:00+00:00,45.0,UNEXPLAINED,Tue 22:15,Tue 23:00,2017
2017-03-22 03:00:00+00:00,2017-03-22 04:00:00+00:00,45.0,UNEXPLAINED,Tue 23:15,Wed 00:00,2017
2017-03-22 04:00:00+00:00,2017-03-22 05:00:00+00:00,45.0,UNEXPLAINED,Wed 00:15,Wed 01:00,2017
2017-03-22 05:00:00+00:00,2017-03-22 06:00:00+00:00,45.0,UNEXPLAINED,Wed 01:15,Wed 02:00,2017
2017-03-22 06:00:00+00:00,2017-03-22 07:00:00+00:00,45.0,UNEXPLAINED,Wed 02:15,Wed 03:00,2017
2017-03-22 07:00:00+00:00,2017-03-22 08:00:00+00:00,45.0,UNEXPLAINED,Wed 03:15,Wed 04:00,2017
2017-03-22 08:00:00+00:00,2017-03-22 09:00:00+00:00,45.0,UNEXPLAINED,Wed 04:15,Wed 05:00,2017
2017-03-22 09:00:00+00:00,2017-03-22 10:00:00+00:00,45.0,UNEXPLAINED,Wed 05:15,Wed 06:00,2017
2017-03-22 10:00:00+00:00,2017-03-22 11:00:00+00:00,45.0,UNEXPLAINED,Wed 06:15,Wed 07:00,2017
2017-03-22 11:00:00+00:00,2017-03-22 12:00:00+00:00,45.0,UNEXPLAINED,Wed 07:15,Wed 08:00,2017
2017-03-22 12:00:00+00:00,2017-03-22 13:00:00+00:00,45.0,UNEXPLAINED,Wed 08:15,Wed 09:00,2017
2017-03-22 13:00:00+00:00,2017-03-22 14:00:00+00:00,45.0,UNEXPLAINED,Wed 09:15,Wed 10:00,2017
2017-03-22 14:00:00+00:00,2017-03-22 15:00:00+00:00,45.0,UNEXPLAINED,Wed 10:15,Wed 11:00,2017
2017-03-22 15:00:00+00:00,2017-03-22 16:00:00+00:00,45.0,UNEXPLAINED,Wed 11:15,Wed 12:00,2017
2017-03-22 16:00:00+00:00,2017-03-22 17:00:00+00:00,45.0,UNEXPLAINED,Wed 12:15,Wed 13:00,2017
2017-03-22 17:00:00+00:00,2017-03-22 18:00:00+00:00,45.0,UNEXPLAINED,Wed 13:15,Wed 14:00,2017
2017-03-22 18:00:00+00:00,2017-03-22 19:00:00+00:00,45.0,UNEXPLAINED,Wed 14:15,Wed 15:00,2017
2017-03-22 19:00:00+00:00,2017-03-22 20:00:00+00:00,45.0,UNEXPLAINED,Wed 15:15,Wed 16:00,2017
2017-03-22 20:00:00+00:00,2017-03-22 21:00:00+00:00,45.0,daily_break_variant,Wed 16:15,Wed 17:00,2017
2017-03-22 21:00:00+00:00,2017-03-22 23:00:00+00:00,105.0,daily_break_variant,Wed 17:15,Wed 19:00,2017
2017-03-22 23:00:00+00:00,2017-03-23 00:00:00+00:00,45.0,UNEXPLAINED,Wed 19:15,Wed 20:00,2017
2017-03-23 00:00:00+00:00,2017-03-23 01:00:00+00:00,45.0,UNEXPLAINED,Wed 20:15,Wed 21:00,2017
2017-03-23 01:00:00+00:00,2017-03-23 02:00:00+00:00,45.0,UNEXPLAINED,Wed 21:15,Wed 22:00,2017
2017-03-23 02:00:00+00:00,2017-03-23 03:00:00+00:00,45.0,UNEXPLAINED,Wed 22:15,Wed 23:00,2017
2017-03-23 03:00:00+00:00,2017-03-23 04:00:00+00:00,45.0,UNEXPLAINED,Wed 23:15,Thu 00:00,2017
2017-03-23 04:00:00+00:00,2017-03-23 05:00:00+00:00,45.0,UNEXPLAINED,Thu 00:15,Thu 01:00,2017
2017-03-23 05:00:00+00:00,2017-03-23 06:00:00+00:00,45.0,UNEXPLAINED,Thu 01:15,Thu 02:00,2017
2017-03-23 06:00:00+00:00,2017-03-23 07:00:00+00:00,45.0,UNEXPLAINED,Thu 02:15,Thu 03:00,2017
2017-03-23 07:00:00+00:00,2017-03-23 08:00:00+00:00,45.0,UNEXPLAINED,Thu 03:15,Thu 04:00,2017
2017-03-23 08:00:00+00:00,2017-03-23 09:00:00+00:00,45.0,UNEXPLAINED,Thu 04:15,Thu 05:00,2017
2017-03-23 09:00:00+00:00,2017-03-23 10:00:00+00:00,45.0,UNEXPLAINED,Thu 05:15,Thu 06:00,2017
2017-03-23 10:00:00+00:00,2017-03-23 11:00:00+00:00,45.0,UNEXPLAINED,Thu 06:15,Thu 07:00,2017
2017-03-23 11:00:00+00:00,2017-03-23 12:00:00+00:00,45.0,UNEXPLAINED,Thu 07:15,Thu 08:00,2017
2017-03-23 12:00:00+00:00,2017-03-23 13:00:00+00:00,45.0,UNEXPLAINED,Thu 08:15,Thu 09:00,2017
2017-03-23 13:00:00+00:00,2017-03-23 14:00:00+00:00,45.0,UNEXPLAINED,Thu 09:15,Thu 10:00,2017
2017-03-23 14:00:00+00:00,2017-03-23 15:00:00+00:00,45.0,UNEXPLAINED,Thu 10:15,Thu 11:00,2017
2017-03-23 15:00:00+00:00,2017-03-23 16:00:00+00:00,45.0,UNEXPLAINED,Thu 11:15,Thu 12:00,2017
2017-03-23 16:00:00+00:00,2017-03-23 17:00:00+00:00,45.0,UNEXPLAINED,Thu 12:15,Thu 13:00,2017
2017-03-23 17:00:00+00:00,2017-03-23 18:00:00+00:00,45.0,UNEXPLAINED,Thu 13:15,Thu 14:00,2017
2017-03-23 18:00:00+00:00,2017-03-23 19:00:00+00:00,45.0,UNEXPLAINED,Thu 14:15,Thu 15:00,2017
2017-03-23 19:00:00+00:00,2017-03-23 20:00:00+00:00,45.0,UNEXPLAINED,Thu 15:15,Thu 16:00,2017
2017-03-23 20:00:00+00:00,2017-03-23 21:00:00+00:00,45.0,daily_break_variant,Thu 16:15,Thu 17:00,2017
2017-03-23 21:00:00+00:00,2017-03-23 23:00:00+00:00,105.0,daily_break_variant,Thu 17:15,Thu 19:00,2017
2017-03-23 23:00:00+00:00,2017-03-24 00:00:00+00:00,45.0,UNEXPLAINED,Thu 19:15,Thu 20:00,2017
2017-03-24 00:00:00+00:00,2017-03-24 01:00:00+00:00,45.0,UNEXPLAINED,Thu 20:15,Thu 21:00,2017
2017-03-24 01:00:00+00:00,2017-03-24 02:00:00+00:00,45.0,UNEXPLAINED,Thu 21:15,Thu 22:00,2017
2017-03-24 02:00:00+00:00,2017-03-24 03:00:00+00:00,45.0,UNEXPLAINED,Thu 22:15,Thu 23:00,2017
2017-03-24 03:00:00+00:00,2017-03-24 04:00:00+00:00,45.0,UNEXPLAINED,Thu 23:15,Fri 00:00,2017
2017-03-24 04:00:00+00:00,2017-03-24 05:00:00+00:00,45.0,UNEXPLAINED,Fri 00:15,Fri 01:00,2017
2017-03-24 05:00:00+00:00,2017-03-24 06:00:00+00:00,45.0,UNEXPLAINED,Fri 01:15,Fri 02:00,2017
2017-03-24 06:00:00+00:00,2017-03-24 07:00:00+00:00,45.0,UNEXPLAINED,Fri 02:15,Fri 03:00,2017
2017-03-24 07:00:00+00:00,2017-03-24 08:00:00+00:00,45.0,UNEXPLAINED,Fri 03:15,Fri 04:00,2017
2017-03-24 08:00:00+00:00,2017-03-24 09:00:00+00:00,45.0,UNEXPLAINED,Fri 04:15,Fri 05:00,2017
2017-03-24 09:00:00+00:00,2017-03-24 10:00:00+00:00,45.0,UNEXPLAINED,Fri 05:15,Fri 06:00,2017
2017-03-24 10:00:00+00:00,2017-03-24 11:00:00+00:00,45.0,UNEXPLAINED,Fri 06:15,Fri 07:00,2017
2017-03-24 11:00:00+00:00,2017-03-24 12:00:00+00:00,45.0,UNEXPLAINED,Fri 07:15,Fri 08:00,2017
2017-03-24 12:00:00+00:00,2017-03-24 13:00:00+00:00,45.0,UNEXPLAINED,Fri 08:15,Fri 09:00,2017
2017-03-24 13:00:00+00:00,2017-03-24 14:00:00+00:00,45.0,UNEXPLAINED,Fri 09:15,Fri 10:00,2017
2017-03-24 14:00:00+00:00,2017-03-24 15:00:00+00:00,45.0,UNEXPLAINED,Fri 10:15,Fri 11:00,2017
2017-03-24 15:00:00+00:00,2017-03-24 16:00:00+00:00,45.0,UNEXPLAINED,Fri 11:15,Fri 12:00,2017
2017-03-24 16:00:00+00:00,2017-03-24 17:00:00+00:00,45.0,UNEXPLAINED,Fri 12:15,Fri 13:00,2017
2017-03-24 17:00:00+00:00,2017-03-24 18:00:00+00:00,45.0,UNEXPLAINED,Fri 13:15,Fri 14:00,2017
2017-03-24 18:00:00+00:00,2017-03-24 19:00:00+00:00,45.0,UNEXPLAINED,Fri 14:15,Fri 15:00,2017
2017-03-24 19:00:00+00:00,2017-03-24 20:00:00+00:00,45.0,UNEXPLAINED,Fri 15:15,Fri 16:00,2017
2017-03-24 20:00:00+00:00,2017-03-24 21:00:00+00:00,45.0,daily_break_variant,Fri 16:15,Fri 17:00,2017
2017-03-24 21:00:00+00:00,2017-03-26 23:00:00+00:00,2985.0,weekend,Fri 17:15,Sun 19:00,2017
2017-03-26 23:00:00+00:00,2017-03-27 00:00:00+00:00,45.0,UNEXPLAINED,Sun 19:15,Sun 20:00,2017
2017-03-27 00:00:00+00:00,2017-03-27 01:00:00+00:00,45.0,UNEXPLAINED,Sun 20:15,Sun 21:00,2017
2017-03-27 01:00:00+00:00,2017-03-27 02:00:00+00:00,45.0,UNEXPLAINED,Sun 21:15,Sun 22:00,2017
2017-03-27 02:00:00+00:00,2017-03-27 03:00:00+00:00,45.0,UNEXPLAINED,Sun 22:15,Sun 23:00,2017
2017-03-27 03:00:00+00:00,2017-03-27 04:00:00+00:00,45.0,UNEXPLAINED,Sun 23:15,Mon 00:00,2017
2017-03-27 04:00:00+00:00,2017-03-27 05:00:00+00:00,45.0,UNEXPLAINED,Mon 00:15,Mon 01:00,2017
2017-03-27 05:00:00+00:00,2017-03-27 06:00:00+00:00,45.0,UNEXPLAINED,Mon 01:15,Mon 02:00,2017
2017-03-27 06:00:00+00:00,2017-03-27 07:00:00+00:00,45.0,UNEXPLAINED,Mon 02:15,Mon 03:00,2017
2017-03-27 07:00:00+00:00,2017-03-27 08:00:00+00:00,45.0,UNEXPLAINED,Mon 03:15,Mon 04:00,2017
2017-03-27 08:00:00+00:00,2017-03-27 09:00:00+00:00,45.0,UNEXPLAINED,Mon 04:15,Mon 05:00,2017
2017-03-27 09:00:00+00:00,2017-03-27 10:00:00+00:00,45.0,UNEXPLAINED,Mon 05:15,Mon 06:00,2017
2017-03-27 10:00:00+00:00,2017-03-27 11:00:00+00:00,45.0,UNEXPLAINED,Mon 06:15,Mon 07:00,2017
2017-03-27 11:00:00+00:00,2017-03-27 12:00:00+00:00,45.0,UNEXPLAINED,Mon 07:15,Mon 08:00,2017
2017-03-27 12:00:00+00:00,2017-03-27 13:00:00+00:00,45.0,UNEXPLAINED,Mon 08:15,Mon 09:00,2017
2017-03-27 13:00:00+00:00,2017-03-27 14:00:00+00:00,45.0,UNEXPLAINED,Mon 09:15,Mon 10:00,2017
2017-03-27 14:00:00+00:00,2017-03-27 15:00:00+00:00,45.0,UNEXPLAINED,Mon 10:15,Mon 11:00,2017
2017-03-27 15:00:00+00:00,2017-03-27 16:00:00+00:00,45.0,UNEXPLAINED,Mon 11:15,Mon 12:00,2017
2017-03-27 16:00:00+00:00,2017-03-27 17:00:00+00:00,45.0,UNEXPLAINED,Mon 12:15,Mon 13:00,2017
2017-03-27 17:00:00+00:00,2017-03-27 18:00:00+00:00,45.0,UNEXPLAINED,Mon 13:15,Mon 14:00,2017
2017-03-27 18:00:00+00:00,2017-03-27 19:00:00+00:00,45.0,UNEXPLAINED,Mon 14:15,Mon 15:00,2017
2017-03-27 19:00:00+00:00,2017-03-27 20:00:00+00:00,45.0,UNEXPLAINED,Mon 15:15,Mon 16:00,2017
2017-03-27 20:00:00+00:00,2017-03-27 21:00:00+00:00,45.0,daily_break_variant,Mon 16:15,Mon 17:00,2017
2017-03-27 21:00:00+00:00,2017-03-27 23:00:00+00:00,105.0,daily_break_variant,Mon 17:15,Mon 19:00,2017
2017-03-27 23:00:00+00:00,2017-03-28 00:00:00+00:00,45.0,UNEXPLAINED,Mon 19:15,Mon 20:00,2017
2017-03-28 00:00:00+00:00,2017-03-28 01:00:00+00:00,45.0,UNEXPLAINED,Mon 20:15,Mon 21:00,2017
2017-03-28 01:00:00+00:00,2017-03-28 02:00:00+00:00,45.0,UNEXPLAINED,Mon 21:15,Mon 22:00,2017
2017-03-28 02:00:00+00:00,2017-03-28 03:00:00+00:00,45.0,UNEXPLAINED,Mon 22:15,Mon 23:00,2017
2017-03-28 03:00:00+00:00,2017-03-28 04:00:00+00:00,45.0,UNEXPLAINED,Mon 23:15,Tue 00:00,2017
2017-03-28 04:00:00+00:00,2017-03-28 05:00:00+00:00,45.0,UNEXPLAINED,Tue 00:15,Tue 01:00,2017
2017-03-28 05:00:00+00:00,2017-03-28 06:00:00+00:00,45.0,UNEXPLAINED,Tue 01:15,Tue 02:00,2017
2017-03-28 06:00:00+00:00,2017-03-28 07:00:00+00:00,45.0,UNEXPLAINED,Tue 02:15,Tue 03:00,2017
2017-03-28 07:00:00+00:00,2017-03-28 08:00:00+00:00,45.0,UNEXPLAINED,Tue 03:15,Tue 04:00,2017
2017-03-28 08:00:00+00:00,2017-03-28 09:00:00+00:00,45.0,UNEXPLAINED,Tue 04:15,Tue 05:00,2017
2017-03-28 09:00:00+00:00,2017-03-28 10:00:00+00:00,45.0,UNEXPLAINED,Tue 05:15,Tue 06:00,2017
2017-03-28 10:00:00+00:00,2017-03-28 11:00:00+00:00,45.0,UNEXPLAINED,Tue 06:15,Tue 07:00,2017
2017-03-28 11:00:00+00:00,2017-03-28 12:00:00+00:00,45.0,UNEXPLAINED,Tue 07:15,Tue 08:00,2017
2017-03-28 12:00:00+00:00,2017-03-28 13:00:00+00:00,45.0,UNEXPLAINED,Tue 08:15,Tue 09:00,2017
2017-03-28 13:00:00+00:00,2017-03-28 14:00:00+00:00,45.0,UNEXPLAINED,Tue 09:15,Tue 10:00,2017
2017-03-28 14:00:00+00:00,2017-03-28 15:00:00+00:00,45.0,UNEXPLAINED,Tue 10:15,Tue 11:00,2017
2017-03-28 15:00:00+00:00,2017-03-28 16:00:00+00:00,45.0,UNEXPLAINED,Tue 11:15,Tue 12:00,2017
2017-03-28 16:00:00+00:00,2017-03-28 17:00:00+00:00,45.0,UNEXPLAINED,Tue 12:15,Tue 13:00,2017
2017-03-28 17:00:00+00:00,2017-03-28 18:00:00+00:00,45.0,UNEXPLAINED,Tue 13:15,Tue 14:00,2017
2017-03-28 18:00:00+00:00,2017-03-28 19:00:00+00:00,45.0,UNEXPLAINED,Tue 14:15,Tue 15:00,2017
2017-03-28 19:00:00+00:00,2017-03-28 20:00:00+00:00,45.0,UNEXPLAINED,Tue 15:15,Tue 16:00,2017
2017-03-28 20:00:00+00:00,2017-03-28 21:00:00+00:00,45.0,daily_break_variant,Tue 16:15,Tue 17:00,2017
2017-03-28 21:00:00+00:00,2017-03-28 22:00:00+00:00,45.0,daily_break_variant,Tue 17:15,Tue 18:00,2017
2017-03-28 22:00:00+00:00,2017-03-28 23:00:00+00:00,45.0,UNEXPLAINED,Tue 18:15,Tue 19:00,2017
2017-03-28 23:00:00+00:00,2017-03-29 00:00:00+00:00,45.0,UNEXPLAINED,Tue 19:15,Tue 20:00,2017
2017-03-29 00:00:00+00:00,2017-03-29 01:00:00+00:00,45.0,UNEXPLAINED,Tue 20:15,Tue 21:00,2017
2017-03-29 01:00:00+00:00,2017-03-29 02:00:00+00:00,45.0,UNEXPLAINED,Tue 21:15,Tue 22:00,2017
2017-03-29 02:00:00+00:00,2017-03-29 03:00:00+00:00,45.0,UNEXPLAINED,Tue 22:15,Tue 23:00,2017
2017-03-29 03:00:00+00:00,2017-03-29 04:00:00+00:00,45.0,UNEXPLAINED,Tue 23:15,Wed 00:00,2017
2017-03-29 04:00:00+00:00,2017-03-29 05:00:00+00:00,45.0,UNEXPLAINED,Wed 00:15,Wed 01:00,2017
2017-03-29 05:00:00+00:00,2017-03-29 06:00:00+00:00,45.0,UNEXPLAINED,Wed 01:15,Wed 02:00,2017
2017-03-29 06:00:00+00:00,2017-03-29 07:00:00+00:00,45.0,UNEXPLAINED,Wed 02:15,Wed 03:00,2017
2017-03-29 07:00:00+00:00,2017-03-29 08:00:00+00:00,45.0,UNEXPLAINED,Wed 03:15,Wed 04:00,2017
2017-03-29 08:00:00+00:00,2017-03-29 09:00:00+00:00,45.0,UNEXPLAINED,Wed 04:15,Wed 05:00,2017
2017-03-29 09:00:00+00:00,2017-03-29 10:00:00+00:00,45.0,UNEXPLAINED,Wed 05:15,Wed 06:00,2017
2017-03-29 10:00:00+00:00,2017-03-29 11:00:00+00:00,45.0,UNEXPLAINED,Wed 06:15,Wed 07:00,2017
2017-03-29 11:00:00+00:00,2017-03-29 12:00:00+00:00,45.0,UNEXPLAINED,Wed 07:15,Wed 08:00,2017
2017-03-29 12:00:00+00:00,2017-03-29 13:00:00+00:00,45.0,UNEXPLAINED,Wed 08:15,Wed 09:00,2017
2017-03-29 13:00:00+00:00,2017-03-29 14:00:00+00:00,45.0,UNEXPLAINED,Wed 09:15,Wed 10:00,2017
2017-03-29 14:00:00+00:00,2017-03-29 15:00:00+00:00,45.0,UNEXPLAINED,Wed 10:15,Wed 11:00,2017
2017-03-29 15:00:00+00:00,2017-03-29 16:00:00+00:00,45.0,UNEXPLAINED,Wed 11:15,Wed 12:00,2017
2017-03-29 16:00:00+00:00,2017-03-29 17:00:00+00:00,45.0,UNEXPLAINED,Wed 12:15,Wed 13:00,2017
2017-03-29 17:00:00+00:00,2017-03-29 18:00:00+00:00,45.0,UNEXPLAINED,Wed 13:15,Wed 14:00,2017
2017-03-29 18:00:00+00:00,2017-03-29 19:00:00+00:00,45.0,UNEXPLAINED,Wed 14:15,Wed 15:00,2017
2017-03-29 19:00:00+00:00,2017-03-29 20:00:00+00:00,45.0,UNEXPLAINED,Wed 15:15,Wed 16:00,2017
2017-03-29 20:00:00+00:00,2017-03-29 21:00:00+00:00,45.0,daily_break_variant,Wed 16:15,Wed 17:00,2017
2017-03-29 21:00:00+00:00,2017-03-29 23:00:00+00:00,105.0,daily_break_variant,Wed 17:15,Wed 19:00,2017
2017-03-29 23:00:00+00:00,2017-03-30 00:00:00+00:00,45.0,UNEXPLAINED,Wed 19:15,Wed 20:00,2017
2017-03-30 00:00:00+00:00,2017-03-30 01:00:00+00:00,45.0,UNEXPLAINED,Wed 20:15,Wed 21:00,2017
2017-03-30 01:00:00+00:00,2017-03-30 02:00:00+00:00,45.0,UNEXPLAINED,Wed 21:15,Wed 22:00,2017
2017-03-30 02:00:00+00:00,2017-03-30 03:00:00+00:00,45.0,UNEXPLAINED,Wed 22:15,Wed 23:00,2017
2017-03-30 03:00:00+00:00,2017-03-30 04:00:00+00:00,45.0,UNEXPLAINED,Wed 23:15,Thu 00:00,2017
2017-03-30 04:00:00+00:00,2017-03-30 05:00:00+00:00,45.0,UNEXPLAINED,Thu 00:15,Thu 01:00,2017
2017-03-30 05:00:00+00:00,2017-03-30 06:00:00+00:00,45.0,UNEXPLAINED,Thu 01:15,Thu 02:00,2017
2017-03-30 06:00:00+00:00,2017-03-30 07:00:00+00:00,45.0,UNEXPLAINED,Thu 02:15,Thu 03:00,2017
2017-03-30 07:00:00+00:00,2017-03-30 08:00:00+00:00,45.0,UNEXPLAINED,Thu 03:15,Thu 04:00,2017
2017-03-30 08:00:00+00:00,2017-03-30 09:00:00+00:00,45.0,UNEXPLAINED,Thu 04:15,Thu 05:00,2017
2017-03-30 09:00:00+00:00,2017-03-30 10:00:00+00:00,45.0,UNEXPLAINED,Thu 05:15,Thu 06:00,2017
2017-03-30 10:00:00+00:00,2017-03-30 11:00:00+00:00,45.0,UNEXPLAINED,Thu 06:15,Thu 07:00,2017
2017-03-30 11:00:00+00:00,2017-03-30 12:00:00+00:00,45.0,UNEXPLAINED,Thu 07:15,Thu 08:00,2017
2017-03-30 12:00:00+00:00,2017-03-30 13:00:00+00:00,45.0,UNEXPLAINED,Thu 08:15,Thu 09:00,2017
2017-03-30 13:00:00+00:00,2017-03-30 14:00:00+00:00,45.0,UNEXPLAINED,Thu 09:15,Thu 10:00,2017
2017-03-30 14:00:00+00:00,2017-03-30 15:00:00+00:00,45.0,UNEXPLAINED,Thu 10:15,Thu 11:00,2017
2017-03-30 15:00:00+00:00,2017-03-30 16:00:00+00:00,45.0,UNEXPLAINED,Thu 11:15,Thu 12:00,2017
2017-03-30 16:00:00+00:00,2017-03-30 17:00:00+00:00,45.0,UNEXPLAINED,Thu 12:15,Thu 13:00,2017
2017-03-30 17:00:00+00:00,2017-03-30 18:00:00+00:00,45.0,UNEXPLAINED,Thu 13:15,Thu 14:00,2017
2017-03-30 18:00:00+00:00,2017-03-30 19:00:00+00:00,45.0,UNEXPLAINED,Thu 14:15,Thu 15:00,2017
2017-03-30 19:00:00+00:00,2017-03-30 20:00:00+00:00,45.0,UNEXPLAINED,Thu 15:15,Thu 16:00,2017
2017-03-30 20:00:00+00:00,2017-03-30 21:00:00+00:00,45.0,daily_break_variant,Thu 16:15,Thu 17:00,2017
2017-03-30 21:00:00+00:00,2017-03-30 22:00:00+00:00,45.0,daily_break_variant,Thu 17:15,Thu 18:00,2017
2017-03-30 22:00:00+00:00,2017-03-30 23:00:00+00:00,45.0,UNEXPLAINED,Thu 18:15,Thu 19:00,2017
2017-03-30 23:00:00+00:00,2017-03-31 00:00:00+00:00,45.0,UNEXPLAINED,Thu 19:15,Thu 20:00,2017
2017-03-31 00:00:00+00:00,2017-03-31 01:00:00+00:00,45.0,UNEXPLAINED,Thu 20:15,Thu 21:00,2017
2017-03-31 01:00:00+00:00,2017-03-31 02:00:00+00:00,45.0,UNEXPLAINED,Thu 21:15,Thu 22:00,2017
2017-03-31 02:00:00+00:00,2017-03-31 03:00:00+00:00,45.0,UNEXPLAINED,Thu 22:15,Thu 23:00,2017
2017-03-31 03:00:00+00:00,2017-03-31 04:00:00+00:00,45.0,UNEXPLAINED,Thu 23:15,Fri 00:00,2017
2017-03-31 04:00:00+00:00,2017-03-31 05:00:00+00:00,45.0,UNEXPLAINED,Fri 00:15,Fri 01:00,2017
2017-03-31 05:00:00+00:00,2017-03-31 06:00:00+00:00,45.0,UNEXPLAINED,Fri 01:15,Fri 02:00,2017
2017-03-31 06:00:00+00:00,2017-03-31 07:00:00+00:00,45.0,UNEXPLAINED,Fri 02:15,Fri 03:00,2017
2017-03-31 07:00:00+00:00,2017-03-31 08:00:00+00:00,45.0,UNEXPLAINED,Fri 03:15,Fri 04:00,2017
2017-03-31 08:00:00+00:00,2017-03-31 09:00:00+00:00,45.0,UNEXPLAINED,Fri 04:15,Fri 05:00,2017
2017-03-31 09:00:00+00:00,2017-03-31 10:00:00+00:00,45.0,UNEXPLAINED,Fri 05:15,Fri 06:00,2017
2017-03-31 10:00:00+00:00,2017-03-31 11:00:00+00:00,45.0,UNEXPLAINED,Fri 06:15,Fri 07:00,2017
2017-03-31 11:00:00+00:00,2017-03-31 12:00:00+00:00,45.0,UNEXPLAINED,Fri 07:15,Fri 08:00,2017
2017-03-31 12:00:00+00:00,2017-03-31 13:00:00+00:00,45.0,UNEXPLAINED,Fri 08:15,Fri 09:00,2017
2017-03-31 13:00:00+00:00,2017-03-31 14:00:00+00:00,45.0,UNEXPLAINED,Fri 09:15,Fri 10:00,2017
2017-03-31 14:00:00+00:00,2017-03-31 15:00:00+00:00,45.0,UNEXPLAINED,Fri 10:15,Fri 11:00,2017
2017-03-31 15:00:00+00:00,2017-03-31 16:00:00+00:00,45.0,UNEXPLAINED,Fri 11:15,Fri 12:00,2017
2017-03-31 16:00:00+00:00,2017-03-31 17:00:00+00:00,45.0,UNEXPLAINED,Fri 12:15,Fri 13:00,2017
2017-03-31 17:00:00+00:00,2017-03-31 18:00:00+00:00,45.0,UNEXPLAINED,Fri 13:15,Fri 14:00,2017
2017-03-31 18:00:00+00:00,2017-03-31 19:00:00+00:00,45.0,UNEXPLAINED,Fri 14:15,Fri 15:00,2017
2017-03-31 19:00:00+00:00,2017-03-31 20:00:00+00:00,45.0,UNEXPLAINED,Fri 15:15,Fri 16:00,2017
2017-03-31 20:00:00+00:00,2017-03-31 21:00:00+00:00,45.0,daily_break_variant,Fri 16:15,Fri 17:00,2017
2017-03-31 21:00:00+00:00,2017-04-02 23:00:00+00:00,2985.0,weekend,Fri 17:15,Sun 19:00,2017
2017-04-02 23:00:00+00:00,2017-04-03 00:00:00+00:00,45.0,UNEXPLAINED,Sun 19:15,Sun 20:00,2017
2017-04-03 00:00:00+00:00,2017-04-03 01:00:00+00:00,45.0,UNEXPLAINED,Sun 20:15,Sun 21:00,2017
2017-04-03 01:00:00+00:00,2017-04-03 02:00:00+00:00,45.0,UNEXPLAINED,Sun 21:15,Sun 22:00,2017
2017-04-03 02:00:00+00:00,2017-04-03 03:00:00+00:00,45.0,UNEXPLAINED,Sun 22:15,Sun 23:00,2017
2017-04-03 03:00:00+00:00,2017-04-03 04:00:00+00:00,45.0,UNEXPLAINED,Sun 23:15,Mon 00:00,2017
2017-04-03 04:00:00+00:00,2017-04-03 05:00:00+00:00,45.0,UNEXPLAINED,Mon 00:15,Mon 01:00,2017
2017-04-03 05:00:00+00:00,2017-04-03 06:00:00+00:00,45.0,UNEXPLAINED,Mon 01:15,Mon 02:00,2017
2017-04-03 06:00:00+00:00,2017-04-03 07:00:00+00:00,45.0,UNEXPLAINED,Mon 02:15,Mon 03:00,2017
2017-04-03 07:00:00+00:00,2017-04-03 08:00:00+00:00,45.0,UNEXPLAINED,Mon 03:15,Mon 04:00,2017
2017-04-03 08:00:00+00:00,2017-04-03 09:00:00+00:00,45.0,UNEXPLAINED,Mon 04:15,Mon 05:00,2017
2017-04-03 09:00:00+00:00,2017-04-03 10:00:00+00:00,45.0,UNEXPLAINED,Mon 05:15,Mon 06:00,2017
2017-04-03 10:00:00+00:00,2017-04-03 11:00:00+00:00,45.0,UNEXPLAINED,Mon 06:15,Mon 07:00,2017
2017-04-03 11:00:00+00:00,2017-04-03 12:00:00+00:00,45.0,UNEXPLAINED,Mon 07:15,Mon 08:00,2017
2017-04-03 12:00:00+00:00,2017-04-03 13:00:00+00:00,45.0,UNEXPLAINED,Mon 08:15,Mon 09:00,2017
2017-04-03 13:00:00+00:00,2017-04-03 14:00:00+00:00,45.0,UNEXPLAINED,Mon 09:15,Mon 10:00,2017
2017-04-03 14:00:00+00:00,2017-04-03 15:00:00+00:00,45.0,UNEXPLAINED,Mon 10:15,Mon 11:00,2017
2017-04-03 15:00:00+00:00,2017-04-03 16:00:00+00:00,45.0,UNEXPLAINED,Mon 11:15,Mon 12:00,2017
2017-04-03 16:00:00+00:00,2017-04-03 17:00:00+00:00,45.0,UNEXPLAINED,Mon 12:15,Mon 13:00,2017
2017-04-03 17:00:00+00:00,2017-04-03 18:00:00+00:00,45.0,UNEXPLAINED,Mon 13:15,Mon 14:00,2017
2017-04-03 18:00:00+00:00,2017-04-03 19:00:00+00:00,45.0,UNEXPLAINED,Mon 14:15,Mon 15:00,2017
2017-04-03 19:00:00+00:00,2017-04-03 20:00:00+00:00,45.0,UNEXPLAINED,Mon 15:15,Mon 16:00,2017
2017-04-03 20:00:00+00:00,2017-04-03 21:00:00+00:00,45.0,daily_break_variant,Mon 16:15,Mon 17:00,2017
2017-04-03 21:00:00+00:00,2017-04-03 23:00:00+00:00,105.0,daily_break_variant,Mon 17:15,Mon 19:00,2017
2017-04-03 23:00:00+00:00,2017-04-04 00:00:00+00:00,45.0,UNEXPLAINED,Mon 19:15,Mon 20:00,2017
2017-04-04 00:00:00+00:00,2017-04-04 01:00:00+00:00,45.0,UNEXPLAINED,Mon 20:15,Mon 21:00,2017
2017-04-04 01:00:00+00:00,2017-04-04 02:00:00+00:00,45.0,UNEXPLAINED,Mon 21:15,Mon 22:00,2017
2017-04-04 02:00:00+00:00,2017-04-04 03:00:00+00:00,45.0,UNEXPLAINED,Mon 22:15,Mon 23:00,2017
2017-04-04 03:00:00+00:00,2017-04-04 04:00:00+00:00,45.0,UNEXPLAINED,Mon 23:15,Tue 00:00,2017
2017-04-04 04:00:00+00:00,2017-04-04 05:00:00+00:00,45.0,UNEXPLAINED,Tue 00:15,Tue 01:00,2017
2017-04-04 05:00:00+00:00,2017-04-04 06:00:00+00:00,45.0,UNEXPLAINED,Tue 01:15,Tue 02:00,2017
2017-04-04 06:00:00+00:00,2017-04-04 07:00:00+00:00,45.0,UNEXPLAINED,Tue 02:15,Tue 03:00,2017
2017-04-04 07:00:00+00:00,2017-04-04 08:00:00+00:00,45.0,UNEXPLAINED,Tue 03:15,Tue 04:00,2017
2017-04-04 08:00:00+00:00,2017-04-04 09:00:00+00:00,45.0,UNEXPLAINED,Tue 04:15,Tue 05:00,2017
2017-04-04 09:00:00+00:00,2017-04-04 10:00:00+00:00,45.0,UNEXPLAINED,Tue 05:15,Tue 06:00,2017
2017-04-04 10:00:00+00:00,2017-04-04 11:00:00+00:00,45.0,UNEXPLAINED,Tue 06:15,Tue 07:00,2017
2017-04-04 11:00:00+00:00,2017-04-04 12:00:00+00:00,45.0,UNEXPLAINED,Tue 07:15,Tue 08:00,2017
2017-04-04 12:00:00+00:00,2017-04-04 13:00:00+00:00,45.0,UNEXPLAINED,Tue 08:15,Tue 09:00,2017
2017-04-04 13:00:00+00:00,2017-04-04 14:00:00+00:00,45.0,UNEXPLAINED,Tue 09:15,Tue 10:00,2017
2017-04-04 14:00:00+00:00,2017-04-04 15:00:00+00:00,45.0,UNEXPLAINED,Tue 10:15,Tue 11:00,2017
2017-04-04 15:00:00+00:00,2017-04-04 16:00:00+00:00,45.0,UNEXPLAINED,Tue 11:15,Tue 12:00,2017
2017-04-04 16:00:00+00:00,2017-04-04 17:00:00+00:00,45.0,UNEXPLAINED,Tue 12:15,Tue 13:00,2017
2017-04-04 17:00:00+00:00,2017-04-04 18:00:00+00:00,45.0,UNEXPLAINED,Tue 13:15,Tue 14:00,2017
2017-04-04 18:00:00+00:00,2017-04-04 19:00:00+00:00,45.0,UNEXPLAINED,Tue 14:15,Tue 15:00,2017
2017-04-04 19:00:00+00:00,2017-04-04 20:00:00+00:00,45.0,UNEXPLAINED,Tue 15:15,Tue 16:00,2017
2017-04-04 20:00:00+00:00,2017-04-04 21:00:00+00:00,45.0,daily_break_variant,Tue 16:15,Tue 17:00,2017
2017-04-04 21:00:00+00:00,2017-04-04 22:00:00+00:00,45.0,daily_break_variant,Tue 17:15,Tue 18:00,2017
2017-04-04 22:00:00+00:00,2017-04-04 23:00:00+00:00,45.0,UNEXPLAINED,Tue 18:15,Tue 19:00,2017
2017-04-04 23:00:00+00:00,2017-04-05 00:00:00+00:00,45.0,UNEXPLAINED,Tue 19:15,Tue 20:00,2017
2017-04-05 00:00:00+00:00,2017-04-05 01:00:00+00:00,45.0,UNEXPLAINED,Tue 20:15,Tue 21:00,2017
2017-04-05 01:00:00+00:00,2017-04-05 02:00:00+00:00,45.0,UNEXPLAINED,Tue 21:15,Tue 22:00,2017
2017-04-05 02:00:00+00:00,2017-04-05 03:00:00+00:00,45.0,UNEXPLAINED,Tue 22:15,Tue 23:00,2017
2017-04-05 03:00:00+00:00,2017-04-05 04:00:00+00:00,45.0,UNEXPLAINED,Tue 23:15,Wed 00:00,2017
2017-04-05 04:00:00+00:00,2017-04-05 05:00:00+00:00,45.0,UNEXPLAINED,Wed 00:15,Wed 01:00,2017
2017-04-05 05:00:00+00:00,2017-04-05 06:00:00+00:00,45.0,UNEXPLAINED,Wed 01:15,Wed 02:00,2017
2017-04-05 06:00:00+00:00,2017-04-05 07:00:00+00:00,45.0,UNEXPLAINED,Wed 02:15,Wed 03:00,2017
2017-04-05 07:00:00+00:00,2017-04-05 08:00:00+00:00,45.0,UNEXPLAINED,Wed 03:15,Wed 04:00,2017
2017-04-05 08:00:00+00:00,2017-04-05 09:00:00+00:00,45.0,UNEXPLAINED,Wed 04:15,Wed 05:00,2017
2017-04-05 09:00:00+00:00,2017-04-05 10:00:00+00:00,45.0,UNEXPLAINED,Wed 05:15,Wed 06:00,2017
2017-04-05 10:00:00+00:00,2017-04-05 11:00:00+00:00,45.0,UNEXPLAINED,Wed 06:15,Wed 07:00,2017
2017-04-05 11:00:00+00:00,2017-04-05 12:00:00+00:00,45.0,UNEXPLAINED,Wed 07:15,Wed 08:00,2017
2017-04-05 12:00:00+00:00,2017-04-05 13:00:00+00:00,45.0,UNEXPLAINED,Wed 08:15,Wed 09:00,2017
2017-04-05 13:00:00+00:00,2017-04-05 14:00:00+00:00,45.0,UNEXPLAINED,Wed 09:15,Wed 10:00,2017
2017-04-05 14:00:00+00:00,2017-04-05 15:00:00+00:00,45.0,UNEXPLAINED,Wed 10:15,Wed 11:00,2017
2017-04-05 15:00:00+00:00,2017-04-05 16:00:00+00:00,45.0,UNEXPLAINED,Wed 11:15,Wed 12:00,2017
2017-04-05 16:00:00+00:00,2017-04-05 17:00:00+00:00,45.0,UNEXPLAINED,Wed 12:15,Wed 13:00,2017
2017-04-05 17:00:00+00:00,2017-04-05 18:00:00+00:00,45.0,UNEXPLAINED,Wed 13:15,Wed 14:00,2017
2017-04-05 18:00:00+00:00,2017-04-05 19:00:00+00:00,45.0,UNEXPLAINED,Wed 14:15,Wed 15:00,2017
2017-04-05 19:00:00+00:00,2017-04-05 20:00:00+00:00,45.0,UNEXPLAINED,Wed 15:15,Wed 16:00,2017
2017-04-05 20:00:00+00:00,2017-04-05 21:00:00+00:00,45.0,daily_break_variant,Wed 16:15,Wed 17:00,2017
2017-04-05 21:00:00+00:00,2017-04-05 22:00:00+00:00,45.0,daily_break_variant,Wed 17:15,Wed 18:00,2017
2017-04-05 22:00:00+00:00,2017-04-05 23:00:00+00:00,45.0,UNEXPLAINED,Wed 18:15,Wed 19:00,2017
2017-04-05 23:00:00+00:00,2017-04-06 00:00:00+00:00,45.0,UNEXPLAINED,Wed 19:15,Wed 20:00,2017
2017-04-06 00:00:00+00:00,2017-04-06 01:00:00+00:00,45.0,UNEXPLAINED,Wed 20:15,Wed 21:00,2017
2017-04-06 01:00:00+00:00,2017-04-06 02:00:00+00:00,45.0,UNEXPLAINED,Wed 21:15,Wed 22:00,2017
2017-04-06 02:00:00+00:00,2017-04-06 03:00:00+00:00,45.0,UNEXPLAINED,Wed 22:15,Wed 23:00,2017
2017-04-06 03:00:00+00:00,2017-04-06 04:00:00+00:00,45.0,UNEXPLAINED,Wed 23:15,Thu 00:00,2017
2017-04-06 04:00:00+00:00,2017-04-06 05:00:00+00:00,45.0,UNEXPLAINED,Thu 00:15,Thu 01:00,2017
2017-04-06 05:00:00+00:00,2017-04-06 06:00:00+00:00,45.0,UNEXPLAINED,Thu 01:15,Thu 02:00,2017
2017-04-06 06:00:00+00:00,2017-04-06 07:00:00+00:00,45.0,UNEXPLAINED,Thu 02:15,Thu 03:00,2017
2017-04-06 07:00:00+00:00,2017-04-06 08:00:00+00:00,45.0,UNEXPLAINED,Thu 03:15,Thu 04:00,2017
2017-04-06 08:00:00+00:00,2017-04-06 09:00:00+00:00,45.0,UNEXPLAINED,Thu 04:15,Thu 05:00,2017
2017-04-06 09:00:00+00:00,2017-04-06 10:00:00+00:00,45.0,UNEXPLAINED,Thu 05:15,Thu 06:00,2017
2017-04-06 10:00:00+00:00,2017-04-06 11:00:00+00:00,45.0,UNEXPLAINED,Thu 06:15,Thu 07:00,2017
2017-04-06 11:00:00+00:00,2017-04-06 12:00:00+00:00,45.0,UNEXPLAINED,Thu 07:15,Thu 08:00,2017
2017-04-06 12:00:00+00:00,2017-04-06 13:00:00+00:00,45.0,UNEXPLAINED,Thu 08:15,Thu 09:00,2017
2017-04-06 13:00:00+00:00,2017-04-06 14:00:00+00:00,45.0,UNEXPLAINED,Thu 09:15,Thu 10:00,2017
2017-04-06 14:00:00+00:00,2017-04-06 15:00:00+00:00,45.0,UNEXPLAINED,Thu 10:15,Thu 11:00,2017
2017-04-06 15:00:00+00:00,2017-04-06 16:00:00+00:00,45.0,UNEXPLAINED,Thu 11:15,Thu 12:00,2017
2017-04-06 16:00:00+00:00,2017-04-06 17:00:00+00:00,45.0,UNEXPLAINED,Thu 12:15,Thu 13:00,2017
2017-04-06 17:00:00+00:00,2017-04-06 18:00:00+00:00,45.0,UNEXPLAINED,Thu 13:15,Thu 14:00,2017
2017-04-06 18:00:00+00:00,2017-04-06 19:00:00+00:00,45.0,UNEXPLAINED,Thu 14:15,Thu 15:00,2017
2017-04-06 19:00:00+00:00,2017-04-06 20:00:00+00:00,45.0,UNEXPLAINED,Thu 15:15,Thu 16:00,2017
2017-04-06 20:00:00+00:00,2017-04-06 21:00:00+00:00,45.0,daily_break_variant,Thu 16:15,Thu 17:00,2017
2017-04-06 21:00:00+00:00,2017-04-06 23:00:00+00:00,105.0,daily_break_variant,Thu 17:15,Thu 19:00,2017
2017-04-06 23:00:00+00:00,2017-04-07 00:00:00+00:00,45.0,UNEXPLAINED,Thu 19:15,Thu 20:00,2017
2017-04-07 00:00:00+00:00,2017-04-07 01:00:00+00:00,45.0,UNEXPLAINED,Thu 20:15,Thu 21:00,2017
2017-04-07 01:00:00+00:00,2017-04-07 02:00:00+00:00,45.0,UNEXPLAINED,Thu 21:15,Thu 22:00,2017
2017-04-07 02:00:00+00:00,2017-04-07 03:00:00+00:00,45.0,UNEXPLAINED,Thu 22:15,Thu 23:00,2017
2017-04-07 03:00:00+00:00,2017-04-07 04:00:00+00:00,45.0,UNEXPLAINED,Thu 23:15,Fri 00:00,2017
2017-04-07 04:00:00+00:00,2017-04-07 05:00:00+00:00,45.0,UNEXPLAINED,Fri 00:15,Fri 01:00,2017
2017-04-07 05:00:00+00:00,2017-04-07 06:00:00+00:00,45.0,UNEXPLAINED,Fri 01:15,Fri 02:00,2017
2017-04-07 06:00:00+00:00,2017-04-07 07:00:00+00:00,45.0,UNEXPLAINED,Fri 02:15,Fri 03:00,2017
2017-04-07 07:00:00+00:00,2017-04-07 08:00:00+00:00,45.0,UNEXPLAINED,Fri 03:15,Fri 04:00,2017
2017-04-07 08:00:00+00:00,2017-04-07 09:00:00+00:00,45.0,UNEXPLAINED,Fri 04:15,Fri 05:00,2017
2017-04-07 09:00:00+00:00,2017-04-07 10:00:00+00:00,45.0,UNEXPLAINED,Fri 05:15,Fri 06:00,2017
2017-04-07 10:00:00+00:00,2017-04-07 11:00:00+00:00,45.0,UNEXPLAINED,Fri 06:15,Fri 07:00,2017
2017-04-07 11:00:00+00:00,2017-04-07 12:00:00+00:00,45.0,UNEXPLAINED,Fri 07:15,Fri 08:00,2017
2017-04-07 12:00:00+00:00,2017-04-07 13:00:00+00:00,45.0,UNEXPLAINED,Fri 08:15,Fri 09:00,2017
2017-04-07 13:00:00+00:00,2017-04-07 14:00:00+00:00,45.0,UNEXPLAINED,Fri 09:15,Fri 10:00,2017
2017-04-07 14:00:00+00:00,2017-04-07 15:00:00+00:00,45.0,UNEXPLAINED,Fri 10:15,Fri 11:00,2017
2017-04-07 15:00:00+00:00,2017-04-07 16:00:00+00:00,45.0,UNEXPLAINED,Fri 11:15,Fri 12:00,2017
2017-04-07 16:00:00+00:00,2017-04-07 17:00:00+00:00,45.0,UNEXPLAINED,Fri 12:15,Fri 13:00,2017
2017-04-07 17:00:00+00:00,2017-04-07 18:00:00+00:00,45.0,UNEXPLAINED,Fri 13:15,Fri 14:00,2017
2017-04-07 18:00:00+00:00,2017-04-07 19:00:00+00:00,45.0,UNEXPLAINED,Fri 14:15,Fri 15:00,2017
2017-04-07 19:00:00+00:00,2017-04-07 20:00:00+00:00,45.0,UNEXPLAINED,Fri 15:15,Fri 16:00,2017
2017-04-07 20:00:00+00:00,2017-04-07 21:00:00+00:00,45.0,daily_break_variant,Fri 16:15,Fri 17:00,2017
2017-04-07 21:00:00+00:00,2017-04-09 23:00:00+00:00,2985.0,weekend,Fri 17:15,Sun 19:00,2017
2017-04-09 23:00:00+00:00,2017-04-10 00:00:00+00:00,45.0,UNEXPLAINED,Sun 19:15,Sun 20:00,2017
2017-04-10 00:00:00+00:00,2017-04-10 01:00:00+00:00,45.0,UNEXPLAINED,Sun 20:15,Sun 21:00,2017
2017-04-10 01:00:00+00:00,2017-04-10 02:00:00+00:00,45.0,UNEXPLAINED,Sun 21:15,Sun 22:00,2017
2017-04-10 02:00:00+00:00,2017-04-10 03:00:00+00:00,45.0,UNEXPLAINED,Sun 22:15,Sun 23:00,2017
2017-04-10 03:00:00+00:00,2017-04-10 04:00:00+00:00,45.0,UNEXPLAINED,Sun 23:15,Mon 00:00,2017
2017-04-10 04:00:00+00:00,2017-04-10 05:00:00+00:00,45.0,UNEXPLAINED,Mon 00:15,Mon 01:00,2017
2017-04-10 05:00:00+00:00,2017-04-10 06:00:00+00:00,45.0,UNEXPLAINED,Mon 01:15,Mon 02:00,2017
2017-04-10 06:00:00+00:00,2017-04-10 07:00:00+00:00,45.0,UNEXPLAINED,Mon 02:15,Mon 03:00,2017
2017-04-10 07:00:00+00:00,2017-04-10 08:00:00+00:00,45.0,UNEXPLAINED,Mon 03:15,Mon 04:00,2017
2017-04-10 08:00:00+00:00,2017-04-10 09:00:00+00:00,45.0,UNEXPLAINED,Mon 04:15,Mon 05:00,2017
2017-04-10 09:00:00+00:00,2017-04-10 10:00:00+00:00,45.0,UNEXPLAINED,Mon 05:15,Mon 06:00,2017
2017-04-10 10:00:00+00:00,2017-04-10 11:00:00+00:00,45.0,UNEXPLAINED,Mon 06:15,Mon 07:00,2017
2017-04-10 11:00:00+00:00,2017-04-10 12:00:00+00:00,45.0,UNEXPLAINED,Mon 07:15,Mon 08:00,2017
2017-04-10 12:00:00+00:00,2017-04-10 13:00:00+00:00,45.0,UNEXPLAINED,Mon 08:15,Mon 09:00,2017
2017-04-10 13:00:00+00:00,2017-04-10 14:00:00+00:00,45.0,UNEXPLAINED,Mon 09:15,Mon 10:00,2017
2017-04-10 14:00:00+00:00,2017-04-10 15:00:00+00:00,45.0,UNEXPLAINED,Mon 10:15,Mon 11:00,2017
2017-04-10 15:00:00+00:00,2017-04-10 16:00:00+00:00,45.0,UNEXPLAINED,Mon 11:15,Mon 12:00,2017
2017-04-10 16:00:00+00:00,2017-04-10 17:00:00+00:00,45.0,UNEXPLAINED,Mon 12:15,Mon 13:00,2017
2017-04-10 17:00:00+00:00,2017-04-10 18:00:00+00:00,45.0,UNEXPLAINED,Mon 13:15,Mon 14:00,2017
2017-04-10 18:00:00+00:00,2017-04-10 19:00:00+00:00,45.0,UNEXPLAINED,Mon 14:15,Mon 15:00,2017
2017-04-10 19:00:00+00:00,2017-04-10 20:00:00+00:00,45.0,UNEXPLAINED,Mon 15:15,Mon 16:00,2017
2017-04-10 20:00:00+00:00,2017-04-10 21:00:00+00:00,45.0,daily_break_variant,Mon 16:15,Mon 17:00,2017
2017-04-10 21:00:00+00:00,2017-04-10 23:00:00+00:00,105.0,daily_break_variant,Mon 17:15,Mon 19:00,2017
2017-04-10 23:00:00+00:00,2017-04-11 00:00:00+00:00,45.0,UNEXPLAINED,Mon 19:15,Mon 20:00,2017
2017-04-11 00:00:00+00:00,2017-04-11 01:00:00+00:00,45.0,UNEXPLAINED,Mon 20:15,Mon 21:00,2017
2017-04-11 01:00:00+00:00,2017-04-11 02:00:00+00:00,45.0,UNEXPLAINED,Mon 21:15,Mon 22:00,2017
2017-04-11 02:00:00+00:00,2017-04-11 03:00:00+00:00,45.0,UNEXPLAINED,Mon 22:15,Mon 23:00,2017
2017-04-11 03:00:00+00:00,2017-04-11 04:00:00+00:00,45.0,UNEXPLAINED,Mon 23:15,Tue 00:00,2017
2017-04-11 04:00:00+00:00,2017-04-11 05:00:00+00:00,45.0,UNEXPLAINED,Tue 00:15,Tue 01:00,2017
2017-04-11 05:00:00+00:00,2017-04-11 06:00:00+00:00,45.0,UNEXPLAINED,Tue 01:15,Tue 02:00,2017
2017-04-11 06:00:00+00:00,2017-04-11 07:00:00+00:00,45.0,UNEXPLAINED,Tue 02:15,Tue 03:00,2017
2017-04-11 07:00:00+00:00,2017-04-11 08:00:00+00:00,45.0,UNEXPLAINED,Tue 03:15,Tue 04:00,2017
2017-04-11 08:00:00+00:00,2017-04-11 09:00:00+00:00,45.0,UNEXPLAINED,Tue 04:15,Tue 05:00,2017
2017-04-11 09:00:00+00:00,2017-04-11 10:00:00+00:00,45.0,UNEXPLAINED,Tue 05:15,Tue 06:00,2017
2017-04-11 10:00:00+00:00,2017-04-11 11:00:00+00:00,45.0,UNEXPLAINED,Tue 06:15,Tue 07:00,2017
2017-04-11 11:00:00+00:00,2017-04-11 12:00:00+00:00,45.0,UNEXPLAINED,Tue 07:15,Tue 08:00,2017
2017-04-11 12:00:00+00:00,2017-04-11 13:00:00+00:00,45.0,UNEXPLAINED,Tue 08:15,Tue 09:00,2017
2017-04-11 13:00:00+00:00,2017-04-11 14:00:00+00:00,45.0,UNEXPLAINED,Tue 09:15,Tue 10:00,2017
2017-04-11 14:00:00+00:00,2017-04-11 15:00:00+00:00,45.0,UNEXPLAINED,Tue 10:15,Tue 11:00,2017
2017-04-11 15:00:00+00:00,2017-04-11 16:00:00+00:00,45.0,UNEXPLAINED,Tue 11:15,Tue 12:00,2017
2017-04-11 16:00:00+00:00,2017-04-11 17:00:00+00:00,45.0,UNEXPLAINED,Tue 12:15,Tue 13:00,2017
2017-04-11 17:00:00+00:00,2017-04-11 18:00:00+00:00,45.0,UNEXPLAINED,Tue 13:15,Tue 14:00,2017
2017-04-11 18:00:00+00:00,2017-04-11 19:00:00+00:00,45.0,UNEXPLAINED,Tue 14:15,Tue 15:00,2017
2017-04-11 19:00:00+00:00,2017-04-11 20:00:00+00:00,45.0,UNEXPLAINED,Tue 15:15,Tue 16:00,2017
2017-04-11 20:00:00+00:00,2017-04-11 21:00:00+00:00,45.0,daily_break_variant,Tue 16:15,Tue 17:00,2017
2017-04-11 21:00:00+00:00,2017-04-11 23:00:00+00:00,105.0,daily_break_variant,Tue 17:15,Tue 19:00,2017
2017-04-11 23:00:00+00:00,2017-04-12 00:00:00+00:00,45.0,UNEXPLAINED,Tue 19:15,Tue 20:00,2017
2017-04-12 00:00:00+00:00,2017-04-12 01:00:00+00:00,45.0,UNEXPLAINED,Tue 20:15,Tue 21:00,2017
2017-04-12 01:00:00+00:00,2017-04-12 02:00:00+00:00,45.0,UNEXPLAINED,Tue 21:15,Tue 22:00,2017
2017-04-12 02:00:00+00:00,2017-04-12 03:00:00+00:00,45.0,UNEXPLAINED,Tue 22:15,Tue 23:00,2017
2017-04-12 03:00:00+00:00,2017-04-12 04:00:00+00:00,45.0,UNEXPLAINED,Tue 23:15,Wed 00:00,2017
2017-04-12 04:00:00+00:00,2017-04-12 05:00:00+00:00,45.0,UNEXPLAINED,Wed 00:15,Wed 01:00,2017
2017-04-12 05:00:00+00:00,2017-04-12 06:00:00+00:00,45.0,UNEXPLAINED,Wed 01:15,Wed 02:00,2017
2017-04-12 06:00:00+00:00,2017-04-12 07:00:00+00:00,45.0,UNEXPLAINED,Wed 02:15,Wed 03:00,2017
2017-04-12 07:00:00+00:00,2017-04-12 08:00:00+00:00,45.0,UNEXPLAINED,Wed 03:15,Wed 04:00,2017
2017-04-12 08:00:00+00:00,2017-04-12 09:00:00+00:00,45.0,UNEXPLAINED,Wed 04:15,Wed 05:00,2017
2017-04-12 09:00:00+00:00,2017-04-12 10:00:00+00:00,45.0,UNEXPLAINED,Wed 05:15,Wed 06:00,2017
2017-04-12 10:00:00+00:00,2017-04-12 11:00:00+00:00,45.0,UNEXPLAINED,Wed 06:15,Wed 07:00,2017
2017-04-12 11:00:00+00:00,2017-04-12 12:00:00+00:00,45.0,UNEXPLAINED,Wed 07:15,Wed 08:00,2017
2017-04-12 12:00:00+00:00,2017-04-12 13:00:00+00:00,45.0,UNEXPLAINED,Wed 08:15,Wed 09:00,2017
2017-04-12 13:00:00+00:00,2017-04-12 14:00:00+00:00,45.0,UNEXPLAINED,Wed 09:15,Wed 10:00,2017
2017-04-12 14:00:00+00:00,2017-04-12 15:00:00+00:00,45.0,UNEXPLAINED,Wed 10:15,Wed 11:00,2017
2017-04-12 15:00:00+00:00,2017-04-12 16:00:00+00:00,45.0,UNEXPLAINED,Wed 11:15,Wed 12:00,2017
2017-04-12 16:00:00+00:00,2017-04-12 17:00:00+00:00,45.0,UNEXPLAINED,Wed 12:15,Wed 13:00,2017
2017-04-12 17:00:00+00:00,2017-04-12 18:00:00+00:00,45.0,UNEXPLAINED,Wed 13:15,Wed 14:00,2017
2017-04-12 18:00:00+00:00,2017-04-12 19:00:00+00:00,45.0,UNEXPLAINED,Wed 14:15,Wed 15:00,2017
2017-04-12 19:00:00+00:00,2017-04-12 20:00:00+00:00,45.0,UNEXPLAINED,Wed 15:15,Wed 16:00,2017
2017-04-12 20:00:00+00:00,2017-04-12 21:00:00+00:00,45.0,daily_break_variant,Wed 16:15,Wed 17:00,2017
2017-04-12 21:00:00+00:00,2017-04-12 23:00:00+00:00,105.0,daily_break_variant,Wed 17:15,Wed 19:00,2017
2017-04-12 23:00:00+00:00,2017-04-13 00:00:00+00:00,45.0,UNEXPLAINED,Wed 19:15,Wed 20:00,2017
2017-04-13 00:00:00+00:00,2017-04-13 01:00:00+00:00,45.0,UNEXPLAINED,Wed 20:15,Wed 21:00,2017
2017-04-13 01:00:00+00:00,2017-04-13 02:00:00+00:00,45.0,UNEXPLAINED,Wed 21:15,Wed 22:00,2017
2017-04-13 02:00:00+00:00,2017-04-13 03:00:00+00:00,45.0,UNEXPLAINED,Wed 22:15,Wed 23:00,2017
2017-04-13 03:00:00+00:00,2017-04-13 04:00:00+00:00,45.0,UNEXPLAINED,Wed 23:15,Thu 00:00,2017
2017-04-13 04:00:00+00:00,2017-04-13 05:00:00+00:00,45.0,holiday/early_close,Thu 00:15,Thu 01:00,2017
2017-04-13 05:00:00+00:00,2017-04-13 06:00:00+00:00,45.0,holiday/early_close,Thu 01:15,Thu 02:00,2017
2017-04-13 06:00:00+00:00,2017-04-13 07:00:00+00:00,45.0,holiday/early_close,Thu 02:15,Thu 03:00,2017
2017-04-13 07:00:00+00:00,2017-04-13 08:00:00+00:00,45.0,holiday/early_close,Thu 03:15,Thu 04:00,2017
2017-04-13 08:00:00+00:00,2017-04-13 09:00:00+00:00,45.0,holiday/early_close,Thu 04:15,Thu 05:00,2017
2017-04-13 09:00:00+00:00,2017-04-13 10:00:00+00:00,45.0,holiday/early_close,Thu 05:15,Thu 06:00,2017
2017-04-13 10:00:00+00:00,2017-04-13 11:00:00+00:00,45.0,holiday/early_close,Thu 06:15,Thu 07:00,2017
2017-04-13 11:00:00+00:00,2017-04-13 12:00:00+00:00,45.0,holiday/early_close,Thu 07:15,Thu 08:00,2017
2017-04-13 12:00:00+00:00,2017-04-13 13:00:00+00:00,45.0,holiday/early_close,Thu 08:15,Thu 09:00,2017
2017-04-13 13:00:00+00:00,2017-04-13 14:00:00+00:00,45.0,holiday/early_close,Thu 09:15,Thu 10:00,2017
2017-04-13 14:00:00+00:00,2017-04-13 15:00:00+00:00,45.0,holiday/early_close,Thu 10:15,Thu 11:00,2017
2017-04-13 15:00:00+00:00,2017-04-13 16:00:00+00:00,45.0,holiday/early_close,Thu 11:15,Thu 12:00,2017
2017-04-13 16:00:00+00:00,2017-04-13 17:00:00+00:00,45.0,holiday/early_close,Thu 12:15,Thu 13:00,2017
2017-04-13 17:00:00+00:00,2017-04-13 18:00:00+00:00,45.0,holiday/early_close,Thu 13:15,Thu 14:00,2017
2017-04-13 18:00:00+00:00,2017-04-13 19:00:00+00:00,45.0,holiday/early_close,Thu 14:15,Thu 15:00,2017
2017-04-13 19:00:00+00:00,2017-04-13 20:00:00+00:00,45.0,holiday/early_close,Thu 15:15,Thu 16:00,2017
2017-04-13 20:00:00+00:00,2017-04-13 21:00:00+00:00,45.0,holiday/early_close,Thu 16:15,Thu 17:00,2017
2017-04-13 21:00:00+00:00,2017-04-14 01:00:00+00:00,225.0,holiday/early_close,Thu 17:15,Thu 21:00,2017
2017-04-14 01:00:00+00:00,2017-04-14 10:00:00+00:00,525.0,holiday/early_close,Thu 21:15,Fri 06:00,2017
2017-04-14 10:00:00+00:00,2017-04-16 23:00:00+00:00,3645.0,weekend,Fri 06:15,Sun 19:00,2017
2017-04-16 23:00:00+00:00,2017-04-17 00:00:00+00:00,45.0,UNEXPLAINED,Sun 19:15,Sun 20:00,2017
2017-04-17 00:00:00+00:00,2017-04-17 01:00:00+00:00,45.0,UNEXPLAINED,Sun 20:15,Sun 21:00,2017
2017-04-17 01:00:00+00:00,2017-04-17 02:00:00+00:00,45.0,UNEXPLAINED,Sun 21:15,Sun 22:00,2017
2017-04-17 02:00:00+00:00,2017-04-17 03:00:00+00:00,45.0,UNEXPLAINED,Sun 22:15,Sun 23:00,2017
2017-04-17 03:00:00+00:00,2017-04-17 04:00:00+00:00,45.0,UNEXPLAINED,Sun 23:15,Mon 00:00,2017
2017-04-17 04:00:00+00:00,2017-04-17 05:00:00+00:00,45.0,UNEXPLAINED,Mon 00:15,Mon 01:00,2017
2017-04-17 05:00:00+00:00,2017-04-17 06:00:00+00:00,45.0,UNEXPLAINED,Mon 01:15,Mon 02:00,2017
2017-04-17 06:00:00+00:00,2017-04-17 07:00:00+00:00,45.0,UNEXPLAINED,Mon 02:15,Mon 03:00,2017
2017-04-17 07:00:00+00:00,2017-04-17 08:00:00+00:00,45.0,UNEXPLAINED,Mon 03:15,Mon 04:00,2017
2017-04-17 08:00:00+00:00,2017-04-17 09:00:00+00:00,45.0,UNEXPLAINED,Mon 04:15,Mon 05:00,2017
2017-04-17 09:00:00+00:00,2017-04-17 10:00:00+00:00,45.0,UNEXPLAINED,Mon 05:15,Mon 06:00,2017
2017-04-17 10:00:00+00:00,2017-04-17 11:00:00+00:00,45.0,UNEXPLAINED,Mon 06:15,Mon 07:00,2017
2017-04-17 11:00:00+00:00,2017-04-17 12:00:00+00:00,45.0,UNEXPLAINED,Mon 07:15,Mon 08:00,2017
2017-04-17 12:00:00+00:00,2017-04-17 13:00:00+00:00,45.0,UNEXPLAINED,Mon 08:15,Mon 09:00,2017
2017-04-17 13:00:00+00:00,2017-04-17 14:00:00+00:00,45.0,UNEXPLAINED,Mon 09:15,Mon 10:00,2017
2017-04-17 14:00:00+00:00,2017-04-17 15:00:00+00:00,45.0,UNEXPLAINED,Mon 10:15,Mon 11:00,2017
2017-04-17 15:00:00+00:00,2017-04-17 16:00:00+00:00,45.0,UNEXPLAINED,Mon 11:15,Mon 12:00,2017
2017-04-17 16:00:00+00:00,2017-04-17 17:00:00+00:00,45.0,UNEXPLAINED,Mon 12:15,Mon 13:00,2017
2017-04-17 17:00:00+00:00,2017-04-17 18:00:00+00:00,45.0,UNEXPLAINED,Mon 13:15,Mon 14:00,2017
2017-04-17 18:00:00+00:00,2017-04-17 19:00:00+00:00,45.0,UNEXPLAINED,Mon 14:15,Mon 15:00,2017
2017-04-17 19:00:00+00:00,2017-04-17 20:00:00+00:00,45.0,UNEXPLAINED,Mon 15:15,Mon 16:00,2017
2017-04-17 20:00:00+00:00,2017-04-17 21:00:00+00:00,45.0,daily_break_variant,Mon 16:15,Mon 17:00,2017
2017-04-17 21:00:00+00:00,2017-04-17 23:00:00+00:00,105.0,daily_break_variant,Mon 17:15,Mon 19:00,2017
2017-04-17 23:00:00+00:00,2017-04-18 00:00:00+00:00,45.0,UNEXPLAINED,Mon 19:15,Mon 20:00,2017
2017-04-18 00:00:00+00:00,2017-04-18 01:00:00+00:00,45.0,UNEXPLAINED,Mon 20:15,Mon 21:00,2017
2017-04-18 01:00:00+00:00,2017-04-18 02:00:00+00:00,45.0,UNEXPLAINED,Mon 21:15,Mon 22:00,2017
2017-04-18 02:00:00+00:00,2017-04-18 03:00:00+00:00,45.0,UNEXPLAINED,Mon 22:15,Mon 23:00,2017
2017-04-18 03:00:00+00:00,2017-04-18 04:00:00+00:00,45.0,UNEXPLAINED,Mon 23:15,Tue 00:00,2017
2017-04-18 04:00:00+00:00,2017-04-18 05:00:00+00:00,45.0,UNEXPLAINED,Tue 00:15,Tue 01:00,2017
2017-04-18 05:00:00+00:00,2017-04-18 06:00:00+00:00,45.0,UNEXPLAINED,Tue 01:15,Tue 02:00,2017
2017-04-18 06:00:00+00:00,2017-04-18 07:00:00+00:00,45.0,UNEXPLAINED,Tue 02:15,Tue 03:00,2017
2017-04-18 07:00:00+00:00,2017-04-18 08:00:00+00:00,45.0,UNEXPLAINED,Tue 03:15,Tue 04:00,2017
2017-04-18 08:00:00+00:00,2017-04-18 09:00:00+00:00,45.0,UNEXPLAINED,Tue 04:15,Tue 05:00,2017
2017-04-18 09:00:00+00:00,2017-04-18 10:00:00+00:00,45.0,UNEXPLAINED,Tue 05:15,Tue 06:00,2017
2017-04-18 10:00:00+00:00,2017-04-18 11:00:00+00:00,45.0,UNEXPLAINED,Tue 06:15,Tue 07:00,2017
2017-04-18 11:00:00+00:00,2017-04-18 12:00:00+00:00,45.0,UNEXPLAINED,Tue 07:15,Tue 08:00,2017
2017-04-18 12:00:00+00:00,2017-04-18 13:00:00+00:00,45.0,UNEXPLAINED,Tue 08:15,Tue 09:00,2017
2017-04-18 13:00:00+00:00,2017-04-18 14:00:00+00:00,45.0,UNEXPLAINED,Tue 09:15,Tue 10:00,2017
2017-04-18 14:00:00+00:00,2017-04-18 15:00:00+00:00,45.0,UNEXPLAINED,Tue 10:15,Tue 11:00,2017
2017-04-18 15:00:00+00:00,2017-04-18 16:00:00+00:00,45.0,UNEXPLAINED,Tue 11:15,Tue 12:00,2017
2017-04-18 16:00:00+00:00,2017-04-18 17:00:00+00:00,45.0,UNEXPLAINED,Tue 12:15,Tue 13:00,2017
2017-04-18 17:00:00+00:00,2017-04-18 18:00:00+00:00,45.0,UNEXPLAINED,Tue 13:15,Tue 14:00,2017
2017-04-18 18:00:00+00:00,2017-04-18 19:00:00+00:00,45.0,UNEXPLAINED,Tue 14:15,Tue 15:00,2017
2017-04-18 19:00:00+00:00,2017-04-18 20:00:00+00:00,45.0,UNEXPLAINED,Tue 15:15,Tue 16:00,2017
2017-04-18 20:00:00+00:00,2017-04-18 21:00:00+00:00,45.0,daily_break_variant,Tue 16:15,Tue 17:00,2017
2017-04-18 21:00:00+00:00,2017-04-18 23:00:00+00:00,105.0,daily_break_variant,Tue 17:15,Tue 19:00,2017
2017-04-18 23:00:00+00:00,2017-04-19 00:00:00+00:00,45.0,UNEXPLAINED,Tue 19:15,Tue 20:00,2017
2017-04-19 00:00:00+00:00,2017-04-19 01:00:00+00:00,45.0,UNEXPLAINED,Tue 20:15,Tue 21:00,2017
2017-04-19 01:00:00+00:00,2017-04-19 02:00:00+00:00,45.0,UNEXPLAINED,Tue 21:15,Tue 22:00,2017
2017-04-19 02:00:00+00:00,2017-04-19 03:00:00+00:00,45.0,UNEXPLAINED,Tue 22:15,Tue 23:00,2017
2017-04-19 03:00:00+00:00,2017-04-19 04:00:00+00:00,45.0,UNEXPLAINED,Tue 23:15,Wed 00:00,2017
2017-04-19 04:00:00+00:00,2017-04-19 05:00:00+00:00,45.0,UNEXPLAINED,Wed 00:15,Wed 01:00,2017
2017-04-19 05:00:00+00:00,2017-04-19 06:00:00+00:00,45.0,UNEXPLAINED,Wed 01:15,Wed 02:00,2017
2017-04-19 06:00:00+00:00,2017-04-19 07:00:00+00:00,45.0,UNEXPLAINED,Wed 02:15,Wed 03:00,2017
2017-04-19 07:00:00+00:00,2017-04-19 08:00:00+00:00,45.0,UNEXPLAINED,Wed 03:15,Wed 04:00,2017
2017-04-19 08:00:00+00:00,2017-04-19 09:00:00+00:00,45.0,UNEXPLAINED,Wed 04:15,Wed 05:00,2017
2017-04-19 09:00:00+00:00,2017-04-19 10:00:00+00:00,45.0,UNEXPLAINED,Wed 05:15,Wed 06:00,2017
2017-04-19 10:00:00+00:00,2017-04-19 11:00:00+00:00,45.0,UNEXPLAINED,Wed 06:15,Wed 07:00,2017
2017-04-19 11:00:00+00:00,2017-04-19 12:00:00+00:00,45.0,UNEXPLAINED,Wed 07:15,Wed 08:00,2017
2017-04-19 12:00:00+00:00,2017-04-19 13:00:00+00:00,45.0,UNEXPLAINED,Wed 08:15,Wed 09:00,2017
2017-04-19 13:00:00+00:00,2017-04-19 14:00:00+00:00,45.0,UNEXPLAINED,Wed 09:15,Wed 10:00,2017
2017-04-19 14:00:00+00:00,2017-04-19 15:00:00+00:00,45.0,UNEXPLAINED,Wed 10:15,Wed 11:00,2017
2017-04-19 15:00:00+00:00,2017-04-19 16:00:00+00:00,45.0,UNEXPLAINED,Wed 11:15,Wed 12:00,2017
2017-04-19 16:00:00+00:00,2017-04-19 17:00:00+00:00,45.0,UNEXPLAINED,Wed 12:15,Wed 13:00,2017
2017-04-19 17:00:00+00:00,2017-04-19 18:00:00+00:00,45.0,UNEXPLAINED,Wed 13:15,Wed 14:00,2017
2017-04-19 18:00:00+00:00,2017-04-19 19:00:00+00:00,45.0,UNEXPLAINED,Wed 14:15,Wed 15:00,2017
2017-04-19 19:00:00+00:00,2017-04-19 20:00:00+00:00,45.0,UNEXPLAINED,Wed 15:15,Wed 16:00,2017
2017-04-19 20:00:00+00:00,2017-04-19 21:00:00+00:00,45.0,daily_break_variant,Wed 16:15,Wed 17:00,2017
2017-04-19 21:00:00+00:00,2017-04-19 23:00:00+00:00,105.0,daily_break_variant,Wed 17:15,Wed 19:00,2017
2017-04-19 23:00:00+00:00,2017-04-20 00:00:00+00:00,45.0,UNEXPLAINED,Wed 19:15,Wed 20:00,2017
2017-04-20 00:00:00+00:00,2017-04-20 01:00:00+00:00,45.0,UNEXPLAINED,Wed 20:15,Wed 21:00,2017
2017-04-20 01:00:00+00:00,2017-04-20 02:00:00+00:00,45.0,UNEXPLAINED,Wed 21:15,Wed 22:00,2017
2017-04-20 02:00:00+00:00,2017-04-20 03:00:00+00:00,45.0,UNEXPLAINED,Wed 22:15,Wed 23:00,2017
2017-04-20 03:00:00+00:00,2017-04-20 04:00:00+00:00,45.0,UNEXPLAINED,Wed 23:15,Thu 00:00,2017
2017-04-20 04:00:00+00:00,2017-04-20 05:00:00+00:00,45.0,UNEXPLAINED,Thu 00:15,Thu 01:00,2017
2017-04-20 05:00:00+00:00,2017-04-20 06:00:00+00:00,45.0,UNEXPLAINED,Thu 01:15,Thu 02:00,2017
2017-04-20 06:00:00+00:00,2017-04-20 07:00:00+00:00,45.0,UNEXPLAINED,Thu 02:15,Thu 03:00,2017
2017-04-20 07:00:00+00:00,2017-04-20 08:00:00+00:00,45.0,UNEXPLAINED,Thu 03:15,Thu 04:00,2017
2017-04-20 08:00:00+00:00,2017-04-20 09:00:00+00:00,45.0,UNEXPLAINED,Thu 04:15,Thu 05:00,2017
2017-04-20 09:00:00+00:00,2017-04-20 10:00:00+00:00,45.0,UNEXPLAINED,Thu 05:15,Thu 06:00,2017
2017-04-20 10:00:00+00:00,2017-04-20 11:00:00+00:00,45.0,UNEXPLAINED,Thu 06:15,Thu 07:00,2017
2017-04-20 11:00:00+00:00,2017-04-20 12:00:00+00:00,45.0,UNEXPLAINED,Thu 07:15,Thu 08:00,2017
2017-04-20 12:00:00+00:00,2017-04-20 13:00:00+00:00,45.0,UNEXPLAINED,Thu 08:15,Thu 09:00,2017
2017-04-20 13:00:00+00:00,2017-04-20 14:00:00+00:00,45.0,UNEXPLAINED,Thu 09:15,Thu 10:00,2017
2017-04-20 14:00:00+00:00,2017-04-20 15:00:00+00:00,45.0,UNEXPLAINED,Thu 10:15,Thu 11:00,2017
2017-04-20 15:00:00+00:00,2017-04-20 16:00:00+00:00,45.0,UNEXPLAINED,Thu 11:15,Thu 12:00,2017
2017-04-20 16:00:00+00:00,2017-04-20 17:00:00+00:00,45.0,UNEXPLAINED,Thu 12:15,Thu 13:00,2017
2017-04-20 17:00:00+00:00,2017-04-20 18:00:00+00:00,45.0,UNEXPLAINED,Thu 13:15,Thu 14:00,2017
2017-04-20 18:00:00+00:00,2017-04-20 19:00:00+00:00,45.0,UNEXPLAINED,Thu 14:15,Thu 15:00,2017
2017-04-20 19:00:00+00:00,2017-04-20 20:00:00+00:00,45.0,UNEXPLAINED,Thu 15:15,Thu 16:00,2017
2017-04-20 20:00:00+00:00,2017-04-20 21:00:00+00:00,45.0,daily_break_variant,Thu 16:15,Thu 17:00,2017
2017-04-20 21:00:00+00:00,2017-04-20 22:00:00+00:00,45.0,daily_break_variant,Thu 17:15,Thu 18:00,2017
2017-04-20 22:00:00+00:00,2017-04-20 23:00:00+00:00,45.0,UNEXPLAINED,Thu 18:15,Thu 19:00,2017
2017-04-20 23:00:00+00:00,2017-04-21 00:00:00+00:00,45.0,UNEXPLAINED,Thu 19:15,Thu 20:00,2017
2017-04-21 00:00:00+00:00,2017-04-21 01:00:00+00:00,45.0,UNEXPLAINED,Thu 20:15,Thu 21:00,2017
2017-04-21 01:00:00+00:00,2017-04-21 02:00:00+00:00,45.0,UNEXPLAINED,Thu 21:15,Thu 22:00,2017
2017-04-21 02:00:00+00:00,2017-04-21 03:00:00+00:00,45.0,UNEXPLAINED,Thu 22:15,Thu 23:00,2017
2017-04-21 03:00:00+00:00,2017-04-21 04:00:00+00:00,45.0,UNEXPLAINED,Thu 23:15,Fri 00:00,2017
2017-04-21 04:00:00+00:00,2017-04-21 05:00:00+00:00,45.0,UNEXPLAINED,Fri 00:15,Fri 01:00,2017
2017-04-21 05:00:00+00:00,2017-04-21 06:00:00+00:00,45.0,UNEXPLAINED,Fri 01:15,Fri 02:00,2017
2017-04-21 06:00:00+00:00,2017-04-21 07:00:00+00:00,45.0,UNEXPLAINED,Fri 02:15,Fri 03:00,2017
2017-04-21 07:00:00+00:00,2017-04-21 08:00:00+00:00,45.0,UNEXPLAINED,Fri 03:15,Fri 04:00,2017
2017-04-21 08:00:00+00:00,2017-04-21 09:00:00+00:00,45.0,UNEXPLAINED,Fri 04:15,Fri 05:00,2017
2017-04-21 09:00:00+00:00,2017-04-21 10:00:00+00:00,45.0,UNEXPLAINED,Fri 05:15,Fri 06:00,2017
2017-04-21 10:00:00+00:00,2017-04-21 11:00:00+00:00,45.0,UNEXPLAINED,Fri 06:15,Fri 07:00,2017
2017-04-21 11:00:00+00:00,2017-04-21 12:00:00+00:00,45.0,UNEXPLAINED,Fri 07:15,Fri 08:00,2017
2017-04-21 12:00:00+00:00,2017-04-21 13:00:00+00:00,45.0,UNEXPLAINED,Fri 08:15,Fri 09:00,2017
2017-04-21 13:00:00+00:00,2017-04-21 14:00:00+00:00,45.0,UNEXPLAINED,Fri 09:15,Fri 10:00,2017
2017-04-21 14:00:00+00:00,2017-04-21 15:00:00+00:00,45.0,UNEXPLAINED,Fri 10:15,Fri 11:00,2017
2017-04-21 15:00:00+00:00,2017-04-21 16:00:00+00:00,45.0,UNEXPLAINED,Fri 11:15,Fri 12:00,2017
2017-04-21 16:00:00+00:00,2017-04-21 17:00:00+00:00,45.0,UNEXPLAINED,Fri 12:15,Fri 13:00,2017
2017-04-21 17:00:00+00:00,2017-04-21 18:00:00+00:00,45.0,UNEXPLAINED,Fri 13:15,Fri 14:00,2017
2017-04-21 18:00:00+00:00,2017-04-21 19:00:00+00:00,45.0,UNEXPLAINED,Fri 14:15,Fri 15:00,2017
2017-04-21 19:00:00+00:00,2017-04-21 20:00:00+00:00,45.0,UNEXPLAINED,Fri 15:15,Fri 16:00,2017
2017-04-21 20:00:00+00:00,2017-04-21 21:00:00+00:00,45.0,daily_break_variant,Fri 16:15,Fri 17:00,2017
2017-04-21 21:00:00+00:00,2017-04-23 23:00:00+00:00,2985.0,weekend,Fri 17:15,Sun 19:00,2017
2017-04-23 23:00:00+00:00,2017-04-24 00:00:00+00:00,45.0,UNEXPLAINED,Sun 19:15,Sun 20:00,2017
2017-04-24 00:00:00+00:00,2017-04-24 01:00:00+00:00,45.0,UNEXPLAINED,Sun 20:15,Sun 21:00,2017
2017-04-24 01:00:00+00:00,2017-04-24 02:00:00+00:00,45.0,UNEXPLAINED,Sun 21:15,Sun 22:00,2017
2017-04-24 02:00:00+00:00,2017-04-24 03:00:00+00:00,45.0,UNEXPLAINED,Sun 22:15,Sun 23:00,2017
2017-04-24 03:00:00+00:00,2017-04-24 04:00:00+00:00,45.0,UNEXPLAINED,Sun 23:15,Mon 00:00,2017
2017-04-24 04:00:00+00:00,2017-04-24 05:00:00+00:00,45.0,UNEXPLAINED,Mon 00:15,Mon 01:00,2017
2017-04-24 05:00:00+00:00,2017-04-24 06:00:00+00:00,45.0,UNEXPLAINED,Mon 01:15,Mon 02:00,2017
2017-04-24 06:00:00+00:00,2017-04-24 07:00:00+00:00,45.0,UNEXPLAINED,Mon 02:15,Mon 03:00,2017
2017-04-24 07:00:00+00:00,2017-04-24 08:00:00+00:00,45.0,UNEXPLAINED,Mon 03:15,Mon 04:00,2017
2017-04-24 08:00:00+00:00,2017-04-24 09:00:00+00:00,45.0,UNEXPLAINED,Mon 04:15,Mon 05:00,2017
2017-04-24 09:00:00+00:00,2017-04-24 10:00:00+00:00,45.0,UNEXPLAINED,Mon 05:15,Mon 06:00,2017
2017-04-24 10:00:00+00:00,2017-04-24 11:00:00+00:00,45.0,UNEXPLAINED,Mon 06:15,Mon 07:00,2017
2017-04-24 11:00:00+00:00,2017-04-24 12:00:00+00:00,45.0,UNEXPLAINED,Mon 07:15,Mon 08:00,2017
2017-04-24 12:00:00+00:00,2017-04-24 13:00:00+00:00,45.0,UNEXPLAINED,Mon 08:15,Mon 09:00,2017
2017-04-24 13:00:00+00:00,2017-04-24 14:00:00+00:00,45.0,UNEXPLAINED,Mon 09:15,Mon 10:00,2017
2017-04-24 14:00:00+00:00,2017-04-24 15:00:00+00:00,45.0,UNEXPLAINED,Mon 10:15,Mon 11:00,2017
2017-04-24 15:00:00+00:00,2017-04-24 16:00:00+00:00,45.0,UNEXPLAINED,Mon 11:15,Mon 12:00,2017
2017-04-24 16:00:00+00:00,2017-04-24 17:00:00+00:00,45.0,UNEXPLAINED,Mon 12:15,Mon 13:00,2017
2017-04-24 17:00:00+00:00,2017-04-24 18:00:00+00:00,45.0,UNEXPLAINED,Mon 13:15,Mon 14:00,2017
2017-04-24 18:00:00+00:00,2017-04-24 19:00:00+00:00,45.0,UNEXPLAINED,Mon 14:15,Mon 15:00,2017
2017-04-24 19:00:00+00:00,2017-04-24 20:00:00+00:00,45.0,UNEXPLAINED,Mon 15:15,Mon 16:00,2017
2017-04-24 20:00:00+00:00,2017-04-24 21:00:00+00:00,45.0,daily_break_variant,Mon 16:15,Mon 17:00,2017
2017-04-24 21:00:00+00:00,2017-04-24 22:00:00+00:00,45.0,daily_break_variant,Mon 17:15,Mon 18:00,2017
2017-04-24 22:00:00+00:00,2017-04-24 23:00:00+00:00,45.0,UNEXPLAINED,Mon 18:15,Mon 19:00,2017
2017-04-24 23:00:00+00:00,2017-04-25 00:00:00+00:00,45.0,UNEXPLAINED,Mon 19:15,Mon 20:00,2017
2017-04-25 00:00:00+00:00,2017-04-25 01:00:00+00:00,45.0,UNEXPLAINED,Mon 20:15,Mon 21:00,2017
2017-04-25 01:00:00+00:00,2017-04-25 02:00:00+00:00,45.0,UNEXPLAINED,Mon 21:15,Mon 22:00,2017
2017-04-25 02:00:00+00:00,2017-04-25 03:00:00+00:00,45.0,UNEXPLAINED,Mon 22:15,Mon 23:00,2017
2017-04-25 03:00:00+00:00,2017-04-25 04:00:00+00:00,45.0,UNEXPLAINED,Mon 23:15,Tue 00:00,2017
2017-04-25 04:00:00+00:00,2017-04-25 05:00:00+00:00,45.0,UNEXPLAINED,Tue 00:15,Tue 01:00,2017
2017-04-25 05:00:00+00:00,2017-04-25 06:00:00+00:00,45.0,UNEXPLAINED,Tue 01:15,Tue 02:00,2017
2017-04-25 06:00:00+00:00,2017-04-25 07:00:00+00:00,45.0,UNEXPLAINED,Tue 02:15,Tue 03:00,2017
2017-04-25 07:00:00+00:00,2017-04-25 08:00:00+00:00,45.0,UNEXPLAINED,Tue 03:15,Tue 04:00,2017
2017-04-25 08:00:00+00:00,2017-04-25 09:00:00+00:00,45.0,UNEXPLAINED,Tue 04:15,Tue 05:00,2017
2017-04-25 09:00:00+00:00,2017-04-25 10:00:00+00:00,45.0,UNEXPLAINED,Tue 05:15,Tue 06:00,2017
2017-04-25 10:00:00+00:00,2017-04-25 11:00:00+00:00,45.0,UNEXPLAINED,Tue 06:15,Tue 07:00,2017
2017-04-25 11:00:00+00:00,2017-04-25 12:00:00+00:00,45.0,UNEXPLAINED,Tue 07:15,Tue 08:00,2017
2017-04-25 12:00:00+00:00,2017-04-25 13:00:00+00:00,45.0,UNEXPLAINED,Tue 08:15,Tue 09:00,2017
2017-04-25 13:00:00+00:00,2017-04-25 14:00:00+00:00,45.0,UNEXPLAINED,Tue 09:15,Tue 10:00,2017
2017-04-25 14:00:00+00:00,2017-04-25 15:00:00+00:00,45.0,UNEXPLAINED,Tue 10:15,Tue 11:00,2017
2017-04-25 15:00:00+00:00,2017-04-25 16:00:00+00:00,45.0,UNEXPLAINED,Tue 11:15,Tue 12:00,2017
2017-04-25 16:00:00+00:00,2017-04-25 17:00:00+00:00,45.0,UNEXPLAINED,Tue 12:15,Tue 13:00,2017
2017-04-25 17:00:00+00:00,2017-04-25 18:00:00+00:00,45.0,UNEXPLAINED,Tue 13:15,Tue 14:00,2017
2017-04-25 18:00:00+00:00,2017-04-25 19:00:00+00:00,45.0,UNEXPLAINED,Tue 14:15,Tue 15:00,2017
2017-04-25 19:00:00+00:00,2017-04-25 20:00:00+00:00,45.0,UNEXPLAINED,Tue 15:15,Tue 16:00,2017
2017-04-25 20:00:00+00:00,2017-04-25 21:00:00+00:00,45.0,daily_break_variant,Tue 16:15,Tue 17:00,2017
2017-04-25 21:00:00+00:00,2017-04-25 22:00:00+00:00,45.0,daily_break_variant,Tue 17:15,Tue 18:00,2017
2017-04-25 22:00:00+00:00,2017-04-25 23:00:00+00:00,45.0,UNEXPLAINED,Tue 18:15,Tue 19:00,2017
2017-04-25 23:00:00+00:00,2017-04-26 00:00:00+00:00,45.0,UNEXPLAINED,Tue 19:15,Tue 20:00,2017
2017-04-26 00:00:00+00:00,2017-04-26 01:00:00+00:00,45.0,UNEXPLAINED,Tue 20:15,Tue 21:00,2017
2017-04-26 01:00:00+00:00,2017-04-26 02:00:00+00:00,45.0,UNEXPLAINED,Tue 21:15,Tue 22:00,2017
2017-04-26 02:00:00+00:00,2017-04-26 03:00:00+00:00,45.0,UNEXPLAINED,Tue 22:15,Tue 23:00,2017
2017-04-26 03:00:00+00:00,2017-04-26 04:00:00+00:00,45.0,UNEXPLAINED,Tue 23:15,Wed 00:00,2017
2017-04-26 04:00:00+00:00,2017-04-26 05:00:00+00:00,45.0,UNEXPLAINED,Wed 00:15,Wed 01:00,2017
2017-04-26 05:00:00+00:00,2017-04-26 06:00:00+00:00,45.0,UNEXPLAINED,Wed 01:15,Wed 02:00,2017
2017-04-26 06:00:00+00:00,2017-04-26 07:00:00+00:00,45.0,UNEXPLAINED,Wed 02:15,Wed 03:00,2017
2017-04-26 07:00:00+00:00,2017-04-26 08:00:00+00:00,45.0,UNEXPLAINED,Wed 03:15,Wed 04:00,2017
2017-04-26 08:00:00+00:00,2017-04-26 09:00:00+00:00,45.0,UNEXPLAINED,Wed 04:15,Wed 05:00,2017
2017-04-26 09:00:00+00:00,2017-04-26 10:00:00+00:00,45.0,UNEXPLAINED,Wed 05:15,Wed 06:00,2017
2017-04-26 10:00:00+00:00,2017-04-26 11:00:00+00:00,45.0,UNEXPLAINED,Wed 06:15,Wed 07:00,2017
2017-04-26 11:00:00+00:00,2017-04-26 12:00:00+00:00,45.0,UNEXPLAINED,Wed 07:15,Wed 08:00,2017
2017-04-26 12:00:00+00:00,2017-04-26 13:00:00+00:00,45.0,UNEXPLAINED,Wed 08:15,Wed 09:00,2017
2017-04-26 13:00:00+00:00,2017-04-26 14:00:00+00:00,45.0,UNEXPLAINED,Wed 09:15,Wed 10:00,2017
2017-04-26 14:00:00+00:00,2017-04-26 15:00:00+00:00,45.0,UNEXPLAINED,Wed 10:15,Wed 11:00,2017
2017-04-26 15:00:00+00:00,2017-04-26 16:00:00+00:00,45.0,UNEXPLAINED,Wed 11:15,Wed 12:00,2017
2017-04-26 16:00:00+00:00,2017-04-26 17:00:00+00:00,45.0,UNEXPLAINED,Wed 12:15,Wed 13:00,2017
2017-04-26 17:00:00+00:00,2017-04-26 18:00:00+00:00,45.0,UNEXPLAINED,Wed 13:15,Wed 14:00,2017
2017-04-26 18:00:00+00:00,2017-04-26 19:00:00+00:00,45.0,UNEXPLAINED,Wed 14:15,Wed 15:00,2017
2017-04-26 19:00:00+00:00,2017-04-26 20:00:00+00:00,45.0,UNEXPLAINED,Wed 15:15,Wed 16:00,2017
2017-04-26 20:00:00+00:00,2017-04-26 21:00:00+00:00,45.0,daily_break_variant,Wed 16:15,Wed 17:00,2017
2017-04-26 21:00:00+00:00,2017-04-26 23:00:00+00:00,105.0,daily_break_variant,Wed 17:15,Wed 19:00,2017
2017-04-26 23:00:00+00:00,2017-04-27 00:00:00+00:00,45.0,UNEXPLAINED,Wed 19:15,Wed 20:00,2017
2017-04-27 00:00:00+00:00,2017-04-27 01:00:00+00:00,45.0,UNEXPLAINED,Wed 20:15,Wed 21:00,2017
2017-04-27 01:00:00+00:00,2017-04-27 02:00:00+00:00,45.0,UNEXPLAINED,Wed 21:15,Wed 22:00,2017
2017-04-27 02:00:00+00:00,2017-04-27 03:00:00+00:00,45.0,UNEXPLAINED,Wed 22:15,Wed 23:00,2017
2017-04-27 03:00:00+00:00,2017-04-27 04:00:00+00:00,45.0,UNEXPLAINED,Wed 23:15,Thu 00:00,2017
2017-04-27 04:00:00+00:00,2017-04-27 05:00:00+00:00,45.0,UNEXPLAINED,Thu 00:15,Thu 01:00,2017
2017-04-27 05:00:00+00:00,2017-04-27 06:00:00+00:00,45.0,UNEXPLAINED,Thu 01:15,Thu 02:00,2017
2017-04-27 06:00:00+00:00,2017-04-27 07:00:00+00:00,45.0,UNEXPLAINED,Thu 02:15,Thu 03:00,2017
2017-04-27 07:00:00+00:00,2017-04-27 08:00:00+00:00,45.0,UNEXPLAINED,Thu 03:15,Thu 04:00,2017
2017-04-27 08:00:00+00:00,2017-04-27 09:00:00+00:00,45.0,UNEXPLAINED,Thu 04:15,Thu 05:00,2017
2017-04-27 09:00:00+00:00,2017-04-27 10:00:00+00:00,45.0,UNEXPLAINED,Thu 05:15,Thu 06:00,2017
2017-04-27 10:00:00+00:00,2017-04-27 10:45:00+00:00,30.0,UNEXPLAINED,Thu 06:15,Thu 06:45,2017
2017-04-27 21:45:00+00:00,2017-04-27 23:00:00+00:00,60.0,UNEXPLAINED,Thu 18:00,Thu 19:00,2017
2017-04-28 21:45:00+00:00,2017-04-30 23:00:00+00:00,2940.0,weekend,Fri 18:00,Sun 19:00,2017
2017-05-01 21:45:00+00:00,2017-05-01 23:00:00+00:00,60.0,UNEXPLAINED,Mon 18:00,Mon 19:00,2017
2017-05-02 21:45:00+00:00,2017-05-02 23:00:00+00:00,60.0,UNEXPLAINED,Tue 18:00,Tue 19:00,2017
2017-05-03 21:45:00+00:00,2017-05-03 23:00:00+00:00,60.0,UNEXPLAINED,Wed 18:00,Wed 19:00,2017
2017-05-04 21:45:00+00:00,2017-05-04 23:00:00+00:00,60.0,UNEXPLAINED,Thu 18:00,Thu 19:00,2017
2017-05-05 21:45:00+00:00,2017-05-08 00:00:00+00:00,3000.0,weekend,Fri 18:00,Sun 20:00,2017
2017-05-08 20:45:00+00:00,2017-05-08 22:00:00+00:00,60.0,daily_break,Mon 17:00,Mon 18:00,2017
2017-05-09 20:45:00+00:00,2017-05-09 22:00:00+00:00,60.0,daily_break,Tue 17:00,Tue 18:00,2017
2017-05-10 20:45:00+00:00,2017-05-10 22:00:00+00:00,60.0,daily_break,Wed 17:00,Wed 18:00,2017
2017-05-11 20:45:00+00:00,2017-05-11 22:00:00+00:00,60.0,daily_break,Thu 17:00,Thu 18:00,2017
2017-05-12 20:45:00+00:00,2017-05-15 00:00:00+00:00,3060.0,weekend,Fri 17:00,Sun 20:00,2017
2017-05-15 20:45:00+00:00,2017-05-15 22:00:00+00:00,60.0,daily_break,Mon 17:00,Mon 18:00,2017
2017-05-16 20:45:00+00:00,2017-05-16 22:00:00+00:00,60.0,daily_break,Tue 17:00,Tue 18:00,2017
2017-05-17 20:45:00+00:00,2017-05-17 22:00:00+00:00,60.0,daily_break,Wed 17:00,Wed 18:00,2017
2017-05-18 20:45:00+00:00,2017-05-18 22:00:00+00:00,60.0,daily_break,Thu 17:00,Thu 18:00,2017
2017-05-19 20:45:00+00:00,2017-05-22 00:00:00+00:00,3060.0,weekend,Fri 17:00,Sun 20:00,2017
2017-05-22 20:45:00+00:00,2017-05-22 22:00:00+00:00,60.0,daily_break,Mon 17:00,Mon 18:00,2017
2017-05-23 20:45:00+00:00,2017-05-23 22:00:00+00:00,60.0,daily_break,Tue 17:00,Tue 18:00,2017
2017-05-24 20:45:00+00:00,2017-05-24 22:00:00+00:00,60.0,daily_break,Wed 17:00,Wed 18:00,2017
2017-05-25 20:45:00+00:00,2017-05-25 22:00:00+00:00,60.0,daily_break,Thu 17:00,Thu 18:00,2017
2017-05-26 20:45:00+00:00,2017-05-29 00:00:00+00:00,3060.0,weekend,Fri 17:00,Sun 20:00,2017
2017-05-29 17:30:00+00:00,2017-05-29 18:45:00+00:00,60.0,holiday/early_close,Mon 13:45,Mon 14:45,2017
2017-05-29 18:45:00+00:00,2017-05-29 22:00:00+00:00,180.0,holiday/early_close,Mon 15:00,Mon 18:00,2017
2017-05-30 20:45:00+00:00,2017-05-30 22:00:00+00:00,60.0,daily_break,Tue 17:00,Tue 18:00,2017
2017-05-31 20:45:00+00:00,2017-05-31 22:00:00+00:00,60.0,daily_break,Wed 17:00,Wed 18:00,2017
2017-06-01 20:45:00+00:00,2017-06-01 22:00:00+00:00,60.0,daily_break,Thu 17:00,Thu 18:00,2017
2017-06-02 20:45:00+00:00,2017-06-05 00:00:00+00:00,3060.0,weekend,Fri 17:00,Sun 20:00,2017
2017-06-05 20:45:00+00:00,2017-06-05 22:00:00+00:00,60.0,daily_break,Mon 17:00,Mon 18:00,2017
2017-06-06 21:00:00+00:00,2017-06-06 22:00:00+00:00,45.0,daily_break_variant,Tue 17:15,Tue 18:00,2017
2017-06-07 20:45:00+00:00,2017-06-07 22:00:00+00:00,60.0,daily_break,Wed 17:00,Wed 18:00,2017
2017-06-08 20:45:00+00:00,2017-06-08 22:00:00+00:00,60.0,daily_break,Thu 17:00,Thu 18:00,2017
2017-06-09 20:45:00+00:00,2017-06-12 00:00:00+00:00,3060.0,weekend,Fri 17:00,Sun 20:00,2017
2017-06-12 20:45:00+00:00,2017-06-12 22:00:00+00:00,60.0,daily_break,Mon 17:00,Mon 18:00,2017
2017-06-13 20:45:00+00:00,2017-06-13 22:00:00+00:00,60.0,daily_break,Tue 17:00,Tue 18:00,2017
2017-06-14 20:45:00+00:00,2017-06-14 22:00:00+00:00,60.0,daily_break,Wed 17:00,Wed 18:00,2017
2017-06-15 20:45:00+00:00,2017-06-15 22:00:00+00:00,60.0,daily_break,Thu 17:00,Thu 18:00,2017
2017-06-16 20:45:00+00:00,2017-06-19 00:00:00+00:00,3060.0,weekend,Fri 17:00,Sun 20:00,2017
2017-06-19 20:45:00+00:00,2017-06-19 22:00:00+00:00,60.0,daily_break,Mon 17:00,Mon 18:00,2017
2017-06-20 20:45:00+00:00,2017-06-20 22:00:00+00:00,60.0,daily_break,Tue 17:00,Tue 18:00,2017
2017-06-21 20:45:00+00:00,2017-06-21 22:00:00+00:00,60.0,daily_break,Wed 17:00,Wed 18:00,2017
2017-06-22 20:45:00+00:00,2017-06-22 22:00:00+00:00,60.0,daily_break,Thu 17:00,Thu 18:00,2017
2017-06-23 20:45:00+00:00,2017-06-26 00:00:00+00:00,3060.0,weekend,Fri 17:00,Sun 20:00,2017
2017-06-26 20:45:00+00:00,2017-06-26 22:00:00+00:00,60.0,daily_break,Mon 17:00,Mon 18:00,2017
2017-06-27 20:45:00+00:00,2017-06-27 22:00:00+00:00,60.0,daily_break,Tue 17:00,Tue 18:00,2017
2017-06-28 20:45:00+00:00,2017-06-28 22:00:00+00:00,60.0,daily_break,Wed 17:00,Wed 18:00,2017
2017-06-29 20:45:00+00:00,2017-06-29 22:00:00+00:00,60.0,daily_break,Thu 17:00,Thu 18:00,2017
2017-06-30 20:45:00+00:00,2017-07-03 00:00:00+00:00,3060.0,weekend,Fri 17:00,Sun 20:00,2017
2017-07-03 20:45:00+00:00,2017-07-03 22:00:00+00:00,60.0,daily_break,Mon 17:00,Mon 18:00,2017
2017-07-04 17:00:00+00:00,2017-07-04 22:00:00+00:00,285.0,holiday/early_close,Tue 13:15,Tue 18:00,2017
2017-07-05 20:45:00+00:00,2017-07-05 22:00:00+00:00,60.0,daily_break,Wed 17:00,Wed 18:00,2017
2017-07-06 20:45:00+00:00,2017-07-06 22:00:00+00:00,60.0,daily_break,Thu 17:00,Thu 18:00,2017
2017-07-07 20:45:00+00:00,2017-07-10 00:00:00+00:00,3060.0,weekend,Fri 17:00,Sun 20:00,2017
2017-07-10 20:45:00+00:00,2017-07-10 22:00:00+00:00,60.0,daily_break,Mon 17:00,Mon 18:00,2017
2017-07-11 20:45:00+00:00,2017-07-11 21:45:00+00:00,45.0,daily_break_variant,Tue 17:00,Tue 17:45,2017
2017-07-12 20:45:00+00:00,2017-07-12 22:00:00+00:00,60.0,daily_break,Wed 17:00,Wed 18:00,2017
2017-07-13 20:45:00+00:00,2017-07-13 22:00:00+00:00,60.0,daily_break,Thu 17:00,Thu 18:00,2017
2017-07-14 20:45:00+00:00,2017-07-17 00:00:00+00:00,3060.0,weekend,Fri 17:00,Sun 20:00,2017
2017-07-17 20:45:00+00:00,2017-07-17 22:00:00+00:00,60.0,daily_break,Mon 17:00,Mon 18:00,2017
2017-07-18 20:45:00+00:00,2017-07-18 22:00:00+00:00,60.0,daily_break,Tue 17:00,Tue 18:00,2017
2017-07-19 20:45:00+00:00,2017-07-19 22:00:00+00:00,60.0,daily_break,Wed 17:00,Wed 18:00,2017
2017-07-20 20:45:00+00:00,2017-07-20 22:00:00+00:00,60.0,daily_break,Thu 17:00,Thu 18:00,2017
2017-07-21 20:45:00+00:00,2017-07-24 00:00:00+00:00,3060.0,weekend,Fri 17:00,Sun 20:00,2017
2017-07-24 20:45:00+00:00,2017-07-24 22:00:00+00:00,60.0,daily_break,Mon 17:00,Mon 18:00,2017
2017-07-25 20:45:00+00:00,2017-07-25 22:00:00+00:00,60.0,daily_break,Tue 17:00,Tue 18:00,2017
2017-07-26 20:45:00+00:00,2017-07-26 22:00:00+00:00,60.0,daily_break,Wed 17:00,Wed 18:00,2017
2017-07-27 20:45:00+00:00,2017-07-27 22:00:00+00:00,60.0,daily_break,Thu 17:00,Thu 18:00,2017
2017-07-28 20:45:00+00:00,2017-07-31 00:00:00+00:00,3060.0,weekend,Fri 17:00,Sun 20:00,2017
2017-07-31 20:45:00+00:00,2017-07-31 22:00:00+00:00,60.0,daily_break,Mon 17:00,Mon 18:00,2017
2017-08-01 20:45:00+00:00,2017-08-01 22:00:00+00:00,60.0,daily_break,Tue 17:00,Tue 18:00,2017
2017-08-02 20:45:00+00:00,2017-08-02 22:00:00+00:00,60.0,daily_break,Wed 17:00,Wed 18:00,2017
2017-08-03 20:45:00+00:00,2017-08-03 22:00:00+00:00,60.0,daily_break,Thu 17:00,Thu 18:00,2017
2017-08-04 20:45:00+00:00,2017-08-07 00:00:00+00:00,3060.0,weekend,Fri 17:00,Sun 20:00,2017
2017-08-07 20:45:00+00:00,2017-08-07 22:00:00+00:00,60.0,daily_break,Mon 17:00,Mon 18:00,2017
2017-08-08 20:45:00+00:00,2017-08-08 22:00:00+00:00,60.0,daily_break,Tue 17:00,Tue 18:00,2017
2017-08-09 20:45:00+00:00,2017-08-09 22:00:00+00:00,60.0,daily_break,Wed 17:00,Wed 18:00,2017
2017-08-10 20:45:00+00:00,2017-08-10 22:00:00+00:00,60.0,daily_break,Thu 17:00,Thu 18:00,2017
2017-08-11 20:45:00+00:00,2017-08-14 00:00:00+00:00,3060.0,weekend,Fri 17:00,Sun 20:00,2017
2017-08-14 20:45:00+00:00,2017-08-14 22:00:00+00:00,60.0,daily_break,Mon 17:00,Mon 18:00,2017
2017-08-15 20:45:00+00:00,2017-08-15 22:00:00+00:00,60.0,daily_break,Tue 17:00,Tue 18:00,2017
2017-08-16 20:45:00+00:00,2017-08-16 22:00:00+00:00,60.0,daily_break,Wed 17:00,Wed 18:00,2017
2017-08-17 20:45:00+00:00,2017-08-17 22:00:00+00:00,60.0,daily_break,Thu 17:00,Thu 18:00,2017
2017-08-18 20:45:00+00:00,2017-08-21 00:00:00+00:00,3060.0,weekend,Fri 17:00,Sun 20:00,2017
2017-08-21 20:45:00+00:00,2017-08-21 22:00:00+00:00,60.0,daily_break,Mon 17:00,Mon 18:00,2017
2017-08-22 20:45:00+00:00,2017-08-22 22:00:00+00:00,60.0,daily_break,Tue 17:00,Tue 18:00,2017
2017-08-23 20:45:00+00:00,2017-08-23 22:00:00+00:00,60.0,daily_break,Wed 17:00,Wed 18:00,2017
2017-08-24 20:45:00+00:00,2017-08-24 22:00:00+00:00,60.0,daily_break,Thu 17:00,Thu 18:00,2017
2017-08-25 20:45:00+00:00,2017-08-28 00:00:00+00:00,3060.0,weekend,Fri 17:00,Sun 20:00,2017
2017-08-28 20:45:00+00:00,2017-08-28 22:00:00+00:00,60.0,daily_break,Mon 17:00,Mon 18:00,2017
2017-08-29 20:45:00+00:00,2017-08-29 22:00:00+00:00,60.0,daily_break,Tue 17:00,Tue 18:00,2017
2017-08-30 20:45:00+00:00,2017-08-30 22:00:00+00:00,60.0,daily_break,Wed 17:00,Wed 18:00,2017
2017-08-31 20:45:00+00:00,2017-08-31 22:00:00+00:00,60.0,daily_break,Thu 17:00,Thu 18:00,2017
2017-09-01 20:45:00+00:00,2017-09-04 00:00:00+00:00,3060.0,weekend,Fri 17:00,Sun 20:00,2017
2017-09-04 17:00:00+00:00,2017-09-04 22:00:00+00:00,285.0,holiday/early_close,Mon 13:15,Mon 18:00,2017
2017-09-05 20:45:00+00:00,2017-09-05 22:00:00+00:00,60.0,daily_break,Tue 17:00,Tue 18:00,2017
2017-09-06 20:45:00+00:00,2017-09-06 22:00:00+00:00,60.0,daily_break,Wed 17:00,Wed 18:00,2017
2017-09-07 20:45:00+00:00,2017-09-07 22:00:00+00:00,60.0,daily_break,Thu 17:00,Thu 18:00,2017
2017-09-08 20:45:00+00:00,2017-09-11 00:00:00+00:00,3060.0,weekend,Fri 17:00,Sun 20:00,2017
2017-09-11 20:45:00+00:00,2017-09-11 22:00:00+00:00,60.0,daily_break,Mon 17:00,Mon 18:00,2017
2017-09-12 20:45:00+00:00,2017-09-12 22:00:00+00:00,60.0,daily_break,Tue 17:00,Tue 18:00,2017
2017-09-13 20:45:00+00:00,2017-09-13 22:00:00+00:00,60.0,daily_break,Wed 17:00,Wed 18:00,2017
2017-09-14 20:45:00+00:00,2017-09-14 22:00:00+00:00,60.0,daily_break,Thu 17:00,Thu 18:00,2017
2017-09-15 20:45:00+00:00,2017-09-18 00:00:00+00:00,3060.0,weekend,Fri 17:00,Sun 20:00,2017
2017-09-18 20:45:00+00:00,2017-09-18 22:00:00+00:00,60.0,daily_break,Mon 17:00,Mon 18:00,2017
2017-09-19 20:45:00+00:00,2017-09-19 22:00:00+00:00,60.0,daily_break,Tue 17:00,Tue 18:00,2017
2017-09-20 20:45:00+00:00,2017-09-20 22:00:00+00:00,60.0,daily_break,Wed 17:00,Wed 18:00,2017
2017-09-21 20:45:00+00:00,2017-09-21 22:00:00+00:00,60.0,daily_break,Thu 17:00,Thu 18:00,2017
2017-09-22 20:45:00+00:00,2017-09-25 00:00:00+00:00,3060.0,weekend,Fri 17:00,Sun 20:00,2017
2017-09-25 20:45:00+00:00,2017-09-25 22:00:00+00:00,60.0,daily_break,Mon 17:00,Mon 18:00,2017
2017-09-26 20:45:00+00:00,2017-09-26 22:00:00+00:00,60.0,daily_break,Tue 17:00,Tue 18:00,2017
2017-09-27 20:45:00+00:00,2017-09-27 22:00:00+00:00,60.0,daily_break,Wed 17:00,Wed 18:00,2017
2017-09-28 20:45:00+00:00,2017-09-28 22:00:00+00:00,60.0,daily_break,Thu 17:00,Thu 18:00,2017
2017-09-29 20:45:00+00:00,2017-10-02 00:00:00+00:00,3060.0,weekend,Fri 17:00,Sun 20:00,2017
2017-10-02 20:45:00+00:00,2017-10-02 22:00:00+00:00,60.0,daily_break,Mon 17:00,Mon 18:00,2017
2017-10-03 20:45:00+00:00,2017-10-03 22:00:00+00:00,60.0,daily_break,Tue 17:00,Tue 18:00,2017
2017-10-04 20:45:00+00:00,2017-10-04 22:00:00+00:00,60.0,daily_break,Wed 17:00,Wed 18:00,2017
2017-10-05 20:45:00+00:00,2017-10-05 22:00:00+00:00,60.0,daily_break,Thu 17:00,Thu 18:00,2017
2017-10-06 20:45:00+00:00,2017-10-09 00:00:00+00:00,3060.0,weekend,Fri 17:00,Sun 20:00,2017
2017-10-09 20:45:00+00:00,2017-10-09 22:00:00+00:00,60.0,daily_break,Mon 17:00,Mon 18:00,2017
2017-10-10 20:45:00+00:00,2017-10-10 22:00:00+00:00,60.0,daily_break,Tue 17:00,Tue 18:00,2017
2017-10-11 20:45:00+00:00,2017-10-11 22:00:00+00:00,60.0,daily_break,Wed 17:00,Wed 18:00,2017
2017-10-12 20:45:00+00:00,2017-10-12 22:00:00+00:00,60.0,daily_break,Thu 17:00,Thu 18:00,2017
2017-10-13 20:45:00+00:00,2017-10-16 00:00:00+00:00,3060.0,weekend,Fri 17:00,Sun 20:00,2017
2017-10-16 20:45:00+00:00,2017-10-16 22:00:00+00:00,60.0,daily_break,Mon 17:00,Mon 18:00,2017
2017-10-17 20:45:00+00:00,2017-10-17 22:00:00+00:00,60.0,daily_break,Tue 17:00,Tue 18:00,2017
2017-10-18 20:45:00+00:00,2017-10-18 22:00:00+00:00,60.0,daily_break,Wed 17:00,Wed 18:00,2017
2017-10-19 20:45:00+00:00,2017-10-19 22:00:00+00:00,60.0,daily_break,Thu 17:00,Thu 18:00,2017
2017-10-20 20:45:00+00:00,2017-10-23 00:00:00+00:00,3060.0,weekend,Fri 17:00,Sun 20:00,2017
2017-10-23 20:45:00+00:00,2017-10-23 22:00:00+00:00,60.0,daily_break,Mon 17:00,Mon 18:00,2017
2017-10-24 20:45:00+00:00,2017-10-24 22:00:00+00:00,60.0,daily_break,Tue 17:00,Tue 18:00,2017
2017-10-25 20:45:00+00:00,2017-10-25 22:00:00+00:00,60.0,daily_break,Wed 17:00,Wed 18:00,2017
2017-10-26 20:45:00+00:00,2017-10-26 22:00:00+00:00,60.0,daily_break,Thu 17:00,Thu 18:00,2017
2017-10-27 20:45:00+00:00,2017-10-30 00:00:00+00:00,3060.0,weekend,Fri 17:00,Sun 20:00,2017
2017-10-30 20:45:00+00:00,2017-10-30 22:00:00+00:00,60.0,daily_break,Mon 17:00,Mon 18:00,2017
2017-10-31 20:45:00+00:00,2017-10-31 22:00:00+00:00,60.0,daily_break,Tue 17:00,Tue 18:00,2017
2017-11-01 20:45:00+00:00,2017-11-01 22:00:00+00:00,60.0,daily_break,Wed 17:00,Wed 18:00,2017
2017-11-02 20:45:00+00:00,2017-11-02 22:00:00+00:00,60.0,daily_break,Thu 17:00,Thu 18:00,2017
2017-11-03 20:45:00+00:00,2017-11-06 00:00:00+00:00,3060.0,weekend,Fri 17:00,Sun 19:00,2017
2017-11-06 21:45:00+00:00,2017-11-06 23:00:00+00:00,60.0,daily_break,Mon 17:00,Mon 18:00,2017
2017-11-07 21:45:00+00:00,2017-11-07 23:00:00+00:00,60.0,daily_break,Tue 17:00,Tue 18:00,2017
2017-11-08 21:45:00+00:00,2017-11-08 23:00:00+00:00,60.0,daily_break,Wed 17:00,Wed 18:00,2017
2017-11-09 21:45:00+00:00,2017-11-09 23:00:00+00:00,60.0,daily_break,Thu 17:00,Thu 18:00,2017
2017-11-10 21:45:00+00:00,2017-11-13 00:00:00+00:00,3000.0,weekend,Fri 17:00,Sun 19:00,2017
2017-11-13 21:45:00+00:00,2017-11-13 23:00:00+00:00,60.0,daily_break,Mon 17:00,Mon 18:00,2017
2017-11-14 21:45:00+00:00,2017-11-14 23:00:00+00:00,60.0,daily_break,Tue 17:00,Tue 18:00,2017
2017-11-15 21:45:00+00:00,2017-11-15 23:00:00+00:00,60.0,daily_break,Wed 17:00,Wed 18:00,2017
2017-11-16 21:45:00+00:00,2017-11-16 23:00:00+00:00,60.0,daily_break,Thu 17:00,Thu 18:00,2017
2017-11-17 21:45:00+00:00,2017-11-20 00:00:00+00:00,3000.0,weekend,Fri 17:00,Sun 19:00,2017
2017-11-20 21:45:00+00:00,2017-11-20 23:00:00+00:00,60.0,daily_break,Mon 17:00,Mon 18:00,2017
2017-11-21 21:45:00+00:00,2017-11-21 23:00:00+00:00,60.0,daily_break,Tue 17:00,Tue 18:00,2017
2017-11-22 21:45:00+00:00,2017-11-22 23:00:00+00:00,60.0,daily_break,Wed 17:00,Wed 18:00,2017
2017-11-23 18:00:00+00:00,2017-11-23 18:45:00+00:00,30.0,holiday/early_close,Thu 13:15,Thu 13:45,2017
2017-11-23 18:45:00+00:00,2017-11-23 23:00:00+00:00,240.0,holiday/early_close,Thu 14:00,Thu 18:00,2017
2017-11-24 18:45:00+00:00,2017-11-27 00:00:00+00:00,3180.0,weekend,Fri 14:00,Sun 19:00,2017
2017-11-27 21:45:00+00:00,2017-11-27 23:00:00+00:00,60.0,daily_break,Mon 17:00,Mon 18:00,2017
2017-11-28 21:45:00+00:00,2017-11-28 23:00:00+00:00,60.0,daily_break,Tue 17:00,Tue 18:00,2017
2017-11-29 21:45:00+00:00,2017-11-29 23:00:00+00:00,60.0,daily_break,Wed 17:00,Wed 18:00,2017
2017-11-30 21:45:00+00:00,2017-11-30 23:00:00+00:00,60.0,daily_break,Thu 17:00,Thu 18:00,2017
2017-12-01 21:45:00+00:00,2017-12-04 00:00:00+00:00,3000.0,weekend,Fri 17:00,Sun 19:00,2017
2017-12-04 21:45:00+00:00,2017-12-04 23:00:00+00:00,60.0,daily_break,Mon 17:00,Mon 18:00,2017
2017-12-05 21:45:00+00:00,2017-12-05 23:00:00+00:00,60.0,daily_break,Tue 17:00,Tue 18:00,2017
2017-12-06 21:45:00+00:00,2017-12-06 23:00:00+00:00,60.0,daily_break,Wed 17:00,Wed 18:00,2017
2017-12-07 21:45:00+00:00,2017-12-07 23:00:00+00:00,60.0,daily_break,Thu 17:00,Thu 18:00,2017
2017-12-08 21:45:00+00:00,2017-12-11 00:00:00+00:00,3000.0,weekend,Fri 17:00,Sun 19:00,2017
2017-12-11 21:45:00+00:00,2017-12-11 23:00:00+00:00,60.0,daily_break,Mon 17:00,Mon 18:00,2017
2017-12-12 21:45:00+00:00,2017-12-12 23:00:00+00:00,60.0,daily_break,Tue 17:00,Tue 18:00,2017
2017-12-13 21:45:00+00:00,2017-12-13 23:00:00+00:00,60.0,daily_break,Wed 17:00,Wed 18:00,2017
2017-12-14 21:45:00+00:00,2017-12-14 23:00:00+00:00,60.0,daily_break,Thu 17:00,Thu 18:00,2017
2017-12-15 21:45:00+00:00,2017-12-18 00:00:00+00:00,3000.0,weekend,Fri 17:00,Sun 19:00,2017
2017-12-18 21:45:00+00:00,2017-12-18 23:00:00+00:00,60.0,daily_break,Mon 17:00,Mon 18:00,2017
2017-12-19 21:45:00+00:00,2017-12-19 23:00:00+00:00,60.0,daily_break,Tue 17:00,Tue 18:00,2017
2017-12-20 21:45:00+00:00,2017-12-20 23:00:00+00:00,60.0,daily_break,Wed 17:00,Wed 18:00,2017
2017-12-21 21:45:00+00:00,2017-12-21 23:00:00+00:00,60.0,daily_break,Thu 17:00,Thu 18:00,2017
2017-12-22 21:45:00+00:00,2017-12-26 06:00:00+00:00,4800.0,holiday/early_close,Fri 17:00,Tue 01:00,2017
2017-12-26 21:45:00+00:00,2017-12-26 23:00:00+00:00,60.0,daily_break,Tue 17:00,Tue 18:00,2017
2017-12-27 21:45:00+00:00,2017-12-27 23:00:00+00:00,60.0,daily_break,Wed 17:00,Wed 18:00,2017
2017-12-28 21:45:00+00:00,2017-12-28 23:00:00+00:00,60.0,daily_break,Thu 17:00,Thu 18:00,2017
2017-12-29 21:45:00+00:00,2018-01-02 06:00:00+00:00,4800.0,holiday/early_close,Fri 17:00,Tue 01:00,2017
2018-01-02 21:45:00+00:00,2018-01-02 23:00:00+00:00,60.0,daily_break,Tue 17:00,Tue 18:00,2018
2018-01-03 21:45:00+00:00,2018-01-03 23:00:00+00:00,60.0,daily_break,Wed 17:00,Wed 18:00,2018
2018-01-04 21:45:00+00:00,2018-01-04 23:00:00+00:00,60.0,daily_break,Thu 17:00,Thu 18:00,2018
2018-01-05 21:45:00+00:00,2018-01-08 00:00:00+00:00,3000.0,weekend,Fri 17:00,Sun 19:00,2018
2018-01-08 21:45:00+00:00,2018-01-08 23:00:00+00:00,60.0,daily_break,Mon 17:00,Mon 18:00,2018
2018-01-09 21:45:00+00:00,2018-01-09 23:00:00+00:00,60.0,daily_break,Tue 17:00,Tue 18:00,2018
2018-01-10 21:45:00+00:00,2018-01-10 23:00:00+00:00,60.0,daily_break,Wed 17:00,Wed 18:00,2018
2018-01-11 21:45:00+00:00,2018-01-11 23:00:00+00:00,60.0,daily_break,Thu 17:00,Thu 18:00,2018
2018-01-12 21:45:00+00:00,2018-01-15 00:00:00+00:00,3000.0,weekend,Fri 17:00,Sun 19:00,2018
2018-01-15 18:00:00+00:00,2018-01-15 23:00:00+00:00,285.0,holiday/early_close,Mon 13:15,Mon 18:00,2018
2018-01-16 21:45:00+00:00,2018-01-16 23:00:00+00:00,60.0,daily_break,Tue 17:00,Tue 18:00,2018
2018-01-17 21:45:00+00:00,2018-01-17 23:00:00+00:00,60.0,daily_break,Wed 17:00,Wed 18:00,2018
2018-01-18 21:45:00+00:00,2018-01-18 23:00:00+00:00,60.0,daily_break,Thu 17:00,Thu 18:00,2018
2018-01-19 21:45:00+00:00,2018-01-21 23:00:00+00:00,2940.0,weekend,Fri 17:00,Sun 18:00,2018
2018-01-22 21:45:00+00:00,2018-01-22 23:00:00+00:00,60.0,daily_break,Mon 17:00,Mon 18:00,2018
2018-01-23 21:45:00+00:00,2018-01-23 23:00:00+00:00,60.0,daily_break,Tue 17:00,Tue 18:00,2018
2018-01-24 21:45:00+00:00,2018-01-24 23:00:00+00:00,60.0,daily_break,Wed 17:00,Wed 18:00,2018
2018-01-25 21:45:00+00:00,2018-01-25 23:00:00+00:00,60.0,daily_break,Thu 17:00,Thu 18:00,2018
2018-01-26 21:45:00+00:00,2018-01-28 23:00:00+00:00,2940.0,weekend,Fri 17:00,Sun 18:00,2018
2018-01-29 21:45:00+00:00,2018-01-29 23:00:00+00:00,60.0,daily_break,Mon 17:00,Mon 18:00,2018
2018-01-30 21:45:00+00:00,2018-01-30 23:00:00+00:00,60.0,daily_break,Tue 17:00,Tue 18:00,2018
2018-01-31 14:00:00+00:00,2018-02-02 12:45:00+00:00,2790.0,UNEXPLAINED,Wed 09:15,Fri 07:45,2018
2018-02-02 22:45:00+00:00,2018-02-04 23:00:00+00:00,2880.0,weekend,Fri 18:00,Sun 18:00,2018
2018-02-05 21:45:00+00:00,2018-02-05 23:00:00+00:00,60.0,daily_break,Mon 17:00,Mon 18:00,2018
2018-02-06 21:45:00+00:00,2018-02-06 23:00:00+00:00,60.0,daily_break,Tue 17:00,Tue 18:00,2018
2018-02-07 21:45:00+00:00,2018-02-07 23:00:00+00:00,60.0,daily_break,Wed 17:00,Wed 18:00,2018
2018-02-08 21:45:00+00:00,2018-02-08 23:00:00+00:00,60.0,daily_break,Thu 17:00,Thu 18:00,2018
2018-02-09 21:45:00+00:00,2018-02-11 23:00:00+00:00,2940.0,weekend,Fri 17:00,Sun 18:00,2018
2018-02-12 21:45:00+00:00,2018-02-12 23:00:00+00:00,60.0,daily_break,Mon 17:00,Mon 18:00,2018
2018-02-13 21:45:00+00:00,2018-02-13 23:00:00+00:00,60.0,daily_break,Tue 17:00,Tue 18:00,2018
2018-02-14 21:45:00+00:00,2018-02-14 23:00:00+00:00,60.0,daily_break,Wed 17:00,Wed 18:00,2018
2018-02-15 21:45:00+00:00,2018-02-15 23:00:00+00:00,60.0,daily_break,Thu 17:00,Thu 18:00,2018
2018-02-16 21:45:00+00:00,2018-02-18 23:00:00+00:00,2940.0,weekend,Fri 17:00,Sun 18:00,2018
2018-02-19 18:30:00+00:00,2018-02-19 23:00:00+00:00,255.0,holiday/early_close,Mon 13:45,Mon 18:00,2018
2018-02-20 21:45:00+00:00,2018-02-20 23:00:00+00:00,60.0,daily_break,Tue 17:00,Tue 18:00,2018
2018-02-21 21:45:00+00:00,2018-02-21 23:00:00+00:00,60.0,daily_break,Wed 17:00,Wed 18:00,2018
2018-02-22 21:45:00+00:00,2018-02-22 23:00:00+00:00,60.0,daily_break,Thu 17:00,Thu 18:00,2018
2018-02-23 21:45:00+00:00,2018-02-25 23:00:00+00:00,2940.0,weekend,Fri 17:00,Sun 18:00,2018
2018-02-26 21:45:00+00:00,2018-02-26 23:00:00+00:00,60.0,daily_break,Mon 17:00,Mon 18:00,2018
2018-02-27 21:45:00+00:00,2018-02-27 23:00:00+00:00,60.0,daily_break,Tue 17:00,Tue 18:00,2018
2018-02-28 21:45:00+00:00,2018-02-28 23:00:00+00:00,60.0,daily_break,Wed 17:00,Wed 18:00,2018
2018-03-01 21:45:00+00:00,2018-03-01 23:00:00+00:00,60.0,daily_break,Thu 17:00,Thu 18:00,2018
2018-03-02 21:45:00+00:00,2018-03-04 23:00:00+00:00,2940.0,weekend,Fri 17:00,Sun 18:00,2018
2018-03-05 21:45:00+00:00,2018-03-05 23:00:00+00:00,60.0,daily_break,Mon 17:00,Mon 18:00,2018
2018-03-06 21:45:00+00:00,2018-03-06 23:00:00+00:00,60.0,daily_break,Tue 17:00,Tue 18:00,2018
2018-03-07 21:45:00+00:00,2018-03-07 23:00:00+00:00,60.0,daily_break,Wed 17:00,Wed 18:00,2018
2018-03-08 21:45:00+00:00,2018-03-08 23:00:00+00:00,60.0,daily_break,Thu 17:00,Thu 18:00,2018
2018-03-09 21:45:00+00:00,2018-03-11 23:00:00+00:00,2940.0,weekend,Fri 17:00,Sun 19:00,2018
2018-03-12 20:45:00+00:00,2018-03-12 22:00:00+00:00,60.0,daily_break,Mon 17:00,Mon 18:00,2018
2018-03-13 20:45:00+00:00,2018-03-13 22:00:00+00:00,60.0,daily_break,Tue 17:00,Tue 18:00,2018
2018-03-14 20:45:00+00:00,2018-03-14 22:00:00+00:00,60.0,daily_break,Wed 17:00,Wed 18:00,2018
2018-03-15 20:45:00+00:00,2018-03-15 22:00:00+00:00,60.0,daily_break,Thu 17:00,Thu 18:00,2018
2018-03-16 20:45:00+00:00,2018-03-18 23:00:00+00:00,3000.0,weekend,Fri 17:00,Sun 19:00,2018
2018-03-19 20:45:00+00:00,2018-03-19 22:00:00+00:00,60.0,daily_break,Mon 17:00,Mon 18:00,2018
2018-03-20 20:45:00+00:00,2018-03-20 22:00:00+00:00,60.0,daily_break,Tue 17:00,Tue 18:00,2018
2018-03-21 20:45:00+00:00,2018-03-21 22:00:00+00:00,60.0,daily_break,Wed 17:00,Wed 18:00,2018
2018-03-22 20:45:00+00:00,2018-03-22 22:00:00+00:00,60.0,daily_break,Thu 17:00,Thu 18:00,2018
2018-03-23 20:45:00+00:00,2018-03-25 23:00:00+00:00,3000.0,weekend,Fri 17:00,Sun 19:00,2018
2018-03-26 20:45:00+00:00,2018-03-26 22:00:00+00:00,60.0,daily_break,Mon 17:00,Mon 18:00,2018
2018-03-27 20:45:00+00:00,2018-03-27 22:00:00+00:00,60.0,daily_break,Tue 17:00,Tue 18:00,2018
2018-03-28 20:45:00+00:00,2018-03-28 22:00:00+00:00,60.0,daily_break,Wed 17:00,Wed 18:00,2018
2018-03-29 20:45:00+00:00,2018-03-30 00:00:00+00:00,180.0,holiday/early_close,Thu 17:00,Thu 20:00,2018
2018-03-30 00:00:00+00:00,2018-04-01 23:00:00+00:00,4245.0,holiday/early_close,Thu 20:15,Sun 19:00,2018
2018-04-02 20:45:00+00:00,2018-04-02 22:00:00+00:00,60.0,daily_break,Mon 17:00,Mon 18:00,2018
2018-04-03 20:45:00+00:00,2018-04-03 22:00:00+00:00,60.0,daily_break,Tue 17:00,Tue 18:00,2018
2018-04-04 20:45:00+00:00,2018-04-04 22:00:00+00:00,60.0,daily_break,Wed 17:00,Wed 18:00,2018
2018-04-05 20:45:00+00:00,2018-04-05 22:00:00+00:00,60.0,daily_break,Thu 17:00,Thu 18:00,2018
2018-04-06 20:45:00+00:00,2018-04-08 23:00:00+00:00,3000.0,weekend,Fri 17:00,Sun 19:00,2018
2018-04-09 20:45:00+00:00,2018-04-09 22:00:00+00:00,60.0,daily_break,Mon 17:00,Mon 18:00,2018
2018-04-10 20:45:00+00:00,2018-04-10 22:00:00+00:00,60.0,daily_break,Tue 17:00,Tue 18:00,2018
2018-04-11 20:45:00+00:00,2018-04-11 22:00:00+00:00,60.0,daily_break,Wed 17:00,Wed 18:00,2018
2018-04-12 20:45:00+00:00,2018-04-12 22:00:00+00:00,60.0,daily_break,Thu 17:00,Thu 18:00,2018
2018-04-13 20:45:00+00:00,2018-04-15 23:00:00+00:00,3000.0,weekend,Fri 17:00,Sun 19:00,2018
2018-04-16 20:45:00+00:00,2018-04-16 22:00:00+00:00,60.0,daily_break,Mon 17:00,Mon 18:00,2018
2018-04-17 20:45:00+00:00,2018-04-17 22:00:00+00:00,60.0,daily_break,Tue 17:00,Tue 18:00,2018
2018-04-18 20:45:00+00:00,2018-04-18 22:00:00+00:00,60.0,daily_break,Wed 17:00,Wed 18:00,2018
2018-04-19 20:45:00+00:00,2018-04-19 22:00:00+00:00,60.0,daily_break,Thu 17:00,Thu 18:00,2018
2018-04-20 20:45:00+00:00,2018-04-22 23:00:00+00:00,3000.0,weekend,Fri 17:00,Sun 19:00,2018
2018-04-23 20:45:00+00:00,2018-04-23 22:00:00+00:00,60.0,daily_break,Mon 17:00,Mon 18:00,2018
2018-04-24 20:45:00+00:00,2018-04-24 22:00:00+00:00,60.0,daily_break,Tue 17:00,Tue 18:00,2018
2018-04-25 20:45:00+00:00,2018-04-25 22:00:00+00:00,60.0,daily_break,Wed 17:00,Wed 18:00,2018
2018-04-26 20:45:00+00:00,2018-04-26 22:00:00+00:00,60.0,daily_break,Thu 17:00,Thu 18:00,2018
2018-04-27 20:45:00+00:00,2018-04-29 23:00:00+00:00,3000.0,weekend,Fri 17:00,Sun 19:00,2018
2018-04-30 20:45:00+00:00,2018-04-30 22:00:00+00:00,60.0,daily_break,Mon 17:00,Mon 18:00,2018
2018-05-01 20:45:00+00:00,2018-05-01 22:00:00+00:00,60.0,daily_break,Tue 17:00,Tue 18:00,2018
2018-05-02 20:45:00+00:00,2018-05-02 22:00:00+00:00,60.0,daily_break,Wed 17:00,Wed 18:00,2018
2018-05-03 20:45:00+00:00,2018-05-03 22:00:00+00:00,60.0,daily_break,Thu 17:00,Thu 18:00,2018
2018-05-04 20:45:00+00:00,2018-05-06 23:00:00+00:00,3000.0,weekend,Fri 17:00,Sun 19:00,2018
2018-05-07 20:45:00+00:00,2018-05-07 22:00:00+00:00,60.0,daily_break,Mon 17:00,Mon 18:00,2018
2018-05-08 20:45:00+00:00,2018-05-08 22:00:00+00:00,60.0,daily_break,Tue 17:00,Tue 18:00,2018
2018-05-09 20:45:00+00:00,2018-05-09 22:00:00+00:00,60.0,daily_break,Wed 17:00,Wed 18:00,2018
2018-05-10 20:45:00+00:00,2018-05-10 22:00:00+00:00,60.0,daily_break,Thu 17:00,Thu 18:00,2018
2018-05-11 20:45:00+00:00,2018-05-13 23:00:00+00:00,3000.0,weekend,Fri 17:00,Sun 19:00,2018
2018-05-14 20:45:00+00:00,2018-05-14 22:00:00+00:00,60.0,daily_break,Mon 17:00,Mon 18:00,2018
2018-05-15 20:45:00+00:00,2018-05-15 22:00:00+00:00,60.0,daily_break,Tue 17:00,Tue 18:00,2018
2018-05-16 20:45:00+00:00,2018-05-16 22:00:00+00:00,60.0,daily_break,Wed 17:00,Wed 18:00,2018
2018-05-17 20:45:00+00:00,2018-05-17 22:00:00+00:00,60.0,daily_break,Thu 17:00,Thu 18:00,2018
2018-05-18 20:45:00+00:00,2018-05-20 23:00:00+00:00,3000.0,weekend,Fri 17:00,Sun 19:00,2018
2018-05-21 20:45:00+00:00,2018-05-21 22:00:00+00:00,60.0,daily_break,Mon 17:00,Mon 18:00,2018
2018-05-22 20:45:00+00:00,2018-05-22 22:00:00+00:00,60.0,daily_break,Tue 17:00,Tue 18:00,2018
2018-05-23 20:45:00+00:00,2018-05-23 22:00:00+00:00,60.0,daily_break,Wed 17:00,Wed 18:00,2018
2018-05-24 20:45:00+00:00,2018-05-24 22:00:00+00:00,60.0,daily_break,Thu 17:00,Thu 18:00,2018
2018-05-25 20:45:00+00:00,2018-05-27 23:00:00+00:00,3000.0,weekend,Fri 17:00,Sun 19:00,2018
2018-05-28 17:00:00+00:00,2018-05-28 22:00:00+00:00,285.0,holiday/early_close,Mon 13:15,Mon 18:00,2018
2018-05-29 20:45:00+00:00,2018-05-29 22:00:00+00:00,60.0,daily_break,Tue 17:00,Tue 18:00,2018
2018-05-30 20:45:00+00:00,2018-05-30 22:00:00+00:00,60.0,daily_break,Wed 17:00,Wed 18:00,2018
2018-05-31 20:45:00+00:00,2018-05-31 22:00:00+00:00,60.0,daily_break,Thu 17:00,Thu 18:00,2018
2018-06-01 20:45:00+00:00,2018-06-03 23:00:00+00:00,3000.0,weekend,Fri 17:00,Sun 19:00,2018
2018-06-04 20:45:00+00:00,2018-06-04 22:00:00+00:00,60.0,daily_break,Mon 17:00,Mon 18:00,2018
2018-06-05 20:45:00+00:00,2018-06-05 22:00:00+00:00,60.0,daily_break,Tue 17:00,Tue 18:00,2018
2018-06-06 20:45:00+00:00,2018-06-06 22:00:00+00:00,60.0,daily_break,Wed 17:00,Wed 18:00,2018
2018-06-07 20:45:00+00:00,2018-06-07 22:00:00+00:00,60.0,daily_break,Thu 17:00,Thu 18:00,2018
2018-06-08 20:45:00+00:00,2018-06-10 23:00:00+00:00,3000.0,weekend,Fri 17:00,Sun 19:00,2018
2018-06-11 20:45:00+00:00,2018-06-11 22:00:00+00:00,60.0,daily_break,Mon 17:00,Mon 18:00,2018
2018-06-12 20:45:00+00:00,2018-06-12 22:00:00+00:00,60.0,daily_break,Tue 17:00,Tue 18:00,2018
2018-06-13 20:45:00+00:00,2018-06-13 22:00:00+00:00,60.0,daily_break,Wed 17:00,Wed 18:00,2018
2018-06-14 20:45:00+00:00,2018-06-14 22:00:00+00:00,60.0,daily_break,Thu 17:00,Thu 18:00,2018
2018-06-15 20:45:00+00:00,2018-06-17 23:00:00+00:00,3000.0,weekend,Fri 17:00,Sun 19:00,2018
2018-06-18 20:45:00+00:00,2018-06-18 22:00:00+00:00,60.0,daily_break,Mon 17:00,Mon 18:00,2018
2018-06-19 20:45:00+00:00,2018-06-19 22:00:00+00:00,60.0,daily_break,Tue 17:00,Tue 18:00,2018
2018-06-20 20:45:00+00:00,2018-06-20 22:00:00+00:00,60.0,daily_break,Wed 17:00,Wed 18:00,2018
2018-06-21 20:45:00+00:00,2018-06-21 22:00:00+00:00,60.0,daily_break,Thu 17:00,Thu 18:00,2018
2018-06-22 20:45:00+00:00,2018-06-24 23:00:00+00:00,3000.0,weekend,Fri 17:00,Sun 19:00,2018
2018-06-25 20:45:00+00:00,2018-06-25 22:00:00+00:00,60.0,daily_break,Mon 17:00,Mon 18:00,2018
2018-06-26 20:45:00+00:00,2018-06-26 22:00:00+00:00,60.0,daily_break,Tue 17:00,Tue 18:00,2018
2018-06-27 20:45:00+00:00,2018-06-27 22:00:00+00:00,60.0,daily_break,Wed 17:00,Wed 18:00,2018
2018-06-28 20:45:00+00:00,2018-06-28 22:00:00+00:00,60.0,daily_break,Thu 17:00,Thu 18:00,2018
2018-06-29 20:45:00+00:00,2018-07-01 00:00:00+00:00,1620.0,UNEXPLAINED,Fri 17:00,Sat 20:00,2018
2018-07-01 00:00:00+00:00,2018-07-01 23:00:00+00:00,1365.0,UNEXPLAINED,Sat 20:15,Sun 19:00,2018
2018-07-02 20:45:00+00:00,2018-07-02 22:00:00+00:00,60.0,daily_break,Mon 17:00,Mon 18:00,2018
2018-07-03 20:45:00+00:00,2018-07-03 22:00:00+00:00,60.0,daily_break,Tue 17:00,Tue 18:00,2018
2018-07-04 17:00:00+00:00,2018-07-04 22:00:00+00:00,285.0,holiday/early_close,Wed 13:15,Wed 18:00,2018
2018-07-05 20:45:00+00:00,2018-07-05 22:00:00+00:00,60.0,daily_break,Thu 17:00,Thu 18:00,2018
2018-07-06 20:45:00+00:00,2018-07-08 00:00:00+00:00,1620.0,UNEXPLAINED,Fri 17:00,Sat 20:00,2018
2018-07-08 00:00:00+00:00,2018-07-08 23:00:00+00:00,1365.0,UNEXPLAINED,Sat 20:15,Sun 19:00,2018
2018-07-09 20:45:00+00:00,2018-07-09 22:00:00+00:00,60.0,daily_break,Mon 17:00,Mon 18:00,2018
2018-07-10 20:45:00+00:00,2018-07-10 22:00:00+00:00,60.0,daily_break,Tue 17:00,Tue 18:00,2018
2018-07-11 20:45:00+00:00,2018-07-11 22:00:00+00:00,60.0,daily_break,Wed 17:00,Wed 18:00,2018
2018-07-12 20:45:00+00:00,2018-07-12 22:00:00+00:00,60.0,daily_break,Thu 17:00,Thu 18:00,2018
2018-07-13 20:45:00+00:00,2018-07-15 00:00:00+00:00,1620.0,UNEXPLAINED,Fri 17:00,Sat 20:00,2018
2018-07-15 00:00:00+00:00,2018-07-15 23:00:00+00:00,1365.0,UNEXPLAINED,Sat 20:15,Sun 19:00,2018
2018-07-16 20:45:00+00:00,2018-07-16 22:00:00+00:00,60.0,daily_break,Mon 17:00,Mon 18:00,2018
2018-07-17 20:45:00+00:00,2018-07-17 22:00:00+00:00,60.0,daily_break,Tue 17:00,Tue 18:00,2018
2018-07-18 20:45:00+00:00,2018-07-18 22:00:00+00:00,60.0,daily_break,Wed 17:00,Wed 18:00,2018
2018-07-19 20:45:00+00:00,2018-07-19 22:00:00+00:00,60.0,daily_break,Thu 17:00,Thu 18:00,2018
2018-07-20 20:45:00+00:00,2018-07-22 00:00:00+00:00,1620.0,UNEXPLAINED,Fri 17:00,Sat 20:00,2018
2018-07-22 00:00:00+00:00,2018-07-22 23:00:00+00:00,1365.0,UNEXPLAINED,Sat 20:15,Sun 19:00,2018
2018-07-23 20:45:00+00:00,2018-07-23 22:00:00+00:00,60.0,daily_break,Mon 17:00,Mon 18:00,2018
2018-07-24 20:45:00+00:00,2018-07-24 22:00:00+00:00,60.0,daily_break,Tue 17:00,Tue 18:00,2018
2018-07-25 20:45:00+00:00,2018-07-25 22:00:00+00:00,60.0,daily_break,Wed 17:00,Wed 18:00,2018
2018-07-26 20:45:00+00:00,2018-07-26 22:00:00+00:00,60.0,daily_break,Thu 17:00,Thu 18:00,2018
2018-07-27 20:45:00+00:00,2018-07-29 00:00:00+00:00,1620.0,UNEXPLAINED,Fri 17:00,Sat 20:00,2018
2018-07-29 00:00:00+00:00,2018-07-29 23:00:00+00:00,1365.0,UNEXPLAINED,Sat 20:15,Sun 19:00,2018
2018-07-30 20:45:00+00:00,2018-07-30 22:00:00+00:00,60.0,daily_break,Mon 17:00,Mon 18:00,2018
2018-07-31 20:45:00+00:00,2018-07-31 22:00:00+00:00,60.0,daily_break,Tue 17:00,Tue 18:00,2018
2018-08-01 20:45:00+00:00,2018-08-01 22:00:00+00:00,60.0,daily_break,Wed 17:00,Wed 18:00,2018
2018-08-02 20:45:00+00:00,2018-08-02 22:00:00+00:00,60.0,daily_break,Thu 17:00,Thu 18:00,2018
2018-08-03 20:45:00+00:00,2018-08-05 00:00:00+00:00,1620.0,UNEXPLAINED,Fri 17:00,Sat 20:00,2018
2018-08-05 00:00:00+00:00,2018-08-05 23:00:00+00:00,1365.0,UNEXPLAINED,Sat 20:15,Sun 19:00,2018
2018-08-06 20:45:00+00:00,2018-08-06 22:00:00+00:00,60.0,daily_break,Mon 17:00,Mon 18:00,2018
2018-08-07 20:45:00+00:00,2018-08-07 22:00:00+00:00,60.0,daily_break,Tue 17:00,Tue 18:00,2018
2018-08-08 20:45:00+00:00,2018-08-08 22:00:00+00:00,60.0,daily_break,Wed 17:00,Wed 18:00,2018
2018-08-09 20:45:00+00:00,2018-08-09 22:00:00+00:00,60.0,daily_break,Thu 17:00,Thu 18:00,2018
2018-08-10 20:45:00+00:00,2018-08-12 00:00:00+00:00,1620.0,UNEXPLAINED,Fri 17:00,Sat 20:00,2018
2018-08-12 00:00:00+00:00,2018-08-12 23:00:00+00:00,1365.0,UNEXPLAINED,Sat 20:15,Sun 19:00,2018
2018-08-13 20:45:00+00:00,2018-08-13 22:00:00+00:00,60.0,daily_break,Mon 17:00,Mon 18:00,2018
2018-08-14 20:45:00+00:00,2018-08-14 22:00:00+00:00,60.0,daily_break,Tue 17:00,Tue 18:00,2018
2018-08-15 20:45:00+00:00,2018-08-15 22:00:00+00:00,60.0,daily_break,Wed 17:00,Wed 18:00,2018
2018-08-16 08:45:00+00:00,2018-08-16 09:30:00+00:00,30.0,UNEXPLAINED,Thu 05:00,Thu 05:30,2018
2018-08-16 20:45:00+00:00,2018-08-16 22:00:00+00:00,60.0,daily_break,Thu 17:00,Thu 18:00,2018
2018-08-17 20:45:00+00:00,2018-08-19 00:00:00+00:00,1620.0,UNEXPLAINED,Fri 17:00,Sat 20:00,2018
2018-08-19 00:00:00+00:00,2018-08-19 23:00:00+00:00,1365.0,UNEXPLAINED,Sat 20:15,Sun 19:00,2018
2018-08-20 20:45:00+00:00,2018-08-20 22:00:00+00:00,60.0,daily_break,Mon 17:00,Mon 18:00,2018
2018-08-21 20:45:00+00:00,2018-08-21 22:00:00+00:00,60.0,daily_break,Tue 17:00,Tue 18:00,2018
2018-08-22 20:45:00+00:00,2018-08-22 22:00:00+00:00,60.0,daily_break,Wed 17:00,Wed 18:00,2018
2018-08-23 20:45:00+00:00,2018-08-23 22:00:00+00:00,60.0,daily_break,Thu 17:00,Thu 18:00,2018
2018-08-24 20:45:00+00:00,2018-08-26 00:00:00+00:00,1620.0,UNEXPLAINED,Fri 17:00,Sat 20:00,2018
2018-08-26 00:00:00+00:00,2018-08-26 23:00:00+00:00,1365.0,UNEXPLAINED,Sat 20:15,Sun 19:00,2018
2018-08-27 02:15:00+00:00,2018-08-27 05:30:00+00:00,180.0,UNEXPLAINED,Sun 22:30,Mon 01:30,2018
2018-08-27 09:30:00+00:00,2018-08-27 10:45:00+00:00,60.0,UNEXPLAINED,Mon 05:45,Mon 06:45,2018
2018-08-27 20:45:00+00:00,2018-08-27 22:00:00+00:00,60.0,daily_break,Mon 17:00,Mon 18:00,2018
2018-08-28 20:45:00+00:00,2018-08-28 22:00:00+00:00,60.0,daily_break,Tue 17:00,Tue 18:00,2018
2018-08-29 20:45:00+00:00,2018-08-29 22:00:00+00:00,60.0,daily_break,Wed 17:00,Wed 18:00,2018
2018-08-30 20:45:00+00:00,2018-08-30 22:00:00+00:00,60.0,daily_break,Thu 17:00,Thu 18:00,2018
2018-08-31 20:45:00+00:00,2018-09-02 00:00:00+00:00,1620.0,UNEXPLAINED,Fri 17:00,Sat 20:00,2018
2018-09-02 00:00:00+00:00,2018-09-02 23:00:00+00:00,1365.0,UNEXPLAINED,Sat 20:15,Sun 19:00,2018
2018-09-03 09:30:00+00:00,2018-09-03 11:00:00+00:00,75.0,holiday/early_close,Mon 05:45,Mon 07:00,2018
2018-09-03 17:00:00+00:00,2018-09-03 22:00:00+00:00,285.0,holiday/early_close,Mon 13:15,Mon 18:00,2018
2018-09-04 20:45:00+00:00,2018-09-04 22:00:00+00:00,60.0,daily_break,Tue 17:00,Tue 18:00,2018
2018-09-05 20:45:00+00:00,2018-09-05 22:00:00+00:00,60.0,daily_break,Wed 17:00,Wed 18:00,2018
2018-09-06 20:45:00+00:00,2018-09-06 22:00:00+00:00,60.0,daily_break,Thu 17:00,Thu 18:00,2018
2018-09-07 20:45:00+00:00,2018-09-09 00:00:00+00:00,1620.0,UNEXPLAINED,Fri 17:00,Sat 20:00,2018
2018-09-09 00:00:00+00:00,2018-09-09 23:00:00+00:00,1365.0,UNEXPLAINED,Sat 20:15,Sun 19:00,2018
2018-09-10 20:45:00+00:00,2018-09-10 22:00:00+00:00,60.0,daily_break,Mon 17:00,Mon 18:00,2018
2018-09-11 20:45:00+00:00,2018-09-11 22:00:00+00:00,60.0,daily_break,Tue 17:00,Tue 18:00,2018
2018-09-12 20:45:00+00:00,2018-09-12 22:00:00+00:00,60.0,daily_break,Wed 17:00,Wed 18:00,2018
2018-09-13 20:45:00+00:00,2018-09-13 22:00:00+00:00,60.0,daily_break,Thu 17:00,Thu 18:00,2018
2018-09-14 20:45:00+00:00,2018-09-16 00:00:00+00:00,1620.0,UNEXPLAINED,Fri 17:00,Sat 20:00,2018
2018-09-16 00:00:00+00:00,2018-09-16 23:00:00+00:00,1365.0,UNEXPLAINED,Sat 20:15,Sun 19:00,2018
2018-09-17 20:45:00+00:00,2018-09-17 22:00:00+00:00,60.0,daily_break,Mon 17:00,Mon 18:00,2018
2018-09-18 20:45:00+00:00,2018-09-18 22:00:00+00:00,60.0,daily_break,Tue 17:00,Tue 18:00,2018
2018-09-19 20:45:00+00:00,2018-09-19 22:00:00+00:00,60.0,daily_break,Wed 17:00,Wed 18:00,2018
2018-09-20 20:30:00+00:00,2018-09-20 22:00:00+00:00,75.0,daily_break_variant,Thu 16:45,Thu 18:00,2018
2018-09-21 20:45:00+00:00,2018-09-23 00:00:00+00:00,1620.0,UNEXPLAINED,Fri 17:00,Sat 20:00,2018
2018-09-23 00:00:00+00:00,2018-09-23 23:00:00+00:00,1365.0,UNEXPLAINED,Sat 20:15,Sun 19:00,2018
2018-09-24 20:45:00+00:00,2018-09-24 22:00:00+00:00,60.0,daily_break,Mon 17:00,Mon 18:00,2018
2018-09-25 20:45:00+00:00,2018-09-25 22:00:00+00:00,60.0,daily_break,Tue 17:00,Tue 18:00,2018
2018-09-26 20:45:00+00:00,2018-09-26 22:00:00+00:00,60.0,daily_break,Wed 17:00,Wed 18:00,2018
2018-09-27 20:45:00+00:00,2018-09-27 22:00:00+00:00,60.0,daily_break,Thu 17:00,Thu 18:00,2018
2018-09-28 20:45:00+00:00,2018-09-30 00:00:00+00:00,1620.0,UNEXPLAINED,Fri 17:00,Sat 20:00,2018
2018-09-30 00:00:00+00:00,2018-09-30 23:00:00+00:00,1365.0,UNEXPLAINED,Sat 20:15,Sun 19:00,2018
2018-10-01 20:45:00+00:00,2018-10-01 22:00:00+00:00,60.0,daily_break,Mon 17:00,Mon 18:00,2018
2018-10-02 20:45:00+00:00,2018-10-02 22:00:00+00:00,60.0,daily_break,Tue 17:00,Tue 18:00,2018
2018-10-03 20:45:00+00:00,2018-10-03 22:00:00+00:00,60.0,daily_break,Wed 17:00,Wed 18:00,2018
2018-10-04 20:45:00+00:00,2018-10-04 22:00:00+00:00,60.0,daily_break,Thu 17:00,Thu 18:00,2018
2018-10-05 20:45:00+00:00,2018-10-07 00:00:00+00:00,1620.0,UNEXPLAINED,Fri 17:00,Sat 20:00,2018
2018-10-07 00:00:00+00:00,2018-10-07 23:00:00+00:00,1365.0,UNEXPLAINED,Sat 20:15,Sun 19:00,2018
2018-10-08 20:45:00+00:00,2018-10-08 22:00:00+00:00,60.0,daily_break,Mon 17:00,Mon 18:00,2018
2018-10-09 20:45:00+00:00,2018-10-09 22:00:00+00:00,60.0,daily_break,Tue 17:00,Tue 18:00,2018
2018-10-10 20:45:00+00:00,2018-10-10 22:00:00+00:00,60.0,daily_break,Wed 17:00,Wed 18:00,2018
2018-10-11 20:45:00+00:00,2018-10-11 22:00:00+00:00,60.0,daily_break,Thu 17:00,Thu 18:00,2018
2018-10-12 20:45:00+00:00,2018-10-14 00:00:00+00:00,1620.0,UNEXPLAINED,Fri 17:00,Sat 20:00,2018
2018-10-14 00:00:00+00:00,2018-10-14 23:00:00+00:00,1365.0,UNEXPLAINED,Sat 20:15,Sun 19:00,2018
2018-10-15 20:45:00+00:00,2018-10-15 22:00:00+00:00,60.0,daily_break,Mon 17:00,Mon 18:00,2018
2018-10-16 20:45:00+00:00,2018-10-16 22:00:00+00:00,60.0,daily_break,Tue 17:00,Tue 18:00,2018
2018-10-17 20:45:00+00:00,2018-10-17 22:00:00+00:00,60.0,daily_break,Wed 17:00,Wed 18:00,2018
2018-10-18 20:45:00+00:00,2018-10-18 22:00:00+00:00,60.0,daily_break,Thu 17:00,Thu 18:00,2018
2018-10-19 20:45:00+00:00,2018-10-21 00:00:00+00:00,1620.0,UNEXPLAINED,Fri 17:00,Sat 20:00,2018
2018-10-21 00:00:00+00:00,2018-10-21 22:00:00+00:00,1305.0,UNEXPLAINED,Sat 20:15,Sun 18:00,2018
2018-10-22 20:45:00+00:00,2018-10-22 22:00:00+00:00,60.0,daily_break,Mon 17:00,Mon 18:00,2018
2018-10-23 20:45:00+00:00,2018-10-23 22:00:00+00:00,60.0,daily_break,Tue 17:00,Tue 18:00,2018
2018-10-24 20:45:00+00:00,2018-10-24 22:00:00+00:00,60.0,daily_break,Wed 17:00,Wed 18:00,2018
2018-10-25 20:45:00+00:00,2018-10-25 22:00:00+00:00,60.0,daily_break,Thu 17:00,Thu 18:00,2018
2018-10-26 20:45:00+00:00,2018-10-28 00:00:00+00:00,1620.0,UNEXPLAINED,Fri 17:00,Sat 20:00,2018
2018-10-28 00:00:00+00:00,2018-10-28 23:00:00+00:00,1365.0,UNEXPLAINED,Sat 20:15,Sun 19:00,2018
2018-10-29 20:45:00+00:00,2018-10-29 22:00:00+00:00,60.0,daily_break,Mon 17:00,Mon 18:00,2018
2018-10-30 20:45:00+00:00,2018-10-30 22:00:00+00:00,60.0,daily_break,Tue 17:00,Tue 18:00,2018
2018-10-31 20:45:00+00:00,2018-10-31 22:00:00+00:00,60.0,daily_break,Wed 17:00,Wed 18:00,2018
2018-11-01 20:45:00+00:00,2018-11-01 22:00:00+00:00,60.0,daily_break,Thu 17:00,Thu 18:00,2018
2018-11-02 20:45:00+00:00,2018-11-04 00:00:00+00:00,1620.0,UNEXPLAINED,Fri 17:00,Sat 20:00,2018
2018-11-04 00:00:00+00:00,2018-11-04 23:00:00+00:00,1365.0,UNEXPLAINED,Sat 20:15,Sun 18:00,2018
2018-11-05 21:45:00+00:00,2018-11-05 23:00:00+00:00,60.0,daily_break,Mon 17:00,Mon 18:00,2018
2018-11-06 21:45:00+00:00,2018-11-06 23:00:00+00:00,60.0,daily_break,Tue 17:00,Tue 18:00,2018
2018-11-07 21:45:00+00:00,2018-11-07 23:00:00+00:00,60.0,daily_break,Wed 17:00,Wed 18:00,2018
2018-11-08 21:45:00+00:00,2018-11-08 23:00:00+00:00,60.0,daily_break,Thu 17:00,Thu 18:00,2018
2018-11-09 21:45:00+00:00,2018-11-11 00:00:00+00:00,1560.0,UNEXPLAINED,Fri 17:00,Sat 19:00,2018
2018-11-11 00:00:00+00:00,2018-11-11 23:00:00+00:00,1365.0,UNEXPLAINED,Sat 19:15,Sun 18:00,2018
2018-11-12 21:45:00+00:00,2018-11-12 23:00:00+00:00,60.0,daily_break,Mon 17:00,Mon 18:00,2018
2018-11-13 21:45:00+00:00,2018-11-13 23:00:00+00:00,60.0,daily_break,Tue 17:00,Tue 18:00,2018
2018-11-14 21:45:00+00:00,2018-11-14 23:00:00+00:00,60.0,daily_break,Wed 17:00,Wed 18:00,2018
2018-11-15 21:45:00+00:00,2018-11-15 23:00:00+00:00,60.0,daily_break,Thu 17:00,Thu 18:00,2018
2018-11-16 21:45:00+00:00,2018-11-18 00:00:00+00:00,1560.0,UNEXPLAINED,Fri 17:00,Sat 19:00,2018
2018-11-18 00:00:00+00:00,2018-11-18 23:00:00+00:00,1365.0,UNEXPLAINED,Sat 19:15,Sun 18:00,2018
2018-11-19 21:45:00+00:00,2018-11-19 23:00:00+00:00,60.0,daily_break,Mon 17:00,Mon 18:00,2018
2018-11-20 21:45:00+00:00,2018-11-20 23:00:00+00:00,60.0,daily_break,Tue 17:00,Tue 18:00,2018
2018-11-21 21:45:00+00:00,2018-11-21 23:00:00+00:00,60.0,daily_break,Wed 17:00,Wed 18:00,2018
2018-11-22 18:00:00+00:00,2018-11-22 23:00:00+00:00,285.0,holiday/early_close,Thu 13:15,Thu 18:00,2018
2018-11-23 18:45:00+00:00,2018-11-25 00:00:00+00:00,1740.0,holiday/early_close,Fri 14:00,Sat 19:00,2018
2018-11-25 00:00:00+00:00,2018-11-25 23:00:00+00:00,1365.0,UNEXPLAINED,Sat 19:15,Sun 18:00,2018
2018-11-26 21:45:00+00:00,2018-11-26 23:00:00+00:00,60.0,daily_break,Mon 17:00,Mon 18:00,2018
2018-11-27 21:45:00+00:00,2018-11-27 23:00:00+00:00,60.0,daily_break,Tue 17:00,Tue 18:00,2018
2018-11-28 21:45:00+00:00,2018-11-28 23:00:00+00:00,60.0,daily_break,Wed 17:00,Wed 18:00,2018
2018-11-29 21:45:00+00:00,2018-11-29 23:00:00+00:00,60.0,daily_break,Thu 17:00,Thu 18:00,2018
2018-11-30 21:45:00+00:00,2018-12-02 00:00:00+00:00,1560.0,UNEXPLAINED,Fri 17:00,Sat 19:00,2018
2018-12-02 00:00:00+00:00,2018-12-02 23:00:00+00:00,1365.0,UNEXPLAINED,Sat 19:15,Sun 18:00,2018
2018-12-03 21:45:00+00:00,2018-12-03 23:00:00+00:00,60.0,daily_break,Mon 17:00,Mon 18:00,2018
2018-12-04 21:45:00+00:00,2018-12-04 23:00:00+00:00,60.0,daily_break,Tue 17:00,Tue 18:00,2018
2018-12-05 21:45:00+00:00,2018-12-05 23:00:00+00:00,60.0,daily_break,Wed 17:00,Wed 18:00,2018
2018-12-06 21:45:00+00:00,2018-12-06 23:00:00+00:00,60.0,daily_break,Thu 17:00,Thu 18:00,2018
2018-12-07 21:45:00+00:00,2018-12-09 00:00:00+00:00,1560.0,UNEXPLAINED,Fri 17:00,Sat 19:00,2018
2018-12-09 00:00:00+00:00,2018-12-09 23:00:00+00:00,1365.0,UNEXPLAINED,Sat 19:15,Sun 18:00,2018
2018-12-10 21:45:00+00:00,2018-12-10 23:00:00+00:00,60.0,daily_break,Mon 17:00,Mon 18:00,2018
2018-12-11 21:45:00+00:00,2018-12-11 23:00:00+00:00,60.0,daily_break,Tue 17:00,Tue 18:00,2018
2018-12-12 21:45:00+00:00,2018-12-12 23:00:00+00:00,60.0,daily_break,Wed 17:00,Wed 18:00,2018
2018-12-13 21:45:00+00:00,2018-12-13 23:00:00+00:00,60.0,daily_break,Thu 17:00,Thu 18:00,2018
2018-12-14 21:45:00+00:00,2018-12-16 00:00:00+00:00,1560.0,UNEXPLAINED,Fri 17:00,Sat 19:00,2018
2018-12-16 00:00:00+00:00,2018-12-16 23:00:00+00:00,1365.0,UNEXPLAINED,Sat 19:15,Sun 18:00,2018
2018-12-17 21:45:00+00:00,2018-12-17 23:00:00+00:00,60.0,daily_break,Mon 17:00,Mon 18:00,2018
2018-12-18 21:45:00+00:00,2018-12-18 23:00:00+00:00,60.0,daily_break,Tue 17:00,Tue 18:00,2018
2018-12-19 21:45:00+00:00,2018-12-19 23:00:00+00:00,60.0,daily_break,Wed 17:00,Wed 18:00,2018
2018-12-20 21:45:00+00:00,2018-12-20 23:00:00+00:00,60.0,daily_break,Thu 17:00,Thu 18:00,2018
2018-12-21 21:45:00+00:00,2018-12-23 00:00:00+00:00,1560.0,UNEXPLAINED,Fri 17:00,Sat 19:00,2018
2018-12-23 00:00:00+00:00,2018-12-23 23:00:00+00:00,1365.0,UNEXPLAINED,Sat 19:15,Sun 18:00,2018
2018-12-24 17:45:00+00:00,2018-12-26 00:00:00+00:00,1800.0,holiday/early_close,Mon 13:00,Tue 19:00,2018
2018-12-26 00:00:00+00:00,2018-12-26 07:00:00+00:00,405.0,holiday/early_close,Tue 19:15,Wed 02:00,2018
2018-12-26 21:45:00+00:00,2018-12-26 23:00:00+00:00,60.0,daily_break,Wed 17:00,Wed 18:00,2018
2018-12-27 21:45:00+00:00,2018-12-27 23:00:00+00:00,60.0,daily_break,Thu 17:00,Thu 18:00,2018
2018-12-28 21:45:00+00:00,2018-12-30 00:00:00+00:00,1560.0,UNEXPLAINED,Fri 17:00,Sat 19:00,2018
2018-12-30 00:00:00+00:00,2018-12-30 23:00:00+00:00,1365.0,UNEXPLAINED,Sat 19:15,Sun 18:00,2018
2018-12-31 21:45:00+00:00,2019-01-02 00:00:00+00:00,1560.0,holiday/early_close,Mon 17:00,Tue 19:00,2018
2019-01-02 21:45:00+00:00,2019-01-02 23:00:00+00:00,60.0,daily_break,Wed 17:00,Wed 18:00,2019
2019-01-03 21:45:00+00:00,2019-01-03 23:00:00+00:00,60.0,daily_break,Thu 17:00,Thu 18:00,2019
2019-01-04 21:45:00+00:00,2019-01-06 00:00:00+00:00,1560.0,UNEXPLAINED,Fri 17:00,Sat 19:00,2019
2019-01-06 00:00:00+00:00,2019-01-06 23:00:00+00:00,1365.0,UNEXPLAINED,Sat 19:15,Sun 18:00,2019
2019-01-07 21:45:00+00:00,2019-01-07 23:00:00+00:00,60.0,daily_break,Mon 17:00,Mon 18:00,2019
2019-01-08 21:45:00+00:00,2019-01-08 23:00:00+00:00,60.0,daily_break,Tue 17:00,Tue 18:00,2019
2019-01-09 21:45:00+00:00,2019-01-09 23:00:00+00:00,60.0,daily_break,Wed 17:00,Wed 18:00,2019
2019-01-10 21:45:00+00:00,2019-01-10 23:00:00+00:00,60.0,daily_break,Thu 17:00,Thu 18:00,2019
2019-01-11 21:45:00+00:00,2019-01-13 00:00:00+00:00,1560.0,UNEXPLAINED,Fri 17:00,Sat 19:00,2019
2019-01-13 00:00:00+00:00,2019-01-13 23:00:00+00:00,1365.0,UNEXPLAINED,Sat 19:15,Sun 18:00,2019
2019-01-14 21:45:00+00:00,2019-01-14 23:00:00+00:00,60.0,daily_break,Mon 17:00,Mon 18:00,2019
2019-01-15 21:45:00+00:00,2019-01-15 23:00:00+00:00,60.0,daily_break,Tue 17:00,Tue 18:00,2019
2019-01-16 21:45:00+00:00,2019-01-16 23:00:00+00:00,60.0,daily_break,Wed 17:00,Wed 18:00,2019
2019-01-17 21:45:00+00:00,2019-01-17 23:00:00+00:00,60.0,daily_break,Thu 17:00,Thu 18:00,2019
2019-01-18 21:45:00+00:00,2019-01-20 00:00:00+00:00,1560.0,UNEXPLAINED,Fri 17:00,Sat 19:00,2019
2019-01-20 00:00:00+00:00,2019-01-20 23:00:00+00:00,1365.0,UNEXPLAINED,Sat 19:15,Sun 18:00,2019
2019-01-21 17:45:00+00:00,2019-01-21 23:00:00+00:00,300.0,holiday/early_close,Mon 13:00,Mon 18:00,2019
2019-01-22 21:45:00+00:00,2019-01-22 23:00:00+00:00,60.0,daily_break,Tue 17:00,Tue 18:00,2019
2019-01-23 21:45:00+00:00,2019-01-23 23:00:00+00:00,60.0,daily_break,Wed 17:00,Wed 18:00,2019
2019-01-24 21:45:00+00:00,2019-01-24 23:00:00+00:00,60.0,daily_break,Thu 17:00,Thu 18:00,2019
2019-01-25 21:45:00+00:00,2019-01-27 00:00:00+00:00,1560.0,UNEXPLAINED,Fri 17:00,Sat 19:00,2019
2019-01-27 00:00:00+00:00,2019-01-27 23:00:00+00:00,1365.0,UNEXPLAINED,Sat 19:15,Sun 18:00,2019
2019-01-28 21:45:00+00:00,2019-01-28 23:00:00+00:00,60.0,daily_break,Mon 17:00,Mon 18:00,2019
2019-01-29 21:45:00+00:00,2019-01-29 23:00:00+00:00,60.0,daily_break,Tue 17:00,Tue 18:00,2019
2019-01-30 21:45:00+00:00,2019-01-30 23:00:00+00:00,60.0,daily_break,Wed 17:00,Wed 18:00,2019
2019-01-31 21:45:00+00:00,2019-01-31 23:00:00+00:00,60.0,daily_break,Thu 17:00,Thu 18:00,2019
2019-02-01 21:45:00+00:00,2019-02-03 00:00:00+00:00,1560.0,UNEXPLAINED,Fri 17:00,Sat 19:00,2019
2019-02-03 00:00:00+00:00,2019-02-03 23:00:00+00:00,1365.0,UNEXPLAINED,Sat 19:15,Sun 18:00,2019
2019-02-04 21:45:00+00:00,2019-02-04 23:00:00+00:00,60.0,daily_break,Mon 17:00,Mon 18:00,2019
2019-02-05 21:45:00+00:00,2019-02-05 23:00:00+00:00,60.0,daily_break,Tue 17:00,Tue 18:00,2019
2019-02-06 21:45:00+00:00,2019-02-06 23:00:00+00:00,60.0,daily_break,Wed 17:00,Wed 18:00,2019
2019-02-07 21:45:00+00:00,2019-02-07 23:00:00+00:00,60.0,daily_break,Thu 17:00,Thu 18:00,2019
2019-02-08 21:45:00+00:00,2019-02-10 00:00:00+00:00,1560.0,UNEXPLAINED,Fri 17:00,Sat 19:00,2019
2019-02-10 00:00:00+00:00,2019-02-10 23:00:00+00:00,1365.0,UNEXPLAINED,Sat 19:15,Sun 18:00,2019
2019-02-11 21:45:00+00:00,2019-02-11 23:00:00+00:00,60.0,daily_break,Mon 17:00,Mon 18:00,2019
2019-02-12 21:45:00+00:00,2019-02-12 23:00:00+00:00,60.0,daily_break,Tue 17:00,Tue 18:00,2019
2019-02-13 21:45:00+00:00,2019-02-13 23:00:00+00:00,60.0,daily_break,Wed 17:00,Wed 18:00,2019
2019-02-14 21:45:00+00:00,2019-02-14 23:00:00+00:00,60.0,daily_break,Thu 17:00,Thu 18:00,2019
2019-02-15 21:45:00+00:00,2019-02-17 00:00:00+00:00,1560.0,UNEXPLAINED,Fri 17:00,Sat 19:00,2019
2019-02-17 00:00:00+00:00,2019-02-17 23:00:00+00:00,1365.0,UNEXPLAINED,Sat 19:15,Sun 18:00,2019
2019-02-18 17:45:00+00:00,2019-02-18 23:00:00+00:00,300.0,holiday/early_close,Mon 13:00,Mon 18:00,2019
2019-02-19 21:45:00+00:00,2019-02-19 23:00:00+00:00,60.0,daily_break,Tue 17:00,Tue 18:00,2019
2019-02-20 21:45:00+00:00,2019-02-20 23:00:00+00:00,60.0,daily_break,Wed 17:00,Wed 18:00,2019
2019-02-21 21:45:00+00:00,2019-02-21 23:00:00+00:00,60.0,daily_break,Thu 17:00,Thu 18:00,2019
2019-02-22 21:45:00+00:00,2019-02-24 00:00:00+00:00,1560.0,UNEXPLAINED,Fri 17:00,Sat 19:00,2019
2019-02-24 00:00:00+00:00,2019-02-24 23:00:00+00:00,1365.0,UNEXPLAINED,Sat 19:15,Sun 18:00,2019
2019-02-25 21:45:00+00:00,2019-02-25 23:00:00+00:00,60.0,daily_break,Mon 17:00,Mon 18:00,2019
2019-02-26 21:45:00+00:00,2019-02-26 23:00:00+00:00,60.0,daily_break,Tue 17:00,Tue 18:00,2019
2019-02-27 21:45:00+00:00,2019-02-27 23:00:00+00:00,60.0,daily_break,Wed 17:00,Wed 18:00,2019
2019-02-28 21:45:00+00:00,2019-02-28 23:00:00+00:00,60.0,daily_break,Thu 17:00,Thu 18:00,2019
2019-03-01 21:45:00+00:00,2019-03-03 00:00:00+00:00,1560.0,UNEXPLAINED,Fri 17:00,Sat 19:00,2019
2019-03-03 00:00:00+00:00,2019-03-03 23:00:00+00:00,1365.0,UNEXPLAINED,Sat 19:15,Sun 18:00,2019
2019-03-04 21:45:00+00:00,2019-03-04 23:00:00+00:00,60.0,daily_break,Mon 17:00,Mon 18:00,2019
2019-03-05 21:45:00+00:00,2019-03-05 23:00:00+00:00,60.0,daily_break,Tue 17:00,Tue 18:00,2019
2019-03-06 21:45:00+00:00,2019-03-06 23:00:00+00:00,60.0,daily_break,Wed 17:00,Wed 18:00,2019
2019-03-07 21:45:00+00:00,2019-03-07 23:00:00+00:00,60.0,daily_break,Thu 17:00,Thu 18:00,2019
2019-03-08 21:45:00+00:00,2019-03-10 00:00:00+00:00,1560.0,UNEXPLAINED,Fri 17:00,Sat 19:00,2019
2019-03-10 00:00:00+00:00,2019-03-10 23:00:00+00:00,1365.0,UNEXPLAINED,Sat 19:15,Sun 19:00,2019
2019-03-11 20:45:00+00:00,2019-03-11 23:00:00+00:00,120.0,daily_break_variant,Mon 17:00,Mon 19:00,2019
2019-03-12 20:45:00+00:00,2019-03-12 23:00:00+00:00,120.0,daily_break_variant,Tue 17:00,Tue 19:00,2019
2019-03-13 20:45:00+00:00,2019-03-13 23:00:00+00:00,120.0,daily_break_variant,Wed 17:00,Wed 19:00,2019
2019-03-14 20:45:00+00:00,2019-03-14 22:00:00+00:00,60.0,daily_break,Thu 17:00,Thu 18:00,2019
2019-03-15 20:45:00+00:00,2019-03-17 00:00:00+00:00,1620.0,UNEXPLAINED,Fri 17:00,Sat 20:00,2019
2019-03-17 00:00:00+00:00,2019-03-17 22:00:00+00:00,1305.0,UNEXPLAINED,Sat 20:15,Sun 18:00,2019
2019-03-18 20:45:00+00:00,2019-03-18 22:00:00+00:00,60.0,daily_break,Mon 17:00,Mon 18:00,2019
2019-03-19 20:45:00+00:00,2019-03-19 22:00:00+00:00,60.0,daily_break,Tue 17:00,Tue 18:00,2019
2019-03-20 20:45:00+00:00,2019-03-20 22:00:00+00:00,60.0,daily_break,Wed 17:00,Wed 18:00,2019
2019-03-21 20:45:00+00:00,2019-03-21 22:00:00+00:00,60.0,daily_break,Thu 17:00,Thu 18:00,2019
2019-03-22 20:45:00+00:00,2019-03-24 00:00:00+00:00,1620.0,UNEXPLAINED,Fri 17:00,Sat 20:00,2019
2019-03-24 00:00:00+00:00,2019-03-24 22:00:00+00:00,1305.0,UNEXPLAINED,Sat 20:15,Sun 18:00,2019
2019-03-25 20:45:00+00:00,2019-03-25 22:00:00+00:00,60.0,daily_break,Mon 17:00,Mon 18:00,2019
2019-03-26 20:45:00+00:00,2019-03-26 22:00:00+00:00,60.0,daily_break,Tue 17:00,Tue 18:00,2019
2019-03-27 20:45:00+00:00,2019-03-27 22:00:00+00:00,60.0,daily_break,Wed 17:00,Wed 18:00,2019
2019-03-28 20:45:00+00:00,2019-03-28 22:00:00+00:00,60.0,daily_break,Thu 17:00,Thu 18:00,2019
2019-03-29 20:45:00+00:00,2019-03-31 00:00:00+00:00,1620.0,UNEXPLAINED,Fri 17:00,Sat 20:00,2019
2019-03-31 00:00:00+00:00,2019-03-31 22:00:00+00:00,1305.0,UNEXPLAINED,Sat 20:15,Sun 18:00,2019
2019-04-01 20:45:00+00:00,2019-04-01 22:00:00+00:00,60.0,daily_break,Mon 17:00,Mon 18:00,2019
2019-04-02 20:45:00+00:00,2019-04-02 22:00:00+00:00,60.0,daily_break,Tue 17:00,Tue 18:00,2019
2019-04-03 20:45:00+00:00,2019-04-03 22:00:00+00:00,60.0,daily_break,Wed 17:00,Wed 18:00,2019
2019-04-04 20:45:00+00:00,2019-04-04 22:00:00+00:00,60.0,daily_break,Thu 17:00,Thu 18:00,2019
2019-04-05 20:45:00+00:00,2019-04-07 00:00:00+00:00,1620.0,UNEXPLAINED,Fri 17:00,Sat 20:00,2019
2019-04-07 00:00:00+00:00,2019-04-07 22:00:00+00:00,1305.0,UNEXPLAINED,Sat 20:15,Sun 18:00,2019
2019-04-08 20:45:00+00:00,2019-04-08 22:00:00+00:00,60.0,daily_break,Mon 17:00,Mon 18:00,2019
2019-04-09 20:45:00+00:00,2019-04-09 22:00:00+00:00,60.0,daily_break,Tue 17:00,Tue 18:00,2019
2019-04-10 20:45:00+00:00,2019-04-10 22:00:00+00:00,60.0,daily_break,Wed 17:00,Wed 18:00,2019
2019-04-11 20:45:00+00:00,2019-04-11 22:00:00+00:00,60.0,daily_break,Thu 17:00,Thu 18:00,2019
2019-04-12 20:45:00+00:00,2019-04-14 00:00:00+00:00,1620.0,UNEXPLAINED,Fri 17:00,Sat 20:00,2019
2019-04-14 00:00:00+00:00,2019-04-14 22:00:00+00:00,1305.0,UNEXPLAINED,Sat 20:15,Sun 18:00,2019
2019-04-15 20:45:00+00:00,2019-04-15 22:00:00+00:00,60.0,daily_break,Mon 17:00,Mon 18:00,2019
2019-04-16 20:45:00+00:00,2019-04-16 22:00:00+00:00,60.0,daily_break,Tue 17:00,Tue 18:00,2019
2019-04-17 20:45:00+00:00,2019-04-17 22:00:00+00:00,60.0,daily_break,Wed 17:00,Wed 18:00,2019
2019-04-18 20:45:00+00:00,2019-04-22 00:00:00+00:00,4500.0,holiday/early_close,Thu 17:00,Sun 20:00,2019
2019-04-22 20:45:00+00:00,2019-04-22 22:00:00+00:00,60.0,daily_break,Mon 17:00,Mon 18:00,2019
2019-04-23 20:45:00+00:00,2019-04-23 22:00:00+00:00,60.0,daily_break,Tue 17:00,Tue 18:00,2019
2019-04-24 20:45:00+00:00,2019-04-24 22:00:00+00:00,60.0,daily_break,Wed 17:00,Wed 18:00,2019
2019-04-25 20:45:00+00:00,2019-04-25 22:00:00+00:00,60.0,daily_break,Thu 17:00,Thu 18:00,2019
2019-04-26 20:45:00+00:00,2019-04-28 00:00:00+00:00,1620.0,UNEXPLAINED,Fri 17:00,Sat 20:00,2019
2019-04-28 00:00:00+00:00,2019-04-28 22:00:00+00:00,1305.0,UNEXPLAINED,Sat 20:15,Sun 18:00,2019
2019-04-29 20:45:00+00:00,2019-04-29 22:00:00+00:00,60.0,daily_break,Mon 17:00,Mon 18:00,2019
2019-04-30 20:45:00+00:00,2019-04-30 22:00:00+00:00,60.0,daily_break,Tue 17:00,Tue 18:00,2019
2019-05-01 20:45:00+00:00,2019-05-01 22:00:00+00:00,60.0,daily_break,Wed 17:00,Wed 18:00,2019
2019-05-02 20:45:00+00:00,2019-05-02 22:00:00+00:00,60.0,daily_break,Thu 17:00,Thu 18:00,2019
2019-05-03 20:45:00+00:00,2019-05-05 00:00:00+00:00,1620.0,UNEXPLAINED,Fri 17:00,Sat 20:00,2019
2019-05-05 00:00:00+00:00,2019-05-05 22:00:00+00:00,1305.0,UNEXPLAINED,Sat 20:15,Sun 18:00,2019
2019-05-06 20:45:00+00:00,2019-05-06 22:00:00+00:00,60.0,daily_break,Mon 17:00,Mon 18:00,2019
2019-05-07 20:45:00+00:00,2019-05-07 22:00:00+00:00,60.0,daily_break,Tue 17:00,Tue 18:00,2019
2019-05-08 20:45:00+00:00,2019-05-08 22:00:00+00:00,60.0,daily_break,Wed 17:00,Wed 18:00,2019
2019-05-09 20:45:00+00:00,2019-05-09 22:00:00+00:00,60.0,daily_break,Thu 17:00,Thu 18:00,2019
2019-05-10 20:45:00+00:00,2019-05-12 00:00:00+00:00,1620.0,UNEXPLAINED,Fri 17:00,Sat 20:00,2019
2019-05-12 00:00:00+00:00,2019-05-12 22:00:00+00:00,1305.0,UNEXPLAINED,Sat 20:15,Sun 18:00,2019
2019-05-13 20:45:00+00:00,2019-05-13 22:00:00+00:00,60.0,daily_break,Mon 17:00,Mon 18:00,2019
2019-05-14 20:45:00+00:00,2019-05-14 22:00:00+00:00,60.0,daily_break,Tue 17:00,Tue 18:00,2019
2019-05-15 20:45:00+00:00,2019-05-15 22:00:00+00:00,60.0,daily_break,Wed 17:00,Wed 18:00,2019
2019-05-16 20:45:00+00:00,2019-05-16 22:00:00+00:00,60.0,daily_break,Thu 17:00,Thu 18:00,2019
2019-05-17 20:45:00+00:00,2019-05-19 00:00:00+00:00,1620.0,UNEXPLAINED,Fri 17:00,Sat 20:00,2019
2019-05-19 00:00:00+00:00,2019-05-19 22:00:00+00:00,1305.0,UNEXPLAINED,Sat 20:15,Sun 18:00,2019
2019-05-20 20:45:00+00:00,2019-05-20 22:00:00+00:00,60.0,daily_break,Mon 17:00,Mon 18:00,2019
2019-05-21 20:45:00+00:00,2019-05-21 22:00:00+00:00,60.0,daily_break,Tue 17:00,Tue 18:00,2019
2019-05-22 20:45:00+00:00,2019-05-22 22:00:00+00:00,60.0,daily_break,Wed 17:00,Wed 18:00,2019
2019-05-23 20:45:00+00:00,2019-05-23 22:00:00+00:00,60.0,daily_break,Thu 17:00,Thu 18:00,2019
2019-05-24 20:45:00+00:00,2019-05-26 00:00:00+00:00,1620.0,UNEXPLAINED,Fri 17:00,Sat 20:00,2019
2019-05-26 00:00:00+00:00,2019-05-26 22:00:00+00:00,1305.0,UNEXPLAINED,Sat 20:15,Sun 18:00,2019
2019-05-27 16:45:00+00:00,2019-05-27 22:00:00+00:00,300.0,holiday/early_close,Mon 13:00,Mon 18:00,2019
2019-05-28 20:45:00+00:00,2019-05-28 22:00:00+00:00,60.0,daily_break,Tue 17:00,Tue 18:00,2019
2019-05-29 20:45:00+00:00,2019-05-29 22:00:00+00:00,60.0,daily_break,Wed 17:00,Wed 18:00,2019
2019-05-30 20:45:00+00:00,2019-05-30 22:00:00+00:00,60.0,daily_break,Thu 17:00,Thu 18:00,2019
2019-05-31 20:45:00+00:00,2019-06-02 00:00:00+00:00,1620.0,UNEXPLAINED,Fri 17:00,Sat 20:00,2019
2019-06-02 00:00:00+00:00,2019-06-02 22:00:00+00:00,1305.0,UNEXPLAINED,Sat 20:15,Sun 18:00,2019
2019-06-03 20:45:00+00:00,2019-06-03 22:00:00+00:00,60.0,daily_break,Mon 17:00,Mon 18:00,2019
2019-06-04 20:45:00+00:00,2019-06-04 22:00:00+00:00,60.0,daily_break,Tue 17:00,Tue 18:00,2019
2019-06-05 20:45:00+00:00,2019-06-05 22:00:00+00:00,60.0,daily_break,Wed 17:00,Wed 18:00,2019
2019-06-06 20:45:00+00:00,2019-06-06 22:00:00+00:00,60.0,daily_break,Thu 17:00,Thu 18:00,2019
2019-06-07 20:45:00+00:00,2019-06-09 00:00:00+00:00,1620.0,UNEXPLAINED,Fri 17:00,Sat 20:00,2019
2019-06-09 00:00:00+00:00,2019-06-09 22:00:00+00:00,1305.0,UNEXPLAINED,Sat 20:15,Sun 18:00,2019
2019-06-10 20:45:00+00:00,2019-06-10 22:00:00+00:00,60.0,daily_break,Mon 17:00,Mon 18:00,2019
2019-06-11 20:45:00+00:00,2019-06-11 22:00:00+00:00,60.0,daily_break,Tue 17:00,Tue 18:00,2019
2019-06-12 20:45:00+00:00,2019-06-12 22:00:00+00:00,60.0,daily_break,Wed 17:00,Wed 18:00,2019
2019-06-13 20:45:00+00:00,2019-06-13 22:00:00+00:00,60.0,daily_break,Thu 17:00,Thu 18:00,2019
2019-06-14 20:45:00+00:00,2019-06-16 00:00:00+00:00,1620.0,UNEXPLAINED,Fri 17:00,Sat 20:00,2019
2019-06-16 00:00:00+00:00,2019-06-16 22:00:00+00:00,1305.0,UNEXPLAINED,Sat 20:15,Sun 18:00,2019
2019-06-17 20:45:00+00:00,2019-06-17 22:00:00+00:00,60.0,daily_break,Mon 17:00,Mon 18:00,2019
2019-06-18 20:45:00+00:00,2019-06-18 22:00:00+00:00,60.0,daily_break,Tue 17:00,Tue 18:00,2019
2019-06-19 20:45:00+00:00,2019-06-19 22:00:00+00:00,60.0,daily_break,Wed 17:00,Wed 18:00,2019
2019-06-20 20:45:00+00:00,2019-06-20 22:00:00+00:00,60.0,daily_break,Thu 17:00,Thu 18:00,2019
2019-06-21 20:45:00+00:00,2019-06-23 00:00:00+00:00,1620.0,UNEXPLAINED,Fri 17:00,Sat 20:00,2019
2019-06-23 00:00:00+00:00,2019-06-23 22:00:00+00:00,1305.0,UNEXPLAINED,Sat 20:15,Sun 18:00,2019
2019-06-24 20:45:00+00:00,2019-06-24 22:00:00+00:00,60.0,daily_break,Mon 17:00,Mon 18:00,2019
2019-06-25 20:45:00+00:00,2019-06-25 22:00:00+00:00,60.0,daily_break,Tue 17:00,Tue 18:00,2019
2019-06-26 20:45:00+00:00,2019-06-26 22:00:00+00:00,60.0,daily_break,Wed 17:00,Wed 18:00,2019
2019-06-27 20:45:00+00:00,2019-06-27 22:00:00+00:00,60.0,daily_break,Thu 17:00,Thu 18:00,2019
2019-06-28 20:45:00+00:00,2019-06-30 00:00:00+00:00,1620.0,UNEXPLAINED,Fri 17:00,Sat 20:00,2019
2019-06-30 00:00:00+00:00,2019-06-30 22:00:00+00:00,1305.0,UNEXPLAINED,Sat 20:15,Sun 18:00,2019
2019-07-01 20:45:00+00:00,2019-07-01 22:00:00+00:00,60.0,daily_break,Mon 17:00,Mon 18:00,2019
2019-07-02 20:45:00+00:00,2019-07-02 22:00:00+00:00,60.0,daily_break,Tue 17:00,Tue 18:00,2019
2019-07-03 20:45:00+00:00,2019-07-03 22:00:00+00:00,60.0,daily_break,Wed 17:00,Wed 18:00,2019
2019-07-04 16:45:00+00:00,2019-07-04 22:00:00+00:00,300.0,holiday/early_close,Thu 13:00,Thu 18:00,2019
2019-07-05 20:45:00+00:00,2019-07-07 00:00:00+00:00,1620.0,UNEXPLAINED,Fri 17:00,Sat 20:00,2019
2019-07-07 00:00:00+00:00,2019-07-07 22:00:00+00:00,1305.0,UNEXPLAINED,Sat 20:15,Sun 18:00,2019
2019-07-08 20:45:00+00:00,2019-07-08 22:00:00+00:00,60.0,daily_break,Mon 17:00,Mon 18:00,2019
2019-07-09 20:45:00+00:00,2019-07-09 22:00:00+00:00,60.0,daily_break,Tue 17:00,Tue 18:00,2019
2019-07-10 20:45:00+00:00,2019-07-10 22:00:00+00:00,60.0,daily_break,Wed 17:00,Wed 18:00,2019
2019-07-11 20:45:00+00:00,2019-07-11 22:00:00+00:00,60.0,daily_break,Thu 17:00,Thu 18:00,2019
2019-07-12 20:45:00+00:00,2019-07-14 00:00:00+00:00,1620.0,UNEXPLAINED,Fri 17:00,Sat 20:00,2019
2019-07-14 00:00:00+00:00,2019-07-14 22:00:00+00:00,1305.0,UNEXPLAINED,Sat 20:15,Sun 18:00,2019
2019-07-15 20:45:00+00:00,2019-07-15 22:00:00+00:00,60.0,daily_break,Mon 17:00,Mon 18:00,2019
2019-07-16 20:45:00+00:00,2019-07-16 22:00:00+00:00,60.0,daily_break,Tue 17:00,Tue 18:00,2019
2019-07-17 20:45:00+00:00,2019-07-17 22:00:00+00:00,60.0,daily_break,Wed 17:00,Wed 18:00,2019
2019-07-18 20:45:00+00:00,2019-07-18 22:00:00+00:00,60.0,daily_break,Thu 17:00,Thu 18:00,2019
2019-07-19 20:45:00+00:00,2019-07-21 00:00:00+00:00,1620.0,UNEXPLAINED,Fri 17:00,Sat 20:00,2019
2019-07-21 00:00:00+00:00,2019-07-21 22:00:00+00:00,1305.0,UNEXPLAINED,Sat 20:15,Sun 18:00,2019
2019-07-22 20:45:00+00:00,2019-07-22 22:00:00+00:00,60.0,daily_break,Mon 17:00,Mon 18:00,2019
2019-07-23 20:45:00+00:00,2019-07-23 22:00:00+00:00,60.0,daily_break,Tue 17:00,Tue 18:00,2019
2019-07-24 20:45:00+00:00,2019-07-24 22:00:00+00:00,60.0,daily_break,Wed 17:00,Wed 18:00,2019
2019-07-25 20:45:00+00:00,2019-07-25 22:00:00+00:00,60.0,daily_break,Thu 17:00,Thu 18:00,2019
2019-07-26 20:45:00+00:00,2019-07-28 00:00:00+00:00,1620.0,UNEXPLAINED,Fri 17:00,Sat 20:00,2019
2019-07-28 00:00:00+00:00,2019-07-28 22:00:00+00:00,1305.0,UNEXPLAINED,Sat 20:15,Sun 18:00,2019
2019-07-29 20:45:00+00:00,2019-07-29 22:00:00+00:00,60.0,daily_break,Mon 17:00,Mon 18:00,2019
2019-07-30 20:45:00+00:00,2019-07-30 22:00:00+00:00,60.0,daily_break,Tue 17:00,Tue 18:00,2019
2019-07-31 20:45:00+00:00,2019-07-31 22:00:00+00:00,60.0,daily_break,Wed 17:00,Wed 18:00,2019
2019-08-01 20:45:00+00:00,2019-08-01 22:00:00+00:00,60.0,daily_break,Thu 17:00,Thu 18:00,2019
2019-08-02 20:45:00+00:00,2019-08-04 00:00:00+00:00,1620.0,UNEXPLAINED,Fri 17:00,Sat 20:00,2019
2019-08-04 00:00:00+00:00,2019-08-04 22:00:00+00:00,1305.0,UNEXPLAINED,Sat 20:15,Sun 18:00,2019
2019-08-05 20:45:00+00:00,2019-08-05 22:00:00+00:00,60.0,daily_break,Mon 17:00,Mon 18:00,2019
2019-08-06 20:45:00+00:00,2019-08-06 22:00:00+00:00,60.0,daily_break,Tue 17:00,Tue 18:00,2019
2019-08-07 20:45:00+00:00,2019-08-07 22:00:00+00:00,60.0,daily_break,Wed 17:00,Wed 18:00,2019
2019-08-08 20:45:00+00:00,2019-08-08 22:00:00+00:00,60.0,daily_break,Thu 17:00,Thu 18:00,2019
2019-08-09 20:45:00+00:00,2019-08-11 00:00:00+00:00,1620.0,UNEXPLAINED,Fri 17:00,Sat 20:00,2019
2019-08-11 00:00:00+00:00,2019-08-11 22:00:00+00:00,1305.0,UNEXPLAINED,Sat 20:15,Sun 18:00,2019
2019-08-12 20:45:00+00:00,2019-08-12 22:00:00+00:00,60.0,daily_break,Mon 17:00,Mon 18:00,2019
2019-08-13 20:45:00+00:00,2019-08-13 22:00:00+00:00,60.0,daily_break,Tue 17:00,Tue 18:00,2019
2019-08-14 20:45:00+00:00,2019-08-14 22:00:00+00:00,60.0,daily_break,Wed 17:00,Wed 18:00,2019
2019-08-15 20:45:00+00:00,2019-08-15 22:00:00+00:00,60.0,daily_break,Thu 17:00,Thu 18:00,2019
2019-08-16 20:45:00+00:00,2019-08-18 00:00:00+00:00,1620.0,UNEXPLAINED,Fri 17:00,Sat 20:00,2019
2019-08-18 00:00:00+00:00,2019-08-18 22:00:00+00:00,1305.0,UNEXPLAINED,Sat 20:15,Sun 18:00,2019
2019-08-19 20:45:00+00:00,2019-08-19 22:00:00+00:00,60.0,daily_break,Mon 17:00,Mon 18:00,2019
2019-08-20 20:45:00+00:00,2019-08-20 22:00:00+00:00,60.0,daily_break,Tue 17:00,Tue 18:00,2019
2019-08-21 20:45:00+00:00,2019-08-21 22:00:00+00:00,60.0,daily_break,Wed 17:00,Wed 18:00,2019
2019-08-22 20:45:00+00:00,2019-08-22 22:00:00+00:00,60.0,daily_break,Thu 17:00,Thu 18:00,2019
2019-08-23 20:45:00+00:00,2019-08-25 00:00:00+00:00,1620.0,UNEXPLAINED,Fri 17:00,Sat 20:00,2019
2019-08-25 00:00:00+00:00,2019-08-25 22:00:00+00:00,1305.0,UNEXPLAINED,Sat 20:15,Sun 18:00,2019
2019-08-26 20:45:00+00:00,2019-08-26 22:00:00+00:00,60.0,daily_break,Mon 17:00,Mon 18:00,2019
2019-08-27 20:45:00+00:00,2019-08-27 22:00:00+00:00,60.0,daily_break,Tue 17:00,Tue 18:00,2019
2019-08-28 20:45:00+00:00,2019-08-28 22:00:00+00:00,60.0,daily_break,Wed 17:00,Wed 18:00,2019
2019-08-29 20:45:00+00:00,2019-08-29 22:00:00+00:00,60.0,daily_break,Thu 17:00,Thu 18:00,2019
2019-08-30 20:45:00+00:00,2019-09-01 00:00:00+00:00,1620.0,UNEXPLAINED,Fri 17:00,Sat 20:00,2019
2019-09-01 00:00:00+00:00,2019-09-01 22:00:00+00:00,1305.0,UNEXPLAINED,Sat 20:15,Sun 18:00,2019
2019-09-02 16:45:00+00:00,2019-09-02 22:00:00+00:00,300.0,holiday/early_close,Mon 13:00,Mon 18:00,2019
2019-09-03 20:45:00+00:00,2019-09-03 22:00:00+00:00,60.0,daily_break,Tue 17:00,Tue 18:00,2019
2019-09-04 20:45:00+00:00,2019-09-04 22:00:00+00:00,60.0,daily_break,Wed 17:00,Wed 18:00,2019
2019-09-05 20:45:00+00:00,2019-09-05 22:00:00+00:00,60.0,daily_break,Thu 17:00,Thu 18:00,2019
2019-09-06 20:45:00+00:00,2019-09-08 00:00:00+00:00,1620.0,UNEXPLAINED,Fri 17:00,Sat 20:00,2019
2019-09-08 00:00:00+00:00,2019-09-08 22:00:00+00:00,1305.0,UNEXPLAINED,Sat 20:15,Sun 18:00,2019
2019-09-09 20:45:00+00:00,2019-09-09 22:00:00+00:00,60.0,daily_break,Mon 17:00,Mon 18:00,2019
2019-09-10 20:45:00+00:00,2019-09-10 22:00:00+00:00,60.0,daily_break,Tue 17:00,Tue 18:00,2019
2019-09-11 20:45:00+00:00,2019-09-11 22:00:00+00:00,60.0,daily_break,Wed 17:00,Wed 18:00,2019
2019-09-12 20:45:00+00:00,2019-09-12 22:00:00+00:00,60.0,daily_break,Thu 17:00,Thu 18:00,2019
2019-09-13 20:45:00+00:00,2019-09-15 00:00:00+00:00,1620.0,UNEXPLAINED,Fri 17:00,Sat 20:00,2019
2019-09-15 00:00:00+00:00,2019-09-15 22:00:00+00:00,1305.0,UNEXPLAINED,Sat 20:15,Sun 18:00,2019
2019-09-16 20:45:00+00:00,2019-09-16 22:00:00+00:00,60.0,daily_break,Mon 17:00,Mon 18:00,2019
2019-09-17 20:45:00+00:00,2019-09-17 22:00:00+00:00,60.0,daily_break,Tue 17:00,Tue 18:00,2019
2019-09-18 20:45:00+00:00,2019-09-18 22:00:00+00:00,60.0,daily_break,Wed 17:00,Wed 18:00,2019
2019-09-19 20:45:00+00:00,2019-09-19 22:00:00+00:00,60.0,daily_break,Thu 17:00,Thu 18:00,2019
2019-09-20 20:45:00+00:00,2019-09-22 00:00:00+00:00,1620.0,UNEXPLAINED,Fri 17:00,Sat 20:00,2019
2019-09-22 00:00:00+00:00,2019-09-22 22:00:00+00:00,1305.0,UNEXPLAINED,Sat 20:15,Sun 18:00,2019
2019-09-23 20:45:00+00:00,2019-09-23 22:00:00+00:00,60.0,daily_break,Mon 17:00,Mon 18:00,2019
2019-09-24 20:45:00+00:00,2019-09-24 22:00:00+00:00,60.0,daily_break,Tue 17:00,Tue 18:00,2019
2019-09-25 20:45:00+00:00,2019-09-25 22:00:00+00:00,60.0,daily_break,Wed 17:00,Wed 18:00,2019
2019-09-26 20:45:00+00:00,2019-09-26 22:00:00+00:00,60.0,daily_break,Thu 17:00,Thu 18:00,2019
2019-09-27 20:45:00+00:00,2019-09-29 00:00:00+00:00,1620.0,UNEXPLAINED,Fri 17:00,Sat 20:00,2019
2019-09-29 00:00:00+00:00,2019-09-29 22:00:00+00:00,1305.0,UNEXPLAINED,Sat 20:15,Sun 18:00,2019
2019-09-30 20:45:00+00:00,2019-09-30 22:00:00+00:00,60.0,daily_break,Mon 17:00,Mon 18:00,2019
2019-10-01 20:45:00+00:00,2019-10-01 22:00:00+00:00,60.0,daily_break,Tue 17:00,Tue 18:00,2019
2019-10-02 20:45:00+00:00,2019-10-02 22:00:00+00:00,60.0,daily_break,Wed 17:00,Wed 18:00,2019
2019-10-03 20:45:00+00:00,2019-10-03 22:00:00+00:00,60.0,daily_break,Thu 17:00,Thu 18:00,2019
2019-10-04 20:45:00+00:00,2019-10-06 00:00:00+00:00,1620.0,UNEXPLAINED,Fri 17:00,Sat 20:00,2019
2019-10-06 00:00:00+00:00,2019-10-06 22:00:00+00:00,1305.0,UNEXPLAINED,Sat 20:15,Sun 18:00,2019
2019-10-07 20:45:00+00:00,2019-10-07 22:00:00+00:00,60.0,daily_break,Mon 17:00,Mon 18:00,2019
2019-10-08 20:45:00+00:00,2019-10-08 22:00:00+00:00,60.0,daily_break,Tue 17:00,Tue 18:00,2019
2019-10-09 20:45:00+00:00,2019-10-09 22:00:00+00:00,60.0,daily_break,Wed 17:00,Wed 18:00,2019
2019-10-10 20:45:00+00:00,2019-10-10 22:00:00+00:00,60.0,daily_break,Thu 17:00,Thu 18:00,2019
2019-10-11 20:45:00+00:00,2019-10-13 00:00:00+00:00,1620.0,UNEXPLAINED,Fri 17:00,Sat 20:00,2019
2019-10-13 00:00:00+00:00,2019-10-13 22:00:00+00:00,1305.0,UNEXPLAINED,Sat 20:15,Sun 18:00,2019
2019-10-14 20:45:00+00:00,2019-10-14 22:00:00+00:00,60.0,daily_break,Mon 17:00,Mon 18:00,2019
2019-10-15 20:45:00+00:00,2019-10-15 22:00:00+00:00,60.0,daily_break,Tue 17:00,Tue 18:00,2019
2019-10-16 20:45:00+00:00,2019-10-16 22:00:00+00:00,60.0,daily_break,Wed 17:00,Wed 18:00,2019
2019-10-17 20:45:00+00:00,2019-10-17 22:00:00+00:00,60.0,daily_break,Thu 17:00,Thu 18:00,2019
2019-10-18 20:45:00+00:00,2019-10-20 00:00:00+00:00,1620.0,UNEXPLAINED,Fri 17:00,Sat 20:00,2019
2019-10-20 00:00:00+00:00,2019-10-20 22:00:00+00:00,1305.0,UNEXPLAINED,Sat 20:15,Sun 18:00,2019
2019-10-21 20:45:00+00:00,2019-10-21 22:00:00+00:00,60.0,daily_break,Mon 17:00,Mon 18:00,2019
2019-10-22 20:45:00+00:00,2019-10-22 22:00:00+00:00,60.0,daily_break,Tue 17:00,Tue 18:00,2019
2019-10-23 20:45:00+00:00,2019-10-23 22:00:00+00:00,60.0,daily_break,Wed 17:00,Wed 18:00,2019
2019-10-24 20:45:00+00:00,2019-10-24 22:00:00+00:00,60.0,daily_break,Thu 17:00,Thu 18:00,2019
2019-10-25 20:45:00+00:00,2019-10-27 00:00:00+00:00,1620.0,UNEXPLAINED,Fri 17:00,Sat 20:00,2019
2019-10-27 00:00:00+00:00,2019-10-27 22:00:00+00:00,1305.0,UNEXPLAINED,Sat 20:15,Sun 18:00,2019
2019-10-28 20:45:00+00:00,2019-10-28 22:00:00+00:00,60.0,daily_break,Mon 17:00,Mon 18:00,2019
2019-10-29 20:45:00+00:00,2019-10-29 22:00:00+00:00,60.0,daily_break,Tue 17:00,Tue 18:00,2019
2019-10-30 20:45:00+00:00,2019-10-30 22:00:00+00:00,60.0,daily_break,Wed 17:00,Wed 18:00,2019
2019-10-31 20:45:00+00:00,2019-10-31 22:00:00+00:00,60.0,daily_break,Thu 17:00,Thu 18:00,2019
2019-11-01 20:45:00+00:00,2019-11-03 00:00:00+00:00,1620.0,UNEXPLAINED,Fri 17:00,Sat 20:00,2019
2019-11-03 00:00:00+00:00,2019-11-03 23:00:00+00:00,1365.0,UNEXPLAINED,Sat 20:15,Sun 18:00,2019
2019-11-04 21:45:00+00:00,2019-11-04 23:00:00+00:00,60.0,daily_break,Mon 17:00,Mon 18:00,2019
2019-11-05 21:45:00+00:00,2019-11-05 23:00:00+00:00,60.0,daily_break,Tue 17:00,Tue 18:00,2019
2019-11-06 21:45:00+00:00,2019-11-06 23:00:00+00:00,60.0,daily_break,Wed 17:00,Wed 18:00,2019
2019-11-07 21:45:00+00:00,2019-11-07 23:00:00+00:00,60.0,daily_break,Thu 17:00,Thu 18:00,2019
2019-11-08 21:45:00+00:00,2019-11-10 00:00:00+00:00,1560.0,UNEXPLAINED,Fri 17:00,Sat 19:00,2019
2019-11-10 00:00:00+00:00,2019-11-10 23:00:00+00:00,1365.0,UNEXPLAINED,Sat 19:15,Sun 18:00,2019
2019-11-11 21:45:00+00:00,2019-11-11 23:00:00+00:00,60.0,daily_break,Mon 17:00,Mon 18:00,2019
2019-11-12 21:45:00+00:00,2019-11-12 23:00:00+00:00,60.0,daily_break,Tue 17:00,Tue 18:00,2019
2019-11-13 21:45:00+00:00,2019-11-13 23:00:00+00:00,60.0,daily_break,Wed 17:00,Wed 18:00,2019
2019-11-14 21:45:00+00:00,2019-11-14 23:00:00+00:00,60.0,daily_break,Thu 17:00,Thu 18:00,2019
2019-11-15 21:45:00+00:00,2019-11-17 00:00:00+00:00,1560.0,UNEXPLAINED,Fri 17:00,Sat 19:00,2019
2019-11-17 00:00:00+00:00,2019-11-17 23:00:00+00:00,1365.0,UNEXPLAINED,Sat 19:15,Sun 18:00,2019
2019-11-18 21:45:00+00:00,2019-11-18 23:00:00+00:00,60.0,daily_break,Mon 17:00,Mon 18:00,2019
2019-11-19 21:45:00+00:00,2019-11-19 23:00:00+00:00,60.0,daily_break,Tue 17:00,Tue 18:00,2019
2019-11-20 21:45:00+00:00,2019-11-20 23:00:00+00:00,60.0,daily_break,Wed 17:00,Wed 18:00,2019
2019-11-21 21:45:00+00:00,2019-11-21 23:00:00+00:00,60.0,daily_break,Thu 17:00,Thu 18:00,2019
2019-11-22 21:45:00+00:00,2019-11-24 00:00:00+00:00,1560.0,UNEXPLAINED,Fri 17:00,Sat 19:00,2019
2019-11-24 00:00:00+00:00,2019-11-24 23:00:00+00:00,1365.0,UNEXPLAINED,Sat 19:15,Sun 18:00,2019
2019-11-25 21:45:00+00:00,2019-11-25 23:00:00+00:00,60.0,daily_break,Mon 17:00,Mon 18:00,2019
2019-11-26 21:45:00+00:00,2019-11-26 23:00:00+00:00,60.0,daily_break,Tue 17:00,Tue 18:00,2019
2019-11-27 21:45:00+00:00,2019-11-27 23:00:00+00:00,60.0,daily_break,Wed 17:00,Wed 18:00,2019
2019-11-28 17:45:00+00:00,2019-11-28 23:00:00+00:00,300.0,holiday/early_close,Thu 13:00,Thu 18:00,2019
2019-11-29 18:30:00+00:00,2019-12-23 00:00:00+00:00,33435.0,weekend+holiday,Fri 13:45,Sun 19:00,2019
2019-12-23 21:45:00+00:00,2019-12-23 23:00:00+00:00,60.0,daily_break,Mon 17:00,Mon 18:00,2019
2019-12-24 17:45:00+00:00,2019-12-26 00:00:00+00:00,1800.0,holiday/early_close,Tue 13:00,Wed 19:00,2019
2019-12-26 00:00:00+00:00,2019-12-26 06:00:00+00:00,345.0,holiday/early_close,Wed 19:15,Thu 01:00,2019
2019-12-26 21:45:00+00:00,2019-12-26 23:00:00+00:00,60.0,daily_break,Thu 17:00,Thu 18:00,2019
2019-12-27 21:45:00+00:00,2019-12-29 00:00:00+00:00,1560.0,UNEXPLAINED,Fri 17:00,Sat 19:00,2019
2019-12-29 00:00:00+00:00,2019-12-29 23:00:00+00:00,1365.0,UNEXPLAINED,Sat 19:15,Sun 18:00,2019
2019-12-30 21:45:00+00:00,2019-12-30 23:00:00+00:00,60.0,daily_break,Mon 17:00,Mon 18:00,2019
2019-12-31 17:45:00+00:00,2020-01-02 00:00:00+00:00,1800.0,holiday/early_close,Tue 13:00,Wed 19:00,2019
2020-01-02 00:00:00+00:00,2020-01-02 01:00:00+00:00,45.0,holiday/early_close,Wed 19:15,Wed 20:00,2020
2020-01-02 21:45:00+00:00,2020-01-02 23:00:00+00:00,60.0,daily_break,Thu 17:00,Thu 18:00,2020
2020-01-03 21:45:00+00:00,2020-01-05 00:00:00+00:00,1560.0,UNEXPLAINED,Fri 17:00,Sat 19:00,2020
2020-01-05 00:00:00+00:00,2020-01-05 23:00:00+00:00,1365.0,UNEXPLAINED,Sat 19:15,Sun 18:00,2020
2020-01-06 21:45:00+00:00,2020-01-06 23:00:00+00:00,60.0,daily_break,Mon 17:00,Mon 18:00,2020
2020-01-07 21:45:00+00:00,2020-01-07 23:00:00+00:00,60.0,daily_break,Tue 17:00,Tue 18:00,2020
2020-01-08 21:45:00+00:00,2020-01-08 23:00:00+00:00,60.0,daily_break,Wed 17:00,Wed 18:00,2020
2020-01-09 21:45:00+00:00,2020-01-09 23:00:00+00:00,60.0,daily_break,Thu 17:00,Thu 18:00,2020
2020-01-10 21:45:00+00:00,2020-01-12 00:00:00+00:00,1560.0,UNEXPLAINED,Fri 17:00,Sat 19:00,2020
2020-01-12 00:00:00+00:00,2020-01-12 23:00:00+00:00,1365.0,UNEXPLAINED,Sat 19:15,Sun 18:00,2020
2020-01-13 21:45:00+00:00,2020-01-13 23:00:00+00:00,60.0,daily_break,Mon 17:00,Mon 18:00,2020
2020-01-14 21:45:00+00:00,2020-01-14 23:00:00+00:00,60.0,daily_break,Tue 17:00,Tue 18:00,2020
2020-01-15 21:45:00+00:00,2020-01-15 23:00:00+00:00,60.0,daily_break,Wed 17:00,Wed 18:00,2020
2020-01-16 21:45:00+00:00,2020-01-16 23:00:00+00:00,60.0,daily_break,Thu 17:00,Thu 18:00,2020
2020-01-17 21:45:00+00:00,2020-01-19 00:00:00+00:00,1560.0,UNEXPLAINED,Fri 17:00,Sat 19:00,2020
2020-01-19 00:00:00+00:00,2020-01-19 23:00:00+00:00,1365.0,UNEXPLAINED,Sat 19:15,Sun 18:00,2020
2020-01-20 17:45:00+00:00,2020-01-20 23:00:00+00:00,300.0,holiday/early_close,Mon 13:00,Mon 18:00,2020
2020-01-21 21:45:00+00:00,2020-01-21 23:00:00+00:00,60.0,daily_break,Tue 17:00,Tue 18:00,2020
2020-01-22 21:45:00+00:00,2020-01-22 23:00:00+00:00,60.0,daily_break,Wed 17:00,Wed 18:00,2020
2020-01-23 21:45:00+00:00,2020-01-23 23:00:00+00:00,60.0,daily_break,Thu 17:00,Thu 18:00,2020
2020-01-24 21:45:00+00:00,2020-01-26 00:00:00+00:00,1560.0,UNEXPLAINED,Fri 17:00,Sat 19:00,2020
2020-01-26 00:00:00+00:00,2020-01-26 23:00:00+00:00,1365.0,UNEXPLAINED,Sat 19:15,Sun 18:00,2020
2020-01-27 21:45:00+00:00,2020-01-27 23:00:00+00:00,60.0,daily_break,Mon 17:00,Mon 18:00,2020
2020-01-28 21:45:00+00:00,2020-01-28 23:00:00+00:00,60.0,daily_break,Tue 17:00,Tue 18:00,2020
2020-01-29 21:45:00+00:00,2020-01-29 23:00:00+00:00,60.0,daily_break,Wed 17:00,Wed 18:00,2020
2020-01-30 21:45:00+00:00,2020-01-30 23:00:00+00:00,60.0,daily_break,Thu 17:00,Thu 18:00,2020
2020-01-31 21:45:00+00:00,2020-02-02 00:00:00+00:00,1560.0,UNEXPLAINED,Fri 17:00,Sat 19:00,2020
2020-02-02 00:00:00+00:00,2020-02-02 23:00:00+00:00,1365.0,UNEXPLAINED,Sat 19:15,Sun 18:00,2020
2020-02-03 21:45:00+00:00,2020-02-03 23:00:00+00:00,60.0,daily_break,Mon 17:00,Mon 18:00,2020
2020-02-04 21:45:00+00:00,2020-02-04 23:00:00+00:00,60.0,daily_break,Tue 17:00,Tue 18:00,2020
2020-02-05 21:45:00+00:00,2020-02-05 23:00:00+00:00,60.0,daily_break,Wed 17:00,Wed 18:00,2020
2020-02-06 21:45:00+00:00,2020-02-06 23:00:00+00:00,60.0,daily_break,Thu 17:00,Thu 18:00,2020
2020-02-07 21:45:00+00:00,2020-02-09 00:00:00+00:00,1560.0,UNEXPLAINED,Fri 17:00,Sat 19:00,2020
2020-02-09 00:00:00+00:00,2020-02-09 23:00:00+00:00,1365.0,UNEXPLAINED,Sat 19:15,Sun 18:00,2020
2020-02-10 21:45:00+00:00,2020-02-10 23:00:00+00:00,60.0,daily_break,Mon 17:00,Mon 18:00,2020
2020-02-11 21:45:00+00:00,2020-02-11 23:00:00+00:00,60.0,daily_break,Tue 17:00,Tue 18:00,2020
2020-02-12 21:45:00+00:00,2020-02-12 23:00:00+00:00,60.0,daily_break,Wed 17:00,Wed 18:00,2020
2020-02-13 21:45:00+00:00,2020-02-13 23:00:00+00:00,60.0,daily_break,Thu 17:00,Thu 18:00,2020
2020-02-14 21:45:00+00:00,2020-02-16 00:00:00+00:00,1560.0,UNEXPLAINED,Fri 17:00,Sat 19:00,2020
2020-02-16 00:00:00+00:00,2020-02-16 23:00:00+00:00,1365.0,UNEXPLAINED,Sat 19:15,Sun 18:00,2020
2020-02-17 17:45:00+00:00,2020-02-17 23:00:00+00:00,300.0,holiday/early_close,Mon 13:00,Mon 18:00,2020
2020-02-18 21:45:00+00:00,2020-02-18 23:00:00+00:00,60.0,daily_break,Tue 17:00,Tue 18:00,2020
2020-02-19 21:45:00+00:00,2020-02-19 23:00:00+00:00,60.0,daily_break,Wed 17:00,Wed 18:00,2020
2020-02-20 21:45:00+00:00,2020-02-20 23:00:00+00:00,60.0,daily_break,Thu 17:00,Thu 18:00,2020
2020-02-21 21:45:00+00:00,2020-02-23 00:00:00+00:00,1560.0,UNEXPLAINED,Fri 17:00,Sat 19:00,2020
2020-02-23 00:00:00+00:00,2020-02-23 23:00:00+00:00,1365.0,UNEXPLAINED,Sat 19:15,Sun 18:00,2020
2020-02-24 21:45:00+00:00,2020-02-24 23:00:00+00:00,60.0,daily_break,Mon 17:00,Mon 18:00,2020
2020-02-25 21:45:00+00:00,2020-02-25 23:00:00+00:00,60.0,daily_break,Tue 17:00,Tue 18:00,2020
2020-02-26 21:45:00+00:00,2020-02-26 23:00:00+00:00,60.0,daily_break,Wed 17:00,Wed 18:00,2020
2020-02-27 21:45:00+00:00,2020-02-27 23:00:00+00:00,60.0,daily_break,Thu 17:00,Thu 18:00,2020
2020-02-28 21:45:00+00:00,2020-03-01 00:00:00+00:00,1560.0,UNEXPLAINED,Fri 17:00,Sat 19:00,2020
2020-03-01 00:00:00+00:00,2020-03-01 23:00:00+00:00,1365.0,UNEXPLAINED,Sat 19:15,Sun 18:00,2020
2020-03-02 21:45:00+00:00,2020-03-02 23:00:00+00:00,60.0,daily_break,Mon 17:00,Mon 18:00,2020
2020-03-03 21:45:00+00:00,2020-03-03 23:00:00+00:00,60.0,daily_break,Tue 17:00,Tue 18:00,2020
2020-03-04 21:45:00+00:00,2020-03-04 23:00:00+00:00,60.0,daily_break,Wed 17:00,Wed 18:00,2020
2020-03-05 21:45:00+00:00,2020-03-05 23:00:00+00:00,60.0,daily_break,Thu 17:00,Thu 18:00,2020
2020-03-06 21:45:00+00:00,2020-03-08 00:00:00+00:00,1560.0,UNEXPLAINED,Fri 17:00,Sat 19:00,2020
2020-03-08 00:00:00+00:00,2020-03-08 22:00:00+00:00,1305.0,UNEXPLAINED,Sat 19:15,Sun 18:00,2020
2020-03-09 20:45:00+00:00,2020-03-09 22:00:00+00:00,60.0,daily_break,Mon 17:00,Mon 18:00,2020
2020-03-10 20:45:00+00:00,2020-03-10 22:00:00+00:00,60.0,daily_break,Tue 17:00,Tue 18:00,2020
2020-03-11 20:45:00+00:00,2020-03-11 22:00:00+00:00,60.0,daily_break,Wed 17:00,Wed 18:00,2020
2020-03-12 20:45:00+00:00,2020-03-12 22:00:00+00:00,60.0,daily_break,Thu 17:00,Thu 18:00,2020
2020-03-13 20:45:00+00:00,2020-03-15 00:00:00+00:00,1620.0,UNEXPLAINED,Fri 17:00,Sat 20:00,2020
2020-03-15 00:00:00+00:00,2020-03-15 22:00:00+00:00,1305.0,UNEXPLAINED,Sat 20:15,Sun 18:00,2020
2020-03-16 20:45:00+00:00,2020-03-16 22:00:00+00:00,60.0,daily_break,Mon 17:00,Mon 18:00,2020
2020-03-17 20:45:00+00:00,2020-03-17 22:00:00+00:00,60.0,daily_break,Tue 17:00,Tue 18:00,2020
2020-03-18 20:45:00+00:00,2020-03-18 22:00:00+00:00,60.0,daily_break,Wed 17:00,Wed 18:00,2020
2020-03-19 20:45:00+00:00,2020-03-19 22:00:00+00:00,60.0,daily_break,Thu 17:00,Thu 18:00,2020
2020-03-20 20:45:00+00:00,2020-03-22 00:00:00+00:00,1620.0,UNEXPLAINED,Fri 17:00,Sat 20:00,2020
2020-03-22 00:00:00+00:00,2020-03-22 22:00:00+00:00,1305.0,UNEXPLAINED,Sat 20:15,Sun 18:00,2020
2020-03-23 20:45:00+00:00,2020-03-23 22:00:00+00:00,60.0,daily_break,Mon 17:00,Mon 18:00,2020
2020-03-24 20:45:00+00:00,2020-03-24 22:00:00+00:00,60.0,daily_break,Tue 17:00,Tue 18:00,2020
2020-03-25 20:45:00+00:00,2020-03-25 22:00:00+00:00,60.0,daily_break,Wed 17:00,Wed 18:00,2020
2020-03-26 20:45:00+00:00,2020-03-26 22:00:00+00:00,60.0,daily_break,Thu 17:00,Thu 18:00,2020
2020-03-27 20:45:00+00:00,2020-03-29 00:00:00+00:00,1620.0,UNEXPLAINED,Fri 17:00,Sat 20:00,2020
2020-03-29 00:00:00+00:00,2020-03-29 22:00:00+00:00,1305.0,UNEXPLAINED,Sat 20:15,Sun 18:00,2020
2020-03-30 20:45:00+00:00,2020-03-30 22:00:00+00:00,60.0,daily_break,Mon 17:00,Mon 18:00,2020
2020-03-31 20:45:00+00:00,2020-03-31 22:00:00+00:00,60.0,daily_break,Tue 17:00,Tue 18:00,2020
2020-04-01 20:45:00+00:00,2020-04-01 22:00:00+00:00,60.0,daily_break,Wed 17:00,Wed 18:00,2020
2020-04-02 20:45:00+00:00,2020-04-02 22:00:00+00:00,60.0,daily_break,Thu 17:00,Thu 18:00,2020
2020-04-03 20:45:00+00:00,2020-04-05 00:00:00+00:00,1620.0,UNEXPLAINED,Fri 17:00,Sat 20:00,2020
2020-04-05 00:00:00+00:00,2020-04-05 22:00:00+00:00,1305.0,UNEXPLAINED,Sat 20:15,Sun 18:00,2020
2020-04-06 20:45:00+00:00,2020-04-06 22:00:00+00:00,60.0,daily_break,Mon 17:00,Mon 18:00,2020
2020-04-07 20:45:00+00:00,2020-04-07 22:00:00+00:00,60.0,daily_break,Tue 17:00,Tue 18:00,2020
2020-04-08 20:45:00+00:00,2020-04-08 22:00:00+00:00,60.0,daily_break,Wed 17:00,Wed 18:00,2020
2020-04-09 20:45:00+00:00,2020-04-12 00:00:00+00:00,3060.0,holiday/early_close,Thu 17:00,Sat 20:00,2020
2020-04-12 00:00:00+00:00,2020-04-12 22:45:00+00:00,1350.0,UNEXPLAINED,Sat 20:15,Sun 18:45,2020
2020-04-13 20:45:00+00:00,2020-04-13 22:00:00+00:00,60.0,daily_break,Mon 17:00,Mon 18:00,2020
2020-04-14 20:45:00+00:00,2020-04-14 22:00:00+00:00,60.0,daily_break,Tue 17:00,Tue 18:00,2020
2020-04-15 20:45:00+00:00,2020-04-15 22:00:00+00:00,60.0,daily_break,Wed 17:00,Wed 18:00,2020
2020-04-16 20:45:00+00:00,2020-04-16 22:00:00+00:00,60.0,daily_break,Thu 17:00,Thu 18:00,2020
2020-04-17 20:45:00+00:00,2020-04-19 00:00:00+00:00,1620.0,UNEXPLAINED,Fri 17:00,Sat 20:00,2020
2020-04-19 00:00:00+00:00,2020-04-19 22:00:00+00:00,1305.0,UNEXPLAINED,Sat 20:15,Sun 18:00,2020
2020-04-20 20:45:00+00:00,2020-04-20 22:00:00+00:00,60.0,daily_break,Mon 17:00,Mon 18:00,2020
2020-04-21 20:45:00+00:00,2020-04-21 22:00:00+00:00,60.0,daily_break,Tue 17:00,Tue 18:00,2020
2020-04-22 20:45:00+00:00,2020-04-22 22:00:00+00:00,60.0,daily_break,Wed 17:00,Wed 18:00,2020
2020-04-23 20:45:00+00:00,2020-04-23 22:00:00+00:00,60.0,daily_break,Thu 17:00,Thu 18:00,2020
2020-04-24 20:45:00+00:00,2020-04-26 00:00:00+00:00,1620.0,UNEXPLAINED,Fri 17:00,Sat 20:00,2020
2020-04-26 00:00:00+00:00,2020-04-26 22:00:00+00:00,1305.0,UNEXPLAINED,Sat 20:15,Sun 18:00,2020
2020-04-27 20:45:00+00:00,2020-04-27 22:00:00+00:00,60.0,daily_break,Mon 17:00,Mon 18:00,2020
2020-04-28 20:45:00+00:00,2020-04-28 22:00:00+00:00,60.0,daily_break,Tue 17:00,Tue 18:00,2020
2020-04-29 20:45:00+00:00,2020-04-29 22:00:00+00:00,60.0,daily_break,Wed 17:00,Wed 18:00,2020
2020-04-30 20:45:00+00:00,2020-04-30 22:00:00+00:00,60.0,daily_break,Thu 17:00,Thu 18:00,2020
2020-05-01 20:45:00+00:00,2020-05-03 00:00:00+00:00,1620.0,UNEXPLAINED,Fri 17:00,Sat 20:00,2020
2020-05-03 00:00:00+00:00,2020-05-03 22:00:00+00:00,1305.0,UNEXPLAINED,Sat 20:15,Sun 18:00,2020
2020-05-04 20:45:00+00:00,2020-05-04 22:00:00+00:00,60.0,daily_break,Mon 17:00,Mon 18:00,2020
2020-05-05 20:45:00+00:00,2020-05-05 22:00:00+00:00,60.0,daily_break,Tue 17:00,Tue 18:00,2020
2020-05-06 20:45:00+00:00,2020-05-06 22:00:00+00:00,60.0,daily_break,Wed 17:00,Wed 18:00,2020
2020-05-07 20:45:00+00:00,2020-05-07 22:00:00+00:00,60.0,daily_break,Thu 17:00,Thu 18:00,2020
2020-05-08 20:45:00+00:00,2020-05-10 00:00:00+00:00,1620.0,UNEXPLAINED,Fri 17:00,Sat 20:00,2020
2020-05-10 00:00:00+00:00,2020-05-10 22:00:00+00:00,1305.0,UNEXPLAINED,Sat 20:15,Sun 18:00,2020
2020-05-11 20:45:00+00:00,2020-05-11 22:00:00+00:00,60.0,daily_break,Mon 17:00,Mon 18:00,2020
2020-05-12 20:45:00+00:00,2020-05-12 22:00:00+00:00,60.0,daily_break,Tue 17:00,Tue 18:00,2020
2020-05-13 20:45:00+00:00,2020-05-13 22:00:00+00:00,60.0,daily_break,Wed 17:00,Wed 18:00,2020
2020-05-14 20:45:00+00:00,2020-05-14 22:00:00+00:00,60.0,daily_break,Thu 17:00,Thu 18:00,2020
2020-05-15 20:45:00+00:00,2020-05-17 00:00:00+00:00,1620.0,UNEXPLAINED,Fri 17:00,Sat 20:00,2020
2020-05-17 00:00:00+00:00,2020-05-17 22:00:00+00:00,1305.0,UNEXPLAINED,Sat 20:15,Sun 18:00,2020
2020-05-18 20:45:00+00:00,2020-05-18 22:00:00+00:00,60.0,daily_break,Mon 17:00,Mon 18:00,2020
2020-05-19 20:45:00+00:00,2020-05-19 22:00:00+00:00,60.0,daily_break,Tue 17:00,Tue 18:00,2020
2020-05-20 20:45:00+00:00,2020-05-20 22:00:00+00:00,60.0,daily_break,Wed 17:00,Wed 18:00,2020
2020-05-21 20:45:00+00:00,2020-05-21 22:00:00+00:00,60.0,daily_break,Thu 17:00,Thu 18:00,2020
2020-05-22 20:45:00+00:00,2020-05-24 00:00:00+00:00,1620.0,UNEXPLAINED,Fri 17:00,Sat 20:00,2020
2020-05-24 00:00:00+00:00,2020-05-24 22:00:00+00:00,1305.0,UNEXPLAINED,Sat 20:15,Sun 18:00,2020
2020-05-25 16:45:00+00:00,2020-05-25 22:00:00+00:00,300.0,holiday/early_close,Mon 13:00,Mon 18:00,2020
2020-05-26 20:45:00+00:00,2020-05-26 22:00:00+00:00,60.0,daily_break,Tue 17:00,Tue 18:00,2020
2020-05-27 20:45:00+00:00,2020-05-27 22:00:00+00:00,60.0,daily_break,Wed 17:00,Wed 18:00,2020
2020-05-28 20:45:00+00:00,2020-05-28 22:00:00+00:00,60.0,daily_break,Thu 17:00,Thu 18:00,2020
2020-05-29 20:45:00+00:00,2020-05-31 00:00:00+00:00,1620.0,UNEXPLAINED,Fri 17:00,Sat 20:00,2020
2020-05-31 00:00:00+00:00,2020-05-31 22:00:00+00:00,1305.0,UNEXPLAINED,Sat 20:15,Sun 18:00,2020
2020-06-01 20:45:00+00:00,2020-06-01 22:00:00+00:00,60.0,daily_break,Mon 17:00,Mon 18:00,2020
2020-06-02 20:45:00+00:00,2020-06-02 22:00:00+00:00,60.0,daily_break,Tue 17:00,Tue 18:00,2020
2020-06-03 20:45:00+00:00,2020-06-03 22:00:00+00:00,60.0,daily_break,Wed 17:00,Wed 18:00,2020
2020-06-04 20:45:00+00:00,2020-06-04 22:00:00+00:00,60.0,daily_break,Thu 17:00,Thu 18:00,2020
2020-06-05 20:45:00+00:00,2020-06-07 00:00:00+00:00,1620.0,UNEXPLAINED,Fri 17:00,Sat 20:00,2020
2020-06-07 00:00:00+00:00,2020-06-07 22:00:00+00:00,1305.0,UNEXPLAINED,Sat 20:15,Sun 18:00,2020
2020-06-08 20:45:00+00:00,2020-06-08 22:00:00+00:00,60.0,daily_break,Mon 17:00,Mon 18:00,2020
2020-06-09 20:45:00+00:00,2020-06-09 22:00:00+00:00,60.0,daily_break,Tue 17:00,Tue 18:00,2020
2020-06-10 20:45:00+00:00,2020-06-10 22:00:00+00:00,60.0,daily_break,Wed 17:00,Wed 18:00,2020
2020-06-11 20:45:00+00:00,2020-06-11 22:00:00+00:00,60.0,daily_break,Thu 17:00,Thu 18:00,2020
2020-06-12 20:45:00+00:00,2020-06-14 00:00:00+00:00,1620.0,UNEXPLAINED,Fri 17:00,Sat 20:00,2020
2020-06-14 00:00:00+00:00,2020-06-14 22:00:00+00:00,1305.0,UNEXPLAINED,Sat 20:15,Sun 18:00,2020
2020-06-15 20:45:00+00:00,2020-06-15 22:00:00+00:00,60.0,daily_break,Mon 17:00,Mon 18:00,2020
2020-06-16 20:45:00+00:00,2020-06-16 22:00:00+00:00,60.0,daily_break,Tue 17:00,Tue 18:00,2020
2020-06-17 20:45:00+00:00,2020-06-17 22:00:00+00:00,60.0,daily_break,Wed 17:00,Wed 18:00,2020
2020-06-18 20:45:00+00:00,2020-06-18 22:00:00+00:00,60.0,daily_break,Thu 17:00,Thu 18:00,2020
2020-06-19 20:45:00+00:00,2020-06-21 00:00:00+00:00,1620.0,UNEXPLAINED,Fri 17:00,Sat 20:00,2020
2020-06-21 00:00:00+00:00,2020-06-21 22:00:00+00:00,1305.0,UNEXPLAINED,Sat 20:15,Sun 18:00,2020
2020-06-22 20:45:00+00:00,2020-06-22 22:00:00+00:00,60.0,daily_break,Mon 17:00,Mon 18:00,2020
2020-06-23 20:45:00+00:00,2020-06-23 22:00:00+00:00,60.0,daily_break,Tue 17:00,Tue 18:00,2020
2020-06-24 20:45:00+00:00,2020-06-24 22:00:00+00:00,60.0,daily_break,Wed 17:00,Wed 18:00,2020
2020-06-25 20:45:00+00:00,2020-06-25 22:00:00+00:00,60.0,daily_break,Thu 17:00,Thu 18:00,2020
2020-06-26 20:45:00+00:00,2020-06-28 00:00:00+00:00,1620.0,UNEXPLAINED,Fri 17:00,Sat 20:00,2020
2020-06-28 00:00:00+00:00,2020-06-28 22:00:00+00:00,1305.0,UNEXPLAINED,Sat 20:15,Sun 18:00,2020
2020-06-29 20:45:00+00:00,2020-06-29 22:00:00+00:00,60.0,daily_break,Mon 17:00,Mon 18:00,2020
2020-06-30 20:45:00+00:00,2020-06-30 22:00:00+00:00,60.0,daily_break,Tue 17:00,Tue 18:00,2020
2020-07-01 20:45:00+00:00,2020-07-01 22:00:00+00:00,60.0,daily_break,Wed 17:00,Wed 18:00,2020
2020-07-02 20:45:00+00:00,2020-07-02 22:00:00+00:00,60.0,daily_break,Thu 17:00,Thu 18:00,2020
2020-07-03 16:45:00+00:00,2020-07-05 00:00:00+00:00,1860.0,holiday/early_close,Fri 13:00,Sat 20:00,2020
2020-07-05 00:00:00+00:00,2020-07-05 22:00:00+00:00,1305.0,UNEXPLAINED,Sat 20:15,Sun 18:00,2020
2020-07-06 20:45:00+00:00,2020-07-06 22:00:00+00:00,60.0,daily_break,Mon 17:00,Mon 18:00,2020
2020-07-07 20:45:00+00:00,2020-07-07 22:00:00+00:00,60.0,daily_break,Tue 17:00,Tue 18:00,2020
2020-07-08 20:45:00+00:00,2020-07-08 22:00:00+00:00,60.0,daily_break,Wed 17:00,Wed 18:00,2020
2020-07-09 20:45:00+00:00,2020-07-09 22:00:00+00:00,60.0,daily_break,Thu 17:00,Thu 18:00,2020
2020-07-10 20:45:00+00:00,2020-07-12 00:00:00+00:00,1620.0,UNEXPLAINED,Fri 17:00,Sat 20:00,2020
2020-07-12 00:00:00+00:00,2020-07-12 22:00:00+00:00,1305.0,UNEXPLAINED,Sat 20:15,Sun 18:00,2020
2020-07-13 20:45:00+00:00,2020-07-13 22:00:00+00:00,60.0,daily_break,Mon 17:00,Mon 18:00,2020
2020-07-14 20:45:00+00:00,2020-07-14 22:00:00+00:00,60.0,daily_break,Tue 17:00,Tue 18:00,2020
2020-07-15 20:45:00+00:00,2020-07-15 22:00:00+00:00,60.0,daily_break,Wed 17:00,Wed 18:00,2020
2020-07-16 20:45:00+00:00,2020-07-16 22:00:00+00:00,60.0,daily_break,Thu 17:00,Thu 18:00,2020
2020-07-17 20:45:00+00:00,2020-07-19 00:00:00+00:00,1620.0,UNEXPLAINED,Fri 17:00,Sat 20:00,2020
2020-07-19 00:00:00+00:00,2020-07-19 22:00:00+00:00,1305.0,UNEXPLAINED,Sat 20:15,Sun 18:00,2020
2020-07-20 20:45:00+00:00,2020-07-20 22:00:00+00:00,60.0,daily_break,Mon 17:00,Mon 18:00,2020
2020-07-21 20:45:00+00:00,2020-07-21 22:00:00+00:00,60.0,daily_break,Tue 17:00,Tue 18:00,2020
2020-07-22 20:45:00+00:00,2020-07-22 22:00:00+00:00,60.0,daily_break,Wed 17:00,Wed 18:00,2020
2020-07-23 20:45:00+00:00,2020-07-23 22:00:00+00:00,60.0,daily_break,Thu 17:00,Thu 18:00,2020
2020-07-24 20:45:00+00:00,2020-07-26 00:00:00+00:00,1620.0,UNEXPLAINED,Fri 17:00,Sat 20:00,2020
2020-07-26 00:00:00+00:00,2020-07-26 22:00:00+00:00,1305.0,UNEXPLAINED,Sat 20:15,Sun 18:00,2020
2020-07-27 20:45:00+00:00,2020-07-27 22:00:00+00:00,60.0,daily_break,Mon 17:00,Mon 18:00,2020
2020-07-28 20:45:00+00:00,2020-07-28 22:00:00+00:00,60.0,daily_break,Tue 17:00,Tue 18:00,2020
2020-07-29 20:45:00+00:00,2020-07-29 22:00:00+00:00,60.0,daily_break,Wed 17:00,Wed 18:00,2020
2020-07-30 20:45:00+00:00,2020-07-30 22:00:00+00:00,60.0,daily_break,Thu 17:00,Thu 18:00,2020
2020-07-31 20:45:00+00:00,2020-08-02 00:00:00+00:00,1620.0,UNEXPLAINED,Fri 17:00,Sat 20:00,2020
2020-08-02 00:00:00+00:00,2020-08-02 22:00:00+00:00,1305.0,UNEXPLAINED,Sat 20:15,Sun 18:00,2020
2020-08-03 20:45:00+00:00,2020-08-03 22:00:00+00:00,60.0,daily_break,Mon 17:00,Mon 18:00,2020
2020-08-04 20:45:00+00:00,2020-08-04 22:00:00+00:00,60.0,daily_break,Tue 17:00,Tue 18:00,2020
2020-08-05 20:45:00+00:00,2020-08-05 22:00:00+00:00,60.0,daily_break,Wed 17:00,Wed 18:00,2020
2020-08-06 20:45:00+00:00,2020-08-06 22:00:00+00:00,60.0,daily_break,Thu 17:00,Thu 18:00,2020
2020-08-07 20:45:00+00:00,2020-08-09 00:00:00+00:00,1620.0,UNEXPLAINED,Fri 17:00,Sat 20:00,2020
2020-08-09 00:00:00+00:00,2020-08-09 22:00:00+00:00,1305.0,UNEXPLAINED,Sat 20:15,Sun 18:00,2020
2020-08-10 20:45:00+00:00,2020-08-10 22:00:00+00:00,60.0,daily_break,Mon 17:00,Mon 18:00,2020
2020-08-11 20:45:00+00:00,2020-08-11 22:00:00+00:00,60.0,daily_break,Tue 17:00,Tue 18:00,2020
2020-08-12 20:45:00+00:00,2020-08-12 22:00:00+00:00,60.0,daily_break,Wed 17:00,Wed 18:00,2020
2020-08-13 20:45:00+00:00,2020-08-13 22:00:00+00:00,60.0,daily_break,Thu 17:00,Thu 18:00,2020
2020-08-14 20:45:00+00:00,2020-08-16 00:00:00+00:00,1620.0,UNEXPLAINED,Fri 17:00,Sat 20:00,2020
2020-08-16 00:00:00+00:00,2020-08-16 22:00:00+00:00,1305.0,UNEXPLAINED,Sat 20:15,Sun 18:00,2020
2020-08-17 20:45:00+00:00,2020-08-17 22:00:00+00:00,60.0,daily_break,Mon 17:00,Mon 18:00,2020
2020-08-18 20:45:00+00:00,2020-08-18 22:00:00+00:00,60.0,daily_break,Tue 17:00,Tue 18:00,2020
2020-08-19 20:45:00+00:00,2020-08-19 22:00:00+00:00,60.0,daily_break,Wed 17:00,Wed 18:00,2020
2020-08-20 20:45:00+00:00,2020-08-20 22:00:00+00:00,60.0,daily_break,Thu 17:00,Thu 18:00,2020
2020-08-21 20:45:00+00:00,2020-08-23 00:00:00+00:00,1620.0,UNEXPLAINED,Fri 17:00,Sat 20:00,2020
2020-08-23 00:00:00+00:00,2020-08-23 22:00:00+00:00,1305.0,UNEXPLAINED,Sat 20:15,Sun 18:00,2020
2020-08-24 20:45:00+00:00,2020-08-24 22:00:00+00:00,60.0,daily_break,Mon 17:00,Mon 18:00,2020
2020-08-25 20:45:00+00:00,2020-08-25 22:00:00+00:00,60.0,daily_break,Tue 17:00,Tue 18:00,2020
2020-08-26 20:45:00+00:00,2020-08-26 22:00:00+00:00,60.0,daily_break,Wed 17:00,Wed 18:00,2020
2020-08-27 20:45:00+00:00,2020-08-27 22:00:00+00:00,60.0,daily_break,Thu 17:00,Thu 18:00,2020
2020-08-28 20:45:00+00:00,2020-08-30 00:00:00+00:00,1620.0,UNEXPLAINED,Fri 17:00,Sat 20:00,2020
2020-08-30 00:00:00+00:00,2020-08-30 22:00:00+00:00,1305.0,UNEXPLAINED,Sat 20:15,Sun 18:00,2020
2020-08-31 20:45:00+00:00,2020-08-31 22:00:00+00:00,60.0,daily_break,Mon 17:00,Mon 18:00,2020
2020-09-01 20:45:00+00:00,2020-09-01 22:00:00+00:00,60.0,daily_break,Tue 17:00,Tue 18:00,2020
2020-09-02 20:45:00+00:00,2020-09-02 22:00:00+00:00,60.0,daily_break,Wed 17:00,Wed 18:00,2020
2020-09-03 20:45:00+00:00,2020-09-03 22:00:00+00:00,60.0,daily_break,Thu 17:00,Thu 18:00,2020
2020-09-04 20:45:00+00:00,2020-09-06 00:00:00+00:00,1620.0,UNEXPLAINED,Fri 17:00,Sat 20:00,2020
2020-09-06 00:00:00+00:00,2020-09-06 22:00:00+00:00,1305.0,UNEXPLAINED,Sat 20:15,Sun 18:00,2020
2020-09-07 16:45:00+00:00,2020-09-07 22:00:00+00:00,300.0,holiday/early_close,Mon 13:00,Mon 18:00,2020
2020-09-08 20:45:00+00:00,2020-09-08 22:00:00+00:00,60.0,daily_break,Tue 17:00,Tue 18:00,2020
2020-09-09 20:45:00+00:00,2020-09-09 22:00:00+00:00,60.0,daily_break,Wed 17:00,Wed 18:00,2020
2020-09-10 20:45:00+00:00,2020-09-10 22:00:00+00:00,60.0,daily_break,Thu 17:00,Thu 18:00,2020
2020-09-11 20:45:00+00:00,2020-09-13 00:00:00+00:00,1620.0,UNEXPLAINED,Fri 17:00,Sat 20:00,2020
2020-09-13 00:00:00+00:00,2020-09-13 22:00:00+00:00,1305.0,UNEXPLAINED,Sat 20:15,Sun 18:00,2020
2020-09-14 20:45:00+00:00,2020-09-14 22:00:00+00:00,60.0,daily_break,Mon 17:00,Mon 18:00,2020
2020-09-15 20:45:00+00:00,2020-09-15 22:00:00+00:00,60.0,daily_break,Tue 17:00,Tue 18:00,2020
2020-09-16 20:45:00+00:00,2020-09-16 22:00:00+00:00,60.0,daily_break,Wed 17:00,Wed 18:00,2020
2020-09-17 20:45:00+00:00,2020-09-17 22:00:00+00:00,60.0,daily_break,Thu 17:00,Thu 18:00,2020
2020-09-18 20:45:00+00:00,2020-09-20 00:00:00+00:00,1620.0,UNEXPLAINED,Fri 17:00,Sat 20:00,2020
2020-09-20 00:00:00+00:00,2020-09-20 22:00:00+00:00,1305.0,UNEXPLAINED,Sat 20:15,Sun 18:00,2020
2020-09-21 20:45:00+00:00,2020-09-21 22:00:00+00:00,60.0,daily_break,Mon 17:00,Mon 18:00,2020
2020-09-22 20:45:00+00:00,2020-09-22 22:00:00+00:00,60.0,daily_break,Tue 17:00,Tue 18:00,2020
2020-09-23 20:45:00+00:00,2020-09-23 22:00:00+00:00,60.0,daily_break,Wed 17:00,Wed 18:00,2020
2020-09-24 20:45:00+00:00,2020-09-24 22:00:00+00:00,60.0,daily_break,Thu 17:00,Thu 18:00,2020
2020-09-25 20:45:00+00:00,2020-09-27 00:00:00+00:00,1620.0,UNEXPLAINED,Fri 17:00,Sat 20:00,2020
2020-09-27 00:00:00+00:00,2020-09-27 22:00:00+00:00,1305.0,UNEXPLAINED,Sat 20:15,Sun 18:00,2020
2020-09-28 20:45:00+00:00,2020-09-28 22:00:00+00:00,60.0,daily_break,Mon 17:00,Mon 18:00,2020
2020-09-29 20:45:00+00:00,2020-09-29 22:00:00+00:00,60.0,daily_break,Tue 17:00,Tue 18:00,2020
2020-09-30 20:45:00+00:00,2020-09-30 22:00:00+00:00,60.0,daily_break,Wed 17:00,Wed 18:00,2020
2020-10-01 20:45:00+00:00,2020-10-01 22:00:00+00:00,60.0,daily_break,Thu 17:00,Thu 18:00,2020
2020-10-02 20:45:00+00:00,2020-10-04 00:00:00+00:00,1620.0,UNEXPLAINED,Fri 17:00,Sat 20:00,2020
2020-10-04 00:00:00+00:00,2020-10-04 22:00:00+00:00,1305.0,UNEXPLAINED,Sat 20:15,Sun 18:00,2020
2020-10-05 20:45:00+00:00,2020-10-05 22:00:00+00:00,60.0,daily_break,Mon 17:00,Mon 18:00,2020
2020-10-06 20:45:00+00:00,2020-10-06 22:00:00+00:00,60.0,daily_break,Tue 17:00,Tue 18:00,2020
2020-10-07 20:45:00+00:00,2020-10-07 22:00:00+00:00,60.0,daily_break,Wed 17:00,Wed 18:00,2020
2020-10-08 20:45:00+00:00,2020-10-08 22:00:00+00:00,60.0,daily_break,Thu 17:00,Thu 18:00,2020
2020-10-09 20:45:00+00:00,2020-10-11 00:00:00+00:00,1620.0,UNEXPLAINED,Fri 17:00,Sat 20:00,2020
2020-10-11 00:00:00+00:00,2020-10-11 22:00:00+00:00,1305.0,UNEXPLAINED,Sat 20:15,Sun 18:00,2020
2020-10-12 20:45:00+00:00,2020-10-12 22:00:00+00:00,60.0,daily_break,Mon 17:00,Mon 18:00,2020
2020-10-13 20:45:00+00:00,2020-10-13 22:00:00+00:00,60.0,daily_break,Tue 17:00,Tue 18:00,2020
2020-10-14 20:45:00+00:00,2020-10-14 22:00:00+00:00,60.0,daily_break,Wed 17:00,Wed 18:00,2020
2020-10-15 20:45:00+00:00,2020-10-15 22:00:00+00:00,60.0,daily_break,Thu 17:00,Thu 18:00,2020
2020-10-16 20:45:00+00:00,2020-10-18 00:00:00+00:00,1620.0,UNEXPLAINED,Fri 17:00,Sat 20:00,2020
2020-10-18 00:00:00+00:00,2020-10-18 22:00:00+00:00,1305.0,UNEXPLAINED,Sat 20:15,Sun 18:00,2020
2020-10-19 20:45:00+00:00,2020-10-19 22:00:00+00:00,60.0,daily_break,Mon 17:00,Mon 18:00,2020
2020-10-20 20:45:00+00:00,2020-10-20 22:00:00+00:00,60.0,daily_break,Tue 17:00,Tue 18:00,2020
2020-10-21 20:45:00+00:00,2020-10-21 22:00:00+00:00,60.0,daily_break,Wed 17:00,Wed 18:00,2020
2020-10-22 20:45:00+00:00,2020-10-22 22:00:00+00:00,60.0,daily_break,Thu 17:00,Thu 18:00,2020
2020-10-23 20:45:00+00:00,2020-10-25 00:00:00+00:00,1620.0,UNEXPLAINED,Fri 17:00,Sat 20:00,2020
2020-10-25 00:00:00+00:00,2020-10-25 22:00:00+00:00,1305.0,UNEXPLAINED,Sat 20:15,Sun 18:00,2020
2020-10-26 20:45:00+00:00,2020-10-26 22:00:00+00:00,60.0,daily_break,Mon 17:00,Mon 18:00,2020
2020-10-27 20:45:00+00:00,2020-10-27 22:00:00+00:00,60.0,daily_break,Tue 17:00,Tue 18:00,2020
2020-10-28 20:45:00+00:00,2020-10-28 22:00:00+00:00,60.0,daily_break,Wed 17:00,Wed 18:00,2020
2020-10-29 20:45:00+00:00,2020-10-29 22:00:00+00:00,60.0,daily_break,Thu 17:00,Thu 18:00,2020
2020-10-30 20:45:00+00:00,2020-11-01 00:00:00+00:00,1620.0,UNEXPLAINED,Fri 17:00,Sat 20:00,2020
2020-11-01 00:00:00+00:00,2020-11-01 23:00:00+00:00,1365.0,UNEXPLAINED,Sat 20:15,Sun 18:00,2020
2020-11-02 21:45:00+00:00,2020-11-02 23:00:00+00:00,60.0,daily_break,Mon 17:00,Mon 18:00,2020
2020-11-03 21:45:00+00:00,2020-11-03 23:00:00+00:00,60.0,daily_break,Tue 17:00,Tue 18:00,2020
2020-11-04 21:45:00+00:00,2020-11-04 23:00:00+00:00,60.0,daily_break,Wed 17:00,Wed 18:00,2020
2020-11-05 21:45:00+00:00,2020-11-05 23:00:00+00:00,60.0,daily_break,Thu 17:00,Thu 18:00,2020
2020-11-06 21:45:00+00:00,2020-11-08 00:00:00+00:00,1560.0,UNEXPLAINED,Fri 17:00,Sat 19:00,2020
2020-11-08 00:00:00+00:00,2020-11-08 23:00:00+00:00,1365.0,UNEXPLAINED,Sat 19:15,Sun 18:00,2020
2020-11-09 21:45:00+00:00,2020-11-09 23:00:00+00:00,60.0,daily_break,Mon 17:00,Mon 18:00,2020
2020-11-10 21:45:00+00:00,2020-11-10 23:00:00+00:00,60.0,daily_break,Tue 17:00,Tue 18:00,2020
2020-11-11 21:45:00+00:00,2020-11-11 23:00:00+00:00,60.0,daily_break,Wed 17:00,Wed 18:00,2020
2020-11-12 21:45:00+00:00,2020-11-12 23:00:00+00:00,60.0,daily_break,Thu 17:00,Thu 18:00,2020
2020-11-13 21:45:00+00:00,2020-11-15 00:00:00+00:00,1560.0,UNEXPLAINED,Fri 17:00,Sat 19:00,2020
2020-11-15 00:00:00+00:00,2020-11-15 23:00:00+00:00,1365.0,UNEXPLAINED,Sat 19:15,Sun 18:00,2020
2020-11-16 21:45:00+00:00,2020-11-16 23:00:00+00:00,60.0,daily_break,Mon 17:00,Mon 18:00,2020
2020-11-17 21:45:00+00:00,2020-11-17 23:00:00+00:00,60.0,daily_break,Tue 17:00,Tue 18:00,2020
2020-11-18 21:45:00+00:00,2020-11-18 23:00:00+00:00,60.0,daily_break,Wed 17:00,Wed 18:00,2020
2020-11-19 21:45:00+00:00,2020-11-19 23:00:00+00:00,60.0,daily_break,Thu 17:00,Thu 18:00,2020
2020-11-20 21:45:00+00:00,2020-11-22 00:00:00+00:00,1560.0,UNEXPLAINED,Fri 17:00,Sat 19:00,2020
2020-11-22 00:00:00+00:00,2020-11-22 23:00:00+00:00,1365.0,UNEXPLAINED,Sat 19:15,Sun 18:00,2020
2020-11-23 21:45:00+00:00,2020-11-23 23:00:00+00:00,60.0,daily_break,Mon 17:00,Mon 18:00,2020
2020-11-24 21:45:00+00:00,2020-11-24 23:00:00+00:00,60.0,daily_break,Tue 17:00,Tue 18:00,2020
2020-11-25 21:45:00+00:00,2020-11-25 23:00:00+00:00,60.0,daily_break,Wed 17:00,Wed 18:00,2020
2020-11-26 17:45:00+00:00,2020-11-26 23:00:00+00:00,300.0,holiday/early_close,Thu 13:00,Thu 18:00,2020
2020-11-27 18:30:00+00:00,2020-11-29 00:00:00+00:00,1755.0,holiday/early_close,Fri 13:45,Sat 19:00,2020
2020-11-29 00:00:00+00:00,2020-11-29 23:00:00+00:00,1365.0,UNEXPLAINED,Sat 19:15,Sun 18:00,2020
2020-11-30 21:45:00+00:00,2020-11-30 23:00:00+00:00,60.0,daily_break,Mon 17:00,Mon 18:00,2020
2020-12-01 21:45:00+00:00,2020-12-01 23:00:00+00:00,60.0,daily_break,Tue 17:00,Tue 18:00,2020
2020-12-02 21:45:00+00:00,2020-12-02 23:00:00+00:00,60.0,daily_break,Wed 17:00,Wed 18:00,2020
2020-12-03 21:45:00+00:00,2020-12-03 23:00:00+00:00,60.0,daily_break,Thu 17:00,Thu 18:00,2020
2020-12-04 21:45:00+00:00,2020-12-06 00:00:00+00:00,1560.0,UNEXPLAINED,Fri 17:00,Sat 19:00,2020
2020-12-06 00:00:00+00:00,2020-12-06 23:00:00+00:00,1365.0,UNEXPLAINED,Sat 19:15,Sun 18:00,2020
2020-12-07 21:45:00+00:00,2020-12-07 23:00:00+00:00,60.0,daily_break,Mon 17:00,Mon 18:00,2020
2020-12-08 21:45:00+00:00,2020-12-08 23:00:00+00:00,60.0,daily_break,Tue 17:00,Tue 18:00,2020
2020-12-09 21:45:00+00:00,2020-12-09 23:00:00+00:00,60.0,daily_break,Wed 17:00,Wed 18:00,2020
2020-12-10 21:45:00+00:00,2020-12-10 23:00:00+00:00,60.0,daily_break,Thu 17:00,Thu 18:00,2020
2020-12-11 21:45:00+00:00,2020-12-13 00:00:00+00:00,1560.0,UNEXPLAINED,Fri 17:00,Sat 19:00,2020
2020-12-13 00:00:00+00:00,2020-12-13 23:00:00+00:00,1365.0,UNEXPLAINED,Sat 19:15,Sun 18:00,2020
2020-12-14 21:45:00+00:00,2020-12-14 23:00:00+00:00,60.0,daily_break,Mon 17:00,Mon 18:00,2020
2020-12-15 21:45:00+00:00,2020-12-15 23:00:00+00:00,60.0,daily_break,Tue 17:00,Tue 18:00,2020
2020-12-16 21:45:00+00:00,2020-12-16 23:00:00+00:00,60.0,daily_break,Wed 17:00,Wed 18:00,2020
2020-12-17 21:45:00+00:00,2020-12-17 23:00:00+00:00,60.0,daily_break,Thu 17:00,Thu 18:00,2020
2020-12-18 21:45:00+00:00,2020-12-20 00:00:00+00:00,1560.0,UNEXPLAINED,Fri 17:00,Sat 19:00,2020
2020-12-20 00:00:00+00:00,2020-12-20 23:00:00+00:00,1365.0,UNEXPLAINED,Sat 19:15,Sun 18:00,2020
2020-12-21 21:45:00+00:00,2020-12-21 23:00:00+00:00,60.0,daily_break,Mon 17:00,Mon 18:00,2020
2020-12-22 21:45:00+00:00,2020-12-22 23:00:00+00:00,60.0,daily_break,Tue 17:00,Tue 18:00,2020
2020-12-23 21:45:00+00:00,2020-12-23 23:00:00+00:00,60.0,daily_break,Wed 17:00,Wed 18:00,2020
2020-12-24 17:45:00+00:00,2020-12-27 00:00:00+00:00,3240.0,holiday/early_close,Thu 13:00,Sat 19:00,2020
2020-12-27 00:00:00+00:00,2020-12-27 23:00:00+00:00,1365.0,UNEXPLAINED,Sat 19:15,Sun 18:00,2020
2020-12-28 21:45:00+00:00,2020-12-28 23:00:00+00:00,60.0,daily_break,Mon 17:00,Mon 18:00,2020
2020-12-29 21:45:00+00:00,2020-12-29 23:00:00+00:00,60.0,daily_break,Tue 17:00,Tue 18:00,2020
2020-12-30 21:45:00+00:00,2020-12-30 23:00:00+00:00,60.0,daily_break,Wed 17:00,Wed 18:00,2020
2020-12-31 17:45:00+00:00,2021-01-03 00:00:00+00:00,3240.0,holiday/early_close,Thu 13:00,Sat 19:00,2020
2021-01-03 00:00:00+00:00,2021-01-03 23:00:00+00:00,1365.0,UNEXPLAINED,Sat 19:15,Sun 18:00,2021
2021-01-04 21:45:00+00:00,2021-01-04 23:00:00+00:00,60.0,daily_break,Mon 17:00,Mon 18:00,2021
2021-01-05 21:45:00+00:00,2021-01-05 23:00:00+00:00,60.0,daily_break,Tue 17:00,Tue 18:00,2021
2021-01-06 21:45:00+00:00,2021-01-06 23:00:00+00:00,60.0,daily_break,Wed 17:00,Wed 18:00,2021
2021-01-07 21:45:00+00:00,2021-01-07 23:00:00+00:00,60.0,daily_break,Thu 17:00,Thu 18:00,2021
2021-01-08 21:45:00+00:00,2021-01-10 00:00:00+00:00,1560.0,UNEXPLAINED,Fri 17:00,Sat 19:00,2021
2021-01-10 00:00:00+00:00,2021-01-10 23:00:00+00:00,1365.0,UNEXPLAINED,Sat 19:15,Sun 18:00,2021
2021-01-11 21:45:00+00:00,2021-01-11 23:00:00+00:00,60.0,daily_break,Mon 17:00,Mon 18:00,2021
2021-01-12 21:45:00+00:00,2021-01-12 23:00:00+00:00,60.0,daily_break,Tue 17:00,Tue 18:00,2021
2021-01-13 21:45:00+00:00,2021-01-13 23:00:00+00:00,60.0,daily_break,Wed 17:00,Wed 18:00,2021
2021-01-14 21:45:00+00:00,2021-01-14 23:00:00+00:00,60.0,daily_break,Thu 17:00,Thu 18:00,2021
2021-01-15 21:45:00+00:00,2021-01-17 00:00:00+00:00,1560.0,UNEXPLAINED,Fri 17:00,Sat 19:00,2021
2021-01-17 00:00:00+00:00,2021-01-17 23:00:00+00:00,1365.0,UNEXPLAINED,Sat 19:15,Sun 18:00,2021
2021-01-18 17:30:00+00:00,2021-01-18 23:00:00+00:00,315.0,holiday/early_close,Mon 12:45,Mon 18:00,2021
2021-01-19 21:45:00+00:00,2021-01-19 23:00:00+00:00,60.0,daily_break,Tue 17:00,Tue 18:00,2021
2021-01-20 21:45:00+00:00,2021-01-20 23:00:00+00:00,60.0,daily_break,Wed 17:00,Wed 18:00,2021
2021-01-21 21:45:00+00:00,2021-01-21 23:00:00+00:00,60.0,daily_break,Thu 17:00,Thu 18:00,2021
2021-01-22 21:45:00+00:00,2021-01-24 00:00:00+00:00,1560.0,UNEXPLAINED,Fri 17:00,Sat 19:00,2021
2021-01-24 00:00:00+00:00,2021-01-24 23:00:00+00:00,1365.0,UNEXPLAINED,Sat 19:15,Sun 18:00,2021
2021-01-25 21:45:00+00:00,2021-01-25 23:00:00+00:00,60.0,daily_break,Mon 17:00,Mon 18:00,2021
2021-01-26 21:45:00+00:00,2021-01-26 23:00:00+00:00,60.0,daily_break,Tue 17:00,Tue 18:00,2021
2021-01-27 21:45:00+00:00,2021-01-27 23:00:00+00:00,60.0,daily_break,Wed 17:00,Wed 18:00,2021
2021-01-28 21:45:00+00:00,2021-01-28 23:00:00+00:00,60.0,daily_break,Thu 17:00,Thu 18:00,2021
2021-01-29 21:45:00+00:00,2021-01-31 00:00:00+00:00,1560.0,UNEXPLAINED,Fri 17:00,Sat 19:00,2021
2021-01-31 00:00:00+00:00,2021-01-31 23:00:00+00:00,1365.0,UNEXPLAINED,Sat 19:15,Sun 18:00,2021
2021-02-01 21:45:00+00:00,2021-02-01 23:00:00+00:00,60.0,daily_break,Mon 17:00,Mon 18:00,2021
2021-02-02 21:45:00+00:00,2021-02-02 23:00:00+00:00,60.0,daily_break,Tue 17:00,Tue 18:00,2021
2021-02-03 21:45:00+00:00,2021-02-03 23:00:00+00:00,60.0,daily_break,Wed 17:00,Wed 18:00,2021
2021-02-04 21:45:00+00:00,2021-02-04 23:00:00+00:00,60.0,daily_break,Thu 17:00,Thu 18:00,2021
2021-02-05 21:45:00+00:00,2021-02-07 00:00:00+00:00,1560.0,UNEXPLAINED,Fri 17:00,Sat 19:00,2021
2021-02-07 00:00:00+00:00,2021-02-07 23:00:00+00:00,1365.0,UNEXPLAINED,Sat 19:15,Sun 18:00,2021
2021-02-08 21:45:00+00:00,2021-02-08 23:00:00+00:00,60.0,daily_break,Mon 17:00,Mon 18:00,2021
2021-02-09 21:45:00+00:00,2021-02-09 23:00:00+00:00,60.0,daily_break,Tue 17:00,Tue 18:00,2021
2021-02-10 21:45:00+00:00,2021-02-10 23:00:00+00:00,60.0,daily_break,Wed 17:00,Wed 18:00,2021
2021-02-11 21:45:00+00:00,2021-02-11 23:00:00+00:00,60.0,daily_break,Thu 17:00,Thu 18:00,2021
2021-02-12 21:45:00+00:00,2021-02-14 00:00:00+00:00,1560.0,UNEXPLAINED,Fri 17:00,Sat 19:00,2021
2021-02-14 00:00:00+00:00,2021-02-14 23:00:00+00:00,1365.0,UNEXPLAINED,Sat 19:15,Sun 18:00,2021
2021-02-15 17:30:00+00:00,2021-02-15 23:00:00+00:00,315.0,holiday/early_close,Mon 12:45,Mon 18:00,2021
2021-02-16 21:45:00+00:00,2021-02-16 23:00:00+00:00,60.0,daily_break,Tue 17:00,Tue 18:00,2021
2021-02-17 21:45:00+00:00,2021-02-17 23:00:00+00:00,60.0,daily_break,Wed 17:00,Wed 18:00,2021
2021-02-18 21:45:00+00:00,2021-02-18 23:00:00+00:00,60.0,daily_break,Thu 17:00,Thu 18:00,2021
2021-02-19 21:45:00+00:00,2021-02-21 00:00:00+00:00,1560.0,UNEXPLAINED,Fri 17:00,Sat 19:00,2021
2021-02-21 00:00:00+00:00,2021-02-21 23:00:00+00:00,1365.0,UNEXPLAINED,Sat 19:15,Sun 18:00,2021
2021-02-22 21:45:00+00:00,2021-02-22 23:00:00+00:00,60.0,daily_break,Mon 17:00,Mon 18:00,2021
2021-02-23 21:45:00+00:00,2021-02-23 23:00:00+00:00,60.0,daily_break,Tue 17:00,Tue 18:00,2021
2021-02-24 21:45:00+00:00,2021-02-24 23:00:00+00:00,60.0,daily_break,Wed 17:00,Wed 18:00,2021
2021-02-25 21:45:00+00:00,2021-02-25 23:00:00+00:00,60.0,daily_break,Thu 17:00,Thu 18:00,2021
2021-02-26 21:45:00+00:00,2021-02-28 00:00:00+00:00,1560.0,UNEXPLAINED,Fri 17:00,Sat 19:00,2021
2021-02-28 00:00:00+00:00,2021-02-28 23:00:00+00:00,1365.0,UNEXPLAINED,Sat 19:15,Sun 18:00,2021
2021-03-01 21:45:00+00:00,2021-03-01 23:00:00+00:00,60.0,daily_break,Mon 17:00,Mon 18:00,2021
2021-03-02 21:45:00+00:00,2021-03-02 23:00:00+00:00,60.0,daily_break,Tue 17:00,Tue 18:00,2021
2021-03-03 21:45:00+00:00,2021-03-03 23:00:00+00:00,60.0,daily_break,Wed 17:00,Wed 18:00,2021
2021-03-04 21:45:00+00:00,2021-03-04 23:00:00+00:00,60.0,daily_break,Thu 17:00,Thu 18:00,2021
2021-03-05 21:45:00+00:00,2021-03-07 00:00:00+00:00,1560.0,UNEXPLAINED,Fri 17:00,Sat 19:00,2021
2021-03-07 00:00:00+00:00,2021-03-07 23:00:00+00:00,1365.0,UNEXPLAINED,Sat 19:15,Sun 18:00,2021
2021-03-08 21:45:00+00:00,2021-03-08 23:00:00+00:00,60.0,daily_break,Mon 17:00,Mon 18:00,2021
2021-03-09 21:45:00+00:00,2021-03-09 23:00:00+00:00,60.0,daily_break,Tue 17:00,Tue 18:00,2021
2021-03-10 21:45:00+00:00,2021-03-10 23:00:00+00:00,60.0,daily_break,Wed 17:00,Wed 18:00,2021
2021-03-11 21:45:00+00:00,2021-03-11 23:00:00+00:00,60.0,daily_break,Thu 17:00,Thu 18:00,2021
2021-03-12 21:45:00+00:00,2021-03-14 00:00:00+00:00,1560.0,UNEXPLAINED,Fri 17:00,Sat 19:00,2021
2021-03-14 00:00:00+00:00,2021-03-14 22:00:00+00:00,1305.0,UNEXPLAINED,Sat 19:15,Sun 18:00,2021
2021-03-15 20:45:00+00:00,2021-03-15 22:00:00+00:00,60.0,daily_break,Mon 17:00,Mon 18:00,2021
2021-03-16 20:45:00+00:00,2021-03-16 22:00:00+00:00,60.0,daily_break,Tue 17:00,Tue 18:00,2021
2021-03-17 20:45:00+00:00,2021-03-17 22:00:00+00:00,60.0,daily_break,Wed 17:00,Wed 18:00,2021
2021-03-18 20:45:00+00:00,2021-03-18 22:00:00+00:00,60.0,daily_break,Thu 17:00,Thu 18:00,2021
2021-03-19 20:45:00+00:00,2021-03-21 00:00:00+00:00,1620.0,UNEXPLAINED,Fri 17:00,Sat 20:00,2021
2021-03-21 00:00:00+00:00,2021-03-21 22:00:00+00:00,1305.0,UNEXPLAINED,Sat 20:15,Sun 18:00,2021
2021-03-22 20:45:00+00:00,2021-03-22 22:00:00+00:00,60.0,daily_break,Mon 17:00,Mon 18:00,2021
2021-03-23 20:45:00+00:00,2021-03-23 22:00:00+00:00,60.0,daily_break,Tue 17:00,Tue 18:00,2021
2021-03-24 20:45:00+00:00,2021-03-24 22:00:00+00:00,60.0,daily_break,Wed 17:00,Wed 18:00,2021
2021-03-25 20:45:00+00:00,2021-03-25 22:00:00+00:00,60.0,daily_break,Thu 17:00,Thu 18:00,2021
2021-03-26 20:45:00+00:00,2021-03-28 00:00:00+00:00,1620.0,UNEXPLAINED,Fri 17:00,Sat 20:00,2021
2021-03-28 00:00:00+00:00,2021-03-28 22:00:00+00:00,1305.0,UNEXPLAINED,Sat 20:15,Sun 18:00,2021
2021-03-29 20:45:00+00:00,2021-03-29 22:00:00+00:00,60.0,daily_break,Mon 17:00,Mon 18:00,2021
2021-03-30 20:45:00+00:00,2021-03-30 22:00:00+00:00,60.0,daily_break,Tue 17:00,Tue 18:00,2021
2021-03-31 20:45:00+00:00,2021-03-31 22:00:00+00:00,60.0,daily_break,Wed 17:00,Wed 18:00,2021
2021-04-01 20:45:00+00:00,2021-04-04 00:00:00+00:00,3060.0,holiday/early_close,Thu 17:00,Sat 20:00,2021
2021-04-04 00:00:00+00:00,2021-04-04 22:00:00+00:00,1305.0,UNEXPLAINED,Sat 20:15,Sun 18:00,2021
2021-04-05 20:45:00+00:00,2021-04-05 22:00:00+00:00,60.0,daily_break,Mon 17:00,Mon 18:00,2021
2021-04-06 20:45:00+00:00,2021-04-06 22:00:00+00:00,60.0,daily_break,Tue 17:00,Tue 18:00,2021
2021-04-07 20:45:00+00:00,2021-04-07 22:00:00+00:00,60.0,daily_break,Wed 17:00,Wed 18:00,2021
2021-04-08 20:45:00+00:00,2021-04-08 22:00:00+00:00,60.0,daily_break,Thu 17:00,Thu 18:00,2021
2021-04-09 20:45:00+00:00,2021-04-11 00:00:00+00:00,1620.0,UNEXPLAINED,Fri 17:00,Sat 20:00,2021
2021-04-11 00:00:00+00:00,2021-04-11 22:00:00+00:00,1305.0,UNEXPLAINED,Sat 20:15,Sun 18:00,2021
2021-04-12 20:45:00+00:00,2021-04-12 22:00:00+00:00,60.0,daily_break,Mon 17:00,Mon 18:00,2021
2021-04-13 20:45:00+00:00,2021-04-13 22:00:00+00:00,60.0,daily_break,Tue 17:00,Tue 18:00,2021
2021-04-14 20:45:00+00:00,2021-04-14 22:00:00+00:00,60.0,daily_break,Wed 17:00,Wed 18:00,2021
2021-04-15 20:45:00+00:00,2021-04-15 22:00:00+00:00,60.0,daily_break,Thu 17:00,Thu 18:00,2021
2021-04-16 20:45:00+00:00,2021-04-18 00:00:00+00:00,1620.0,UNEXPLAINED,Fri 17:00,Sat 20:00,2021
2021-04-18 00:00:00+00:00,2021-04-18 22:00:00+00:00,1305.0,UNEXPLAINED,Sat 20:15,Sun 18:00,2021
2021-04-19 20:45:00+00:00,2021-04-19 22:00:00+00:00,60.0,daily_break,Mon 17:00,Mon 18:00,2021
2021-04-20 20:45:00+00:00,2021-04-20 22:00:00+00:00,60.0,daily_break,Tue 17:00,Tue 18:00,2021
2021-04-21 20:45:00+00:00,2021-04-21 22:00:00+00:00,60.0,daily_break,Wed 17:00,Wed 18:00,2021
2021-04-22 20:45:00+00:00,2021-04-22 22:00:00+00:00,60.0,daily_break,Thu 17:00,Thu 18:00,2021
2021-04-23 20:45:00+00:00,2021-04-25 00:00:00+00:00,1620.0,UNEXPLAINED,Fri 17:00,Sat 20:00,2021
2021-04-25 00:00:00+00:00,2021-04-25 22:00:00+00:00,1305.0,UNEXPLAINED,Sat 20:15,Sun 18:00,2021
2021-04-26 20:45:00+00:00,2021-04-26 22:00:00+00:00,60.0,daily_break,Mon 17:00,Mon 18:00,2021
2021-04-27 20:45:00+00:00,2021-04-27 22:00:00+00:00,60.0,daily_break,Tue 17:00,Tue 18:00,2021
2021-04-28 20:45:00+00:00,2021-04-28 22:00:00+00:00,60.0,daily_break,Wed 17:00,Wed 18:00,2021
2021-04-29 20:45:00+00:00,2021-04-29 22:00:00+00:00,60.0,daily_break,Thu 17:00,Thu 18:00,2021
2021-04-30 20:45:00+00:00,2021-05-02 00:00:00+00:00,1620.0,UNEXPLAINED,Fri 17:00,Sat 20:00,2021
2021-05-02 00:00:00+00:00,2021-05-02 22:00:00+00:00,1305.0,UNEXPLAINED,Sat 20:15,Sun 18:00,2021
2021-05-03 20:45:00+00:00,2021-05-03 22:00:00+00:00,60.0,daily_break,Mon 17:00,Mon 18:00,2021
2021-05-04 20:45:00+00:00,2021-05-04 22:00:00+00:00,60.0,daily_break,Tue 17:00,Tue 18:00,2021
2021-05-05 20:45:00+00:00,2021-05-05 22:00:00+00:00,60.0,daily_break,Wed 17:00,Wed 18:00,2021
2021-05-06 20:45:00+00:00,2021-05-06 22:00:00+00:00,60.0,daily_break,Thu 17:00,Thu 18:00,2021
2021-05-07 20:45:00+00:00,2021-05-09 00:00:00+00:00,1620.0,UNEXPLAINED,Fri 17:00,Sat 20:00,2021
2021-05-09 00:00:00+00:00,2021-05-09 22:00:00+00:00,1305.0,UNEXPLAINED,Sat 20:15,Sun 18:00,2021
2021-05-10 20:45:00+00:00,2021-05-10 22:00:00+00:00,60.0,daily_break,Mon 17:00,Mon 18:00,2021
2021-05-11 20:45:00+00:00,2021-05-11 22:00:00+00:00,60.0,daily_break,Tue 17:00,Tue 18:00,2021
2021-05-12 20:45:00+00:00,2021-05-12 22:00:00+00:00,60.0,daily_break,Wed 17:00,Wed 18:00,2021
2021-05-13 20:45:00+00:00,2021-05-13 22:00:00+00:00,60.0,daily_break,Thu 17:00,Thu 18:00,2021
2021-05-14 20:45:00+00:00,2021-05-16 00:00:00+00:00,1620.0,UNEXPLAINED,Fri 17:00,Sat 20:00,2021
2021-05-16 00:00:00+00:00,2021-05-16 22:00:00+00:00,1305.0,UNEXPLAINED,Sat 20:15,Sun 18:00,2021
2021-05-17 20:45:00+00:00,2021-05-17 22:00:00+00:00,60.0,daily_break,Mon 17:00,Mon 18:00,2021
2021-05-18 20:45:00+00:00,2021-05-18 22:00:00+00:00,60.0,daily_break,Tue 17:00,Tue 18:00,2021
2021-05-19 20:45:00+00:00,2021-05-19 22:00:00+00:00,60.0,daily_break,Wed 17:00,Wed 18:00,2021
2021-05-20 20:45:00+00:00,2021-05-20 22:00:00+00:00,60.0,daily_break,Thu 17:00,Thu 18:00,2021
2021-05-21 20:45:00+00:00,2021-05-23 00:00:00+00:00,1620.0,UNEXPLAINED,Fri 17:00,Sat 20:00,2021
2021-05-23 00:00:00+00:00,2021-05-23 22:00:00+00:00,1305.0,UNEXPLAINED,Sat 20:15,Sun 18:00,2021
2021-05-24 20:45:00+00:00,2021-05-24 22:00:00+00:00,60.0,daily_break,Mon 17:00,Mon 18:00,2021
2021-05-25 20:45:00+00:00,2021-05-25 22:00:00+00:00,60.0,daily_break,Tue 17:00,Tue 18:00,2021
2021-05-26 20:45:00+00:00,2021-05-26 22:00:00+00:00,60.0,daily_break,Wed 17:00,Wed 18:00,2021
2021-05-27 20:45:00+00:00,2021-05-27 22:00:00+00:00,60.0,daily_break,Thu 17:00,Thu 18:00,2021
2021-05-28 20:45:00+00:00,2021-05-30 00:00:00+00:00,1620.0,UNEXPLAINED,Fri 17:00,Sat 20:00,2021
2021-05-30 00:00:00+00:00,2021-05-30 22:00:00+00:00,1305.0,UNEXPLAINED,Sat 20:15,Sun 18:00,2021
2021-05-31 17:00:00+00:00,2021-05-31 22:00:00+00:00,285.0,holiday/early_close,Mon 13:15,Mon 18:00,2021
2021-06-01 20:45:00+00:00,2021-06-01 22:00:00+00:00,60.0,daily_break,Tue 17:00,Tue 18:00,2021
2021-06-02 20:45:00+00:00,2021-06-02 22:00:00+00:00,60.0,daily_break,Wed 17:00,Wed 18:00,2021
2021-06-03 20:45:00+00:00,2021-06-03 22:00:00+00:00,60.0,daily_break,Thu 17:00,Thu 18:00,2021
2021-06-04 20:45:00+00:00,2021-06-06 00:00:00+00:00,1620.0,UNEXPLAINED,Fri 17:00,Sat 20:00,2021
2021-06-06 00:00:00+00:00,2021-06-06 22:00:00+00:00,1305.0,UNEXPLAINED,Sat 20:15,Sun 18:00,2021
2021-06-07 20:45:00+00:00,2021-06-07 22:00:00+00:00,60.0,daily_break,Mon 17:00,Mon 18:00,2021
2021-06-08 20:45:00+00:00,2021-06-08 22:00:00+00:00,60.0,daily_break,Tue 17:00,Tue 18:00,2021
2021-06-09 20:45:00+00:00,2021-06-09 22:00:00+00:00,60.0,daily_break,Wed 17:00,Wed 18:00,2021
2021-06-10 20:45:00+00:00,2021-06-10 22:00:00+00:00,60.0,daily_break,Thu 17:00,Thu 18:00,2021
2021-06-11 20:45:00+00:00,2021-06-13 00:00:00+00:00,1620.0,UNEXPLAINED,Fri 17:00,Sat 20:00,2021
2021-06-13 00:00:00+00:00,2021-06-13 22:00:00+00:00,1305.0,UNEXPLAINED,Sat 20:15,Sun 18:00,2021
2021-06-14 20:45:00+00:00,2021-06-14 22:00:00+00:00,60.0,daily_break,Mon 17:00,Mon 18:00,2021
2021-06-15 20:45:00+00:00,2021-06-15 22:00:00+00:00,60.0,daily_break,Tue 17:00,Tue 18:00,2021
2021-06-16 20:45:00+00:00,2021-06-16 22:00:00+00:00,60.0,daily_break,Wed 17:00,Wed 18:00,2021
2021-06-17 20:45:00+00:00,2021-06-17 22:00:00+00:00,60.0,daily_break,Thu 17:00,Thu 18:00,2021
2021-06-18 20:45:00+00:00,2021-06-20 00:00:00+00:00,1620.0,holiday/early_close,Fri 17:00,Sat 20:00,2021
2021-06-20 00:00:00+00:00,2021-06-20 22:00:00+00:00,1305.0,UNEXPLAINED,Sat 20:15,Sun 18:00,2021
2021-06-21 20:45:00+00:00,2021-06-21 22:00:00+00:00,60.0,daily_break,Mon 17:00,Mon 18:00,2021
2021-06-22 20:45:00+00:00,2021-06-22 22:00:00+00:00,60.0,daily_break,Tue 17:00,Tue 18:00,2021
2021-06-23 20:45:00+00:00,2021-06-23 22:00:00+00:00,60.0,daily_break,Wed 17:00,Wed 18:00,2021
2021-06-24 20:45:00+00:00,2021-06-24 22:00:00+00:00,60.0,daily_break,Thu 17:00,Thu 18:00,2021
2021-06-25 20:45:00+00:00,2021-06-27 00:00:00+00:00,1620.0,UNEXPLAINED,Fri 17:00,Sat 20:00,2021
2021-06-27 00:00:00+00:00,2021-06-27 22:00:00+00:00,1305.0,UNEXPLAINED,Sat 20:15,Sun 18:00,2021
2021-06-28 20:45:00+00:00,2021-06-28 22:00:00+00:00,60.0,daily_break,Mon 17:00,Mon 18:00,2021
2021-06-29 20:45:00+00:00,2021-06-29 22:00:00+00:00,60.0,daily_break,Tue 17:00,Tue 18:00,2021
2021-06-30 20:45:00+00:00,2021-06-30 22:00:00+00:00,60.0,daily_break,Wed 17:00,Wed 18:00,2021
2021-07-01 20:45:00+00:00,2021-07-01 22:00:00+00:00,60.0,daily_break,Thu 17:00,Thu 18:00,2021
2021-07-02 20:45:00+00:00,2021-07-04 00:00:00+00:00,1620.0,UNEXPLAINED,Fri 17:00,Sat 20:00,2021
2021-07-04 00:00:00+00:00,2021-07-04 22:00:00+00:00,1305.0,UNEXPLAINED,Sat 20:15,Sun 18:00,2021
2021-07-05 16:45:00+00:00,2021-07-05 22:00:00+00:00,300.0,holiday/early_close,Mon 13:00,Mon 18:00,2021
2021-07-06 20:45:00+00:00,2021-07-06 22:00:00+00:00,60.0,daily_break,Tue 17:00,Tue 18:00,2021
2021-07-07 20:45:00+00:00,2021-07-07 22:00:00+00:00,60.0,daily_break,Wed 17:00,Wed 18:00,2021
2021-07-08 20:45:00+00:00,2021-07-08 22:00:00+00:00,60.0,daily_break,Thu 17:00,Thu 18:00,2021
2021-07-09 20:45:00+00:00,2021-07-11 00:00:00+00:00,1620.0,UNEXPLAINED,Fri 17:00,Sat 20:00,2021
2021-07-11 00:00:00+00:00,2021-07-11 22:00:00+00:00,1305.0,UNEXPLAINED,Sat 20:15,Sun 18:00,2021
2021-07-12 20:45:00+00:00,2021-07-12 22:00:00+00:00,60.0,daily_break,Mon 17:00,Mon 18:00,2021
2021-07-13 20:45:00+00:00,2021-07-13 22:00:00+00:00,60.0,daily_break,Tue 17:00,Tue 18:00,2021
2021-07-14 20:45:00+00:00,2021-07-14 22:00:00+00:00,60.0,daily_break,Wed 17:00,Wed 18:00,2021
2021-07-15 20:45:00+00:00,2021-07-15 22:00:00+00:00,60.0,daily_break,Thu 17:00,Thu 18:00,2021
2021-07-16 20:45:00+00:00,2021-07-18 00:00:00+00:00,1620.0,UNEXPLAINED,Fri 17:00,Sat 20:00,2021
2021-07-18 00:00:00+00:00,2021-07-18 22:00:00+00:00,1305.0,UNEXPLAINED,Sat 20:15,Sun 18:00,2021
2021-07-19 20:45:00+00:00,2021-07-19 22:00:00+00:00,60.0,daily_break,Mon 17:00,Mon 18:00,2021
2021-07-20 20:45:00+00:00,2021-07-20 22:00:00+00:00,60.0,daily_break,Tue 17:00,Tue 18:00,2021
2021-07-21 20:45:00+00:00,2021-07-21 22:00:00+00:00,60.0,daily_break,Wed 17:00,Wed 18:00,2021
2021-07-22 20:45:00+00:00,2021-07-22 22:00:00+00:00,60.0,daily_break,Thu 17:00,Thu 18:00,2021
2021-07-23 20:45:00+00:00,2021-07-25 00:00:00+00:00,1620.0,UNEXPLAINED,Fri 17:00,Sat 20:00,2021
2021-07-25 00:00:00+00:00,2021-07-25 22:00:00+00:00,1305.0,UNEXPLAINED,Sat 20:15,Sun 18:00,2021
2021-07-26 20:45:00+00:00,2021-07-26 22:00:00+00:00,60.0,daily_break,Mon 17:00,Mon 18:00,2021
2021-07-27 20:45:00+00:00,2021-07-27 22:00:00+00:00,60.0,daily_break,Tue 17:00,Tue 18:00,2021
2021-07-28 20:45:00+00:00,2021-07-28 22:00:00+00:00,60.0,daily_break,Wed 17:00,Wed 18:00,2021
2021-07-29 20:45:00+00:00,2021-07-29 22:00:00+00:00,60.0,daily_break,Thu 17:00,Thu 18:00,2021
2021-07-30 20:45:00+00:00,2021-08-01 00:00:00+00:00,1620.0,UNEXPLAINED,Fri 17:00,Sat 20:00,2021
2021-08-01 00:00:00+00:00,2021-08-01 22:00:00+00:00,1305.0,UNEXPLAINED,Sat 20:15,Sun 18:00,2021
2021-08-02 20:45:00+00:00,2021-08-02 22:00:00+00:00,60.0,daily_break,Mon 17:00,Mon 18:00,2021
2021-08-03 20:45:00+00:00,2021-08-03 22:00:00+00:00,60.0,daily_break,Tue 17:00,Tue 18:00,2021
2021-08-04 20:45:00+00:00,2021-08-04 22:00:00+00:00,60.0,daily_break,Wed 17:00,Wed 18:00,2021
2021-08-05 20:45:00+00:00,2021-08-05 22:00:00+00:00,60.0,daily_break,Thu 17:00,Thu 18:00,2021
2021-08-06 20:45:00+00:00,2021-08-08 00:00:00+00:00,1620.0,UNEXPLAINED,Fri 17:00,Sat 20:00,2021
2021-08-08 00:00:00+00:00,2021-08-08 22:00:00+00:00,1305.0,UNEXPLAINED,Sat 20:15,Sun 18:00,2021
2021-08-09 20:45:00+00:00,2021-08-09 22:00:00+00:00,60.0,daily_break,Mon 17:00,Mon 18:00,2021
2021-08-10 20:45:00+00:00,2021-08-10 22:00:00+00:00,60.0,daily_break,Tue 17:00,Tue 18:00,2021
2021-08-11 20:45:00+00:00,2021-08-11 22:00:00+00:00,60.0,daily_break,Wed 17:00,Wed 18:00,2021
2021-08-12 20:45:00+00:00,2021-08-12 22:00:00+00:00,60.0,daily_break,Thu 17:00,Thu 18:00,2021
2021-08-13 20:45:00+00:00,2021-08-15 00:00:00+00:00,1620.0,UNEXPLAINED,Fri 17:00,Sat 20:00,2021
2021-08-15 00:00:00+00:00,2021-08-15 22:00:00+00:00,1305.0,UNEXPLAINED,Sat 20:15,Sun 18:00,2021
2021-08-16 20:45:00+00:00,2021-08-16 22:00:00+00:00,60.0,daily_break,Mon 17:00,Mon 18:00,2021
2021-08-17 20:45:00+00:00,2021-08-17 22:00:00+00:00,60.0,daily_break,Tue 17:00,Tue 18:00,2021
2021-08-18 20:45:00+00:00,2021-08-18 22:00:00+00:00,60.0,daily_break,Wed 17:00,Wed 18:00,2021
2021-08-19 20:45:00+00:00,2021-08-19 22:00:00+00:00,60.0,daily_break,Thu 17:00,Thu 18:00,2021
2021-08-20 20:45:00+00:00,2021-08-22 22:00:00+00:00,2940.0,weekend,Fri 17:00,Sun 18:00,2021
2021-08-23 20:45:00+00:00,2021-08-23 22:00:00+00:00,60.0,daily_break,Mon 17:00,Mon 18:00,2021
2021-08-24 20:45:00+00:00,2021-08-24 22:00:00+00:00,60.0,daily_break,Tue 17:00,Tue 18:00,2021
2021-08-25 20:45:00+00:00,2021-08-25 22:00:00+00:00,60.0,daily_break,Wed 17:00,Wed 18:00,2021
2021-08-26 20:45:00+00:00,2021-08-26 22:00:00+00:00,60.0,daily_break,Thu 17:00,Thu 18:00,2021
2021-08-27 20:45:00+00:00,2021-08-29 22:00:00+00:00,2940.0,weekend,Fri 17:00,Sun 18:00,2021
2021-08-30 20:45:00+00:00,2021-08-30 22:00:00+00:00,60.0,daily_break,Mon 17:00,Mon 18:00,2021
2021-08-31 20:45:00+00:00,2021-08-31 22:00:00+00:00,60.0,daily_break,Tue 17:00,Tue 18:00,2021
