timestamp,open,high,low,close,tick_volume,spread,real_volume
2025.12.23 00:00:00,4460.236,4470.591,4458.033,4470.532,9111,160,0
2025.12.23 01:00:00,4470.546,4490.817,4469.756,4486.684,25622,160,0
2025.12.23 02:00:00,4486.777,4497.785,4481.101,4493.484,14924,160,0
2025.12.23 03:00:00,4493.446,4496.562,4483.120,4486.863,13546,160,0
2025.12.23 04:00:00,4486.824,4488.419,4478.738,4482.547,9204,160,0
2025.12.23 05:00:00,4482.493,4485.579,4474.872,4475.332,13427,160,0
2025.12.23 06:00:00,4475.293,4481.525,4469.518,4481.477,12708,160,0
2025.12.23 07:00:00,4481.395,4489.679,4478.294,4486.692,9201,160,0
2025.12.23 08:00:00,4486.656,4493.270,4484.732,4489.931,9861,160,0
2025.12.23 09:00:00,4489.881,4491.162,4478.199,4480.430,12132,160,0
2025.12.23 10:00:00,4480.391,4487.636,4479.548,4484.302,8637,160,0
2025.12.23 11:00:00,4484.355,4494.179,4483.054,4493.534,8547,160,0
2025.12.23 12:00:00,4493.464,4493.645,4483.393,4486.534,8914,160,0
2025.12.23 13:00:00,4486.468,4497.359,4473.179,4479.204,26049,160,0
2025.12.23 14:00:00,4479.180,4479.821,4441.513,4446.349,49655,160,0
2025.12.23 15:00:00,4446.308,4459.329,4430.584,4458.511,42908,160,0
2025.12.23 16:00:00,4458.471,4476.532,4455.835,4474.191,19335,160,0
2025.12.23 17:00:00,4474.229,4479.817,4469.702,4472.699,18334,160,0
2025.12.23 18:00:00,4472.706,4485.062,4472.706,4484.408,13814,160,0
2025.12.23 19:00:00,4484.443,4496.275,4484.091,4490.860,14176,160,0
2025.12.23 20:00:00,4490.896,4500.083,4489.394,4497.460,10870,160,0
2025.12.23 21:00:00,4497.563,4499.016,4483.568,4484.991,7817,160,0
2025.12.23 23:00:00,4487.444,4510.371,4486.745,4503.344,10930,160,0
2025.12.24 00:00:00,4503.359,4518.016,4500.774,4511.814,14861,160,0
2025.12.24 01:00:00,4511.885,4525.967,4506.823,4518.760,27930,160,0
2025.12.24 02:00:00,4518.794,4519.316,4475.021,4477.520,23456,160,0
2025.12.24 03:00:00,4477.573,4498.469,4468.766,4493.138,25689,160,0
2025.12.24 04:00:00,4493.170,4501.566,4491.229,4499.299,9204,160,0
2025.12.24 05:00:00,4499.254,4500.699,4485.268,4488.605,15516,160,0
2025.12.24 06:00:00,4488.639,4498.135,4485.393,4493.596,13010,160,0
2025.12.24 07:00:00,4493.626,4495.109,4483.440,4483.925,10212,160,0
2025.12.24 08:00:00,4483.975,4492.917,4478.091,4482.329,15968,160,0
2025.12.24 09:00:00,4482.373,4496.010,4481.974,4494.626,11807,160,0
2025.12.24 10:00:00,4494.594,4499.899,4482.350,4489.433,12335,160,0
2025.12.24 11:00:00,4489.455,4491.943,4483.082,4491.476,8991,160,0
2025.12.24 12:00:00,4491.512,4496.050,4489.776,4490.814,9793,160,0
2025.12.24 13:00:00,4490.845,4493.438,4474.532,4487.814,24825,160,0
2025.12.24 14:00:00,4487.876,4489.341,4460.347,4464.672,38287,160,0
2025.12.24 15:00:00,4464.649,4476.542,4448.294,4458.334,39851,160,0
2025.12.24 16:00:00,4458.403,4478.075,4455.900,4476.788,21572,160,0
2025.12.24 17:00:00,4476.762,4487.611,4475.312,4480.553,19865,160,0
2025.12.24 18:00:00,4480.598,4482.376,4477.301,4480.715,4075,160,0
2025.12.25 23:00:00,4486.193,4500.024,4484.435,4495.245,9563,160,0
2025.12.26 00:00:00,4495.172,4518.041,4492.372,4517.946,14562,160,0
2025.12.26 01:00:00,4517.905,4531.332,4497.648,4503.785,39424,160,0
2025.12.26 02:00:00,4503.745,4509.756,4492.303,4508.847,20947,160,0
2025.12.26 03:00:00,4508.838,4513.556,4497.619,4501.786,14040,160,0
2025.12.26 04:00:00,4501.836,4511.774,4500.546,4509.087,9617,160,0
2025.12.26 05:00:00,4509.025,4514.884,4506.002,4510.102,11343,160,0
2025.12.26 06:00:00,4510.053,4519.384,4508.122,4511.677,15517,160,0
2025.12.26 07:00:00,4511.643,4515.715,4507.401,4510.957,9719,160,0
2025.12.26 08:00:00,4510.994,4519.671,4509.581,4518.630,9136,160,0
2025.12.26 09:00:00,4518.696,4520.669,4511.850,4512.747,7971,160,0
2025.12.26 10:00:00,4512.797,4523.786,4511.262,4514.401,11527,160,0
2025.12.26 11:00:00,4514.389,4515.364,4502.773,4509.647,17838,160,0
2025.12.26 12:00:00,4509.611,4515.018,4506.634,4508.920,10380,160,0
2025.12.26 13:00:00,4508.861,4528.369,4503.875,4525.083,23786,160,0
2025.12.26 14:00:00,4525.058,4533.439,4512.721,4520.997,33765,160,0
2025.12.26 15:00:00,4521.042,4547.660,4519.608,4546.678,32584,160,0
2025.12.26 16:00:00,4546.631,4550.199,4531.436,4536.461,30346,160,0
2025.12.26 17:00:00,4536.494,4537.708,4509.840,4518.955,31808,160,0
2025.12.26 18:00:00,4518.996,4532.682,4514.721,4530.854,22592,160,0
2025.12.26 19:00:00,4530.972,4535.621,4520.061,4523.773,15136,160,0
2025.12.26 20:00:00,4523.883,4535.364,4521.822,4531.115,20630,160,0
2025.12.26 21:00:00,4531.083,4534.664,4527.374,4532.515,11700,160,0
2025.12.28 23:00:00,4546.214,4548.500,4523.347,4527.184,25294,160,0
2025.12.29 00:00:00,4527.210,4527.995,4472.242,4497.406,56827,160,0
2025.12.29 01:00:00,4497.460,4517.513,4492.140,4497.163,41376,160,0
2025.12.29 02:00:00,4497.099,4515.781,4496.391,4512.367,20000,160,0
2025.12.29 03:00:00,4512.321,4520.613,4509.433,4516.325,17331,160,0
2025.12.29 04:00:00,4516.340,4519.435,4507.570,4515.736,11638,160,0
2025.12.29 05:00:00,4515.684,4519.288,4505.076,4506.683,15683,160,0
2025.12.29 06:00:00,4506.767,4510.720,4471.254,4475.146,36806,160,0
2025.12.29 07:00:00,4475.113,4481.823,4444.935,4474.592,41899,160,0
2025.12.29 08:00:00,4474.713,4488.661,4452.543,4460.937,31296,160,0
2025.12.29 09:00:00,4460.977,4476.332,4459.129,4472.176,20104,160,0
2025.12.29 10:00:00,4472.148,4474.524,4456.990,4460.856,15671,160,0
2025.12.29 11:00:00,4460.865,4467.635,4434.210,4446.684,22856,160,0
2025.12.29 12:00:00,4446.710,4464.664,4445.595,4464.197,16793,160,0
2025.12.29 13:00:00,4464.173,4467.737,4406.866,4421.483,47925,160,0
2025.12.29 14:00:00,4421.433,4421.433,4356.544,4360.437,74299,160,0
2025.12.29 15:00:00,4360.287,4360.695,4302.137,4325.328,62635,160,0
2025.12.29 16:00:00,4325.282,4347.549,4323.439,4341.733,38549,160,0
2025.12.29 17:00:00,4341.841,4343.063,4314.689,4328.092,31134,160,0
2025.12.29 18:00:00,4328.060,4335.007,4322.894,4331.515,26325,160,0
2025.12.29 19:00:00,4331.543,4337.998,4327.709,4336.993,14163,160,0
2025.12.29 20:00:00,4337.018,4344.687,4325.845,4334.685,17812,160,0
2025.12.29 21:00:00,4334.596,4339.324,4327.326,4331.546,11287,160,0
2025.12.29 23:00:00,4339.166,4347.180,4323.343,4345.645,13303,160,0
2025.12.30 00:00:00,4345.590,4350.881,4334.547,4339.658,15376,160,0
2025.12.30 01:00:00,4339.619,4360.178,4324.425,4360.168,29935,160,0
2025.12.30 02:00:00,4360.202,4364.992,4348.887,4362.656,23202,160,0
2025.12.30 03:00:00,4362.692,4369.264,4356.298,4359.264,15315,160,0
2025.12.30 04:00:00,4359.341,4369.750,4357.584,4363.476,8138,160,0
2025.12.30 05:00:00,4363.426,4380.049,4358.857,4377.697,16743,160,0
2025.12.30 06:00:00,4377.731,4378.494,4359.882,4364.710,22943,160,0
2025.12.30 07:00:00,4364.672,4383.566,4359.177,4372.569,18321,160,0
2025.12.30 08:00:00,4372.625,4373.982,4350.162,4364.961,18874,160,0
2025.12.30 09:00:00,4365.015,4376.397,4364.154,4372.109,13350,160,0
2025.12.30 10:00:00,4372.007,4391.783,4367.598,4384.867,16086,160,0
2025.12.30 11:00:00,4384.858,4390.256,4381.233,4384.409,12061,160,0
2025.12.30 12:00:00,4384.366,4402.865,4383.471,4401.215,16639,160,0
2025.12.30 13:00:00,4401.304,4404.231,4376.127,4388.289,34489,160,0
2025.12.30 14:00:00,4388.340,4392.275,4355.830,4366.377,37604,160,0
2025.12.30 15:00:00,4366.273,4377.534,4359.332,4365.096,36398,160,0
2025.12.30 16:00:00,4365.132,4380.002,4354.864,4377.781,25355,160,0
2025.12.30 17:00:00,4377.756,4381.803,4364.273,4370.161,19656,160,0
2025.12.30 18:00:00,4370.255,4378.727,4362.438,4364.795,17823,160,0
2025.12.30 19:00:00,4364.870,4368.020,4337.569,4348.624,18642,160,0
2025.12.30 20:00:00,4348.649,4355.571,4337.927,4341.767,23981,160,0
2025.12.30 21:00:00,4341.802,4350.284,4334.786,4338.759,9953,160,0
2025.12.30 23:00:00,4343.520,4346.462,4328.508,4338.922,13773,160,0
2025.12.31 00:00:00,4338.977,4346.922,4332.497,4342.413,15952,160,0
2025.12.31 01:00:00,4342.377,4373.450,4336.900,4366.062,26849,160,0
2025.12.31 02:00:00,4366.123,4371.305,4346.689,4348.691,26468,160,0
2025.12.31 03:00:00,4348.764,4359.968,4340.827,4348.647,28114,160,0
2025.12.31 04:00:00,4348.617,4351.395,4330.725,4332.989,16103,160,0
2025.12.31 05:00:00,4333.061,4343.027,4275.838,4285.812,37020,160,0
2025.12.31 06:00:00,4285.838,4329.354,4274.307,4328.006,35420,160,0
2025.12.31 07:00:00,4328.054,4335.193,4323.816,4331.108,18841,160,0
2025.12.31 08:00:00,4331.079,4333.067,4303.309,4307.210,18325,160,0
2025.12.31 09:00:00,4307.246,4337.374,4306.958,4325.956,17961,160,0
2025.12.31 10:00:00,4325.922,4331.492,4303.736,4306.677,17916,160,0
2025.12.31 11:00:00,4306.625,4316.473,4304.104,4310.933,14102,160,0
2025.12.31 12:00:00,4310.913,4318.125,4303.096,4313.872,14743,160,0
2025.12.31 13:00:00,4313.854,4348.442,4308.063,4345.819,23062,160,0
2025.12.31 14:00:00,4345.787,4353.618,4332.911,4346.005,34007,160,0
2025.12.31 15:00:00,4346.046,4346.276,4326.981,4337.274,32950,160,0
2025.12.31 16:00:00,4337.321,4339.737,4317.115,4322.976,23957,160,0
2025.12.31 17:00:00,4323.006,4329.584,4318.062,4321.796,18390,160,0
2025.12.31 18:00:00,4321.851,4331.309,4315.462,4319.309,4885,160,0
2025.12.31 19:00:00,4319.471,4322.609,4307.489,4311.253,4801,768,0
2025.12.31 20:00:00,4311.052,4324.296,4304.157,4312.854,5155,773,0
2025.12.31 21:00:00,4313.034,4318.933,4307.175,4318.847,7238,160,0
2026.01.01 23:00:00,4328.340,4351.549,4327.659,4348.349,8166,160,0
2026.01.02 00:00:00,4348.358,4356.206,4341.279,4354.191,11394,160,0
2026.01.02 01:00:00,4354.197,4356.159,4344.606,4348.030,13841,160,0
2026.01.02 02:00:00,4348.002,4363.219,4344.852,4362.798,12320,160,0
2026.01.02 03:00:00,4362.821,4375.846,4362.077,4375.173,11816,160,0
2026.01.02 04:00:00,4375.130,4378.617,4371.404,4373.267,10511,160,0
2026.01.02 05:00:00,4373.358,4381.777,4370.946,4380.664,9576,160,0
2026.01.02 06:00:00,4380.694,4381.063,4373.402,4374.779,9777,160,0
2026.01.02 07:00:00,4374.758,4383.326,4371.949,4382.800,11025,160,0
2026.01.02 08:00:00,4382.763,4397.619,4380.540,4387.120,11085,160,0
2026.01.02 09:00:00,4387.083,4391.735,4383.334,4385.609,10336,160,0
2026.01.02 10:00:00,4385.635,4398.548,4384.555,4396.070,10218,160,0
2026.01.02 11:00:00,4396.165,4399.384,4390.825,4392.898,8553,160,0
2026.01.02 12:00:00,4392.911,4398.330,4385.192,4394.339,11624,160,0
2026.01.02 13:00:00,4394.389,4402.455,4361.783,4366.023,30188,160,0
2026.01.02 14:00:00,4366.066,4373.699,4348.106,4353.462,40078,160,0
2026.01.02 15:00:00,4353.425,4357.017,4330.239,4335.470,47125,160,0
2026.01.02 16:00:00,4335.417,4337.381,4314.828,4326.428,42130,160,0
2026.01.02 17:00:00,4326.382,4333.531,4322.733,4323.089,22189,160,0
2026.01.02 18:00:00,4323.015,4323.733,4309.669,4315.060,22297,160,0
2026.01.02 19:00:00,4315.106,4326.310,4315.106,4318.185,15744,160,0
2026.01.02 20:00:00,4318.228,4331.565,4317.192,4331.422,13928,160,0
2026.01.02 21:00:00,4331.457,4333.959,4327.074,4331.759,6496,160,0
2026.01.04 23:00:00,4353.486,4375.948,4349.829,4372.570,15605,160,0
2026.01.05 00:00:00,4372.597,4396.822,4370.227,4395.025,21242,160,0
2026.01.05 01:00:00,4395.114,4421.140,4391.224,4401.876,53080,160,0
2026.01.05 02:00:00,4401.913,4409.590,4388.651,4405.335,25496,160,0
2026.01.05 03:00:00,4405.379,4414.105,4399.718,4399.979,15813,160,0
2026.01.05 04:00:00,4399.941,4408.413,4397.428,4404.147,9530,160,0
2026.01.05 05:00:00,4404.194,4414.553,4401.270,4412.369,14142,160,0
2026.01.05 06:00:00,4412.307,4426.559,4411.206,4420.167,20042,160,0
2026.01.05 07:00:00,4420.279,4425.096,4416.831,4421.826,13576,160,0
2026.01.05 08:00:00,4421.826,4433.981,4419.342,4430.181,13952,160,0
2026.01.05 09:00:00,4430.172,4438.245,4425.973,4434.845,12538,160,0
2026.01.05 10:00:00,4434.838,4440.011,4430.807,4436.250,11013,160,0
2026.01.05 11:00:00,4436.286,4437.501,4411.073,4419.349,18650,160,0
2026.01.05 12:00:00,4419.316,4421.533,4405.439,4409.669,16763,160,0
2026.01.05 13:00:00,4409.708,4418.988,4395.895,4416.777,31829,160,0
2026.01.05 14:00:00,4416.756,4442.854,4416.756,4436.827,38791,160,0
2026.01.05 15:00:00,4436.879,4455.749,4435.479,4448.524,34686,160,0
2026.01.05 16:00:00,4448.487,4454.498,4438.479,4441.949,19405,160,0
2026.01.05 17:00:00,4441.992,4449.015,4432.261,4443.566,22048,160,0
2026.01.05 18:00:00,4443.511,4448.613,4439.821,4448.613,13624,160,0
2026.01.05 19:00:00,4448.640,4449.504,4434.700,4439.845,15275,160,0
2026.01.05 20:00:00,4439.805,4447.050,4437.926,4444.978,14023,160,0
2026.01.05 21:00:00,4445.061,4449.325,4443.406,4448.989,6570,160,0
2026.01.05 23:00:00,4454.841,4460.290,4436.894,4440.334,8861,160,0
2026.01.06 00:00:00,4440.389,4444.857,4430.373,4436.385,13761,160,0
2026.01.06 01:00:00,4436.333,4452.280,4427.675,4450.468,27235,160,0
2026.01.06 02:00:00,4450.417,4461.378,4448.646,4454.980,20459,160,0
2026.01.06 03:00:00,4455.006,4468.212,4454.095,4467.778,13240,160,0
2026.01.06 04:00:00,4467.682,4468.576,4461.678,4467.361,8570,160,0
2026.01.06 05:00:00,4467.251,4474.275,4449.432,4452.392,17991,160,0
2026.01.06 06:00:00,4452.466,4466.961,4451.601,4465.679,17745,160,0
2026.01.06 07:00:00,4465.603,4470.422,4457.239,4459.479,12725,160,0
2026.01.06 08:00:00,4459.501,4476.002,4457.453,4468.331,15591,160,0
2026.01.06 09:00:00,4468.254,4468.593,4444.803,4446.314,17366,160,0
2026.01.06 10:00:00,4446.398,4456.041,4442.565,4451.749,11838,160,0
2026.01.06 11:00:00,4451.826,4464.660,4448.690,4463.377,9953,160,0
2026.01.06 12:00:00,4463.319,4466.318,4458.790,4463.614,9835,160,0
2026.01.06 13:00:00,4463.620,4470.587,4453.975,4467.983,24276,160,0
2026.01.06 14:00:00,4468.012,4489.999,4464.509,4487.466,27516,160,0
2026.01.06 15:00:00,4487.493,4490.930,4462.854,4478.351,37249,160,0
2026.01.06 16:00:00,4478.386,4489.043,4471.616,4488.240,21746,160,0
2026.01.06 17:00:00,4488.340,4491.600,4481.679,4489.462,16022,160,0
2026.01.06 18:00:00,4489.420,4494.094,4482.257,4488.520,15416,160,0
2026.01.06 19:00:00,4488.540,4489.405,4477.426,4481.409,15230,160,0
2026.01.06 20:00:00,4481.378,4496.944,4480.296,4493.817,11740,160,0
2026.01.06 21:00:00,4493.778,4497.422,4491.764,4494.600,6572,160,0
2026.01.06 23:00:00,4498.082,4500.541,4492.122,4493.196,7164,160,0
2026.01.07 00:00:00,4493.308,4494.694,4482.523,4491.903,12752,160,0
2026.01.07 01:00:00,4491.870,4495.916,4460.993,4465.500,39064,160,0
2026.01.07 02:00:00,4465.482,4478.785,4459.455,4474.678,20651,160,0
2026.01.07 03:00:00,4474.656,4480.327,4471.815,4474.703,13978,160,0
2026.01.07 04:00:00,4474.676,4476.068,4463.457,4464.827,15649,160,0
2026.01.07 05:00:00,4464.825,4470.287,4443.170,4454.270,24567,160,0
2026.01.07 06:00:00,4454.232,4460.451,4441.419,4444.168,21268,160,0
2026.01.07 07:00:00,4444.112,4465.231,4441.509,4461.273,15257,160,0
2026.01.07 08:00:00,4461.183,4474.837,4459.346,4468.313,13202,160,0
2026.01.07 09:00:00,4468.205,4468.699,4459.596,4463.388,12025,160,0
2026.01.07 10:00:00,4463.360,4467.837,4458.607,4464.554,9731,160,0
2026.01.07 11:00:00,4464.481,4464.982,4446.537,4447.469,13021,160,0
2026.01.07 12:00:00,4447.441,4455.078,4439.158,4445.029,16748,160,0
2026.01.07 13:00:00,4445.066,4453.132,4427.817,4452.968,35527,160,0
2026.01.07 14:00:00,4452.923,4454.334,4435.764,4445.604,38095,160,0
2026.01.07 15:00:00,4445.549,4452.207,4423.539,4446.078,34283,160,0
2026.01.07 16:00:00,4446.044,4468.438,4443.910,4464.270,25202,160,0
2026.01.07 17:00:00,4464.301,4465.416,4449.791,4451.851,15220,160,0
2026.01.07 18:00:00,4451.908,4458.817,4447.231,4452.012,17193,160,0
2026.01.07 19:00:00,4452.073,4457.967,4445.362,4456.852,12836,160,0
2026.01.07 20:00:00,4456.896,4461.700,4450.530,4452.036,15660,160,0
2026.01.07 21:00:00,4452.071,4456.100,4449.759,4455.734,6293,160,0
2026.01.07 23:00:00,4459.787,4464.170,4458.515,4463.418,6175,160,0
2026.01.08 00:00:00,4463.442,4466.480,4446.637,4450.263,13156,160,0
2026.01.08 01:00:00,4450.259,4460.501,4441.640,4448.506,23902,160,0
2026.01.08 02:00:00,4448.519,4449.725,4433.347,4441.382,20393,160,0
2026.01.08 03:00:00,4441.397,4446.563,4437.135,4440.317,14604,160,0
2026.01.08 04:00:00,4440.323,4440.552,4430.197,4431.553,9516,160,0
2026.01.08 05:00:00,4431.524,4432.409,4415.511,4425.388,24398,160,0
2026.01.08 06:00:00,4425.458,4437.606,4415.853,4433.359,23966,160,0
2026.01.08 07:00:00,4433.395,4439.928,4428.495,4431.056,14981,160,0
2026.01.08 08:00:00,4430.981,4433.321,4419.816,4431.639,16208,160,0
2026.01.08 09:00:00,4431.550,4435.449,4425.979,4432.575,11999,160,0
2026.01.08 10:00:00,4432.589,4434.825,4422.964,4433.283,11255,160,0
2026.01.08 11:00:00,4433.327,4433.327,4422.008,4422.728,10045,160,0
2026.01.08 12:00:00,4422.769,4431.351,4407.580,4427.857,19067,160,0
2026.01.08 13:00:00,4427.725,4436.327,4417.267,4423.741,27361,160,0
2026.01.08 14:00:00,4423.738,4439.431,4418.887,4432.880,39389,160,0
2026.01.08 15:00:00,4432.819,4456.564,4427.777,4454.076,37114,160,0
2026.01.08 16:00:00,4454.146,4464.591,4446.895,4463.162,24950,160,0
2026.01.08 17:00:00,4463.116,4465.486,4457.509,4463.398,15001,160,0
2026.01.08 18:00:00,4463.442,4463.442,4447.909,4449.652,16481,160,0
2026.01.08 19:00:00,4449.642,4452.900,4444.332,4452.141,10905,160,0
2026.01.08 20:00:00,4452.020,4478.222,4451.458,4476.027,18386,160,0
2026.01.08 21:00:00,4475.999,4479.735,4472.705,4477.366,8160,160,0
2026.01.08 23:00:00,4482.004,4484.175,4472.630,4475.597,7504,160,0
2026.01.09 00:00:00,4475.632,4476.742,4459.988,4462.915,10730,160,0
2026.01.09 01:00:00,4462.869,4470.030,4452.819,4468.977,24830,160,0
2026.01.09 02:00:00,4468.941,4476.519,4465.646,4469.395,15583,160,0
2026.01.09 03:00:00,4469.365,4469.986,4460.366,4464.219,12555,160,0
2026.01.09 04:00:00,4464.226,4466.907,4460.722,4464.783,7565,160,0
2026.01.09 05:00:00,4464.788,4471.761,4458.062,4468.157,13290,160,0
2026.01.09 06:00:00,4468.226,4477.441,4466.039,4474.162,14847,160,0
2026.01.09 07:00:00,4474.204,4475.545,4468.430,4470.230,9404,160,0
2026.01.09 08:00:00,4470.267,4476.785,4463.971,4468.492,11781,160,0
2026.01.09 09:00:00,4468.445,4477.674,4468.320,4471.203,9171,160,0
2026.01.09 10:00:00,4471.220,4474.344,4467.198,4472.637,7401,160,0
2026.01.09 11:00:00,4472.670,4476.212,4468.615,4475.430,8042,160,0
2026.01.09 12:00:00,4475.334,4480.629,4460.898,4465.953,13299,160,0
2026.01.09 13:00:00,4466.041,4491.944,4458.906,4482.705,38063,160,0
2026.01.09 14:00:00,4482.745,4498.150,4479.269,4494.539,45836,160,0
2026.01.09 15:00:00,4494.499,4517.180,4490.069,4512.272,35074,160,0
2026.01.09 16:00:00,4512.371,4514.408,4499.838,4506.512,23383,160,0
2026.01.09 17:00:00,4506.567,4511.732,4482.001,4484.546,20897,160,0
2026.01.09 18:00:00,4484.503,4504.642,4482.950,4496.021,20182,160,0
2026.01.09 19:00:00,4496.085,4501.927,4492.719,4499.336,11145,160,0
2026.01.09 20:00:00,4499.294,4510.175,4497.755,4507.629,13741,160,0
2026.01.09 21:00:00,4507.600,4511.251,4505.053,4509.075,6253,160,0
2026.01.11 23:00:00,4517.918,4545.010,4517.918,4539.960,13234,160,0
2026.01.12 00:00:00,4540.010,4601.220,4536.272,4588.948,33464,160,0
2026.01.12 01:00:00,4588.987,4594.993,4570.140,4570.140,49143,160,0
2026.01.12 02:00:00,4570.108,4582.232,4561.787,4577.521,27398,160,0
2026.01.12 03:00:00,4577.462,4581.449,4567.656,4570.658,15835,160,0
2026.01.12 04:00:00,4570.695,4572.065,4563.492,4568.609,11233,160,0
2026.01.12 05:00:00,4568.565,4585.172,4565.908,4581.025,17575,160,0
2026.01.12 06:00:00,4580.979,4580.979,4569.701,4578.421,15363,160,0
2026.01.12 07:00:00,4578.455,4589.664,4574.636,4587.700,15748,160,0
2026.01.12 08:00:00,4587.743,4598.337,4579.506,4596.747,16692,160,0
2026.01.12 09:00:00,4596.863,4599.337,4587.734,4589.117,13397,160,0
2026.01.12 10:00:00,4589.166,4595.436,4585.878,4594.155,12554,160,0
2026.01.12 11:00:00,4594.270,4594.888,4581.808,4585.272,11742,160,0
2026.01.12 12:00:00,4585.261,4590.725,4578.479,4590.484,14117,160,0
2026.01.12 13:00:00,4590.435,4620.453,4588.695,4615.806,28419,160,0
2026.01.12 14:00:00,4615.850,4617.358,4584.885,4602.226,53666,160,0
2026.01.12 15:00:00,4602.193,4627.426,4601.772,4621.268,33476,160,0
2026.01.12 16:00:00,4621.242,4630.183,4607.857,4616.948,23259,160,0
2026.01.12 17:00:00,4616.941,4620.646,4610.812,4616.463,18283,160,0
2026.01.12 18:00:00,4616.477,4618.626,4600.443,4610.738,19631,160,0
2026.01.12 19:00:00,4610.794,4619.048,4608.672,4611.112,11471,160,0
2026.01.12 20:00:00,4611.138,4611.760,4591.478,4593.790,19210,160,0
2026.01.12 21:00:00,4593.840,4597.223,4589.245,4596.711,9407,160,0
2026.01.12 23:00:00,4600.673,4603.593,4577.934,4599.345,15277,160,0
2026.01.13 00:00:00,4599.371,4599.709,4584.439,4587.454,11844,160,0
2026.01.13 01:00:00,4587.452,4595.732,4575.475,4577.984,29594,160,0
2026.01.13 02:00:00,4577.916,4595.054,4576.752,4594.245,16952,160,0
2026.01.13 03:00:00,4594.211,4599.764,4592.527,4594.166,11654,160,0
2026.01.13 04:00:00,4594.168,4599.744,4593.917,4596.528,8212,160,0
2026.01.13 05:00:00,4596.502,4602.247,4585.563,4592.134,15625,160,0
2026.01.13 06:00:00,4592.061,4592.361,4573.274,4581.641,18084,160,0
2026.01.13 07:00:00,4581.617,4587.236,4577.449,4580.548,12026,160,0
2026.01.13 08:00:00,4580.515,4597.255,4579.536,4592.785,13489,160,0
2026.01.13 09:00:00,4592.752,4595.756,4585.679,4586.197,9954,160,0
2026.01.13 10:00:00,4586.164,4588.289,4580.403,4586.300,9091,160,0
2026.01.13 11:00:00,4586.297,4592.049,4582.064,4588.503,9838,160,0
2026.01.13 12:00:00,4588.599,4595.195,4577.842,4593.218,10046,160,0
2026.01.13 13:00:00,4593.256,4621.028,4590.709,4611.575,33260,160,0
2026.01.13 14:00:00,4611.523,4634.798,4609.050,4629.966,37403,160,0
2026.01.13 15:00:00,4629.887,4630.291,4600.887,4619.104,40126,160,0
2026.01.13 16:00:00,4619.001,4620.796,4592.800,4613.306,24967,160,0
2026.01.13 17:00:00,4613.269,4616.064,4586.633,4590.502,21341,160,0
2026.01.13 18:00:00,4590.452,4602.050,4581.054,4594.198,27149,160,0
2026.01.13 19:00:00,4594.239,4599.037,4584.153,4597.503,19022,160,0
2026.01.13 20:00:00,4597.539,4597.876,4569.306,4586.045,23699,160,0
2026.01.13 21:00:00,4586.098,4589.945,4582.710,4586.552,8471,160,0
2026.01.13 23:00:00,4590.721,4598.853,4590.682,4597.136,6932,160,0
2026.01.14 00:00:00,4597.181,4610.751,4597.140,4609.153,12169,160,0
2026.01.14 01:00:00,4609.191,4619.959,4606.199,4619.160,22350,160,0
2026.01.14 02:00:00,4619.139,4623.626,4614.334,4620.633,17031,160,0
2026.01.14 03:00:00,4620.582,4630.088,4613.499,4628.238,13334,160,0
2026.01.14 04:00:00,4628.316,4630.562,4625.253,4629.468,9512,160,0
2026.01.14 05:00:00,4629.495,4639.961,4617.717,4619.880,23744,160,0
2026.01.14 06:00:00,4619.766,4637.236,4618.535,4637.217,22036,160,0
2026.01.14 07:00:00,4637.325,4639.632,4631.374,4632.634,11945,160,0
2026.01.14 08:00:00,4632.587,4637.912,4621.925,4634.979,16832,160,0
2026.01.14 09:00:00,4634.864,4639.657,4627.052,4630.422,11569,160,0
2026.01.14 10:00:00,4630.391,4638.184,4627.814,4633.025,10792,160,0
2026.01.14 11:00:00,4632.990,4637.477,4625.929,4630.325,11503,160,0
2026.01.14 12:00:00,4630.408,4642.017,4630.148,4638.782,14178,160,0
2026.01.14 13:00:00,4638.815,4641.810,4624.312,4635.839,30005,160,0
2026.01.14 14:00:00,4635.872,4638.828,4606.615,4617.582,40372,160,0
2026.01.14 15:00:00,4617.552,4626.490,4599.321,4617.855,40333,160,0
2026.01.14 16:00:00,4617.892,4624.844,4608.529,4616.995,26842,160,0
2026.01.14 17:00:00,4617.041,4619.208,4601.076,4614.239,27514,160,0
2026.01.14 18:00:00,4614.214,4637.171,4612.745,4635.077,19936,160,0
2026.01.14 19:00:00,4635.107,4643.189,4633.344,4639.223,18613,160,0
2026.01.14 20:00:00,4639.247,4641.596,4625.609,4632.498,29352,160,0
2026.01.14 21:00:00,4632.551,4633.061,4617.901,4626.038,12457,160,0
2026.01.14 23:00:00,4626.610,4626.949,4602.840,4615.294,15370,160,0
2026.01.15 00:00:00,4615.218,4618.194,4610.117,4615.335,12458,160,0
2026.01.15 01:00:00,4615.282,4617.484,4583.603,4600.055,42872,160,0
2026.01.15 02:00:00,4600.016,4614.673,4595.584,4602.831,24843,160,0
2026.01.15 03:00:00,4602.870,4604.397,4581.069,4592.282,27823,160,0
2026.01.15 04:00:00,4592.258,4597.489,4587.043,4592.263,15197,160,0
2026.01.15 05:00:00,4592.354,4599.006,4580.995,4595.213,20755,160,0
2026.01.15 06:00:00,4595.257,4612.035,4593.643,4610.261,20225,160,0
2026.01.15 07:00:00,4610.216,4613.539,4599.215,4601.818,13104,160,0
2026.01.15 08:00:00,4601.775,4607.132,4597.845,4604.268,14674,160,0
2026.01.15 09:00:00,4604.233,4613.071,4600.656,4612.620,11368,160,0
2026.01.15 10:00:00,4612.569,4620.571,4609.369,4619.803,10697,160,0
2026.01.15 11:00:00,4619.840,4623.032,4615.404,4619.132,10918,160,0
2026.01.15 12:00:00,4619.184,4620.747,4611.731,4613.970,11456,160,0
2026.01.15 13:00:00,4613.881,4616.137,4582.033,4588.377,34848,160,0
2026.01.15 14:00:00,4588.413,4615.181,4583.250,4610.958,40655,160,0
2026.01.15 15:00:00,4611.005,4618.121,4603.877,4615.473,28702,160,0
2026.01.15 16:00:00,4615.408,4624.902,4601.162,4605.649,25449,160,0
2026.01.15 17:00:00,4605.699,4616.995,4605.651,4616.439,14047,160,0
2026.01.15 18:00:00,4616.497,4621.286,4613.569,4617.591,15870,160,0
2026.01.15 19:00:00,4617.621,4621.733,4612.627,4615.794,10656,160,0
2026.01.15 20:00:00,4615.901,4616.311,4600.750,4605.761,18880,160,0
2026.01.15 21:00:00,4605.734,4616.429,4604.409,4615.670,6762,160,0
2026.01.15 23:00:00,4618.110,4620.971,4606.448,4610.284,9862,160,0
2026.01.16 00:00:00,4610.243,4611.358,4598.533,4599.981,12315,160,0
2026.01.16 01:00:00,4600.019,4608.535,4593.942,4600.504,22424,160,0
2026.01.16 02:00:00,4600.477,4604.227,4591.273,4594.891,21655,160,0
2026.01.16 03:00:00,4594.918,4599.719,4592.794,4596.491,10820,160,0
2026.01.16 04:00:00,4596.353,4602.001,4596.114,4601.087,6171,160,0
2026.01.16 05:00:00,4601.133,4616.229,4595.299,4611.511,12174,160,0
2026.01.16 06:00:00,4611.614,4612.341,4593.851,4597.967,18131,160,0
2026.01.16 07:00:00,4598.052,4612.025,4596.850,4607.485,14724,160,0
2026.01.16 08:00:00,4607.433,4610.731,4601.344,4603.185,11331,160,0
2026.01.16 09:00:00,4603.149,4608.518,4598.843,4600.521,8250,160,0
2026.01.16 10:00:00,4600.493,4611.198,4599.772,4600.216,9215,160,0
2026.01.16 11:00:00,4600.250,4616.177,4598.593,4612.471,10468,160,0
2026.01.16 12:00:00,4612.510,4613.039,4597.466,4601.704,12481,160,0
2026.01.16 13:00:00,4601.755,4605.621,4582.677,4601.890,33655,160,0
2026.01.16 14:00:00,4601.909,4614.823,4596.186,4607.914,29205,160,0
2026.01.16 15:00:00,4607.952,4620.539,4536.729,4571.398,75288,160,0
2026.01.16 16:00:00,4571.351,4599.058,4567.921,4591.494,43955,160,0
2026.01.16 17:00:00,4591.510,4593.088,4576.850,4581.457,23432,160,0
2026.01.16 18:00:00,4581.416,4596.036,4580.011,4582.656,20324,160,0
2026.01.16 19:00:00,4582.630,4592.475,4580.875,4590.572,14911,160,0
2026.01.16 20:00:00,4590.587,4596.089,4580.874,4581.986,14332,160,0
2026.01.16 21:00:00,4581.955,4598.587,4581.955,4596.588,11927,160,0
2026.01.18 23:00:00,4655.358,4690.741,4653.824,4672.573,25458,160,0
2026.01.19 00:00:00,4672.630,4682.114,4660.973,4675.351,23819,160,0
2026.01.19 01:00:00,4675.381,4678.351,4656.212,4657.369,37619,160,0
2026.01.19 02:00:00,4657.324,4665.079,4653.138,4662.418,20359,160,0
2026.01.19 03:00:00,4662.365,4669.922,4658.228,4658.521,13862,160,0
2026.01.19 04:00:00,4658.556,4665.994,4658.134,4663.069,8886,160,0
2026.01.19 05:00:00,4663.058,4674.307,4662.959,4669.983,11668,160,0
2026.01.19 06:00:00,4669.955,4679.037,4666.767,4677.954,11099,160,0
2026.01.19 07:00:00,4677.933,4678.511,4661.873,4665.186,13145,160,0
2026.01.19 08:00:00,4665.140,4673.835,4661.683,4663.672,12772,160,0
2026.01.19 09:00:00,4663.636,4672.911,4661.902,4668.460,9743,160,0
2026.01.19 10:00:00,4668.355,4671.257,4661.280,4663.821,8842,160,0
2026.01.19 11:00:00,4663.803,4667.557,4659.548,4660.705,10098,160,0
2026.01.19 12:00:00,4660.676,4673.744,4660.126,4672.066,10244,160,0
2026.01.19 13:00:00,4671.958,4673.734,4664.471,4666.116,12354,160,0
2026.01.19 14:00:00,4666.127,4670.367,4661.511,4666.594,11351,160,0
2026.01.19 15:00:00,4666.567,4676.098,4664.314,4674.329,12298,160,0
2026.01.19 16:00:00,4674.283,4675.622,4670.478,4672.183,7726,160,0
2026.01.19 17:00:00,4672.259,4678.833,4669.171,4676.236,6653,160,0
2026.01.19 18:00:00,4676.237,4680.490,4673.834,4676.540,6140,160,0
2026.01.19 19:00:00,4676.631,4676.752,4667.050,4670.928,4324,160,0
2026.01.19 23:00:00,4673.440,4673.595,4664.575,4665.406,6555,160,0
2026.01.20 00:00:00,4665.371,4668.045,4659.485,4660.504,8513,160,0
2026.01.20 01:00:00,4660.470,4676.071,4659.868,4669.702,16511,160,0
2026.01.20 02:00:00,4669.667,4674.781,4665.527,4668.686,14004,160,0
2026.01.20 03:00:00,4668.656,4681.604,4666.173,4680.148,10532,160,0
2026.01.20 04:00:00,4680.083,4697.143,4679.684,4695.232,11383,160,0
2026.01.20 05:00:00,4695.273,4716.890,4694.235,4714.591,18847,160,0
2026.01.20 06:00:00,4714.551,4717.125,4705.470,4712.532,20395,160,0
2026.01.20 07:00:00,4712.461,4722.775,4711.385,4716.168,14602,160,0
2026.01.20 08:00:00,4716.195,4731.519,4714.966,4729.230,17566,160,0
2026.01.20 09:00:00,4729.280,4737.424,4721.184,4732.404,14733,160,0
2026.01.20 10:00:00,4732.418,4735.050,4723.094,4726.552,12902,160,0
2026.01.20 11:00:00,4726.562,4735.418,4721.583,4733.029,9602,160,0
2026.01.20 12:00:00,4732.985,4732.985,4724.098,4727.454,11696,160,0
2026.01.20 13:00:00,4727.565,4738.492,4715.232,4737.092,33078,160,0
2026.01.20 14:00:00,4737.150,4751.211,4728.629,4741.252,53789,160,0
2026.01.20 15:00:00,4741.186,4748.638,4722.394,4737.495,47633,160,0
2026.01.20 16:00:00,4737.464,4757.894,4729.069,4753.631,25824,160,0
2026.01.20 17:00:00,4753.663,4762.419,4746.094,4759.263,19022,160,0
2026.01.20 18:00:00,4759.298,4766.367,4752.871,4759.359,16585,160,0
2026.01.20 19:00:00,4759.370,4766.301,4756.434,4760.696,12642,160,0
2026.01.20 20:00:00,4760.699,4761.139,4747.418,4756.662,17082,160,0
2026.01.20 21:00:00,4756.641,4763.976,4756.283,4763.376,31018,160,0
2026.01.20 23:00:00,4762.604,4781.083,4757.789,4775.878,9728,160,0
2026.01.21 00:00:00,4775.829,4787.732,4770.762,4784.700,12059,160,0
2026.01.21 01:00:00,4784.650,4844.397,4783.507,4835.302,39103,160,0
2026.01.21 02:00:00,4835.341,4842.159,4817.232,4836.690,26821,160,0
2026.01.21 03:00:00,4836.654,4849.968,4827.094,4845.003,21822,160,0
2026.01.21 04:00:00,4845.003,4871.035,4837.906,4865.859,16356,160,0
2026.01.21 05:00:00,4865.916,4878.241,4858.882,4869.953,21710,160,0
2026.01.21 06:00:00,4870.038,4888.520,4845.483,4847.640,31905,160,0
2026.01.21 07:00:00,4847.583,4857.196,4832.476,4855.146,28604,160,0
2026.01.21 08:00:00,4855.142,4869.713,4851.529,4854.677,13776,160,0
2026.01.21 09:00:00,4854.713,4877.080,4852.333,4860.292,17048,160,0
2026.01.21 10:00:00,4860.243,4866.776,4859.433,4862.135,13161,160,0
2026.01.21 11:00:00,4862.180,4871.530,4855.210,4866.812,12229,160,0
2026.01.21 12:00:00,4866.845,4870.955,4855.777,4865.009,15016,160,0
2026.01.21 13:00:00,4865.061,4880.344,4858.388,4879.398,26949,160,0
2026.01.21 14:00:00,4879.338,4881.047,4839.249,4852.150,68729,160,0
2026.01.21 15:00:00,4851.990,4868.658,4812.704,4847.815,62355,160,0
2026.01.21 16:00:00,4847.861,4855.798,4819.536,4833.336,43890,160,0
2026.01.21 17:00:00,4833.390,4834.351,4802.543,4826.180,43990,160,0
2026.01.21 18:00:00,4826.147,4850.783,4819.823,4850.150,28559,160,0
2026.01.21 19:00:00,4850.041,4854.103,4755.878,4781.264,89049,160,0
2026.01.21 20:00:00,4781.229,4827.868,4772.392,4826.621,56025,160,0
2026.01.21 21:00:00,4826.593,4839.807,4813.302,4828.746,17205,160,0
2026.01.21 23:00:00,4831.025,4831.112,4777.633,4778.370,17755,160,0
2026.01.22 00:00:00,4778.317,4798.831,4778.121,4798.160,22583,160,0
2026.01.22 01:00:00,4798.108,4809.695,4772.208,4797.915,35545,160,0
2026.01.22 02:00:00,4797.791,4798.334,4774.904,4788.993,24003,160,0
2026.01.22 03:00:00,4788.963,4796.993,4784.157,4796.604,14227,160,0
2026.01.22 04:00:00,4796.582,4800.519,4793.855,4797.355,11528,160,0
2026.01.22 05:00:00,4797.386,4821.628,4793.688,4821.283,14889,160,0
2026.01.22 06:00:00,4821.311,4829.247,4816.423,4826.534,15798,160,0
2026.01.22 07:00:00,4826.574,4838.827,4825.664,4832.684,13869,160,0
2026.01.22 08:00:00,4832.659,4835.648,4822.388,4830.744,14016,160,0
2026.01.22 09:00:00,4830.615,4837.972,4813.895,4823.101,16105,160,0
2026.01.22 10:00:00,4823.059,4831.851,4819.252,4829.026,11460,160,0
2026.01.22 11:00:00,4829.046,4836.466,4824.504,4831.136,10526,160,0
2026.01.22 12:00:00,4831.108,4832.560,4818.846,4819.798,12601,160,0
2026.01.22 13:00:00,4819.903,4835.295,4810.693,4822.181,26735,160,0
2026.01.22 14:00:00,4822.115,4847.758,4820.359,4835.251,34001,160,0
2026.01.22 15:00:00,4835.156,4873.686,4826.796,4871.714,35387,160,0
2026.01.22 16:00:00,4871.756,4885.494,4868.085,4877.995,26057,160,0
2026.01.22 17:00:00,4878.080,4906.369,4869.787,4904.519,32521,160,0
2026.01.22 18:00:00,4904.480,4919.380,4901.229,4915.979,24651,160,0
2026.01.22 19:00:00,4915.933,4924.477,4905.936,4911.663,17278,160,0
2026.01.22 20:00:00,4911.700,4928.411,4911.410,4916.994,17285,160,0
2026.01.22 21:00:00,4916.946,4940.818,4914.521,4936.220,11543,160,0
2026.01.22 23:00:00,4944.346,4960.587,4930.713,4958.972,17514,160,0
2026.01.23 00:00:00,4959.011,4965.720,4947.585,4965.123,16505,160,0
2026.01.23 01:00:00,4965.085,4967.555,4936.266,4953.624,36753,160,0
2026.01.23 02:00:00,4953.581,4962.236,4946.884,4955.589,14896,160,0
2026.01.23 03:00:00,4955.632,4959.015,4938.225,4952.007,17353,160,0
2026.01.23 04:00:00,4951.971,4958.360,4950.156,4956.283,7665,160,0
2026.01.23 05:00:00,4956.259,4967.334,4954.464,4960.654,9463,160,0
2026.01.23 06:00:00,4960.628,4962.947,4945.512,4953.708,18546,160,0
2026.01.23 07:00:00,4953.733,4959.558,4943.340,4944.413,15568,160,0
2026.01.23 08:00:00,4944.349,4947.539,4901.296,4913.781,30538,160,0
2026.01.23 09:00:00,4913.849,4921.684,4899.542,4918.577,24149,160,0
2026.01.23 10:00:00,4918.538,4932.423,4915.662,4929.871,14714,160,0
2026.01.23 11:00:00,4929.821,4930.041,4911.967,4922.962,15089,160,0
2026.01.23 12:00:00,4922.999,4942.585,4918.220,4939.264,15922,160,0
2026.01.23 13:00:00,4939.239,4947.993,4923.818,4938.919,38333,160,0
2026.01.23 14:00:00,4938.993,4956.538,4932.804,4943.153,31654,160,0
2026.01.23 15:00:00,4943.231,4963.375,4938.434,4960.584,32042,160,0
2026.01.23 16:00:00,4960.611,4988.334,4959.077,4980.297,28659,160,0
2026.01.23 17:00:00,4980.335,4988.104,4962.064,4965.998,24712,160,0
2026.01.23 18:00:00,4966.032,4984.119,4958.260,4966.792,26810,160,0
2026.01.23 19:00:00,4966.818,4989.804,4966.818,4984.331,16059,160,0
2026.01.23 20:00:00,4984.297,4985.729,4970.597,4981.517,21859,160,0
2026.01.23 21:00:00,4981.478,4989.060,4978.031,4988.337,9029,160,0
2026.01.25 23:00:00,5019.847,5040.296,5003.575,5039.789,30631,160,0
2026.01.26 00:00:00,5039.821,5052.074,5030.511,5041.830,25051,160,0
2026.01.26 01:00:00,5041.689,5085.699,5029.102,5071.170,47008,160,0
2026.01.26 02:00:00,5071.195,5093.104,5066.996,5081.120,35218,160,0
2026.01.26 03:00:00,5081.060,5087.955,5070.008,5076.541,27465,160,0
2026.01.26 04:00:00,5076.643,5078.002,5058.149,5070.445,18198,160,0
2026.01.26 05:00:00,5070.362,5076.465,5052.349,5074.295,33543,160,0
2026.01.26 06:00:00,5074.343,5111.173,5065.319,5078.045,38122,160,0
2026.01.26 07:00:00,5077.977,5095.687,5074.034,5089.275,21250,160,0
2026.01.26 08:00:00,5089.234,5098.298,5080.086,5083.341,20452,160,0
2026.01.26 09:00:00,5083.303,5098.657,5075.421,5084.082,21509,160,0
2026.01.26 10:00:00,5084.113,5095.059,5078.706,5091.639,16768,160,0
2026.01.26 11:00:00,5091.612,5092.781,5078.580,5091.438,13870,160,0
2026.01.26 12:00:00,5091.406,5096.983,5077.161,5078.886,20701,160,0
2026.01.26 13:00:00,5078.846,5083.272,5054.500,5068.552,36220,160,0
2026.01.26 14:00:00,5068.522,5096.971,5058.257,5096.269,43742,160,0
2026.01.26 15:00:00,5096.318,5097.378,5073.859,5090.917,44353,160,0
2026.01.26 16:00:00,5090.819,5104.973,5065.294,5089.514,51170,160,0
2026.01.26 17:00:00,5089.562,5105.182,5080.778,5100.920,33037,160,0
2026.01.26 18:00:00,5100.974,5103.276,5057.803,5068.873,63443,160,0
2026.01.26 19:00:00,5069.012,5069.722,5008.218,5028.697,101915,160,0
2026.01.26 20:00:00,5028.662,5062.317,5026.128,5055.167,61380,160,0
2026.01.26 21:00:00,5055.217,5059.318,4989.632,5009.206,53005,160,0
2026.01.26 23:00:00,5029.858,5061.533,5018.936,5043.629,19983,160,0
2026.01.27 00:00:00,5043.588,5054.010,5013.485,5032.697,26567,160,0
2026.01.27 01:00:00,5032.725,5075.936,5018.845,5060.443,54984,160,0
2026.01.27 02:00:00,5060.400,5079.843,5049.591,5072.430,26861,160,0
2026.01.27 03:00:00,5072.477,5079.142,5060.246,5076.871,21989,160,0
2026.01.27 04:00:00,5076.798,5078.570,5061.539,5068.022,16872,160,0
2026.01.27 05:00:00,5067.919,5085.261,5057.336,5082.944,21974,160,0
2026.01.27 06:00:00,5082.906,5094.015,5076.573,5085.824,21985,160,0
2026.01.27 07:00:00,5085.868,5100.931,5081.597,5086.128,28225,160,0
2026.01.27 08:00:00,5086.063,5088.356,5073.319,5079.426,22657,160,0
2026.01.27 09:00:00,5079.400,5099.601,5077.940,5098.723,18972,160,0
2026.01.27 10:00:00,5098.693,5098.693,5081.890,5086.163,17633,160,0
2026.01.27 11:00:00,5086.201,5090.907,5066.852,5076.734,17193,160,0
2026.01.27 12:00:00,5076.702,5091.210,5073.589,5085.037,22278,160,0
2026.01.27 13:00:00,5085.024,5092.975,5069.428,5077.435,38617,160,0
2026.01.27 14:00:00,5077.494,5082.439,5046.465,5054.261,77516,160,0
2026.01.27 15:00:00,5054.226,5091.494,5047.532,5091.126,61651,160,0
2026.01.27 16:00:00,5091.093,5103.130,5083.378,5087.504,39416,160,0
2026.01.27 17:00:00,5087.454,5094.192,5076.677,5081.340,40548,160,0
2026.01.27 18:00:00,5081.310,5095.421,5076.205,5088.052,32988,160,0
2026.01.27 19:00:00,5088.006,5099.999,5081.171,5098.926,17083,160,0
2026.01.27 20:00:00,5098.952,5182.465,5097.882,5176.540,90457,160,0
2026.01.27 21:00:00,5176.624,5190.490,5169.441,5180.515,34032,160,0
2026.01.27 23:00:00,5177.132,5177.256,5159.071,5172.433,16261,160,0
2026.01.28 00:00:00,5172.389,5180.100,5157.059,5171.933,22153,160,0
2026.01.28 01:00:00,5171.877,5225.257,5168.730,5204.765,61879,160,0
2026.01.28 02:00:00,5204.737,5234.450,5201.588,5231.874,40057,160,0
2026.01.28 03:00:00,5231.804,5247.780,5224.532,5235.049,32156,160,0
2026.01.28 04:00:00,5234.986,5248.970,5232.359,5245.639,16833,160,0
2026.01.28 05:00:00,5245.583,5266.523,5241.647,5261.216,28019,160,0
2026.01.28 06:00:00,5261.187,5271.375,5252.097,5269.850,26148,160,0
2026.01.28 07:00:00,5269.896,5292.847,5263.030,5290.397,26414,160,0
2026.01.28 08:00:00,5290.353,5311.548,5280.758,5293.649,38290,160,0
2026.01.28 09:00:00,5293.614,5297.426,5262.838,5277.991,29883,160,0
2026.01.28 10:00:00,5278.033,5285.636,5269.345,5269.962,21687,160,0
2026.01.28 11:00:00,5269.973,5270.792,5238.576,5261.638,32776,160,0
2026.01.28 12:00:00,5261.700,5279.217,5251.651,5279.181,29897,160,0
2026.01.28 13:00:00,5279.109,5289.555,5257.022,5266.626,44856,160,0
2026.01.28 14:00:00,5266.654,5288.672,5248.453,5286.060,61430,160,0
2026.01.28 15:00:00,5286.172,5298.177,5235.248,5278.235,110072,160,0
2026.01.28 16:00:00,5278.276,5300.181,5274.419,5299.753,52231,160,0
2026.01.28 17:00:00,5299.816,5307.037,5283.043,5298.136,40354,160,0
2026.01.28 18:00:00,5298.233,5326.162,5268.440,5283.597,67803,160,0
2026.01.28 19:00:00,5283.487,5332.219,5269.346,5325.429,79354,160,0
2026.01.28 20:00:00,5325.403,5391.534,5320.984,5376.717,83925,160,0
2026.01.28 21:00:00,5376.793,5417.587,5376.793,5417.508,39507,160,0
2026.01.28 23:00:00,5448.139,5570.018,5432.519,5513.022,63768,160,0
2026.01.29 00:00:00,5512.989,5527.251,5450.329,5520.358,60531,160,0
2026.01.29 01:00:00,5520.373,5551.741,5445.471,5545.787,100269,160,0
2026.01.29 02:00:00,5545.740,5550.166,5504.497,5535.797,64818,160,0
2026.01.29 03:00:00,5535.774,5548.906,5508.482,5545.769,51597,160,0
2026.01.29 04:00:00,5545.731,5564.547,5533.588,5558.391,35386,160,0
2026.01.29 05:00:00,5558.328,5564.499,5516.084,5562.619,50191,160,0
2026.01.29 06:00:00,5562.647,5595.324,5554.772,5561.648,53460,160,0
2026.01.29 07:00:00,5561.611,5575.077,5536.964,5548.968,52560,160,0
2026.01.29 08:00:00,5548.933,5554.969,5473.966,5509.804,69320,160,0
2026.01.29 09:00:00,5509.760,5529.684,5498.042,5514.147,39742,160,0
2026.01.29 10:00:00,5514.115,5525.262,5482.241,5483.343,32190,160,0
2026.01.29 11:00:00,5483.390,5528.819,5470.702,5522.653,25842,160,0
2026.01.29 12:00:00,5522.631,5542.958,5518.484,5534.252,23507,160,0
2026.01.29 13:00:00,5534.180,5540.824,5500.157,5510.376,33610,160,0
2026.01.29 14:00:00,5510.403,5549.572,5491.126,5497.710,62264,160,0
2026.01.29 15:00:00,5497.334,5497.334,5094.978,5182.906,141054,160,0
2026.01.29 16:00:00,5182.822,5311.274,5172.006,5264.023,91980,160,0
2026.01.29 17:00:00,5264.077,5375.470,5264.077,5335.284,70669,160,0
2026.01.29 18:00:00,5335.335,5362.127,5307.915,5339.037,56514,160,0
2026.01.29 19:00:00,5339.098,5345.278,5290.269,5305.838,55266,160,0
2026.01.29 20:00:00,5305.702,5407.072,5282.802,5394.512,42340,160,0
2026.01.29 21:00:00,5394.432,5426.005,5374.635,5377.505,29945,160,0
2026.01.29 23:00:00,5400.815,5448.655,5388.252,5438.589,40172,160,0
2026.01.30 00:00:00,5438.551,5450.946,5389.899,5407.066,55980,160,0
2026.01.30 01:00:00,5407.098,5409.694,5291.360,5301.705,130685,160,0
2026.01.30 02:00:00,5301.612,5312.884,5112.046,5224.767,236459,160,0
2026.01.30 03:00:00,5224.791,5229.882,5150.709,5196.541,111933,160,0
2026.01.30 04:00:00,5196.535,5230.854,5193.790,5214.833,60663,160,0
2026.01.30 05:00:00,5214.785,5241.641,5180.053,5184.857,60975,160,0
2026.01.30 06:00:00,5184.981,5205.354,5145.544,5155.843,83789,160,0
2026.01.30 07:00:00,5155.957,5186.681,5117.625,5181.227,88791,160,0
2026.01.30 08:00:00,5181.197,5181.197,5055.990,5117.300,112087,160,0
2026.01.30 09:00:00,5117.273,5132.821,4940.267,5013.792,201081,160,0
2026.01.30 10:00:00,5013.515,5122.632,5000.979,5119.731,108144,160,0
2026.01.30 11:00:00,5119.702,5144.841,5089.698,5136.072,74751,160,0
2026.01.30 12:00:00,5136.036,5145.942,5055.443,5064.676,97414,160,0
2026.01.30 13:00:00,5064.596,5099.969,4991.925,5019.419,133951,160,0
2026.01.30 14:00:00,5019.451,5113.588,5014.305,5033.014,138626,160,0
2026.01.30 15:00:00,5033.129,5074.023,4980.398,5050.424,95314,160,0
2026.01.30 16:00:00,5050.472,5051.645,4941.961,4985.359,88184,160,0
2026.01.30 17:00:00,4985.286,4986.077,4801.145,4849.920,104644,160,0
2026.01.30 18:00:00,4849.886,4894.437,4682.526,4880.538,150011,160,0
2026.01.30 19:00:00,4880.574,4947.859,4840.071,4932.661,79525,160,0
2026.01.30 20:00:00,4932.701,4932.978,4809.015,4847.993,69575,160,0
2026.01.30 21:00:00,4847.956,4892.997,4831.705,4891.496,31713,160,0
2026.02.01 23:00:00,4793.519,4819.788,4697.912,4741.060,41049,160,0
2026.02.02 00:00:00,4741.422,4884.850,4740.112,4766.976,73209,160,0
2026.02.02 01:00:00,4766.877,4784.840,4585.266,4737.008,105154,160,0
2026.02.02 02:00:00,4736.902,4773.092,4698.051,4711.079,69600,160,0
2026.02.02 03:00:00,4711.120,4729.494,4630.337,4646.571,72510,160,0
2026.02.02 04:00:00,4646.505,4713.526,4603.508,4679.776,60485,160,0
2026.02.02 05:00:00,4679.670,4696.873,4498.139,4549.383,79462,160,0
2026.02.02 06:00:00,4549.340,4573.562,4402.001,4503.755,104823,160,0
2026.02.02 07:00:00,4503.915,4619.077,4484.754,4587.081,67982,160,0
2026.02.02 08:00:00,4587.148,4651.351,4561.542,4640.758,55289,160,0
2026.02.02 09:00:00,4640.831,4731.451,4603.433,4719.567,63748,160,0
2026.02.02 10:00:00,4719.534,4734.034,4657.228,4705.788,49526,160,0
2026.02.02 11:00:00,4705.763,4779.762,4703.605,4766.226,44525,160,0
2026.02.02 12:00:00,4766.028,4812.462,4743.117,4794.221,44164,160,0
2026.02.02 13:00:00,4794.157,4803.869,4669.443,4706.167,86745,160,0
2026.02.02 14:00:00,4706.239,4794.395,4680.033,4719.504,82846,160,0
2026.02.02 15:00:00,4719.232,4745.596,4617.081,4619.977,94501,160,0
2026.02.02 16:00:00,4620.053,4708.893,4596.519,4665.750,67032,160,0
2026.02.02 17:00:00,4665.838,4714.137,4656.458,4674.072,41687,160,0
2026.02.02 18:00:00,4674.155,4674.250,4618.276,4658.011,47574,160,0
2026.02.02 19:00:00,4657.904,4712.940,4631.413,4685.280,33423,160,0
2026.02.02 20:00:00,4685.389,4700.778,4647.337,4652.236,42383,160,0
2026.02.02 21:00:00,4652.328,4687.314,4643.759,4658.154,22363,160,0
2026.02.02 23:00:00,4685.104,4775.102,4681.962,4774.148,21331,240,0
2026.02.03 00:00:00,4774.235,4830.952,4766.243,4780.421,34755,160,0
2026.02.03 01:00:00,4780.290,4856.814,4766.439,4841.551,59653,160,0
2026.02.03 02:00:00,4841.475,4842.094,4745.553,4783.209,55568,160,0
2026.02.03 03:00:00,4783.100,4813.398,4751.936,4809.060,37998,160,0
2026.02.03 04:00:00,4809.198,4825.403,4800.826,4809.128,23055,160,0
2026.02.03 05:00:00,4809.238,4842.078,4809.131,4825.097,25575,160,0
2026.02.03 06:00:00,4825.180,4894.254,4816.573,4881.266,37679,160,0
2026.02.03 07:00:00,4881.163,4933.738,4871.770,4917.120,23990,160,0
2026.02.03 08:00:00,4917.165,4949.853,4898.547,4912.498,23895,160,0
2026.02.03 09:00:00,4912.459,4926.136,4884.617,4916.119,22599,160,0
2026.02.03 10:00:00,4916.044,4929.791,4901.696,4902.434,15352,160,0
2026.02.03 11:00:00,4902.506,4919.234,4883.513,4916.715,17786,160,0
2026.02.03 12:00:00,4916.908,4936.130,4892.211,4913.763,21382,160,0
2026.02.03 13:00:00,4913.685,4951.095,4902.328,4932.750,36722,160,0
2026.02.03 14:00:00,4932.846,4936.517,4893.569,4917.266,45597,160,0
2026.02.03 15:00:00,4916.886,4948.309,4904.605,4935.318,40738,160,0
2026.02.03 16:00:00,4935.437,4993.644,4929.848,4955.650,35097,160,0
2026.02.03 17:00:00,4955.536,4969.690,4907.260,4929.189,52712,160,0
2026.02.03 18:00:00,4929.116,4954.031,4884.773,4908.462,44928,160,0
2026.02.03 19:00:00,4908.540,4948.991,4880.340,4927.342,36420,160,0
2026.02.03 20:00:00,4927.250,4956.804,4902.441,4944.452,26690,160,0
2026.02.03 21:00:00,4944.526,4964.278,4933.405,4946.436,11001,160,0
2026.02.03 23:00:00,4958.639,4971.988,4909.570,4947.296,16365,160,0
2026.02.04 00:00:00,4947.389,5016.197,4945.891,5015.604,28440,240,0
2026.02.04 01:00:00,5015.609,5053.481,4985.025,5046.608,38720,240,0
2026.02.04 02:00:00,5046.555,5065.414,5035.533,5040.500,19384,240,0
2026.02.04 03:00:00,5040.372,5073.597,5036.308,5069.922,16205,240,0
2026.02.04 04:00:00,5070.008,5081.271,5056.190,5080.471,8897,240,0
2026.02.04 05:00:00,5080.613,5090.265,5069.211,5079.597,13183,240,0
2026.02.04 06:00:00,5079.675,5082.912,5051.114,5076.585,18797,240,0
2026.02.04 07:00:00,5076.510,5091.390,5062.198,5084.685,12395,240,0
2026.02.04 08:00:00,5084.601,5091.855,5068.626,5083.416,12769,240,0
2026.02.04 09:00:00,5083.490,5086.806,5042.818,5060.088,17052,240,0
2026.02.04 10:00:00,5060.183,5064.367,5041.500,5048.614,13204,240,0
2026.02.04 11:00:00,5048.705,5053.557,5013.451,5047.674,14779,240,0
2026.02.04 12:00:00,5047.564,5063.358,5036.049,5040.872,12133,240,0
2026.02.04 13:00:00,5040.961,5063.527,5023.009,5053.930,24966,240,0
2026.02.04 14:00:00,5054.014,5059.056,4966.751,4986.275,58914,240,0
2026.02.04 15:00:00,4986.189,5007.715,4887.385,4920.481,66795,240,0
2026.02.04 16:00:00,4920.538,4940.043,4852.072,4904.518,59328,160,0
2026.02.04 17:00:00,4904.436,4930.726,4888.102,4898.194,43416,160,0
2026.02.04 18:00:00,4898.140,4935.162,4872.884,4927.367,30075,160,0
2026.02.04 19:00:00,4927.516,4958.020,4914.480,4941.836,21115,160,0
2026.02.04 20:00:00,4941.764,4951.955,4914.345,4938.664,18074,160,0
2026.02.04 21:00:00,4938.570,4970.658,4937.662,4965.131,7296,160,0
2026.02.04 23:00:00,4969.623,5023.781,4968.977,5012.195,10357,240,0
2026.02.05 00:00:00,5012.269,5020.484,4996.770,5006.725,15016,240,0
2026.02.05 01:00:00,5006.949,5012.066,4936.134,4958.921,47840,160,0
2026.02.05 02:00:00,4959.011,4962.059,4804.651,4811.880,80224,160,0
2026.02.05 03:00:00,4811.997,4888.326,4788.771,4880.524,56499,160,0
2026.02.05 04:00:00,4880.448,4891.209,4863.229,4863.635,23438,160,0
2026.02.05 05:00:00,4863.680,4906.686,4826.260,4896.149,34007,160,0
2026.02.05 06:00:00,4896.232,4934.142,4877.659,4920.370,30824,160,0
2026.02.05 07:00:00,4920.229,4940.871,4895.843,4915.076,24524,160,0
2026.02.05 08:00:00,4915.205,4943.603,4901.205,4912.057,24611,160,0
2026.02.05 09:00:00,4912.123,4914.287,4849.272,4855.142,36146,160,0
2026.02.05 10:00:00,4854.969,4886.933,4847.109,4877.083,24808,160,0
2026.02.05 11:00:00,4877.021,4894.505,4864.477,4868.270,14975,160,0
2026.02.05 12:00:00,4868.285,4877.993,4810.728,4854.024,39863,160,0
2026.02.05 13:00:00,4853.946,4868.155,4802.026,4835.441,54642,160,0
2026.02.05 14:00:00,4835.332,4869.998,4805.824,4846.488,66591,160,0
2026.02.05 15:00:00,4846.010,4865.655,4800.540,4817.668,61353,160,0
2026.02.05 16:00:00,4817.565,4906.810,4812.340,4888.802,49893,160,0
2026.02.05 17:00:00,4888.647,4890.726,4859.023,4869.348,31819,160,0
2026.02.05 18:00:00,4869.214,4875.388,4851.119,4858.207,27616,160,0
2026.02.05 19:00:00,4858.123,4865.378,4823.399,4829.265,22086,160,0
2026.02.05 20:00:00,4829.338,4843.154,4792.747,4811.298,24688,160,0
2026.02.05 21:00:00,4811.244,4826.182,4759.332,4776.808,19070,160,0
2026.02.05 23:00:00,4761.196,4781.944,4703.328,4703.768,17293,160,0
2026.02.06 00:00:00,4703.682,4764.497,4655.106,4762.782,51174,160,0
2026.02.06 01:00:00,4762.707,4784.945,4693.794,4774.139,63656,160,0
2026.02.06 02:00:00,4774.259,4846.533,4760.338,4816.580,36736,160,0
2026.02.06 03:00:00,4816.503,4839.136,4800.918,4824.288,21221,160,0
2026.02.06 04:00:00,4824.155,4831.686,4807.090,4813.801,11607,160,0
2026.02.06 05:00:00,4813.733,4897.941,4807.667,4897.571,20654,160,0
2026.02.06 06:00:00,4897.494,4903.302,4825.175,4846.492,26179,192,0
2026.02.06 07:00:00,4846.411,4861.710,4838.021,4841.093,14219,192,0
2026.02.06 08:00:00,4840.992,4882.528,4829.525,4862.042,22990,192,0
2026.02.06 09:00:00,4862.042,4872.688,4838.064,4866.646,17739,176,0
2026.02.06 10:00:00,4866.793,4879.941,4851.532,4878.469,10569,176,0
2026.02.06 11:00:00,4878.364,4895.751,4863.905,4887.059,12223,176,0
2026.02.06 12:00:00,4887.151,4903.373,4871.117,4900.375,13708,192,0
2026.02.06 13:00:00,4900.432,4938.410,4897.155,4928.967,26367,192,0
2026.02.06 14:00:00,4928.902,4950.141,4894.568,4947.915,29120,192,0
2026.02.06 15:00:00,4948.223,4964.700,4928.516,4943.363,26151,192,0
2026.02.06 16:00:00,4943.500,4953.652,4921.855,4951.544,18664,160,0
2026.02.06 17:00:00,4951.622,4968.610,4948.209,4960.530,12753,160,0
2026.02.06 18:00:00,4960.386,4971.501,4943.668,4962.606,10986,160,0
2026.02.06 19:00:00,4962.527,4963.294,4948.659,4957.187,6878,160,0
2026.02.06 20:00:00,4957.026,4959.102,4936.541,4953.313,10241,160,0
2026.02.06 21:00:00,4953.378,4968.204,4946.512,4968.204,5983,160,0
2026.02.08 23:00:00,4967.633,5046.837,4964.715,5035.944,13760,240,0
2026.02.09 00:00:00,5036.019,5044.947,5011.678,5020.002,18394,240,0
2026.02.09 01:00:00,5019.925,5042.093,4975.891,4982.645,26839,240,0
2026.02.09 02:00:00,4982.722,5017.653,4969.049,5007.379,16733,240,0
2026.02.09 03:00:00,5007.387,5031.373,5005.666,5016.087,11096,240,0
2026.02.09 04:00:00,5016.267,5024.817,5007.317,5012.090,8381,240,0
2026.02.09 05:00:00,5012.076,5041.637,5011.140,5037.085,11685,240,0
2026.02.09 06:00:00,5037.008,5045.655,5013.773,5031.062,15109,240,0
2026.02.09 07:00:00,5031.233,5031.233,4997.244,5006.442,13675,240,0
2026.02.09 08:00:00,5006.543,5035.556,5002.974,5027.394,10111,160,0
2026.02.09 09:00:00,5027.467,5040.932,5002.793,5007.909,10680,240,0
2026.02.09 10:00:00,5007.984,5015.173,4982.173,4991.027,16218,240,0
2026.02.09 11:00:00,4991.047,5017.894,4988.412,5010.659,12391,240,0
2026.02.09 12:00:00,5010.965,5021.782,5007.320,5013.428,11310,240,0
2026.02.09 13:00:00,5013.209,5024.647,4994.983,5007.194,19793,160,0
2026.02.09 14:00:00,5007.081,5040.680,5002.154,5038.115,20917,160,0
2026.02.09 15:00:00,5038.034,5060.275,5023.724,5058.765,16490,240,0
2026.02.09 16:00:00,5058.847,5080.736,5056.389,5073.514,11750,240,0
2026.02.09 17:00:00,5073.596,5075.438,5040.941,5046.348,10323,240,0
2026.02.09 18:00:00,5046.308,5063.972,5043.892,5062.874,10446,240,0
2026.02.09 19:00:00,5062.838,5079.971,5062.405,5074.595,6442,240,0
2026.02.09 20:00:00,5074.636,5086.697,5072.093,5079.742,7816,240,0
2026.02.09 21:00:00,5079.816,5083.046,5047.943,5060.084,7530,240,0
2026.02.09 23:00:00,5072.034,5075.112,4987.309,5031.903,16384,240,0
2026.02.10 00:00:00,5031.829,5048.196,5008.620,5018.626,15738,240,0
2026.02.10 01:00:00,5018.545,5037.744,5012.206,5032.661,22480,240,0
2026.02.10 02:00:00,5032.613,5056.319,5031.576,5038.452,14600,240,0
2026.02.10 03:00:00,5038.091,5038.091,5016.240,5029.984,11959,240,0
2026.02.10 04:00:00,5030.086,5033.978,5017.810,5031.709,7788,240,0
2026.02.10 05:00:00,5031.477,5040.426,5011.216,5039.241,10176,240,0
2026.02.10 06:00:00,5039.164,5045.425,5018.924,5024.603,12555,240,0
2026.02.10 07:00:00,5024.732,5036.042,5018.388,5034.016,12418,240,0
2026.02.10 08:00:00,5033.817,5054.789,5028.929,5041.767,10755,240,0
2026.02.10 09:00:00,5041.560,5063.188,5040.521,5046.743,9953,240,0
2026.02.10 10:00:00,5046.973,5058.113,5036.990,5047.073,9051,240,0
2026.02.10 11:00:00,5046.990,5057.361,5044.332,5055.914,6667,240,0
2026.02.10 12:00:00,5055.876,5057.097,5019.361,5032.206,11683,240,0
2026.02.10 13:00:00,5032.240,5058.777,5026.287,5051.047,13178,240,0
2026.02.10 14:00:00,5051.030,5078.513,5020.474,5039.734,22387,240,0
2026.02.10 15:00:00,5039.651,5047.905,4998.802,5019.710,24081,240,0
2026.02.10 16:00:00,5019.674,5026.595,5005.530,5023.700,16864,160,0
2026.02.10 17:00:00,5023.628,5040.124,5020.657,5026.344,8512,160,0
2026.02.10 18:00:00,5026.268,5027.867,5004.636,5013.256,12109,160,0
2026.02.10 19:00:00,5013.174,5030.128,5008.814,5028.065,7396,160,0
2026.02.10 20:00:00,5027.995,5045.268,5020.192,5030.357,8289,240,0
2026.02.10 21:00:00,5030.283,5032.579,5020.440,5023.044,17883,240,0
2026.02.10 23:00:00,5027.377,5054.470,5027.377,5041.550,6571,240,0
2026.02.11 00:00:00,5041.616,5049.448,5028.156,5037.833,9378,240,0
2026.02.11 01:00:00,5037.933,5052.763,5030.394,5052.332,11458,240,0
2026.02.11 02:00:00,5052.429,5057.812,5032.495,5055.324,9417,240,0
2026.02.11 03:00:00,5055.629,5060.953,5045.071,5054.498,7059,240,0
2026.02.11 04:00:00,5054.497,5059.532,5045.699,5046.367,5106,240,0
2026.02.11 05:00:00,5046.398,5064.089,5043.455,5052.535,7783,240,0
2026.02.11 06:00:00,5052.773,5064.559,5049.454,5064.185,8864,240,0
2026.02.11 07:00:00,5064.068,5069.069,5048.675,5055.454,11441,240,0
2026.02.11 08:00:00,5055.310,5060.218,5045.562,5053.540,7485,240,0
2026.02.11 09:00:00,5053.740,5071.974,5046.956,5062.708,7796,240,0
2026.02.11 10:00:00,5062.821,5101.814,5062.443,5093.373,13435,240,0
2026.02.11 11:00:00,5093.058,5116.804,5082.395,5111.590,9980,240,0
2026.02.11 12:00:00,5111.667,5119.173,5050.184,5083.588,17073,240,0
2026.02.11 13:00:00,5083.528,5090.179,5018.860,5065.768,32132,160,0
2026.02.11 14:00:00,5065.691,5082.786,5035.681,5059.314,26432,240,0
2026.02.11 15:00:00,5059.527,5081.880,5039.163,5060.261,28076,240,0
2026.02.11 16:00:00,5060.143,5078.256,5042.701,5075.109,16268,240,0
2026.02.11 17:00:00,5075.032,5098.948,5068.107,5091.531,11133,240,0
2026.02.11 18:00:00,5091.583,5092.838,5066.683,5082.166,12030,240,0
2026.02.11 19:00:00,5082.276,5094.084,5076.510,5081.985,8745,240,0
2026.02.11 20:00:00,5082.125,5090.334,5078.142,5086.822,7154,240,0
2026.02.11 21:00:00,5086.894,5092.756,5069.865,5082.394,6165,240,0
2026.02.11 23:00:00,5099.373,5100.162,5053.004,5061.373,8696,240,0
2026.02.12 00:00:00,5061.305,5067.472,5049.845,5063.074,13018,240,0
2026.02.12 01:00:00,5062.944,5063.997,5045.021,5063.648,13846,240,0
2026.02.12 02:00:00,5063.573,5072.835,5054.897,5065.816,9740,240,0
2026.02.12 03:00:00,5065.906,5074.688,5054.776,5056.963,7722,240,0
2026.02.12 04:00:00,5056.990,5070.153,5050.789,5069.318,5485,240,0
2026.02.12 05:00:00,5069.235,5078.196,5064.578,5075.451,8103,240,0
2026.02.12 06:00:00,5075.526,5076.311,5046.966,5059.669,10090,240,0
2026.02.12 07:00:00,5059.759,5066.489,5051.896,5063.657,6814,240,0
2026.02.12 08:00:00,5063.917,5073.515,5052.173,5068.328,7534,240,0
2026.02.12 09:00:00,5068.426,5080.893,5066.115,5073.313,6601,240,0
2026.02.12 10:00:00,5073.305,5077.101,5056.068,5062.075,7161,240,0
2026.02.12 11:00:00,5062.032,5068.401,5059.386,5063.973,5304,240,0
2026.02.12 12:00:00,5064.022,5068.550,5048.733,5052.582,7436,240,0
2026.02.12 13:00:00,5052.707,5083.708,5051.353,5075.319,9991,240,0
2026.02.12 14:00:00,5075.230,5077.721,5039.030,5044.297,19858,240,0
2026.02.12 15:00:00,5044.332,5074.684,5039.714,5060.623,12650,240,0
2026.02.12 16:00:00,5060.528,5068.223,4878.366,4954.543,106369,240,0
2026.02.12 17:00:00,4954.667,4983.002,4939.451,4941.095,39464,160,0
2026.02.12 18:00:00,4941.015,4952.178,4906.301,4935.760,35122,160,0
2026.02.12 19:00:00,4935.785,4958.053,4927.947,4945.686,19238,160,0
2026.02.12 20:00:00,4945.556,4948.378,4910.940,4915.210,18173,160,0
2026.02.12 21:00:00,4915.089,4926.893,4911.495,4922.280,7581,160,0
2026.02.12 23:00:00,4893.140,4928.383,4887.646,4920.162,10670,176,0
2026.02.13 00:00:00,4920.130,4948.473,4913.840,4928.091,15590,160,0
2026.02.13 01:00:00,4928.165,4988.905,4927.103,4980.622,20085,240,0
2026.02.13 02:00:00,4980.601,4991.736,4972.136,4988.566,11610,240,0
2026.02.13 03:00:00,4988.494,4989.219,4973.874,4981.499,7791,160,0
2026.02.13 04:00:00,4981.466,4997.286,4972.791,4976.598,6686,240,0
2026.02.13 05:00:00,4976.705,4986.432,4944.863,4946.293,11471,160,0
2026.02.13 06:00:00,4946.451,4968.794,4946.084,4967.092,11832,160,0
2026.02.13 07:00:00,4966.920,4982.501,4951.234,4975.015,11661,240,0
2026.02.13 08:00:00,4974.908,4989.425,4970.628,4982.428,10869,160,0
2026.02.13 09:00:00,4982.510,4982.804,4961.545,4970.387,8840,160,0
2026.02.13 10:00:00,4970.317,4980.724,4946.925,4950.297,8600,160,0
2026.02.13 11:00:00,4950.174,4955.668,4933.488,4953.880,12165,160,0
2026.02.13 12:00:00,4953.931,4974.127,4951.886,4969.400,9487,160,0
2026.02.13 13:00:00,4969.493,5002.110,4957.531,4987.073,16948,160,0
2026.02.13 14:00:00,4986.998,5011.146,4963.928,4995.804,31970,240,0
2026.02.13 15:00:00,4995.888,5020.734,4973.736,4976.964,30485,176,0
2026.02.13 16:00:00,4977.129,5034.213,4975.165,5007.942,19108,160,0
2026.02.13 17:00:00,5008.013,5029.255,5005.850,5020.882,10871,160,0
2026.02.13 18:00:00,5020.794,5035.548,5015.181,5031.229,10234,160,0
2026.02.13 19:00:00,5031.302,5046.075,5023.234,5023.234,9953,160,0
2026.02.13 20:00:00,5023.653,5034.713,5021.326,5032.491,10421,240,0
2026.02.13 21:00:00,5032.415,5046.101,5029.539,5042.605,9014,240,0
2026.02.15 23:00:00,5026.640,5032.317,5010.128,5019.938,9917,240,0
2026.02.16 00:00:00,5019.951,5022.849,4999.755,5015.445,10231,240,0
2026.02.16 01:00:00,5015.352,5031.139,5006.790,5028.985,7846,240,0
2026.02.16 02:00:00,5028.996,5031.476,4992.272,4994.619,9044,240,0
2026.02.16 03:00:00,4994.535,4999.902,4975.014,4987.733,9069,160,0
2026.02.16 04:00:00,4987.687,4992.049,4972.584,4977.865,7854,160,0
2026.02.16 05:00:00,4977.707,4990.764,4964.573,4990.616,7241,240,0
2026.02.16 06:00:00,4990.538,5003.036,4984.642,4994.980,6213,160,0
2026.02.16 07:00:00,4994.926,5009.954,4988.881,5007.357,6856,160,0
2026.02.16 08:00:00,5007.456,5013.380,4995.736,5007.953,7286,160,0
2026.02.16 09:00:00,5007.991,5017.232,5007.743,5013.602,5493,160,0
2026.02.16 10:00:00,5013.530,5017.146,5000.209,5006.012,6169,160,0
2026.02.16 11:00:00,5006.071,5007.977,4998.734,5004.261,5051,160,0
2026.02.16 12:00:00,5004.240,5008.104,4992.832,5001.971,6186,160,0
2026.02.16 13:00:00,5001.916,5003.499,4989.553,4997.387,6401,160,0
2026.02.16 14:00:00,4997.230,4999.505,4981.659,4988.149,7593,160,0
2026.02.16 15:00:00,4988.002,4988.307,4968.833,4979.723,8889,160,0
2026.02.16 16:00:00,4979.704,4990.306,4972.936,4988.049,6380,160,0
2026.02.16 17:00:00,4987.970,4995.890,4987.879,4991.455,4454,160,0
2026.02.16 18:00:00,4991.543,4997.933,4988.435,4994.708,5693,240,0
2026.02.16 19:00:00,4994.632,4996.097,4990.574,4993.895,3550,160,0
2026.02.16 23:00:00,4998.238,5000.719,4985.299,4989.995,5049,160,0
2026.02.17 00:00:00,4989.900,4991.544,4931.419,4935.712,12192,160,0
2026.02.17 01:00:00,4935.804,4964.074,4922.730,4957.944,12895,160,0
2026.02.17 02:00:00,4957.864,4971.436,4954.349,4967.040,6573,160,0
2026.02.17 03:00:00,4966.960,4970.085,4949.839,4956.881,7145,160,0
2026.02.17 04:00:00,4956.838,4960.363,4946.777,4952.816,5408,160,0
2026.02.17 05:00:00,4952.982,4954.276,4858.728,4888.634,24749,160,0
2026.02.17 06:00:00,4888.674,4914.337,4886.528,4910.377,10489,160,0
2026.02.17 07:00:00,4910.456,4922.102,4903.850,4917.021,8636,160,0
2026.02.17 08:00:00,4916.920,4930.271,4915.928,4920.721,9513,160,0
2026.02.17 09:00:00,4920.863,4932.552,4912.820,4926.011,8824,160,0
2026.02.17 10:00:00,4925.967,4939.206,4907.590,4913.155,8684,160,0
2026.02.17 11:00:00,4913.327,4931.036,4913.175,4929.256,7262,160,0
2026.02.17 12:00:00,4929.060,4944.351,4928.296,4932.270,9407,160,0
2026.02.17 13:00:00,4932.173,4933.279,4869.656,4870.556,18015,160,0
2026.02.17 14:00:00,4870.623,4907.263,4841.149,4864.124,42366,160,0
2026.02.17 15:00:00,4864.061,4882.631,4848.991,4878.316,33539,160,0
2026.02.17 16:00:00,4878.357,4893.772,4868.487,4869.370,20782,160,0
2026.02.17 17:00:00,4869.462,4871.303,4849.915,4865.243,17161,160,0
2026.02.17 18:00:00,4865.324,4910.639,4862.407,4898.964,16902,160,0
2026.02.17 19:00:00,4899.097,4901.190,4876.490,4880.449,12403,160,0
2026.02.17 20:00:00,4880.378,4884.257,4873.239,4878.095,11811,160,0
2026.02.17 21:00:00,4878.025,4886.955,4874.866,4878.018,4957,160,0
2026.02.17 23:00:00,4863.153,4884.656,4853.966,4859.516,7960,160,0
2026.02.18 00:00:00,4859.221,4882.942,4858.455,4874.954,10107,160,0
2026.02.18 01:00:00,4874.863,4892.857,4874.551,4889.833,7919,160,0
2026.02.18 02:00:00,4889.732,4907.260,4886.583,4905.189,6145,160,0
2026.02.18 03:00:00,4905.106,4921.975,4904.351,4920.873,5529,160,0
2026.02.18 04:00:00,4920.923,4940.273,4918.318,4933.918,5979,160,0
2026.02.18 05:00:00,4933.993,4939.826,4929.820,4933.392,4878,160,0
2026.02.18 06:00:00,4933.518,4936.052,4924.957,4930.570,5833,160,0
2026.02.18 07:00:00,4930.555,4942.324,4929.184,4930.324,5352,160,0
2026.02.18 08:00:00,4930.402,4932.364,4916.542,4917.212,6426,160,0
2026.02.18 09:00:00,4917.169,4923.169,4913.027,4917.400,6434,160,0
2026.02.18 10:00:00,4917.436,4924.468,4909.252,4914.522,7692,160,0
2026.02.18 11:00:00,4914.515,4917.579,4906.318,4912.972,5433,160,0
2026.02.18 12:00:00,4912.886,4947.213,4912.002,4943.100,8490,160,0
2026.02.18 13:00:00,4943.177,4968.991,4943.016,4954.535,11623,160,0
2026.02.18 14:00:00,4954.391,4994.479,4952.132,4991.715,17451,160,0
2026.02.18 15:00:00,4991.770,5008.998,4991.629,4997.843,13900,160,0
2026.02.18 16:00:00,4998.086,5010.974,4991.305,5000.589,9910,160,0
2026.02.18 17:00:00,5000.678,5001.641,4993.317,4998.982,7399,160,0
2026.02.18 18:00:00,4999.032,5003.240,4980.616,4987.270,10024,160,0
2026.02.18 19:00:00,4987.183,4995.477,4972.883,4980.659,12549,160,0
2026.02.18 20:00:00,4980.473,4987.456,4975.507,4984.789,8953,160,0
2026.02.18 21:00:00,4984.690,4986.432,4975.815,4976.284,3378,160,0
2026.02.18 23:00:00,4974.388,4988.625,4961.188,4976.203,6860,160,0
2026.02.19 00:00:00,4975.988,4976.293,4960.450,4961.381,7928,160,0
2026.02.19 01:00:00,4961.083,4975.415,4960.593,4973.151,6430,160,0
2026.02.19 02:00:00,4972.929,4977.305,4965.694,4968.320,5581,160,0
2026.02.19 03:00:00,4968.210,4983.496,4966.434,4981.823,5418,160,0
2026.02.19 04:00:00,4981.530,4985.567,4976.948,4984.193,4477,160,0
2026.02.19 05:00:00,4984.189,4998.466,4984.189,4997.064,4657,240,0
2026.02.19 06:00:00,4996.827,5020.107,4996.665,5018.292,5596,160,0
2026.02.19 07:00:00,5018.403,5021.833,5008.720,5010.363,5834,240,0
2026.02.19 08:00:00,5010.290,5022.029,5006.094,5017.072,6386,240,0
2026.02.19 09:00:00,5016.983,5020.340,4992.874,4995.814,7609,240,0
2026.02.19 10:00:00,4995.740,4996.196,4981.460,4993.334,7928,160,0
2026.02.19 11:00:00,4993.105,4996.417,4977.990,4984.696,7434,160,0
2026.02.19 12:00:00,4984.602,4992.792,4980.541,4984.697,6791,176,0
2026.02.19 13:00:00,4984.780,4998.382,4971.953,4997.127,9784,160,0
2026.02.19 14:00:00,4997.087,5010.339,4963.338,5005.589,18651,160,0
2026.02.19 15:00:00,5005.664,5022.322,4995.972,5013.632,19108,160,0
2026.02.19 16:00:00,5013.708,5014.416,4990.202,4995.336,12601,160,0
2026.02.19 17:00:00,4995.106,5001.632,4982.818,4984.926,9552,160,0
2026.02.19 18:00:00,4985.004,4989.201,4975.176,4981.815,8945,160,0
2026.02.19 19:00:00,4981.890,4990.427,4978.213,4987.832,6575,160,0
2026.02.19 20:00:00,4987.855,5003.388,4987.855,5001.584,5859,160,0
2026.02.19 21:00:00,5001.671,5004.191,4992.163,4996.334,4221,240,0
2026.02.19 23:00:00,4997.165,5007.890,4985.656,4987.700,5599,240,0
2026.02.20 00:00:00,4987.763,5006.870,4985.481,5006.316,6152,160,0
2026.02.20 01:00:00,5006.478,5014.811,4994.972,4997.042,7985,240,0
2026.02.20 02:00:00,4997.074,5007.293,4992.563,4996.318,6516,160,0
2026.02.20 03:00:00,4996.290,4999.082,4981.605,4988.088,6162,160,0
2026.02.20 04:00:00,4988.184,5003.253,4986.699,4999.745,4309,160,0
2026.02.20 05:00:00,4999.936,5011.924,4997.890,5011.924,5327,240,0
2026.02.20 06:00:00,5011.761,5030.139,5011.761,5020.758,6968,240,0
2026.02.20 07:00:00,5020.642,5028.258,5006.094,5006.527,7155,240,0
2026.02.20 08:00:00,5006.606,5030.847,5005.072,5028.833,7044,176,0
2026.02.20 09:00:00,5028.758,5042.453,5027.440,5027.440,7215,240,0
2026.02.20 10:00:00,5027.727,5038.447,5019.446,5034.474,6847,240,0
2026.02.20 11:00:00,5034.766,5034.885,5015.651,5017.392,7128,240,0
2026.02.20 12:00:00,5017.465,5026.613,5007.088,5024.996,8131,240,0
2026.02.20 13:00:00,5025.048,5048.724,5018.189,5043.691,9412,176,0
2026.02.20 14:00:00,5043.619,5060.485,5037.031,5054.226,17453,240,0
2026.02.20 15:00:00,5054.047,5063.896,4988.931,5042.475,60806,240,0
2026.02.20 16:00:00,5042.431,5069.104,5038.519,5066.475,20417,240,0
2026.02.20 17:00:00,5066.556,5076.287,5054.678,5072.994,16767,240,0
2026.02.20 18:00:00,5072.916,5075.154,5053.875,5071.081,18253,240,0
2026.02.20 19:00:00,5071.154,5079.893,5068.397,5079.333,6901,240,0
2026.02.20 20:00:00,5079.428,5098.103,5076.801,5096.892,8829,240,0
2026.02.20 21:00:00,5096.968,5108.043,5091.590,5105.809,6590,240,0
2026.02.22 23:00:00,5111.637,5171.868,5108.785,5165.373,10780,240,0
2026.02.23 00:00:00,5165.366,5166.728,5129.474,5144.589,18211,240,0
2026.02.23 01:00:00,5144.523,5167.792,5139.976,5157.618,12123,240,0
2026.02.23 02:00:00,5157.519,5176.670,5156.717,5173.697,9055,240,0
2026.02.23 03:00:00,5173.708,5175.755,5151.397,5166.851,8013,240,0
2026.02.23 04:00:00,5166.838,5168.653,5155.614,5160.691,6465,240,0
2026.02.23 05:00:00,5160.734,5161.798,5152.255,5158.278,5770,240,0
2026.02.23 06:00:00,5158.147,5161.688,5144.827,5145.739,7238,240,0
2026.02.23 07:00:00,5145.739,5154.079,5124.932,5136.727,11565,240,0
2026.02.23 08:00:00,5136.398,5142.002,5122.100,5140.032,9156,240,0
2026.02.23 09:00:00,5140.113,5150.003,5139.380,5149.495,6383,240,0
2026.02.23 10:00:00,5149.743,5163.386,5145.089,5162.601,7881,240,0
2026.02.23 11:00:00,5162.682,5163.447,5146.347,5149.884,6711,240,0
2026.02.23 12:00:00,5149.793,5165.463,5145.661,5163.954,7359,240,0
2026.02.23 13:00:00,5163.854,5165.468,5143.500,5146.371,9010,240,0
2026.02.23 14:00:00,5146.290,5200.504,5141.392,5192.252,14828,240,0
2026.02.23 15:00:00,5192.314,5205.098,5180.724,5196.252,18956,240,0
2026.02.23 16:00:00,5196.135,5219.089,5175.500,5209.999,18684,240,0
2026.02.23 17:00:00,5210.164,5213.298,5190.918,5207.897,14476,240,0
2026.02.23 18:00:00,5208.081,5215.914,5201.204,5209.733,10433,240,0
2026.02.23 19:00:00,5209.653,5218.207,5206.338,5215.612,8241,240,0
2026.02.23 20:00:00,5215.627,5237.960,5214.936,5236.054,8273,240,0
2026.02.23 21:00:00,5235.973,5237.293,5226.561,5227.899,5135,360,0
2026.02.23 23:00:00,5226.214,5249.507,5226.214,5235.933,7412,360,0
2026.02.24 00:00:00,5235.839,5238.040,5217.399,5223.979,12579,360,0
2026.02.24 01:00:00,5223.904,5224.077,5144.765,5177.149,38324,240,0
2026.02.24 02:00:00,5177.202,5190.450,5165.575,5189.661,10688,240,0
2026.02.24 03:00:00,5189.579,5191.747,5170.963,5171.972,7165,240,0
2026.02.24 04:00:00,5171.898,5174.818,5160.992,5168.322,6737,240,0
2026.02.24 05:00:00,5168.262,5185.704,5164.226,5182.423,8034,240,0
2026.02.24 06:00:00,5182.507,5184.820,5156.125,5173.388,8958,240,0
2026.02.24 07:00:00,5173.441,5183.990,5164.127,5179.060,9496,240,0
2026.02.24 08:00:00,5179.020,5181.856,5164.934,5173.430,8941,240,0
2026.02.24 09:00:00,5173.346,5180.442,5166.321,5171.326,6631,240,0
2026.02.24 10:00:00,5171.420,5181.307,5163.062,5172.535,7026,240,0
2026.02.24 11:00:00,5172.530,5178.533,5170.819,5172.835,5302,240,0
2026.02.24 12:00:00,5172.793,5173.595,5144.795,5150.316,11615,240,0
2026.02.24 13:00:00,5150.488,5161.216,5110.535,5115.082,19222,240,0
2026.02.24 14:00:00,5115.001,5139.081,5093.319,5128.276,29982,240,0
2026.02.24 15:00:00,5128.521,5155.253,5118.014,5150.191,16157,240,0
2026.02.24 16:00:00,5150.171,5152.339,5130.537,5141.623,12947,240,0
2026.02.24 17:00:00,5141.778,5163.804,5141.488,5163.772,8188,240,0
2026.02.24 18:00:00,5163.582,5170.208,5153.293,5160.240,8959,240,0
2026.02.24 19:00:00,5160.109,5160.626,5146.248,5154.063,8035,240,0
2026.02.24 20:00:00,5154.176,5173.177,5146.656,5163.892,8066,240,0
2026.02.24 21:00:00,5163.970,5165.506,5140.216,5143.820,5266,240,0
2026.02.24 23:00:00,5135.424,5152.161,5127.569,5146.578,5912,240,0
2026.02.25 00:00:00,5146.576,5156.427,5136.459,5152.214,8187,240,0
2026.02.25 01:00:00,5152.190,5189.981,5144.181,5176.554,13849,240,0
2026.02.25 02:00:00,5176.860,5193.940,5166.434,5180.430,9862,240,0
2026.02.25 03:00:00,5180.480,5190.157,5178.450,5182.151,7720,240,0
2026.02.25 04:00:00,5181.953,5184.998,5171.852,5182.610,5132,240,0
2026.02.25 05:00:00,5182.685,5210.639,5182.504,5201.720,7906,240,0
2026.02.25 06:00:00,5201.697,5201.697,5182.206,5194.493,8253,240,0
2026.02.25 07:00:00,5194.430,5194.855,5180.416,5184.635,6062,240,0
2026.02.25 08:00:00,5184.740,5197.167,5184.103,5185.487,6492,240,0
2026.02.25 09:00:00,5185.398,5194.458,5176.281,5192.912,7190,240,0
2026.02.25 10:00:00,5193.001,5195.207,5169.744,5175.084,7411,240,0
2026.02.25 11:00:00,5175.163,5182.550,5154.810,5181.309,8271,240,0
2026.02.25 12:00:00,5181.193,5187.355,5177.289,5182.611,6502,240,0
2026.02.25 13:00:00,5182.712,5191.367,5180.925,5185.011,9051,240,0
2026.02.25 14:00:00,5184.945,5193.204,5158.590,5190.958,15412,240,0
2026.02.25 15:00:00,5191.179,5202.551,5172.384,5194.940,13570,240,0
2026.02.25 16:00:00,5194.853,5213.870,5189.512,5211.928,9409,240,0
2026.02.25 17:00:00,5211.832,5217.589,5203.416,5206.822,8123,240,0
2026.02.25 18:00:00,5207.032,5207.645,5200.220,5201.845,3382,240,0
2026.02.25 19:00:00,5202.145,5208.121,5191.452,5205.048,11886,360,0
2026.02.25 20:00:00,5204.857,5206.202,5145.806,5151.966,16032,240,0
2026.02.25 21:00:00,5152.050,5173.402,5150.183,5169.177,9783,240,0
2026.02.25 23:00:00,5165.082,5181.787,5161.539,5163.125,8212,360,0
2026.02.26 00:00:00,5163.219,5191.889,5155.257,5188.368,11842,240,0
2026.02.26 01:00:00,5187.982,5198.059,5178.559,5191.583,15433,240,0
2026.02.26 02:00:00,5191.332,5195.618,5173.990,5184.348,9987,240,0
2026.02.26 03:00:00,5184.123,5193.496,5182.957,5192.676,6763,240,0
2026.02.26 04:00:00,5192.386,5199.325,5190.500,5192.716,4949,240,0
2026.02.26 05:00:00,5192.492,5205.626,5189.694,5197.994,6916,240,0
2026.02.26 06:00:00,5198.069,5199.589,5190.309,5192.941,6741,240,0
2026.02.26 07:00:00,5193.016,5194.513,5179.578,5185.811,7210,240,0
2026.02.26 08:00:00,5186.111,5190.603,5167.651,5179.135,10269,240,0
2026.02.26 09:00:00,5179.208,5189.412,5173.859,5186.094,6943,240,0
2026.02.26 10:00:00,5186.379,5189.919,5165.732,5171.500,7207,240,0
2026.02.26 11:00:00,5171.187,5178.132,5161.054,5164.477,6869,240,0
2026.02.26 12:00:00,5164.677,5188.053,5157.782,5183.826,8120,240,0
2026.02.26 13:00:00,5183.893,5185.612,5164.140,5166.390,11768,240,0
2026.02.26 14:00:00,5166.306,5176.099,5139.654,5164.629,23503,240,0
2026.02.26 15:00:00,5164.570,5192.714,5130.470,5185.309,27982,240,0
2026.02.26 16:00:00,5185.683,5187.058,5172.706,5179.676,14268,240,0
2026.02.26 17:00:00,5179.746,5190.274,5161.823,5167.154,11825,240,0
2026.02.26 18:00:00,5167.129,5185.765,5160.520,5180.348,11938,240,0
2026.02.26 19:00:00,5180.461,5193.965,5179.564,5187.105,7598,240,0
2026.02.26 20:00:00,5187.023,5200.860,5186.819,5196.183,7501,240,0
2026.02.26 21:00:00,5196.262,5200.463,5182.987,5184.920,4945,240,0
2026.02.26 23:00:00,5187.994,5189.102,5175.493,5184.462,5302,240,0
2026.02.27 00:00:00,5184.431,5194.904,5169.971,5174.668,8692,240,0
2026.02.27 01:00:00,5174.763,5194.372,5166.793,5193.830,11290,240,0
2026.02.27 02:00:00,5193.906,5199.799,5173.377,5183.380,10104,240,0
2026.02.27 03:00:00,5183.461,5190.350,5181.053,5184.068,6482,240,0
2026.02.27 04:00:00,5183.963,5188.800,5180.643,5181.703,4375,240,0
2026.02.27 05:00:00,5181.675,5200.535,5181.217,5197.548,6402,240,0
2026.02.27 06:00:00,5197.718,5198.975,5185.042,5185.706,7629,240,0
2026.02.27 07:00:00,5185.628,5189.619,5175.493,5176.095,8118,240,0
2026.02.27 08:00:00,5175.985,5182.195,5174.160,5178.807,6512,240,0
2026.02.27 09:00:00,5178.921,5182.431,5172.307,5175.758,6276,240,0
2026.02.27 10:00:00,5175.833,5180.721,5168.439,5177.663,6553,240,0
2026.02.27 11:00:00,5177.338,5185.375,5172.656,5185.375,4958,240,0
2026.02.27 12:00:00,5185.450,5190.553,5182.960,5187.375,6737,240,0
2026.02.27 13:00:00,5187.711,5240.517,5186.760,5223.198,20630,240,0
2026.02.27 14:00:00,5223.124,5236.092,5213.719,5223.762,20476,240,0
2026.02.27 15:00:00,5223.838,5246.404,5214.654,5239.359,17958,240,0
2026.02.27 16:00:00,5239.439,5257.624,5221.809,5229.106,18197,360,0
2026.02.27 17:00:00,5229.185,5236.923,5220.883,5234.421,13056,240,0
2026.02.27 18:00:00,5234.521,5246.868,5222.637,5245.069,10607,240,0
2026.02.27 19:00:00,5245.054,5252.245,5240.189,5250.080,7978,240,0
2026.02.27 20:00:00,5250.155,5265.515,5248.629,5263.340,8487,240,0
2026.02.27 21:00:00,5263.164,5281.239,5257.036,5279.022,6827,360,0
2026.03.01 23:00:00,5319.272,5393.473,5314.681,5386.916,16186,360,0
2026.03.02 00:00:00,5386.641,5388.158,5340.658,5347.326,23107,360,0
2026.03.02 01:00:00,5347.392,5347.392,5303.009,5324.969,37679,360,0
2026.03.02 02:00:00,5324.890,5351.991,5316.853,5346.167,16260,360,0
2026.03.02 03:00:00,5346.465,5366.642,5344.524,5366.285,10093,360,0
2026.03.02 04:00:00,5366.329,5367.113,5345.171,5356.029,8752,360,0
2026.03.02 05:00:00,5356.082,5366.325,5340.487,5365.943,9845,360,0
2026.03.02 06:00:00,5365.953,5389.641,5363.589,5387.697,11512,360,0
2026.03.02 07:00:00,5387.564,5419.154,5384.796,5407.789,14779,360,0
2026.03.02 08:00:00,5407.709,5416.643,5391.132,5393.835,13536,360,0
2026.03.02 09:00:00,5394.006,5402.707,5385.775,5391.968,11026,360,0
2026.03.02 10:00:00,5392.209,5400.717,5378.945,5389.037,11322,360,0
2026.03.02 11:00:00,5389.116,5399.668,5375.016,5385.107,10096,360,0
2026.03.02 12:00:00,5385.166,5398.595,5378.732,5396.816,10317,360,0
2026.03.02 13:00:00,5396.873,5416.281,5381.774,5394.026,21884,360,0
2026.03.02 14:00:00,5393.942,5395.238,5306.320,5333.620,51292,360,0
2026.03.02 15:00:00,5333.135,5348.929,5308.119,5316.053,34383,360,0
2026.03.02 16:00:00,5315.967,5315.967,5260.224,5290.232,42681,360,0
2026.03.02 17:00:00,5290.325,5320.759,5286.686,5306.462,20299,360,0
2026.03.02 18:00:00,5306.676,5316.472,5289.375,5315.279,13428,360,0
2026.03.02 19:00:00,5315.450,5334.016,5313.739,5330.516,9890,360,0
2026.03.02 20:00:00,5330.605,5346.201,5328.137,5332.377,17720,360,0
2026.03.02 21:00:00,5332.559,5340.275,5321.546,5322.103,7213,360,0
2026.03.02 23:00:00,5332.798,5346.920,5329.212,5345.688,5485,360,0
2026.03.03 00:00:00,5345.693,5362.073,5337.019,5350.060,8956,360,0
2026.03.03 01:00:00,5350.384,5379.668,5337.866,5339.126,18695,360,0
2026.03.03 02:00:00,5339.218,5368.026,5332.427,5367.011,16169,360,0
2026.03.03 03:00:00,5367.115,5373.636,5359.109,5367.163,8159,360,0
2026.03.03 04:00:00,5367.224,5375.551,5359.368,5361.121,7708,360,0
2026.03.03 05:00:00,5360.930,5366.926,5304.995,5318.883,17917,360,0
2026.03.03 06:00:00,5318.982,5323.108,5278.833,5310.545,23528,360,0
2026.03.03 07:00:00,5310.310,5331.145,5305.834,5327.461,12135,360,0
2026.03.03 08:00:00,5327.358,5335.766,5290.039,5295.501,14557,360,0
2026.03.03 09:00:00,5295.443,5303.632,5225.943,5274.747,29747,360,0
2026.03.03 10:00:00,5274.665,5288.030,5237.926,5248.377,22332,360,0
2026.03.03 11:00:00,5248.205,5263.934,5072.900,5144.538,74845,360,0
2026.03.03 12:00:00,5144.620,5226.623,5138.169,5224.340,34928,360,0
2026.03.03 13:00:00,5224.452,5224.452,5127.182,5156.412,50844,240,0
2026.03.03 14:00:00,5156.315,5175.635,5015.763,5038.140,75989,240,0
2026.03.03 15:00:00,5038.231,5096.875,4995.788,5095.336,71068,240,0
2026.03.03 16:00:00,5095.250,5134.761,5090.315,5106.535,43807,240,0
2026.03.03 17:00:00,5106.899,5109.587,5065.123,5078.948,34038,240,0
2026.03.03 18:00:00,5078.827,5138.314,5078.717,5136.081,26126,240,0
2026.03.03 19:00:00,5136.005,5148.878,5099.039,5113.106,25273,240,0
2026.03.03 20:00:00,5113.287,5130.373,5085.896,5096.931,23283,240,0
2026.03.03 21:00:00,5097.033,5110.270,5083.103,5090.289,14556,240,0
2026.03.03 23:00:00,5110.940,5129.696,5084.643,5125.056,9547,360,0
2026.03.04 00:00:00,5125.088,5140.321,5105.855,5138.290,13758,240,0
2026.03.04 01:00:00,5138.368,5178.567,5138.277,5174.636,26855,240,0
2026.03.04 02:00:00,5174.556,5190.920,5153.740,5155.939,17611,240,0
2026.03.04 03:00:00,5156.335,5177.279,5140.828,5174.516,15361,240,0
2026.03.04 04:00:00,5174.410,5180.719,5152.014,5156.750,11023,240,0
2026.03.04 05:00:00,5156.837,5167.935,5152.112,5159.883,13651,240,0
2026.03.04 06:00:00,5159.903,5160.776,5121.464,5160.604,18099,240,0
2026.03.04 07:00:00,5160.499,5176.051,5158.244,5168.182,11453,240,0
2026.03.04 08:00:00,5168.275,5182.155,5147.345,5167.386,13945,240,0
2026.03.04 09:00:00,5167.349,5185.143,5159.281,5182.280,11669,240,0
2026.03.04 10:00:00,5182.375,5202.288,5179.390,5189.894,13405,240,0
2026.03.04 11:00:00,5189.817,5200.739,5187.444,5192.114,8170,240,0
2026.03.04 12:00:00,5191.981,5205.985,5156.206,5171.023,17701,240,0
2026.03.04 13:00:00,5171.093,5196.141,5167.523,5168.001,17795,240,0
2026.03.04 14:00:00,5168.039,5184.986,5138.560,5146.816,36813,240,0
2026.03.04 15:00:00,5147.114,5167.037,5130.921,5151.399,35346,360,0
2026.03.04 16:00:00,5151.515,5162.555,5138.046,5149.756,20096,240,0
2026.03.04 17:00:00,5149.568,5152.967,5120.180,5140.939,16266,240,0
2026.03.04 18:00:00,5140.974,5143.362,5108.757,5133.818,16158,240,0
2026.03.04 19:00:00,5134.056,5139.408,5123.447,5137.805,10299,240,0
2026.03.04 20:00:00,5137.730,5146.779,5123.614,5134.838,35478,240,0
2026.03.04 21:00:00,5134.649,5143.817,5129.428,5139.198,5470,240,0
2026.03.04 23:00:00,5149.234,5165.745,5144.933,5164.962,4919,240,0
2026.03.05 00:00:00,5164.887,5179.730,5159.516,5172.334,6846,240,0
2026.03.05 01:00:00,5172.317,5186.511,5167.166,5172.642,14812,240,0
2026.03.05 02:00:00,5172.414,5192.414,5171.650,5192.121,10513,240,0
2026.03.05 03:00:00,5191.930,5194.986,5178.280,5180.254,6806,240,0
2026.03.05 04:00:00,5180.165,5186.736,5166.151,5171.525,5781,240,0
2026.03.05 05:00:00,5171.659,5176.674,5148.227,5148.650,8156,240,0
2026.03.05 06:00:00,5148.729,5168.583,5120.597,5167.416,16162,240,0
2026.03.05 07:00:00,5167.324,5172.705,5158.938,5162.025,10328,240,0
2026.03.05 08:00:00,5162.122,5169.999,5137.536,5165.619,11649,240,0
2026.03.05 09:00:00,5165.393,5180.365,5153.416,5160.851,13201,240,0
2026.03.05 10:00:00,5161.037,5167.552,5146.131,5164.478,8246,240,0
2026.03.05 11:00:00,5164.572,5167.939,5156.790,5163.480,6465,240,0
2026.03.05 12:00:00,5163.480,5171.500,5160.874,5162.641,6941,240,0
2026.03.05 13:00:00,5162.723,5163.999,5081.520,5118.025,29748,240,0
2026.03.05 14:00:00,5117.865,5129.774,5090.622,5102.119,33269,240,0
2026.03.05 15:00:00,5102.205,5119.872,5059.812,5102.457,39214,240,0
2026.03.05 16:00:00,5102.522,5104.347,5053.922,5077.472,24915,240,0
2026.03.05 17:00:00,5077.628,5089.386,5054.827,5062.935,22429,240,0
2026.03.05 18:00:00,5062.757,5085.427,5050.681,5069.460,19170,240,0
2026.03.05 19:00:00,5069.496,5081.168,5055.605,5065.921,16383,240,0
2026.03.05 20:00:00,5065.647,5094.511,5061.537,5076.670,19178,240,0
2026.03.05 21:00:00,5076.518,5085.138,5072.064,5083.291,5630,240,0
2026.03.05 23:00:00,5090.507,5101.775,5081.935,5086.266,5348,360,0
2026.03.06 00:00:00,5086.068,5092.292,5073.999,5084.526,8695,360,0
2026.03.06 01:00:00,5084.249,5143.888,5066.163,5134.766,17573,240,0
2026.03.06 02:00:00,5134.498,5138.303,5122.177,5126.292,9727,360,0
2026.03.06 03:00:00,5126.203,5141.499,5124.450,5130.904,6522,360,0
2026.03.06 04:00:00,5131.144,5136.385,5126.329,5127.668,4491,360,0
2026.03.06 05:00:00,5127.538,5129.932,5114.082,5117.334,7707,360,0
2026.03.06 06:00:00,5117.114,5122.895,5109.182,5115.576,7187,360,0
2026.03.06 07:00:00,5115.514,5120.732,5105.504,5119.402,7430,360,0
2026.03.06 08:00:00,5119.657,5123.189,5096.181,5108.474,8129,360,0
2026.03.06 09:00:00,5108.508,5109.348,5083.301,5085.507,9492,240,0
2026.03.06 10:00:00,5085.742,5092.769,5075.634,5090.895,9330,360,0
2026.03.06 11:00:00,5090.993,5099.461,5062.475,5076.748,10518,264,0
2026.03.06 12:00:00,5076.824,5096.608,5075.911,5083.242,10031,240,0
2026.03.06 13:00:00,5083.161,5130.624,5065.416,5084.852,32827,240,0
2026.03.06 14:00:00,5084.761,5131.836,5080.823,5130.036,36301,360,0
2026.03.06 15:00:00,5129.953,5171.645,5127.713,5141.937,35278,360,0
2026.03.06 16:00:00,5141.824,5152.962,5125.799,5139.932,19264,360,0
2026.03.06 17:00:00,5139.949,5152.391,5128.780,5140.506,14833,360,0
2026.03.06 18:00:00,5140.426,5167.610,5138.683,5160.953,11156,360,0
2026.03.06 19:00:00,5161.150,5174.626,5156.552,5159.805,9507,360,0
2026.03.06 20:00:00,5159.882,5162.486,5149.196,5153.506,10534,360,0
2026.03.06 21:00:00,5153.435,5176.565,5150.982,5174.067,5859,360,0
2026.03.08 22:00:00,5178.794,5180.193,5103.559,5130.073,21514,360,0
2026.03.08 23:00:00,5130.045,5135.614,5044.180,5075.447,19187,264,0
2026.03.09 00:00:00,5075.946,5080.480,5028.284,5050.029,27354,360,0
2026.03.09 01:00:00,5049.760,5087.660,5014.440,5070.175,36740,360,0
2026.03.09 02:00:00,5070.287,5099.228,5055.377,5094.853,19980,360,0
2026.03.09 03:00:00,5094.711,5102.414,5081.576,5091.272,11837,360,0
2026.03.09 04:00:00,5091.104,5097.097,5085.185,5089.946,7161,360,0
2026.03.09 05:00:00,5090.178,5140.424,5081.022,5124.366,17561,360,0
2026.03.09 06:00:00,5124.291,5133.768,5096.942,5097.637,15938,360,0
2026.03.09 07:00:00,5097.793,5107.507,5088.424,5098.941,12513,360,0
2026.03.09 08:00:00,5098.884,5110.566,5086.938,5096.589,13593,360,0
2026.03.09 09:00:00,5096.585,5132.385,5094.856,5104.995,13696,360,0
2026.03.09 10:00:00,5105.070,5110.865,5083.896,5087.263,11631,360,0
2026.03.09 11:00:00,5087.361,5097.369,5079.625,5088.049,10730,360,0
2026.03.09 12:00:00,5088.132,5112.020,5088.036,5094.974,9556,264,0
2026.03.09 13:00:00,5095.025,5111.169,5067.249,5074.123,25093,360,0
2026.03.09 14:00:00,5074.041,5116.011,5060.457,5093.857,28641,240,0
2026.03.09 15:00:00,5093.829,5103.275,5079.609,5099.405,15590,360,0
2026.03.09 16:00:00,5099.632,5110.471,5094.548,5104.625,9884,240,0
2026.03.09 17:00:00,5104.516,5106.800,5088.924,5096.069,9415,240,0
2026.03.09 18:00:00,5096.142,5126.315,5092.528,5122.996,7981,240,0
2026.03.09 19:00:00,5123.181,5144.019,5118.435,5141.035,16212,360,0
2026.03.09 20:00:00,5141.112,5147.976,5134.035,5137.448,6811,360,0
2026.03.09 22:00:00,5148.262,5152.907,5117.738,5152.842,8103,360,0
2026.03.09 23:00:00,5152.874,5155.948,5135.929,5139.587,6831,360,0
2026.03.10 00:00:00,5139.703,5141.382,5124.549,5130.766,9764,360,0
2026.03.10 01:00:00,5130.799,5185.896,5124.601,5184.015,17879,360,0
2026.03.10 02:00:00,5184.093,5187.046,5163.965,5165.996,10333,360,0
2026.03.10 03:00:00,5166.000,5173.328,5155.664,5157.387,7721,360,0
2026.03.10 04:00:00,5157.518,5166.377,5154.481,5163.728,5315,360,0
2026.03.10 05:00:00,5163.535,5179.086,5163.535,5177.766,6263,360,0
2026.03.10 06:00:00,5178.106,5180.943,5171.757,5174.999,6581,360,0
2026.03.10 07:00:00,5175.221,5181.281,5158.656,5180.748,8266,360,0
2026.03.10 08:00:00,5180.963,5195.211,5174.858,5183.465,9230,360,0
2026.03.10 09:00:00,5183.545,5189.184,5180.514,5182.315,6413,360,0
2026.03.10 10:00:00,5182.539,5183.967,5156.579,5177.002,9319,360,0
2026.03.10 11:00:00,5177.077,5191.766,5171.687,5174.907,9887,360,0
2026.03.10 12:00:00,5175.000,5189.320,5162.215,5186.734,9948,360,0
2026.03.10 13:00:00,5186.900,5228.721,5186.021,5205.594,20683,360,0
2026.03.10 14:00:00,5205.570,5214.286,5185.118,5206.798,15450,360,0
2026.03.10 15:00:00,5206.715,5238.428,5203.181,5228.678,11215,360,0
2026.03.10 16:00:00,5228.763,5235.576,5222.481,5227.490,7881,360,0
2026.03.10 17:00:00,5227.743,5235.166,5223.459,5227.755,9754,360,0
2026.03.10 18:00:00,5227.834,5228.163,5160.139,5191.783,26107,360,0
2026.03.10 19:00:00,5191.861,5207.456,5179.563,5198.869,14461,360,0
2026.03.10 20:00:00,5198.711,5199.156,5191.680,5192.720,4803,360,0
2026.03.10 22:00:00,5191.403,5197.967,5182.719,5189.287,7513,360,0
2026.03.10 23:00:00,5189.217,5197.285,5187.563,5196.851,4393,360,0
2026.03.11 00:00:00,5196.925,5219.380,5186.676,5215.236,8057,360,0
2026.03.11 01:00:00,5215.459,5223.091,5208.328,5208.605,10008,360,0
2026.03.11 02:00:00,5208.690,5220.382,5194.112,5217.112,8668,360,0
2026.03.11 03:00:00,5217.028,5220.339,5199.220,5203.349,5790,360,0
2026.03.11 04:00:00,5203.102,5208.469,5199.377,5204.399,4338,360,0
2026.03.11 05:00:00,5204.379,5208.014,5190.277,5199.756,6970,360,0
2026.03.11 06:00:00,5199.345,5210.740,5191.611,5197.793,6984,360,0
2026.03.11 07:00:00,5197.628,5202.122,5184.365,5195.507,8286,360,0
2026.03.11 08:00:00,5195.444,5198.412,5175.082,5187.655,8613,360,0
2026.03.11 09:00:00,5187.595,5196.954,5179.456,5187.731,7286,360,0
2026.03.11 10:00:00,5187.808,5195.267,5177.235,5186.123,7180,360,0
2026.03.11 11:00:00,5185.902,5193.368,5175.135,5180.983,8340,360,0
2026.03.11 12:00:00,5181.196,5196.527,5166.566,5167.592,14241,360,0
2026.03.11 13:00:00,5167.339,5182.765,5149.239,5176.652,18757,360,0
2026.03.11 14:00:00,5176.575,5196.489,5174.363,5183.249,17338,360,0
2026.03.11 15:00:00,5183.331,5185.511,5163.772,5166.023,13230,360,0
2026.03.11 16:00:00,5166.247,5178.018,5163.322,5175.690,9147,360,0
2026.03.11 17:00:00,5175.447,5180.809,5154.099,5169.596,9347,360,0
2026.03.11 18:00:00,5169.521,5178.250,5169.026,5172.452,7649,360,0
2026.03.11 19:00:00,5172.386,5183.188,5168.933,5182.970,5227,360,0
2026.03.11 20:00:00,5182.885,5183.461,5175.055,5177.136,3193,360,0
2026.03.11 22:00:00,5181.098,5182.284,5129.704,5139.030,6439,360,0
2026.03.11 23:00:00,5139.037,5157.767,5132.889,5134.207,7170,360,0
2026.03.12 00:00:00,5134.080,5161.366,5125.420,5152.900,9868,360,0
2026.03.12 01:00:00,5152.716,5172.939,5151.385,5168.433,11484,360,0
2026.03.12 02:00:00,5168.573,5174.996,5145.762,5150.633,9250,360,0
2026.03.12 03:00:00,5150.706,5155.325,5147.354,5152.927,6492,360,0
2026.03.12 04:00:00,5153.009,5153.742,5140.524,5142.494,4726,360,0
2026.03.12 05:00:00,5142.670,5157.471,5137.033,5154.547,6748,360,0
2026.03.12 06:00:00,5154.550,5170.277,5147.255,5165.945,6582,360,0
2026.03.12 07:00:00,5166.264,5185.373,5164.450,5181.719,6142,360,0
2026.03.12 08:00:00,5181.875,5189.751,5175.643,5177.833,6778,360,0
2026.03.12 09:00:00,5178.077,5190.171,5174.208,5187.991,6501,360,0
2026.03.12 10:00:00,5188.161,5191.657,5175.942,5182.215,6310,360,0
2026.03.12 11:00:00,5182.148,5183.822,5172.547,5178.775,5811,360,0
2026.03.12 12:00:00,5178.864,5185.589,5163.500,5181.372,9600,360,0
2026.03.12 13:00:00,5181.183,5186.077,5145.886,5151.270,20415,360,0
2026.03.12 14:00:00,5151.193,5163.328,5138.130,5142.961,16710,360,0
2026.03.12 15:00:00,5142.880,5144.845,5109.593,5132.431,19045,360,0
2026.03.12 16:00:00,5132.140,5137.861,5121.207,5123.351,11815,360,0
2026.03.12 17:00:00,5123.261,5129.466,5102.193,5105.382,11752,360,0
2026.03.12 18:00:00,5105.304,5112.420,5090.612,5094.408,10141,240,0
2026.03.12 19:00:00,5094.325,5096.803,5079.115,5084.796,10823,240,0
2026.03.12 20:00:00,5084.720,5090.530,5054.751,5079.869,10301,264,0
2026.03.12 22:00:00,5078.073,5096.035,5072.883,5095.715,5753,360,0
2026.03.12 23:00:00,5095.737,5101.014,5089.119,5098.163,5540,240,0
2026.03.13 00:00:00,5098.084,5115.109,5097.254,5113.424,5645,360,0
2026.03.13 01:00:00,5113.447,5124.125,5108.663,5124.048,9029,240,0
2026.03.13 02:00:00,5124.400,5128.340,5110.467,5111.800,6865,360,0
2026.03.13 03:00:00,5112.005,5116.630,5106.017,5115.304,5522,240,0
2026.03.13 04:00:00,5115.591,5117.765,5102.620,5104.248,4552,240,0
2026.03.13 05:00:00,5104.295,5110.849,5098.198,5103.106,6835,240,0
2026.03.13 06:00:00,5103.023,5107.539,5085.758,5088.263,9753,240,0
2026.03.13 07:00:00,5088.052,5094.073,5071.729,5084.890,8990,240,0
2026.03.13 08:00:00,5085.117,5087.979,5061.251,5087.117,10347,240,0
2026.03.13 09:00:00,5087.336,5097.044,5083.344,5089.649,7436,240,0
2026.03.13 10:00:00,5089.425,5098.352,5080.066,5094.631,7385,240,0
2026.03.13 11:00:00,5095.031,5107.650,5086.317,5107.585,7639,240,0
2026.03.13 12:00:00,5107.460,5121.845,5104.297,5118.052,11471,360,0
2026.03.13 13:00:00,5118.131,5121.200,5096.269,5101.500,14328,360,0
2026.03.13 14:00:00,5101.718,5107.852,5035.303,5041.730,22502,240,0
2026.03.13 15:00:00,5041.662,5071.310,5031.640,5034.814,24732,240,0
2026.03.13 16:00:00,5034.718,5053.075,5018.836,5046.011,19986,240,0
2026.03.13 17:00:00,5045.961,5063.850,5043.326,5046.451,12079,240,0
2026.03.13 18:00:00,5046.432,5051.678,5036.255,5046.323,9755,240,0
2026.03.13 19:00:00,5046.481,5049.919,5009.525,5016.392,12418,240,0
2026.03.13 20:00:00,5016.468,5025.458,5012.268,5020.983,7969,240,0
2026.03.15 22:00:00,5017.112,5030.407,5000.691,5024.786,8733,240,0
2026.03.15 23:00:00,5024.710,5026.154,4966.796,4997.507,14887,160,0
2026.03.16 00:00:00,4997.434,5031.088,4996.521,5025.792,13608,240,0
2026.03.16 01:00:00,5025.914,5026.642,4982.525,5015.897,23030,240,0
2026.03.16 02:00:00,5015.890,5018.626,4997.855,5003.696,10873,160,0
2026.03.16 03:00:00,5003.658,5020.733,4998.068,5019.070,7436,240,0
2026.03.16 04:00:00,5019.179,5026.100,5012.282,5012.908,5204,240,0
2026.03.16 05:00:00,5012.811,5019.993,5003.192,5017.368,6938,240,0
2026.03.16 06:00:00,5017.490,5036.025,5005.514,5011.912,10225,240,0
2026.03.16 07:00:00,5012.294,5016.106,4991.674,4995.244,10540,240,0
2026.03.16 08:00:00,4995.286,5003.250,4984.763,4991.204,12059,176,0
2026.03.16 09:00:00,4990.881,4991.515,4972.227,4975.387,10831,160,0
2026.03.16 10:00:00,4975.464,4999.427,4970.011,4998.604,9736,160,0
2026.03.16 11:00:00,4998.680,5022.694,4992.169,4997.068,8968,160,0
2026.03.16 12:00:00,4997.144,5025.664,4994.063,5019.895,10416,176,0
2026.03.16 13:00:00,5019.871,5034.718,5013.840,5029.757,15394,240,0
2026.03.16 14:00:00,5029.494,5038.067,4987.990,4995.705,17372,240,0
2026.03.16 15:00:00,4995.846,5005.605,4983.820,4987.013,12703,160,0
2026.03.16 16:00:00,4986.936,4998.661,4973.885,4990.574,11422,160,0
2026.03.16 17:00:00,4990.654,5003.675,4983.785,4991.227,9627,160,0
2026.03.16 18:00:00,4991.309,5017.687,4989.887,5012.766,7708,160,0
2026.03.16 19:00:00,5012.634,5020.184,5008.145,5012.690,7803,200,0
2026.03.16 20:00:00,5012.638,5021.612,5004.691,5006.311,4772,280,0
2026.03.16 22:00:00,5007.678,5015.652,4998.510,5002.386,5069,200,0
2026.03.16 23:00:00,5002.093,5015.528,5002.073,5012.813,3898,200,0
2026.03.17 00:00:00,5012.899,5014.052,4998.108,5003.161,7595,280,0
2026.03.17 01:00:00,5002.954,5027.974,4994.353,5027.562,10078,280,0
2026.03.17 02:00:00,5027.582,5029.699,5019.762,5022.863,6122,200,0
2026.03.17 03:00:00,5022.732,5033.624,5020.646,5027.650,5228,280,0
2026.03.17 04:00:00,5027.365,5041.932,5026.229,5037.944,5212,280,0
2026.03.17 05:00:00,5038.004,5044.488,5020.208,5020.849,7859,280,0
2026.03.17 06:00:00,5020.903,5022.741,5004.948,5010.133,10435,280,0
2026.03.17 07:00:00,5010.048,5027.898,5008.791,5021.081,6727,280,0
2026.03.17 08:00:00,5021.039,5029.536,5018.103,5024.548,7354,280,0
2026.03.17 09:00:00,5024.377,5025.660,5009.801,5010.613,7120,280,0
2026.03.17 10:00:00,5010.533,5016.156,4991.665,5000.319,9052,280,0
2026.03.17 11:00:00,5000.243,5011.443,4996.517,5003.115,5981,200,0
2026.03.17 12:00:00,5003.225,5023.743,4999.279,5011.505,7697,200,0
2026.03.17 13:00:00,5011.856,5031.492,5005.323,5016.372,14036,280,0
2026.03.17 14:00:00,5016.393,5020.551,5002.710,5007.649,12673,280,0
2026.03.17 15:00:00,5007.661,5017.398,4973.345,4997.824,15805,200,0
2026.03.17 16:00:00,4998.045,5005.745,4991.520,5001.784,9405,200,0
2026.03.17 17:00:00,5001.792,5008.627,4996.535,5002.353,6965,200,0
2026.03.17 18:00:00,5002.425,5009.026,4999.825,5003.883,5925,200,0
2026.03.17 19:00:00,5003.786,5005.541,4996.344,5000.222,6038,200,0
2026.03.17 20:00:00,5000.356,5006.312,4999.806,5003.050,14154,200,0
2026.03.17 22:00:00,5004.038,5004.989,4993.262,4999.907,3212,280,0
2026.03.17 23:00:00,4999.708,5003.534,4998.709,5002.750,2759,280,0
2026.03.18 00:00:00,5002.803,5012.296,5000.142,5004.345,6006,280,0
2026.03.18 01:00:00,5004.418,5016.041,4991.146,4998.660,9017,200,0
2026.03.18 02:00:00,4998.790,5006.788,4990.486,4991.728,6603,280,0
2026.03.18 03:00:00,4991.899,4997.544,4986.231,4991.384,5692,200,0
2026.03.18 04:00:00,4991.366,4993.437,4981.594,4986.884,4879,200,0
2026.03.18 05:00:00,4986.981,5002.558,4984.586,4997.465,6693,280,0
2026.03.18 06:00:00,4997.355,5016.256,4996.336,5009.469,6504,280,0
2026.03.18 07:00:00,5009.551,5014.961,4990.244,4995.045,6114,200,0
2026.03.18 08:00:00,4994.685,4996.642,4977.099,4987.692,7608,200,0
2026.03.18 09:00:00,4987.330,4995.401,4984.747,4991.975,5340,200,0
2026.03.18 10:00:00,4992.068,4992.068,4958.782,4967.945,9312,280,0
2026.03.18 11:00:00,4967.869,4973.772,4924.826,4930.049,18572,200,0
2026.03.18 12:00:00,4930.325,4932.395,4870.618,4881.409,30337,200,0
2026.03.18 13:00:00,4881.538,4885.453,4833.975,4878.111,39239,200,0
2026.03.18 14:00:00,4877.959,4894.657,4856.445,4869.650,22635,200,0
2026.03.18 15:00:00,4869.526,4879.983,4861.191,4862.535,13999,200,0
2026.03.18 16:00:00,4862.609,4890.279,4860.787,4886.777,11650,200,0
2026.03.18 17:00:00,4886.690,4899.001,4883.765,4890.664,10567,200,0
2026.03.18 18:00:00,4890.753,4899.290,4852.188,4853.038,21445,200,0
2026.03.18 19:00:00,4852.992,4865.154,4838.000,4842.998,19612,200,0
2026.03.18 20:00:00,4842.964,4848.543,4806.751,4818.463,12887,200,0
2026.03.18 22:00:00,4828.060,4838.729,4804.146,4834.291,10564,200,0
2026.03.18 23:00:00,4834.321,4842.516,4828.160,4836.869,6774,200,0
2026.03.19 00:00:00,4836.657,4848.877,4835.407,4841.052,9670,200,0
2026.03.19 01:00:00,4841.207,4866.892,4832.735,4850.011,15181,200,0
2026.03.19 02:00:00,4850.082,4862.099,4841.762,4858.551,9534,200,0
2026.03.19 03:00:00,4858.587,4865.803,4850.778,4850.956,6638,200,0
2026.03.19 04:00:00,4850.931,4853.707,4845.734,4849.821,4956,200,0
2026.03.19 05:00:00,4849.915,4853.713,4826.987,4827.609,9349,200,0
2026.03.19 06:00:00,4827.538,4842.077,4747.300,4763.870,25948,200,0
2026.03.19 07:00:00,4763.732,4784.215,4727.077,4727.941,20022,200,0
2026.03.19 08:00:00,4727.947,4740.325,4686.747,4709.233,33822,200,0
2026.03.19 09:00:00,4709.086,4725.908,4687.793,4698.937,32419,200,0
2026.03.19 10:00:00,4698.809,4719.870,4666.389,4678.879,25735,200,0
2026.03.19 11:00:00,4678.856,4699.545,4650.613,4652.225,23027,280,0
2026.03.19 12:00:00,4651.867,4653.936,4531.146,4574.603,50609,280,0
2026.03.19 13:00:00,4574.492,4621.053,4502.478,4620.875,86480,280,0
2026.03.19 14:00:00,4620.861,4649.233,4580.877,4601.667,57833,280,0
2026.03.19 15:00:00,4601.851,4638.722,4566.091,4596.521,46721,280,0
2026.03.19 16:00:00,4596.426,4626.665,4576.746,4584.751,37703,280,0
2026.03.19 17:00:00,4584.797,4629.863,4573.820,4616.065,28385,280,0
2026.03.19 18:00:00,4616.103,4622.921,4595.985,4622.847,18439,280,0
2026.03.19 19:00:00,4622.836,4663.344,4622.836,4644.022,39695,280,0
2026.03.19 20:00:00,4643.664,4661.977,4642.584,4657.538,9901,280,0
2026.03.19 22:00:00,4657.711,4677.008,4636.280,4636.449,7293,280,0
2026.03.19 23:00:00,4636.463,4647.928,4634.145,4643.703,6109,280,0
2026.03.20 00:00:00,4643.631,4665.014,4642.254,4648.766,10947,280,0
2026.03.20 01:00:00,4648.408,4699.223,4639.194,4677.259,24463,280,0
2026.03.20 02:00:00,4677.187,4703.605,4670.176,4697.980,14016,280,0
2026.03.20 03:00:00,4698.137,4735.901,4693.279,4725.570,13484,280,0
2026.03.20 04:00:00,4725.669,4727.605,4715.438,4721.417,7150,280,0
2026.03.20 05:00:00,4721.507,4723.622,4685.836,4688.597,13864,280,0
2026.03.20 06:00:00,4688.515,4700.890,4661.310,4669.065,18206,280,0
2026.03.20 07:00:00,4669.022,4707.967,4667.994,4706.147,10690,280,0
2026.03.20 08:00:00,4706.228,4734.746,4684.850,4693.656,14821,280,0
2026.03.20 09:00:00,4693.749,4700.246,4659.867,4667.510,13578,280,0
2026.03.20 10:00:00,4667.394,4670.195,4638.058,4645.077,18625,280,0
2026.03.20 11:00:00,4645.388,4674.270,4636.927,4671.738,14838,280,0
2026.03.20 12:00:00,4671.757,4695.613,4661.926,4678.318,19480,280,0
2026.03.20 13:00:00,4678.117,4679.638,4612.673,4616.291,76797,280,0
2026.03.20 14:00:00,4616.235,4622.547,4547.772,4564.204,107784,280,0
2026.03.20 15:00:00,4564.150,4580.066,4540.447,4553.196,77673,280,0
2026.03.20 16:00:00,4553.447,4613.722,4551.619,4583.394,57251,280,0
2026.03.20 17:00:00,4583.424,4600.798,4554.029,4573.457,58616,280,0
2026.03.20 18:00:00,4573.554,4578.518,4477.057,4499.574,60795,260,0
2026.03.20 19:00:00,4499.630,4516.740,4485.180,4501.448,75110,260,0
2026.03.20 20:00:00,4501.501,4514.588,4493.361,4497.479,24647,260,0
2026.03.22 22:00:00,4477.751,4536.196,4449.511,4497.942,22872,280,0
2026.03.22 23:00:00,4497.972,4510.852,4452.439,4464.661,26200,280,0
2026.03.23 00:00:00,4464.563,4473.145,4319.451,4354.239,105917,260,0
2026.03.23 01:00:00,4354.286,4454.166,4330.025,4387.548,122984,260,0
2026.03.23 02:00:00,4387.401,4421.933,4354.800,4360.545,78816,260,0
2026.03.23 03:00:00,4360.477,4378.074,4334.807,4352.976,50744,260,0
2026.03.23 04:00:00,4352.940,4381.604,4349.962,4367.235,31089,260,0
2026.03.23 05:00:00,4367.209,4379.880,4302.219,4310.120,56825,260,0
2026.03.23 06:00:00,4310.322,4310.425,4162.906,4220.189,129735,260,0
2026.03.23 07:00:00,4220.271,4232.854,4098.462,4203.985,167373,260,0
2026.03.23 08:00:00,4204.069,4270.647,4202.945,4250.896,113853,260,0
2026.03.23 09:00:00,4250.945,4308.369,4223.419,4253.222,80704,260,0
2026.03.23 10:00:00,4253.351,4281.930,4240.830,4269.084,63370,260,0
2026.03.23 11:00:00,4269.041,4463.421,4268.994,4379.028,181179,280,0
2026.03.23 12:00:00,4378.812,4492.543,4336.588,4478.287,143021,350,0
2026.03.23 13:00:00,4478.340,4485.444,4401.409,4454.199,164289,372,0
2026.03.23 14:00:00,4454.132,4512.701,4453.286,4461.895,121974,364,0
2026.03.23 15:00:00,4461.874,4486.875,4350.973,4363.530,116807,364,0
2026.03.23 16:00:00,4363.468,4391.642,4352.416,4375.317,115309,364,0
2026.03.23 17:00:00,4375.401,4438.973,4370.792,4426.116,65654,364,0
2026.03.23 18:00:00,4426.225,4467.074,4402.063,4449.006,57065,364,0
2026.03.23 19:00:00,4449.029,4450.643,4392.737,4397.992,53225,364,0
2026.03.23 20:00:00,4397.946,4413.123,4382.731,4406.513,15592,364,0
2026.03.23 22:00:00,4419.787,4431.373,4361.373,4426.607,19674,364,0
2026.03.23 23:00:00,4426.593,4448.021,4421.802,4441.142,15215,364,0
2026.03.24 00:00:00,4441.045,4446.565,4330.988,4364.809,57880,364,0
2026.03.24 01:00:00,4364.730,4374.009,4307.736,4322.212,86859,364,0
2026.03.24 02:00:00,4322.141,4379.349,4305.546,4366.186,63300,364,0
2026.03.24 03:00:00,4366.253,4368.375,4334.868,4347.058,37500,364,0
2026.03.24 04:00:00,4346.922,4357.220,4326.579,4333.362,24088,364,0
2026.03.24 05:00:00,4333.345,4374.072,4319.553,4347.000,54253,336,0
2026.03.24 06:00:00,4347.060,4405.155,4342.620,4401.980,60126,336,0
2026.03.24 07:00:00,4402.202,4432.344,4399.435,4416.999,45936,364,0
2026.03.24 08:00:00,4417.062,4420.932,4391.141,4411.743,42336,364,0
2026.03.24 09:00:00,4411.761,4430.713,4395.867,4426.467,27660,364,0
2026.03.24 10:00:00,4426.517,4441.764,4414.511,4438.431,25476,364,0
2026.03.24 11:00:00,4438.495,4442.132,4375.204,4407.617,56207,364,0
2026.03.24 12:00:00,4407.714,4427.484,4362.095,4378.765,57292,364,0
2026.03.24 13:00:00,4378.856,4389.968,4351.463,4381.674,94333,364,0
2026.03.24 14:00:00,4381.455,4433.775,4380.549,4415.647,86013,364,0
2026.03.24 15:00:00,4415.726,4430.831,4396.081,4411.576,63528,364,0
2026.03.24 16:00:00,4411.645,4427.603,4402.330,4421.080,37696,364,0
2026.03.24 17:00:00,4421.304,4426.251,4372.111,4388.586,64956,364,0
2026.03.24 18:00:00,4388.422,4423.595,4383.673,4389.518,42997,364,0
2026.03.24 19:00:00,4389.278,4411.307,4388.426,4400.260,23874,364,0
2026.03.24 20:00:00,4400.111,4484.091,4397.196,4476.664,45051,364,0
2026.03.24 22:00:00,4479.586,4485.838,4455.873,4484.311,15492,364,0
2026.03.24 23:00:00,4484.414,4551.384,4472.643,4546.757,21445,364,0
2026.03.25 00:00:00,4546.670,4571.919,4537.408,4563.237,32617,364,0
2026.03.25 01:00:00,4563.308,4601.126,4552.102,4594.697,38030,364,0
2026.03.25 02:00:00,4594.932,4602.483,4579.670,4583.629,25378,364,0
2026.03.25 03:00:00,4583.482,4586.261,4567.503,4570.152,17183,364,0
2026.03.25 04:00:00,4570.157,4574.633,4565.579,4572.299,9607,364,0
2026.03.25 05:00:00,4572.644,4573.354,4549.282,4555.426,19434,364,0
2026.03.25 06:00:00,4555.675,4556.936,4533.150,4545.380,21359,364,0
2026.03.25 07:00:00,4545.389,4563.217,4536.861,4539.417,20920,280,0
2026.03.25 08:00:00,4539.476,4567.731,4535.624,4556.234,33009,280,0
2026.03.25 09:00:00,4556.181,4567.620,4527.515,4551.894,27044,280,0
2026.03.25 10:00:00,4551.967,4562.427,4550.933,4558.893,20698,280,0
2026.03.25 11:00:00,4558.942,4585.735,4556.015,4578.840,22759,280,0
2026.03.25 12:00:00,4578.791,4583.830,4521.896,4544.146,49921,280,0
2026.03.25 13:00:00,4544.052,4576.452,4540.755,4544.789,69210,280,0
2026.03.25 14:00:00,4544.740,4579.377,4532.875,4567.249,56441,280,0
2026.03.25 15:00:00,4567.295,4569.144,4524.949,4559.109,49540,280,0
2026.03.25 16:00:00,4558.894,4564.947,4545.151,4555.434,37874,280,0
2026.03.25 17:00:00,4555.387,4564.059,4542.581,4550.773,29868,280,0
2026.03.25 18:00:00,4550.629,4569.010,4530.686,4538.317,33781,280,0
2026.03.25 19:00:00,4538.148,4539.634,4486.821,4530.658,44946,280,0
2026.03.25 20:00:00,4530.591,4541.935,4494.582,4505.785,19666,280,0
2026.03.25 22:00:00,4518.061,4534.696,4505.567,4517.360,15675,280,0
2026.03.25 23:00:00,4517.655,4518.280,4488.845,4498.103,15519,280,0
2026.03.26 00:00:00,4498.360,4539.337,4498.077,4535.759,28082,280,0
2026.03.26 01:00:00,4535.704,4544.519,4522.368,4535.447,34423,280,0
2026.03.26 02:00:00,4535.528,4535.917,4505.647,4508.937,23511,280,0
2026.03.26 03:00:00,4508.730,4518.898,4499.964,4516.471,18440,280,0
2026.03.26 04:00:00,4516.503,4524.119,4511.522,4520.459,10342,280,0
2026.03.26 05:00:00,4520.496,4522.393,4438.822,4439.000,37604,280,0
2026.03.26 06:00:00,4439.141,4459.350,4415.730,4456.193,53626,280,0
2026.03.26 07:00:00,4456.338,4463.894,4438.824,4452.559,35751,280,0
2026.03.26 08:00:00,4452.562,4459.254,4412.354,4427.816,51038,280,0
2026.03.26 09:00:00,4427.766,4437.107,4414.335,4423.664,38618,280,0
2026.03.26 10:00:00,4423.521,4448.014,4416.975,4443.292,32818,280,0
2026.03.26 11:00:00,4443.333,4456.710,4418.924,4423.173,31642,280,0
2026.03.26 12:00:00,4423.220,4445.804,4416.245,4429.467,38664,280,0
2026.03.26 13:00:00,4429.343,4460.385,4420.152,4452.581,72825,280,0
2026.03.26 14:00:00,4452.633,4479.304,4437.242,4464.862,81290,280,0
2026.03.26 15:00:00,4464.918,4469.190,4433.735,4438.118,55958,280,0
2026.03.26 16:00:00,4438.071,4442.850,4366.807,4389.375,70953,280,0
2026.03.26 17:00:00,4389.349,4402.626,4377.372,4381.273,48387,280,0
2026.03.26 18:00:00,4381.223,4397.841,4367.599,4394.365,34777,280,0
2026.03.26 19:00:00,4394.322,4399.270,4359.032,4364.083,40276,280,0
2026.03.26 20:00:00,4364.039,4420.698,4350.940,4380.944,70306,280,0
2026.03.26 22:00:00,4382.189,4415.193,4380.987,4411.334,12392,280,0
2026.03.26 23:00:00,4411.208,4414.316,4389.986,4404.911,10923,280,0
2026.03.27 00:00:00,4404.958,4411.186,4375.208,4378.455,23740,280,0
2026.03.27 01:00:00,4378.409,4420.808,4377.042,4417.200,29060,280,0
2026.03.27 02:00:00,4417.246,4440.666,4417.011,4431.939,24088,280,0
2026.03.27 03:00:00,4431.943,4446.168,4421.067,4437.436,18774,280,0
2026.03.27 04:00:00,4437.476,4449.472,4431.378,4446.151,10395,280,0
2026.03.27 05:00:00,4446.120,4475.324,4440.371,4454.611,24688,280,0
2026.03.27 06:00:00,4454.560,4472.990,4451.730,4459.554,24798,280,0
2026.03.27 07:00:00,4459.668,4462.962,4442.667,4447.613,18599,280,0
2026.03.27 08:00:00,4447.529,4450.898,4423.694,4424.257,22988,280,0
2026.03.27 09:00:00,4424.211,4438.382,4420.783,4428.903,19753,280,0
2026.03.27 10:00:00,4428.925,4432.988,4410.553,4414.879,18695,280,0
2026.03.27 11:00:00,4414.945,4426.336,4404.209,4419.818,20842,280,0
2026.03.27 12:00:00,4419.871,4445.357,4412.653,4437.744,24327,280,0
2026.03.27 13:00:00,4437.801,4443.742,4413.404,4431.560,31470,280,0
2026.03.27 14:00:00,4431.614,4514.860,4430.649,4509.718,41604,280,0
2026.03.27 15:00:00,4509.733,4555.421,4501.765,4523.995,49375,280,0
2026.03.27 16:00:00,4524.058,4533.849,4505.468,4515.931,25295,280,0
2026.03.27 17:00:00,4515.996,4521.974,4486.193,4486.521,23558,280,0
2026.03.27 18:00:00,4486.598,4528.660,4486.598,4516.907,22017,280,0
2026.03.27 19:00:00,4516.847,4526.175,4500.613,4514.485,20001,280,0
2026.03.27 20:00:00,4514.543,4520.479,4490.790,4495.377,11556,280,0
2026.03.29 22:00:00,4511.704,4514.009,4480.369,4484.701,17324,280,0
2026.03.29 23:00:00,4484.625,4492.487,4443.749,4448.566,16165,280,0
2026.03.30 00:00:00,4448.652,4466.886,4418.467,4432.287,35944,280,0
2026.03.30 01:00:00,4432.168,4475.731,4431.570,4469.475,35125,280,0
2026.03.30 02:00:00,4469.532,4499.119,4458.762,4481.021,20481,280,0
2026.03.30 03:00:00,4481.206,4517.590,4478.610,4496.149,16965,280,0
2026.03.30 04:00:00,4495.886,4498.746,4486.064,4496.887,9968,280,0
2026.03.30 05:00:00,4496.944,4528.261,4496.692,4522.393,15405,280,0
2026.03.30 06:00:00,4522.255,4550.588,4516.847,4532.561,19988,280,0
2026.03.30 07:00:00,4532.500,4534.945,4515.673,4527.205,16492,280,0
2026.03.30 08:00:00,4527.084,4540.520,4525.027,4538.054,12139,280,0
2026.03.30 09:00:00,4538.327,4540.639,4523.737,4532.348,13080,280,0
2026.03.30 10:00:00,4532.195,4540.116,4527.571,4532.448,10220,280,0
2026.03.30 11:00:00,4532.504,4580.712,4525.408,4559.383,25315,280,0
2026.03.30 12:00:00,4559.444,4578.064,4545.312,4569.360,18110,280,0
2026.03.30 13:00:00,4569.491,4578.545,4516.602,4523.350,38185,280,0
2026.03.30 14:00:00,4523.290,4541.262,4512.119,4538.654,37935,280,0
2026.03.30 15:00:00,4538.744,4556.708,4524.641,4548.401,23513,280,0
2026.03.30 16:00:00,4548.345,4549.689,4531.475,4539.852,16090,280,0
2026.03.30 17:00:00,4539.916,4542.190,4511.267,4514.941,19907,280,0
2026.03.30 18:00:00,4514.881,4523.081,4498.250,4498.979,15009,280,0
2026.03.30 19:00:00,4498.776,4518.379,4492.933,4513.621,22524,280,0
2026.03.30 20:00:00,4513.548,4516.432,4500.961,4511.240,7238,280,0
2026.03.30 22:00:00,4513.963,4523.756,4502.122,4510.782,6513,280,0
2026.03.30 23:00:00,4510.855,4521.282,4492.358,4513.571,9552,280,0
2026.03.31 00:00:00,4513.502,4548.093,4482.562,4547.705,30869,280,0
2026.03.31 01:00:00,4547.873,4619.513,4532.022,4604.925,38833,280,0
2026.03.31 02:00:00,4604.850,4607.066,4565.458,4568.309,23299,280,0
2026.03.31 03:00:00,4568.242,4576.919,4550.304,4556.941,15548,280,0
2026.03.31 04:00:00,4556.946,4569.565,4556.946,4564.898,10069,280,0
2026.03.31 05:00:00,4564.881,4581.761,4547.786,4568.757,15699,280,0
2026.03.31 06:00:00,4568.921,4569.105,4553.239,4557.319,15054,280,0
2026.03.31 07:00:00,4557.381,4565.867,4543.200,4564.462,13582,280,0
2026.03.31 08:00:00,4564.543,4575.165,4560.602,4568.502,13039,280,0
2026.03.31 09:00:00,4568.693,4572.318,4550.101,4555.413,12488,280,0
2026.03.31 10:00:00,4555.352,4561.714,4529.324,4546.979,13157,280,0
2026.03.31 11:00:00,4546.920,4593.142,4540.909,4582.116,27268,280,0
2026.03.31 12:00:00,4582.308,4597.597,4569.207,4574.875,22198,280,0
2026.03.31 13:00:00,4574.941,4609.576,4567.818,4607.401,23846,280,0
2026.03.31 14:00:00,4607.341,4630.209,4594.738,4598.899,36984,280,0
2026.03.31 15:00:00,4599.147,4625.247,4599.147,4609.586,22043,280,0
2026.03.31 16:00:00,4609.528,4651.699,4606.850,4638.250,40326,280,0
2026.03.31 17:00:00,4638.314,4667.367,4636.347,4654.649,34512,280,0
2026.03.31 18:00:00,4654.603,4671.104,4653.556,4667.424,17837,280,0
2026.03.31 19:00:00,4667.522,4685.670,4661.556,4682.776,19244,280,0
2026.03.31 20:00:00,4682.714,4687.332,4664.523,4668.181,9480,280,0
2026.03.31 22:00:00,4681.652,4696.354,4661.827,4680.896,13033,280,0
2026.03.31 23:00:00,4680.988,4700.038,4671.763,4696.420,8197,280,0
2026.04.01 00:00:00,4696.362,4722.524,4693.414,4710.987,17669,280,0
2026.04.01 01:00:00,4711.044,4724.207,4681.259,4692.558,24736,280,0
2026.04.01 02:00:00,4692.627,4700.458,4678.192,4684.684,14112,280,0
2026.04.01 03:00:00,4684.618,4694.236,4679.710,4681.985,9426,280,0
2026.04.01 04:00:00,4682.009,4682.178,4667.158,4676.485,7671,280,0
2026.04.01 05:00:00,4676.427,4703.333,4674.731,4684.345,11402,280,0
2026.04.01 06:00:00,4684.410,4733.138,4682.517,4730.476,16741,280,0
2026.04.01 07:00:00,4730.533,4747.646,4709.590,4712.842,18360,280,0
2026.04.01 08:00:00,4712.905,4740.183,4710.447,4728.583,15890,280,0
2026.04.01 09:00:00,4728.641,4730.156,4713.083,4723.012,12192,280,0
2026.04.01 10:00:00,4723.094,4738.838,4715.308,4731.247,10506,280,0
2026.04.01 11:00:00,4731.290,4762.930,4728.151,4752.221,13289,280,0
2026.04.01 12:00:00,4752.092,4753.676,4724.121,4724.551,28890,280,0
2026.04.01 13:00:00,4724.787,4749.386,4715.954,4738.091,32956,280,0
2026.04.01 14:00:00,4738.253,4768.824,4723.991,4760.852,33161,280,0
2026.04.01 15:00:00,4760.909,4788.333,4758.161,4786.566,20162,280,0
2026.04.01 16:00:00,4786.620,4790.756,4774.411,4787.104,12931,280,0
2026.04.01 17:00:00,4787.263,4792.982,4773.564,4774.416,11961,280,0
2026.04.01 18:00:00,4774.431,4775.201,4741.953,4753.185,23271,280,0
2026.04.01 19:00:00,4753.300,4778.120,4750.986,4766.157,17901,280,0
2026.04.01 20:00:00,4765.836,4771.230,4754.037,4756.817,7096,280,0
2026.04.01 22:00:00,4758.857,4782.690,4756.430,4776.579,4874,280,0
2026.04.01 23:00:00,4776.574,4800.207,4773.708,4784.149,7960,280,0
2026.04.02 00:00:00,4784.220,4798.774,4774.925,4784.558,14921,280,0
2026.04.02 01:00:00,4784.571,4786.369,4650.397,4696.700,82384,280,0
2026.04.02 02:00:00,4696.452,4703.922,4655.143,4686.887,37431,280,0
2026.04.02 03:00:00,4686.935,4699.241,4675.614,4676.249,15335,280,0
2026.04.02 04:00:00,4676.299,4681.336,4657.042,4672.434,13850,280,0
2026.04.02 05:00:00,4672.494,4680.525,4585.935,4594.012,34063,280,0
2026.04.02 06:00:00,4594.340,4608.419,4553.758,4599.050,44147,280,0
2026.04.02 07:00:00,4598.990,4651.271,4597.138,4642.794,20139,280,0
2026.04.02 08:00:00,4642.787,4648.865,4617.230,4620.862,18305,280,0
2026.04.02 09:00:00,4620.636,4631.930,4613.047,4621.866,14568,280,0
2026.04.02 10:00:00,4621.927,4635.164,4604.052,4620.647,15438,280,0
2026.04.02 11:00:00,4620.445,4630.695,4592.597,4600.073,18171,280,0
2026.04.02 12:00:00,4599.980,4630.169,4594.429,4602.013,23536,280,0
2026.04.02 13:00:00,4602.077,4651.417,4580.323,4645.954,59733,280,0
2026.04.02 14:00:00,4646.012,4699.766,4631.624,4681.456,72315,280,0
2026.04.02 15:00:00,4681.536,4684.124,4652.569,4660.855,39163,280,0
2026.04.02 16:00:00,4660.917,4670.697,4642.719,4658.980,25442,280,0
2026.04.02 17:00:00,4659.088,4668.351,4645.679,4648.779,19725,280,0
2026.04.02 18:00:00,4648.768,4672.103,4647.277,4668.576,13912,280,0
2026.04.02 19:00:00,4668.518,4681.781,4661.475,4672.084,15720,280,0
2026.04.02 20:00:00,4672.145,4676.952,4664.388,4675.248,7601,280,0
2026.04.05 22:00:00,4662.786,4662.786,4608.436,4645.446,19003,280,0
2026.04.05 23:00:00,4645.542,4651.266,4605.062,4610.577,11880,280,0
2026.04.06 00:00:00,4610.685,4629.371,4600.586,4622.285,19441,280,0
2026.04.06 01:00:00,4622.316,4643.030,4620.526,4625.766,13591,280,0
2026.04.06 02:00:00,4626.072,4671.778,4623.653,4648.141,17580,280,0
2026.04.06 03:00:00,4648.077,4648.190,4625.196,4640.534,12637,280,0
2026.04.06 04:00:00,4640.361,4660.027,4639.931,4658.897,7440,280,0
2026.04.06 05:00:00,4658.903,4678.816,4651.445,4652.763,10509,280,0
2026.04.06 06:00:00,4652.770,4667.909,4643.379,4665.842,11930,280,0
2026.04.06 07:00:00,4665.800,4688.617,4644.913,4684.819,13214,280,0
2026.04.06 08:00:00,4684.750,4698.188,4680.734,4695.555,13415,280,0
2026.04.06 09:00:00,4695.623,4706.668,4690.808,4693.596,11480,280,0
2026.04.06 10:00:00,4693.470,4697.508,4684.766,4689.899,11314,280,0
2026.04.06 11:00:00,4689.967,4696.869,4676.881,4677.937,10079,280,0
2026.04.06 12:00:00,4678.002,4686.816,4659.516,4675.920,12247,280,0
2026.04.06 13:00:00,4675.685,4681.691,4659.650,4679.753,26861,280,0
2026.04.06 14:00:00,4680.125,4697.737,4660.120,4682.902,31134,280,0
2026.04.06 15:00:00,4682.976,4684.002,4652.017,4668.110,20451,280,0
2026.04.06 16:00:00,4668.224,4672.572,4657.591,4660.478,12767,280,0
2026.04.06 17:00:00,4660.412,4661.152,4645.581,4653.718,15025,280,0
2026.04.06 18:00:00,4653.775,4666.714,4648.628,4658.174,11574,280,0
2026.04.06 19:00:00,4658.204,4659.274,4645.435,4655.249,8388,280,0
2026.04.06 20:00:00,4655.267,4658.305,4648.998,4649.887,4423,280,0
2026.04.06 22:00:00,4661.108,4667.822,4656.775,4658.382,5398,280,0
2026.04.06 23:00:00,4658.470,4661.119,4651.601,4658.852,4250,280,0
2026.04.07 00:00:00,4658.955,4661.365,4648.952,4654.995,9798,280,0
2026.04.07 01:00:00,4654.692,4664.209,4616.266,4626.768,38680,280,0
2026.04.07 02:00:00,4626.750,4653.997,4619.676,4650.351,15959,280,0
2026.04.07 03:00:00,4650.295,4654.034,4639.489,4649.699,9435,280,0
2026.04.07 04:00:00,4649.489,4664.158,4645.561,4659.789,8182,280,0
2026.04.07 05:00:00,4659.667,4661.450,4622.940,4642.825,16153,280,0
2026.04.07 06:00:00,4643.164,4656.430,4637.728,4653.310,15514,280,0
2026.04.07 07:00:00,4653.169,4657.123,4636.630,4645.856,12199,280,0
2026.04.07 08:00:00,4646.104,4690.694,4644.146,4682.931,25281,280,0
2026.04.07 09:00:00,4682.909,4694.584,4658.784,4670.721,16816,280,0
2026.04.07 10:00:00,4670.779,4680.437,4649.101,4652.178,23639,280,0
2026.04.07 11:00:00,4652.108,4664.147,4628.606,4659.796,17658,280,0
2026.04.07 12:00:00,4659.862,4670.777,4646.713,4651.413,19422,280,0
2026.04.07 13:00:00,4651.751,4663.163,4635.449,4644.374,27708,280,0
2026.04.07 14:00:00,4644.055,4661.301,4607.263,4633.392,38086,280,0
2026.04.07 15:00:00,4633.326,4659.365,4624.816,4655.664,26036,280,0
2026.04.07 16:00:00,4655.450,4668.440,4652.485,4657.120,20124,280,0
2026.04.07 17:00:00,4657.107,4686.522,4653.812,4676.051,17588,280,0
2026.04.07 18:00:00,4675.910,4686.355,4657.540,4662.318,13351,280,0
2026.04.07 19:00:00,4662.379,4718.640,4660.693,4700.621,64923,280,0
2026.04.07 20:00:00,4700.684,4716.989,4697.209,4706.244,15741,280,0
2026.04.07 22:00:00,4740.816,4819.830,4713.602,4818.187,27165,360,0
2026.04.07 23:00:00,4818.240,4836.270,4801.742,4833.203,26817,280,0
2026.04.08 00:00:00,4833.387,4857.481,4808.693,4817.922,33079,280,0
2026.04.08 01:00:00,4817.676,4825.249,4788.011,4810.231,31091,280,0
2026.04.08 02:00:00,4810.151,4825.072,4798.571,4803.729,12892,280,0
2026.04.08 03:00:00,4803.788,4805.984,4794.959,4797.596,10046,280,0
2026.04.08 04:00:00,4797.615,4806.661,4790.005,4803.451,9052,280,0
2026.04.08 05:00:00,4803.741,4844.005,4800.286,4827.845,12667,280,0
2026.04.08 06:00:00,4827.392,4839.718,4820.033,4820.033,16310,280,0
2026.04.08 07:00:00,4819.917,4821.290,4805.271,4813.413,13913,280,0
2026.04.08 08:00:00,4813.481,4819.803,4790.167,4793.832,13545,280,0
2026.04.08 09:00:00,4793.907,4806.638,4776.158,4783.298,12310,280,0
2026.04.08 10:00:00,4783.257,4796.177,4771.076,4782.710,10234,280,0
2026.04.08 11:00:00,4782.625,4802.827,4777.847,4798.367,15245,280,0
2026.04.08 12:00:00,4798.564,4807.028,4768.442,4799.671,23074,280,0
2026.04.08 13:00:00,4799.569,4806.699,4767.280,4777.771,29260,280,0
2026.04.08 14:00:00,4777.826,4792.017,4732.171,4736.428,37141,280,0
2026.04.08 15:00:00,4736.154,4763.166,4734.286,4756.437,21692,280,0
2026.04.08 16:00:00,4756.609,4765.618,4745.481,4760.566,13437,280,0
2026.04.08 17:00:00,4760.519,4764.313,4731.564,4734.153,15875,280,0
2026.04.08 18:00:00,4734.054,4744.564,4703.423,4705.432,25588,280,0
2026.04.08 19:00:00,4705.250,4731.826,4699.492,4730.439,20227,280,0
2026.04.08 20:00:00,4730.515,4732.173,4717.091,4719.615,6270,280,0
2026.04.08 22:00:00,4729.169,4732.460,4704.703,4717.754,8274,280,0
2026.04.08 23:00:00,4717.631,4720.026,4705.396,4715.520,6877,280,0
2026.04.09 00:00:00,4715.695,4719.149,4698.134,4706.629,13894,280,0
2026.04.09 01:00:00,4706.571,4728.066,4699.586,4727.112,21233,280,0
2026.04.09 02:00:00,4727.176,4732.903,4717.519,4719.151,10198,280,0
2026.04.09 03:00:00,4719.099,4720.349,4705.290,4711.444,9923,280,0
2026.04.09 04:00:00,4711.504,4725.506,4709.601,4720.926,6498,280,0
2026.04.09 05:00:00,4720.986,4726.650,4705.774,4713.132,11579,280,0
2026.04.09 06:00:00,4713.318,4725.414,4703.348,4712.632,13442,280,0
2026.04.09 07:00:00,4712.569,4731.313,4705.717,4724.241,16005,280,0
2026.04.09 08:00:00,4724.395,4733.186,4719.838,4726.103,10095,280,0
2026.04.09 09:00:00,4726.247,4733.322,4723.095,4729.086,8482,280,0
2026.04.09 10:00:00,4729.048,4746.561,4723.517,4741.231,9723,280,0
2026.04.09 11:00:00,4740.935,4757.424,4738.478,4756.362,8828,280,0
2026.04.09 12:00:00,4756.426,4759.843,4734.899,4745.802,14041,280,0
2026.04.09 13:00:00,4745.950,4777.161,4738.625,4764.454,22743,280,0
2026.04.09 14:00:00,4764.512,4776.112,4747.068,4768.249,20177,280,0
2026.04.09 15:00:00,4768.308,4797.980,4761.119,4792.833,21432,280,0
2026.04.09 16:00:00,4792.934,4801.092,4784.363,4788.667,13873,280,0
2026.04.09 17:00:00,4788.727,4801.202,4786.695,4797.662,10343,280,0
2026.04.09 18:00:00,4797.571,4798.155,4767.551,4772.235,15820,280,0
2026.04.09 19:00:00,4772.169,4782.702,4766.847,4768.865,23871,280,0
2026.04.09 20:00:00,4768.923,4773.369,4760.758,4764.982,5840,280,0
2026.04.09 22:00:00,4779.108,4779.249,4758.617,4764.028,6181,280,0
2026.04.09 23:00:00,4764.061,4764.254,4757.005,4763.591,4744,280,0
2026.04.10 00:00:00,4763.654,4763.654,4750.739,4762.856,10573,280,0
2026.04.10 01:00:00,4762.819,4776.952,4757.958,4764.628,14028,280,0
2026.04.10 02:00:00,4764.690,4765.341,4737.858,4752.900,12313,280,0
2026.04.10 03:00:00,4752.836,4769.530,4752.742,4766.321,7976,280,0
2026.04.10 04:00:00,4766.494,4770.840,4757.969,4758.636,5404,280,0
2026.04.10 05:00:00,4758.666,4769.143,4757.325,4766.046,8298,280,0
2026.04.10 06:00:00,4765.904,4765.904,4742.847,4746.579,11072,280,0
2026.04.10 07:00:00,4746.223,4757.527,4741.210,4749.686,8199,280,0
2026.04.10 08:00:00,4749.779,4753.252,4730.601,4740.691,10479,280,0
2026.04.10 09:00:00,4740.632,4760.842,4740.497,4751.373,11272,280,0
2026.04.10 10:00:00,4751.641,4760.693,4742.178,4757.196,7258,280,0
2026.04.10 11:00:00,4756.938,4768.949,4753.205,4768.056,7391,280,0
2026.04.10 12:00:00,4768.241,4782.406,4759.914,4771.903,15454,160,0
2026.04.10 13:00:00,4771.858,4780.254,4764.956,4775.035,20858,280,0
2026.04.10 14:00:00,4775.317,4795.104,4767.222,4774.813,21141,280,0
2026.04.10 15:00:00,4774.949,4787.251,4754.924,4761.985,18567,280,0
2026.04.10 16:00:00,4762.258,4766.087,4747.379,4763.791,15210,280,0
2026.04.10 17:00:00,4763.695,4768.561,4758.004,4760.388,10121,280,0
2026.04.10 18:00:00,4760.453,4773.133,4750.755,4765.059,9416,280,0
2026.04.10 19:00:00,4765.264,4770.479,4758.241,4759.725,7828,280,0
2026.04.10 20:00:00,4759.760,4760.022,4741.105,4749.325,7040,280,0
2026.04.12 22:00:00,4670.253,4685.152,4644.273,4658.844,13720,280,0
2026.04.12 23:00:00,4658.845,4671.841,4644.339,4671.254,9374,280,0
2026.04.13 00:00:00,4671.370,4698.539,4664.581,4695.607,14081,280,0
2026.04.13 01:00:00,4695.302,4728.110,4693.591,4721.125,23299,280,0
2026.04.13 02:00:00,4721.264,4727.968,4711.306,4720.497,12122,280,0
2026.04.13 03:00:00,4720.422,4723.981,4712.221,4718.119,7411,280,0
2026.04.13 04:00:00,4718.248,4725.041,4708.422,4723.189,7130,280,0
2026.04.13 05:00:00,4722.972,4730.726,4716.304,4729.518,9512,280,0
2026.04.13 06:00:00,4729.279,4732.680,4720.674,4725.433,10930,280,0
2026.04.13 07:00:00,4725.533,4740.049,4724.910,4733.781,11341,280,0
2026.04.13 08:00:00,4733.795,4738.681,4719.944,4723.504,10157,280,0
2026.04.13 09:00:00,4723.472,4728.493,4710.517,4714.755,10267,280,0
2026.04.13 10:00:00,4714.796,4723.843,4708.195,4721.986,7888,280,0
2026.04.13 11:00:00,4721.945,4729.034,4703.436,4706.693,12119,280,0
2026.04.13 12:00:00,4706.739,4725.148,4703.674,4723.340,14216,280,0
2026.04.13 13:00:00,4723.547,4744.728,4721.207,4730.608,27430,280,0
2026.04.13 14:00:00,4730.575,4731.238,4708.580,4719.158,22678,280,0
2026.04.13 15:00:00,4718.896,4719.733,4700.207,4714.497,17399,280,0
2026.04.13 16:00:00,4714.312,4746.229,4709.316,4733.070,22758,280,0
2026.04.13 17:00:00,4733.096,4749.869,4725.611,4730.011,12878,280,0
2026.04.13 18:00:00,4729.999,4740.690,4723.188,4738.255,8945,280,0
2026.04.13 19:00:00,4738.182,4747.438,4730.613,4741.230,8504,280,0
2026.04.13 20:00:00,4741.153,4744.137,4738.180,4741.043,4247,280,0
2026.04.13 22:00:00,4750.694,4759.523,4745.664,4757.801,5275,280,0
2026.04.13 23:00:00,4757.789,4765.881,4754.417,4757.316,5299,280,0
2026.04.14 00:00:00,4757.667,4775.752,4751.630,4769.654,10839,280,0
2026.04.14 01:00:00,4769.797,4776.877,4761.871,4764.584,14209,280,0
2026.04.14 02:00:00,4764.730,4777.226,4762.135,4774.921,8563,280,0
2026.04.14 03:00:00,4774.999,4775.608,4765.625,4768.081,6046,280,0
2026.04.14 04:00:00,4768.152,4776.795,4766.938,4774.210,4328,280,0
2026.04.14 05:00:00,4774.008,4774.312,4757.984,4760.099,8986,280,0
2026.04.14 06:00:00,4760.138,4783.144,4759.964,4781.882,9473,280,0
2026.04.14 07:00:00,4781.944,4796.392,4767.852,4777.202,14566,280,0
2026.04.14 08:00:00,4776.977,4789.777,4774.112,4786.558,9507,280,0
2026.04.14 09:00:00,4786.711,4789.119,4771.318,4778.305,8787,280,0
2026.04.14 10:00:00,4778.368,4788.073,4751.945,4768.531,9911,280,0
2026.04.14 11:00:00,4768.373,4782.910,4766.634,4775.028,9269,280,0
2026.04.14 12:00:00,4775.085,4777.486,4762.105,4771.461,13760,280,0
2026.04.14 13:00:00,4771.391,4803.307,4770.982,4794.423,20020,280,0
2026.04.14 14:00:00,4794.486,4818.009,4792.854,4803.896,18850,280,0
2026.04.14 15:00:00,4803.747,4816.104,4790.944,4808.114,14225,280,0
2026.04.14 16:00:00,4808.180,4820.315,4804.958,4810.224,10271,280,0
2026.04.14 17:00:00,4810.226,4841.377,4809.314,4835.170,11360,280,0
2026.04.14 18:00:00,4835.035,4843.167,4830.864,4835.645,8109,280,0
2026.04.14 19:00:00,4835.898,4846.197,4835.898,4844.608,7595,280,0
2026.04.14 20:00:00,4844.678,4846.024,4839.638,4840.682,3936,280,0
2026.04.14 22:00:00,4839.717,4850.546,4833.223,4835.099,5596,308,0
2026.04.14 23:00:00,4834.900,4844.159,4833.642,4836.910,5939,280,0
2026.04.15 00:00:00,4836.967,4839.721,4827.164,4835.604,8046,280,0
2026.04.15 01:00:00,4835.557,4871.356,4828.059,4847.200,18796,280,0
2026.04.15 02:00:00,4846.889,4853.370,4820.325,4823.989,13959,280,0
2026.04.15 03:00:00,4823.703,4829.581,4816.740,4823.835,8353,280,0
2026.04.15 04:00:00,4824.031,4827.720,4820.491,4825.055,5119,280,0
2026.04.15 05:00:00,4824.753,4830.450,4812.493,4819.645,11868,280,0
2026.04.15 06:00:00,4819.834,4824.958,4810.899,4811.510,9847,280,0
2026.04.15 07:00:00,4811.728,4816.976,4803.857,4810.968,11732,280,0
2026.04.15 08:00:00,4810.905,4821.061,4804.397,4818.226,9712,280,0
2026.04.15 09:00:00,4818.241,4819.360,4786.070,4798.132,14008,280,0
2026.04.15 10:00:00,4798.170,4805.005,4790.003,4799.955,12385,280,0
2026.04.15 11:00:00,4800.039,4814.975,4795.564,4812.640,9597,280,0
2026.04.15 12:00:00,4812.571,4816.165,4806.875,4811.707,9990,280,0
2026.04.15 13:00:00,4811.667,4830.052,4808.579,4828.622,17631,280,0
2026.04.15 14:00:00,4828.535,4830.623,4813.303,4815.579,13716,280,0
2026.04.15 15:00:00,4815.684,4816.227,4786.776,4801.779,17043,280,0
2026.04.15 16:00:00,4801.498,4812.745,4800.095,4803.760,11218,280,0
2026.04.15 17:00:00,4803.894,4808.657,4790.682,4792.540,9976,280,0
2026.04.15 18:00:00,4792.378,4802.141,4789.954,4799.816,9288,280,0
2026.04.15 19:00:00,4799.659,4803.380,4794.342,4795.930,7042,280,0
2026.04.15 20:00:00,4795.989,4796.787,4787.691,4791.109,4342,280,0
2026.04.15 22:00:00,4797.183,4811.940,4790.949,4807.675,4661,280,0
2026.04.15 23:00:00,4807.654,4826.611,4807.530,4823.514,4543,280,0
2026.04.16 00:00:00,4823.228,4837.478,4820.546,4833.139,8062,280,0
2026.04.16 01:00:00,4832.873,4836.274,4811.150,4818.040,11016,280,0
2026.04.16 02:00:00,4817.958,4825.017,4812.373,4819.492,8304,280,0
2026.04.16 03:00:00,4819.708,4827.014,4818.990,4824.153,5860,280,0
2026.04.16 04:00:00,4824.153,4833.432,4822.901,4832.801,4622,280,0
2026.04.16 05:00:00,4832.859,4838.319,4821.161,4821.335,8164,280,0
2026.04.16 06:00:00,4821.406,4830.385,4814.119,4826.113,11111,280,0
2026.04.16 07:00:00,4826.171,4830.892,4816.982,4821.136,10425,280,0
2026.04.16 08:00:00,4821.196,4821.875,4806.390,4813.684,9839,280,0
2026.04.16 09:00:00,4813.571,4817.936,4806.745,4812.590,8032,280,0
2026.04.16 10:00:00,4812.781,4817.370,4805.040,4817.003,7155,280,0
2026.04.16 11:00:00,4817.069,4822.516,4815.463,4822.158,6997,280,0
2026.04.16 12:00:00,4822.019,4823.088,4811.372,4816.343,9207,280,0
2026.04.16 13:00:00,4816.341,4823.908,4784.636,4794.707,21135,280,0
2026.04.16 14:00:00,4794.623,4805.222,4772.900,4788.741,27138,280,0
2026.04.16 15:00:00,4788.639,4812.875,4788.113,4806.736,17680,280,0
2026.04.16 16:00:00,4806.671,4810.125,4785.101,4792.006,13664,280,0
2026.04.16 17:00:00,4792.201,4795.326,4781.413,4788.977,11518,280,0
2026.04.16 18:00:00,4788.918,4794.072,4785.745,4789.568,8942,280,0
2026.04.16 19:00:00,4789.406,4798.559,4789.406,4793.716,7320,280,0
2026.04.16 20:00:00,4793.637,4793.908,4786.350,4790.089,3876,280,0
2026.04.16 22:00:00,4794.429,4797.824,4790.915,4795.354,4520,280,0
2026.04.16 23:00:00,4795.296,4797.833,4791.568,4791.644,4233,280,0
2026.04.17 00:00:00,4791.552,4801.195,4785.775,4794.883,6985,280,0
2026.04.17 01:00:00,4794.945,4795.532,4767.422,4789.244,15246,280,0
2026.04.17 02:00:00,4789.240,4794.770,4784.476,4784.664,7189,280,0
2026.04.17 03:00:00,4784.721,4798.234,4784.721,4793.397,6837,280,0
2026.04.17 04:00:00,4793.291,4804.568,4792.541,4802.802,4664,280,0
2026.04.17 05:00:00,4802.813,4806.291,4793.611,4794.256,8367,280,0
2026.04.17 06:00:00,4794.350,4795.277,4779.128,4785.019,9356,280,0
2026.04.17 07:00:00,4785.121,4794.713,4778.656,4784.453,7916,280,0
2026.04.17 08:00:00,4784.439,4796.708,4780.899,4795.737,7503,280,0
2026.04.17 09:00:00,4795.678,4801.006,4789.873,4790.433,6833,280,0
2026.04.17 10:00:00,4790.491,4793.917,4782.150,4787.196,6461,280,0
2026.04.17 11:00:00,4787.256,4811.712,4783.356,4799.193,8016,280,0
2026.04.17 12:00:00,4799.258,4847.749,4797.435,4846.404,22455,280,0
2026.04.17 13:00:00,4846.111,4889.686,4834.695,4879.993,44476,280,0
2026.04.17 14:00:00,4880.050,4885.532,4860.686,4873.221,22857,280,0
2026.04.17 15:00:00,4873.288,4880.528,4854.683,4867.484,20159,280,0
2026.04.17 16:00:00,4867.415,4873.494,4863.672,4866.875,9790,280,0
2026.04.17 17:00:00,4866.944,4869.652,4853.723,4862.590,13544,280,0
2026.04.17 18:00:00,4862.409,4868.032,4855.942,4858.295,8851,280,0
2026.04.17 19:00:00,4858.353,4861.294,4852.699,4854.512,8773,280,0
2026.04.17 20:00:00,4854.649,4855.164,4830.634,4832.939,9664,280,0
2026.04.19 22:00:00,4774.480,4795.301,4770.877,4779.312,11416,360,0
2026.04.19 23:00:00,4779.331,4779.331,4736.936,4755.127,12122,360,0
2026.04.20 00:00:00,4755.264,4774.333,4744.860,4772.287,15694,280,0
2026.04.20 01:00:00,4772.225,4814.406,4771.107,4807.898,18871,280,0
2026.04.20 02:00:00,4807.723,4809.041,4793.015,4797.091,9811,280,0
2026.04.20 03:00:00,4797.113,4798.270,4788.808,4790.948,7668,280,0
2026.04.20 04:00:00,4791.011,4795.838,4786.963,4788.812,6195,280,0
2026.04.20 05:00:00,4788.634,4795.777,4779.488,4790.759,11566,280,0
2026.04.20 06:00:00,4790.584,4795.269,4783.713,4795.260,11643,280,0
2026.04.20 07:00:00,4795.319,4805.718,4786.868,4789.668,11938,280,0
2026.04.20 08:00:00,4789.546,4796.139,4785.898,4795.925,8471,280,0
2026.04.20 09:00:00,4795.870,4797.913,4783.231,4791.407,8161,280,0
2026.04.20 10:00:00,4791.726,4800.947,4789.984,4795.651,6450,280,0
2026.04.20 11:00:00,4795.764,4810.791,4786.552,4810.288,9050,280,0
2026.04.20 12:00:00,4810.230,4822.144,4798.922,4803.462,13121,280,0
2026.04.20 13:00:00,4803.521,4826.381,4799.742,4817.912,19882,280,0
2026.04.20 14:00:00,4817.976,4827.614,4792.572,4805.147,23138,280,0
2026.04.20 15:00:00,4805.055,4809.340,4792.577,4799.528,18405,280,0
2026.04.20 16:00:00,4799.859,4806.231,4792.717,4805.312,9341,280,0
2026.04.20 17:00:00,4805.372,4812.241,4803.832,4806.837,7977,280,0
2026.04.20 18:00:00,4806.893,4816.493,4806.893,4813.974,6802,280,0
2026.04.20 19:00:00,4813.966,4821.418,4810.372,4814.078,5900,280,0
2026.04.20 20:00:00,4814.109,4821.956,4812.075,4820.757,3857,280,0
2026.04.20 22:00:00,4827.501,4833.049,4820.844,4827.738,6693,280,0
2026.04.20 23:00:00,4827.491,4831.728,4819.793,4821.584,4404,280,0
2026.04.21 00:00:00,4821.670,4830.532,4816.763,4823.866,9388,280,0
2026.04.21 01:00:00,4823.741,4824.401,4805.630,4810.001,10553,280,0
2026.04.21 02:00:00,4810.260,4810.414,4802.335,4806.940,7351,280,0
2026.04.21 03:00:00,4806.983,4807.723,4792.426,4797.244,7406,280,0
2026.04.21 04:00:00,4797.040,4797.756,4788.622,4788.999,5884,280,0
2026.04.21 05:00:00,4789.095,4796.795,4783.045,4784.190,9782,280,0
2026.04.21 06:00:00,4784.138,4790.539,4774.327,4778.934,11288,280,0
2026.04.21 07:00:00,4778.840,4792.432,4772.668,4786.018,8915,280,0
2026.04.21 08:00:00,4786.073,4792.674,4774.598,4786.236,8903,280,0
2026.04.21 09:00:00,4786.170,4789.624,4781.195,4783.794,7284,280,0
2026.04.21 10:00:00,4783.853,4790.301,4780.708,4789.501,5860,280,0
2026.04.21 11:00:00,4789.672,4797.993,4775.216,4794.697,9563,280,0
2026.04.21 12:00:00,4794.575,4796.946,4766.779,4778.613,14240,280,0
2026.04.21 13:00:00,4778.530,4794.141,4760.441,4779.018,22855,280,0
2026.04.21 14:00:00,4779.084,4782.690,4723.326,4738.666,33042,280,0
2026.04.21 15:00:00,4739.015,4757.448,4727.618,4741.434,31162,280,0
2026.04.21 16:00:00,4741.452,4746.979,4707.933,4711.131,19502,280,0
2026.04.21 17:00:00,4711.058,4722.230,4696.818,4710.828,26381,280,0
2026.04.21 18:00:00,4710.730,4714.674,4692.288,4709.038,16764,280,0
2026.04.21 19:00:00,4709.095,4715.046,4668.229,4679.317,29385,280,0
2026.04.21 20:00:00,4679.201,4719.206,4668.715,4718.750,20642,280,0
2026.04.21 22:00:00,4719.882,4729.376,4715.424,4719.303,6097,280,0
2026.04.21 23:00:00,4719.424,4740.519,4718.168,4737.925,6105,280,0
2026.04.22 00:00:00,4738.077,4747.438,4738.077,4739.674,8836,280,0
2026.04.22 01:00:00,4739.651,4754.694,4735.850,4752.197,12049,280,0
2026.04.22 02:00:00,4751.994,4758.866,4750.119,4755.595,6968,280,0
2026.04.22 03:00:00,4755.529,4765.045,4752.887,4758.242,6403,280,0
2026.04.22 04:00:00,4758.289,4759.688,4752.308,4754.492,5665,280,0
2026.04.22 05:00:00,4754.525,4772.175,4752.005,4767.512,10039,280,0
2026.04.22 06:00:00,4767.422,4767.859,4758.843,4767.450,6520,280,0
2026.04.22 07:00:00,4767.390,4772.356,4759.707,4760.633,7504,280,0
2026.04.22 08:00:00,4760.640,4762.191,4751.877,4757.078,7417,280,0
2026.04.22 09:00:00,4757.038,4762.491,4752.244,4755.062,7099,280,0
2026.04.22 10:00:00,4755.366,4760.008,4745.584,4759.108,7254,280,0
2026.04.22 11:00:00,4759.021,4760.814,4747.738,4750.547,7748,280,0
2026.04.22 12:00:00,4750.335,4760.279,4742.823,4744.318,11013,280,0
2026.04.22 13:00:00,4744.209,4760.696,4736.304,4752.810,20367,280,0
2026.04.22 14:00:00,4752.653,4757.255,4730.052,4735.753,17394,280,0
2026.04.22 15:00:00,4735.811,4740.247,4724.919,4727.730,13049,280,0
2026.04.22 16:00:00,4727.815,4734.997,4723.669,4728.527,9467,280,0
2026.04.22 17:00:00,4728.470,4739.367,4728.437,4737.237,8628,280,0
2026.04.22 18:00:00,4737.293,4749.508,4729.830,4741.694,6984,280,0
2026.04.22 19:00:00,4741.779,4745.381,4736.810,4740.002,7775,280,0
2026.04.22 20:00:00,4740.188,4740.504,4734.533,4739.443,4430,280,0
2026.04.22 22:00:00,4744.823,4745.733,4725.789,4726.047,4361,280,0
2026.04.22 23:00:00,4726.110,4729.747,4723.353,4727.939,4467,280,0
2026.04.23 00:00:00,4728.005,4753.764,4694.007,4747.999,26602,280,0
2026.04.23 01:00:00,4748.124,4749.854,4722.522,4723.190,15346,280,0
2026.04.23 02:00:00,4723.391,4724.726,4697.981,4698.730,18593,280,0
2026.04.23 03:00:00,4698.882,4708.494,4698.024,4703.889,12936,280,0
2026.04.23 04:00:00,4703.790,4706.951,4698.642,4704.418,6420,280,0
2026.04.23 05:00:00,4704.201,4715.171,4692.138,4713.336,11373,280,0
2026.04.23 06:00:00,4713.257,4721.183,4708.651,4712.915,10265,280,0
2026.04.23 07:00:00,4712.988,4720.440,4703.182,4719.023,10763,280,0
2026.04.23 08:00:00,4718.996,4724.831,4701.402,4703.332,8922,280,0
2026.04.23 09:00:00,4703.381,4703.757,4694.688,4697.377,9920,280,0
2026.04.23 10:00:00,4697.311,4701.604,4684.163,4696.355,10653,280,0
2026.04.23 11:00:00,4696.450,4720.605,4695.554,4720.416,10176,280,0
2026.04.23 12:00:00,4720.479,4743.112,4719.570,4740.115,18477,280,0
2026.04.23 13:00:00,4739.956,4741.127,4723.727,4724.360,17447,280,0
2026.04.23 14:00:00,4724.258,4736.621,4716.883,4733.629,19558,280,0
2026.04.23 15:00:00,4733.694,4740.865,4716.289,4720.428,15019,280,0
2026.04.23 16:00:00,4720.472,4736.939,4715.581,4732.719,10586,280,0
2026.04.23 17:00:00,4732.750,4734.368,4664.031,4709.108,46523,280,0
2026.04.23 18:00:00,4709.165,4722.179,4699.304,4701.192,22791,280,0
2026.04.23 19:00:00,4701.132,4704.470,4689.280,4696.049,15504,280,0
2026.04.23 20:00:00,4695.966,4698.198,4686.466,4692.947,6761,280,0
2026.04.23 22:00:00,4699.668,4699.668,4690.021,4693.076,4681,280,0
2026.04.23 23:00:00,4693.089,4700.651,4686.725,4695.224,5523,280,0
2026.04.24 00:00:00,4695.293,4707.923,4690.816,4704.457,12341,280,0
2026.04.24 01:00:00,4704.396,4711.043,4690.163,4699.310,14775,280,0
2026.04.24 02:00:00,4699.255,4700.520,4672.888,4676.786,12619,280,0
2026.04.24 03:00:00,4676.795,4678.157,4668.523,4672.182,9440,280,0
2026.04.24 04:00:00,4672.056,4676.677,4657.574,4674.252,9079,280,0
2026.04.24 05:00:00,4674.319,4687.307,4669.483,4686.193,9090,280,0
2026.04.24 06:00:00,4686.250,4688.061,4666.689,4671.926,9025,280,0
2026.04.24 07:00:00,4671.881,4695.219,4670.969,4694.264,7586,280,0
2026.04.24 08:00:00,4694.337,4697.171,4685.254,4690.743,8200,280,0
2026.04.24 09:00:00,4690.908,4696.636,4679.203,4682.029,8980,280,0
2026.04.24 10:00:00,4681.966,4686.194,4674.541,4677.892,7332,280,0
2026.04.24 11:00:00,4677.825,4717.330,4677.799,4706.672,21675,280,0
2026.04.24 12:00:00,4706.806,4711.573,4690.275,4700.719,13306,280,0
2026.04.24 13:00:00,4700.793,4717.508,4689.467,4711.927,18721,280,0
2026.04.24 14:00:00,4711.570,4740.168,4706.822,4726.374,22747,280,0
2026.04.24 15:00:00,4726.437,4733.245,4714.465,4727.058,19262,280,0
2026.04.24 16:00:00,4726.991,4729.681,4718.929,4726.505,11483,280,0
2026.04.24 17:00:00,4726.561,4730.075,4718.798,4723.391,10166,280,0
2026.04.24 18:00:00,4723.461,4724.765,4716.801,4722.514,6717,280,0
2026.04.24 19:00:00,4722.572,4725.995,4713.590,4716.582,6932,280,0
2026.04.24 20:00:00,4716.360,4717.367,4705.244,4708.409,5505,280,0
2026.04.26 22:00:00,4696.068,4699.827,4680.211,4684.697,6526,280,0
2026.04.26 23:00:00,4684.615,4684.716,4674.842,4680.054,5302,280,0
2026.04.27 00:00:00,4680.118,4697.886,4672.020,4697.769,9125,280,0
2026.04.27 01:00:00,4697.681,4709.835,4690.949,4702.483,15872,280,0
2026.04.27 02:00:00,4702.538,4723.482,4696.122,4718.281,10543,280,0
2026.04.27 03:00:00,4718.234,4729.432,4714.521,4724.106,8122,280,0
2026.04.27 04:00:00,4723.909,4730.124,4722.687,4724.899,5509,280,0
2026.04.27 05:00:00,4724.796,4725.330,4708.640,4710.126,7799,280,0
2026.04.27 06:00:00,4709.983,4715.707,4709.103,4712.721,8304,280,0
2026.04.27 07:00:00,4712.709,4718.115,4710.032,4713.351,7964,280,0
2026.04.27 08:00:00,4713.196,4714.688,4705.352,4706.887,7522,280,0
2026.04.27 09:00:00,4706.755,4708.121,4699.339,4703.448,6472,280,0
2026.04.27 10:00:00,4703.509,4711.006,4699.674,4708.863,5315,280,0
2026.04.27 11:00:00,4708.918,4709.005,4699.924,4704.635,6453,280,0
2026.04.27 12:00:00,4704.754,4712.494,4696.788,4699.268,10388,280,0
2026.04.27 13:00:00,4699.328,4703.394,4688.951,4696.008,16103,280,0
2026.04.27 14:00:00,4695.939,4696.718,4676.348,4677.845,17489,280,0
2026.04.27 15:00:00,4678.093,4682.388,4667.007,4670.131,15048,280,0
2026.04.27 16:00:00,4670.103,4679.371,4667.180,4676.471,8270,280,0
2026.04.27 17:00:00,4676.528,4686.232,4668.255,4682.301,9364,280,0
2026.04.27 18:00:00,4682.239,4685.446,4678.822,4680.816,5939,280,0
2026.04.27 19:00:00,4680.760,4682.712,4676.528,4680.447,5909,280,0
2026.04.27 20:00:00,4680.601,4681.241,4677.292,4680.033,3195,280,0
2026.04.27 22:00:00,4684.223,4691.212,4682.036,4687.742,4094,280,0
2026.04.27 23:00:00,4687.901,4695.085,4687.118,4692.035,3623,280,0
2026.04.28 00:00:00,4692.097,4701.388,4690.417,4690.594,6706,280,0
2026.04.28 01:00:00,4690.386,4691.398,4669.287,4670.774,10859,280,0
2026.04.28 02:00:00,4670.832,4679.618,4666.374,4669.223,9293,280,0
2026.04.28 03:00:00,4669.045,4675.778,4668.373,4670.943,6461,280,0
2026.04.28 04:00:00,4670.886,4671.315,4666.648,4667.549,4886,280,0
2026.04.28 05:00:00,4667.401,4668.028,4623.873,4632.271,17451,280,0
2026.04.28 06:00:00,4632.179,4643.010,4623.193,4628.963,13355,280,0
2026.04.28 07:00:00,4629.049,4639.379,4620.530,4633.000,12115,280,0
2026.04.28 08:00:00,4632.944,4635.182,4614.600,4629.653,13231,280,0
2026.04.28 09:00:00,4629.599,4630.061,4604.569,4604.916,11491,280,0
2026.04.28 10:00:00,4604.793,4616.307,4603.166,4603.379,8482,280,0
2026.04.28 11:00:00,4603.366,4608.643,4555.292,4562.459,20762,280,0
2026.04.28 12:00:00,4562.681,4600.131,4554.733,4593.803,23126,280,0
2026.04.28 13:00:00,4593.558,4594.632,4570.614,4580.424,28012,280,0
2026.04.28 14:00:00,4580.191,4580.747,4557.127,4574.298,28421,280,0
2026.04.28 15:00:00,4574.242,4586.403,4566.932,4586.208,20120,280,0
2026.04.28 16:00:00,4586.143,4594.943,4577.736,4592.086,13067,280,0
2026.04.28 17:00:00,4592.397,4601.477,4587.023,4594.789,10948,280,0
2026.04.28 18:00:00,4594.782,4600.604,4592.198,4594.334,7704,280,0
2026.04.28 19:00:00,4594.440,4599.956,4593.458,4595.731,7235,280,0
2026.04.28 20:00:00,4595.675,4598.632,4591.056,4596.491,4221,280,0
2026.04.28 22:00:00,4598.337,4599.487,4592.516,4593.924,3104,280,0
2026.04.28 23:00:00,4593.913,4596.142,4587.882,4595.762,4008,280,0
2026.04.29 00:00:00,4595.817,4610.404,4594.903,4600.041,9628,280,0
2026.04.29 01:00:00,4600.200,4600.411,4575.786,4584.583,18235,280,0
2026.04.29 02:00:00,4584.628,4604.074,4584.628,4593.487,10748,280,0
2026.04.29 03:00:00,4593.565,4603.326,4592.076,4595.207,6976,280,0
2026.04.29 04:00:00,4595.267,4605.637,4595.155,4604.634,5527,280,0
2026.04.29 05:00:00,4604.808,4607.794,4590.483,4591.058,7740,280,0
2026.04.29 06:00:00,4590.937,4598.598,4580.616,4584.354,10322,280,0
2026.04.29 07:00:00,4584.273,4588.839,4567.231,4567.950,11990,280,0
2026.04.29 08:00:00,4568.043,4576.541,4557.273,4573.252,12338,280,0
2026.04.29 09:00:00,4573.313,4580.822,4551.471,4555.636,11430,280,0
2026.04.29 10:00:00,4555.583,4576.450,4554.812,4569.838,8696,280,0
2026.04.29 11:00:00,4569.735,4571.951,4559.207,4561.740,9355,280,0
2026.04.29 12:00:00,4561.398,4568.802,4541.479,4544.675,12329,280,0
2026.04.29 13:00:00,4545.010,4553.316,4510.084,4521.797,23974,280,0
2026.04.29 14:00:00,4521.852,4542.730,4517.791,4539.122,20514,280,0
2026.04.29 15:00:00,4539.066,4558.750,4536.266,4547.852,21215,280,0
2026.04.29 16:00:00,4547.794,4565.026,4543.211,4545.281,14669,280,0
2026.04.29 17:00:00,4545.347,4554.442,4541.391,4547.147,12855,280,0
2026.04.29 18:00:00,4547.367,4552.854,4517.914,4537.831,31509,280,0
2026.04.29 19:00:00,4538.189,4550.545,4533.101,4547.032,16187,280,0
2026.04.29 20:00:00,4546.977,4553.592,4541.273,4543.667,12940,280,0
2026.04.29 22:00:00,4542.822,4552.612,4539.187,4552.144,4864,280,0
2026.04.29 23:00:00,4552.012,4562.012,4549.606,4561.578,4722,280,0
2026.04.30 00:00:00,4561.621,4574.078,4556.423,4569.663,12910,280,0
2026.04.30 01:00:00,4569.606,4582.551,4564.477,4579.176,13660,280,0
2026.04.30 02:00:00,4579.169,4581.917,4559.607,4564.686,12120,280,0
2026.04.30 03:00:00,4564.655,4568.972,4555.500,4556.017,8200,280,0
2026.04.30 04:00:00,4555.922,4557.043,4540.739,4542.172,9384,280,0
2026.04.30 05:00:00,4542.107,4569.698,4541.865,4562.659,9830,280,0
2026.04.30 06:00:00,4562.706,4591.579,4560.182,4589.269,12742,280,0
2026.04.30 07:00:00,4589.339,4605.543,4584.725,4598.212,10343,280,0
2026.04.30 08:00:00,4598.271,4629.598,4597.247,4616.314,17144,280,0
2026.04.30 09:00:00,4616.476,4631.815,4614.246,4624.962,14203,280,0
2026.04.30 10:00:00,4625.030,4646.985,4623.687,4639.626,14648,280,0
2026.04.30 11:00:00,4639.633,4645.821,4626.675,4629.938,16343,280,0
2026.04.30 12:00:00,4629.998,4639.869,4624.700,4639.506,14083,280,0
2026.04.30 13:00:00,4639.457,4646.122,4610.397,4610.687,24118,280,0
2026.04.30 14:00:00,4610.787,4626.082,4609.100,4619.789,34659,280,0
2026.04.30 15:00:00,4619.671,4625.525,4611.131,4615.217,16549,280,0
2026.04.30 16:00:00,4615.417,4617.777,4605.309,4607.440,11220,280,0
2026.04.30 17:00:00,4607.327,4621.777,4607.327,4616.624,11199,280,0
2026.04.30 18:00:00,4616.772,4625.194,4616.736,4622.521,8085,280,0
2026.04.30 19:00:00,4622.370,4627.461,4614.569,4617.011,8208,280,0
2026.04.30 20:00:00,4617.070,4622.042,4615.465,4620.659,5547,280,0
2026.04.30 22:00:00,4627.751,4632.679,4625.196,4630.419,4325,280,0
2026.04.30 23:00:00,4630.485,4634.006,4626.341,4626.341,4247,280,0
2026.05.01 00:00:00,4626.450,4630.974,4618.512,4619.677,9378,280,0
2026.05.01 01:00:00,4619.800,4621.995,4613.842,4620.975,7350,280,0
2026.05.01 02:00:00,4620.891,4636.041,4616.361,4619.150,7690,280,0
2026.05.01 03:00:00,4619.093,4631.854,4617.589,4626.758,6368,280,0
2026.05.01 04:00:00,4626.825,4628.871,4609.068,4609.224,7086,280,0
2026.05.01 05:00:00,4609.113,4616.072,4602.883,4605.003,6658,280,0
2026.05.01 06:00:00,4604.946,4607.746,4590.798,4594.621,9173,280,0
2026.05.01 07:00:00,4594.481,4597.843,4575.937,4578.283,9342,280,0
2026.05.01 08:00:00,4578.338,4582.647,4564.987,4568.851,8754,280,0
2026.05.01 09:00:00,4568.928,4572.696,4559.759,4562.531,7583,280,0
2026.05.01 10:00:00,4562.510,4575.997,4561.312,4566.714,5974,280,0
2026.05.01 11:00:00,4566.772,4579.525,4562.452,4578.775,7587,280,0
2026.05.01 12:00:00,4578.604,4607.754,4574.908,4590.976,14837,280,0
2026.05.01 13:00:00,4591.012,4628.872,4586.335,4625.370,18245,280,0
2026.05.01 14:00:00,4625.054,4660.228,4625.054,4632.012,27650,280,0
2026.05.01 15:00:00,4631.934,4648.145,4619.056,4643.212,18127,280,0
2026.05.01 16:00:00,4642.964,4650.033,4633.906,4638.969,14010,280,0
2026.05.01 17:00:00,4638.964,4642.697,4626.615,4629.596,9563,280,0
2026.05.01 18:00:00,4629.685,4630.633,4613.800,4624.095,9396,280,0
2026.05.01 19:00:00,4624.176,4627.751,4608.813,4610.558,8125,280,0
2026.05.01 20:00:00,4610.640,4617.066,4606.978,4613.396,5870,280,0
2026.05.03 22:00:00,4625.982,4629.353,4612.551,4618.962,5859,280,0
2026.05.03 23:00:00,4618.949,4620.818,4611.106,4613.721,5837,280,0
2026.05.04 00:00:00,4613.930,4616.581,4601.600,4613.143,11653,280,0
2026.05.04 01:00:00,4613.088,4614.112,4592.565,4612.889,10620,280,0
2026.05.04 02:00:00,4612.832,4618.511,4590.992,4605.900,10394,280,0
2026.05.04 03:00:00,4605.888,4617.174,4598.353,4614.883,10302,280,0
2026.05.04 04:00:00,4614.972,4615.493,4605.235,4606.073,7327,280,0
2026.05.04 05:00:00,4606.127,4613.034,4592.348,4598.909,11981,280,0
2026.05.04 06:00:00,4598.910,4600.643,4583.441,4588.758,11836,280,0
2026.05.04 07:00:00,4588.649,4593.258,4577.843,4579.056,9758,280,0
2026.05.04 08:00:00,4579.074,4581.352,4573.666,4577.076,9597,280,0
2026.05.04 09:00:00,4576.976,4584.501,4572.069,4575.524,6768,280,0
2026.05.04 10:00:00,4575.475,4575.909,4525.715,4562.425,30202,280,0
2026.05.04 11:00:00,4562.554,4570.886,4551.474,4560.173,18594,280,0
2026.05.04 12:00:00,4560.272,4579.388,4559.089,4568.404,17568,280,0
2026.05.04 13:00:00,4568.185,4575.761,4555.650,4564.164,28145,280,0
2026.05.04 14:00:00,4564.088,4583.342,4553.318,4561.524,26262,280,0
2026.05.04 15:00:00,4561.581,4566.104,4512.130,4521.549,45088,280,0
2026.05.04 16:00:00,4521.308,4527.053,4500.689,4510.478,29821,280,0
2026.05.04 17:00:00,4510.553,4531.680,4510.553,4522.218,15040,280,0
2026.05.04 18:00:00,4522.274,4525.374,4509.656,4516.293,9512,280,0
2026.05.04 19:00:00,4516.039,4527.098,4511.248,4517.736,11263,280,0
2026.05.04 20:00:00,4517.662,4523.361,4511.635,4523.320,4640,280,0
2026.05.04 22:00:00,4522.570,4524.272,4515.506,4517.338,3391,280,0
2026.05.04 23:00:00,4517.253,4521.703,4516.256,4518.881,3567,280,0
2026.05.05 00:00:00,4519.024,4530.350,4513.422,4530.005,9062,280,0
2026.05.05 01:00:00,4529.942,4542.133,4525.355,4540.862,9340,280,0
2026.05.05 02:00:00,4540.772,4546.695,4534.693,4539.104,6694,280,0
2026.05.05 03:00:00,4538.903,4542.575,4532.299,4534.614,5351,280,0
2026.05.05 04:00:00,4534.577,4536.710,4527.966,4533.540,5677,280,0
2026.05.05 05:00:00,4533.478,4551.870,4531.316,4545.568,9097,280,0
2026.05.05 06:00:00,4545.857,4552.195,4533.773,4548.156,9618,280,0
2026.05.05 07:00:00,4548.214,4558.309,4543.413,4545.506,8826,280,0
2026.05.05 08:00:00,4545.451,4559.548,4545.305,4558.268,8815,280,0
2026.05.05 09:00:00,4558.335,4560.624,4550.929,4556.058,8170,280,0
2026.05.05 10:00:00,4556.116,4556.891,4540.094,4543.602,7249,280,0
2026.05.05 11:00:00,4543.511,4564.825,4539.739,4562.633,8851,280,0
2026.05.05 12:00:00,4562.675,4574.714,4554.233,4564.403,11597,280,0
2026.05.05 13:00:00,4564.376,4584.980,4564.186,4579.503,14220,280,0
2026.05.05 14:00:00,4579.570,4586.609,4565.707,4582.243,16023,280,0
2026.05.05 15:00:00,4582.375,4583.926,4568.298,4568.633,9957,280,0
2026.05.05 16:00:00,4568.578,4569.080,4553.728,4560.983,9093,280,0
2026.05.05 17:00:00,4560.998,4562.726,4553.095,4559.652,7419,280,0
2026.05.05 18:00:00,4559.740,4565.679,4557.390,4561.151,5255,280,0
2026.05.05 19:00:00,4560.968,4561.541,4551.623,4554.713,5447,280,0
2026.05.05 20:00:00,4554.793,4559.882,4553.850,4556.316,3706,280,0
2026.05.05 22:00:00,4554.910,4577.102,4546.180,4573.168,6501,280,0
2026.05.05 23:00:00,4573.186,4595.796,4569.528,4593.801,8841,280,0
2026.05.06 00:00:00,4593.737,4620.035,4588.003,4618.636,12310,280,0
2026.05.06 01:00:00,4618.574,4628.554,4609.534,4625.927,14468,280,0
2026.05.06 02:00:00,4625.871,4641.970,4625.175,4640.735,9067,280,0
2026.05.06 03:00:00,4640.395,4652.115,4638.372,4643.892,8551,280,0
2026.05.06 04:00:00,4643.734,4653.646,4643.444,4648.895,7926,280,0
2026.05.06 05:00:00,4649.052,4663.826,4644.550,4662.710,8957,280,0
2026.05.06 06:00:00,4662.774,4669.560,4656.915,4669.059,9548,280,0
2026.05.06 07:00:00,4669.116,4681.769,4657.597,4681.461,9544,280,0
2026.05.06 08:00:00,4681.574,4702.546,4671.542,4699.812,14374,280,0
2026.05.06 09:00:00,4699.871,4708.482,4688.812,4701.600,15896,280,0
2026.05.06 10:00:00,4701.813,4722.956,4695.239,4717.771,13927,280,0
2026.05.06 11:00:00,4717.859,4721.269,4690.656,4692.007,14772,280,0
2026.05.06 12:00:00,4692.125,4693.110,4660.057,4683.301,19376,280,0
2026.05.06 13:00:00,4683.202,4707.736,4668.563,4702.373,23476,280,0
2026.05.06 14:00:00,4702.169,4717.384,4697.332,4702.843,18746,280,0
2026.05.06 15:00:00,4702.786,4705.827,4687.524,4687.917,12108,280,0
2026.05.06 16:00:00,4687.851,4691.907,4679.387,4682.957,10688,280,0
2026.05.06 17:00:00,4682.851,4688.008,4678.721,4683.856,8723,280,0
2026.05.06 18:00:00,4683.975,4690.458,4681.779,4686.123,6324,280,0
2026.05.06 19:00:00,4686.192,4700.111,4686.000,4692.315,6777,280,0
2026.05.06 20:00:00,4692.220,4699.578,4685.006,4690.769,4945,280,0
2026.05.06 22:00:00,4693.140,4699.744,4689.252,4695.032,4436,280,0
2026.05.06 23:00:00,4694.970,4699.541,4690.024,4698.864,4456,280,0
2026.05.07 00:00:00,4698.962,4701.211,4685.459,4688.490,11806,280,0
2026.05.07 01:00:00,4688.550,4721.369,4685.135,4714.911,14452,280,0
2026.05.07 02:00:00,4714.874,4718.519,4699.693,4707.050,10304,280,0
2026.05.07 03:00:00,4707.265,4709.917,4698.885,4699.239,6557,280,0
2026.05.07 04:00:00,4699.177,4700.953,4692.113,4696.320,7370,280,0
2026.05.07 05:00:00,4696.488,4706.505,4694.781,4701.180,7460,280,0
2026.05.07 06:00:00,4701.237,4750.223,4701.196,4739.193,13429,280,0
2026.05.07 07:00:00,4739.253,4750.628,4731.408,4743.154,14611,280,0
2026.05.07 08:00:00,4743.273,4753.375,4730.837,4731.005,11691,280,0
2026.05.07 09:00:00,4731.289,4739.301,4721.565,4729.019,9637,280,0
2026.05.07 10:00:00,4728.811,4739.669,4726.426,4735.741,8187,280,0
2026.05.07 11:00:00,4735.814,4743.680,4727.062,4742.564,9075,280,0
2026.05.07 12:00:00,4742.727,4752.674,4733.197,4749.869,12586,280,0
2026.05.07 13:00:00,4749.949,4758.061,4731.130,4746.200,19499,280,0
2026.05.07 14:00:00,4746.123,4763.382,4740.863,4762.470,16202,280,0
2026.05.07 15:00:00,4762.532,4764.737,4726.158,4729.260,17999,280,0
2026.05.07 16:00:00,4729.143,4729.761,4704.289,4714.787,20397,280,0
2026.05.07 17:00:00,4714.845,4719.469,4687.413,4711.235,26123,280,0
2026.05.07 18:00:00,4711.307,4716.003,4695.510,4709.544,17436,280,0
2026.05.07 19:00:00,4709.612,4712.956,4697.643,4703.091,14598,280,0
2026.05.07 20:00:00,4703.130,4718.945,4686.305,4688.445,11880,280,0
2026.05.07 22:00:00,4688.985,4699.245,4681.757,4685.968,7681,280,0
2026.05.07 23:00:00,4685.832,4705.550,4684.453,4704.064,5144,280,0
2026.05.08 00:00:00,4703.996,4709.359,4693.892,4701.204,11264,280,0
2026.05.08 01:00:00,4701.102,4725.466,4700.306,4722.658,14040,280,0
2026.05.08 02:00:00,4722.715,4732.762,4706.843,4713.370,12525,280,0
2026.05.08 03:00:00,4713.298,4731.043,4710.893,4719.697,8868,280,0
2026.05.08 04:00:00,4719.755,4723.100,4708.696,4710.991,7385,280,0
2026.05.08 05:00:00,4711.147,4731.376,4709.482,4727.619,9162,280,0
2026.05.08 06:00:00,4727.301,4734.531,4712.629,4725.477,12637,280,0
2026.05.08 07:00:00,4725.541,4726.438,4696.987,4708.033,15055,280,0
2026.05.08 08:00:00,4708.035,4723.416,4706.589,4715.770,9691,280,0
2026.05.08 09:00:00,4715.574,4722.871,4707.366,4711.745,9015,280,0
2026.05.08 10:00:00,4711.722,4727.983,4711.114,4719.551,7930,280,0
2026.05.08 11:00:00,4719.649,4727.175,4713.695,4717.752,8158,280,0
2026.05.08 12:00:00,4717.724,4732.015,4702.485,4724.168,17335,280,0
2026.05.08 13:00:00,4724.405,4747.729,4716.343,4747.721,20482,280,0
2026.05.08 14:00:00,4747.950,4749.575,4713.134,4715.995,20929,280,0
2026.05.08 15:00:00,4715.716,4720.964,4701.753,4707.144,17206,280,0
2026.05.08 16:00:00,4706.948,4720.209,4705.520,4712.225,9039,280,0
2026.05.08 17:00:00,4712.151,4722.740,4712.151,4720.645,7120,280,0
2026.05.08 18:00:00,4720.688,4729.004,4719.860,4722.026,7114,280,0
2026.05.08 19:00:00,4721.928,4726.759,4720.984,4723.789,5756,280,0
2026.05.08 20:00:00,4723.858,4724.382,4714.357,4715.164,4484,280,0
2026.05.10 22:00:00,4691.841,4696.288,4678.931,4691.965,7372,280,0
2026.05.10 23:00:00,4691.899,4698.608,4688.782,4691.675,5551,280,0
2026.05.11 00:00:00,4691.619,4693.352,4669.937,4683.641,15469,280,0
2026.05.11 01:00:00,4683.603,4705.466,4674.446,4685.808,22663,280,0
2026.05.11 02:00:00,4685.731,4700.272,4676.418,4681.526,13904,280,0
2026.05.11 03:00:00,4681.470,4690.479,4674.794,4678.811,9219,280,0
2026.05.11 04:00:00,4678.578,4679.854,4668.306,4672.149,7896,280,0
2026.05.11 05:00:00,4672.120,4680.813,4648.102,4652.390,12633,280,0
2026.05.11 06:00:00,4652.448,4680.506,4649.212,4678.193,12819,280,0
2026.05.11 07:00:00,4678.321,4680.190,4664.464,4667.675,9416,280,0
2026.05.11 08:00:00,4667.573,4678.613,4664.161,4667.522,9358,280,0
2026.05.11 09:00:00,4667.666,4669.859,4650.391,4656.773,9111,280,0
2026.05.11 10:00:00,4656.694,4667.188,4656.136,4663.654,7596,280,0
2026.05.11 11:00:00,4663.712,4677.155,4663.712,4674.327,7940,280,0
2026.05.11 12:00:00,4674.598,4701.059,4667.388,4699.747,16840,280,0
2026.05.11 13:00:00,4699.761,4748.544,4698.523,4736.364,24496,280,0
2026.05.11 14:00:00,4736.305,4738.620,4715.003,4725.650,17992,280,0
2026.05.11 15:00:00,4725.524,4738.197,4722.720,4731.857,11267,280,0
2026.05.11 16:00:00,4732.221,4733.461,4707.892,4716.293,11302,280,0
2026.05.11 17:00:00,4716.400,4724.559,4715.784,4723.453,7191,280,0
2026.05.11 18:00:00,4723.514,4729.448,4720.692,4725.041,6273,280,0
2026.05.11 19:00:00,4725.108,4736.233,4722.250,4733.348,6345,280,0
2026.05.11 20:00:00,4733.275,4738.569,4729.934,4735.175,4234,280,0
2026.05.11 22:00:00,4739.467,4755.054,4737.447,4750.737,5010,280,0
2026.05.11 23:00:00,4750.954,4770.005,4745.867,4767.591,6747,280,0
2026.05.12 00:00:00,4767.215,4773.652,4748.291,4749.193,14507,280,0
2026.05.12 01:00:00,4749.393,4755.416,4720.054,4727.188,21918,280,0
2026.05.12 02:00:00,4727.121,4733.807,4722.076,4730.205,13394,280,0
2026.05.12 03:00:00,4729.878,4733.043,4717.916,4720.297,8967,280,0
2026.05.12 04:00:00,4720.275,4730.362,4710.869,4714.172,8106,280,0
2026.05.12 05:00:00,4714.102,4721.955,4708.756,4714.412,12465,280,0
2026.05.12 06:00:00,4714.089,4714.396,4694.199,4696.862,14503,280,0
2026.05.12 07:00:00,4697.028,4703.641,4686.861,4699.927,11327,280,0
2026.05.12 08:00:00,4699.864,4706.623,4696.881,4703.545,9000,280,0
2026.05.12 09:00:00,4703.487,4705.255,4694.197,4699.274,8983,280,0
2026.05.12 10:00:00,4699.370,4708.537,4685.108,4694.196,9863,280,0
2026.05.12 11:00:00,4694.402,4709.371,4686.937,4706.734,10281,280,0
2026.05.12 12:00:00,4706.803,4711.679,4689.395,4705.518,15968,280,0
2026.05.12 13:00:00,4705.661,4709.015,4676.771,4679.415,23967,280,0
2026.05.12 14:00:00,4679.349,4694.934,4669.178,4672.960,21875,280,0
2026.05.12 15:00:00,4672.988,4676.073,4637.982,4666.172,23067,280,0
2026.05.12 16:00:00,4665.936,4675.059,4664.084,4671.230,10521,280,0
2026.05.12 17:00:00,4670.994,4682.376,4670.994,4678.929,9099,280,0
2026.05.12 18:00:00,4678.986,4698.240,4676.089,4696.106,9679,280,0
2026.05.12 19:00:00,4696.183,4715.876,4696.183,4715.697,7274,280,0
2026.05.12 20:00:00,4715.723,4719.473,4712.097,4715.161,4698,280,0
2026.05.12 22:00:00,4716.910,4722.390,4711.682,4717.105,4934,280,0
2026.05.12 23:00:00,4717.056,4723.773,4715.359,4716.694,6399,280,0
2026.05.13 00:00:00,4716.790,4727.045,4713.670,4714.651,11772,280,0
2026.05.13 01:00:00,4714.413,4717.082,4701.007,4702.442,14471,280,0
2026.05.13 02:00:00,4702.155,4707.499,4687.604,4691.957,10424,280,0
2026.05.13 03:00:00,4691.690,4705.918,4688.873,4695.797,7802,280,0
2026.05.13 04:00:00,4695.751,4703.454,4695.375,4699.565,6232,280,0
2026.05.13 05:00:00,4699.579,4707.390,4693.438,4704.131,9823,280,0
2026.05.13 06:00:00,4703.993,4715.196,4699.110,4701.380,10219,280,0
2026.05.13 07:00:00,4701.738,4708.873,4696.703,4702.945,8989,280,0
2026.05.13 08:00:00,4702.885,4704.327,4694.455,4700.609,8092,280,0
2026.05.13 09:00:00,4700.776,4701.866,4685.905,4700.694,8536,280,0
2026.05.13 10:00:00,4700.758,4710.576,4693.836,4693.894,8531,280,0
2026.05.13 11:00:00,4694.259,4705.366,4691.323,4697.206,8443,280,0
2026.05.13 12:00:00,4697.438,4701.383,4675.782,4683.847,16465,280,0
2026.05.13 13:00:00,4683.786,4694.719,4669.435,4679.391,17960,280,0
2026.05.13 14:00:00,4679.495,4690.954,4672.792,4679.891,15337,280,0
2026.05.13 15:00:00,4679.949,4700.181,4678.725,4695.300,11168,280,0
2026.05.13 16:00:00,4695.384,4709.893,4694.837,4695.732,10066,280,0
2026.05.13 17:00:00,4695.685,4701.348,4684.488,4685.640,8249,280,0
2026.05.13 18:00:00,4685.708,4694.031,4677.400,4684.757,7725,280,0
2026.05.13 19:00:00,4684.814,4690.550,4683.163,4688.062,6104,280,0
2026.05.13 20:00:00,4687.967,4693.562,4685.809,4688.821,3761,280,0
2026.05.13 22:00:00,4691.677,4700.668,4688.963,4700.215,3768,280,0
2026.05.13 23:00:00,4700.151,4702.281,4693.060,4696.689,3898,280,0
2026.05.14 00:00:00,4696.358,4706.850,4689.528,4705.132,9732,280,0
2026.05.14 01:00:00,4705.053,4706.985,4683.380,4688.587,20122,280,0
2026.05.14 02:00:00,4688.675,4699.703,4679.884,4686.455,12290,280,0
2026.05.14 03:00:00,4686.542,4693.338,4673.833,4674.804,11338,280,0
2026.05.14 04:00:00,4674.890,4712.812,4667.755,4702.528,11401,280,0
2026.05.14 05:00:00,4702.599,4704.188,4689.155,4689.898,11228,280,0
2026.05.14 06:00:00,4689.866,4702.452,4686.120,4700.053,10360,280,0
2026.05.14 07:00:00,4699.966,4718.881,4690.487,4693.217,13185,280,0
2026.05.14 08:00:00,4693.280,4706.490,4691.748,4693.393,10296,280,0
2026.05.14 09:00:00,4693.464,4702.444,4688.418,4699.318,9473,280,0
2026.05.14 10:00:00,4699.375,4705.362,4690.973,4696.725,9047,280,0
2026.05.14 11:00:00,4696.792,4704.757,4689.244,4694.433,8961,280,0
2026.05.14 12:00:00,4694.067,4710.006,4692.216,4704.750,12612,280,0
2026.05.14 13:00:00,4704.636,4707.784,4666.532,4679.710,25540,280,0
2026.05.14 14:00:00,4679.649,4700.722,4677.551,4679.638,18149,280,0
2026.05.14 15:00:00,4679.582,4689.419,4676.758,4685.984,11000,280,0
2026.05.14 16:00:00,4685.629,4686.905,4670.119,4678.636,9410,280,0
2026.05.14 17:00:00,4678.693,4683.091,4676.268,4678.328,7751,280,0
2026.05.14 18:00:00,4678.385,4678.551,4666.976,4671.419,7604,280,0
2026.05.14 19:00:00,4671.477,4671.885,4653.051,4654.331,7888,280,0
2026.05.14 20:00:00,4654.112,4657.340,4644.248,4651.346,5363,280,0
2026.05.14 22:00:00,4651.752,4662.794,4646.868,4662.204,4778,280,0
2026.05.14 23:00:00,4662.426,4665.332,4646.582,4652.328,7059,280,0
2026.05.15 00:00:00,4652.404,4658.180,4613.254,4629.968,22107,280,0
2026.05.15 01:00:00,4629.908,4631.529,4607.091,4613.845,31451,280,0
2026.05.15 02:00:00,4613.981,4623.402,4609.201,4618.230,16436,280,0
2026.05.15 03:00:00,4618.136,4622.091,4607.334,4615.231,10130,280,0
2026.05.15 04:00:00,4615.436,4621.586,4604.214,4605.661,9283,280,0
2026.05.15 05:00:00,4605.748,4606.525,4556.858,4558.858,27443,280,0
2026.05.15 06:00:00,4558.597,4580.598,4556.138,4569.563,22839,280,0
2026.05.15 07:00:00,4569.623,4588.636,4565.988,4570.651,16673,280,0
2026.05.15 08:00:00,4570.608,4571.958,4549.827,4554.501,18554,280,0
2026.05.15 09:00:00,4554.253,4563.862,4531.926,4545.866,19271,280,0
2026.05.15 10:00:00,4545.792,4572.541,4543.951,4566.226,18905,280,0
2026.05.15 11:00:00,4566.158,4570.064,4549.845,4552.089,14317,280,0
2026.05.15 12:00:00,4552.058,4558.924,4543.496,4545.879,16661,280,0
2026.05.15 13:00:00,4545.969,4557.710,4511.400,4533.550,33684,280,0
2026.05.15 14:00:00,4533.492,4566.570,4525.506,4562.775,31825,280,0
2026.05.15 15:00:00,4562.843,4563.684,4533.635,4539.485,19858,280,0
2026.05.15 16:00:00,4539.838,4547.978,4529.316,4544.207,12176,280,0
2026.05.15 17:00:00,4544.149,4564.435,4543.250,4559.585,11300,280,0
2026.05.15 18:00:00,4559.649,4563.086,4552.295,4559.273,8133,280,0
2026.05.15 19:00:00,4559.143,4560.265,4544.935,4545.942,7784,280,0
2026.05.15 20:00:00,4545.878,4546.447,4532.952,4539.778,7475,280,0
2026.05.17 22:00:00,4538.378,4554.778,4538.066,4546.283,8490,280,0
2026.05.17 23:00:00,4546.295,4548.066,4531.969,4537.191,10822,280,0
2026.05.18 00:00:00,4536.965,4542.626,4480.265,4515.710,36455,280,0
2026.05.18 01:00:00,4515.770,4535.646,4489.455,4525.527,42135,280,0
2026.05.18 02:00:00,4525.467,4543.000,4521.954,4533.521,19035,280,0
2026.05.18 03:00:00,4533.580,4548.037,4525.145,4541.035,17313,280,0
2026.05.18 04:00:00,4541.266,4549.977,4529.862,4540.471,14707,280,0
2026.05.18 05:00:00,4540.412,4552.269,4530.076,4531.061,18503,280,0
2026.05.18 06:00:00,4531.006,4548.265,4529.600,4546.542,17451,280,0
2026.05.18 07:00:00,4546.611,4559.849,4538.219,4546.070,16295,280,0
2026.05.18 08:00:00,4546.015,4556.943,4542.344,4550.047,11010,280,0
2026.05.18 09:00:00,4549.982,4552.058,4539.964,4543.120,9897,280,0
2026.05.18 10:00:00,4542.952,4547.773,4532.005,4540.050,10198,280,0
2026.05.18 11:00:00,4540.280,4567.124,4529.711,4550.691,23078,280,0
2026.05.18 12:00:00,4550.757,4574.919,4545.100,4571.091,21557,280,0
2026.05.18 13:00:00,4571.172,4584.326,4561.607,4575.743,27206,280,0
2026.05.18 14:00:00,4575.671,4575.671,4537.714,4546.308,29380,280,0
2026.05.18 15:00:00,4546.399,4547.866,4531.634,4543.385,21999,280,0
2026.05.18 16:00:00,4543.738,4554.508,4533.964,4550.225,14162,280,0
2026.05.18 17:00:00,4550.167,4558.284,4545.393,4546.836,9158,280,0
2026.05.18 18:00:00,4547.087,4547.860,4534.179,4535.874,8851,280,0
2026.05.18 19:00:00,4535.646,4565.068,4535.231,4558.429,21969,280,0
2026.05.18 20:00:00,4558.486,4566.769,4557.658,4566.300,5287,280,0
2026.05.18 22:00:00,4570.360,4578.247,4567.310,4573.682,4258,280,0
2026.05.18 23:00:00,4573.916,4588.977,4573.544,4581.862,5549,280,0
2026.05.19 00:00:00,4581.926,4589.369,4561.078,4563.389,15939,280,0
2026.05.19 01:00:00,4563.307,4572.256,4553.887,4563.630,18867,280,0
2026.05.19 02:00:00,4563.730,4563.772,4545.895,4546.938,14912,280,0
2026.05.19 03:00:00,4547.151,4555.009,4543.481,4544.986,10377,280,0
2026.05.19 04:00:00,4544.987,4545.755,4537.934,4542.426,9172,280,0
2026.05.19 05:00:00,4542.484,4546.423,4530.876,4540.914,15167,280,0
2026.05.19 06:00:00,4540.698,4553.728,4533.454,4547.888,14172,280,0
2026.05.19 07:00:00,4547.943,4559.209,4541.292,4556.948,13341,280,0
2026.05.19 08:00:00,4557.021,4559.147,4536.212,4542.858,11298,280,0
2026.05.19 09:00:00,4542.718,4546.857,4535.888,4541.804,11404,280,0
2026.05.19 10:00:00,4541.836,4544.477,4525.329,4544.477,12960,280,0
2026.05.19 11:00:00,4544.413,4547.965,4529.728,4530.818,11977,280,0
2026.05.19 12:00:00,4530.785,4547.129,4527.261,4537.180,13319,280,0
2026.05.19 13:00:00,4536.876,4537.473,4464.373,4503.453,48217,280,0
2026.05.19 14:00:00,4503.599,4514.223,4484.324,4493.916,37412,280,0
2026.05.19 15:00:00,4493.861,4509.132,4489.487,4508.229,19648,280,0
2026.05.19 16:00:00,4508.586,4512.486,4496.147,4507.818,10469,280,0
2026.05.19 17:00:00,4507.749,4510.991,4498.991,4500.889,8909,280,0
2026.05.19 18:00:00,4501.010,4503.777,4490.090,4493.717,8556,280,0
2026.05.19 19:00:00,4493.663,4497.660,4481.071,4483.249,8262,280,0
2026.05.19 20:00:00,4483.463,4488.142,4480.803,4482.002,4845,280,0
2026.05.19 22:00:00,4481.896,4485.918,4477.293,4484.160,4935,280,0
2026.05.19 23:00:00,4484.084,4496.282,4480.039,4489.452,6505,280,0
2026.05.20 00:00:00,4489.396,4509.021,4479.479,4500.790,21911,280,0
2026.05.20 01:00:00,4500.852,4506.203,4456.123,4481.199,30547,280,0
2026.05.20 02:00:00,4481.296,4487.158,4458.501,4465.160,21586,280,0
2026.05.20 03:00:00,4465.093,4467.520,4453.349,4463.542,15943,280,0
2026.05.20 04:00:00,4463.487,4470.498,4456.481,4462.121,11258,280,0
2026.05.20 05:00:00,4462.008,4478.902,4461.575,4472.532,14586,280,0
2026.05.20 06:00:00,4472.425,4478.454,4461.219,4474.173,17338,280,0
2026.05.20 07:00:00,4474.117,4485.960,4471.847,4478.473,13729,280,0
2026.05.20 08:00:00,4478.395,4490.281,4476.540,4484.137,14812,280,0
2026.05.20 09:00:00,4484.162,4491.220,4472.600,4485.009,10027,280,0
2026.05.20 10:00:00,4484.949,4497.183,4484.507,4494.530,8762,280,0
2026.05.20 11:00:00,4494.410,4501.186,4490.913,4498.918,9245,280,0
2026.05.20 12:00:00,4498.896,4505.447,4493.021,4496.318,11373,280,0
2026.05.20 13:00:00,4496.260,4506.092,4481.851,4483.188,22152,280,0
2026.05.20 14:00:00,4483.245,4537.218,4467.147,4531.251,46951,280,0
2026.05.20 15:00:00,4530.997,4552.953,4523.164,4529.177,31295,280,0
2026.05.20 16:00:00,4529.237,4535.638,4523.915,4534.298,12210,280,0
2026.05.20 17:00:00,4534.353,4538.330,4529.680,4531.112,9857,280,0
2026.05.20 18:00:00,4531.214,4545.091,4529.409,4542.439,7861,280,0
2026.05.20 19:00:00,4542.495,4550.411,4541.472,4545.851,7038,280,0
2026.05.20 20:00:00,4545.796,4550.457,4542.072,4543.912,6293,280,0
2026.05.20 22:00:00,4547.690,4547.759,4535.231,4540.228,6035,280,0
2026.05.20 23:00:00,4540.195,4546.955,4534.735,4546.321,5196,280,0
2026.05.21 00:00:00,4546.372,4553.460,4537.063,4545.289,13458,280,0
2026.05.21 01:00:00,4545.344,4571.018,4539.820,4561.141,18687,280,0
2026.05.21 02:00:00,4561.201,4564.713,4531.367,4533.262,14557,280,0
2026.05.21 03:00:00,4533.193,4540.115,4527.052,4528.065,9006,280,0
2026.05.21 04:00:00,4528.303,4540.673,4527.108,4538.239,6776,280,0
2026.05.21 05:00:00,4538.592,4540.454,4518.150,4527.981,12760,280,0
2026.05.21 06:00:00,4527.981,4539.871,4518.662,4521.652,14388,280,0
2026.05.21 07:00:00,4521.289,4524.356,4511.655,4519.742,11230,280,0
2026.05.21 08:00:00,4519.861,4536.866,4518.154,4532.280,14299,280,0
2026.05.21 09:00:00,4532.225,4543.016,4528.083,4530.756,11094,280,0
2026.05.21 10:00:00,4530.403,4535.393,4504.671,4511.719,24441,280,0
2026.05.21 11:00:00,4511.798,4521.351,4507.901,4513.918,12960,280,0
2026.05.21 12:00:00,4513.998,4519.075,4501.968,4504.167,17232,280,0
2026.05.21 13:00:00,4503.850,4521.074,4488.313,4513.041,30913,280,0
2026.05.21 14:00:00,4513.224,4515.465,4497.967,4508.671,25129,280,0
2026.05.21 15:00:00,4508.611,4515.553,4496.591,4511.680,19287,280,0
2026.05.21 16:00:00,4512.031,4520.572,4511.950,4519.287,11920,280,0
2026.05.21 17:00:00,4519.355,4559.319,4514.001,4551.536,28024,280,0
2026.05.21 18:00:00,4551.472,4556.130,4527.424,4531.705,21044,280,0
2026.05.21 19:00:00,4531.764,4543.790,4529.648,4542.905,11921,280,0
2026.05.21 20:00:00,4542.849,4544.899,4539.681,4542.705,4441,280,0
2026.05.21 22:00:00,4543.175,4545.986,4539.598,4543.460,3787,280,0
2026.05.21 23:00:00,4543.132,4545.078,4532.411,4535.299,4599,280,0
2026.05.22 00:00:00,4535.491,4541.250,4525.636,4526.902,10401,280,0
2026.05.22 01:00:00,4526.730,4536.371,4520.882,4526.150,16336,280,0
2026.05.22 02:00:00,4526.337,4529.419,4518.259,4522.826,9912,280,0
2026.05.22 03:00:00,4522.883,4529.832,4519.072,4529.304,7687,280,0
2026.05.22 04:00:00,4529.361,4533.037,4525.391,4527.345,6017,280,0
2026.05.22 05:00:00,4527.283,4534.253,4507.198,4511.156,11028,280,0
2026.05.22 06:00:00,4511.278,4529.038,4509.962,4526.697,13287,280,0
2026.05.22 07:00:00,4526.590,4527.455,4516.027,4521.760,9514,280,0
2026.05.22 08:00:00,4521.834,4531.272,4517.080,4521.751,10997,280,0
2026.05.22 09:00:00,4521.983,4536.083,4514.836,4532.327,9622,280,0
2026.05.22 10:00:00,4532.383,4536.912,4510.120,4514.482,10391,280,0
2026.05.22 11:00:00,4514.710,4525.170,4511.376,4520.719,8452,280,0
2026.05.22 12:00:00,4520.640,4535.904,4514.959,4528.055,16266,280,0
2026.05.22 13:00:00,4528.278,4534.276,4510.150,4513.605,22204,280,0
2026.05.22 14:00:00,4513.656,4513.790,4491.479,4500.418,24280,280,0
2026.05.22 15:00:00,4500.769,4522.322,4500.121,4520.210,12354,280,0
2026.05.22 16:00:00,4519.935,4526.869,4512.193,4514.739,9233,280,0
2026.05.22 17:00:00,4514.801,4527.998,4513.129,4519.282,12087,280,0
2026.05.22 18:00:00,4519.337,4520.333,4511.641,4514.986,7183,280,0
2026.05.22 19:00:00,4515.039,4515.687,4504.157,4508.450,8743,280,0
2026.05.22 20:00:00,4508.389,4510.428,4504.336,4507.822,5240,280,0
2026.05.24 22:00:00,4545.376,4565.528,4543.319,4564.838,9426,280,0
2026.05.24 23:00:00,4565.023,4579.984,4564.931,4567.183,6396,280,0
2026.05.25 00:00:00,4567.126,4579.774,4566.031,4569.191,11254,280,0
2026.05.25 01:00:00,4569.249,4576.387,4560.052,4562.917,16113,280,0
2026.05.25 02:00:00,4562.568,4570.215,4558.685,4561.150,10015,280,0
2026.05.25 03:00:00,4561.500,4564.503,4556.535,4559.865,7986,280,0
2026.05.25 04:00:00,4559.792,4566.044,4559.374,4564.688,5983,280,0
2026.05.25 05:00:00,4564.633,4566.170,4551.918,4553.619,7728,280,0
2026.05.25 06:00:00,4553.563,4563.360,4550.301,4562.292,8241,280,0
2026.05.25 07:00:00,4562.348,4565.266,4552.349,4564.580,9854,280,0
2026.05.25 08:00:00,4564.580,4564.996,4553.179,4556.231,6314,280,0
2026.05.25 09:00:00,4555.925,4569.233,4554.827,4567.516,5796,280,0
2026.05.25 10:00:00,4567.503,4573.619,4567.405,4568.758,5827,280,0
2026.05.25 11:00:00,4568.818,4577.042,4567.538,4569.527,5919,280,0
2026.05.25 12:00:00,4569.470,4570.136,4552.661,4567.792,10029,280,0
2026.05.25 13:00:00,4567.847,4571.465,4560.052,4563.240,8117,280,0
2026.05.25 14:00:00,4562.941,4570.567,4562.318,4566.975,6751,280,0
2026.05.25 15:00:00,4566.694,4574.653,4565.461,4570.957,7828,280,0
2026.05.25 16:00:00,4571.001,4574.339,4567.825,4573.334,4606,280,0
2026.05.25 17:00:00,4573.563,4578.131,4562.975,4565.202,5225,280,0
2026.05.25 18:00:00,4565.205,4571.246,4564.325,4570.572,2257,280,0
2026.05.25 22:00:00,4571.428,4576.546,4569.505,4574.740,4246,280,0
2026.05.25 23:00:00,4575.034,4580.336,4555.056,4559.694,6963,280,0
2026.05.26 00:00:00,4559.702,4560.242,4539.402,4549.403,14288,280,0
2026.05.26 01:00:00,4549.479,4550.120,4527.597,4536.810,16494,280,0
2026.05.26 02:00:00,4536.754,4539.565,4529.870,4532.411,7630,280,0
2026.05.26 03:00:00,4532.354,4545.224,4531.992,4542.437,6082,280,0
2026.05.26 04:00:00,4542.098,4543.108,4523.352,4525.590,6657,280,0
2026.05.26 05:00:00,4525.230,4535.099,4522.791,4527.131,8710,280,0
2026.05.26 06:00:00,4527.357,4536.292,4526.884,4531.100,9343,280,0
2026.05.26 07:00:00,4531.160,4539.000,4521.486,4538.023,12078,280,0
2026.05.26 08:00:00,4538.108,4538.764,4519.870,4523.817,9619,280,0
2026.05.26 09:00:00,4523.892,4526.349,4511.912,4522.834,10138,280,0
2026.05.26 10:00:00,4522.609,4540.574,4519.284,4534.564,11034,280,0
2026.05.26 11:00:00,4534.665,4536.228,4503.453,4507.107,16026,280,0
2026.05.26 12:00:00,4507.230,4523.817,4500.509,4520.203,16534,280,0
2026.05.26 13:00:00,4520.143,4531.157,4512.281,4514.207,19169,280,0
2026.05.26 14:00:00,4514.188,4525.069,4507.657,4515.399,14246,280,0
2026.05.26 15:00:00,4515.159,4515.704,4502.202,4506.587,14609,280,0
2026.05.26 16:00:00,4506.659,4511.236,4499.653,4505.014,8910,280,0
2026.05.26 17:00:00,4504.975,4507.578,4489.737,4491.209,8292,280,0
2026.05.26 18:00:00,4491.153,4499.541,4482.236,4499.055,7948,280,0
2026.05.26 19:00:00,4499.429,4510.075,4497.492,4508.762,6303,280,0
2026.05.26 20:00:00,4508.999,4510.657,4504.174,4507.128,3931,280,0
2026.05.26 22:00:00,4507.895,4512.466,4497.893,4511.089,8273,280,0
2026.05.26 23:00:00,4510.888,4527.942,4504.340,4519.734,6867,280,0
2026.05.27 00:00:00,4519.674,4525.694,4513.807,4515.230,9648,280,0
2026.05.27 01:00:00,4515.175,4521.095,4506.770,4507.975,11779,280,0
2026.05.27 02:00:00,4508.048,4509.664,4497.921,4505.559,8592,280,0
2026.05.27 03:00:00,4505.524,4511.805,4496.450,4497.177,6515,280,0
2026.05.27 04:00:00,4496.974,4517.109,4495.694,4510.362,7066,280,0
2026.05.27 05:00:00,4510.304,4513.844,4491.551,4497.726,14288,280,0
2026.05.27 06:00:00,4497.373,4499.191,4479.773,4485.107,14184,280,0
2026.05.27 07:00:00,4485.393,4489.038,4475.653,4482.085,10474,280,0
2026.05.27 08:00:00,4481.819,4498.604,4480.966,4497.650,8970,280,0
2026.05.27 09:00:00,4497.584,4497.584,4486.956,4490.311,7097,280,0
2026.05.27 10:00:00,4490.011,4490.797,4442.525,4445.861,18654,280,0
2026.05.27 11:00:00,4445.960,4453.176,4424.832,4428.376,17944,280,0
2026.05.27 12:00:00,4428.311,4466.706,4427.283,4438.675,27562,280,0
2026.05.27 13:00:00,4438.654,4439.153,4401.265,4427.167,39361,280,0
2026.05.27 14:00:00,4427.226,4455.503,4425.955,4434.070,26837,280,0
2026.05.27 15:00:00,4434.013,4441.338,4428.088,4436.299,13488,280,0
2026.05.27 16:00:00,4436.354,4453.189,4433.987,4450.560,8065,280,0
2026.05.27 17:00:00,4450.877,4454.425,4441.363,4450.307,8623,280,0
2026.05.27 18:00:00,4450.479,4458.363,4447.743,4454.472,5403,280,0
2026.05.27 19:00:00,4454.166,4454.810,4448.720,4450.732,5370,280,0
2026.05.27 20:00:00,4451.083,4458.892,4450.126,4456.159,3384,280,0
2026.05.27 22:00:00,4462.376,4465.105,4455.194,4457.256,4439,280,0
2026.05.27 23:00:00,4457.156,4457.502,4443.639,4447.141,5891,280,0
2026.05.28 00:00:00,4446.905,4457.830,4443.246,4456.853,11255,280,0
2026.05.28 01:00:00,4456.793,4458.907,4406.751,4409.782,20883,280,0
2026.05.28 02:00:00,4409.837,4412.663,4392.422,4394.440,15489,280,0
2026.05.28 03:00:00,4394.347,4397.837,4368.277,4374.770,17117,280,0
2026.05.28 04:00:00,4374.605,4382.001,4366.232,4372.869,13566,280,0
2026.05.28 05:00:00,4372.953,4395.705,4366.988,4388.071,14805,280,0
2026.05.28 06:00:00,4388.065,4390.732,4374.119,4383.579,11964,280,0
2026.05.28 07:00:00,4383.641,4396.460,4382.807,4387.567,10719,280,0
2026.05.28 08:00:00,4387.580,4394.980,4385.758,4387.074,9589,280,0
2026.05.28 09:00:00,4386.952,4398.914,4386.233,4393.662,9343,280,0
2026.05.28 10:00:00,4393.736,4404.203,4374.911,4382.807,11761,280,0
2026.05.28 11:00:00,4383.048,4390.463,4380.646,4387.588,10818,280,0
2026.05.28 12:00:00,4387.680,4433.917,4379.354,4431.962,16338,280,0
2026.05.28 13:00:00,4432.019,4439.062,4418.055,4430.323,24302,280,0
2026.05.28 14:00:00,4430.241,4480.590,4420.734,4469.117,46600,280,0
2026.05.28 15:00:00,4469.189,4484.893,4468.484,4482.356,16266,280,0
2026.05.28 16:00:00,4482.358,4511.067,4477.561,4511.067,13876,280,0
2026.05.28 17:00:00,4510.784,4514.666,4500.763,4508.689,8787,280,0
2026.05.28 18:00:00,4508.754,4516.501,4498.442,4501.145,8364,280,0
2026.05.28 19:00:00,4501.234,4503.850,4497.297,4498.108,6242,280,0
2026.05.28 20:00:00,4498.028,4500.705,4494.760,4496.482,4410,280,0
2026.05.28 22:00:00,4497.169,4498.643,4490.664,4491.095,3757,280,0
2026.05.28 23:00:00,4491.151,4496.930,4488.956,4494.974,5175,280,0
2026.05.29 00:00:00,4495.274,4500.618,4491.898,4496.260,10114,280,0
2026.05.29 01:00:00,4496.026,4520.799,4492.254,4506.274,15483,280,0
2026.05.29 02:00:00,4506.211,4511.007,4498.256,4501.596,9300,280,0
2026.05.29 03:00:00,4501.814,4502.083,4494.626,4501.119,8693,280,0
2026.05.29 04:00:00,4501.347,4514.701,4500.863,4513.964,7049,280,0
2026.05.29 05:00:00,4514.203,4515.895,4502.458,4514.699,8377,280,0
2026.05.29 06:00:00,4514.757,4524.111,4509.901,4523.523,12307,280,0
2026.05.29 07:00:00,4523.754,4526.182,4510.650,4524.487,10107,280,0
2026.05.29 08:00:00,4524.701,4524.767,4509.889,4514.702,8758,280,0
2026.05.29 09:00:00,4514.776,4539.559,4513.111,4531.193,10184,280,0
2026.05.29 10:00:00,4531.197,4543.418,4525.389,4538.374,8793,280,0
2026.05.29 11:00:00,4538.600,4540.531,4525.839,4538.199,9853,280,0
2026.05.29 12:00:00,4538.264,4538.532,4512.569,4522.843,12988,280,0
2026.05.29 13:00:00,4522.901,4540.761,4515.013,4536.600,17755,280,0
2026.05.29 14:00:00,4536.843,4570.473,4525.190,4564.291,31208,280,0
2026.05.29 15:00:00,4564.236,4595.189,4557.801,4571.203,30822,280,0
2026.05.29 16:00:00,4571.268,4573.456,4559.633,4566.762,12109,280,0
2026.05.29 17:00:00,4566.822,4568.556,4551.445,4553.383,8625,280,0
2026.05.29 18:00:00,4553.605,4561.584,4550.585,4553.416,8171,280,0
2026.05.29 19:00:00,4553.355,4559.950,4542.821,4545.710,7376,280,0
2026.05.29 20:00:00,4545.649,4549.002,4539.391,4540.363,5269,280,0
2026.05.31 22:00:00,4521.201,4540.200,4518.354,4535.424,7110,280,0
2026.05.31 23:00:00,4535.194,4545.658,4534.929,4539.348,6217,280,0
2026.06.01 00:00:00,4539.409,4546.159,4535.239,4540.474,10209,280,0
2026.06.01 01:00:00,4540.538,4541.273,4523.526,4525.613,13795,280,0
2026.06.01 02:00:00,4525.587,4534.694,4521.011,4521.517,9706,280,0
2026.06.01 03:00:00,4521.456,4525.368,4509.712,4516.138,9032,280,0
2026.06.01 04:00:00,4516.095,4519.475,4508.237,4514.520,6233,280,0
2026.06.01 05:00:00,4514.282,4525.158,4512.479,4518.333,8719,280,0
2026.06.01 06:00:00,4518.273,4518.826,4499.928,4501.734,11882,280,0
2026.06.01 07:00:00,4501.558,4509.796,4492.537,4503.215,10277,280,0
2026.06.01 08:00:00,4502.835,4504.241,4490.198,4497.828,10071,280,0
2026.06.01 09:00:00,4498.008,4506.301,4489.125,4496.118,9559,280,0
2026.06.01 10:00:00,4495.892,4511.014,4495.892,4503.769,7687,280,0
2026.06.01 11:00:00,4504.005,4512.949,4499.733,4505.828,7780,280,0
2026.06.01 12:00:00,4505.620,4510.337,4497.437,4502.079,12117,280,0
2026.06.01 13:00:00,4502.140,4503.959,4448.457,4450.036,41924,280,0
2026.06.01 14:00:00,4450.363,4464.904,4447.501,4458.489,20240,280,0
2026.06.01 15:00:00,4458.560,4479.826,4455.102,4474.020,15278,280,0
2026.06.01 16:00:00,4474.127,4482.171,4462.809,4479.899,9736,280,0
2026.06.01 17:00:00,4479.830,4495.415,4471.438,4487.602,12094,280,0
2026.06.01 18:00:00,4487.611,4490.168,4484.728,4486.767,5057,280,0
2026.06.01 19:00:00,4486.708,4488.319,4479.010,4481.228,5520,280,0
2026.06.01 20:00:00,4481.148,4485.964,4480.214,4484.131,3882,280,0
2026.06.01 22:00:00,4486.595,4486.837,4479.633,4485.429,3402,280,0
2026.06.01 23:00:00,4485.609,4488.338,4479.204,4484.275,4394,280,0
2026.06.02 00:00:00,4484.422,4497.141,4476.516,4481.198,11672,280,0
2026.06.02 01:00:00,4481.139,4492.451,4462.662,4474.244,21064,280,0
2026.06.02 02:00:00,4473.887,4486.627,4472.022,4485.789,11227,280,0
2026.06.02 03:00:00,4485.851,4499.448,4485.562,4499.109,9505,280,0
2026.06.02 04:00:00,4499.101,4518.324,4497.624,4517.195,8011,280,0
2026.06.02 05:00:00,4517.140,4528.291,4515.066,4517.103,10590,280,0
2026.06.02 06:00:00,4517.044,4538.522,4516.744,4535.556,10839,280,0
2026.06.02 07:00:00,4535.495,4541.596,4527.703,4535.185,8864,280,0
2026.06.02 08:00:00,4534.835,4539.287,4525.816,4526.843,8327,280,0
2026.06.02 09:00:00,4526.776,4535.797,4521.317,4529.855,8314,280,0
2026.06.02 10:00:00,4529.687,4533.803,4524.518,4532.917,5994,280,0
2026.06.02 11:00:00,4532.979,4534.672,4525.414,4527.603,6026,280,0
2026.06.02 12:00:00,4527.660,4534.084,4513.318,4514.694,10697,280,0
2026.06.02 13:00:00,4514.799,4524.877,4502.908,4502.908,17055,280,0
2026.06.02 14:00:00,4502.756,4506.849,4490.121,4503.894,14254,280,0
2026.06.02 15:00:00,4503.949,4508.606,4500.106,4502.172,10254,280,0
2026.06.02 16:00:00,4502.187,4502.960,4486.289,4491.668,8416,280,0
2026.06.02 17:00:00,4491.729,4493.103,4482.074,4484.480,7787,280,0
2026.06.02 18:00:00,4484.834,4490.762,4478.663,4487.228,6371,280,0
2026.06.02 19:00:00,4487.265,4490.352,4483.324,4487.900,5135,280,0
2026.06.02 20:00:00,4487.841,4491.094,4486.149,4488.381,3406,280,0
2026.06.02 22:00:00,4490.391,4493.117,4484.254,4485.068,5082,280,0
2026.06.02 23:00:00,4485.005,4488.570,4462.132,4474.199,11224,280,0
2026.06.03 00:00:00,4474.127,4496.745,4473.591,4486.214,9368,280,0
2026.06.03 01:00:00,4486.154,4487.650,4463.171,4475.605,16686,280,0
2026.06.03 02:00:00,4475.591,4485.163,4472.641,4481.795,9280,280,0
2026.06.03 03:00:00,4481.846,4487.783,4481.846,4484.191,6627,280,0
2026.06.03 04:00:00,4484.541,4488.308,4468.250,4469.498,6123,280,0
2026.06.03 05:00:00,4469.264,4474.273,4456.657,4457.112,10410,280,0
2026.06.03 06:00:00,4457.151,4470.918,4455.125,4462.830,12962,280,0
2026.06.03 07:00:00,4462.875,4472.304,4452.738,4453.345,11221,280,0
2026.06.03 08:00:00,4453.406,4459.085,4440.042,4444.094,11329,280,0
2026.06.03 09:00:00,4443.736,4459.049,4438.880,4442.991,10305,280,0
2026.06.03 10:00:00,4442.838,4466.913,4440.847,4458.745,14934,280,0
2026.06.03 11:00:00,4458.809,4468.066,4458.488,4462.564,8609,280,0
2026.06.03 12:00:00,4462.619,4467.297,4448.270,4460.331,13820,280,0
2026.06.03 13:00:00,4460.197,4465.992,4426.248,4445.873,23356,280,0
2026.06.03 14:00:00,4445.868,4459.644,4442.362,4456.964,20137,280,0
2026.06.03 15:00:00,4457.018,4458.458,4436.710,4441.995,15198,280,0
2026.06.03 16:00:00,4441.936,4444.029,4433.629,4441.657,9767,280,0
2026.06.03 17:00:00,4441.727,4448.417,4435.534,4439.097,7619,280,0
2026.06.03 18:00:00,4439.030,4442.808,4434.554,4441.960,5985,280,0
2026.06.03 19:00:00,4441.906,4452.166,4441.279,4443.998,6724,280,0
2026.06.03 20:00:00,4443.938,4445.240,4430.425,4434.050,5944,280,0
2026.06.03 22:00:00,4438.229,4453.022,4423.653,4448.666,7787,280,0
2026.06.03 23:00:00,4448.735,4464.780,4445.334,4457.390,8189,280,0
2026.06.04 00:00:00,4457.449,4465.381,4443.932,4448.239,14250,280,0
2026.06.04 01:00:00,4448.178,4473.578,4443.191,4465.567,18128,280,0
2026.06.04 02:00:00,4465.508,4476.652,4455.510,4474.815,12798,280,0
2026.06.04 03:00:00,4474.753,4477.330,4458.267,4463.965,8909,280,0
2026.06.04 04:00:00,4463.907,4484.079,4462.268,4481.095,8286,280,0
2026.06.04 05:00:00,4481.169,4482.367,4466.758,4469.269,9554,280,0
2026.06.04 06:00:00,4469.189,4477.067,4462.886,4467.656,10856,280,0
2026.06.04 07:00:00,4467.753,4470.668,4459.256,4461.763,9533,280,0
2026.06.04 08:00:00,4461.698,4469.301,4458.389,4463.374,10515,280,0
2026.06.04 09:00:00,4463.376,4475.577,4461.069,4470.524,10093,280,0
2026.06.04 10:00:00,4470.457,4473.895,4464.128,4473.468,8635,280,0
2026.06.04 11:00:00,4473.535,4514.588,4468.692,4511.318,16946,280,0
2026.06.04 12:00:00,4511.533,4513.836,4490.993,4504.226,15891,280,0
2026.06.04 13:00:00,4503.878,4515.517,4495.562,4495.677,21187,280,0
2026.06.04 14:00:00,4495.783,4499.932,4457.157,4465.958,24357,280,0
2026.06.04 15:00:00,4465.738,4479.137,4463.575,4477.481,12533,280,0
2026.06.04 16:00:00,4477.263,4485.225,4475.282,4482.577,9316,280,0
2026.06.04 17:00:00,4482.560,4482.737,4473.872,4477.954,6311,280,0
2026.06.04 18:00:00,4478.301,4481.169,4472.686,4477.944,5337,280,0
2026.06.04 19:00:00,4477.960,4483.388,4476.021,4480.924,5287,280,0
2026.06.04 20:00:00,4480.853,4481.680,4474.323,4475.665,3672,280,0
2026.06.04 22:00:00,4475.333,4481.481,4468.642,4469.677,5184,280,0
2026.06.04 23:00:00,4469.743,4474.171,4460.339,4461.516,6378,280,0
2026.06.05 00:00:00,4461.662,4467.038,4450.551,4459.271,13394,280,0
2026.06.05 01:00:00,4459.329,4470.070,4443.936,4446.662,21061,280,0
2026.06.05 02:00:00,4446.897,4455.105,4438.353,4440.658,14074,280,0
2026.06.05 03:00:00,4440.588,4443.664,4435.034,4442.175,9698,280,0
2026.06.05 04:00:00,4442.530,4446.344,4437.472,4444.969,7333,280,0
2026.06.05 05:00:00,4445.188,4449.972,4438.482,4440.061,11025,280,0
2026.06.05 06:00:00,4440.006,4456.276,4428.481,4452.717,13823,280,0
2026.06.05 07:00:00,4452.915,4467.201,4451.720,4460.937,10457,280,0
2026.06.05 08:00:00,4460.876,4468.366,4458.481,4462.652,8284,280,0
2026.06.05 09:00:00,4462.540,4469.420,4458.831,4464.699,10730,280,0
2026.06.05 10:00:00,4464.757,4467.908,4461.779,4466.818,5686,280,0
2026.06.05 11:00:00,4466.927,4475.313,4458.170,4470.284,8391,280,0
2026.06.05 12:00:00,4470.055,4475.911,4404.806,4406.213,25523,280,0
2026.06.05 13:00:00,4406.296,4421.188,4365.418,4365.771,42200,280,0
2026.06.05 14:00:00,4365.837,4379.116,4344.199,4369.788,40190,280,0
2026.06.05 15:00:00,4369.548,4372.347,4333.851,4335.571,22694,260,0
2026.06.05 16:00:00,4335.513,4344.915,4323.088,4344.380,19432,260,0
2026.06.05 17:00:00,4344.399,4347.378,4335.586,4341.852,15201,260,0
2026.06.05 18:00:00,4341.604,4342.108,4315.025,4322.479,17153,260,0
2026.06.05 19:00:00,4322.401,4325.172,4313.728,4318.481,18561,260,0
2026.06.05 20:00:00,4318.423,4331.077,4311.591,4328.774,11646,280,0
2026.06.07 22:00:00,4325.114,4330.648,4310.133,4317.429,14376,260,0
2026.06.07 23:00:00,4317.492,4346.983,4317.410,4343.828,10145,260,0
2026.06.08 00:00:00,4343.881,4353.247,4339.512,4342.052,14948,280,0
2026.06.08 01:00:00,4342.380,4346.009,4299.839,4325.642,39042,280,0
2026.06.08 02:00:00,4325.718,4330.733,4307.079,4310.697,20596,260,0
2026.06.08 03:00:00,4310.365,4317.367,4303.488,4316.842,12279,260,0
2026.06.08 04:00:00,4316.789,4321.851,4307.431,4312.673,11122,260,0
2026.06.08 05:00:00,4312.582,4316.202,4268.252,4291.797,24664,260,0
2026.06.08 06:00:00,4291.859,4311.438,4291.859,4299.854,19443,260,0
2026.06.08 07:00:00,4299.787,4316.779,4294.194,4294.552,17409,260,0
2026.06.08 08:00:00,4294.479,4297.100,4285.237,4288.860,15649,260,0
2026.06.08 09:00:00,4288.882,4302.034,4272.923,4294.419,16720,260,0
2026.06.08 10:00:00,4294.183,4305.800,4286.261,4301.875,15119,260,0
2026.06.08 11:00:00,4301.840,4333.406,4297.135,4331.383,20747,260,0
2026.06.08 12:00:00,4331.323,4339.290,4320.297,4332.836,17765,260,0
2026.06.08 13:00:00,4333.190,4346.776,4321.172,4326.880,29513,260,0
2026.06.08 14:00:00,4326.933,4331.379,4314.310,4330.765,26752,260,0
2026.06.08 15:00:00,4330.825,4345.839,4322.425,4341.755,18175,260,0
2026.06.08 16:00:00,4341.569,4346.283,4337.670,4340.484,11067,260,0
2026.06.08 17:00:00,4340.536,4342.528,4331.883,4339.016,10089,260,0
2026.06.08 18:00:00,4338.963,4345.832,4332.915,4334.737,7769,260,0
2026.06.08 19:00:00,4334.381,4338.141,4323.378,4326.794,8598,260,0
2026.06.08 20:00:00,4326.445,4330.078,4324.307,4329.953,4798,260,0
2026.06.08 22:00:00,4332.101,4332.101,4322.673,4327.973,4123,260,0
2026.06.08 23:00:00,4328.033,4328.870,4312.780,4317.619,5435,260,0
2026.06.09 00:00:00,4317.567,4323.916,4314.886,4319.662,12592,260,0
2026.06.09 01:00:00,4319.608,4338.867,4318.581,4336.314,16572,260,0
2026.06.09 02:00:00,4336.660,4340.984,4328.004,4336.118,11202,260,0
2026.06.09 03:00:00,4336.121,4342.446,4331.069,4336.458,10049,280,0
2026.06.09 04:00:00,4336.409,4339.286,4324.043,4332.168,7632,280,0
2026.06.09 05:00:00,4332.243,4351.569,4330.674,4343.539,12378,280,0
2026.06.09 06:00:00,4343.485,4348.939,4330.144,4330.801,12438,280,0
2026.06.09 07:00:00,4330.733,4334.590,4322.044,4326.712,12333,260,0
2026.06.09 08:00:00,4326.769,4336.866,4321.046,4326.673,10672,260,0
2026.06.09 09:00:00,4326.587,4336.041,4323.980,4331.973,8740,260,0
2026.06.09 10:00:00,4331.919,4340.780,4325.306,4339.002,8937,260,0
2026.06.09 11:00:00,4338.945,4343.902,4335.644,4339.650,7434,260,0
2026.06.09 12:00:00,4339.955,4344.254,4334.806,4341.172,9598,260,0
2026.06.09 13:00:00,4341.210,4363.473,4325.121,4329.226,23208,260,0
2026.06.09 14:00:00,4329.160,4335.801,4278.393,4300.636,42801,260,0
2026.06.09 15:00:00,4300.699,4302.206,4262.919,4272.463,38968,260,0
2026.06.09 16:00:00,4272.480,4281.156,4236.440,4252.112,53266,260,0
2026.06.09 17:00:00,4252.052,4268.128,4251.104,4262.959,26906,260,0
2026.06.09 18:00:00,4263.023,4274.334,4259.473,4270.054,15017,260,0
2026.06.09 19:00:00,4269.910,4271.632,4249.827,4258.411,15241,260,0
2026.06.09 20:00:00,4258.485,4262.177,4255.738,4260.441,5001,260,0
2026.06.09 22:00:00,4256.058,4257.348,4232.305,4236.965,8130,280,0
2026.06.09 23:00:00,4237.162,4247.256,4210.199,4221.949,12661,260,0
2026.06.10 00:00:00,4222.169,4228.428,4198.842,4217.986,25267,260,0
2026.06.10 01:00:00,4217.934,4218.913,4183.521,4188.780,32571,260,0
2026.06.10 02:00:00,4188.833,4192.383,4172.898,4174.160,21725,260,0
2026.06.10 03:00:00,4173.832,4186.344,4172.651,4184.697,13706,260,0
2026.06.10 04:00:00,4184.643,4187.306,4172.132,4174.665,10281,260,0
2026.06.10 05:00:00,4174.997,4209.142,4173.318,4205.031,18089,260,0
2026.06.10 06:00:00,4205.000,4221.886,4201.826,4203.976,17156,260,0
2026.06.10 07:00:00,4203.899,4207.920,4181.480,4186.016,15153,260,0
2026.06.10 08:00:00,4185.955,4187.407,4161.225,4169.061,21678,260,0
2026.06.10 09:00:00,4169.116,4179.471,4162.974,4168.523,16780,260,0
2026.06.10 10:00:00,4168.583,4178.683,4155.571,4174.458,15020,260,0
2026.06.10 11:00:00,4174.401,4176.113,4145.650,4147.722,30954,260,0
2026.06.10 12:00:00,4147.659,4173.926,4128.492,4146.777,40117,260,0
2026.06.10 13:00:00,4146.827,4186.311,4132.781,4179.361,46209,260,0
2026.06.10 14:00:00,4179.466,4181.206,4117.593,4124.670,38034,260,0
2026.06.10 15:00:00,4124.733,4137.095,4106.843,4128.597,47933,260,0
2026.06.10 16:00:00,4128.650,4135.245,4115.828,4122.135,24503,260,0
2026.06.10 17:00:00,4121.830,4135.030,4100.719,4111.714,21140,260,0
2026.06.10 18:00:00,4111.763,4120.501,4096.741,4101.676,15984,260,0
2026.06.10 19:00:00,4101.458,4102.116,4081.437,4082.846,16990,260,0
2026.06.10 20:00:00,4082.793,4083.104,4066.955,4070.577,9739,260,0
2026.06.10 22:00:00,4071.785,4072.040,4036.109,4046.457,14999,260,0
2026.06.10 23:00:00,4046.531,4064.627,4023.675,4047.261,22171,260,0
2026.06.11 00:00:00,4047.046,4078.228,4036.098,4075.621,46418,260,0
2026.06.11 01:00:00,4075.573,4118.287,4066.108,4102.099,42184,260,0
2026.06.11 02:00:00,4102.157,4102.683,4052.278,4067.776,29964,260,0
2026.06.11 03:00:00,4067.721,4078.570,4056.808,4072.736,22139,260,0
2026.06.11 04:00:00,4072.850,4085.919,4070.093,4082.758,14036,260,0
2026.06.11 05:00:00,4082.812,4106.369,4072.515,4094.352,21895,260,0
2026.06.11 06:00:00,4094.069,4097.522,4076.233,4094.729,20908,260,0
2026.06.11 07:00:00,4094.667,4110.639,4091.548,4104.774,17345,260,0
2026.06.11 08:00:00,4104.722,4112.711,4084.327,4084.495,17416,260,0
2026.06.11 09:00:00,4084.597,4096.584,4077.334,4091.451,12705,260,0
2026.06.11 10:00:00,4091.670,4094.581,4086.378,4089.717,10425,260,0
2026.06.11 11:00:00,4089.921,4096.028,4079.681,4080.436,15956,260,0
2026.06.11 12:00:00,4080.418,4087.040,4057.387,4081.988,34981,260,0
2026.06.11 13:00:00,4081.932,4092.660,4067.032,4083.260,45685,260,0
2026.06.11 14:00:00,4083.335,4085.473,4052.837,4073.597,45259,260,0
2026.06.11 15:00:00,4073.542,4095.390,4070.208,4088.661,33838,260,0
2026.06.11 16:00:00,4088.735,4107.455,4077.907,4080.372,21261,260,0
2026.06.11 17:00:00,4080.031,4170.076,4071.801,4151.963,62711,260,0
2026.06.11 18:00:00,4152.015,4171.732,4131.367,4161.803,36177,260,0
2026.06.11 19:00:00,4161.714,4219.968,4161.714,4208.967,35377,260,0
2026.06.11 20:00:00,4209.061,4218.574,4208.002,4211.516,10285,260,0
2026.06.11 22:00:00,4220.124,4246.339,4205.253,4243.304,9867,260,0
2026.06.11 23:00:00,4243.369,4245.907,4214.145,4219.785,12215,260,0
2026.06.12 00:00:00,4219.997,4230.603,4200.736,4208.154,23644,260,0
2026.06.12 01:00:00,4208.207,4211.015,4171.337,4186.890,28210,260,0
2026.06.12 02:00:00,4186.823,4200.005,4182.564,4191.411,16281,260,0
2026.06.12 03:00:00,4191.356,4205.037,4189.611,4197.277,14263,260,0
2026.06.12 04:00:00,4197.226,4201.096,4189.464,4190.115,9324,260,0
2026.06.12 05:00:00,4190.081,4193.053,4170.758,4173.030,17514,260,0
2026.06.12 06:00:00,4173.098,4185.693,4172.268,4184.002,14461,260,0
2026.06.12 07:00:00,4184.056,4194.192,4170.007,4194.047,16654,260,0
2026.06.12 08:00:00,4194.136,4226.054,4191.789,4219.695,25070,260,0
2026.06.12 09:00:00,4219.569,4227.914,4217.312,4221.921,15341,260,0
2026.06.12 10:00:00,4221.864,4225.440,4202.774,4210.733,13938,260,0
2026.06.12 11:00:00,4210.854,4215.399,4197.410,4207.017,12359,260,0
2026.06.12 12:00:00,4206.966,4215.469,4188.382,4191.873,17402,260,0
2026.06.12 13:00:00,4191.820,4210.167,4182.658,4186.226,35912,260,0
2026.06.12 14:00:00,4186.434,4208.615,4176.959,4204.055,37124,260,0
2026.06.12 15:00:00,4204.114,4235.558,4200.107,4211.904,29919,260,0
2026.06.12 16:00:00,4211.963,4232.996,4207.886,4216.119,22130,260,0
2026.06.12 17:00:00,4216.178,4226.454,4213.869,4221.410,12044,260,0
2026.06.12 18:00:00,4221.474,4235.387,4214.074,4215.692,10617,260,0
2026.06.12 19:00:00,4215.639,4219.081,4201.725,4210.559,10014,260,0
2026.06.12 20:00:00,4210.502,4219.296,4209.251,4218.665,4587,260,0
2026.06.14 22:00:00,4270.346,4308.995,4269.351,4285.709,13347,280,0
2026.06.14 23:00:00,4285.444,4295.174,4281.074,4293.940,6662,280,0
2026.06.15 00:00:00,4293.886,4308.228,4291.572,4292.396,12570,260,0
2026.06.15 01:00:00,4292.479,4319.618,4285.422,4316.783,23272,280,0
2026.06.15 02:00:00,4316.571,4335.532,4315.919,4329.413,12388,260,0
2026.06.15 03:00:00,4329.304,4331.165,4321.228,4325.067,8900,260,0
2026.06.15 04:00:00,4325.119,4330.233,4320.482,4328.359,6259,260,0
2026.06.15 05:00:00,4328.000,4332.963,4307.422,4310.170,10991,260,0
2026.06.15 06:00:00,4310.192,4313.507,4300.619,4308.245,12819,260,0
2026.06.15 07:00:00,4308.305,4325.082,4305.261,4322.971,10174,260,0
2026.06.15 08:00:00,4323.078,4345.535,4321.640,4334.326,11114,260,0
2026.06.15 09:00:00,4334.333,4343.403,4334.105,4336.791,9555,260,0
2026.06.15 10:00:00,4336.854,4341.583,4335.137,4337.970,7345,260,0
2026.06.15 11:00:00,4338.330,4347.567,4331.769,4335.355,9565,260,0
2026.06.15 12:00:00,4335.412,4349.451,4324.560,4348.814,11351,260,0
2026.06.15 13:00:00,4348.741,4368.773,4341.304,4355.278,19140,280,0
2026.06.15 14:00:00,4355.206,4369.303,4353.741,4356.812,17863,280,0
2026.06.15 15:00:00,4356.757,4360.856,4349.464,4356.337,12526,280,0
2026.06.15 16:00:00,4356.282,4358.735,4334.372,4339.031,10052,260,0
2026.06.15 17:00:00,4339.057,4339.284,4320.344,4324.588,10088,260,0
2026.06.15 18:00:00,4324.650,4328.102,4317.799,4325.804,7522,260,0
2026.06.15 19:00:00,4325.625,4326.829,4316.402,4320.608,7028,260,0
2026.06.15 20:00:00,4320.843,4322.117,4306.314,4308.686,4914,260,0
2026.06.15 22:00:00,4311.372,4315.651,4305.826,4311.954,4843,260,0
2026.06.15 23:00:00,4311.902,4319.157,4311.468,4315.715,4922,260,0
2026.06.16 00:00:00,4315.658,4320.688,4306.624,4319.175,10023,260,0
2026.06.16 01:00:00,4319.181,4325.886,4312.027,4313.447,14959,260,0
2026.06.16 02:00:00,4313.422,4320.712,4307.542,4318.456,8148,260,0
2026.06.16 03:00:00,4318.698,4333.186,4315.316,4330.235,7578,260,0
2026.06.16 04:00:00,4330.235,4332.061,4321.106,4322.633,6220,260,0
2026.06.16 05:00:00,4322.688,4330.933,4314.063,4315.673,9437,260,0
2026.06.16 06:00:00,4315.819,4324.348,4313.337,4323.703,9649,260,0
2026.06.16 07:00:00,4323.761,4335.493,4322.494,4334.908,8816,260,0
2026.06.16 08:00:00,4334.854,4347.884,4332.612,4346.783,8632,280,0
2026.06.16 09:00:00,4346.841,4348.338,4338.132,4345.058,7246,260,0
2026.06.16 10:00:00,4345.417,4349.002,4342.090,4348.705,5623,260,0
2026.06.16 11:00:00,4348.769,4349.466,4335.048,4340.763,8697,280,0
2026.06.16 12:00:00,4340.711,4354.991,4337.590,4354.497,10503,260,0
2026.06.16 13:00:00,4354.436,4354.843,4331.442,4331.882,17717,260,0
2026.06.16 14:00:00,4331.941,4338.746,4313.072,4323.841,20375,260,0
2026.06.16 15:00:00,4323.894,4343.598,4320.909,4335.381,15005,260,0
2026.06.16 16:00:00,4335.324,4347.069,4334.749,4340.704,11737,260,0
2026.06.16 17:00:00,4340.644,4341.247,4325.185,4340.091,10091,260,0
2026.06.16 18:00:00,4340.145,4342.913,4336.013,4338.335,6352,260,0
2026.06.16 19:00:00,4338.403,4343.010,4330.512,4334.102,6918,260,0
2026.06.16 20:00:00,4334.049,4334.958,4329.421,4331.080,3633,280,0
2026.06.16 22:00:00,4335.047,4336.218,4328.797,4335.273,3053,280,0
2026.06.16 23:00:00,4335.567,4338.267,4329.625,4331.111,3261,260,0
2026.06.17 00:00:00,4331.252,4341.761,4328.359,4336.910,8830,280,0
2026.06.17 01:00:00,4336.856,4349.811,4334.324,4341.011,12803,280,0
2026.06.17 02:00:00,4340.980,4344.643,4329.589,4331.759,8867,260,0
2026.06.17 03:00:00,4331.690,4333.988,4328.437,4332.258,6755,260,0
2026.06.17 04:00:00,4332.069,4334.087,4317.386,4326.533,6553,260,0
2026.06.17 05:00:00,4326.589,4334.292,4321.017,4326.628,8673,260,0
2026.06.17 06:00:00,4326.533,4331.760,4320.326,4331.487,9615,260,0
2026.06.17 07:00:00,4331.484,4332.920,4324.581,4325.320,7944,260,0
2026.06.17 08:00:00,4325.376,4327.665,4317.105,4324.536,9278,260,0
2026.06.17 09:00:00,4324.469,4335.746,4321.067,4329.668,7719,260,0
2026.06.17 10:00:00,4329.737,4335.018,4326.785,4331.359,6090,260,0
2026.06.17 11:00:00,4331.527,4331.845,4320.922,4323.320,7178,260,0
2026.06.17 12:00:00,4323.357,4335.515,4319.584,4333.434,9201,260,0
2026.06.17 13:00:00,4333.375,4345.290,4323.813,4339.935,14685,260,0
2026.06.17 14:00:00,4339.879,4363.904,4330.861,4344.631,24460,260,0
2026.06.17 15:00:00,4344.560,4364.912,4343.694,4363.608,14169,280,0
2026.06.17 16:00:00,4363.338,4366.460,4355.056,4359.333,7905,260,0
2026.06.17 17:00:00,4359.374,4382.399,4355.217,4379.986,13950,280,0
2026.06.17 18:00:00,4379.887,4379.887,4269.553,4285.985,113138,280,0
2026.06.17 19:00:00,4286.057,4295.521,4218.832,4235.678,85449,260,0
2026.06.17 20:00:00,4235.610,4269.726,4234.792,4257.489,18270,260,0
2026.06.17 22:00:00,4258.539,4271.401,4254.422,4266.820,6802,260,0
2026.06.17 23:00:00,4266.747,4283.946,4264.124,4277.846,8075,260,0
2026.06.18 00:00:00,4278.178,4315.391,4276.298,4308.528,18128,260,0
2026.06.18 01:00:00,4308.597,4328.506,4306.948,4317.957,20373,260,0
2026.06.18 02:00:00,4318.013,4329.955,4310.367,4310.965,12633,260,0
2026.06.18 03:00:00,4310.966,4322.567,4308.927,4319.510,9326,260,0
2026.06.18 04:00:00,4319.839,4324.019,4309.670,4315.833,7845,260,0
2026.06.18 05:00:00,4315.764,4324.892,4301.358,4307.887,12595,260,0
2026.06.18 06:00:00,4307.956,4309.975,4296.160,4306.312,14752,260,0
2026.06.18 07:00:00,4306.259,4309.333,4287.320,4288.558,11950,260,0
2026.06.18 08:00:00,4288.722,4292.787,4265.254,4266.756,13989,260,0
2026.06.18 09:00:00,4266.816,4273.252,4259.380,4268.768,12939,260,0
2026.06.18 10:00:00,4268.665,4272.827,4254.527,4255.604,11419,260,0
2026.06.18 11:00:00,4255.743,4255.817,4239.730,4241.759,14541,260,0
2026.06.18 12:00:00,4241.706,4269.084,4240.312,4246.469,20492,260,0
2026.06.18 13:00:00,4246.406,4276.766,4244.813,4256.350,26556,260,0
2026.06.18 14:00:00,4256.418,4257.933,4237.047,4252.477,28880,260,0
2026.06.18 15:00:00,4252.274,4254.847,4222.892,4226.775,21686,260,0
2026.06.18 16:00:00,4226.632,4233.347,4213.853,4219.239,17450,260,0
2026.06.18 17:00:00,4219.295,4233.110,4218.416,4230.472,11758,260,0
2026.06.18 18:00:00,4230.509,4233.193,4218.041,4218.412,9158,260,0
2026.06.18 19:00:00,4218.464,4219.119,4201.210,4216.825,14177,260,0
2026.06.18 20:00:00,4216.773,4219.695,4207.752,4208.216,5194,260,0
2026.06.18 22:00:00,4208.762,4213.152,4202.576,4207.589,4227,260,0
2026.06.18 23:00:00,4207.584,4208.452,4186.720,4188.559,7739,260,0
2026.06.19 00:00:00,4188.495,4198.235,4184.090,4190.456,12451,260,0
2026.06.19 01:00:00,4190.238,4194.478,4183.714,4184.750,9429,260,0
2026.06.19 02:00:00,4184.971,4186.315,4171.722,4176.430,9850,260,0
2026.06.19 03:00:00,4176.422,4177.082,4145.561,4153.332,11874,260,0
2026.06.19 04:00:00,4153.254,4155.196,4124.923,4125.935,14903,260,0
2026.06.19 05:00:00,4125.884,4141.450,4121.603,4139.522,13997,260,0
2026.06.19 06:00:00,4139.573,4150.571,4132.679,4147.761,14641,260,0
2026.06.19 07:00:00,4147.704,4163.280,4147.621,4158.093,12297,260,0
2026.06.19 08:00:00,4157.878,4178.690,4155.101,4168.920,12604,260,0
2026.06.19 09:00:00,4168.930,4170.969,4160.854,4162.977,9396,260,0
2026.06.19 10:00:00,4163.031,4163.079,4147.961,4149.915,10481,260,0
2026.06.19 11:00:00,4149.916,4155.044,4141.735,4152.435,10973,260,0
2026.06.19 12:00:00,4152.463,4180.141,4147.185,4178.926,16729,260,0
2026.06.19 13:00:00,4178.869,4183.065,4150.289,4151.311,18719,260,0
2026.06.19 14:00:00,4151.191,4154.504,4142.444,4149.084,13192,260,0
2026.06.19 15:00:00,4149.147,4154.124,4147.458,4150.933,8452,260,0
2026.06.19 16:00:00,4150.914,4157.900,4144.081,4155.421,7026,260,0
2026.06.21 22:00:00,4153.418,4159.660,4147.804,4156.185,7062,260,0
2026.06.21 23:00:00,4156.084,4164.701,4136.447,4140.090,10236,260,0
2026.06.22 00:00:00,4140.226,4201.169,4139.902,4200.644,21676,260,0
2026.06.22 01:00:00,4201.003,4221.317,4189.427,4190.826,34953,260,0
2026.06.22 02:00:00,4191.107,4200.399,4183.415,4188.450,16290,260,0
2026.06.22 03:00:00,4188.530,4189.954,4170.588,4171.517,11253,260,0
2026.06.22 04:00:00,4171.592,4182.210,4170.561,4181.634,7930,260,0
2026.06.22 05:00:00,4181.558,4198.611,4179.262,4193.853,13402,260,0
2026.06.22 06:00:00,4193.641,4207.386,4191.123,4197.692,13791,260,0
2026.06.22 07:00:00,4197.473,4201.809,4188.580,4190.195,10262,260,0
2026.06.22 08:00:00,4190.402,4197.867,4188.719,4197.152,10135,260,0
2026.06.22 09:00:00,4197.203,4210.277,4195.861,4208.313,10423,260,0
2026.06.22 10:00:00,4208.367,4214.212,4203.500,4204.507,7910,260,0
2026.06.22 11:00:00,4204.577,4215.217,4201.550,4207.228,10510,260,0
2026.06.22 12:00:00,4207.282,4211.725,4192.304,4193.457,11118,260,0
2026.06.22 13:00:00,4193.515,4205.790,4182.824,4199.956,24506,260,0
2026.06.22 14:00:00,4199.961,4210.779,4186.357,4198.309,25045,260,0
2026.06.22 15:00:00,4198.443,4201.346,4169.689,4182.960,18949,260,0
2026.06.22 16:00:00,4182.637,4192.902,4174.284,4189.582,11853,260,0
2026.06.22 17:00:00,4189.637,4191.537,4177.027,4183.269,9481,260,0
2026.06.22 18:00:00,4183.347,4192.905,4182.343,4191.146,7050,260,0
2026.06.22 19:00:00,4191.434,4193.419,4184.163,4190.428,7318,260,0
2026.06.22 20:00:00,4190.372,4193.716,4188.604,4192.333,3819,260,0
2026.06.22 22:00:00,4192.300,4194.629,4188.299,4189.972,3456,260,0
2026.06.22 23:00:00,4189.757,4195.394,4186.775,4187.682,4239,260,0
2026.06.23 00:00:00,4187.625,4194.706,4178.348,4193.178,14451,260,0
2026.06.23 01:00:00,4193.395,4198.629,4149.934,4161.299,24889,260,0
2026.06.23 02:00:00,4161.148,4163.294,4146.662,4147.021,15453,260,0
2026.06.23 03:00:00,4147.076,4149.622,4130.754,4143.902,14836,260,0
2026.06.23 04:00:00,4143.954,4146.938,4114.561,4118.261,10044,260,0
2026.06.23 05:00:00,4118.335,4137.457,4115.295,4121.244,21371,260,0
2026.06.23 06:00:00,4121.186,4126.851,4110.181,4114.516,21028,260,0
2026.06.23 07:00:00,4114.458,4124.600,4096.492,4098.926,16830,260,0
2026.06.23 08:00:00,4098.901,4110.899,4090.627,4105.183,16330,260,0
2026.06.23 09:00:00,4105.133,4122.152,4104.067,4122.095,11682,260,0
2026.06.23 10:00:00,4122.152,4133.314,4119.590,4119.819,12601,260,0
2026.06.23 11:00:00,4119.702,4132.095,4117.300,4123.071,14974,260,0
2026.06.23 12:00:00,4123.339,4127.310,4111.635,4113.341,15998,260,0
2026.06.23 13:00:00,4113.288,4140.472,4105.359,4135.547,29345,260,0
2026.06.23 14:00:00,4135.496,4145.159,4122.521,4130.008,29402,260,0
2026.06.23 15:00:00,4130.229,4141.537,4123.235,4138.453,18492,260,0
2026.06.23 16:00:00,4138.502,4143.980,4131.577,4134.509,10102,260,0
2026.06.23 17:00:00,4134.444,4139.855,4127.639,4128.082,11104,260,0
2026.06.23 18:00:00,4127.862,4130.815,4112.707,4117.560,8851,260,0
2026.06.23 19:00:00,4117.599,4126.110,4111.474,4111.474,11316,260,0
2026.06.23 20:00:00,4111.526,4113.001,4107.319,4109.845,5564,260,0
2026.06.23 22:00:00,4112.250,4115.003,4096.829,4104.306,7608,260,0
2026.06.23 23:00:00,4104.346,4104.359,4080.734,4099.321,10907,260,0
2026.06.24 00:00:00,4099.259,4111.931,4093.593,4097.068,22321,260,0
2026.06.24 01:00:00,4097.125,4102.313,4068.184,4088.965,37837,260,0
2026.06.24 02:00:00,4089.074,4095.916,4052.019,4061.252,22735,260,0
2026.06.24 03:00:00,4061.199,4070.744,4050.199,4062.811,19775,260,0
2026.06.24 04:00:00,4062.872,4067.272,4054.993,4064.569,13173,260,0
2026.06.24 05:00:00,4064.513,4086.206,4060.779,4075.802,16671,260,0
2026.06.24 06:00:00,4075.943,4097.552,4075.669,4086.977,20201,260,0
2026.06.24 07:00:00,4086.905,4090.756,4073.503,4074.859,12883,260,0
2026.06.24 08:00:00,4074.807,4087.770,4073.020,4076.329,13058,260,0
2026.06.24 09:00:00,4076.267,4078.977,4063.938,4064.635,11390,260,0
2026.06.24 10:00:00,4064.684,4066.955,4054.457,4055.644,12121,260,0
2026.06.24 11:00:00,4055.708,4058.386,4037.409,4046.884,44037,160,0
2026.06.24 12:00:00,4046.780,4048.899,3987.393,3987.947,85523,160,0
2026.06.24 13:00:00,3987.625,4042.164,3964.386,4038.258,164143,160,0
2026.06.24 14:00:00,4038.188,4041.148,4002.819,4007.819,54818,160,0
2026.06.24 15:00:00,4008.129,4017.025,3997.161,4002.565,60635,160,0
2026.06.24 16:00:00,4002.514,4022.297,3995.448,4006.500,48071,160,0
2026.06.24 17:00:00,4006.577,4011.331,3972.729,3972.925,26902,260,0
2026.06.24 18:00:00,3972.972,3994.350,3958.811,3981.499,28714,260,0
2026.06.24 19:00:00,3981.552,3990.771,3973.440,3987.867,18004,260,0
2026.06.24 20:00:00,3987.916,4002.942,3984.791,4001.293,12778,260,0
2026.06.24 22:00:00,4004.436,4008.883,3993.024,3996.146,6458,260,0
2026.06.24 23:00:00,3996.200,4018.499,3990.741,4012.325,8882,260,0
2026.06.25 00:00:00,4012.270,4016.450,3978.365,3991.300,23619,260,0
2026.06.25 01:00:00,3991.508,4005.970,3972.320,3976.863,39019,260,0
2026.06.25 02:00:00,3976.641,3991.020,3962.659,3983.108,27746,260,0
2026.06.25 03:00:00,3983.051,4001.165,3966.108,3995.326,24764,260,0
2026.06.25 04:00:00,3995.273,3997.666,3983.415,3996.180,13354,260,0
2026.06.25 05:00:00,3996.230,4000.186,3980.306,3986.519,20940,260,0
2026.06.25 06:00:00,3986.167,3989.261,3973.844,3977.455,19075,260,0
2026.06.25 07:00:00,3977.511,3989.766,3971.283,3987.713,15233,260,0
2026.06.25 08:00:00,3987.661,4002.111,3984.156,3989.236,18229,260,0
2026.06.25 09:00:00,3989.214,3997.639,3986.241,3988.308,12160,260,0
2026.06.25 10:00:00,3988.255,3989.364,3981.217,3984.121,8437,260,0
2026.06.25 11:00:00,3984.164,3987.816,3973.475,3980.193,12238,240,0
2026.06.25 12:00:00,3980.233,4019.436,3978.801,4012.238,37603,240,0
2026.06.25 13:00:00,4012.301,4034.014,4000.786,4002.300,56747,240,0
2026.06.25 14:00:00,4002.257,4028.493,3998.902,4012.047,39529,240,0
2026.06.25 15:00:00,4012.016,4042.739,4004.899,4040.935,30769,240,0
2026.06.25 16:00:00,4041.062,4044.133,4023.850,4028.846,18101,240,0
2026.06.25 17:00:00,4028.899,4036.721,4026.799,4034.538,12496,240,0
2026.06.25 18:00:00,4034.636,4044.267,4025.971,4034.858,13861,240,0
2026.06.25 19:00:00,4034.801,4043.879,4021.904,4026.638,11901,240,0
2026.06.25 20:00:00,4026.565,4034.970,4024.321,4026.787,6236,240,0
2026.06.25 22:00:00,4028.858,4036.624,4019.773,4026.443,7653,240,0
2026.06.25 23:00:00,4026.204,4030.332,4012.378,4014.651,7649,240,0
2026.06.26 00:00:00,4014.590,4024.568,4011.458,4020.424,17925,240,0
2026.06.26 01:00:00,4020.476,4029.632,4014.162,4020.796,22132,240,0
2026.06.26 02:00:00,4020.846,4023.260,3982.879,3990.578,18918,240,0
2026.06.26 03:00:00,3990.515,4006.686,3986.696,4004.105,14964,240,0
2026.06.26 04:00:00,4004.162,4015.303,3998.843,4011.387,12082,240,0
2026.06.26 05:00:00,4011.440,4021.713,4005.717,4008.119,16010,240,0
2026.06.26 06:00:00,4008.071,4033.213,4006.661,4031.928,20371,240,0
2026.06.26 07:00:00,4031.873,4039.694,4026.899,4030.668,11875,240,0
2026.06.26 08:00:00,4030.631,4037.924,4025.699,4031.004,10648,240,0
2026.06.26 09:00:00,4030.746,4054.265,4029.434,4047.325,13995,240,0
2026.06.26 10:00:00,4047.275,4055.074,4042.181,4054.759,10638,240,0
2026.06.26 11:00:00,4054.618,4055.814,4042.419,4045.764,10810,240,0
2026.06.26 12:00:00,4045.816,4061.629,4035.690,4058.828,14829,240,0
2026.06.26 13:00:00,4058.880,4078.048,4043.106,4073.543,36727,240,0
2026.06.26 14:00:00,4073.669,4093.129,4067.908,4080.614,27605,240,0
2026.06.26 15:00:00,4080.691,4096.107,4075.619,4090.402,19472,240,0
2026.06.26 16:00:00,4090.452,4093.532,4082.007,4085.119,12226,240,0
2026.06.26 17:00:00,4085.147,4088.212,4073.570,4074.710,10127,240,0
2026.06.26 18:00:00,4074.824,4078.885,4067.071,4067.452,7653,240,0
2026.06.26 19:00:00,4067.536,4074.566,4064.415,4071.491,8343,240,0
2026.06.26 20:00:00,4071.735,4090.403,4064.599,4088.245,8820,240,0
2026.06.28 22:00:00,4075.881,4085.307,4053.303,4066.417,9355,240,0
2026.06.28 23:00:00,4066.390,4070.645,4051.708,4062.831,8858,240,0
2026.06.29 00:00:00,4062.887,4074.335,4048.217,4069.371,23054,240,0
2026.06.29 01:00:00,4069.458,4074.613,4053.748,4061.391,26630,240,0
2026.06.29 02:00:00,4061.343,4071.948,4058.340,4066.242,19363,240,0
2026.06.29 03:00:00,4066.326,4075.710,4065.163,4068.943,12197,240,0
2026.06.29 04:00:00,4068.991,4069.023,4049.690,4052.168,8900,240,0
2026.06.29 05:00:00,4052.069,4057.364,4039.209,4054.503,17344,240,0
2026.06.29 06:00:00,4054.395,4064.995,4053.760,4062.379,13911,240,0
2026.06.29 07:00:00,4062.497,4068.639,4056.032,4061.729,10458,240,0
2026.06.29 08:00:00,4061.677,4066.724,4043.703,4046.999,11832,240,0
2026.06.29 09:00:00,4046.831,4055.240,4024.558,4031.438,14845,240,0
2026.06.29 10:00:00,4031.411,4039.815,4027.331,4036.639,11422,240,0
2026.06.29 11:00:00,4036.696,4042.321,4027.220,4039.389,10668,240,0
2026.06.29 12:00:00,4039.296,4052.611,4037.621,4043.494,13735,240,0
2026.06.29 13:00:00,4043.547,4051.815,4028.103,4032.403,21199,240,0
2026.06.29 14:00:00,4032.457,4035.466,4000.222,4025.576,30993,240,0
2026.06.29 15:00:00,4025.578,4030.409,4016.708,4027.041,14659,240,0
2026.06.29 16:00:00,4027.100,4028.714,4018.643,4023.926,8544,240,0
2026.06.29 17:00:00,4023.978,4032.100,4019.177,4021.048,8610,240,0
2026.06.29 18:00:00,4020.848,4025.334,4011.990,4013.208,5852,240,0
2026.06.29 19:00:00,4013.404,4019.690,4005.143,4015.978,7562,240,0
2026.06.29 20:00:00,4015.924,4017.995,4012.612,4016.380,3593,240,0
2026.06.29 22:00:00,4018.251,4022.187,4009.473,4014.236,5456,240,0
2026.06.29 23:00:00,4013.993,4022.486,4013.463,4015.028,5919,240,0
2026.06.30 00:00:00,4014.970,4015.293,3979.562,3986.914,18008,240,0
2026.06.30 01:00:00,3986.973,3987.145,3942.099,3969.273,43333,240,0
2026.06.30 02:00:00,3969.221,3973.274,3952.252,3962.763,22713,240,0
2026.06.30 03:00:00,3962.690,3971.252,3960.140,3969.919,14767,240,0
2026.06.30 04:00:00,3969.724,3997.933,3968.110,3985.609,12886,240,0
2026.06.30 05:00:00,3985.665,3990.828,3975.019,3978.029,15968,240,0
2026.06.30 06:00:00,3978.079,4034.234,3978.029,4029.500,28644,240,0
2026.06.30 07:00:00,4029.652,4034.855,4023.658,4032.322,12356,240,0
2026.06.30 08:00:00,4031.991,4037.646,4013.541,4015.376,12451,240,0
2026.06.30 09:00:00,4015.408,4023.926,4012.238,4023.716,9107,240,0
2026.06.30 10:00:00,4024.007,4031.311,4021.348,4029.649,7812,240,0
2026.06.30 11:00:00,4029.669,4037.136,4025.327,4033.743,10065,240,0
2026.06.30 12:00:00,4033.820,4034.355,4008.585,4010.041,14168,240,0
2026.06.30 13:00:00,4009.739,4033.440,4009.195,4029.702,24946,240,0
2026.06.30 14:00:00,4029.729,4063.421,4025.120,4037.457,29388,240,0
2026.06.30 15:00:00,4037.514,4039.530,4022.128,4029.492,17158,240,0
2026.06.30 16:00:00,4029.290,4033.897,4025.752,4026.230,8608,240,0
2026.06.30 17:00:00,4026.178,4032.178,4020.568,4030.601,9261,240,0
2026.06.30 18:00:00,4030.651,4033.937,4028.055,4028.677,5545,240,0
2026.06.30 19:00:00,4028.624,4029.548,4014.710,4016.036,7260,240,0
2026.06.30 20:00:00,4016.211,4021.062,4006.326,4007.347,5316,240,0
2026.06.30 22:00:00,4011.829,4017.977,4011.033,4013.000,5144,240,0
2026.06.30 23:00:00,4013.052,4018.422,4005.238,4005.593,6019,240,0
2026.07.01 00:00:00,4005.653,4009.908,3992.887,3996.601,11753,240,0
2026.07.01 01:00:00,3996.635,3999.871,3973.733,3977.905,23798,240,0
2026.07.01 02:00:00,3977.851,3986.128,3970.167,3979.380,13842,240,0
2026.07.01 03:00:00,3979.331,3987.007,3976.635,3980.325,8571,240,0
2026.07.01 04:00:00,3980.373,3982.884,3972.332,3976.717,7883,240,0
2026.07.01 05:00:00,3976.662,3978.946,3969.655,3973.898,12349,240,0
2026.07.01 06:00:00,3974.094,3977.524,3963.095,3971.963,14777,240,0
2026.07.01 07:00:00,3971.905,3978.559,3959.988,3976.152,14425,240,0
2026.07.01 08:00:00,3976.098,3984.361,3969.535,3974.360,10131,240,0
2026.07.01 09:00:00,3974.602,3986.032,3972.741,3984.283,8150,240,0
2026.07.01 10:00:00,3984.331,3998.771,3981.306,3998.226,8382,240,0
2026.07.01 11:00:00,3998.168,4035.604,3997.818,4030.422,16959,240,0
2026.07.01 12:00:00,4030.558,4034.000,4019.440,4022.825,17982,240,0
2026.07.01 13:00:00,4022.877,4108.026,4012.591,4089.424,49888,240,0
2026.07.01 14:00:00,4089.489,4115.736,4082.760,4093.549,33494,240,0
2026.07.01 15:00:00,4093.348,4094.694,4076.613,4081.229,18405,240,0
2026.07.01 16:00:00,4081.176,4088.609,4070.350,4070.957,12108,240,0
2026.07.01 17:00:00,4071.274,4073.532,4067.213,4068.023,10629,240,0
2026.07.01 18:00:00,4068.075,4070.888,4057.887,4062.273,8645,240,0
2026.07.01 19:00:00,4062.052,4068.390,4034.282,4038.717,10951,240,0
2026.07.01 20:00:00,4038.569,4039.846,4028.481,4031.615,7300,240,0
2026.07.01 22:00:00,4034.182,4045.279,4032.861,4044.941,5437,240,0
2026.07.01 23:00:00,4044.902,4044.948,4033.148,4035.169,5704,240,0
2026.07.02 00:00:00,4034.972,4052.651,4030.633,4051.952,14553,240,0
2026.07.02 01:00:00,4052.004,4068.617,4045.209,4050.396,21016,240,0
2026.07.02 02:00:00,4050.350,4061.073,4041.305,4057.189,13309,240,0
2026.07.02 03:00:00,4057.262,4074.220,4055.364,4070.082,11325,240,0
2026.07.02 04:00:00,4070.138,4072.985,4060.512,4060.676,7450,240,0
2026.07.02 05:00:00,4060.802,4067.767,4053.196,4065.933,14148,240,0
2026.07.02 06:00:00,4066.239,4079.718,4065.891,4073.031,15302,240,0
2026.07.02 07:00:00,4073.203,4075.366,4060.695,4064.593,12334,240,0
2026.07.02 08:00:00,4064.616,4080.168,4061.307,4076.190,12744,240,0
2026.07.02 09:00:00,4075.975,4076.997,4063.885,4065.200,10015,240,0
2026.07.02 10:00:00,4065.459,4068.799,4061.315,4066.186,8362,240,0
2026.07.02 11:00:00,4066.262,4072.386,4057.275,4065.375,10525,240,0
2026.07.02 12:00:00,4065.425,4140.679,4061.130,4117.734,39951,160,0
2026.07.02 13:00:00,4117.683,4144.132,4109.202,4136.882,43594,240,0
2026.07.02 14:00:00,4136.930,4138.320,4113.846,4128.411,31721,240,0
2026.07.02 15:00:00,4128.472,4131.376,4114.645,4128.316,20268,240,0
2026.07.02 16:00:00,4128.465,4130.288,4100.085,4118.131,18143,240,0
2026.07.02 17:00:00,4118.192,4119.994,4105.581,4106.865,14093,240,0
2026.07.02 18:00:00,4106.864,4127.095,4105.918,4122.781,11043,240,0
2026.07.02 19:00:00,4122.836,4124.515,4108.076,4121.466,10324,240,0
2026.07.02 20:00:00,4121.329,4125.136,4116.261,4124.068,4906,240,0
2026.07.02 22:00:00,4126.477,4128.176,4122.455,4124.729,3521,240,0
2026.07.02 23:00:00,4124.725,4134.121,4121.149,4126.175,7106,240,0
2026.07.03 00:00:00,4125.984,4151.132,4122.718,4146.922,18139,240,0
2026.07.03 01:00:00,4147.255,4195.506,4146.412,4182.498,29774,240,0
2026.07.03 02:00:00,4182.392,4186.726,4176.380,4183.560,12875,240,0
2026.07.03 03:00:00,4183.509,4184.640,4175.111,4175.907,8824,240,0
2026.07.03 04:00:00,4176.131,4182.737,4172.977,4178.969,5990,240,0
2026.07.03 05:00:00,4178.801,4181.987,4169.145,4171.229,9623,240,0
2026.07.03 06:00:00,4171.236,4174.418,4160.255,4173.119,12453,240,0
2026.07.03 07:00:00,4173.178,4181.727,4169.096,4177.234,9217,240,0
2026.07.03 08:00:00,4177.289,4186.579,4176.768,4180.829,8833,240,0
2026.07.03 09:00:00,4180.957,4181.810,4168.324,4172.063,8034,240,0
2026.07.03 10:00:00,4172.010,4181.282,4170.589,4177.164,5746,240,0
2026.07.03 11:00:00,4176.856,4186.290,4175.424,4180.885,6431,240,0
2026.07.03 12:00:00,4181.197,4183.398,4172.103,4176.663,7360,240,0
2026.07.03 13:00:00,4176.720,4179.329,4163.389,4164.596,11846,240,0
2026.07.03 14:00:00,4164.531,4171.220,4155.184,4169.600,9546,240,0
2026.07.03 15:00:00,4169.643,4174.255,4164.397,4164.940,6497,240,0
2026.07.03 16:00:00,4164.885,4176.486,4162.645,4174.913,5753,240,0
2026.07.05 22:00:00,4177.917,4191.621,4173.191,4188.348,8661,240,0
2026.07.05 23:00:00,4188.301,4202.273,4177.139,4182.889,9674,240,0
2026.07.06 00:00:00,4183.254,4189.022,4169.895,4179.555,20119,240,0
2026.07.06 01:00:00,4179.495,4203.185,4172.356,4186.122,25998,240,0
2026.07.06 02:00:00,4186.182,4187.881,4168.410,4173.984,17961,240,0
2026.07.06 03:00:00,4174.006,4176.351,4160.863,4165.290,11267,240,0
2026.07.06 04:00:00,4165.240,4166.740,4157.319,4159.737,7612,240,0
2026.07.06 05:00:00,4159.870,4160.909,4144.625,4148.053,13143,240,0
2026.07.06 06:00:00,4147.833,4159.456,4145.726,4150.388,11668,240,0
2026.07.06 07:00:00,4150.336,4166.295,4147.127,4164.533,10399,240,0
2026.07.06 08:00:00,4164.233,4166.009,4147.012,4150.503,8250,240,0
2026.07.06 09:00:00,4150.474,4151.258,4136.260,4143.333,9320,240,0
2026.07.06 10:00:00,4143.071,4155.919,4141.925,4154.866,8081,240,0
2026.07.06 11:00:00,4154.928,4159.568,4151.405,4155.022,10388,240,0
2026.07.06 12:00:00,4155.020,4158.463,4131.441,4139.484,15122,240,0
2026.07.06 13:00:00,4139.417,4150.490,4136.419,4140.848,20648,240,0
2026.07.06 14:00:00,4140.887,4147.101,4128.362,4138.004,18269,240,0
2026.07.06 15:00:00,4138.057,4152.084,4137.367,4148.188,11373,240,0
2026.07.06 16:00:00,4148.240,4156.130,4140.302,4154.877,8335,240,0
2026.07.06 17:00:00,4154.899,4161.546,4150.379,4161.198,8645,240,0
2026.07.06 18:00:00,4161.140,4167.628,4155.303,4164.018,6290,240,0
2026.07.06 19:00:00,4163.935,4165.499,4158.747,4163.632,5993,240,0
2026.07.06 20:00:00,4163.705,4165.048,4160.749,4164.315,3177,240,0
2026.07.06 22:00:00,4166.053,4168.555,4163.469,4164.283,3356,240,0
2026.07.06 23:00:00,4164.335,4165.776,4156.790,4157.372,4177,240,0
2026.07.07 00:00:00,4157.318,4162.802,4145.088,4146.139,12510,240,0
2026.07.07 01:00:00,4146.088,4148.054,4125.683,4141.909,19439,240,0
2026.07.07 02:00:00,4141.637,4145.173,4131.347,4136.520,11111,240,0
2026.07.07 03:00:00,4136.423,4140.023,4124.436,4131.164,9705,240,0
2026.07.07 04:00:00,4130.946,4141.272,4125.819,4126.769,8024,240,0
2026.07.07 05:00:00,4126.816,4131.224,4116.391,4124.160,14529,240,0
2026.07.07 06:00:00,4124.160,4133.035,4121.311,4130.268,11093,240,0
2026.07.07 07:00:00,4130.528,4133.698,4124.143,4124.771,8907,240,0
2026.07.07 08:00:00,4124.718,4139.394,4121.828,4126.123,10542,240,0
2026.07.07 09:00:00,4126.071,4133.806,4119.566,4131.026,9610,240,0
2026.07.07 10:00:00,4131.260,4138.864,4130.959,4135.538,7803,240,0
2026.07.07 11:00:00,4135.845,4158.503,4131.845,4156.533,10550,240,0
2026.07.07 12:00:00,4156.671,4175.153,4154.415,4172.052,17566,240,0
2026.07.07 13:00:00,4172.104,4180.583,4156.043,4158.562,25588,240,0
2026.07.07 14:00:00,4158.367,4163.527,4143.490,4154.257,21292,240,0
2026.07.07 15:00:00,4154.192,4155.641,4135.867,4138.925,13891,240,0
2026.07.07 16:00:00,4138.923,4147.320,4136.914,4144.948,9382,240,0
2026.07.07 17:00:00,4145.005,4148.215,4140.445,4144.432,8122,240,0
2026.07.07 18:00:00,4144.483,4145.274,4124.961,4127.087,11965,240,0
2026.07.07 19:00:00,4126.977,4127.866,4092.051,4114.030,23840,240,0
2026.07.07 20:00:00,4114.117,4115.926,4103.363,4106.620,6076,240,0
2026.07.07 22:00:00,4097.703,4106.216,4094.171,4098.153,5636,240,0
2026.07.07 23:00:00,4098.197,4108.010,4095.808,4098.576,7683,240,0
2026.07.08 00:00:00,4098.471,4126.950,4096.774,4111.651,20236,240,0
2026.07.08 01:00:00,4111.582,4118.052,4096.220,4111.043,28605,240,0
2026.07.08 02:00:00,4111.103,4125.024,4105.869,4114.452,15854,240,0
2026.07.08 03:00:00,4114.591,4131.153,4114.385,4123.514,12128,240,0
2026.07.08 04:00:00,4123.457,4128.932,4120.632,4125.084,10070,240,0
2026.07.08 05:00:00,4125.252,4133.876,4120.959,4127.694,14952,240,0
2026.07.08 06:00:00,4127.747,4133.725,4122.069,4123.608,12941,240,0
2026.07.08 07:00:00,4123.550,4127.170,4114.639,4121.219,11067,240,0
2026.07.08 08:00:00,4121.290,4121.398,4052.037,4056.715,47980,240,0
2026.07.08 09:00:00,4056.650,4061.093,4041.355,4043.377,25540,240,0
2026.07.08 10:00:00,4043.429,4058.436,4040.284,4053.010,16346,240,0
2026.07.08 11:00:00,4052.959,4072.529,4041.253,4061.990,23209,240,0
2026.07.08 12:00:00,4061.935,4086.455,4058.632,4071.988,26347,240,0
2026.07.08 13:00:00,4072.309,4083.153,4065.176,4070.668,37428,240,0
2026.07.08 14:00:00,4070.719,4071.597,4033.712,4040.898,33272,240,0
2026.07.08 15:00:00,4040.955,4043.824,4021.712,4034.079,24122,240,0
2026.07.08 16:00:00,4034.133,4064.530,4033.105,4063.507,20830,240,0
2026.07.08 17:00:00,4063.561,4076.469,4059.712,4065.740,15257,240,0
2026.07.08 18:00:00,4065.678,4091.596,4063.502,4084.183,17375,240,0
2026.07.08 19:00:00,4084.234,4091.413,4078.133,4080.005,13443,240,0
2026.07.08 20:00:00,4080.059,4083.582,4071.611,4077.503,7681,240,0
2026.07.08 22:00:00,4077.952,4079.920,4072.616,4076.605,5294,240,0
2026.07.08 23:00:00,4076.626,4077.849,4071.807,4076.276,4676,240,0
2026.07.09 00:00:00,4076.084,4089.993,4070.080,4073.953,14888,240,0
2026.07.09 01:00:00,4073.903,4078.911,4062.377,4072.865,19440,240,0
2026.07.09 02:00:00,4072.808,4082.802,4064.201,4065.143,12114,240,0
2026.07.09 03:00:00,4065.083,4067.525,4054.046,4064.060,10718,240,0
2026.07.09 04:00:00,4064.241,4064.652,4056.426,4064.150,7638,240,0
2026.07.09 05:00:00,4064.201,4084.329,4063.504,4081.888,14914,240,0
2026.07.09 06:00:00,4082.082,4108.205,4081.363,4108.068,19339,240,0
2026.07.09 07:00:00,4107.869,4111.262,4101.307,4107.713,11004,240,0
2026.07.09 08:00:00,4107.765,4117.761,4105.148,4108.375,10539,240,0
2026.07.09 09:00:00,4108.424,4112.265,4103.029,4106.146,8916,240,0
2026.07.09 10:00:00,4106.196,4110.222,4093.589,4098.929,8496,240,0
2026.07.09 11:00:00,4099.011,4110.646,4097.739,4108.528,9552,240,0
2026.07.09 12:00:00,4108.623,4122.734,4105.037,4107.803,15591,240,0
2026.07.09 13:00:00,4107.746,4129.653,4106.724,4121.852,22428,240,0
2026.07.09 14:00:00,4122.054,4136.193,4114.137,4127.635,19885,240,0
2026.07.09 15:00:00,4127.699,4132.773,4124.639,4126.646,11440,240,0
2026.07.09 16:00:00,4126.811,4138.077,4125.588,4127.848,9352,240,0
2026.07.09 17:00:00,4128.116,4138.194,4124.833,4135.966,9197,240,0
2026.07.09 18:00:00,4136.168,4136.178,4121.247,4124.560,6802,240,0
2026.07.09 19:00:00,4124.511,4126.961,4118.641,4122.250,6187,240,0
2026.07.09 20:00:00,4122.201,4125.457,4120.588,4123.930,3464,240,0
2026.07.09 22:00:00,4125.508,4127.721,4121.369,4121.862,3820,240,0
2026.07.09 23:00:00,4121.844,4125.189,4120.914,4123.547,3366,240,0
2026.07.10 00:00:00,4123.495,4128.327,4114.130,4126.339,9433,240,0
2026.07.10 01:00:00,4126.391,4131.079,4108.537,4116.943,15600,240,0
2026.07.10 02:00:00,4117.002,4129.226,4116.123,4127.723,9789,240,0
2026.07.10 03:00:00,4127.858,4134.804,4119.290,4120.305,8764,240,0
2026.07.10 04:00:00,4120.206,4121.195,4111.956,4115.222,6555,240,0
2026.07.10 05:00:00,4115.172,4117.203,4108.221,4116.731,10615,240,0
2026.07.10 06:00:00,4116.790,4120.225,4110.948,4111.861,9644,240,0
2026.07.10 07:00:00,4111.851,4115.224,4104.233,4108.837,9002,240,0
2026.07.10 08:00:00,4108.888,4109.515,4094.681,4097.994,8991,240,0
2026.07.10 09:00:00,4097.689,4105.456,4094.225,4104.137,7288,240,0
2026.07.10 10:00:00,4104.207,4112.644,4103.985,4104.644,6827,240,0
2026.07.10 11:00:00,4104.591,4108.241,4095.934,4102.451,7873,240,0
2026.07.10 12:00:00,4102.456,4117.480,4097.339,4100.569,14166,240,0
2026.07.10 13:00:00,4100.871,4106.742,4085.512,4099.851,18662,240,0
2026.07.10 14:00:00,4100.012,4109.137,4072.602,4092.860,29640,240,0
2026.07.10 15:00:00,4092.914,4113.503,4091.144,4112.877,14515,240,0
2026.07.10 16:00:00,4113.057,4115.509,4104.306,4104.732,8911,240,0
2026.07.10 17:00:00,4104.682,4106.949,4100.337,4100.755,7581,240,0
2026.07.10 18:00:00,4100.865,4105.620,4097.927,4101.377,6193,240,0
2026.07.10 19:00:00,4101.213,4108.926,4097.691,4108.274,5734,240,0
2026.07.10 20:00:00,4108.212,4121.034,4108.148,4119.908,4722,240,0
2026.07.12 22:00:00,4098.560,4099.253,4069.881,4076.628,10058,240,0
2026.07.12 23:00:00,4076.574,4084.805,4068.393,4084.311,8500,240,0
2026.07.13 00:00:00,4084.359,4091.138,4060.953,4073.858,18697,240,0
2026.07.13 01:00:00,4073.773,4089.964,4065.292,4072.008,27639,240,0
2026.07.13 02:00:00,4072.323,4077.505,4064.436,4068.537,17188,240,0
2026.07.13 03:00:00,4068.733,4069.587,4052.761,4060.356,12105,240,0
2026.07.13 04:00:00,4060.242,4060.384,4050.174,4058.743,8354,240,0
2026.07.13 05:00:00,4058.631,4073.248,4051.989,4053.780,16705,240,0
2026.07.13 06:00:00,4053.847,4063.634,4043.683,4055.369,15706,240,0
2026.07.13 07:00:00,4055.427,4065.116,4048.877,4064.500,11726,240,0
2026.07.13 08:00:00,4064.591,4080.892,4062.997,4074.731,13352,240,0
2026.07.13 09:00:00,4074.677,4076.631,4068.153,4068.317,8795,240,0
2026.07.13 10:00:00,4068.261,4070.493,4046.462,4060.457,11893,240,0
2026.07.13 11:00:00,4060.514,4068.605,4054.963,4056.473,12099,240,0
2026.07.13 12:00:00,4056.507,4067.553,4053.444,4067.248,13072,240,0
2026.07.13 13:00:00,4067.297,4067.776,4041.939,4043.400,22969,240,0
2026.07.13 14:00:00,4043.288,4046.953,4000.258,4015.222,44909,240,0
2026.07.13 15:00:00,4015.407,4020.301,4010.079,4015.853,16049,240,0
2026.07.13 16:00:00,4015.796,4018.099,3986.478,3993.415,20999,240,0
2026.07.13 17:00:00,3993.236,4002.003,3991.942,3993.050,14045,240,0
2026.07.13 18:00:00,3993.098,4005.196,3986.549,4001.362,11813,240,0
2026.07.13 19:00:00,4001.598,4004.616,3993.391,4001.808,9952,240,0
2026.07.13 20:00:00,4001.858,4006.290,3996.223,4002.156,6367,240,0
2026.07.13 22:00:00,4004.100,4006.279,4000.695,4000.731,3935,240,0
2026.07.13 23:00:00,4000.892,4003.249,3992.724,4000.913,6191,240,0
2026.07.14 00:00:00,4000.970,4007.315,3983.382,4004.062,25177,240,0
2026.07.14 01:00:00,4004.115,4012.120,3992.055,4010.572,23098,240,0
2026.07.14 02:00:00,4010.645,4019.203,4005.881,4012.127,13565,240,0
2026.07.14 03:00:00,4012.328,4018.986,4011.154,4016.796,9907,240,0
2026.07.14 04:00:00,4016.850,4023.523,4013.371,4020.394,7938,240,0
2026.07.14 05:00:00,4020.455,4034.183,4019.563,4031.232,10589,240,0
2026.07.14 06:00:00,4031.281,4033.336,4021.562,4024.063,9802,240,0
2026.07.14 07:00:00,4023.954,4030.033,4020.205,4020.825,10039,240,0
2026.07.14 08:00:00,4020.939,4023.733,4014.303,4016.062,10339,240,0
2026.07.14 09:00:00,4016.012,4024.573,4013.622,4021.829,9741,240,0
2026.07.14 10:00:00,4021.697,4022.927,4015.022,4021.747,8501,240,0
2026.07.14 11:00:00,4021.426,4031.932,4015.390,4031.031,11269,240,0
2026.07.14 12:00:00,4030.963,4103.152,4023.168,4076.368,35040,160,0
2026.07.14 13:00:00,4076.285,4088.677,4070.707,4076.574,32275,240,0
2026.07.14 14:00:00,4076.628,4090.606,4070.562,4084.926,30352,240,0
2026.07.14 15:00:00,4085.227,4100.569,4064.431,4066.391,25227,240,0
2026.07.14 16:00:00,4066.247,4067.193,4057.604,4061.440,13909,240,0
2026.07.14 17:00:00,4061.494,4065.214,4054.255,4062.894,10311,240,0
2026.07.14 18:00:00,4062.835,4063.018,4042.694,4053.929,10820,240,0
2026.07.14 19:00:00,4054.051,4057.301,4047.470,4055.864,9169,240,0
2026.07.14 20:00:00,4055.950,4056.542,4049.024,4052.869,4384,240,0
2026.07.14 22:00:00,4052.577,4053.583,4048.591,4048.831,4227,240,0
2026.07.14 23:00:00,4048.947,4056.182,4046.606,4053.123,4711,240,0
2026.07.15 00:00:00,4052.928,4060.781,4050.876,4059.113,10802,240,0
2026.07.15 01:00:00,4059.184,4062.030,4035.483,4037.253,16948,240,0
2026.07.15 02:00:00,4037.150,4042.153,4029.137,4035.323,11754,240,0
2026.07.15 03:00:00,4035.265,4040.450,4027.823,4031.271,9034,240,0
2026.07.15 04:00:00,4031.320,4034.992,4028.080,4033.037,6372,240,0
2026.07.15 05:00:00,4033.346,4036.595,4022.036,4034.673,11774,240,0
2026.07.15 06:00:00,4034.869,4035.589,4021.066,4031.917,11491,240,0
2026.07.15 07:00:00,4032.037,4034.332,4019.593,4024.513,10507,240,0
2026.07.15 08:00:00,4024.346,4033.143,4017.241,4031.274,9965,240,0
2026.07.15 09:00:00,4031.332,4034.404,4025.336,4030.062,9169,240,0
2026.07.15 10:00:00,4030.134,4036.158,4026.541,4027.959,8951,240,0
2026.07.15 11:00:00,4027.906,4040.330,4027.527,4038.143,8592,240,0
2026.07.15 12:00:00,4038.189,4071.494,4035.890,4067.942,17512,240,0
2026.07.15 13:00:00,4067.762,4074.262,4054.213,4061.765,21468,240,0
2026.07.15 14:00:00,4061.824,4065.967,4053.106,4060.251,18292,240,0
2026.07.15 15:00:00,4060.357,4063.032,4039.542,4046.920,17204,240,0
2026.07.15 16:00:00,4046.871,4047.820,4026.683,4033.571,18329,240,0
2026.07.15 17:00:00,4033.640,4066.172,4032.732,4061.999,15360,240,0
2026.07.15 18:00:00,4062.119,4081.502,4058.061,4059.284,13317,240,0
2026.07.15 19:00:00,4059.235,4062.905,4047.844,4057.131,11460,240,0
2026.07.15 20:00:00,4056.759,4063.230,4055.011,4060.079,4540,240,0
2026.07.15 22:00:00,4065.797,4065.941,4058.115,4059.758,4201,240,0
2026.07.15 23:00:00,4059.708,4062.164,4055.558,4057.900,4883,240,0
2026.07.16 00:00:00,4057.945,4061.338,4043.574,4044.705,10540,240,0
2026.07.16 01:00:00,4044.711,4050.429,4033.736,4038.942,17885,240,0
2026.07.16 02:00:00,4039.243,4040.240,4024.019,4031.592,12715,240,0
2026.07.16 03:00:00,4031.508,4036.969,4027.716,4036.093,8088,240,0
2026.07.16 04:00:00,4036.075,4038.019,4031.799,4033.260,5750,240,0
2026.07.16 05:00:00,4033.260,4034.098,4025.142,4027.424,12486,240,0
2026.07.16 06:00:00,4027.368,4036.627,4022.802,4030.665,12621,240,0
2026.07.16 07:00:00,4030.715,4031.718,4022.807,4030.518,9830,240,0
2026.07.16 08:00:00,4030.396,4036.705,4025.149,4035.155,8981,240,0
2026.07.16 09:00:00,4035.241,4037.931,4030.413,4031.720,7583,240,0
2026.07.16 10:00:00,4031.654,4034.801,4028.492,4029.571,6852,240,0
2026.07.16 11:00:00,4029.620,4042.398,4021.084,4038.504,13484,240,0
2026.07.16 12:00:00,4038.559,4043.350,3990.282,3992.380,27123,240,0
2026.07.16 13:00:00,3992.180,4008.329,3973.480,3990.097,36860,240,0
2026.07.16 14:00:00,3989.960,4006.744,3987.009,3997.732,23950,240,0
2026.07.16 15:00:00,3997.783,4017.112,3989.198,4007.001,19279,240,0
2026.07.16 16:00:00,4006.886,4007.811,3982.251,3992.114,17664,240,0
2026.07.16 17:00:00,3992.080,3992.982,3979.765,3984.609,12665,240,0
2026.07.16 18:00:00,3984.658,3990.484,3976.390,3980.459,10859,240,0
2026.07.16 19:00:00,3980.539,3986.178,3969.074,3979.863,10957,240,0
2026.07.16 20:00:00,3979.814,3980.277,3971.746,3976.341,5117,240,0
2026.07.16 22:00:00,3978.609,3980.244,3973.088,3978.224,4070,240,0
2026.07.16 23:00:00,3978.177,3986.396,3975.462,3985.782,5145,240,0
2026.07.17 00:00:00,3985.830,3992.034,3980.469,3992.034,13880,240,0
2026.07.17 01:00:00,3992.092,3996.197,3979.079,3983.030,19924,240,0
2026.07.17 02:00:00,3983.081,3987.227,3970.468,3979.052,14618,240,0
2026.07.17 03:00:00,3978.985,4008.965,3978.561,3991.281,14954,240,0
2026.07.17 04:00:00,3991.146,3991.777,3980.005,3981.897,9294,240,0
2026.07.17 05:00:00,3981.648,3991.448,3975.233,3985.188,16240,240,0
2026.07.17 06:00:00,3985.064,4007.239,3985.015,3999.223,16451,240,0
2026.07.17 07:00:00,3999.512,4002.644,3992.611,3992.803,11901,240,0
2026.07.17 08:00:00,3992.755,3999.991,3987.560,3994.452,13160,240,0
2026.07.17 09:00:00,3994.311,4002.621,3992.765,3997.927,10957,240,0
2026.07.17 10:00:00,3997.873,3999.219,3990.346,3990.857,8358,240,0
2026.07.17 11:00:00,3990.860,3998.931,3989.809,3994.030,9268,240,0
2026.07.17 12:00:00,3994.086,3995.674,3963.871,3966.281,16373,240,0
2026.07.17 13:00:00,3966.336,4003.824,3959.360,3997.257,37566,240,0
2026.07.17 14:00:00,3997.419,4004.589,3990.202,4001.046,27068,240,0
2026.07.17 15:00:00,4000.934,4021.243,3997.670,4018.877,23254,240,0
2026.07.17 16:00:00,4018.925,4023.777,4010.900,4015.068,15571,240,0
2026.07.17 17:00:00,4015.123,4019.281,4008.313,4009.908,9352,240,0
2026.07.17 18:00:00,4010.132,4016.229,4006.427,4011.121,8026,240,0
2026.07.17 19:00:00,4011.198,4016.573,4002.094,4015.346,8074,240,0
2026.07.17 20:00:00,4015.267,4018.808,4008.542,4017.752,5339,240,0
2026.07.19 22:00:00,4000.132,4002.918,3993.329,3995.009,7241,240,0
2026.07.19 23:00:00,3994.925,3996.213,3989.261,3995.625,6847,240,0
2026.07.20 00:00:00,3995.494,4010.293,3982.644,4008.413,18421,240,0
2026.07.20 01:00:00,4008.525,4020.980,3995.568,4001.955,24579,240,0
2026.07.20 02:00:00,4002.136,4028.834,4001.187,4021.903,16568,240,0
2026.07.20 03:00:00,4021.855,4027.938,4018.441,4024.205,11272,240,0
2026.07.20 04:00:00,4024.155,4026.671,4018.411,4018.993,7028,240,0
2026.07.20 05:00:00,4018.906,4021.000,4005.212,4008.848,11536,240,0
2026.07.20 06:00:00,4008.786,4011.819,4002.859,4004.013,11145,240,0
2026.07.20 07:00:00,4003.663,4021.913,4001.958,4017.324,12734,240,0
2026.07.20 08:00:00,4017.198,4030.840,4017.103,4019.069,10557,240,0
2026.07.20 09:00:00,4019.021,4023.411,4014.784,4021.066,8070,240,0
2026.07.20 10:00:00,4021.119,4025.791,4018.096,4024.018,7237,240,0
2026.07.20 11:00:00,4024.073,4040.765,4019.730,4025.300,18785,240,0
2026.07.20 12:00:00,4025.235,4025.293,4006.433,4008.195,18473,240,0
2026.07.20 13:00:00,4008.147,4017.383,4005.606,4005.915,19043,240,0
2026.07.20 14:00:00,4005.611,4013.540,3998.109,4005.964,17552,240,0
2026.07.20 15:00:00,4006.294,4019.497,4004.329,4011.869,13352,240,0
2026.07.20 16:00:00,4011.819,4018.475,4001.353,4009.643,10868,240,0
2026.07.20 17:00:00,4009.879,4013.105,4003.609,4005.024,8007,240,0
2026.07.20 18:00:00,4005.252,4011.782,4003.095,4007.167,7937,240,0
2026.07.20 19:00:00,4007.119,4017.977,4004.179,4006.958,9475,240,0
2026.07.20 20:00:00,4007.014,4009.536,4005.617,4008.792,4136,240,0
2026.07.20 22:00:00,4009.617,4010.815,3999.837,4000.543,5477,240,0
2026.07.20 23:00:00,4000.652,4010.584,4000.264,4009.702,6774,240,0
2026.07.21 00:00:00,4009.812,4027.200,4003.756,4024.957,16221,240,0
2026.07.21 01:00:00,4025.008,4035.969,4018.379,4023.039,18242,240,0
2026.07.21 02:00:00,4023.117,4045.355,4021.953,4037.874,13610,240,0
2026.07.21 03:00:00,4037.761,4051.504,4036.848,4046.793,10315,240,0
2026.07.21 04:00:00,4046.906,4052.023,4043.611,4049.731,6752,240,0
2026.07.21 05:00:00,4049.482,4068.018,4046.429,4061.475,11263,240,0
2026.07.21 06:00:00,4061.390,4084.270,4061.390,4078.463,11991,240,0
2026.07.21 07:00:00,4078.398,4080.343,4067.728,4071.362,8791,240,0
2026.07.21 08:00:00,4071.292,4072.567,4059.073,4062.917,8553,240,0
2026.07.21 09:00:00,4062.715,4069.858,4061.000,4066.024,7918,240,0
2026.07.21 10:00:00,4065.974,4070.093,4060.835,4063.074,9091,240,0
2026.07.21 11:00:00,4063.144,4063.752,4054.285,4056.103,7829,240,0
2026.07.21 12:00:00,4056.155,4065.803,4050.970,4053.918,13107,240,0
2026.07.21 13:00:00,4053.612,4061.824,4044.425,4052.976,20610,240,0
2026.07.21 14:00:00,4053.316,4073.962,4051.486,4068.458,17610,240,0
2026.07.21 15:00:00,4068.407,4083.588,4065.313,4074.259,12576,240,0
2026.07.21 16:00:00,4074.187,4079.219,4069.969,4071.723,7179,240,0
2026.07.21 17:00:00,4071.775,4072.911,4066.659,4068.520,6224,240,0
2026.07.21 18:00:00,4068.829,4087.436,4067.497,4082.418,7314,240,0
2026.07.21 19:00:00,4082.466,4085.552,4080.045,4084.516,6409,240,0
2026.07.21 20:00:00,4084.467,4086.251,4076.732,4077.934,4023,240,0
2026.07.21 22:00:00,4078.962,4085.092,4077.045,4080.524,4608,240,0
2026.07.21 23:00:00,4080.556,4083.027,4079.150,4080.762,3701,240,0
2026.07.22 00:00:00,4080.459,4102.724,4076.663,4097.553,15570,240,0
2026.07.22 01:00:00,4097.409,4123.696,4096.544,4122.069,21199,240,0
2026.07.22 02:00:00,4122.177,4131.001,4118.980,4130.330,12112,240,0
2026.07.22 03:00:00,4130.278,4141.799,4129.102,4130.926,9423,240,0
2026.07.22 04:00:00,4130.873,4131.362,4124.742,4126.874,6704,240,0
2026.07.22 05:00:00,4126.925,4133.895,4122.821,4130.840,10359,240,0
2026.07.22 06:00:00,4131.048,4135.218,4113.325,4116.393,12184,240,0
2026.07.22 07:00:00,4116.490,4123.073,4109.086,4110.524,10900,240,0
2026.07.22 08:00:00,4110.471,4120.239,4110.471,4118.214,9432,240,0
2026.07.22 09:00:00,4118.271,4122.412,4113.264,4115.158,8639,240,0
2026.07.22 10:00:00,4115.211,4121.726,4114.933,4117.411,7298,240,0
2026.07.22 11:00:00,4117.471,4123.082,4112.475,4122.429,8939,240,0
2026.07.22 12:00:00,4122.452,4134.476,4106.217,4112.985,14157,240,0
2026.07.22 13:00:00,4112.892,4155.990,4112.511,4154.470,21356,240,0
2026.07.22 14:00:00,4154.526,4163.624,4144.014,4148.558,19253,240,0
2026.07.22 15:00:00,4148.559,4166.092,4148.559,4159.132,10954,240,0
2026.07.22 16:00:00,4159.181,4159.560,4144.272,4146.934,9463,240,0
2026.07.22 17:00:00,4146.938,4148.004,4138.269,4142.516,8341,240,0
2026.07.22 18:00:00,4142.402,4142.818,4131.913,4136.221,8365,240,0
2026.07.22 19:00:00,4136.138,4137.304,4128.723,4131.685,6777,240,0
2026.07.22 20:00:00,4131.577,4137.792,4128.139,4130.104,7359,240,0
2026.07.22 22:00:00,4117.800,4129.890,4116.127,4121.796,8440,240,0
2026.07.22 23:00:00,4121.854,4134.227,4116.581,4133.267,7736,240,0
2026.07.23 00:00:00,4133.319,4134.644,4125.076,4132.279,10644,240,0
2026.07.23 01:00:00,4132.218,4140.987,4114.181,4117.927,21012,240,0
2026.07.23 02:00:00,4117.871,4128.872,4112.102,4127.980,13805,240,0
2026.07.23 03:00:00,4127.928,4133.293,4124.005,4124.785,8979,240,0
2026.07.23 04:00:00,4124.686,4130.397,4119.974,4121.351,7207,240,0
2026.07.23 05:00:00,4121.326,4130.669,4119.422,4123.830,10105,240,0
2026.07.23 06:00:00,4123.891,4128.229,4116.878,4118.611,10803,240,0
2026.07.23 07:00:00,4118.591,4119.504,4089.938,4095.526,16066,240,0
2026.07.23 08:00:00,4095.225,4097.759,4086.968,4093.292,11938,240,0
2026.07.23 09:00:00,4093.183,4099.246,4088.432,4089.769,10164,240,0
2026.07.23 10:00:00,4089.976,4095.369,4085.977,4093.318,9833,240,0
2026.07.23 11:00:00,4093.238,4093.954,4072.706,4085.749,14421,240,0
2026.07.23 12:00:00,4085.517,4086.112,4060.769,4061.574,19176,240,0
2026.07.23 13:00:00,4061.765,4067.563,4040.288,4043.309,33393,240,0
2026.07.23 14:00:00,4043.503,4061.684,4039.959,4057.974,24567,240,0
2026.07.23 15:00:00,4057.914,4059.410,4042.239,4048.786,19260,240,0
2026.07.23 16:00:00,4048.650,4051.842,4045.760,4051.304,8848,240,0
2026.07.23 17:00:00,4051.357,4054.625,4041.619,4041.855,10896,240,0
2026.07.23 18:00:00,4041.983,4048.437,4040.504,4045.941,8395,240,0
2026.07.23 19:00:00,4046.189,4051.048,4042.926,4049.891,6940,240,0
2026.07.23 20:00:00,4049.966,4051.329,4047.359,4049.211,4156,240,0
2026.07.23 22:00:00,4050.636,4050.733,4048.464,4049.439,2783,240,0
2026.07.23 23:00:00,4049.439,4050.803,4046.502,4046.905,4219,240,0
2026.07.24 00:00:00,4046.959,4050.763,4041.051,4050.024,9729,240,0
2026.07.24 01:00:00,4049.972,4050.405,4039.912,4043.554,12434,240,0
2026.07.24 02:00:00,4043.565,4048.276,4023.170,4024.381,13055,240,0
2026.07.24 03:00:00,4024.493,4033.770,4023.151,4029.371,8880,240,0
2026.07.24 04:00:00,4029.311,4030.538,4025.655,4027.133,6049,240,0
2026.07.24 05:00:00,4026.932,4032.293,4021.844,4022.978,10285,240,0
2026.07.24 06:00:00,4022.950,4039.111,4022.812,4035.802,10389,240,0
2026.07.24 07:00:00,4035.748,4053.787,4035.022,4048.572,10203,240,0
2026.07.24 08:00:00,4048.339,4058.909,4045.103,4057.377,8016,240,0
2026.07.24 09:00:00,4057.496,4060.919,4051.583,4059.676,7210,240,0
2026.07.24 10:00:00,4059.728,4063.929,4056.953,4059.922,6292,240,0
2026.07.24 11:00:00,4060.283,4063.498,4051.455,4057.586,7243,240,0
2026.07.24 12:00:00,4057.889,4060.238,4051.570,4056.009,9788,240,0
2026.07.24 13:00:00,4055.919,4068.627,4044.518,4067.598,17558,240,0
2026.07.24 14:00:00,4067.216,4070.054,4055.820,4063.433,17541,240,0
2026.07.24 15:00:00,4063.487,4081.978,4061.643,4077.229,19900,240,0
2026.07.24 16:00:00,4077.381,4078.184,4064.030,4066.873,8642,240,0
2026.07.24 17:00:00,4066.922,4069.940,4062.948,4063.428,7909,240,0
2026.07.24 18:00:00,4063.479,4064.644,4051.201,4054.486,7365,240,0
2026.07.24 19:00:00,4054.616,4057.912,4049.034,4053.523,7757,240,0
2026.07.24 20:00:00,4053.687,4056.167,4051.511,4052.680,4181,240,0
2026.07.26 22:00:00,4091.776,4096.553,4083.688,4089.778,5470,260,0
2026.07.26 23:00:00,4089.705,4096.452,4083.583,4093.898,5521,240,0
2026.07.27 00:00:00,4094.295,4116.301,4090.581,4100.819,17332,240,0
2026.07.27 01:00:00,4100.891,4112.586,4096.910,4109.930,19366,240,0
2026.07.27 02:00:00,4110.004,4110.978,4093.502,4093.502,10344,240,0
2026.07.27 03:00:00,4093.705,4095.893,4085.199,4090.842,8267,240,0
2026.07.27 04:00:00,4090.894,4092.908,4086.946,4090.473,5994,240,0
2026.07.27 05:00:00,4090.462,4094.880,4084.308,4092.933,9475,240,0
2026.07.27 06:00:00,4092.992,4099.194,4091.068,4096.172,10126,240,0
2026.07.27 07:00:00,4096.112,4105.975,4088.540,4088.908,10335,240,0
2026.07.27 08:00:00,4088.963,4097.016,4086.899,4095.147,9400,240,0
2026.07.27 09:00:00,4095.294,4100.317,4090.277,4096.017,8080,240,0
2026.07.27 10:00:00,4096.219,4102.285,4086.303,4099.564,8303,240,0
2026.07.27 11:00:00,4099.616,4104.229,4093.428,4094.031,9456,240,0
2026.07.27 12:00:00,4094.040,4097.762,4081.336,4083.818,13363,240,0
2026.07.27 13:00:00,4083.522,4089.613,4070.535,4074.017,24418,240,0
2026.07.27 14:00:00,4074.134,4079.215,4065.247,4075.990,23134,240,0
2026.07.27 15:00:00,4076.040,4079.924,4071.730,4078.608,13933,240,0
2026.07.27 16:00:00,4078.513,4093.960,4077.706,4082.254,13037,240,0
2026.07.27 17:00:00,4082.457,4082.457,4070.495,4076.418,10068,240,0
2026.07.27 18:00:00,4076.433,4079.549,4072.770,4077.756,8032,240,0
2026.07.27 19:00:00,4078.004,4089.415,4076.121,4083.208,7245,240,0
2026.07.27 20:00:00,4083.258,4084.125,4075.109,4076.799,4015,240,0
2026.07.27 22:00:00,4079.401,4081.816,4070.981,4074.044,3723,240,0
2026.07.27 23:00:00,4074.071,4075.121,4069.838,4073.195,4072,240,0
2026.07.28 00:00:00,4073.146,4074.231,4057.394,4057.763,13315,240,0
2026.07.28 01:00:00,4057.712,4060.215,4042.365,4045.137,19441,240,0
2026.07.28 02:00:00,4045.222,4048.981,4040.555,4042.087,10474,240,0
2026.07.28 03:00:00,4042.023,4050.995,4040.193,4049.236,8091,240,0
2026.07.28 04:00:00,4049.189,4049.701,4041.305,4042.301,6637,240,0
2026.07.28 05:00:00,4042.251,4046.615,4034.702,4045.363,10743,240,0
2026.07.28 06:00:00,4045.389,4052.374,4042.778,4048.341,10010,240,0
2026.07.28 07:00:00,4048.438,4052.333,4046.049,4047.152,8120,240,0
2026.07.28 08:00:00,4047.324,4055.264,4041.598,4045.354,13473,240,0
2026.07.28 09:00:00,4045.301,4045.844,4019.112,4023.506,11105,240,0
2026.07.28 10:00:00,4023.235,4028.442,4016.777,4026.498,12064,240,0
2026.07.28 11:00:00,4026.439,4032.378,4023.044,4028.003,11842,240,0
2026.07.28 12:00:00,4027.906,4038.153,4022.933,4029.483,13204,240,0
2026.07.28 13:00:00,4029.454,4036.124,4020.127,4022.374,21240,240,0
2026.07.28 14:00:00,4022.372,4033.576,4011.360,4024.506,20015,240,0
2026.07.28 15:00:00,4024.206,4047.115,4022.171,4045.973,20335,240,0
2026.07.28 16:00:00,4046.281,4046.658,4036.474,4037.618,8641,240,0
2026.07.28 17:00:00,4037.669,4041.748,4025.706,4027.800,9279,240,0
2026.07.28 18:00:00,4027.819,4030.577,4021.705,4023.087,7570,240,0
2026.07.28 19:00:00,4022.831,4027.985,4021.779,4026.526,6187,240,0
2026.07.28 20:00:00,4026.217,4030.476,4022.542,4028.838,4521,240,0
2026.07.28 22:00:00,4027.866,4028.600,4013.864,4018.380,4874,240,0
2026.07.28 23:00:00,4018.430,4026.184,4014.945,4025.098,7037,240,0
2026.07.29 00:00:00,4024.898,4029.923,4017.581,4021.650,14537,240,0
2026.07.29 01:00:00,4021.602,4030.680,4009.998,4025.785,20349,240,0
2026.07.29 02:00:00,4025.950,4038.010,4022.963,4029.663,13713,240,0
2026.07.29 03:00:00,4029.614,4032.625,4023.047,4023.687,8891,240,0
2026.07.29 04:00:00,4023.703,4027.745,4020.401,4027.416,8134,240,0
2026.07.29 05:00:00,4027.468,4040.089,4026.465,4033.142,11358,240,0
2026.07.29 06:00:00,4033.173,4044.839,4032.962,4041.034,9512,240,0
2026.07.29 07:00:00,4040.924,4047.826,4040.924,4043.882,7308,240,0
2026.07.29 08:00:00,4043.832,4044.509,4035.573,4037.444,7409,240,0
2026.07.29 09:00:00,4037.493,4038.490,4031.113,4032.749,6552,240,0
2026.07.29 10:00:00,4032.803,4034.451,4025.792,4027.211,7296,240,0
2026.07.29 11:00:00,4027.340,4036.087,4024.843,4032.616,7134,240,0
2026.07.29 12:00:00,4032.665,4033.478,4009.110,4022.529,15198,240,0
2026.07.29 13:00:00,4022.600,4026.439,4002.463,4007.139,21647,240,0
2026.07.29 14:00:00,4007.443,4010.259,3995.885,4004.943,21303,240,0
2026.07.29 15:00:00,4004.750,4013.943,4003.084,4009.791,13530,240,0
2026.07.29 16:00:00,4009.736,4032.894,4007.483,4027.371,11938,240,0
2026.07.29 17:00:00,4027.429,4050.695,4027.174,4043.872,16183,240,0
2026.07.29 18:00:00,4043.932,4110.000,4043.086,4106.585,68070,240,0
2026.07.29 19:00:00,4106.535,4116.481,4044.088,4044.773,54342,240,0
2026.07.29 20:00:00,4044.721,4070.139,4042.467,4066.291,20542,240,0
2026.07.29 22:00:00,4068.187,4090.657,4064.819,4088.409,7366,240,0
2026.07.29 23:00:00,4088.355,4100.423,4084.393,4084.754,9410,240,0
2026.07.30 00:00:00,4084.555,4086.676,4064.736,4072.027,21755,240,0
2026.07.30 01:00:00,4072.084,4093.158,4070.179,4084.610,25141,240,0
2026.07.30 02:00:00,4084.552,4090.337,4063.241,4063.809,15628,240,0
2026.07.30 03:00:00,4063.752,4070.112,4050.567,4058.764,14291,240,0
2026.07.30 04:00:00,4059.029,4060.291,4044.217,4046.138,9523,240,0
2026.07.30 05:00:00,4046.190,4051.417,4028.254,4033.807,19354,240,0
2026.07.30 06:00:00,4033.753,4040.529,4029.196,4036.547,16565,240,0
2026.07.30 07:00:00,4036.743,4051.330,4035.402,4038.908,16192,240,0
2026.07.30 08:00:00,4038.607,4072.765,4036.592,4061.378,19206,240,0
2026.07.30 09:00:00,4061.607,4073.171,4060.198,4063.442,13898,240,0
2026.07.30 10:00:00,4063.515,4083.012,4062.989,4078.114,16295,240,0
2026.07.30 11:00:00,4078.102,4082.804,4075.586,4077.586,11097,240,0
2026.07.30 12:00:00,4077.481,4086.823,4067.095,4068.912,20374,240,0
2026.07.30 13:00:00,4068.966,4112.705,4064.878,4111.998,43352,240,0
2026.07.30 14:00:00,4112.110,4120.393,4086.904,4099.912,40516,240,0
2026.07.30 15:00:00,4100.081,4110.132,4083.057,4107.999,23605,240,0
2026.07.30 16:00:00,4107.945,4119.272,4106.515,4110.587,11386,240,0
2026.07.30 17:00:00,4110.778,4111.350,4098.501,4102.450,10954,240,0
2026.07.30 18:00:00,4102.645,4107.759,4098.643,4099.622,7673,240,0
2026.07.30 19:00:00,4099.754,4115.388,4098.705,4112.162,8441,240,0
2026.07.30 20:00:00,4112.217,4117.495,4099.040,4103.046,8160,240,0
2026.07.30 22:00:00,4105.237,4111.174,4102.494,4109.252,4358,240,0
2026.07.30 23:00:00,4109.210,4111.811,4102.196,4105.843,4975,240,0
2026.07.31 00:00:00,4105.694,4107.253,4090.417,4094.845,10155,240,0
2026.07.31 01:00:00,4094.534,4101.529,4082.147,4084.349,14564,240,0
2026.07.31 02:00:00,4084.387,4090.583,4073.984,4076.248,9324,240,0
2026.07.31 03:00:00,4076.151,4079.429,4071.821,4075.036,7985,240,0
2026.07.31 04:00:00,4075.041,4081.387,4073.170,4079.893,5654,240,0
2026.07.31 05:00:00,4080.151,4083.363,4073.308,4074.285,7490,240,0
2026.07.31 06:00:00,4074.591,4087.579,4072.614,4077.703,10284,240,0
2026.07.31 07:00:00,4077.639,4079.099,4067.314,4067.807,9183,240,0
2026.07.31 08:00:00,4067.747,4067.814,4054.124,4061.034,12007,240,0
2026.07.31 09:00:00,4060.976,4063.923,4050.008,4054.953,9852,240,0
2026.07.31 10:00:00,4055.234,4058.392,4051.874,4054.311,6849,240,0
2026.07.31 11:00:00,4054.514,4061.045,4050.454,4053.731,9115,240,0
2026.07.31 12:00:00,4053.638,4059.501,4040.348,4040.920,12200,240,0
2026.07.31 13:00:00,4040.859,4046.869,4021.940,4025.546,26914,240,0
2026.07.31 14:00:00,4025.496,4050.363,4020.803,4049.051,20909,240,0
2026.07.31 15:00:00,4049.100,4052.804,4036.563,4045.566,16637,240,0
2026.07.31 16:00:00,4045.512,4050.044,4041.057,4043.364,9778,240,0
2026.07.31 17:00:00,4043.315,4054.826,4041.314,4053.556,10026,240,0
2026.07.31 18:00:00,4053.505,4055.206,4047.075,4050.618,7476,240,0
2026.07.31 19:00:00,4050.666,4055.681,4046.770,4051.051,7047,240,0
2026.07.31 20:00:00,4050.941,4053.062,4043.047,4043.812,11783,240,0
2026.08.02 22:00:00,4073.040,4079.535,4063.289,4063.914,7689,240,0
2026.08.02 23:00:00,4063.878,4074.973,4063.069,4074.844,6262,240,0
2026.08.03 00:00:00,4074.918,4078.914,4055.688,4057.159,17376,240,0
2026.08.03 01:00:00,4057.107,4063.411,4047.263,4056.588,20360,240,0
2026.08.03 02:00:00,4056.691,4067.232,4051.892,4062.231,12831,240,0
2026.08.03 03:00:00,4062.429,4068.029,4059.244,4064.884,9719,240,0
2026.08.03 04:00:00,4064.962,4071.878,4064.012,4064.012,6708,240,0
2026.08.03 05:00:00,4063.961,4069.937,4054.099,4068.766,10395,240,0
2026.08.03 06:00:00,4068.818,4072.217,4060.579,4064.011,12467,240,0
2026.08.03 07:00:00,4064.061,4065.316,4051.873,4060.835,12344,240,0
2026.08.03 08:00:00,4061.080,4062.488,4054.173,4059.318,9224,240,0
2026.08.03 09:00:00,4059.513,4062.059,4046.534,4055.373,10207,240,0
2026.08.03 10:00:00,4055.424,4057.213,4045.668,4049.499,8365,240,0
2026.08.03 11:00:00,4049.312,4063.058,4045.260,4062.488,10102,240,0
2026.08.03 12:00:00,4062.412,4064.700,4042.041,4047.494,12771,240,0
2026.08.03 13:00:00,4047.549,4053.680,4018.913,4032.098,24877,240,0
2026.08.03 14:00:00,4032.367,4039.287,4026.528,4036.401,15436,240,0
2026.08.03 15:00:00,4036.307,4041.010,4030.267,4036.104,11738,240,0
2026.08.03 16:00:00,4036.161,4039.411,4034.511,4037.045,6778,240,0
2026.08.03 17:00:00,4036.971,4037.908,4030.213,4030.624,6191,240,0
2026.08.03 18:00:00,4030.619,4045.089,4029.475,4043.333,6471,240,0
2026.08.03 19:00:00,4043.382,4055.633,4043.382,4052.120,7265,240,0
2026.08.03 20:00:00,4052.182,4058.237,4050.125,4055.037,4076,240,0
2026.08.03 22:00:00,4052.997,4054.598,4049.180,4052.714,3473,240,0
2026.08.03 23:00:00,4052.680,4055.153,4050.182,4053.762,4319,240,0
2026.08.04 00:00:00,4053.703,4069.387,4048.454,4049.279,10541,240,0
2026.08.04 01:00:00,4049.169,4061.918,4042.403,4058.699,14828,240,0
2026.08.04 02:00:00,4058.819,4065.136,4055.556,4058.943,9504,240,0
2026.08.04 03:00:00,4058.890,4061.743,4052.048,4052.572,7139,240,0
2026.08.04 04:00:00,4052.599,4066.369,4051.030,4063.659,6077,240,0
2026.08.04 05:00:00,4063.819,4067.651,4057.149,4062.008,8323,240,0
2026.08.04 06:00:00,4061.948,4066.313,4055.543,4063.163,8428,240,0
2026.08.04 07:00:00,4063.223,4066.868,4060.786,4065.330,7886,240,0
2026.08.04 08:00:00,4065.377,4073.009,4054.412,4055.172,9692,240,0
2026.08.04 09:00:00,4055.063,4055.539,4046.113,4049.577,7730,240,0
2026.08.04 10:00:00,4049.616,4060.781,4045.486,4053.912,10611,240,0
2026.08.04 11:00:00,4053.941,4084.322,4052.409,4074.910,17136,240,0
2026.08.04 12:00:00,4074.978,4084.490,4060.834,4070.716,17113,240,0
2026.08.04 13:00:00,4071.038,4093.792,4061.190,4084.043,28685,240,0
2026.08.04 14:00:00,4084.172,4091.905,4074.258,4083.453,19203,240,0
2026.08.04 15:00:00,4083.692,4088.836,4074.667,4087.423,14544,240,0
2026.08.04 16:00:00,4087.240,4093.660,4082.922,4093.114,8862,240,0
2026.08.04 17:00:00,4093.129,4106.425,4086.114,4086.146,10950,240,0
2026.08.04 18:00:00,4086.091,4088.924,4074.995,4079.734,8510,240,0
2026.08.04 19:00:00,4079.678,4084.759,4076.433,4078.539,6866,240,0
2026.08.04 20:00:00,4078.673,4080.450,4074.514,4077.734,5136,240,0
2026.08.04 22:00:00,4078.012,4085.734,4075.746,4075.801,4628,240,0
2026.08.04 23:00:00,4075.947,4077.168,4065.233,4072.373,6112,240,0
2026.08.05 00:00:00,4072.356,4083.585,4070.191,4082.370,7892,240,0
2026.08.05 01:00:00,4082.430,4102.696,4077.585,4101.218,14249,240,0
2026.08.05 02:00:00,4101.168,4135.564,4095.374,4129.300,20147,240,0
2026.08.05 03:00:00,4129.250,4136.723,4126.772,4128.383,10007,240,0
2026.08.05 04:00:00,4128.390,4141.506,4128.287,4135.603,8059,240,0
2026.08.05 05:00:00,4135.665,4173.162,4134.599,4161.605,20791,240,0
2026.08.05 06:00:00,4161.535,4178.434,4159.899,4177.367,15367,240,0
2026.08.05 07:00:00,4177.673,4179.626,4162.121,4170.626,12293,240,0
2026.08.05 08:00:00,4170.574,4172.709,4158.862,4160.350,12079,240,0
2026.08.05 09:00:00,4160.407,4167.282,4152.930,4158.009,11967,240,0
2026.08.05 10:00:00,4157.909,4161.611,4149.997,4161.278,8091,240,0
2026.08.05 11:00:00,4161.219,4192.729,4160.562,4188.955,15564,240,0
2026.08.05 12:00:00,4189.012,4213.588,4183.273,4183.780,18332,240,0
2026.08.05 13:00:00,4183.952,4206.897,4183.737,4205.632,26302,240,0
2026.08.05 14:00:00,4205.818,4247.697,4203.590,4244.001,31600,240,0
2026.08.05 15:00:00,4243.936,4265.316,4232.220,4232.923,23266,240,0
2026.08.05 16:00:00,4232.974,4247.425,4224.596,4242.327,14878,240,0
2026.08.05 17:00:00,4242.195,4252.561,4236.745,4250.022,10949,240,0
2026.08.05 18:00:00,4249.959,4267.795,4249.000,4260.601,9257,240,0
2026.08.05 19:00:00,4260.583,4262.195,4246.207,4246.882,8803,240,0
2026.08.05 20:00:00,4246.792,4249.809,4242.893,4246.208,4415,240,0
2026.08.05 22:00:00,4248.305,4254.074,4245.598,4250.093,3981,240,0
2026.08.05 23:00:00,4249.841,4281.968,4249.244,4278.055,7239,240,0
2026.08.06 00:00:00,4278.111,4300.360,4264.392,4294.734,20366,240,0
2026.08.06 01:00:00,4294.696,4302.964,4272.725,4286.704,29332,240,0
2026.08.06 02:00:00,4286.600,4304.246,4275.075,4278.552,14786,240,0
2026.08.06 03:00:00,4278.439,4281.050,4260.257,4265.508,11974,240,0
2026.08.06 04:00:00,4265.566,4267.341,4252.828,4262.336,7981,240,0
2026.08.06 05:00:00,4262.002,4268.619,4246.969,4267.258,11485,240,0
2026.08.06 06:00:00,4266.990,4268.596,4249.249,4255.975,9911,240,0
2026.08.06 07:00:00,4255.889,4265.448,4252.311,4262.569,8412,240,0
2026.08.06 08:00:00,4262.622,4278.916,4260.031,4278.115,10178,240,0
2026.08.06 09:00:00,4278.253,4284.755,4271.107,4272.943,9138,240,0
2026.08.06 10:00:00,4273.142,4273.807,4264.525,4270.912,7371,240,0
2026.08.06 11:00:00,4270.632,4273.432,4253.942,4263.132,9936,240,0
2026.08.06 12:00:00,4263.074,4270.758,4248.901,4250.286,12705,240,0
2026.08.06 13:00:00,4250.144,4274.366,4230.346,4266.948,27314,240,0
2026.08.06 14:00:00,4267.258,4275.343,4259.987,4272.806,22967,240,0
2026.08.06 15:00:00,4272.917,4274.531,4229.177,4233.828,22747,240,0
2026.08.06 16:00:00,4233.886,4243.022,4223.174,4241.262,20693,240,0
2026.08.06 17:00:00,4241.592,4248.282,4238.294,4247.060,9509,240,0
2026.08.06 18:00:00,4247.111,4249.679,4240.536,4243.538,6461,240,0
2026.08.06 19:00:00,4243.626,4251.344,4232.942,4248.790,11460,240,0
2026.08.06 20:00:00,4248.944,4250.038,4234.647,4240.430,6143,240,0
2026.08.06 22:00:00,4239.787,4243.603,4235.755,4240.830,3613,240,0
2026.08.06 23:00:00,4240.779,4253.243,4240.066,4252.140,4381,240,0
2026.08.07 00:00:00,4252.394,4253.005,4229.570,4232.657,13933,240,0
2026.08.07 01:00:00,4232.544,4259.351,4231.229,4256.745,19771,240,0
2026.08.07 02:00:00,4256.700,4261.734,4246.983,4250.393,11436,240,0
2026.08.07 03:00:00,4250.450,4266.457,4249.628,4265.983,9712,240,0
2026.08.07 04:00:00,4265.919,4269.240,4260.784,4264.724,10012,240,0
2026.08.07 05:00:00,4264.851,4280.615,4261.855,4278.605,15017,240,0
2026.08.07 06:00:00,4278.781,4298.817,4278.188,4297.272,16157,240,0
2026.08.07 07:00:00,4297.219,4297.859,4282.773,4289.992,10811,240,0
2026.08.07 08:00:00,4290.047,4316.799,4288.868,4305.866,14083,240,0
2026.08.07 09:00:00,4305.943,4320.774,4302.090,4315.892,12446,240,0
2026.08.07 10:00:00,4315.888,4320.730,4307.898,4316.729,9362,240,0
2026.08.07 11:00:00,4316.718,4327.848,4316.603,4321.134,12284,240,0
2026.08.07 12:00:00,4321.291,4371.969,4300.837,4361.211,36262,240,0
2026.08.07 13:00:00,4361.273,4368.078,4338.971,4347.996,37629,260,0
2026.08.07 14:00:00,4348.386,4353.036,4327.222,4341.405,32415,240,0
2026.08.07 15:00:00,4341.618,4358.505,4339.596,4341.025,19830,240,0
2026.08.07 16:00:00,4341.162,4349.865,4329.005,4329.038,17461,240,0
2026.08.07 17:00:00,4328.969,4343.193,4327.666,4340.309,11312,240,0
2026.08.07 18:00:00,4340.241,4343.122,4332.015,4335.679,8074,240,0
2026.08.07 19:00:00,4335.483,4350.396,4335.348,4344.025,12565,240,0
2026.08.07 20:00:00,4344.087,4345.323,4335.875,4342.475,6212,260,0
2026.08.09 22:00:00,4347.782,4348.787,4332.725,4341.696,6919,240,0
2026.08.09 23:00:00,4341.714,4349.199,4332.047,4332.716,5501,240,0
2026.08.10 00:00:00,4332.663,4347.150,4330.594,4332.219,16553,240,0
2026.08.10 01:00:00,4332.000,4340.779,4313.179,4322.556,24940,260,0
2026.08.10 02:00:00,4322.464,4332.534,4318.598,4319.482,14070,240,0
2026.08.10 03:00:00,4319.703,4330.072,4317.460,4326.402,9005,240,0
2026.08.10 04:00:00,4326.703,4339.482,4322.753,4339.370,8540,260,0
2026.08.10 05:00:00,4339.317,4352.267,4331.497,4347.437,12603,240,0
2026.08.10 06:00:00,4347.108,4359.940,4341.773,4358.001,11834,260,0
2026.08.10 07:00:00,4357.880,4362.164,4349.902,4355.551,10776,240,0
2026.08.10 08:00:00,4355.496,4356.723,4343.694,4346.431,8996,240,0
2026.08.10 09:00:00,4346.743,4349.942,4340.326,4341.283,8691,240,0
2026.08.10 10:00:00,4340.970,4344.194,4335.474,4335.884,7740,240,0
2026.08.10 11:00:00,4335.939,4339.449,4328.798,4335.181,8380,240,0
2026.08.10 12:00:00,4334.905,4337.501,4324.021,4332.566,11591,240,0
2026.08.10 13:00:00,4332.501,4340.007,4316.584,4318.172,21393,240,0
2026.08.10 14:00:00,4318.077,4352.036,4318.037,4345.339,18392,240,0
2026.08.10 15:00:00,4345.697,4359.599,4343.089,4358.246,13811,240,0
2026.08.10 16:00:00,4358.305,4364.892,4349.137,4356.675,12862,240,0
2026.08.10 17:00:00,4356.733,4365.634,4351.517,4360.303,7976,240,0
2026.08.10 18:00:00,4360.073,4383.091,4359.752,4378.463,10694,240,0
2026.08.10 19:00:00,4378.615,4395.317,4378.526,4388.387,10533,260,0
2026.08.10 20:00:00,4388.451,4392.170,4385.576,4389.157,4429,260,0
2026.08.10 22:00:00,4391.112,4400.796,4388.625,4399.782,3884,260,0
2026.08.10 23:00:00,4399.722,4402.675,4394.498,4402.264,4869,240,0
2026.08.11 00:00:00,4402.212,4419.353,4396.458,4409.467,12031,260,0
2026.08.11 01:00:00,4409.525,4434.186,4393.476,4429.826,22217,260,0
2026.08.11 02:00:00,4429.752,4435.259,4407.815,4410.750,16364,260,0
2026.08.11 03:00:00,4410.961,4421.645,4409.513,4416.935,9394,260,0
2026.08.11 04:00:00,4416.941,4420.460,4403.238,4409.008,10201,260,0
2026.08.11 05:00:00,4408.679,4409.100,4367.238,4375.518,21443,260,0
2026.08.11 06:00:00,4375.182,4382.411,4359.620,4366.384,18675,260,0
2026.08.11 07:00:00,4366.112,4367.866,4356.621,4357.847,11846,260,0
2026.08.11 08:00:00,4357.781,4376.628,4356.859,4369.101,9997,260,0
2026.08.11 09:00:00,4369.154,4375.590,4367.364,4372.343,9200,260,0
2026.08.11 10:00:00,4372.421,4382.636,4371.022,4382.413,8111,260,0
2026.08.11 11:00:00,4382.269,4392.977,4380.293,4387.807,13720,260,0
2026.08.11 12:00:00,4387.828,4399.916,4383.774,4392.269,15086,260,0
2026.08.11 13:00:00,4392.573,4404.244,4384.408,4389.436,20924,260,0
2026.08.11 14:00:00,4389.494,4398.145,4381.043,4393.863,16751,260,0
2026.08.11 15:00:00,4393.918,4398.952,4368.974,4383.644,16530,260,0
2026.08.11 16:00:00,4383.762,4385.885,4378.263,4383.523,8151,260,0
2026.08.11 17:00:00,4383.243,4385.816,4368.744,4369.197,9003,260,0
2026.08.11 18:00:00,4369.286,4372.763,4360.038,4371.522,9141,240,0
2026.08.11 19:00:00,4371.649,4374.321,4361.078,4370.717,8347,260,0
2026.08.11 20:00:00,4370.773,4371.197,4367.022,4368.030,3603,260,0
2026.08.11 22:00:00,4372.492,4378.286,4367.184,4369.068,4626,240,0
2026.08.11 23:00:00,4369.134,4374.413,4362.436,4371.625,6155,240,0
2026.08.12 00:00:00,4371.566,4383.765,4366.375,4380.327,11074,240,0
2026.08.12 01:00:00,4380.447,4397.411,4378.203,4396.171,11649,260,0
2026.08.12 02:00:00,4396.228,4414.363,4394.096,4411.408,10559,260,0
2026.08.12 03:00:00,4411.188,4416.335,4400.582,4402.143,7978,260,0
2026.08.12 04:00:00,4402.409,4403.419,4395.209,4400.879,5405,260,0
2026.08.12 05:00:00,4400.755,4404.945,4383.928,4391.368,10439,260,0
2026.08.12 06:00:00,4391.032,4406.354,4384.938,4403.199,9945,260,0
2026.08.12 07:00:00,4403.452,4410.133,4398.120,4406.162,7655,260,0
2026.08.12 08:00:00,4406.108,4410.608,4401.506,4401.506,6644,260,0
2026.08.12 09:00:00,4401.570,4424.392,4401.570,4415.652,10824,260,0
2026.08.12 10:00:00,4415.706,4421.056,4406.866,4412.624,8407,260,0
2026.08.12 11:00:00,4412.685,4416.887,4407.635,4412.681,7030,260,0
2026.08.12 12:00:00,4412.731,4438.690,4382.027,4437.600,30836,260,0
2026.08.12 13:00:00,4437.280,4441.392,4408.372,4427.605,34040,260,0
2026.08.12 14:00:00,4427.677,4439.752,4416.391,4421.816,23784,260,0
2026.08.12 15:00:00,4421.889,4430.121,4410.813,4420.789,16946,260,0
2026.08.12 16:00:00,4420.848,4426.579,4396.456,4401.514,13929,260,0
2026.08.12 17:00:00,4401.457,4411.573,4398.773,4399.554,11771,260,0
2026.08.12 18:00:00,4399.448,4417.913,4396.059,4413.100,7617,260,0
2026.08.12 19:00:00,4413.153,4418.451,4408.041,4413.801,7153,260,0
2026.08.12 20:00:00,4413.720,4414.230,4406.371,4408.726,4185,260,0
2026.08.12 22:00:00,4408.409,4409.999,4398.107,4402.142,3808,260,0
2026.08.12 23:00:00,4402.221,4414.588,4401.558,4414.262,3620,240,0
2026.08.13 00:00:00,4414.374,4449.778,4412.804,4427.277,17940,260,0
2026.08.13 01:00:00,4427.389,4435.515,4406.135,4408.472,23247,260,0
2026.08.13 02:00:00,4408.439,4413.875,4398.821,4406.853,14727,260,0
2026.08.13 03:00:00,4406.797,4412.170,4398.510,4400.305,8976,260,0
2026.08.13 04:00:00,4400.277,4400.376,4391.480,4397.596,8777,260,0
2026.08.13 05:00:00,4397.807,4407.391,4380.432,4382.757,15887,260,0
2026.08.13 06:00:00,4382.800,4385.528,4368.647,4380.711,15054,260,0
2026.08.13 07:00:00,4380.641,4381.751,4369.063,4370.014,11559,260,0
2026.08.13 08:00:00,4370.014,4379.202,4363.950,4375.891,10128,260,0
2026.08.13 09:00:00,4375.660,4384.965,4372.349,4384.359,7763,260,0
2026.08.13 10:00:00,4384.419,4393.628,4381.526,4392.168,6314,260,0
2026.08.13 11:00:00,4392.109,4396.683,4382.685,4387.509,7816,260,0
2026.08.13 12:00:00,4387.573,4401.951,4380.747,4401.749,15004,260,0
2026.08.13 13:00:00,4401.692,4402.283,4370.645,4372.692,27488,260,0
2026.08.13 14:00:00,4372.636,4387.071,4357.244,4383.797,27110,260,0
2026.08.13 15:00:00,4383.849,4385.532,4357.451,4365.204,18765,260,0
2026.08.13 16:00:00,4365.013,4368.408,4351.243,4367.119,13787,260,0
2026.08.13 17:00:00,4367.066,4373.316,4355.557,4356.009,9508,240,0
2026.08.13 18:00:00,4356.063,4363.595,4354.520,4357.033,7882,240,0
2026.08.13 19:00:00,4357.102,4358.934,4343.576,4349.924,9464,240,0
2026.08.13 20:00:00,4349.864,4352.337,4346.821,4350.598,4307,260,0
2026.08.13 22:00:00,4353.554,4362.820,4351.827,4354.653,5102,260,0
2026.08.13 23:00:00,4354.690,4364.233,4349.003,4356.612,6302,240,0
2026.08.14 00:00:00,4356.547,4362.042,4329.001,4340.856,17933,260,0
2026.08.14 01:00:00,4340.734,4341.601,4312.000,4318.185,23626,240,0
2026.08.14 02:00:00,4317.976,4322.891,4310.827,4315.712,16351,240,0
2026.08.14 03:00:00,4315.555,4328.090,4313.744,4323.320,8189,240,0
2026.08.14 04:00:00,4323.612,4328.061,4322.690,4326.727,5541,240,0
2026.08.14 05:00:00,4326.792,4333.592,4310.886,4333.427,12085,240,0
2026.08.14 06:00:00,4333.485,4336.685,4327.707,4335.400,10990,240,0
2026.08.14 07:00:00,4335.393,4345.264,4329.821,4343.451,8678,240,0
2026.08.14 08:00:00,4343.504,4349.788,4341.705,4348.514,8514,240,0
2026.08.14 09:00:00,4348.391,4357.638,4345.983,4356.950,7271,240,0
2026.08.14 10:00:00,4357.068,4358.772,4348.187,4349.405,6284,240,0
2026.08.14 11:00:00,4349.466,4369.494,4348.406,4368.990,7573,240,0
2026.08.14 12:00:00,4369.111,4387.036,4365.561,4373.757,13200,260,0
2026.08.14 13:00:00,4373.811,4397.013,4370.193,4384.639,19043,260,0
2026.08.14 14:00:00,4384.635,4394.792,4378.663,4381.560,14956,260,0
2026.08.14 15:00:00,4381.624,4394.766,4379.033,4391.412,13655,260,0
2026.08.14 16:00:00,4391.737,4396.745,4379.994,4385.737,7719,260,0
2026.08.14 17:00:00,4385.745,4386.550,4376.227,4378.434,6618,240,0
2026.08.14 18:00:00,4378.655,4382.797,4370.944,4373.493,6221,260,0
2026.08.14 19:00:00,4373.489,4379.953,4372.063,4376.150,5854,260,0
2026.08.14 20:00:00,4376.073,4377.050,4371.293,4375.883,4058,260,0
2026.08.16 22:00:00,4379.402,4386.917,4372.218,4386.051,5103,240,0
2026.08.16 23:00:00,4386.029,4386.321,4366.997,4370.359,6323,240,0
2026.08.17 00:00:00,4370.182,4402.286,4368.089,4400.885,12169,240,0
2026.08.17 01:00:00,4400.734,4416.613,4391.944,4395.747,18657,260,0
2026.08.17 02:00:00,4395.694,4398.259,4388.418,4392.963,11626,260,0
2026.08.17 03:00:00,4393.329,4397.672,4387.838,4396.851,8036,260,0
2026.08.17 04:00:00,4397.166,4399.517,4388.800,4390.790,6914,260,0
2026.08.17 05:00:00,4390.736,4401.256,4386.839,4394.860,10957,260,0
2026.08.17 06:00:00,4394.843,4404.314,4392.527,4402.871,11018,260,0
2026.08.17 07:00:00,4402.926,4411.395,4395.875,4405.067,9487,260,0
2026.08.17 08:00:00,4404.950,4404.950,4392.640,4394.966,7428,260,0
2026.08.17 09:00:00,4395.211,4400.432,4392.469,4395.422,7262,260,0
2026.08.17 10:00:00,4395.477,4405.990,4391.793,4399.022,9673,260,0
2026.08.17 11:00:00,4399.166,4404.867,4395.448,4396.906,7081,260,0
2026.08.17 12:00:00,4396.774,4398.711,4377.310,4384.799,13436,260,0
2026.08.17 13:00:00,4384.855,4416.432,4381.694,4408.816,17888,260,0
2026.08.17 14:00:00,4408.882,4427.745,4403.770,4417.338,17690,260,0
2026.08.17 15:00:00,4417.392,4427.865,4414.869,4427.360,11622,260,0
2026.08.17 16:00:00,4427.420,4428.973,4422.570,4424.051,7775,260,0
2026.08.17 17:00:00,4424.323,4426.229,4411.035,4413.786,9118,260,0
2026.08.17 18:00:00,4413.815,4416.184,4397.942,4406.798,10041,260,0
2026.08.17 19:00:00,4406.738,4421.033,4400.108,4419.916,7919,260,0
2026.08.17 20:00:00,4419.588,4421.323,4414.682,4416.432,3087,260,0
2026.08.17 22:00:00,4417.748,4418.937,4410.359,4411.879,3500,260,0
2026.08.17 23:00:00,4412.000,4425.907,4409.937,4425.733,4635,260,0
2026.08.18 00:00:00,4425.739,4435.093,4418.923,4434.549,11064,260,0
2026.08.18 01:00:00,4434.766,4436.306,4404.275,4408.126,17726,260,0
2026.08.18 02:00:00,4407.922,4408.340,4393.960,4399.737,11576,260,0
2026.08.18 03:00:00,4399.635,4403.977,4390.583,4391.959,8388,260,0
2026.08.18 04:00:00,4391.907,4395.499,4388.576,4393.446,5859,260,0
2026.08.18 05:00:00,4393.393,4397.520,4385.998,4394.494,8673,260,0
2026.08.18 06:00:00,4394.436,4400.027,4387.439,4398.723,8640,260,0
2026.08.18 07:00:00,4398.776,4403.538,4395.442,4395.737,7934,260,0
2026.08.18 08:00:00,4395.752,4398.594,4386.715,4393.174,8554,260,0
2026.08.18 09:00:00,4393.043,4395.065,4386.747,4393.290,7963,260,0
2026.08.18 10:00:00,4393.172,4399.630,4389.643,4397.801,5997,260,0
2026.08.18 11:00:00,4397.753,4398.980,4388.370,4395.757,6532,260,0
2026.08.18 12:00:00,4395.835,4400.978,4389.586,4394.078,10775,260,0
2026.08.18 13:00:00,4394.289,4407.000,4375.741,4394.499,24542,260,0
2026.08.18 14:00:00,4394.501,4406.654,4363.538,4366.694,25510,260,0
2026.08.18 15:00:00,4366.639,4377.579,4351.406,4364.913,26540,260,0
2026.08.18 16:00:00,4365.049,4371.636,4362.830,4363.975,10737,260,0
2026.08.18 17:00:00,4363.909,4368.413,4356.569,4357.792,9670,260,0
2026.08.18 18:00:00,4357.911,4361.039,4352.565,4354.314,7406,240,0
2026.08.18 19:00:00,4354.367,4358.751,4338.227,4345.368,11188,240,0
2026.08.18 20:00:00,4345.428,4346.508,4328.915,4334.650,7132,260,0
2026.08.18 22:00:00,4340.133,4343.153,4332.617,4333.844,4270,240,0
2026.08.18 23:00:00,4333.996,4338.249,4327.099,4332.857,5957,240,0
2026.08.19 00:00:00,4333.042,4347.308,4331.335,4338.133,16404,240,0
2026.08.19 01:00:00,4338.065,4357.496,4324.484,4356.221,21914,260,0
2026.08.19 02:00:00,4356.340,4362.020,4351.346,4355.061,12141,260,0
2026.08.19 03:00:00,4354.842,4360.286,4351.756,4355.025,7080,240,0
2026.08.19 04:00:00,4355.015,4356.209,4343.671,4348.357,6234,240,0
2026.08.19 05:00:00,4348.357,4350.748,4334.952,4335.711,12209,240,0
2026.08.19 06:00:00,4335.657,4349.494,4335.342,4348.951,12926,260,0
2026.08.19 07:00:00,4348.829,4363.184,4347.276,4354.929,8993,240,0
2026.08.19 08:00:00,4354.916,4363.182,4351.161,4355.755,9112,240,0
2026.08.19 09:00:00,4355.718,4361.805,4353.290,4361.805,7759,240,0
2026.08.19 10:00:00,4361.786,4369.588,4359.456,4367.427,6708,240,0
2026.08.19 11:00:00,4367.547,4374.110,4362.991,4364.797,7906,240,0
2026.08.19 12:00:00,4364.743,4442.420,4361.838,4438.620,35813,260,0
2026.08.19 13:00:00,4438.735,4466.372,4424.032,4459.453,47670,260,0
2026.08.19 14:00:00,4459.634,4498.715,4455.005,4487.988,31028,260,0
2026.08.19 15:00:00,4488.132,4494.169,4478.115,4493.656,18303,260,0
2026.08.19 16:00:00,4493.715,4499.307,4490.434,4493.343,12400,260,0
2026.08.19 17:00:00,4493.131,4499.198,4484.309,4486.941,11449,260,0
2026.08.19 18:00:00,4487.125,4496.748,4471.923,4495.222,14927,260,0
2026.08.19 19:00:00,4495.278,4512.317,4494.204,4510.963,12319,260,0
2026.08.19 20:00:00,4511.051,4524.362,4505.281,4523.176,7669,260,0
2026.08.19 22:00:00,4522.950,4527.584,4516.521,4519.005,5224,260,0
2026.08.19 23:00:00,4519.057,4523.738,4511.313,4511.841,5855,260,0
2026.08.20 00:00:00,4511.898,4521.189,4503.855,4504.449,16253,260,0
2026.08.20 01:00:00,4504.776,4510.375,4484.432,4489.593,23158,260,0
2026.08.20 02:00:00,4489.457,4499.730,4488.567,4490.791,13019,260,0
2026.08.20 03:00:00,4490.885,4501.028,4487.836,4498.980,10110,260,0
2026.08.20 04:00:00,4499.036,4499.232,4486.208,4488.387,7514,260,0
2026.08.20 05:00:00,4488.654,4494.097,4477.680,4481.060,10312,260,0
2026.08.20 06:00:00,4481.003,4495.933,4480.003,4493.885,9691,260,0
2026.08.20 07:00:00,4493.654,4494.304,4483.340,4490.746,9526,260,0
2026.08.20 08:00:00,4490.735,4498.745,4487.076,4489.193,10334,260,0
2026.08.20 09:00:00,4489.137,4494.239,4481.808,4482.460,9167,260,0
2026.08.20 10:00:00,4482.398,4494.881,4480.526,4490.176,7822,260,0
2026.08.20 11:00:00,4490.238,4491.359,4465.284,4467.081,12970,260,0
2026.08.20 12:00:00,4467.154,4477.157,4450.390,4474.755,21045,260,0
2026.08.20 13:00:00,4474.671,4489.449,4469.162,4481.556,28017,260,0
2026.08.20 14:00:00,4481.611,4516.349,4480.641,4515.600,22624,260,0
2026.08.20 15:00:00,4515.675,4540.830,4509.066,4521.719,39707,260,0
2026.08.20 16:00:00,4521.559,4524.807,4502.776,4510.118,16320,260,0
2026.08.20 17:00:00,4509.928,4520.586,4507.550,4519.745,11876,260,0
2026.08.20 18:00:00,4519.816,4525.447,4508.120,4522.089,11570,260,0
2026.08.20 19:00:00,4521.994,4532.146,4518.155,4528.860,9979,260,0
2026.08.20 20:00:00,4528.685,4529.076,4516.651,4518.740,5335,260,0
2026.08.20 22:00:00,4518.959,4524.502,4516.756,4524.139,3722,260,0
2026.08.20 23:00:00,4524.125,4532.860,4520.858,4526.459,5621,260,0
2026.08.21 00:00:00,4526.340,4527.469,4509.635,4510.513,12199,260,0
2026.08.21 01:00:00,4510.579,4543.936,4508.614,4530.825,20015,260,0
2026.08.21 02:00:00,4530.686,4543.037,4518.044,4533.914,12737,260,0
2026.08.21 03:00:00,4533.975,4538.646,4526.651,4535.228,9266,260,0
2026.08.21 04:00:00,4535.348,4548.102,4535.223,4540.760,7835,260,0
2026.08.21 05:00:00,4540.462,4556.312,4529.256,4553.346,11424,260,0
2026.08.21 06:00:00,4553.711,4567.725,4545.434,4561.101,13090,260,0
2026.08.21 07:00:00,4561.046,4568.167,4558.344,4564.151,10401,260,0
2026.08.21 08:00:00,4564.210,4585.104,4559.006,4583.945,10790,260,0
2026.08.21 09:00:00,4583.918,4602.181,4580.231,4582.410,11162,260,0
2026.08.21 10:00:00,4582.619,4594.176,4577.843,4588.558,9372,260,0
2026.08.21 11:00:00,4588.714,4604.535,4587.064,4597.174,12604,260,0
2026.08.21 12:00:00,4596.963,4601.779,4563.321,4577.853,15261,260,0
2026.08.21 13:00:00,4578.069,4593.278,4573.184,4581.139,22137,260,0
2026.08.21 14:00:00,4581.069,4603.723,4579.847,4591.706,22106,260,0
2026.08.21 15:00:00,4591.539,4615.344,4587.176,4614.386,16772,260,0
2026.08.21 16:00:00,4614.449,4629.247,4609.030,4628.649,13994,260,0
2026.08.21 17:00:00,4628.704,4632.130,4615.252,4620.335,13543,260,0
2026.08.21 18:00:00,4620.392,4627.812,4619.317,4624.174,7200,260,0
2026.08.21 19:00:00,4624.278,4625.549,4615.549,4617.099,8405,260,0
2026.08.21 20:00:00,4617.158,4617.793,4602.445,4604.044,7600,260,0
2026.08.23 22:00:00,4615.655,4621.232,4605.955,4606.186,7386,260,0
2026.08.23 23:00:00,4606.315,4624.606,4604.572,4623.935,6959,260,0
2026.08.24 00:00:00,4624.112,4641.031,4594.194,4621.590,26507,260,0
2026.08.24 01:00:00,4621.646,4637.652,4607.902,4632.232,29686,260,0
2026.08.24 02:00:00,4632.161,4656.871,4627.362,4643.560,23251,260,0
2026.08.24 03:00:00,4643.621,4650.300,4633.259,4641.732,13404,260,0
2026.08.24 04:00:00,4641.677,4642.641,4632.411,4638.716,11174,260,0
2026.08.24 05:00:00,4638.783,4646.501,4629.368,4640.643,16795,260,0
2026.08.24 06:00:00,4640.734,4660.102,4639.329,4649.799,18632,260,0
2026.08.24 07:00:00,4650.007,4654.631,4630.109,4641.406,16333,260,0
2026.08.24 08:00:00,4641.465,4646.201,4628.734,4638.124,14447,260,0
2026.08.24 09:00:00,4638.005,4646.138,4632.782,4645.768,11309,260,0
2026.08.24 10:00:00,4645.838,4650.273,4641.703,4643.233,9445,260,0
2026.08.24 11:00:00,4643.376,4670.332,4638.927,4658.088,20359,260,0
2026.08.24 12:00:00,4657.735,4668.875,4645.126,4662.916,18983,260,0
2026.08.24 13:00:00,4662.704,4681.085,4655.990,4664.445,33117,260,0
2026.08.24 14:00:00,4664.376,4678.746,4655.261,4670.506,31734,260,0
2026.08.24 15:00:00,4670.460,4679.632,4639.729,4649.032,35995,260,0
2026.08.24 16:00:00,4648.943,4662.327,4641.846,4644.933,25060,260,0
2026.08.24 17:00:00,4645.020,4655.268,4630.213,4636.641,36837,260,0
2026.08.24 18:00:00,4636.680,4642.369,4624.773,4636.353,28776,260,0
2026.08.24 19:00:00,4636.296,4656.035,4635.784,4651.840,16707,260,0
2026.08.24 20:00:00,4651.786,4655.385,4647.032,4652.485,6320,260,0
2026.08.24 22:00:00,4654.898,4668.385,4652.521,4667.507,4822,260,0
2026.08.24 23:00:00,4667.562,4682.888,4666.776,4679.762,8036,260,0
2026.08.25 00:00:00,4679.802,4697.047,4675.361,4684.429,33247,260,0
2026.08.25 01:00:00,4684.568,4686.905,4656.554,4658.149,42067,260,0
2026.08.25 02:00:00,4658.053,4661.379,4617.730,4629.399,50041,260,0
2026.08.25 03:00:00,4629.458,4641.422,4622.032,4633.837,27143,260,0
2026.08.25 04:00:00,4633.465,4637.782,4623.552,4626.028,18360,260,0
2026.08.25 05:00:00,4625.665,4647.945,4623.849,4642.983,24990,260,0
2026.08.25 06:00:00,4642.854,4653.537,4637.031,4638.495,20295,260,0
2026.08.25 07:00:00,4638.534,4643.855,4629.712,4630.190,20808,260,0
2026.08.25 08:00:00,4630.178,4645.539,4620.065,4630.415,26488,260,0
2026.08.25 09:00:00,4630.319,4642.645,4623.893,4636.491,23949,260,0
2026.08.25 10:00:00,4636.345,4642.419,4632.808,4639.155,12502,260,0
2026.08.25 11:00:00,4638.974,4647.536,4635.909,4642.515,14203,260,0
2026.08.25 12:00:00,4642.668,4644.261,4629.968,4640.990,18947,260,0
2026.08.25 13:00:00,4640.624,4641.184,4605.205,4616.371,51880,260,0
2026.08.25 14:00:00,4616.325,4640.077,4613.021,4635.485,37054,260,0
2026.08.25 15:00:00,4635.364,4659.666,4629.147,4652.513,32825,260,0
2026.08.25 16:00:00,4652.574,4653.330,4636.894,4643.466,19231,260,0
2026.08.25 17:00:00,4643.621,4648.489,4634.034,4648.209,16388,260,0
2026.08.25 18:00:00,4648.252,4655.106,4644.052,4654.299,9672,260,0
2026.08.25 19:00:00,4654.365,4668.264,4653.207,4666.728,10580,260,0
2026.08.25 20:00:00,4667.059,4669.075,4657.471,4658.671,6021,260,0
2026.08.25 22:00:00,4657.974,4673.624,4657.680,4672.400,4111,260,0
2026.08.25 23:00:00,4672.551,4673.339,4653.144,4654.704,5158,260,0
2026.08.26 00:00:00,4654.638,4657.800,4634.266,4637.486,13027,260,0
2026.08.26 01:00:00,4637.727,4660.967,4629.273,4657.157,19628,260,0
2026.08.26 02:00:00,4657.154,4670.675,4654.919,4658.283,12633,260,0
2026.08.26 03:00:00,4658.343,4658.897,4642.424,4642.715,9038,260,0
2026.08.26 04:00:00,4642.782,4644.383,4638.749,4640.746,5521,260,0
2026.08.26 05:00:00,4640.773,4649.614,4635.287,4639.520,10575,260,0
2026.08.26 06:00:00,4639.664,4641.373,4624.581,4634.081,11434,260,0
2026.08.26 07:00:00,4633.954,4639.329,4626.250,4628.744,9533,260,0
2026.08.26 08:00:00,4628.749,4630.677,4622.086,4628.129,8757,260,0
2026.08.26 09:00:00,4628.412,4631.071,4616.171,4623.359,8381,260,0
2026.08.26 10:00:00,4623.332,4624.137,4613.139,4620.274,7066,260,0
2026.08.26 11:00:00,4620.333,4625.287,4616.278,4624.658,8007,260,0
2026.08.26 12:00:00,4624.728,4633.434,4610.348,4614.506,18904,260,0
2026.08.26 13:00:00,4614.447,4631.915,4597.820,4631.436,31759,260,0
2026.08.26 14:00:00,4631.493,4633.566,4602.782,4603.065,20652,260,0
2026.08.26 15:00:00,4603.009,4609.357,4582.856,4596.151,22545,260,0
2026.08.26 16:00:00,4596.214,4601.586,4585.387,4591.716,13930,260,0
2026.08.26 17:00:00,4591.498,4602.267,4590.631,4597.682,9586,260,0
2026.08.26 18:00:00,4597.737,4604.699,4592.293,4593.871,7782,260,0
2026.08.26 19:00:00,4594.030,4601.673,4590.820,4594.262,7227,260,0
2026.08.26 20:00:00,4594.173,4596.814,4583.814,4594.157,5963,260,0
2026.08.26 22:00:00,4599.414,4613.295,4598.242,4609.139,5632,260,0
2026.08.26 23:00:00,4609.080,4625.009,4606.971,4623.530,5754,260,0
2026.08.27 00:00:00,4623.466,4627.088,4600.380,4604.957,12586,260,0
2026.08.27 01:00:00,4604.829,4641.053,4602.187,4639.881,18962,260,0
2026.08.27 02:00:00,4639.958,4643.181,4623.404,4629.491,11301,260,0
2026.08.27 03:00:00,4629.548,4638.649,4624.323,4625.611,8159,260,0
2026.08.27 04:00:00,4625.402,4627.447,4617.006,4618.656,6490,260,0
2026.08.27 05:00:00,4618.713,4621.659,4600.762,4607.176,12322,260,0
2026.08.27 06:00:00,4607.123,4611.951,4597.781,4600.170,11796,260,0
2026.08.27 07:00:00,4600.215,4605.832,4593.461,4600.297,10293,260,0
2026.08.27 08:00:00,4600.369,4606.982,4594.712,4598.790,8358,260,0
2026.08.27 09:00:00,4598.874,4600.624,4577.479,4580.405,11449,260,0
2026.08.27 10:00:00,4580.403,4590.565,4568.849,4590.138,10277,260,0
2026.08.27 11:00:00,4590.015,4600.358,4587.143,4598.125,8129,260,0
2026.08.27 12:00:00,4598.179,4601.273,4580.320,4585.905,11243,260,0
2026.08.27 13:00:00,4585.962,4593.409,4564.960,4572.108,25799,260,0
2026.08.27 14:00:00,4572.447,4598.314,4568.206,4591.354,23278,260,0
2026.08.27 15:00:00,4591.138,4611.411,4588.861,4610.274,14466,260,0
2026.08.27 16:00:00,4610.406,4616.807,4602.304,4614.792,10487,260,0
2026.08.27 17:00:00,4614.788,4616.463,4605.093,4606.530,8649,260,0
2026.08.27 18:00:00,4606.557,4611.267,4600.693,4610.232,8146,260,0
2026.08.27 19:00:00,4610.560,4618.123,4604.329,4609.271,7866,260,0
2026.08.27 20:00:00,4609.128,4609.775,4599.905,4600.785,4003,260,0
2026.08.27 22:00:00,4606.343,4610.910,4600.955,4610.789,4117,260,0
2026.08.27 23:00:00,4610.789,4611.541,4594.209,4594.556,4496,260,0
2026.08.28 00:00:00,4594.612,4602.583,4585.538,4588.608,10204,260,0
2026.08.28 01:00:00,4588.955,4602.331,4575.159,4576.033,19093,260,0
2026.08.28 02:00:00,4575.972,4589.486,4574.925,4586.165,9239,260,0
2026.08.28 03:00:00,4586.074,4590.176,4578.603,4580.059,7478,260,0
2026.08.28 04:00:00,4579.757,4585.232,4577.778,4584.188,5273,260,0
2026.08.28 05:00:00,4584.519,4586.438,4571.350,4573.523,9587,260,0
2026.08.28 06:00:00,4573.580,4613.390,4572.458,4612.476,13927,260,0
2026.08.28 07:00:00,4612.477,4614.480,4596.434,4611.601,10750,260,0
2026.08.28 08:00:00,4611.532,4614.664,4600.859,4603.006,8361,260,0
2026.08.28 09:00:00,4603.004,4607.375,4600.262,4605.163,7533,260,0
2026.08.28 10:00:00,4605.200,4609.943,4597.422,4599.905,7139,260,0
2026.08.28 11:00:00,4600.024,4601.322,4591.106,4593.461,8549,260,0
2026.08.28 12:00:00,4593.339,4603.838,4588.891,4601.450,12784,260,0
2026.08.28 13:00:00,4601.390,4627.406,4593.547,4604.908,22763,260,0
2026.08.28 14:00:00,4604.308,4632.240,4529.591,4576.651,86404,260,0
2026.08.28 15:00:00,4576.593,4583.020,4523.802,4524.604,52249,260,0
2026.08.28 16:00:00,4524.230,4529.576,4463.962,4479.497,61052,260,0
2026.08.28 17:00:00,4479.563,4486.630,4460.308,4469.232,29931,260,0
2026.08.28 18:00:00,4469.175,4471.772,4445.288,4456.906,23612,260,0
2026.08.28 19:00:00,4456.688,4466.981,4452.731,4458.431,17066,260,0
2026.08.28 20:00:00,4458.378,4462.628,4452.972,4456.134,7814,260,0
2026.08.30 22:00:00,4439.040,4466.126,4438.975,4461.374,7138,260,0
2026.08.30 23:00:00,4461.589,4466.891,4435.620,4458.240,9968,260,0
2026.08.31 00:00:00,4458.301,4472.423,4452.093,4456.443,17172,260,0
2026.08.31 01:00:00,4456.227,4463.395,4435.773,4440.261,35429,260,0
2026.08.31 02:00:00,4440.316,4441.578,4396.323,4423.020,27148,260,0
2026.08.31 03:00:00,4422.693,4434.069,4419.691,4422.550,12134,260,0
2026.08.31 04:00:00,4422.584,4425.017,4412.869,4424.322,8849,260,0
2026.08.31 05:00:00,4424.599,4443.982,4419.069,4442.791,15120,260,0
2026.08.31 06:00:00,4442.851,4443.166,4429.101,4439.352,12929,260,0
2026.08.31 07:00:00,4439.072,4448.360,4434.927,4443.123,10306,260,0
2026.08.31 08:00:00,4443.046,4449.555,4433.648,4435.443,8661,260,0
2026.08.31 09:00:00,4435.808,4445.592,4435.378,4445.090,6919,260,0
2026.08.31 10:00:00,4445.160,4455.630,4444.649,4453.761,8080,260,0
2026.08.31 11:00:00,4453.912,4464.062,4452.352,4455.212,8278,260,0
2026.08.31 12:00:00,4455.346,4461.059,4435.135,4435.816,14737,260,0
2026.08.31 13:00:00,4435.728,4448.241,4415.475,4418.640,23927,260,0
2026.08.31 14:00:00,4418.695,4436.259,4416.074,4431.608,25362,260,0
2026.08.31 15:00:00,4431.500,4437.959,4424.395,4426.212,19341,260,0
2026.08.31 16:00:00,4426.072,4440.276,4423.564,4433.039,11666,260,0
2026.08.31 17:00:00,4433.165,4439.996,4428.646,4436.678,9133,260,0
2026.08.31 18:00:00,4436.460,4436.936,4426.132,4430.712,7211,260,0
2026.08.31 19:00:00,4430.766,4453.845,4429.057,4453.272,9265,260,0
2026.08.31 20:00:00,4453.330,4456.019,4446.473,4448.558,4865,260,0
2026.08.31 22:00:00,4450.204,4455.903,4445.397,4447.033,3751,260,0
2026.08.31 23:00:00,4447.137,4452.410,4441.635,4452.137,4250,260,0
2026.09.01 00:00:00,4452.220,4461.478,4446.002,4453.488,12600,260,0
2026.09.01 01:00:00,4453.562,4457.153,4436.124,4444.242,18178,260,0
2026.09.01 02:00:00,4444.427,4449.251,4427.690,4443.269,13248,260,0
2026.09.01 03:00:00,4442.937,4444.184,4431.579,4436.765,8588,260,0
2026.09.01 04:00:00,4436.710,4437.782,4425.212,4426.691,7683,260,0
2026.09.01 05:00:00,4426.823,4446.066,4423.821,4440.307,11903,260,0
2026.09.01 06:00:00,4440.247,4440.658,4427.449,4429.810,10115,260,0
2026.09.01 07:00:00,4429.755,4434.929,4411.988,4420.157,14063,260,0
2026.09.01 08:00:00,4419.964,4419.964,4369.049,4370.627,30129,260,0
2026.09.01 09:00:00,4370.848,4378.122,4364.569,4364.819,18720,260,0
2026.09.01 10:00:00,4364.763,4386.044,4364.168,4378.226,12414,260,0
2026.09.01 11:00:00,4378.280,4387.275,4371.880,4374.506,12101,260,0
2026.09.01 12:00:00,4374.178,4376.216,4351.804,4356.311,22827,260,0
2026.09.01 13:00:00,4356.136,4367.472,4326.085,4365.545,37618,260,0
2026.09.01 14:00:00,4365.418,4375.661,4353.211,4360.222,25635,260,0
2026.09.01 15:00:00,4360.342,4373.975,4355.090,4373.031,17083,260,0
2026.09.01 16:00:00,4372.832,4374.913,4346.736,4351.173,19453,260,0
2026.09.01 17:00:00,4351.411,4352.049,4340.829,4342.808,14683,240,0
2026.09.01 18:00:00,4343.052,4344.627,4328.030,4331.516,10918,240,0
2026.09.01 19:00:00,4331.457,4337.705,4322.672,4326.748,10943,240,0
2026.09.01 20:00:00,4326.675,4330.660,4323.782,4328.886,6321,260,0
2026.09.01 22:00:00,4332.480,4334.620,4326.197,4329.455,3370,240,0
2026.09.01 23:00:00,4329.458,4335.787,4322.753,4324.635,5302,240,0
2026.09.02 00:00:00,4324.688,4334.484,4314.380,4315.835,23874,260,0
2026.09.02 01:00:00,4315.769,4326.694,4288.131,4291.103,32291,240,0
2026.09.02 02:00:00,4291.156,4314.612,4287.142,4302.752,17310,240,0
2026.09.02 03:00:00,4303.059,4304.285,4282.286,4303.151,13948,240,0
2026.09.02 04:00:00,4303.127,4307.909,4301.270,4307.186,7719,240,0
2026.09.02 05:00:00,4307.242,4326.523,4303.452,4319.894,13865,240,0
2026.09.02 06:00:00,4319.895,4329.271,4314.367,4321.554,17333,240,0
2026.09.02 07:00:00,4321.611,4331.391,4319.032,4323.094,15063,240,0
2026.09.02 08:00:00,4323.181,4331.733,4312.402,4312.974,12341,240,0
2026.09.02 09:00:00,4312.945,4322.486,4304.848,4308.682,10480,240,0
2026.09.02 10:00:00,4308.489,4312.254,4301.687,4309.402,9248,240,0
2026.09.02 11:00:00,4309.317,4333.063,4307.587,4332.125,14833,240,0
2026.09.02 12:00:00,4332.228,4344.636,4327.169,4331.458,20297,240,0
2026.09.02 13:00:00,4331.402,4385.409,4330.513,4385.281,30807,260,0
2026.09.02 14:00:00,4385.369,4397.711,4374.324,4376.842,25113,260,0
2026.09.02 15:00:00,4376.923,4380.859,4364.452,4373.170,15175,260,0
2026.09.02 16:00:00,4372.895,4374.905,4364.305,4368.446,10009,260,0
2026.09.02 17:00:00,4368.391,4380.898,4364.408,4376.779,9434,260,0
2026.09.02 18:00:00,4376.939,4379.858,4369.241,4373.978,8834,260,0
2026.09.02 19:00:00,4374.268,4391.269,4371.536,4391.156,7791,240,0
2026.09.02 20:00:00,4391.102,4391.691,4383.798,4387.565,4798,260,0
2026.09.02 22:00:00,4391.577,4393.324,4383.402,4384.564,3587,240,0
2026.09.02 23:00:00,4384.621,4388.855,4381.002,4385.397,4449,240,0
2026.09.03 00:00:00,4385.810,4398.060,4382.629,4395.300,10467,260,0
2026.09.03 01:00:00,4395.355,4412.301,4387.342,4410.508,19356,260,0
2026.09.03 02:00:00,4410.222,4420.565,4406.565,4420.246,12907,260,0
2026.09.03 03:00:00,4420.222,4432.594,4419.173,4431.260,8748,260,0
2026.09.03 04:00:00,4431.205,4438.511,4425.687,4437.471,6483,260,0
2026.09.03 05:00:00,4437.201,4440.370,4422.225,4431.191,13648,260,0
2026.09.03 06:00:00,4431.125,4436.329,4418.795,4420.713,13651,260,0
2026.09.03 07:00:00,4420.633,4431.658,4419.089,4428.596,12933,260,0
2026.09.03 08:00:00,4428.655,4443.662,4427.918,4435.031,15263,260,0
2026.09.03 09:00:00,4435.086,4441.813,4425.609,4427.541,10018,260,0
2026.09.03 10:00:00,4427.633,4429.815,4418.844,4427.368,8846,260,0
2026.09.03 11:00:00,4427.307,4445.848,4424.911,4444.004,10403,260,0
2026.09.03 12:00:00,4443.926,4495.230,4437.634,4493.266,24705,260,0
2026.09.03 13:00:00,4493.392,4496.145,4456.541,4470.605,30063,260,0
2026.09.03 14:00:00,4470.627,4485.465,4458.207,4485.465,25613,260,0
2026.09.03 15:00:00,4485.249,4510.953,4484.089,4493.114,22386,260,0
2026.09.03 16:00:00,4493.172,4495.481,4485.311,4486.336,11761,260,0
2026.09.03 17:00:00,4486.395,4494.752,4483.081,4486.645,8722,260,0
2026.09.03 18:00:00,4486.632,4489.817,4473.864,4475.061,8533,260,0
2026.09.03 19:00:00,4475.008,4480.823,4472.504,4475.033,7976,260,0
2026.09.03 20:00:00,4475.369,4475.806,4470.370,4473.258,4125,260,0
2026.09.03 22:00:00,4475.523,4478.824,4471.246,4474.273,4662,260,0
2026.09.03 23:00:00,4474.519,4480.270,4471.596,4479.843,4400,260,0
2026.09.04 00:00:00,4480.209,4487.191,4472.663,4486.114,9098,260,0
2026.09.04 01:00:00,4486.170,4487.468,4466.850,4478.635,16510,260,0
2026.09.04 02:00:00,4478.697,4482.602,4469.963,4477.468,10680,260,0
2026.09.04 03:00:00,4477.507,4478.721,4467.041,4467.110,7010,260,0
2026.09.04 04:00:00,4466.786,4475.045,4465.372,4473.674,5783,260,0
2026.09.04 05:00:00,4473.519,4477.509,4466.899,4471.982,9654,260,0
2026.09.04 06:00:00,4471.912,4473.499,4460.066,4462.849,11001,260,0
2026.09.04 07:00:00,4462.787,4490.905,4461.313,4483.478,10574,260,0
2026.09.04 08:00:00,4483.536,4486.401,4474.249,4477.808,9093,260,0
2026.09.04 09:00:00,4477.828,4479.263,4463.750,4465.642,8746,260,0
2026.09.04 10:00:00,4465.353,4476.413,4465.282,4472.896,7135,260,0
2026.09.04 11:00:00,4472.951,4473.359,4465.169,4466.818,7538,260,0
2026.09.04 12:00:00,4466.807,4476.728,4378.846,4393.887,43834,260,0
2026.09.04 13:00:00,4393.724,4434.751,4365.270,4413.220,47579,260,0
2026.09.04 14:00:00,4413.314,4442.438,4411.861,4427.224,32470,260,0
2026.09.04 15:00:00,4427.626,4448.996,4422.608,4436.504,20921,260,0
2026.09.04 16:00:00,4436.719,4443.508,4431.967,4436.090,13347,260,0
2026.09.04 17:00:00,4436.427,4440.596,4415.307,4416.268,12091,260,0
2026.09.04 18:00:00,4416.617,4426.839,4411.789,4423.763,8227,260,0
2026.09.04 19:00:00,4423.991,4438.439,4422.445,4434.625,7193,260,0
2026.09.04 20:00:00,4434.570,4435.286,4428.472,4430.155,3748,260,0
2026.09.06 22:00:00,4421.983,4435.023,4417.634,4429.400,4585,260,0
2026.09.06 23:00:00,4429.539,4433.983,4421.176,4423.098,5223,260,0
2026.09.07 00:00:00,4423.160,4429.787,4409.869,4412.703,13055,260,0
2026.09.07 01:00:00,4412.757,4416.984,4389.434,4409.200,23125,260,0
2026.09.07 02:00:00,4409.146,4419.155,4402.730,4408.845,12298,260,0
2026.09.07 03:00:00,4408.770,4410.559,4401.102,4403.895,8505,260,0
2026.09.07 04:00:00,4403.950,4407.090,4394.387,4397.743,6047,260,0
2026.09.07 05:00:00,4397.802,4413.403,4392.941,4393.934,10784,260,0
2026.09.07 06:00:00,4393.984,4399.973,4385.181,4392.915,12087,260,0
2026.09.07 07:00:00,4392.970,4406.752,4391.857,4406.243,12830,260,0
2026.09.07 08:00:00,4406.238,4424.024,4405.018,4411.144,12105,260,0
2026.09.07 09:00:00,4411.223,4413.777,4403.351,4405.800,7023,260,0
2026.09.07 10:00:00,4405.677,4406.380,4387.889,4391.778,7896,260,0
2026.09.07 11:00:00,4391.692,4394.932,4380.933,4385.418,8968,260,0
2026.09.07 12:00:00,4385.487,4398.193,4385.195,4396.864,7426,260,0
2026.09.07 13:00:00,4396.567,4407.977,4395.211,4402.548,9329,260,0
2026.09.07 14:00:00,4402.762,4419.524,4400.998,4416.179,9240,260,0
2026.09.07 15:00:00,4416.009,4416.735,4408.647,4414.250,6422,260,0
2026.09.07 16:00:00,4414.371,4417.383,4411.617,4414.545,3698,260,0
2026.09.07 17:00:00,4414.369,4415.126,4406.924,4407.159,2711,260,0
2026.09.07 18:00:00,4407.212,4409.291,4402.915,4405.138,1893,260,0
2026.09.07 22:00:00,4412.384,4414.040,4406.111,4407.693,3318,260,0
2026.09.07 23:00:00,4407.296,4428.111,4406.996,4423.039,7021,260,0
2026.09.08 00:00:00,4422.783,4430.348,4414.880,4426.000,20554,260,0
2026.09.08 01:00:00,4425.941,4440.842,4417.095,4437.071,20386,260,0
2026.09.08 02:00:00,4437.353,4438.878,4421.117,4424.006,12080,260,0
2026.09.08 03:00:00,4424.055,4440.051,4422.572,4437.541,9041,260,0
2026.09.08 04:00:00,4437.870,4443.097,4431.453,4436.161,7960,260,0
2026.09.08 05:00:00,4435.808,4437.740,4417.266,4419.095,13254,260,0
2026.09.08 06:00:00,4419.223,4420.355,4398.023,4403.853,17359,260,0
2026.09.08 07:00:00,4404.014,4409.497,4389.990,4392.205,12292,260,0
2026.09.08 08:00:00,4392.535,4398.807,4387.671,4394.002,12666,260,0
2026.09.08 09:00:00,4394.201,4405.733,4390.712,4403.011,10786,260,0
2026.09.08 10:00:00,4403.067,4406.969,4393.588,4395.100,9736,260,0
2026.09.08 11:00:00,4395.157,4407.940,4391.004,4406.397,9999,260,0
2026.09.08 12:00:00,4406.281,4411.816,4385.181,4411.409,17439,260,0
2026.09.08 13:00:00,4411.771,4413.181,4390.117,4395.753,24851,260,0
2026.09.08 14:00:00,4395.697,4403.859,4388.886,4398.516,20936,260,0
2026.09.08 15:00:00,4398.577,4409.440,4394.562,4394.562,14644,260,0
2026.09.08 16:00:00,4394.892,4398.651,4380.373,4393.691,14276,260,0
2026.09.08 17:00:00,4393.757,4403.783,4385.267,4390.089,9344,260,0
2026.09.08 18:00:00,4389.871,4390.161,4358.083,4375.736,17203,260,0
2026.09.08 19:00:00,4375.493,4377.362,4356.587,4359.555,13892,260,0
2026.09.08 20:00:00,4359.499,4364.280,4345.122,4355.427,7582,260,0
2026.09.08 22:00:00,4353.928,4358.960,4350.421,4353.933,4297,260,0
2026.09.08 23:00:00,4354.181,4359.989,4349.009,4350.031,5041,240,0
2026.09.09 00:00:00,4349.791,4365.498,4340.916,4364.544,13850,240,0
2026.09.09 01:00:00,4364.665,4378.167,4354.064,4373.533,16717,260,0
2026.09.09 02:00:00,4373.595,4384.242,4367.092,4382.032,11110,260,0
2026.09.09 03:00:00,4382.098,4382.643,4374.980,4375.153,7056,260,0
2026.09.09 04:00:00,4375.096,4382.550,4370.439,4381.485,5754,260,0
2026.09.09 05:00:00,4381.363,4400.882,4380.275,4398.792,9708,260,0
2026.09.09 06:00:00,4398.914,4406.148,4395.302,4400.330,8891,260,0
2026.09.09 07:00:00,4400.658,4412.771,4399.034,4409.276,8826,260,0
2026.09.09 08:00:00,4409.212,4412.116,4398.856,4400.760,7923,260,0
2026.09.09 09:00:00,4400.814,4402.247,4388.721,4390.754,7626,260,0
2026.09.09 10:00:00,4390.698,4403.179,4386.168,4399.628,7695,260,0
2026.09.09 11:00:00,4399.693,4415.417,4399.693,4407.205,9850,260,0
2026.09.09 12:00:00,4407.150,4409.436,4390.760,4400.169,12411,260,0
2026.09.09 13:00:00,4400.113,4434.088,4398.330,4415.112,22822,260,0
2026.09.09 14:00:00,4414.815,4428.724,4409.691,4418.622,21298,260,0
2026.09.09 15:00:00,4418.957,4432.281,4374.977,4398.504,48429,260,0
2026.09.09 16:00:00,4398.723,4410.444,4391.373,4409.674,14513,260,0
2026.09.09 17:00:00,4409.614,4420.662,4408.672,4415.916,11662,260,0
2026.09.09 18:00:00,4415.972,4421.620,4401.568,4402.914,8189,260,0
2026.09.09 19:00:00,4403.048,4404.914,4395.498,4398.907,8992,260,0
2026.09.09 20:00:00,4398.853,4401.056,4393.303,4400.712,4028,260,0
2026.09.09 22:00:00,4404.616,4406.332,4397.611,4399.477,4505,260,0
2026.09.09 23:00:00,4399.419,4403.228,4393.080,4394.034,5367,240,0
2026.09.10 00:00:00,4393.941,4405.042,4389.657,4400.916,9745,260,0
2026.09.10 01:00:00,4401.125,4419.007,4399.877,4412.263,21197,260,0
2026.09.10 02:00:00,4412.124,4420.892,4407.978,4419.464,13303,260,0
2026.09.10 03:00:00,4419.138,4420.985,4406.704,4409.263,8184,260,0
2026.09.10 04:00:00,4408.984,4415.462,4405.548,4408.498,5907,260,0
2026.09.10 05:00:00,4408.560,4431.171,4408.029,4430.843,11914,260,0
2026.09.10 06:00:00,4430.945,4435.175,4410.769,4425.384,13365,260,0
2026.09.10 07:00:00,4425.316,4425.493,4403.966,4411.852,11686,260,0
2026.09.10 08:00:00,4411.794,4412.847,4392.380,4395.013,11051,260,0
2026.09.10 09:00:00,4394.685,4396.953,4388.311,4393.961,9580,260,0
2026.09.10 10:00:00,4394.210,4400.362,4374.867,4379.071,16054,260,0
2026.09.10 11:00:00,4379.018,4390.869,4373.979,4374.341,16560,260,0
2026.09.10 12:00:00,4374.410,4377.965,4323.976,4340.093,38272,260,0
2026.09.10 13:00:00,4339.893,4376.072,4339.296,4366.094,48629,260,0
2026.09.10 14:00:00,4366.152,4376.517,4353.791,4358.258,35122,260,0
2026.09.10 15:00:00,4358.316,4372.299,4352.387,4365.991,20252,260,0
2026.09.10 16:00:00,4366.056,4369.899,4353.991,4363.921,17754,260,0
2026.09.10 17:00:00,4363.974,4368.073,4351.077,4352.664,13399,260,0
2026.09.10 18:00:00,4352.722,4356.096,4329.815,4332.689,18121,240,0
2026.09.10 19:00:00,4332.635,4332.852,4313.524,4324.224,15262,240,0
2026.09.10 20:00:00,4324.659,4324.659,4314.397,4316.716,6070,240,0
2026.09.10 22:00:00,4319.261,4324.937,4313.633,4318.386,5238,240,0
2026.09.10 23:00:00,4318.397,4320.682,4311.082,4315.373,5900,240,0
2026.09.11 00:00:00,4315.164,4333.848,4312.632,4331.941,15187,240,0
2026.09.11 01:00:00,4331.888,4340.559,4320.669,4329.122,22945,240,0
2026.09.11 02:00:00,4329.067,4334.718,4315.814,4322.774,15922,260,0
2026.09.11 03:00:00,4322.444,4326.476,4300.524,4304.146,15669,240,0
2026.09.11 04:00:00,4303.856,4335.460,4301.884,4331.904,13884,260,0
2026.09.11 05:00:00,4331.818,4352.068,4328.122,4346.138,17167,260,0
2026.09.11 06:00:00,4346.177,4361.130,4345.698,4353.328,15158,260,0
2026.09.11 07:00:00,4353.000,4356.387,4340.377,4344.669,11002,260,0
2026.09.11 08:00:00,4345.060,4357.539,4342.093,4347.105,15485,260,0
2026.09.11 09:00:00,4347.167,4354.012,4340.602,4346.358,10021,240,0
2026.09.11 10:00:00,4346.418,4350.040,4336.502,4337.708,10772,260,0
2026.09.11 11:00:00,4337.653,4342.497,4329.955,4333.255,11394,240,0
2026.09.11 12:00:00,4333.198,4390.301,4291.694,4388.425,47454,260,0
2026.09.11 13:00:00,4388.371,4402.553,4380.363,4401.680,44883,260,0
2026.09.11 14:00:00,4401.432,4402.681,4364.800,4370.878,28792,260,0
2026.09.11 15:00:00,4370.807,4377.260,4359.114,4366.912,19572,260,0
2026.09.11 16:00:00,4366.860,4372.933,4351.959,4361.694,17777,260,0
2026.09.11 17:00:00,4361.618,4370.462,4357.684,4358.345,11520,260,0
2026.09.11 18:00:00,4358.398,4360.180,4344.073,4346.886,12939,240,0
2026.09.11 19:00:00,4346.982,4353.707,4342.678,4348.456,9756,240,0
2026.09.11 20:00:00,4348.355,4351.397,4345.378,4349.302,4790,260,0
2026.09.13 22:00:00,4339.582,4340.924,4328.277,4337.663,5137,240,0
2026.09.13 23:00:00,4337.940,4342.489,4331.715,4332.941,6145,240,0
2026.09.14 00:00:00,4332.802,4347.652,4329.700,4338.432,15985,260,0
2026.09.14 01:00:00,4338.310,4355.203,4326.089,4353.174,28412,260,0
2026.09.14 02:00:00,4353.097,4355.356,4330.060,4331.018,12889,260,0
2026.09.14 03:00:00,4330.959,4336.550,4327.032,4330.600,10006,260,0
2026.09.14 04:00:00,4330.603,4331.879,4321.897,4329.367,7737,240,0
2026.09.14 05:00:00,4329.341,4337.562,4323.271,4337.234,13121,240,0
2026.09.14 06:00:00,4337.300,4338.756,4320.449,4322.216,13410,240,0
2026.09.14 07:00:00,4322.148,4324.200,4307.730,4310.737,13520,240,0
2026.09.14 08:00:00,4311.065,4318.079,4303.178,4306.565,12932,240,0
2026.09.14 09:00:00,4306.446,4311.744,4277.899,4285.633,19455,240,0
2026.09.14 10:00:00,4285.508,4296.575,4278.044,4294.774,11078,240,0
2026.09.14 11:00:00,4294.722,4296.918,4283.995,4287.120,10028,240,0
2026.09.14 12:00:00,4287.174,4297.975,4265.638,4270.751,23596,240,0
2026.09.14 13:00:00,4270.837,4281.224,4253.469,4272.327,31632,240,0
2026.09.14 14:00:00,4272.436,4282.946,4263.774,4279.353,22769,240,0
2026.09.14 15:00:00,4279.407,4298.315,4272.423,4288.273,25069,240,0
2026.09.14 16:00:00,4288.391,4317.948,4286.310,4315.570,17177,240,0
2026.09.14 17:00:00,4315.623,4316.575,4307.758,4310.930,10840,240,0
2026.09.14 18:00:00,4311.260,4316.056,4304.588,4307.154,8690,240,0
2026.09.14 19:00:00,4307.225,4307.954,4282.815,4283.289,8834,240,0
2026.09.14 20:00:00,4283.344,4299.714,4282.167,4298.672,6121,240,0
2026.09.14 22:00:00,4300.726,4300.831,4292.666,4295.452,5046,240,0
2026.09.14 23:00:00,4295.156,4297.345,4287.121,4288.286,5542,240,0
2026.09.15 00:00:00,4288.232,4296.734,4283.042,4293.162,9097,240,0
2026.09.15 01:00:00,4293.107,4306.638,4287.815,4304.358,15585,240,0
2026.09.15 02:00:00,4304.447,4317.392,4304.447,4313.974,10845,240,0
2026.09.15 03:00:00,4314.039,4314.573,4303.123,4303.647,7684,240,0
2026.09.15 04:00:00,4303.593,4309.773,4300.605,4304.993,7156,240,0
2026.09.15 05:00:00,4304.926,4307.739,4288.945,4291.050,10466,240,0
2026.09.15 06:00:00,4291.045,4295.538,4285.875,4293.492,10725,240,0
2026.09.15 07:00:00,4293.549,4295.531,4276.101,4280.361,12525,240,0
2026.09.15 08:00:00,4280.385,4280.614,4261.183,4262.579,14592,240,0
2026.09.15 09:00:00,4262.549,4272.217,4261.358,4268.407,12060,240,0
2026.09.15 10:00:00,4268.525,4283.729,4268.108,4281.679,9022,240,0
2026.09.15 11:00:00,4281.288,4286.821,4278.615,4284.448,8478,240,0
2026.09.15 12:00:00,4284.392,4295.924,4271.344,4290.298,16715,240,0
2026.09.15 13:00:00,4290.230,4298.487,4283.348,4294.818,21544,240,0
2026.09.15 14:00:00,4294.662,4300.556,4273.618,4276.917,20755,240,0
2026.09.15 15:00:00,4276.860,4294.847,4276.577,4289.416,15538,240,0
2026.09.15 16:00:00,4289.475,4298.248,4285.435,4295.632,10422,240,0
2026.09.15 17:00:00,4295.685,4299.212,4290.339,4294.783,9226,240,0
2026.09.15 18:00:00,4294.837,4310.462,4292.800,4308.477,9929,240,0
2026.09.15 19:00:00,4308.521,4310.726,4294.108,4297.507,7392,240,0
2026.09.15 20:00:00,4297.707,4299.110,4291.983,4293.524,4457,240,0
2026.09.15 22:00:00,4296.061,4299.068,4288.781,4289.085,4448,240,0
2026.09.15 23:00:00,4289.020,4289.632,4281.022,4283.306,5319,240,0
2026.09.16 00:00:00,4283.373,4286.059,4275.388,4277.362,7480,240,0
2026.09.16 01:00:00,4277.204,4293.677,4276.508,4282.627,12006,240,0
2026.09.16 02:00:00,4282.296,4323.468,4281.685,4321.454,16034,240,0
2026.09.16 03:00:00,4321.383,4341.240,4321.211,4326.983,12979,260,0
2026.09.16 04:00:00,4327.040,4328.551,4320.419,4321.652,5897,240,0
2026.09.16 05:00:00,4321.782,4333.838,4320.788,4326.607,9702,240,0
2026.09.16 06:00:00,4326.675,4333.012,4321.288,4332.788,9710,260,0
2026.09.16 07:00:00,4332.660,4339.211,4328.510,4329.163,10409,260,0
2026.09.16 08:00:00,4329.326,4337.686,4322.843,4330.336,10943,240,0
2026.09.16 09:00:00,4330.167,4339.208,4327.331,4337.976,9366,260,0
2026.09.16 10:00:00,4338.037,4351.140,4337.648,4350.978,10115,260,0
2026.09.16 11:00:00,4351.044,4353.567,4341.693,4341.817,10988,260,0
2026.09.16 12:00:00,4341.740,4349.005,4334.580,4347.357,10996,240,0
2026.09.16 13:00:00,4347.303,4360.468,4334.931,4338.397,19418,240,0
2026.09.16 14:00:00,4338.433,4356.135,4324.035,4354.918,16084,240,0
2026.09.16 15:00:00,4354.988,4361.897,4342.785,4352.898,16001,260,0
2026.09.16 16:00:00,4352.759,4353.015,4343.575,4346.569,7755,240,0
2026.09.16 17:00:00,4346.312,4365.377,4341.620,4360.598,9219,240,0
2026.09.16 18:00:00,4360.461,4368.171,4256.866,4261.038,95639,260,0
2026.09.16 19:00:00,4261.124,4287.553,4234.930,4272.170,70905,240,0
2026.09.16 20:00:00,4272.019,4274.058,4257.034,4264.278,11550,240,0
2026.09.16 22:00:00,4262.999,4276.145,4257.349,4266.670,5945,240,0
2026.09.16 23:00:00,4266.726,4275.496,4258.667,4271.571,8543,240,0
2026.09.17 00:00:00,4271.627,4292.377,4266.026,4280.239,17208,240,0
2026.09.17 01:00:00,4280.295,4318.220,4280.122,4300.388,21997,240,0
2026.09.17 02:00:00,4300.445,4301.107,4274.014,4277.091,17085,240,0
2026.09.17 03:00:00,4277.236,4297.533,4276.812,4296.078,10699,240,0
2026.09.17 04:00:00,4296.041,4298.982,4290.279,4297.554,7916,240,0
2026.09.17 05:00:00,4297.256,4305.451,4285.293,4304.335,11718,240,0
2026.09.17 06:00:00,4304.259,4315.296,4304.155,4310.967,14004,240,0
2026.09.17 07:00:00,4310.875,4335.375,4309.148,4326.992,13553,260,0
2026.09.17 08:00:00,4327.094,4328.141,4310.101,4311.442,10780,240,0
2026.09.17 09:00:00,4311.515,4319.203,4305.000,4306.282,10111,240,0
2026.09.17 10:00:00,4306.290,4324.939,4305.057,4323.853,9187,240,0
2026.09.17 11:00:00,4323.816,4353.460,4323.225,4349.680,15081,240,0
2026.09.17 12:00:00,4349.848,4381.245,4343.673,4373.076,29853,260,0
2026.09.17 13:00:00,4373.199,4375.242,4355.308,4366.675,29536,260,0
2026.09.17 14:00:00,4366.855,4380.080,4352.011,4354.126,22474,260,0
2026.09.17 15:00:00,4354.185,4369.904,4350.990,4369.718,13916,260,0
2026.09.17 16:00:00,4369.619,4372.507,4355.642,4362.149,11108,260,0
2026.09.17 17:00:00,4362.478,4365.967,4357.807,4361.182,9361,260,0
2026.09.17 18:00:00,4361.122,4365.813,4348.285,4351.629,8431,240,0
2026.09.17 19:00:00,4351.411,4356.007,4342.514,4346.289,8167,240,0
2026.09.17 20:00:00,4346.233,4346.886,4340.405,4341.869,4381,240,0
2026.09.17 22:00:00,4343.387,4349.345,4341.393,4344.421,4567,240,0
2026.09.17 23:00:00,4344.367,4348.119,4339.683,4346.397,4968,240,0
2026.09.18 00:00:00,4346.062,4360.174,4342.091,4356.247,8730,260,0
2026.09.18 01:00:00,4356.305,4365.597,4343.783,4348.332,13530,260,0
2026.09.18 02:00:00,4348.274,4356.620,4343.231,4346.954,9915,260,0
2026.09.18 03:00:00,4346.890,4360.984,4333.997,4359.136,10836,260,0
2026.09.18 04:00:00,4359.080,4367.178,4352.660,4366.716,7278,260,0
2026.09.18 05:00:00,4367.024,4378.237,4360.284,4377.178,12818,260,0
2026.09.18 06:00:00,4377.060,4397.368,4377.014,4393.345,12365,260,0
2026.09.18 07:00:00,4393.565,4399.687,4388.765,4393.382,10412,260,0
2026.09.18 08:00:00,4393.314,4398.526,4385.169,4392.204,10997,260,0
2026.09.18 09:00:00,4392.455,4398.211,4372.980,4376.605,10423,260,0
2026.09.18 10:00:00,4376.390,4382.136,4375.475,4381.740,7894,260,0
2026.09.18 11:00:00,4381.481,4388.561,4372.536,4381.163,13782,260,0
2026.09.18 12:00:00,4381.223,4382.940,4353.525,4368.699,20871,260,0
2026.09.18 13:00:00,4368.795,4375.471,4347.208,4349.466,22517,260,0
2026.09.18 14:00:00,4349.401,4361.872,4342.626,4353.102,21045,240,0
2026.09.18 15:00:00,4353.154,4358.082,4348.047,4356.429,11759,260,0
2026.09.18 16:00:00,4356.464,4383.851,4354.680,4382.595,14578,240,0
2026.09.18 17:00:00,4382.660,4397.075,4381.479,4393.179,11062,260,0
2026.09.18 18:00:00,4393.179,4394.391,4379.525,4382.045,8021,260,0
2026.09.18 19:00:00,4382.109,4386.212,4374.821,4376.650,7336,260,0
