event_signal_index,signal_index,direction,session,vol_regime,atr_pct,event_atr_pct,atr_pct_relaxed,risk_atr,two_sided,month,bars_available,mfe_4,mae_4,mfe_8,mae_8,mfe_16,mae_16,mfe_32,mae_32,stop_bar,mfe_to_stop,r_0.5,r_1.0,r_1.5,r_2.0,r_2.5,r_3.0,r_3.5,r_4.0,year
2421,46207,long,Asia,mid,58.7352625937835,52.220438737292675,False,0.8642753493839255,False,2024-11,96,1.5004757736784646,0.7228353184155779,1.5004757736784646,0.7228353184155779,1.5004757736784646,2.075929710572765,1.987056515685674,12.499274250923264,14.0,1.5004757736784646,win,win,win,loss,loss,loss,loss,loss,2024
2421,43615,long,Asia,mid,43.45945945945946,52.220438737292675,False,0.8642753493839255,False,2024-10,96,0.7730820322286257,0.8501260844155055,1.7090572033666374,0.8501260844155055,1.7090572033666374,2.4913845218577606,1.7090572033666374,6.033209663816675,12.0,1.7090572033666374,win,win,win,loss,loss,loss,loss,loss,2024
2421,39605,long,Asia,mid,62.183969876277565,52.220438737292675,False,0.8642753493839255,False,2024-08,96,0.4024828225735419,1.3994851149041179,0.4024828225735419,4.3821896556447415,0.4024828225735419,5.508419616568197,6.092109952085182,5.508419616568197,1.0,0.4024828225735419,loss,loss,loss,loss,loss,loss,loss,loss,2024
2421,7074,long,Asia,mid,51.73913043478261,52.220438737292675,False,0.8642753493839255,False,2023-03,96,1.9273829595274778,0.7796089178033704,5.508248254989176,0.7796089178033704,6.798308334943691,0.7796089178033704,8.754741360609835,0.7796089178033704,,40.788664292676515,win,win,win,win,win,win,win,win,2023
2421,36139,long,Asia,mid,55.24475524475524,52.220438737292675,False,0.8642753493839255,False,2024-06,96,2.96730028921725,0.4145883162712456,3.3110220468569915,0.4145883162712456,3.3110220468569915,0.4145883162712456,7.536487975946764,0.4145883162712456,,9.447232300114486,win,win,win,win,win,win,win,win,2024
2770,4614,short,Asia,low,17.421790722761596,21.62162162162162,False,1.7261911135896928,False,2023-02,96,0.4357375086699294,0.7350702320170452,1.0216580638062938,0.7746827328052206,1.0216580638062938,3.4834888736590295,1.0216580638062938,3.4834888736590295,8.0,1.0216580638062938,win,win,loss,loss,loss,loss,loss,loss,2023
2770,43076,short,Asia,low,18.658734451054624,21.62162162162162,False,1.7261911135896928,False,2024-09,96,0.5964669114600227,1.2119608002792748,2.571813106396873,1.7303017895520048,3.334333638447033,1.7303017895520048,3.334333638447033,1.7303017895520048,3.0,0.5964669114600227,win,loss,loss,loss,loss,loss,loss,loss,2024
2770,45087,short,Asia,low,28.37837837837838,21.62162162162162,False,1.7261911135896928,False,2024-10,96,0.2831083618782334,1.5657817360931543,0.2831083618782334,1.5657817360931543,0.2831083618782334,1.5657817360931543,0.2831083618782334,4.1726792142512235,2.0,0.2831083618782334,loss,loss,loss,loss,loss,loss,loss,loss,2024
2770,45746,short,Asia,low,29.329758713136727,21.62162162162162,False,1.7261911135896928,False,2024-11,96,1.2148347958363426,0.13868712265975397,1.2148347958363426,0.867312005887616,2.1166460859678264,0.867312005887616,2.1166460859678264,0.9875995102841623,33.0,2.1166460859678264,win,win,win,win,loss,loss,loss,loss,2024
2770,29513,short,Asia,low,21.776814734561214,21.62162162162162,False,1.7261911135896928,False,2024-02,96,0.5491077898950631,0.4257787675657216,0.5491077898950631,0.4257787675657216,1.2249704082952024,0.5451925828369694,3.1463582720455086,0.5451925828369694,39.0,3.1463582720455086,win,win,win,win,win,win,loss,loss,2024
2864,19448,long,Asia,low,14.897074756229687,16.792656587473,False,1.5557099336144387,False,2023-09,96,0.4888378642426864,0.3929588180614776,0.4888378642426864,0.45324640012993617,2.7986512495200393,1.7919212646162734,2.7986512495200393,1.7919212646162734,8.0,0.4888378642426864,loss,loss,loss,loss,loss,loss,loss,loss,2023
2864,5969,long,Asia,low,10.386079390973354,16.792656587473,False,1.5557099336144387,False,2023-03,96,1.3712189357500006,0.022544218479519713,2.1209247110666665,0.022544218479519713,2.7826638299633872,0.022544218479519713,5.060956026886602,0.022544218479519713,,7.978885167726806,win,win,win,win,win,win,win,win,2023
2864,64135,long,Asia,low,14.399999999999999,16.792656587473,False,1.5557099336144387,False,2025-08,96,1.3676489188076644,0.057225660241989794,1.7462698569206152,0.4560308428589906,1.7462698569206152,0.9209338811043347,1.7462698569206152,1.66619829355873,22.0,1.7462698569206152,win,win,win,loss,loss,loss,loss,loss,2025
2864,36940,long,Asia,low,8.951965065502183,16.792656587473,False,1.5557099336144387,False,2024-06,96,0.412571614804118,0.25107263725767376,1.0905343329164556,0.25107263725767376,1.5037719228856976,1.9975925078367673,2.5460230563295236,1.9975925078367673,12.0,1.5037719228856976,win,win,win,loss,loss,loss,loss,loss,2024
2864,41342,long,Asia,low,11.540526033279656,16.792656587473,False,1.5557099336144387,False,2024-08,96,0.08800596132314766,1.5782215548116796,0.08800596132314766,2.9173695904875427,0.08800596132314766,3.532850772225493,0.08800596132314766,4.241663116767995,2.0,0.08800596132314766,loss,loss,loss,loss,loss,loss,loss,loss,2024
2886,13110,short,Other,low,11.62534435261708,9.178228388473853,False,1.7542530957325562,False,2023-06,96,0.206409484149353,0.7492059728018305,1.4111845066952302,0.7492059728018305,2.73039156543258,0.7492059728018305,2.73039156543258,1.0812747872597956,28.0,2.73039156543258,win,win,win,win,win,loss,loss,loss,2023
2886,51187,short,Other,low,0.0,9.178228388473853,False,1.7542530957325562,False,2025-01,96,0.1530445945373054,0.7579185715843298,0.1530445945373054,1.2420960161210701,0.1530445945373054,1.2420960161210701,1.8386221061928896,1.2420960161210701,4.0,0.1530445945373054,loss,loss,loss,loss,loss,loss,loss,loss,2025
2886,16321,short,Other,low,5.360043313481321,9.178228388473853,False,1.7542530957325562,False,2023-08,96,0.8414723474469912,0.27725107131695753,2.7003845119590957,0.27725107131695753,2.903463248698551,0.27725107131695753,3.3766315899681176,0.27725107131695753,,7.2919077889707555,win,win,win,win,win,win,win,win,2023
2886,23018,short,Other,low,16.820401519262074,9.178228388473853,False,1.7542530957325562,False,2023-11,96,0.34736916195921924,0.9729629133549244,0.34736916195921924,1.7973473107533242,0.34736916195921924,1.7973473107533242,0.34736916195921924,2.0957390671756775,4.0,0.34736916195921924,loss,loss,loss,loss,loss,loss,loss,loss,2023
2886,62723,short,Other,low,5.421686746987952,9.178228388473853,False,1.7542530957325562,False,2025-07,96,0.43171376801460093,0.5651525690373816,0.43171376801460093,1.0263544027788067,1.3259022359171737,1.0263544027788067,2.9861439796431304,1.0263544027788067,7.0,0.43171376801460093,loss,loss,loss,loss,loss,loss,loss,loss,2025
3454,31300,short,Overlap,high,79.06118143459916,72.5925925925926,False,1.372103414855915,False,2024-03,96,2.689432675828159,0.2436463741358534,4.547141793205073,0.2436463741358534,6.218399703900943,0.2436463741358534,6.218399703900943,0.2436463741358534,,6.218399703900943,win,win,win,win,win,win,win,win,2024
3454,65177,short,Overlap,high,78.00524934383202,72.5925925925926,False,1.372103414855915,False,2025-09,96,0.6957480075880362,0.25943997683048964,0.9176705184339732,0.25943997683048964,0.9176705184339732,0.43480063257066587,0.9176705184339732,5.18143003436293,25.0,0.9176705184339732,win,loss,loss,loss,loss,loss,loss,loss,2025
3454,35174,short,Overlap,high,74.2392444910808,72.5925925925926,False,1.372103414855915,False,2024-05,96,1.0338940117432271,0.43938156372362214,1.0338940117432271,0.43938156372362214,1.12240656695671,0.43938156372362214,1.1405581903303401,0.5235901257660215,44.0,1.1405581903303401,win,win,loss,loss,loss,loss,loss,loss,2024
3454,64992,short,Overlap,high,74.63235294117648,72.5925925925926,False,1.372103414855915,False,2025-08,96,0.6902062526845077,0.32567145288954796,1.2039152093788077,0.48842232486504,1.2039152093788077,1.2268259160699493,1.2039152093788077,1.964211253644093,10.0,1.2039152093788077,win,win,loss,loss,loss,loss,loss,loss,2025
3454,66273,short,Overlap,high,70.26884554559831,72.5925925925926,False,1.372103414855915,False,2025-09,96,0.40492969547989655,0.2981740370140993,0.5253926514828529,0.527650324018404,6.33438408540447,3.5756695093093476,6.33438408540447,3.5756695093093476,11.0,5.460987338801836,win,win,ambiguous,ambiguous,ambiguous,ambiguous,ambiguous,ambiguous,2025
3589,57362,long,Asia,low,15.81769436997319,15.697990222705052,False,2.276919667279773,False,2025-05,96,0.424113508095256,0.18957575086430745,0.703689867955767,0.18957575086430745,2.0177753555631077,0.18957575086430745,5.055276760118762,0.18957575086430745,,10.00209321186423,win,win,win,win,win,win,win,win,2025
3589,62475,long,Asia,low,19.039913700107874,15.697990222705052,False,2.276919667279773,False,2025-07,96,0.34383477518821576,0.1785432960259966,0.34383477518821576,0.33400278203116107,0.7230077286800757,0.33400278203116107,4.933665667682062,0.33400278203116107,,7.608537777020286,win,win,win,win,win,win,win,win,2025
3589,25041,long,Asia,low,14.277958740499457,15.697990222705052,False,2.276919667279773,False,2023-12,96,0.45331743015134623,0.5748956786313233,1.0745852524572246,0.5748956786313233,1.0745852524572246,0.5748956786313233,5.170494019707032,0.5748956786313233,,6.589600519079275,win,win,win,win,win,win,win,win,2023
3589,26414,long,Asia,low,11.105150214592275,15.697990222705052,False,2.276919667279773,False,2024-01,96,1.089781374263703,0.01339396102449971,1.099218028621837,0.01339396102449971,1.2788188696318248,0.3573752327892708,1.2788188696318248,0.41064666868210603,33.0,4.996251870332551,win,win,win,win,ambiguous,ambiguous,ambiguous,ambiguous,2024
3589,40422,long,Asia,low,22.114868491680088,15.697990222705052,False,2.276919667279773,False,2024-08,96,0.3456174643870923,0.16646861878287175,0.3456174643870923,0.25295426838494495,1.802543012758439,0.25295426838494495,2.9219794472692313,0.25295426838494495,37.0,3.129252385695134,win,win,win,win,win,win,loss,loss,2024
3608,15036,long,Asia,low,17.074497009244155,17.634408602150536,False,2.6869916781824768,False,2023-07,96,0.07437998033229135,0.5825925806432183,0.07437998033229135,1.1551666333233461,0.07437998033229135,1.244422609722082,0.8030001958318952,1.5917315791102478,6.0,0.07437998033229135,loss,loss,loss,loss,loss,loss,loss,loss,2023
3608,27509,long,Asia,low,26.09164420485175,17.634408602150536,False,2.6869916781824768,False,2024-01,96,0.5377636713610721,0.2110699738773881,1.8232274220428706,0.2110699738773881,1.8232274220428706,0.2110699738773881,2.2739332309238516,0.2110699738773881,38.0,2.6706813021219324,win,win,win,win,win,loss,loss,loss,2024
3608,52653,long,Asia,low,27.59934676102341,17.634408602150536,False,2.6869916781824768,False,2025-02,96,0.2231307673330573,0.9275922121285122,0.434616437630737,0.9275922121285122,0.44010435692329436,0.9275922121285122,1.8997570370475028,0.9275922121285122,51.0,1.8997570370475028,win,win,win,loss,loss,loss,loss,loss,2025
3608,57260,long,Asia,low,15.525606469002696,17.634408602150536,False,2.6869916781824768,False,2025-05,96,0.5078909442579724,0.1785271282117374,0.7966082423193326,0.1785271282117374,1.027277231883547,0.1785271282117374,1.3290776279212997,0.1785271282117374,53.0,1.46244901505922,win,win,loss,loss,loss,loss,loss,loss,2025
3608,38040,long,Asia,low,21.052631578947366,17.634408602150536,False,2.6869916781824768,False,2024-07,96,0.13190246435677885,1.1550118125240987,0.13190246435677885,1.157703699551813,0.25611382292025053,1.1746241322973336,1.4003580873335792,1.5841755157959028,3.0,0.13190246435677885,loss,loss,loss,loss,loss,loss,loss,loss,2024
3795,69144,short,Other,mid,46.815834767641995,46.645195920558244,False,2.3380788269388657,False,2025-10,96,0.07935259696910693,0.6403272227722636,0.35501643302425495,0.6403272227722636,1.578216012769719,0.6403272227722636,1.664312940196659,0.6403272227722636,,2.8071354677136022,win,win,win,win,win,none,none,none,2025
3795,45845,short,Other,mid,38.675213675213676,46.645195920558244,False,2.3380788269388657,False,2024-11,96,1.3808400860817354,0.1268581939986095,1.3808400860817354,0.6839311328619917,1.3808400860817354,0.7189712478283355,1.3808400860817354,1.5180805363667238,27.0,1.3808400860817354,win,win,loss,loss,loss,loss,loss,loss,2024
3795,68810,short,Other,mid,51.20990433314575,46.645195920558244,False,2.3380788269388657,False,2025-10,96,2.183257169513784,0.09522219412097604,2.183257169513784,0.09522219412097604,2.567186492490152,0.09522219412097604,4.693059379789122,0.09522219412097604,,8.305373400758624,win,win,win,win,win,win,win,win,2025
3795,9642,short,Other,mid,54.20510037981552,46.645195920558244,False,2.3380788269388657,False,2023-04,96,0.034294598649618126,0.35056700841866517,0.05506188338749009,0.40543836625810614,0.10631325581391149,1.6945342243887844,0.10631325581391149,2.4903594386087278,12.0,0.10631325581391149,loss,loss,loss,loss,loss,loss,loss,loss,2023
3795,72094,short,Other,mid,39.43814154511075,46.645195920558244,False,2.3380788269388657,False,2025-12,96,0.3402522950071293,0.5473623876201823,0.36025578531849295,0.5473623876201823,0.4679273055154553,0.5473623876201823,0.4679273055154553,3.4803500345625293,22.0,0.4679273055154553,loss,loss,loss,loss,loss,loss,loss,loss,2025
3967,34565,long,Asia,mid,33.04488912925906,42.84170718530524,False,2.662068670777492,False,2024-05,96,0.4749974408817952,0.3440408562969841,0.4749974408817952,1.0016219968403064,0.4749974408817952,1.0350606973913417,0.4749974408817952,1.3077470043953006,7.0,0.4749974408817952,loss,loss,loss,loss,loss,loss,loss,loss,2024
3967,15977,long,Asia,mid,46.285408872260824,42.84170718530524,False,2.662068670777492,False,2023-08,96,0.35321510058785066,0.22929709568548176,0.35321510058785066,0.2905242988951064,0.7183829221209468,0.2905242988951064,1.4267645879407336,1.3143114378226444,26.0,1.4267645879407336,win,win,loss,loss,loss,loss,loss,loss,2023
3967,29319,long,Asia,mid,42.3202614379085,42.84170718530524,False,2.662068670777492,False,2024-02,96,0.9268336418215544,0.12603707898732683,0.9268336418215544,0.12603707898732683,0.9268336418215544,0.12603707898732683,1.7040622955767657,0.12603707898732683,54.0,1.7040622955767657,win,win,win,loss,loss,loss,loss,loss,2024
3967,39950,long,Asia,mid,48.892490545651,42.84170718530524,False,2.662068670777492,False,2024-08,96,0.11813206958226403,0.8992406293723003,0.22071734635808365,0.8992406293723003,0.9537721829282886,0.8992406293723003,1.297450526937215,0.8992406293723003,,2.4136395831994073,win,win,win,win,none,none,none,none,2024
3967,7648,long,Asia,mid,49.91991457554725,42.84170718530524,False,2.662068670777492,False,2023-03,96,0.5141120349826144,0.31575638785942683,0.7324645115718423,0.35204095745514663,0.7324645115718423,2.5923309166704156,0.7324645115718423,3.8888995368900106,11.0,0.7324645115718423,win,loss,loss,loss,loss,loss,loss,loss,2023
4049,37592,long,Asia,low,7.870619946091645,15.100488864747419,False,1.525590000973578,False,2024-07,96,0.7388761316459737,0.8193182911398217,0.7388761316459737,2.425554559178605,0.9910027148740195,2.425554559178605,1.5202078474691996,4.01875621804039,5.0,0.7388761316459737,win,loss,loss,loss,loss,loss,loss,loss,2024
4049,12400,long,Asia,low,12.927756653992395,15.100488864747419,False,1.525590000973578,False,2023-06,96,0.8094166188861293,0.3991197021780016,0.8094166188861293,0.3991197021780016,1.1400758820674657,0.4675801411746668,1.7487683566843528,1.180127567466899,16.0,1.1400758820674657,win,win,loss,loss,loss,loss,loss,loss,2023
4049,59451,long,Asia,low,9.07608695652174,15.100488864747419,False,1.525590000973578,False,2025-06,96,0.6058245759889803,1.4793533518008743,0.6058245759889803,1.8455481512147762,0.6058245759889803,2.5055272157639354,0.6058245759889803,2.9278708616737172,2.0,0.6058245759889803,win,loss,loss,loss,loss,loss,loss,loss,2025
4049,16992,long,Asia,low,18.409818569903948,15.100488864747419,False,1.525590000973578,False,2023-08,96,0.5852759116094101,0.6022166709558119,0.5852759116094101,0.6759909455284276,1.5142852951165107,1.5432485288376743,3.817135613998136,1.5432485288376743,8.0,0.5852759116094101,win,loss,loss,loss,loss,loss,loss,loss,2023
4049,8744,long,Asia,low,10.080428954423592,15.100488864747419,False,1.525590000973578,False,2023-04,96,0.22797745273383077,0.7371400430815168,1.0742515064084381,1.265721496523972,3.7750269856437524,1.265721496523972,4.4919714111065465,1.265721496523972,5.0,0.22797745273383077,loss,loss,loss,loss,loss,loss,loss,loss,2023
4165,44711,short,Other,low,13.572204125950055,7.613941018766757,False,1.128801926601248,False,2024-10,96,0.25068554204944016,0.24083864678058742,0.25068554204944016,1.1951669132399776,0.25068554204944016,7.815973119540391,0.25068554204944016,8.699731969907333,7.0,0.25068554204944016,loss,loss,loss,loss,loss,loss,loss,loss,2024
4165,13387,short,Other,low,13.711453744493394,7.613941018766757,False,1.128801926601248,False,2023-06,96,0.43260211512912966,0.7567209306180419,1.1447317508030934,0.957048987008534,2.996268803555611,0.957048987008534,2.996268803555611,2.5556801878393696,20.0,2.996268803555611,win,win,win,win,win,loss,loss,loss,2023
4165,12207,short,Other,low,15.775109170305676,7.613941018766757,False,1.128801926601248,False,2023-06,96,0.4508331745728947,0.2405655514857933,1.3476518551750034,0.2405655514857933,1.3476518551750034,1.9863321858200638,2.6571283205676965,1.9863321858200638,8.0,1.3476518551750034,win,win,loss,loss,loss,loss,loss,loss,2023
4165,16045,short,Other,low,2.165674066053059,7.613941018766757,False,1.128801926601248,False,2023-08,96,0.6349532539761407,0.8116579544831004,0.7736114878670205,2.3647992694682496,1.7822655917196435,2.3647992694682496,4.437063484508538,2.3647992694682496,5.0,0.7736114878670205,win,loss,loss,loss,loss,loss,loss,loss,2023
4165,6144,short,Other,low,14.207650273224044,7.613941018766757,False,1.128801926601248,False,2023-03,96,0.20822184961576168,1.6831749514892702,0.20822184961576168,2.3629409897889233,0.20822184961576168,2.3629409897889233,0.20822184961576168,4.287978089717653,2.0,0.20822184961576168,loss,loss,loss,loss,loss,loss,loss,loss,2023
4255,60091,long,Other,mid,60.348583877995644,68.76006441223832,False,2.052937001716331,False,2025-06,96,0.6111449556641074,0.8542719193585238,0.6111449556641074,0.9470975002358115,0.6111449556641074,1.2897051376636883,0.6111449556641074,2.9997182825957633,14.0,0.6111449556641074,win,loss,loss,loss,loss,loss,loss,loss,2025
4255,43428,long,Other,mid,62.629569012547734,68.76006441223832,False,2.052937001716331,False,2024-09,96,0.39955613610726254,0.36777143745343976,0.39955613610726254,2.619187592095593,0.39955613610726254,2.619187592095593,0.39955613610726254,2.619187592095593,6.0,0.39955613610726254,loss,loss,loss,loss,loss,loss,loss,loss,2024
4255,72461,long,Other,mid,60.7027027027027,68.76006441223832,False,2.052937001716331,False,2025-12,59,0.36387525119818226,0.21685354535349224,0.36387525119818226,0.4753562991615884,0.36387525119818226,0.4753562991615884,1.141327142350305,0.4753562991615884,,2.511933177243058,win,win,win,win,win,truncated,truncated,truncated,2025
4255,21088,long,Other,mid,64.8780487804878,68.76006441223832,False,2.052937001716331,False,2023-10,96,0.8075234174344018,0.004172613403169477,0.8075234174344018,0.3048462262776618,0.8075234174344018,0.8968664338314085,0.8075234174344018,1.1683317528838262,16.0,0.8075234174344018,win,loss,loss,loss,loss,loss,loss,loss,2023
4255,47102,long,Other,mid,61.27104834329169,68.76006441223832,False,2.052937001716331,False,2024-11,96,0.4643804451441768,0.3302556632802021,0.4643804451441768,2.3877670739578365,0.4643804451441768,7.843904653653599,0.4643804451441768,7.951018194725521,5.0,0.4643804451441768,loss,loss,loss,loss,loss,loss,loss,loss,2024
4270,9508,short,London,mid,61.701003697834125,64.27050053248136,False,1.0821755207925388,False,2023-04,96,1.9950212832668155,1.170293068523132,1.9950212832668155,4.8882872782476365,1.9950212832668155,4.8882872782476365,1.9950212832668155,8.365580266927049,3.0,1.9950212832668155,win,win,win,loss,loss,loss,loss,loss,2023
4270,18557,short,London,mid,55.733333333333334,64.27050053248136,False,1.0821755207925388,False,2023-09,96,0.8611142811913003,0.4261711595370541,1.2733965007091343,0.6432772219427106,3.235392027634136,3.000742040993763,3.315070683533792,3.000742040993763,9.0,1.2733965007091343,win,win,loss,loss,loss,loss,loss,loss,2023
4270,4544,short,London,mid,60.87420042643923,64.27050053248136,False,1.0821755207925388,False,2023-02,96,2.6460849175688392,0.3228014040469765,2.7577153656600184,0.3228014040469765,2.9136755945815818,0.3228014040469765,2.9136755945815818,4.645358033021015,20.0,2.9136755945815818,win,win,win,win,win,loss,loss,loss,2023
4270,35790,short,London,mid,55.53780617678381,64.27050053248136,False,1.0821755207925388,False,2024-06,96,0.07015039233385176,2.380748426046327,0.07015039233385176,3.884772837681557,3.0916057350282715,3.884772837681557,3.0916057350282715,3.884772837681557,2.0,0.07015039233385176,loss,loss,loss,loss,loss,loss,loss,loss,2024
4270,10698,short,London,mid,58.82352941176471,64.27050053248136,False,1.0821755207925388,False,2023-05,96,0.11000625562543727,1.9545111454041801,0.11000625562543727,1.9545111454041801,0.11000625562543727,7.868847470578384,0.11000625562543727,7.868847470578384,1.0,0.11000625562543727,loss,loss,loss,loss,loss,loss,loss,loss,2023
4719,50324,long,London,mid,35.2247191011236,36.582753079807176,False,2.363242981543101,False,2025-01,96,0.143194380640341,0.4987967019838013,0.143194380640341,0.9333236696235656,1.5260530602641724,1.90213694529979,1.5260530602641724,1.90213694529979,12.0,1.5260530602641724,win,win,win,loss,loss,loss,loss,loss,2025
4719,37615,long,London,mid,42.705005324813634,36.582753079807176,False,2.363242981543101,False,2024-07,96,0.12506980370786994,0.9559543627200685,0.9099229656349578,0.9559543627200685,2.2153947969194894,0.9559543627200685,2.2153947969194894,0.9559543627200685,,4.524458134419065,win,win,win,win,win,win,win,win,2024
4719,63308,long,London,mid,41.68443496801706,36.582753079807176,False,2.363242981543101,False,2025-08,96,0.04111441335447336,1.1210213167228489,0.04111441335447336,1.1210213167228489,0.40852992229093477,1.1210213167228489,2.8734934790111435,1.1210213167228489,1.0,0.04111441335447336,loss,loss,loss,loss,loss,loss,loss,loss,2025
4719,35148,long,London,mid,38.56382978723404,36.582753079807176,False,2.363242981543101,False,2024-05,96,0.719623351255958,0.3920175172581456,0.719623351255958,0.3920175172581456,0.8157785913381711,0.3920175172581456,1.349409354807063,0.9655588691585132,38.0,1.349409354807063,win,win,loss,loss,loss,loss,loss,loss,2024
4719,5457,long,London,mid,36.77488025545503,36.582753079807176,False,2.363242981543101,False,2023-02,96,0.18796869063768198,0.8517398120702666,0.6180085505606799,0.8517398120702666,2.0558941886125233,0.8517398120702666,2.0558941886125233,0.8517398120702666,,2.4880724864267325,win,win,win,win,none,none,none,none,2023
4989,42235,long,Asia,low,0.7080610021786492,5.23784072688402,False,1.7411782008283603,False,2024-09,96,1.0596134333164555,1.4812162385300818,1.3851595710302902,1.4812162385300818,1.3851595710302902,1.4812162385300818,3.796294053684396,1.4812162385300818,1.0,0.09643042885217758,loss,loss,loss,loss,loss,loss,loss,loss,2024
4989,70981,long,Asia,low,2.9315960912052117,5.23784072688402,False,1.7411782008283603,False,2025-11,96,0.3212881129468711,0.4437413182587407,0.3212881129468711,0.8457758022331557,0.3212881129468711,4.0655676571505746,0.3212881129468711,5.077322110939932,8.0,0.3212881129468711,loss,loss,loss,loss,loss,loss,loss,loss,2025
4989,41526,long,Asia,low,4.455179817498657,5.23784072688402,False,1.7411782008283603,False,2024-08,96,0.2928499738917768,0.38740742035261033,0.7734242900219434,0.38740742035261033,2.939624144384113,0.38740742035261033,3.7213917385055937,0.38740742035261033,41.0,3.7213917385055937,win,win,win,win,win,win,win,loss,2024
4989,42150,long,Asia,low,2.6044492674986435,5.23784072688402,False,1.7411782008283603,False,2024-09,96,0.6468176889135157,0.24572979704394396,0.6468176889135157,0.4725052295777427,1.377914605738922,0.5967240112791427,2.424127832547686,0.8282380349404008,,6.806647683961532,win,win,win,win,win,win,win,win,2024
4989,69605,long,Asia,low,3.211009174311927,5.23784072688402,False,1.7411782008283603,False,2025-11,96,1.1727364406986913,0.39665191758298046,1.2508310853505231,0.39665191758298046,1.2508310853505231,0.5739095416305461,1.9453771014043244,0.5739095416305461,,6.300546279217553,win,win,win,win,win,win,win,win,2025
5081,61187,short,Asia,low,21.04404567699837,27.792624265098876,False,0.7660583730703717,False,2025-07,96,1.4912886509449528,0.24452560929037648,1.4912886509449528,2.3147365793734256,1.4912886509449528,3.404622152210635,1.7996449712319167,3.404622152210635,4.0,1.4912886509449528,win,win,loss,loss,loss,loss,loss,loss,2025
5081,64214,short,Asia,low,22.18045112781955,27.792624265098876,False,0.7660583730703717,False,2025-08,96,0.7400736288384069,3.054258919913668,0.7400736288384069,4.216340825870504,0.9354863285877687,4.216340825870504,1.5387710676014899,4.216340825870504,0.0,0.7400736288384069,ambiguous,loss,loss,loss,loss,loss,loss,loss,2025
5081,34208,short,Asia,low,22.903225806451612,27.792624265098876,False,0.7660583730703717,False,2024-05,96,0.3907568103557285,1.8201169281364018,0.3907568103557285,3.0592209210248185,0.3907568103557285,9.78599452651257,0.3907568103557285,13.743321924272838,1.0,0.3907568103557285,loss,loss,loss,loss,loss,loss,loss,loss,2024
5081,47643,short,Asia,low,18.415300546448087,27.792624265098876,False,0.7660583730703717,False,2024-12,96,0.9705322374848937,1.1558894631386416,1.5157801348453674,1.1558894631386416,1.5157801348453674,4.340786610499018,1.5157801348453674,4.340786610499018,0.0,0.031569357167134326,loss,loss,loss,loss,loss,loss,loss,loss,2024
5081,23032,short,Asia,low,18.039849219170705,27.792624265098876,False,0.7660583730703717,False,2023-11,96,0.31415510559250276,1.1806301018433092,1.3752394592900596,1.1806301018433092,2.8487103085296197,1.1806301018433092,2.8487103085296197,7.097681279449632,1.0,0.1130587695643487,loss,loss,loss,loss,loss,loss,loss,loss,2023
5152,58013,long,Asia,low,13.240790176187932,17.675675675675677,False,2.783022190651097,False,2025-05,96,0.3988429261535772,0.5591928381715372,0.7488547407536822,0.5591928381715372,0.7488547407536822,0.5591928381715372,0.7488547407536822,3.849263924516371,21.0,0.7488547407536822,win,loss,loss,loss,loss,loss,loss,loss,2025
5152,17264,long,Asia,low,13.796791443850267,17.675675675675677,False,2.783022190651097,False,2023-08,96,1.226190888318854,0.3843050180881401,1.5045132623024922,0.3843050180881401,1.9595782059797366,0.3843050180881401,2.5483007868807492,1.1277559696105548,31.0,2.5483007868807492,win,win,win,win,win,loss,loss,loss,2023
5152,33670,long,Asia,low,21.451440768409817,17.675675675675677,False,2.783022190651097,False,2024-05,96,0.16765392948124933,0.7649604160330041,0.16765392948124933,1.2507915249806607,0.16765392948124933,2.402451838464838,0.16765392948124933,3.630318483531423,6.0,0.16765392948124933,loss,loss,loss,loss,loss,loss,loss,loss,2024
5152,28785,long,Asia,low,8.737864077669903,17.675675675675677,False,2.783022190651097,False,2024-02,96,0.23513540826900337,0.1551703301532424,0.23513540826900337,0.3579389210897136,0.23513540826900337,0.5197730077525907,0.8827890766590589,0.5197730077525907,43.0,1.168695963096835,win,win,loss,loss,loss,loss,loss,loss,2024
5152,45480,long,Asia,low,27.14666666666667,17.675675675675677,False,2.783022190651097,False,2024-10,96,0.14871068033698384,0.9796462435978243,0.14871068033698384,1.1044988128176862,0.14871068033698384,1.1044988128176862,0.14871068033698384,2.379517254171431,7.0,0.14871068033698384,loss,loss,loss,loss,loss,loss,loss,loss,2024
5168,46921,short,Asia,low,12.093275488069414,9.753483386923902,False,1.6708854242295852,False,2024-11,96,0.0032042755390076973,2.0780959284261806,0.056198063299881744,2.0780959284261806,0.4229643711515941,2.0780959284261806,0.4229643711515941,3.127372926090792,1.0,0.0032042755390076973,loss,loss,loss,loss,loss,loss,loss,loss,2024
5168,10312,short,Asia,low,9.791332263242374,9.753483386923902,False,1.6708854242295852,False,2023-05,96,0.8835457280028867,0.19705246695046164,0.8835457280028867,0.19705246695046164,0.9387204187490911,0.31153056679792634,0.9387204187490911,1.6691282295788739,22.0,0.9387204187490911,win,loss,loss,loss,loss,loss,loss,loss,2023
5168,60387,short,Asia,low,10.183189655172415,9.753483386923902,False,1.6708854242295852,False,2025-06,96,2.1081967818042933,0.12425463322689449,3.979985104666186,0.12425463322689449,3.979985104666186,0.12425463322689449,3.979985104666186,0.6754316582891422,,5.036297057918029,win,win,win,win,win,win,win,win,2025
5168,22851,short,Asia,low,4.516129032258064,9.753483386923902,False,1.6708854242295852,False,2023-11,96,0.5050377568369636,0.29109100852316244,0.7657853563444782,0.29109100852316244,0.7657853563444782,1.878719883630848,0.7657853563444782,3.4308623990422698,8.0,0.7657853563444782,win,loss,loss,loss,loss,loss,loss,loss,2023
5168,47746,short,Asia,low,2.7702335687126562,9.753483386923902,False,1.6708854242295852,False,2024-12,96,2.268813705875781,0.49728464768127495,3.2552764761615847,0.49728464768127495,3.2552764761615847,0.49728464768127495,4.334457627013659,1.0338352762035756,31.0,4.334457627013659,win,win,win,win,win,win,win,win,2024
5424,33302,short,Asia,low,13.713980789754535,6.771397616468039,False,2.3447728760632915,False,2024-04,96,0.5099006464920015,0.9502910274490616,0.5099006464920015,1.4400368709206908,0.5099006464920015,1.7812402291396612,1.5058970540187766,1.7812402291396612,5.0,0.5099006464920015,win,loss,loss,loss,loss,loss,loss,loss,2024
5424,4965,short,Asia,low,1.6242555495397943,6.771397616468039,False,2.3447728760632915,False,2023-02,96,0.5605787146159342,0.12128204671053397,0.5605787146159342,0.7192742461729522,0.5605787146159342,0.8848289166184652,0.5605787146159342,2.6990711526307543,20.0,0.5605787146159342,win,loss,loss,loss,loss,loss,loss,loss,2023
5424,2785,short,Asia,low,13.780160857908847,6.771397616468039,False,2.3447728760632915,False,2023-01,96,0.05083160443208242,1.376590775840764,0.05083160443208242,1.376590775840764,0.05083160443208242,1.871607853885666,1.2305976793904605,1.9738621279176318,0.0,0.05083160443208242,loss,loss,loss,loss,loss,loss,loss,loss,2023
5424,22573,short,Asia,low,14.854682454251883,6.771397616468039,False,2.3447728760632915,False,2023-11,96,0.7163271464029008,0.029641123299388457,0.9947212260190614,0.029641123299388457,1.8284504686275413,0.029641123299388457,3.684217266570191,0.029641123299388457,,11.22381475680229,win,win,win,win,win,win,win,win,2023
5424,51853,short,Asia,low,15.53398058252427,6.771397616468039,False,2.3447728760632915,False,2025-02,96,0.8860236549384991,0.21684963326575227,1.183075343627693,0.21684963326575227,1.183075343627693,1.0447172954090502,1.183075343627693,1.0447172954090502,14.0,1.183075343627693,win,win,loss,loss,loss,loss,loss,loss,2025
5535,8489,long,London,low,14.15694591728526,9.008042895442358,False,1.1749197419050181,False,2023-04,96,0.17009389168642416,0.8617153355688985,0.5018472672072486,0.8617153355688985,0.5838484546593987,7.361363742134954,0.5838484546593987,9.490114568393382,9.0,0.5838484546593987,win,loss,loss,loss,loss,loss,loss,loss,2023
5535,28447,long,London,low,11.85264281900694,9.008042895442358,False,1.1749197419050181,False,2024-02,96,0.6302673556998314,0.2990759108257917,1.4278031179017399,0.2990759108257917,4.8099702973737815,1.4853434497384628,4.8099702973737815,5.681104158436537,14.0,4.8099702973737815,win,win,win,win,win,win,win,win,2024
5535,69645,long,London,low,1.0650224215246635,9.008042895442358,False,1.1749197419050181,False,2025-11,96,1.3203187939333179,1.782070543516636,1.3203187939333179,1.782070543516636,1.3203187939333179,3.321131467462787,3.9015428728830854,3.3862352842761023,2.0,1.3203187939333179,win,win,loss,loss,loss,loss,loss,loss,2025
5535,61310,long,London,low,12.994652406417112,9.008042895442358,False,1.1749197419050181,False,2025-07,96,0.12077177755611515,1.6060026119985242,1.1500712860766267,1.6060026119985242,1.1500712860766267,9.291327778255837,1.1500712860766267,9.291327778255837,0.0,0.12077177755611515,loss,loss,loss,loss,loss,loss,loss,loss,2025
5535,69835,long,London,low,3.9664804469273744,9.008042895442358,False,1.1749197419050181,False,2025-11,96,0.4379272909183193,0.9183010606673595,1.212417147189992,0.9183010606673595,1.212417147189992,6.637488935916435,1.212417147189992,6.637488935916435,8.0,1.212417147189992,win,win,loss,loss,loss,loss,loss,loss,2025
5622,25024,long,Asia,low,11.890410958904111,12.688172043010754,False,0.7859268707770712,False,2023-12,96,0.32648122882781244,2.6373699266758153,0.32648122882781244,3.432012917596155,0.718962706070774,3.432012917596155,2.4780893271668343,3.432012917596155,0.0,0.32648122882781244,loss,loss,loss,loss,loss,loss,loss,loss,2023
5622,70812,long,Asia,low,21.647819063004846,12.688172043010754,False,0.7859268707770712,False,2025-11,96,0.9599382626744911,1.3445080717969558,0.9599382626744911,1.439628720236869,0.9599382626744911,3.2801761110469423,0.9599382626744911,3.2801761110469423,3.0,0.9599382626744911,win,loss,loss,loss,loss,loss,loss,loss,2025
5622,24949,long,Asia,low,20.738327904451683,12.688172043010754,False,0.7859268707770712,False,2023-12,96,0.9308019859787365,0.5025861017648097,2.3759327396512666,1.1820950368610523,3.2488042403798043,3.204964954244528,3.2488042403798043,3.453126627545829,4.0,0.9308019859787365,win,loss,loss,loss,loss,loss,loss,loss,2023
5622,30889,long,Asia,low,19.913653534808418,12.688172043010754,False,0.7859268707770712,False,2024-03,96,0.396135087554441,1.9863615873537592,0.396135087554441,1.9863615873537592,0.8813531852283719,2.6080472749987793,0.8813531852283719,4.5707165724273855,1.0,0.396135087554441,loss,loss,loss,loss,loss,loss,loss,loss,2024
5622,71331,long,Asia,low,18.75,12.688172043010754,False,0.7859268707770712,False,2025-12,96,0.861984541307031,1.2741640790613324,1.072432061872681,2.7458087102496767,1.072432061872681,5.220161376294712,1.072432061872681,7.8448033322791595,2.0,0.861984541307031,win,loss,loss,loss,loss,loss,loss,loss,2025
5734,59116,short,London,mid,36.67912439935932,43.351063829787236,False,0.9579647335707691,False,2025-05,96,0.9880955011788138,0.4484010381972819,0.9946950258620227,0.4922145492885202,2.782616254618489,1.8931469834274721,4.850284001890493,1.8931469834274721,11.0,2.782616254618489,win,win,win,ambiguous,ambiguous,loss,loss,loss,2025
5734,3989,short,London,mid,43.08595835557929,43.351063829787236,False,0.9579647335707691,False,2023-01,96,0.07147861076760513,3.122946785548822,1.3431808008980157,3.122946785548822,1.3431808008980157,3.122946785548822,1.4254583384720894,3.122946785548822,0.0,0.07147861076760513,loss,loss,loss,loss,loss,loss,loss,loss,2023
5734,72199,short,London,mid,38.14377682403433,43.351063829787236,False,0.9579647335707691,False,2025-12,96,0.2952692267985569,0.8866157516243687,0.2952692267985569,1.3179641732585257,0.2952692267985569,5.006162873188664,0.2952692267985569,5.52155070255964,6.0,0.2952692267985569,loss,loss,loss,loss,loss,loss,loss,loss,2025
5734,57746,short,London,mid,43.859649122807014,43.351063829787236,False,0.9579647335707691,False,2025-05,96,0.7582293894710669,0.11904096334402202,0.9799488130007988,0.20956013219199454,0.9799488130007988,1.4682719577146244,1.2375456517124666,2.8542810555143845,9.0,0.9799488130007988,win,loss,loss,loss,loss,loss,loss,loss,2025
5734,24409,short,London,mid,44.7680690399137,43.351063829787236,False,0.9579647335707691,False,2023-12,96,0.8564049294187546,2.1825993010305096,0.8564049294187546,2.1825993010305096,8.12523498005166,2.1825993010305096,19.543011349831293,2.1825993010305096,0.0,0.28336506037026726,loss,loss,loss,loss,loss,loss,loss,loss,2023
5835,33878,long,Overlap,mid,42.834562697576395,42.50926416093171,False,1.045518483009829,False,2024-05,96,2.093799755914312,0.8159354819323652,2.093799755914312,1.5625122863799519,2.093799755914312,1.9176287151025935,2.093799755914312,1.9176287151025935,7.0,2.093799755914312,win,win,win,win,loss,loss,loss,loss,2024
5835,58130,long,Overlap,mid,48.103266596417285,42.50926416093171,False,1.045518483009829,False,2025-05,96,1.4985085076536626,0.5032793648860328,2.496877174530926,0.5032793648860328,4.632572575400788,0.5032793648860328,7.080855376755876,0.5032793648860328,83.0,8.637103827817915,win,win,win,win,win,win,win,win,2025
5835,52519,long,Overlap,mid,43.56120826709062,42.50926416093171,False,1.045518483009829,False,2025-02,96,1.54402701880336,0.695499410843742,2.9863406850325713,0.695499410843742,4.255161305429957,0.695499410843742,5.242055726350572,0.695499410843742,,8.310866697253935,win,win,win,win,win,win,win,win,2025
5835,41285,long,Overlap,mid,37.46048472075869,42.50926416093171,False,1.045518483009829,False,2024-08,96,1.5530826020175126,1.745697285035252,3.212610160439638,1.745697285035252,3.9800276080423482,1.745697285035252,5.878464957505856,1.745697285035252,2.0,1.160418985058407,win,win,loss,loss,loss,loss,loss,loss,2024
5835,23347,long,Overlap,mid,51.00210970464135,42.50926416093171,False,1.045518483009829,False,2023-11,96,0.6701694077133654,2.401790518395743,0.6701694077133654,4.850850038903005,0.6701694077133654,6.674908309270062,0.6701694077133654,7.594553005904878,1.0,0.6701694077133654,win,loss,loss,loss,loss,loss,loss,loss,2023
5881,58564,long,Asia,low,4.38034188034188,3.906673901247965,False,1.352044251383529,False,2025-05,96,0.23757954847868554,1.3831769117875234,0.23757954847868554,2.1107737548948635,0.23757954847868554,5.0263160122306045,0.23757954847868554,7.956413238713732,2.0,0.23757954847868554,loss,loss,loss,loss,loss,loss,loss,loss,2025
5881,19461,long,Asia,low,12.049488972565896,3.906673901247965,False,1.352044251383529,False,2023-09,96,4.124140501470506,0.0017209015236274046,4.124140501470506,1.1908638543783368,4.124140501470506,1.1908638543783368,4.124140501470506,6.344103467002486,6.0,4.124140501470506,win,win,win,win,win,win,win,win,2023
5881,16602,long,Asia,low,10.637149028077754,3.906673901247965,False,1.352044251383529,False,2023-08,96,0.6521495534649634,0.2737033020757349,0.7718557812520561,0.3454023447607153,0.7718557812520561,1.323626674958302,3.1560048180116067,1.323626674958302,8.0,0.7718557812520561,win,loss,loss,loss,loss,loss,loss,loss,2023
5881,18705,long,Asia,low,12.234910277324634,3.906673901247965,False,1.352044251383529,False,2023-09,96,0.17868553550626295,2.048707890964936,0.17868553550626295,2.896023172236183,0.7534436174569129,2.896023172236183,0.7534436174569129,2.907551271301013,1.0,0.17868553550626295,loss,loss,loss,loss,loss,loss,loss,loss,2023
5881,6440,long,Asia,low,4.108108108108108,3.906673901247965,False,1.352044251383529,False,2023-03,96,0.6604997474742559,0.2176514985086238,1.4852538258229628,0.2176514985086238,2.651865857829181,0.2176514985086238,3.44005448442838,0.2176514985086238,,7.885368689968442,win,win,win,win,win,win,win,win,2023
5898,49472,long,Asia,low,9.740259740259742,3.978494623655914,False,1.277486248476336,False,2025-01,96,1.5835373623733793,0.41916083098829027,1.5835373623733793,0.41916083098829027,1.8150142391878408,0.41916083098829027,5.222030019074268,0.41916083098829027,,12.167808354522375,win,win,win,win,win,win,win,win,2025
5898,57270,long,Asia,low,5.415549597855228,3.978494623655914,False,1.277486248476336,False,2025-05,96,0.8231611935091259,0.35382603344744207,1.683926319720902,0.8644144530141709,1.835135382445297,0.8644144530141709,2.7711083740625906,0.8644144530141709,32.0,2.7711083740625906,win,win,win,win,win,loss,loss,loss,2025
5898,13406,long,Asia,low,4.795640326975477,3.978494623655914,False,1.277486248476336,False,2023-06,96,2.9867180959682136,0.21757976617839614,2.9867180959682136,0.21757976617839614,3.5587527334580003,0.2911824170518237,6.588728527746554,0.2911824170518237,,15.3984493274626,win,win,win,win,win,win,win,win,2023
5898,49032,long,Asia,low,0.8700380641653072,3.978494623655914,False,1.277486248476336,False,2024-12,96,1.5452748718485632,0.5279552298611256,1.5452748718485632,0.5279552298611256,1.5452748718485632,1.8966976376036022,1.5452748718485632,2.6422393929907693,12.0,1.5452748718485632,win,win,win,loss,loss,loss,loss,loss,2024
5898,44170,long,Asia,low,5.342687533729088,3.978494623655914,False,1.277486248476336,False,2024-10,96,0.7562140834169885,1.6330384704250043,2.594999542321273,1.6330384704250043,2.594999542321273,1.6330384704250043,2.9050807034574024,1.6330384704250043,0.0,0.7562140834169885,ambiguous,loss,loss,loss,loss,loss,loss,loss,2024
5927,51245,long,Overlap,mid,43.50974930362117,43.938591847538376,False,2.136407594398958,False,2025-01,96,0.6142272830312477,1.3656622852194533,0.6142272830312477,1.6668064999925334,0.6142272830312477,1.6668064999925334,0.6142272830312477,2.2853103872572245,3.0,0.6142272830312477,win,loss,loss,loss,loss,loss,loss,loss,2025
5927,35885,long,Overlap,mid,37.10792131844764,43.938591847538376,False,2.136407594398958,False,2024-06,96,1.7302713474334235,0.4738865009786876,2.0859186116045025,0.4738865009786876,4.214038963390368,0.4738865009786876,4.214038963390368,0.4738865009786876,,7.48030492482353,win,win,win,win,win,win,win,win,2024
5927,2724,long,Overlap,mid,53.53375527426161,43.938591847538376,False,2.136407594398958,False,2023-01,96,1.2174646723932874,0.3496898143976965,1.911450025044404,0.3496898143976965,1.9691453264138656,0.3496898143976965,1.9691453264138656,0.3496898143976965,,3.342809473246406,win,win,win,win,win,win,none,none,2023
5927,69023,long,Overlap,mid,45.459579180509415,43.938591847538376,False,2.136407594398958,False,2025-10,96,0.03323795680332062,1.028653961922366,0.03323795680332062,1.028653961922366,0.03323795680332062,3.378162033457256,0.03323795680332062,4.678647761004373,2.0,0.03323795680332062,loss,loss,loss,loss,loss,loss,loss,loss,2025
5927,40279,long,Overlap,mid,50.89285714285714,43.938591847538376,False,2.136407594398958,False,2024-08,96,1.486893447107825,0.6057135852110647,2.4671333095850714,0.6057135852110647,3.0125309918638936,0.6057135852110647,3.6012142044823476,0.6057135852110647,,4.001427960409079,win,win,win,win,win,win,win,win,2024
6172,33935,long,Asia,low,11.647879763821793,5.166846071044134,False,2.546866816206407,False,2024-05,96,0.029575519594845136,0.5483794258210577,0.029575519594845136,0.7113528619218116,0.029575519594845136,1.1096981414649039,0.029575519594845136,2.0402487345505507,9.0,0.029575519594845136,loss,loss,loss,loss,loss,loss,loss,loss,2024
6172,23490,long,Asia,low,9.811320754716983,5.166846071044134,False,2.546866816206407,False,2023-11,96,0.27791182406541964,0.37718863038689054,0.3202783592471879,0.37718863038689054,0.9611512459146263,0.37718863038689054,3.1136241676866154,0.37718863038689054,,7.882072552845975,win,win,win,win,win,win,win,win,2023
6172,58830,long,Asia,low,14.117015566290927,5.166846071044134,False,2.546866816206407,False,2025-05,96,0.022123264227003617,1.0838857780334745,0.022123264227003617,1.827905800050356,0.022123264227003617,1.9784519151559241,0.022123264227003617,2.40388151539539,1.0,0.022123264227003617,loss,loss,loss,loss,loss,loss,loss,loss,2025
6172,36319,long,Asia,low,2.964959568733154,5.166846071044134,False,2.546866816206407,False,2024-06,96,0.8053788869978395,0.1735444486120088,0.8053788869978395,0.659026753263991,0.8053788869978395,0.7445830610510619,6.077371837378604,0.7445830610510619,75.0,6.077371837378604,win,win,win,win,win,win,win,win,2024
6172,14122,long,Asia,low,3.934426229508197,5.166846071044134,False,2.546866816206407,False,2023-07,96,0.4732513297261043,0.17218984308116506,0.5010471744163494,0.17218984308116506,0.9696056991947787,0.17218984308116506,2.044258032218906,1.052993233265596,17.0,0.9696056991947787,win,loss,loss,loss,loss,loss,loss,loss,2023
6361,28772,long,Other,low,23.845736013036394,24.10091250670961,False,1.6594946961786916,False,2024-02,96,0.1152967954790042,0.5427818371781713,0.1152967954790042,0.6580786326571755,0.7990954825121621,0.6580786326571755,0.7990954825121621,0.6580786326571755,56.0,1.8762336218141662,win,win,win,loss,loss,loss,loss,loss,2024
6361,45666,long,Other,low,22.589238145977625,24.10091250670961,False,1.6594946961786916,False,2024-11,96,1.1244326188803127,0.7594695514158748,1.3903233672633044,0.7594695514158748,1.3903233672633044,1.325124103292024,3.120905393376978,2.6352218137157246,12.0,1.3903233672633044,win,win,loss,loss,loss,loss,loss,loss,2024
6361,11391,long,Other,low,20.77006507592191,24.10091250670961,False,1.6594946961786916,False,2023-05,96,0.06384413274541743,0.6733678236028096,0.1776369105209808,1.0286416446448565,0.1776369105209808,1.4109553336731446,1.5285036486690218,2.1883515382787535,7.0,0.1776369105209808,loss,loss,loss,loss,loss,loss,loss,loss,2023
6361,21855,long,Other,low,18.44349680170576,24.10091250670961,False,1.6594946961786916,False,2023-10,96,1.0025307291036951,0.19715893410301547,1.635235383057522,0.19715893410301547,1.9777122892944505,0.19715893410301547,5.1849125900140285,1.0992733116759326,31.0,5.1849125900140285,win,win,win,win,win,win,win,win,2023
6361,10011,long,Other,low,26.247288503253795,24.10091250670961,False,1.6594946961786916,False,2023-05,96,0.2699870108866796,0.4629273687865002,0.3441201349790734,0.5503332356203052,0.9235886595439557,0.5503332356203052,1.155052343937169,0.5503332356203052,33.0,1.155052343937169,win,win,loss,loss,loss,loss,loss,loss,2023
6482,34888,long,Overlap,mid,63.92405063291139,62.73784355179705,False,3.3026708610152893,False,2024-05,96,0.4670155065436263,0.35947562610021755,0.5992125598965011,0.35947562610021755,0.8077170746742219,0.5707486655554983,0.8077170746742219,0.6315696920653495,58.0,0.8077170746742219,win,loss,loss,loss,loss,loss,loss,loss,2024
6482,16284,long,Overlap,mid,64.14300736067298,62.73784355179705,False,3.3026708610152893,False,2023-08,96,0.040118892125174506,1.3542206947647881,0.040118892125174506,1.3542206947647881,0.040118892125174506,1.3542206947647881,0.040118892125174506,1.3542206947647881,0.0,0.040118892125174506,loss,loss,loss,loss,loss,loss,loss,loss,2023
6482,63977,long,Overlap,mid,62.493424513414,62.73784355179705,False,3.3026708610152893,False,2025-08,96,1.0105953942468298,0.05685110678187877,1.0105953942468298,0.11273485179911669,1.0105953942468298,0.21229870111083454,1.0105953942468298,0.5397878646540267,69.0,1.3154631749867585,win,win,loss,loss,loss,loss,loss,loss,2025
6482,70769,long,Overlap,mid,69.20251836306402,62.73784355179705,False,3.3026708610152893,False,2025-11,96,0.33143735398786495,0.30120943596002864,0.8825084986209424,0.30120943596002864,0.8825084986209424,0.30120943596002864,0.8825084986209424,0.30120943596002864,,1.3141044849417327,win,win,none,none,none,none,none,none,2025
6482,44122,long,Overlap,mid,57.82814971006853,62.73784355179705,False,3.3026708610152893,False,2024-10,96,0.2745814521240571,0.7993129375413074,0.2745814521240571,1.093578002407695,0.2745814521240571,1.2603446912698089,0.2745814521240571,1.2675653130295423,4.0,0.2745814521240571,loss,loss,loss,loss,loss,loss,loss,loss,2024
6535,47733,long,Asia,low,10.61269146608315,0.7555315704263357,False,2.5451970668020096,False,2024-12,96,0.4851092259242578,0.0,0.9757625572875848,0.0,1.1860008714399766,0.0,1.1860008714399766,0.9751789672413076,37.0,1.1860008714399766,win,win,loss,loss,loss,loss,loss,loss,2024
6535,47740,long,Asia,low,3.2152588555858315,0.7555315704263357,False,2.5451970668020096,False,2024-12,96,0.40870402403621214,0.1808802548144878,0.45252891336055223,0.3253218376063581,0.45252891336055223,1.9788496842494063,0.45252891336055223,2.6780782554921796,9.0,0.45252891336055223,loss,loss,loss,loss,loss,loss,loss,loss,2024
6535,36765,long,Asia,low,2.1727322107550244,0.7555315704263357,False,2.5451970668020096,False,2024-06,96,0.431844254448749,0.13547195393366868,0.431844254448749,0.4877428762175253,0.431844254448749,0.6558771620867361,1.1337555756391715,0.6558771620867361,41.0,1.1337555756391715,win,win,loss,loss,loss,loss,loss,loss,2024
6535,69612,long,Asia,low,3.9406053683609366,0.7555315704263357,False,2.5451970668020096,False,2025-11,96,0.22773227018463807,0.5061932538118352,0.22773227018463807,0.6976907286804085,0.2995865529718388,0.6976907286804085,1.2718413155944908,0.6976907286804085,,3.94234573038973,win,win,win,win,win,win,win,none,2025
6535,41433,long,Asia,low,7.626208378088077,0.7555315704263357,False,2.5451970668020096,False,2024-08,96,0.4879791430846175,0.18845596862153197,0.5651887652098948,0.30149372166349464,1.0166232147595926,0.30149372166349464,1.604562843101543,0.30149372166349464,35.0,1.604562843101543,win,win,win,loss,loss,loss,loss,loss,2024
6550,54079,long,London,low,18.799787573021774,26.070663811563172,False,1.6343970828052137,False,2025-03,96,0.3138084603983934,1.3014130130234942,0.962206008338654,1.8301645258955233,6.325077148619009,1.8301645258955233,7.9386193794435815,1.8301645258955233,2.0,0.3138084603983934,loss,loss,loss,loss,loss,loss,loss,loss,2025
6550,54069,long,London,low,18.36625734116391,26.070663811563172,False,1.6343970828052137,False,2025-03,96,1.369564986015224,0.05278071725627275,1.369564986015224,0.05509381641888949,1.4305466912116571,0.7172710221553916,9.042535471921898,0.7172710221553916,,12.37991700010369,win,win,win,win,win,win,win,win,2025
6550,11532,long,London,low,29.52984680401479,26.070663811563172,False,1.6343970828052137,False,2023-05,96,0.6333503062130087,1.2016674948457309,0.6333503062130087,8.049654776056126,0.6333503062130087,8.049654776056126,0.6333503062130087,8.049654776056126,3.0,0.6333503062130087,win,loss,loss,loss,loss,loss,loss,loss,2023
6550,29539,long,London,low,19.55128205128205,26.070663811563172,False,1.6343970828052137,False,2024-02,96,1.4095114397739288,0.19969839738923031,1.587549428980757,0.19969839738923031,5.941291473649945,0.19969839738923031,6.903858881171821,0.19969839738923031,,6.903858881171821,win,win,win,win,win,win,win,win,2024
6550,40354,long,London,low,16.428192898781134,26.070663811563172,False,1.6343970828052137,False,2024-08,96,0.6524507931435831,0.3049369000401721,1.4067057931648126,0.3049369000401721,3.559341475975487,0.4224398864831287,3.559341475975487,0.4224398864831287,62.0,3.559341475975487,win,win,win,win,win,win,win,loss,2024
6820,52766,long,Asia,high,77.82561894510226,80.50483351235232,False,1.6277295972272776,False,2025-02,96,0.6148110161208385,0.031782728652576676,0.6148110161208385,1.8027459345019323,0.6148110161208385,1.8027459345019323,1.0717431754931392,1.8027459345019323,7.0,0.6148110161208385,win,loss,loss,loss,loss,loss,loss,loss,2025
6820,68618,long,Asia,high,70.71791972866026,80.50483351235232,False,1.6277295972272776,False,2025-10,96,1.6601182260774532,0.00815322906434867,1.6601182260774532,1.1108925585880656,1.6601182260774532,1.1108925585880656,2.470428406493637,1.1108925585880656,6.0,1.6601182260774532,win,win,win,loss,loss,loss,loss,loss,2025
6820,68416,long,Asia,high,79.04054825813822,80.50483351235232,False,1.6277295972272776,False,2025-10,96,0.3203679779460719,1.075769127648132,0.3203679779460719,1.075769127648132,0.3203679779460719,1.2836424265399544,0.3203679779460719,6.541621400240069,0.0,0.022697382874226454,loss,loss,loss,loss,loss,loss,loss,loss,2025
6820,67970,long,Asia,high,82.76790522347873,80.50483351235232,False,1.6277295972272776,False,2025-10,96,1.361212057181782,0.04010503461361941,2.1214776937405753,0.04010503461361941,2.945754111035727,4.064055478175014,2.945754111035727,4.064055478175014,12.0,2.945754111035727,win,win,win,win,win,loss,loss,loss,2025
6820,60638,long,Asia,high,82.89902280130293,80.50483351235232,False,1.6277295972272776,False,2025-06,96,0.7405130616541082,0.00871077970835684,1.0387120870045174,0.00871077970835684,1.0387120870045174,2.439308677671906,1.0387120870045174,3.0156719350434904,12.0,1.0387120870045174,win,win,loss,loss,loss,loss,loss,loss,2025
6888,11587,short,Asia,mid,45.85129310344828,44.940152339499456,False,1.1591900256785357,False,2023-05,96,1.173269720205577,0.5968549796168432,1.173269720205577,0.6427319605463446,1.173269720205577,1.9427311627253518,1.173269720205577,4.4305353661966675,13.0,1.173269720205577,win,win,loss,loss,loss,loss,loss,loss,2023
6888,37023,short,Asia,mid,36.20405924300603,44.940152339499456,False,1.1591900256785357,False,2024-06,96,1.7903115757647619,0.655000935032211,1.7903115757647619,0.7975985773471721,1.7903115757647619,0.7975985773471721,1.7903115757647619,3.031385173712813,16.0,1.7903115757647619,win,win,win,loss,loss,loss,loss,loss,2024
6888,51384,short,Asia,mid,42.40223463687151,44.940152339499456,False,1.1591900256785357,False,2025-01,96,0.7987637006597652,0.20412120863215488,0.8893383848760159,0.20412120863215488,1.6661147527731617,0.20412120863215488,2.037602225717697,1.264763887569136,17.0,1.6661147527731617,win,win,win,loss,loss,loss,loss,loss,2025
6888,46561,short,Asia,mid,54.535637149028084,44.940152339499456,False,1.1591900256785357,False,2024-11,96,0.3486897725867908,0.7604180138938895,0.3486897725867908,0.7604180138938895,3.243447907336912,0.7604180138938895,3.6586050193275206,0.7604180138938895,37.0,3.6586050193275206,win,win,win,win,win,win,win,loss,2024
6888,38950,short,Asia,mid,37.878787878787875,44.940152339499456,False,1.1591900256785357,False,2024-07,96,1.011174823656718,0.4914156434664049,2.9201503240750433,0.4914156434664049,3.8819154688484034,0.4914156434664049,3.8819154688484034,5.2182749232943975,18.0,3.8819154688484034,win,win,win,win,win,win,win,loss,2024
7721,32745,long,Asia,low,21.829855537720707,28.53290183387271,False,1.5831753065927785,False,2024-04,96,0.9385712002647204,0.5459565703196877,1.2538975414218134,0.5459565703196877,1.2538975414218134,0.5459565703196877,3.851327285064274,0.5459565703196877,36.0,4.164431279259411,win,win,win,win,win,win,win,win,2024
7721,5596,long,Asia,low,26.33587786259542,28.53290183387271,False,1.5831753065927785,False,2023-02,96,0.46485254963425005,0.6526894937839806,1.3236360363451833,0.6526894937839806,1.9001374611936903,0.6526894937839806,3.061917738187375,0.6526894937839806,52.0,3.061917738187375,win,win,win,win,win,win,loss,loss,2023
7721,44833,long,Asia,low,29.967948717948715,28.53290183387271,False,1.5831753065927785,False,2024-10,96,2.091141833258087,0.07057228302765875,2.091141833258087,0.07057228302765875,3.2037814443956565,0.07057228302765875,4.117967791558477,0.07057228302765875,35.0,4.117967791558477,win,win,win,win,win,win,win,win,2024
7721,42720,long,Asia,low,20.365394948952176,28.53290183387271,False,1.5831753065927785,False,2024-09,96,0.8461712951450041,0.16778832730350865,0.8461712951450041,0.2668948976498375,2.7138331071416237,0.362085402906383,3.4883102875679604,0.362085402906383,48.0,9.331681872908565,win,win,win,win,win,win,win,win,2024
7721,45663,long,Asia,low,21.344717182497334,28.53290183387271,False,1.5831753065927785,False,2024-11,96,0.5024791489309832,1.2743451931153398,0.8904285399995928,1.2743451931153398,0.9950108775780839,1.8714592593409316,2.8218411702403676,3.2544195279877473,3.0,0.5024791489309832,win,loss,loss,loss,loss,loss,loss,loss,2024
7740,3327,short,Asia,mid,37.304582210242586,31.55365723438334,False,1.9988394909787228,False,2023-01,96,0.35368596193234014,0.2493376191262923,0.845496177631864,0.46078031375978706,0.845496177631864,1.9957993566185483,0.845496177631864,1.9957993566185483,10.0,0.845496177631864,win,loss,loss,loss,loss,loss,loss,loss,2023
7740,18434,short,Asia,mid,35.791757049891544,31.55365723438334,False,1.9988394909787228,False,2023-09,96,0.7188038146988361,0.1340065450358449,0.761193640169275,0.1340065450358449,0.761193640169275,0.6062200846858367,1.1691387347511453,0.6062200846858367,43.0,2.633638834070954,win,win,win,win,win,loss,loss,loss,2023
7740,18805,short,Asia,mid,40.17325392528425,31.55365723438334,False,1.9988394909787228,False,2023-09,96,0.29831458978248687,0.3909903742435262,0.3960621833433684,0.5468332356754898,2.0310290077155786,0.5468332356754898,2.135231631039972,0.5468332356754898,51.0,4.093872090693985,win,win,win,win,win,win,win,win,2023
7740,71072,short,Asia,mid,38.18576860401956,31.55365723438334,False,1.9988394909787228,False,2025-12,96,1.82710355273318,0.35198226654625053,1.82710355273318,0.35198226654625053,1.82710355273318,0.8051326752331041,1.82710355273318,1.407790952680471,21.0,1.82710355273318,win,win,win,loss,loss,loss,loss,loss,2025
7740,69990,short,Asia,mid,39.8542600896861,31.55365723438334,False,1.9988394909787228,False,2025-11,96,0.10664723267485664,0.47627557425413103,0.337455120809062,0.47627557425413103,0.337455120809062,1.6918637850942995,0.337455120809062,2.01538650247413,12.0,0.337455120809062,loss,loss,loss,loss,loss,loss,loss,loss,2025
7921,45104,long,Asia,low,22.87091590787359,26.524064171122998,False,1.7845701999076993,False,2024-10,96,0.768389525264107,0.17270378956230767,2.392469392494124,0.17270378956230767,2.701343477672763,0.17270378956230767,3.5783845628538264,0.17270378956230767,,3.9619862492855007,win,win,win,win,win,win,win,none,2024
7921,31274,long,Asia,low,21.22994652406417,26.524064171122998,False,1.7845701999076993,False,2024-03,96,0.9461598402260494,0.0033791422865270928,0.9461598402260494,0.7396567004941037,8.880385928978859,0.7396567004941037,10.699490859889764,0.7396567004941037,,10.699490859889764,win,win,win,win,win,win,win,win,2024
7921,61020,long,Asia,low,25.26939655172414,26.524064171122998,False,1.7845701999076993,False,2025-06,96,0.8462865736178606,0.1492082600867571,1.0136626788446608,0.1492082600867571,1.0136626788446608,1.4879594019700992,1.0136626788446608,1.8676802503945855,14.0,1.0136626788446608,win,win,loss,loss,loss,loss,loss,loss,2025
7921,21662,long,Asia,low,20.782003213711835,26.524064171122998,False,1.7845701999076993,False,2023-10,96,0.04459826055582093,1.15123984451783,0.08617291022648543,1.2366568520231338,0.08617291022648543,1.5099156857678242,0.08617291022648543,4.702848780477711,1.0,0.04459826055582093,loss,loss,loss,loss,loss,loss,loss,loss,2023
7921,43262,long,Asia,low,27.120475418692596,26.524064171122998,False,1.7845701999076993,False,2024-09,96,0.3698839323931258,0.5473456795944662,0.4003206855468035,1.0235003094395392,2.0000557962181165,1.0235003094395392,6.116497690962117,1.0235003094395392,7.0,0.4003206855468035,loss,loss,loss,loss,loss,loss,loss,loss,2024
7998,4333,long,Asia,low,16.062736614386157,19.67654986522911,False,0.812454628562067,False,2023-02,96,0.37252768751362636,1.8118731414739355,0.37252768751362636,1.8118731414739355,1.4191886452172249,4.615909202197676,1.4191886452172249,5.251221951845217,0.0,0.15602863064201722,loss,loss,loss,loss,loss,loss,loss,loss,2023
7998,14683,long,Asia,low,15.171288743882544,19.67654986522911,False,0.812454628562067,False,2023-07,96,1.5366347616876355,5.325251656065558,1.727326797117117,5.371663474212446,2.7736106105578417,5.371663474212446,2.7736106105578417,5.371663474212446,1.0,1.5366347616876355,win,win,win,loss,loss,loss,loss,loss,2023
7998,21834,long,Asia,low,15.09433962264151,19.67654986522911,False,0.812454628562067,False,2023-10,96,0.6564739168857411,1.690442131263067,0.6564739168857411,4.006844783540825,0.6564739168857411,5.015530469910806,2.4951239709517306,5.015530469910806,2.0,0.6564739168857411,win,loss,loss,loss,loss,loss,loss,loss,2023
7998,5607,long,Asia,low,20.37940379403794,19.67654986522911,False,0.812454628562067,False,2023-02,96,0.010780719520493542,2.019588123492281,0.07043403420005666,2.019588123492281,2.8338918046014894,2.019588123492281,2.8338918046014894,3.9054953249313895,0.0,0.010780719520493542,loss,loss,loss,loss,loss,loss,loss,loss,2023
7998,44281,long,Asia,low,16.933760683760685,19.67654986522911,False,0.812454628562067,False,2024-10,96,1.3742277173679724,3.797875944388123,1.3742277173679724,3.797875944388123,1.3742277173679724,4.865341298913244,4.863085693304159,4.865341298913244,0.0,1.3742277173679724,ambiguous,ambiguous,loss,loss,loss,loss,loss,loss,2024
8019,26439,long,London,low,16.83430386447856,19.776119402985074,False,0.8005868045757187,False,2024-01,96,0.9711052980827518,0.8663862768908975,4.6910849024480505,1.8522176873285736,11.473277759318604,7.34587571312902,11.473277759318604,16.868761702751524,5.0,0.9711052980827518,win,loss,loss,loss,loss,loss,loss,loss,2024
8019,34691,long,London,low,16.56930430164631,19.776119402985074,False,0.8005868045757187,False,2024-05,96,1.275281029531957,1.367854621162553,1.8009287797102589,1.367854621162553,5.224023541499615,1.367854621162553,18.62006068901156,1.367854621162553,1.0,1.275281029531957,win,win,loss,loss,loss,loss,loss,loss,2024
8019,50314,long,London,low,21.525423728813557,19.776119402985074,False,0.8005868045757187,False,2025-01,96,2.6397037281635454,0.5790280905127582,2.934658690195204,0.5790280905127582,2.934658690195204,0.5790280905127582,6.939173436847474,4.18091499578969,17.0,2.934658690195204,win,win,win,win,win,loss,loss,loss,2025
8019,33226,long,London,low,11.058201058201059,19.776119402985074,False,0.8005868045757187,False,2024-04,96,2.4996900276628105,0.1769041560450785,3.2362189654353086,1.1094487791859735,9.484708975771941,6.2774023239285945,9.484708975771941,6.2774023239285945,7.0,3.2362189654353086,win,win,win,win,ambiguous,ambiguous,loss,loss,2024
8019,61320,long,London,low,15.797872340425531,19.776119402985074,False,0.8005868045757187,False,2025-07,96,2.1354788555301365,11.76166534539905,2.1354788555301365,11.76166534539905,2.1354788555301365,11.76166534539905,2.1354788555301365,11.76166534539905,0.0,0.6926245865022634,ambiguous,loss,loss,loss,loss,loss,loss,loss,2025
8278,6627,long,Asia,low,23.961144090663787,15.169445938676706,False,1.5190203481929077,False,2023-03,96,1.5101419833714524,0.30237298126832035,1.613086630840311,0.30237298126832035,3.3657300222659328,0.30237298126832035,3.465228823794395,0.30237298126832035,,28.05607764657173,win,win,win,win,win,win,win,win,2023
8278,18612,long,Asia,low,19.423286180631123,15.169445938676706,False,1.5190203481929077,False,2023-09,96,0.9095739170315726,0.9468119697380062,1.4446985262935765,0.9468119697380062,1.9053470301427133,0.9468119697380062,1.9053470301427133,2.123258597831882,17.0,1.9053470301427133,win,win,win,loss,loss,loss,loss,loss,2023
8278,33743,long,Asia,low,5.3908355795148255,15.169445938676706,False,1.5190203481929077,False,2024-05,96,0.14489882091716386,0.706515917546216,0.14489882091716386,0.706515917546216,1.6840462964373306,0.706515917546216,1.6840462964373306,1.2847695454656092,19.0,1.6840462964373306,win,win,win,loss,loss,loss,loss,loss,2024
8278,50294,long,Asia,low,13.885714285714284,15.169445938676706,False,1.5190203481929077,False,2025-01,96,0.2082510729641953,0.586176589413029,1.0478416186349488,0.586176589413029,2.5030900803129446,0.586176589413029,4.0809683153780565,0.586176589413029,,8.200826891370003,win,win,win,win,win,win,win,win,2025
8278,54224,long,Asia,low,22.017353579175705,15.169445938676706,False,1.5190203481929077,False,2025-03,96,0.25900114227493665,0.8518162567727058,0.25900114227493665,1.229380421947256,0.25900114227493665,1.8991958760401637,1.3321933753839765,1.8991958760401637,4.0,0.25900114227493665,loss,loss,loss,loss,loss,loss,loss,loss,2025
8317,22250,long,Overlap,mid,46.610614818707305,36.670179135932564,False,2.9560900171209217,False,2023-11,96,0.17286071485631846,0.6400518360896085,0.17286071485631846,0.8547867181083108,0.17286071485631846,0.8547867181083108,0.17286071485631846,1.564398121137065,22.0,0.17286071485631846,loss,loss,loss,loss,loss,loss,loss,loss,2023
8317,72306,long,Overlap,mid,35.44438531133582,36.670179135932564,False,2.9560900171209217,False,2025-12,96,0.4645820372344106,1.3398253652463206,2.313941848465755,1.3398253652463206,2.313941848465755,1.3398253652463206,2.313941848465755,1.3398253652463206,0.0,0.4645820372344106,loss,loss,loss,loss,loss,loss,loss,loss,2025
8317,63237,long,Overlap,mid,45.797872340425535,36.670179135932564,False,2.9560900171209217,False,2025-08,96,4.976599404219509,0.0056694000959816955,5.019781334950313,0.0056694000959816955,5.019781334950313,0.0056694000959816955,5.609115474923644,0.0056694000959816955,,7.134562060738967,win,win,win,win,win,win,win,win,2025
8317,58952,long,Overlap,mid,39.51399894347596,36.670179135932564,False,2.9560900171209217,False,2025-05,96,0.2515570512625885,0.5030569953626151,0.2515570512625885,0.6537056903071614,0.2515570512625885,0.880992197463839,0.2515570512625885,2.1732130728259516,26.0,0.2515570512625885,loss,loss,loss,loss,loss,loss,loss,loss,2025
8317,11075,long,Overlap,mid,35.073839662447256,36.670179135932564,False,2.9560900171209217,False,2023-05,96,0.30389242802280675,1.8551073110772032,0.30389242802280675,3.205906351926001,0.30389242802280675,4.069954521584026,0.30389242802280675,4.069954521584026,1.0,0.30389242802280675,loss,loss,loss,loss,loss,loss,loss,loss,2023
8364,41258,short,Asia,low,7.429182255478353,14.193200215866163,False,1.39767614354957,False,2024-08,96,0.24850116387742568,1.2869160142448657,2.9284604962570207,1.3133662038297447,3.272312960859853,1.3133662038297447,3.29908969599508,1.3133662038297447,0.0,0.17143641397581963,loss,loss,loss,loss,loss,loss,loss,loss,2024
8364,4614,short,Asia,low,17.421790722761596,14.193200215866163,False,1.39767614354957,False,2023-02,96,0.5381548642688609,0.9078438579839259,1.2617923536927913,0.9567670274629132,1.2617923536927913,4.302260982095328,1.2617923536927913,4.302260982095328,8.0,1.2617923536927913,win,win,loss,loss,loss,loss,loss,loss,2023
8364,20556,short,Asia,low,15.120643431635388,14.193200215866163,False,1.39767614354957,False,2023-10,96,0.29895430868460904,0.5486861161814506,0.7853884380697411,0.7376136575051093,0.7853884380697411,7.009139397077459,0.7853884380697411,10.884687505303528,8.0,0.7853884380697411,win,loss,loss,loss,loss,loss,loss,loss,2023
8364,50490,short,Asia,low,8.286038592508513,14.193200215866163,False,1.39767614354957,False,2025-01,96,1.4448993934096381,0.7219128254911529,1.4448993934096381,0.7219128254911529,3.514358965541208,0.7219128254911529,3.5351179858081765,0.7219128254911529,36.0,3.5351179858081765,win,win,win,win,win,win,win,loss,2025
8364,13681,short,Asia,low,7.625743645213628,14.193200215866163,False,1.39767614354957,False,2023-06,96,0.5344590647183523,0.184515629486079,0.5344590647183523,0.47488191789364814,4.186017588059361,0.47488191789364814,5.986057208626021,0.47488191789364814,,7.76238165424296,win,win,win,win,win,win,win,win,2023
8500,13087,short,Overlap,low,28.662420382165603,25.619399051133367,False,1.3757890505221533,False,2023-06,96,0.4660729758030187,0.5185354615214742,0.6777965788813489,0.5185354615214742,1.029576282226087,0.5906713793844437,2.090067957821927,0.9419826676781347,55.0,3.404440591091408,win,win,win,win,win,win,loss,loss,2023
8500,26636,short,Overlap,low,18.874868559411144,25.619399051133367,False,1.3757890505221533,False,2024-01,96,1.4381193171876705,0.15242314889188902,1.4381193171876705,1.1314310478165381,1.4381193171876705,1.8709826403248202,1.4381193171876705,1.8709826403248202,5.0,1.4381193171876705,win,win,loss,loss,loss,loss,loss,loss,2024
8500,41651,short,Overlap,low,28.902953586497894,25.619399051133367,False,1.3757890505221533,False,2024-09,96,0.4131412374702667,0.7631597256505825,0.6644948877963013,0.7631597256505825,0.817468036976626,0.7631597256505825,1.4845219551495539,0.7631597256505825,62.0,3.09557374558771,win,win,win,win,win,win,loss,loss,2024
8500,72399,short,Overlap,low,29.734042553191493,25.619399051133367,False,1.3757890505221533,False,2025-12,96,1.92610010806542,1.4847392967857058,1.92610010806542,2.552941940987695,1.92610010806542,2.762355997680916,1.92610010806542,2.762355997680916,1.0,1.92610010806542,win,win,win,loss,loss,loss,loss,loss,2025
8500,69663,short,Overlap,low,16.37069922308546,25.619399051133367,False,1.3757890505221533,False,2025-11,96,0.6796341846482251,0.9396723791479696,0.6796341846482251,3.572473655941841,0.6796341846482251,3.572473655941841,0.6796341846482251,3.572473655941841,4.0,0.6796341846482251,win,loss,loss,loss,loss,loss,loss,loss,2025
8544,28796,long,Asia,low,0.5898123324396782,0.8112493239588967,False,1.2165882173519356,False,2024-02,96,0.873502299578421,0.9253664986159026,1.2829565025058316,0.9253664986159026,2.4467163370482847,0.9253664986159026,3.916201976443185,0.9253664986159026,32.0,3.916201976443185,win,win,win,win,win,win,win,loss,2024
8544,42606,long,Asia,low,2.718868950516585,0.8112493239588967,False,1.2165882173519356,False,2024-09,96,3.331561106863215,0.0010404625567721536,3.4137576488503445,1.184566620913131,3.4137576488503445,2.73225467414826,3.7352605789005104,3.060520610817563,7.0,3.4137576488503445,win,win,win,win,win,win,loss,loss,2024
8544,54786,long,Asia,low,5.1474530831099194,0.8112493239588967,False,1.2165882173519356,False,2025-03,96,1.8805979122635854,0.3722685287074202,1.8805979122635854,0.3722685287074202,1.8805979122635854,1.6623715333660423,3.713902182041692,1.6623715333660423,13.0,1.8805979122635854,win,win,win,loss,loss,loss,loss,loss,2025
8544,61371,long,Asia,low,3.0451332245785756,0.8112493239588967,False,1.2165882173519356,False,2025-07,96,0.3634851896190581,0.6240869685839875,1.8562447547531393,1.3467139848390854,3.030038600841539,1.3467139848390854,3.798813848788383,1.3467139848390854,4.0,0.3634851896190581,loss,loss,loss,loss,loss,loss,loss,loss,2025
8544,60723,long,Asia,low,0.544959128065395,0.8112493239588967,False,1.2165882173519356,False,2025-06,96,2.2036433777987687,0.2499004758270565,2.702368331709719,0.2499004758270565,2.702368331709719,0.2499004758270565,3.209970267001058,0.2499004758270565,35.0,3.209970267001058,win,win,win,win,win,win,loss,loss,2025
8573,70021,long,London,low,28.264462809917358,19.435569755058573,False,1.8130529627019214,False,2025-11,96,0.705707216168643,1.082801044883039,0.705707216168643,3.620086517642795,0.705707216168643,3.620086517642795,0.705707216168643,6.40675082407947,3.0,0.705707216168643,win,loss,loss,loss,loss,loss,loss,loss,2025
8573,53695,long,London,low,25.977504017139797,19.435569755058573,False,1.8130529627019214,False,2025-03,96,0.3693909376121098,0.035561940194791516,0.3693909376121098,0.6422068023420604,0.3693909376121098,0.7424426631854061,1.6799530277337078,3.0189298053638502,18.0,0.3693909376121098,loss,loss,loss,loss,loss,loss,loss,loss,2025
8573,49397,long,London,low,19.463806970509385,19.435569755058573,False,1.8130529627019214,False,2024-12,96,0.07505073238468597,0.8199116061462034,0.07505073238468597,1.3342091014219255,0.07505073238468597,1.703581044506515,2.4931429814439894,2.6500672400664076,6.0,0.07505073238468597,loss,loss,loss,loss,loss,loss,loss,loss,2024
8573,40253,long,London,low,11.714589989350372,19.435569755058573,False,1.8130529627019214,False,2024-08,96,0.7528181287374719,0.1711369643146394,1.2526210959476363,0.1711369643146394,1.2526210959476363,0.1711369643146394,4.857106915772661,0.1711369643146394,,8.611279918670762,win,win,win,win,win,win,win,win,2024
8573,59569,long,London,low,15.594855305466238,19.435569755058573,False,1.8130529627019214,False,2025-06,96,0.5474702103485086,0.9268893920328383,0.8917018120237422,0.9268893920328383,0.8917018120237422,0.9379310119667156,0.8917018120237422,5.358704425937662,20.0,0.8917018120237422,win,loss,loss,loss,loss,loss,loss,loss,2025
8641,49379,long,Asia,low,0.3789929615592853,7.389428263214672,False,5.381111027957194,False,2024-12,96,0.295951742789657,0.02695128405597585,0.3237228377675151,0.27361189516912315,1.0042683792724283,0.27361189516912315,1.2845412381815826,0.27361189516912315,,3.2053582280879285,win,win,win,win,win,win,none,none,2024
8641,42160,long,Asia,low,1.0793308148947653,7.389428263214672,False,5.381111027957194,False,2024-09,96,0.38281404290820065,0.12128407527655541,0.574459577784668,0.12128407527655541,0.7179254013418488,0.20285566572799074,1.4763980844870213,0.20285566572799074,,2.487217968502571,win,win,win,win,none,none,none,none,2024
8641,4058,long,Asia,low,9.027027027027026,7.389428263214672,False,5.381111027957194,False,2023-01,96,0.06742825294929566,0.23499160913615902,0.06742825294929566,1.0493447800809426,0.06742825294929566,1.6219516662866136,0.06742825294929566,2.381437910842076,7.0,0.06742825294929566,loss,loss,loss,loss,loss,loss,loss,loss,2023
8641,54034,long,Asia,low,3.373231773667029,7.389428263214672,False,5.381111027957194,False,2025-03,96,0.2104814294038826,0.0817803457362431,0.21717388575459207,0.15716240902726233,0.6253401796719764,0.15716240902726233,0.6253401796719764,0.4210364022841282,,3.7914603813722842,win,win,win,win,win,win,win,none,2025
8641,25214,long,Asia,low,16.71217913708356,7.389428263214672,False,5.381111027957194,False,2023-12,96,0.0632203911789904,0.14078071329598715,0.12457035658344223,0.33181353240091177,0.12457035658344223,0.4204717141134512,0.12457035658344223,0.5313256150170478,,2.215456982400401,win,win,win,win,none,none,none,none,2023
8661,23023,short,Asia,low,21.158008658008658,27.321237993596586,False,1.3801842429241873,False,2023-11,96,0.9408660616708415,0.31428401954495216,0.9408660616708415,0.9939914804565765,0.9408660616708415,1.2223811313106194,0.9408660616708415,3.464075204368131,10.0,0.9408660616708415,win,loss,loss,loss,loss,loss,loss,loss,2023
8661,59282,short,Asia,low,22.911051212938006,27.321237993596586,False,1.3801842429241873,False,2025-06,96,0.8762070916383103,0.24806314660831016,1.479050009179404,0.7465923307038618,1.600749364865945,0.7465923307038618,1.900262645585623,0.7465923307038618,79.0,4.15855603211658,win,win,win,win,win,win,win,win,2025
8661,6159,short,Asia,low,17.452574525745256,27.321237993596586,False,1.3801842429241873,False,2023-03,96,0.6997754960357181,0.16294244729583296,0.7708608696435628,0.16294244729583296,0.8479469566078771,2.3605883157825502,0.8479469566078771,3.7555233745028316,12.0,0.8479469566078771,win,loss,loss,loss,loss,loss,loss,loss,2023
8661,16058,short,Asia,low,18.27956989247312,27.321237993596586,False,1.3801842429241873,False,2023-08,96,0.22195735001565878,1.3615678267104558,1.474553867932914,1.3615678267104558,2.7237091866250727,1.3615678267104558,2.7237091866250727,1.6311284326723916,2.0,0.22195735001565878,loss,loss,loss,loss,loss,loss,loss,loss,2023
8661,58921,short,Asia,low,25.832438238453275,27.321237993596586,False,1.3801842429241873,False,2025-05,96,0.11807962159385363,1.2168944653171294,0.11807962159385363,2.5994706393208347,0.11807962159385363,2.8220103964792314,0.8926713610078949,2.8220103964792314,2.0,0.11807962159385363,loss,loss,loss,loss,loss,loss,loss,loss,2025
8686,20595,long,Overlap,high,87.02731092436974,77.56714060031595,False,4.470958596264241,False,2023-10,96,0.2294387777097709,0.07162119186396493,0.6776021117049305,0.07162119186396493,0.714571001844961,0.07162119186396493,0.714571001844961,0.07162119186396493,,1.4641804034831947,win,win,none,none,none,none,none,none,2023
8686,27455,long,Overlap,high,77.60169043845747,77.56714060031595,False,4.470958596264241,False,2024-01,96,0.06724604393754223,0.2313333959414531,0.08300683548541334,0.2313333959414531,0.08300683548541334,0.2313333959414531,0.8846182056004604,0.2313333959414531,,1.6693305047780755,win,win,win,none,none,none,none,none,2024
8686,60242,long,Overlap,high,86.12137203166228,77.56714060031595,False,4.470958596264241,False,2025-06,96,0.4224178691584056,0.06372626382921315,0.4224178691584056,0.10163810232097027,0.5616703325984858,0.10163810232097027,0.6851234422468954,0.10163810232097027,,0.8099647796343203,win,none,none,none,none,none,none,none,2025
8686,42567,long,Overlap,high,80.86680761099366,77.56714060031595,False,4.470958596264241,False,2024-09,96,0.2120714283337896,0.04482761628790847,0.26347537056436215,0.04482761628790847,0.35029493966032305,0.04482761628790847,0.35029493966032305,0.04482761628790847,95.0,0.5182627508925604,win,loss,loss,loss,loss,loss,loss,loss,2024
8686,44315,long,Overlap,high,75.39349422875131,77.56714060031595,False,4.470958596264241,False,2024-10,96,0.35406324450624344,0.14313709645539582,0.4837150969778583,0.14313709645539582,0.4837150969778583,0.14313709645539582,0.4837150969778583,0.3989334285239546,,0.8088122792947893,win,none,none,none,none,none,none,none,2024
8753,45640,long,Asia,low,21.123716909778498,25.34685165421558,False,2.406291997589896,False,2024-11,96,0.8754832603020044,0.03943299677788485,1.045239658987109,0.03943299677788485,1.3999598004061533,0.03943299677788485,2.230705176471328,0.03943299677788485,65.0,3.0467736972335864,win,win,win,win,win,win,loss,loss,2024
8753,11581,long,Asia,low,22.54054054054054,25.34685165421558,False,2.406291997589896,False,2023-05,96,1.6708640521828446,0.6028063022371238,2.558364865016685,0.6028063022371238,2.584528782733065,0.6028063022371238,4.744735810818732,0.6028063022371238,,4.744735810818732,win,win,win,win,win,win,win,win,2023
8753,69261,long,Asia,low,19.79638009049774,25.34685165421558,False,2.406291997589896,False,2025-11,96,0.41390637028596833,0.10420810265166808,0.6319733752437744,0.2261264493500635,0.6319733752437744,1.159584645713704,0.6319733752437744,1.159584645713704,12.0,0.6319733752437744,win,loss,loss,loss,loss,loss,loss,loss,2025
8753,35487,long,Asia,low,28.47109670448406,25.34685165421558,False,2.406291997589896,False,2024-05,96,0.2974813442256788,1.712091029717615,0.2974813442256788,2.180849511527806,0.4002136094700533,2.180849511527806,1.6816455405143194,2.180849511527806,3.0,0.2974813442256788,loss,loss,loss,loss,loss,loss,loss,loss,2024
8753,59928,long,Asia,low,20.463112547119007,25.34685165421558,False,2.406291997589896,False,2025-06,96,0.4595051731717489,0.004619999730235727,0.4595051731717489,0.5133743700265991,0.4595051731717489,2.978975826072233,2.1271402758067586,2.978975826072233,9.0,0.4595051731717489,loss,loss,loss,loss,loss,loss,loss,loss,2025
8778,29104,long,Overlap,mid,65.52451238798102,67.19325961032122,False,6.232364266846619,False,2024-02,96,0.10590727448893436,0.1803197816799295,0.10590727448893436,0.24942876588033408,0.20128909565809794,0.36643264231879974,0.2597910338773215,0.36643264231879974,,0.8437497114715575,win,none,none,none,none,none,none,none,2024
8778,7488,long,Overlap,mid,68.7401159725883,67.19325961032122,False,6.232364266846619,False,2023-03,96,0.06665231361698265,0.627229795878753,0.41331189744586655,0.627229795878753,0.8632150143605091,0.627229795878753,1.442313283091861,0.627229795878753,,1.442313283091861,win,win,none,none,none,none,none,none,2023
8778,32684,long,Overlap,mid,59.73684210526316,67.19325961032122,False,6.232364266846619,False,2024-04,96,0.35277916993514163,0.08260108917510847,0.3691401993756193,0.08260108917510847,0.3691401993756193,1.1609255862970405,0.3691401993756193,1.444767337589813,13.0,0.3691401993756193,loss,loss,loss,loss,loss,loss,loss,loss,2024
8778,4279,long,Overlap,mid,58.611552729199786,67.19325961032122,False,6.232364266846619,False,2023-02,96,0.11392374959382004,0.6629077968765438,0.11392374959382004,2.54196424679518,0.11392374959382004,2.692034797241773,0.11392374959382004,2.957255635434862,4.0,0.11392374959382004,loss,loss,loss,loss,loss,loss,loss,loss,2023
8778,70212,long,Overlap,mid,57.39084692267228,67.19325961032122,False,6.232364266846619,False,2025-11,96,0.24762246966678328,0.09161042546477219,0.24762246966678328,0.22902606366192682,0.24762246966678328,0.22902606366192682,0.24762246966678328,0.95135130204971,62.0,0.24762246966678328,loss,loss,loss,loss,loss,loss,loss,loss,2025
8822,13573,long,Asia,low,0.32733224222585927,7.13128038897893,False,1.2760749382904937,False,2023-06,96,1.5225947746178872,0.6761377952858032,5.5992431755113365,0.6761377952858032,5.5992431755113365,0.6761377952858032,5.5992431755113365,0.6761377952858032,43.0,5.5992431755113365,win,win,win,win,win,win,win,win,2023
8822,62197,long,Asia,low,14.37125748502994,7.13128038897893,False,1.2760749382904937,False,2025-07,96,0.19701979193898683,2.724394702545353,0.19701979193898683,3.1641127604781545,0.19701979193898683,3.840254568737672,0.19701979193898683,7.6867836531421005,1.0,0.19701979193898683,loss,loss,loss,loss,loss,loss,loss,loss,2025
8822,69791,long,Asia,low,2.9209621993127146,7.13128038897893,False,1.2760749382904937,False,2025-11,96,1.2820034234025965,0.3080186198143497,1.7361049480447246,0.42847034560036745,2.419553670124509,0.42847034560036745,2.419553670124509,1.1757747796281433,17.0,2.419553670124509,win,win,win,win,loss,loss,loss,loss,2025
8822,16710,long,Asia,low,1.070663811563169,7.13128038897893,False,1.2760749382904937,False,2023-08,96,1.74378913167707,0.6309346130977294,1.74378913167707,1.339547105697401,3.0960183401501844,1.339547105697401,3.0960183401501844,5.0173569106888625,7.0,1.74378913167707,win,win,win,loss,loss,loss,loss,loss,2023
8822,28778,long,Asia,low,7.146724417975095,7.13128038897893,False,1.2760749382904937,False,2024-02,96,2.121569059991005,0.1900125824771993,2.1351413873108167,0.1900125824771993,2.1351413873108167,0.1900125824771993,2.716608463012106,0.1900125824771993,50.0,3.870256285195763,win,win,win,win,win,win,win,loss,2024
8916,27146,short,Asia,mid,43.494623655913976,52.23961144090664,False,0.6434138320864622,False,2024-01,96,6.146963128014588,2.3044916859930744,6.155222954846097,2.3044916859930744,8.60343562770754,2.3044916859930744,11.370477616265493,2.3044916859930744,0.0,1.5487175309093444,ambiguous,ambiguous,ambiguous,loss,loss,loss,loss,loss,2024
8916,47029,short,Asia,mid,45.69892473118279,52.23961144090664,False,0.6434138320864622,False,2024-11,96,1.4467267179269803,3.1405030976892774,1.4467267179269803,3.1405030976892774,1.4467267179269803,6.343377707636628,1.4467267179269803,11.788215816803273,2.0,1.4467267179269803,win,win,loss,loss,loss,loss,loss,loss,2024
8916,36138,short,Asia,mid,45.425188374596345,52.23961144090664,False,0.6434138320864622,False,2024-06,96,1.5974172115450587,3.4096884368320866,1.5974172115450587,3.917169141165143,1.5974172115450587,3.917169141165143,1.5974172115450587,10.155768758933071,0.0,1.5974172115450587,ambiguous,ambiguous,ambiguous,loss,loss,loss,loss,loss,2024
8916,50573,short,Asia,mid,50.199657729606386,52.23961144090664,False,0.6434138320864622,False,2025-01,96,0.5091114504961441,0.6770351573616888,1.260911226462307,2.6577041803882415,1.850127625463245,4.704830642173997,1.850127625463245,4.704830642173997,5.0,1.260911226462307,win,win,loss,loss,loss,loss,loss,loss,2025
8916,34570,short,Asia,mid,46.33225458468177,52.23961144090664,False,0.6434138320864622,False,2024-05,96,3.9157490635650256,0.016572407093595642,4.039524229044744,0.016572407093595642,4.039524229044744,0.07820104597244815,5.572989772916583,0.07820104597244815,,12.151199613599175,win,win,win,win,win,win,win,win,2024
8935,16966,long,Asia,mid,41.125541125541126,39.52991452991453,False,2.8287978780604672,False,2023-08,96,0.04057830089162289,0.6375523225977674,0.10854073121934017,0.8655874368107837,0.25815765659270873,0.8655874368107837,1.1526229026270296,0.8655874368107837,66.0,2.6248932797622517,win,win,win,win,win,loss,loss,loss,2023
8935,34956,long,Asia,mid,45.085470085470085,39.52991452991453,False,2.8287978780604672,False,2024-05,96,0.32090295085021436,0.2151325455912276,0.37985694722410257,0.39397618164978243,0.4877328523536195,0.6035353452308658,0.4877328523536195,2.7458195369932707,21.0,0.4877328523536195,loss,loss,loss,loss,loss,loss,loss,loss,2024
8935,63296,long,Asia,mid,30.90128755364807,39.52991452991453,False,2.8287978780604672,False,2025-08,96,0.12947036965973777,0.23416881249987634,0.12947036965973777,0.5830930466768901,0.18219011135275318,0.9758445359963087,1.1197122648332989,0.9758445359963087,,2.5828438912170175,win,win,win,win,win,none,none,none,2025
8935,24384,long,Asia,mid,43.685073810825585,39.52991452991453,False,2.8287978780604672,False,2023-12,96,0.2786273787524019,0.2469962397489276,0.2786273787524019,0.2792131405857848,0.2786273787524019,0.48657282960820564,0.2786273787524019,0.9559633121034474,39.0,0.2786273787524019,loss,loss,loss,loss,loss,loss,loss,loss,2023
8935,7088,long,Asia,mid,46.22437971952535,39.52991452991453,False,2.8287978780604672,False,2023-03,96,0.6158669915562245,0.07669287064661454,0.9340649371936064,0.07669287064661454,1.215078460699291,0.130339146326205,2.542872200985262,0.130339146326205,,11.679588257792608,win,win,win,win,win,win,win,win,2023
9010,6262,long,Asia,low,6.788793103448276,7.008086253369273,False,0.9530007002112227,False,2023-03,96,0.8926541283221976,0.9307366423290818,2.9780525953411177,1.1120094090020585,2.9780525953411177,2.786116724746109,2.9780525953411177,5.336121862649363,4.0,0.8926541283221976,win,loss,loss,loss,loss,loss,loss,loss,2023
9010,3125,long,Asia,low,1.5786608600979857,7.008086253369273,False,0.9530007002112227,False,2023-01,96,0.5431896663260867,4.852674514924557,0.5431896663260867,8.02803699220465,0.5431896663260867,9.257645440853592,0.5431896663260867,10.159358303196122,0.0,0.5431896663260867,ambiguous,loss,loss,loss,loss,loss,loss,loss,2023
9010,43710,long,Asia,low,11.872638963842418,7.008086253369273,False,0.9530007002112227,False,2024-10,96,0.7936876975238266,1.241621394595495,0.7936876975238266,2.1921687344970993,0.7936876975238266,2.7759738119382527,0.7936876975238266,8.994022593235206,0.0,0.11598776373002385,loss,loss,loss,loss,loss,loss,loss,loss,2024
9010,48564,long,Asia,low,1.9661387220098308,7.008086253369273,False,0.9530007002112227,False,2024-12,96,0.47685067438460593,2.598958444798748,0.47685067438460593,2.598958444798748,1.3591466913993064,3.8622459237064586,1.3591466913993064,8.855728370337255,1.0,0.47685067438460593,loss,loss,loss,loss,loss,loss,loss,loss,2024
9010,40508,long,Asia,low,13.516424340333872,7.008086253369273,False,0.9530007002112227,False,2024-08,96,0.9137141313355732,0.26992289017447985,1.7968314133191379,0.26992289017447985,3.1778809833884067,0.3835084542073757,3.804906827644465,0.3835084542073757,41.0,7.921650037726284,win,win,win,win,win,win,win,win,2024
9118,50913,short,Asia,low,16.733755031627375,7.429182255478353,False,2.388145390162771,False,2025-01,96,0.0,1.0803712762059465,0.0,2.920188527267768,0.0,4.058295462380876,0.0,4.2376815062764,2.0,0.0,loss,loss,loss,loss,loss,loss,loss,loss,2025
9118,49185,short,Asia,low,10.564159292035399,7.429182255478353,False,2.388145390162771,False,2024-12,96,0.6213599267159269,0.3085717094424369,0.6213599267159269,0.6485755681698282,0.6213599267159269,0.6485755681698282,1.6277636821708885,1.1856053382678315,20.0,0.6213599267159269,win,loss,loss,loss,loss,loss,loss,loss,2024
9118,12503,short,Asia,low,0.10799136069114472,7.429182255478353,False,2.388145390162771,False,2023-06,96,0.1804748176383553,0.9156383843655093,0.1804748176383553,1.183335998056189,0.9787442782835581,1.183335998056189,0.9787442782835581,3.8920660561067346,7.0,0.1804748176383553,loss,loss,loss,loss,loss,loss,loss,loss,2023
9118,36765,short,Asia,low,2.1727322107550244,7.429182255478353,False,2.388145390162771,False,2024-06,96,0.14438100008744,0.4602436410554311,0.5198183255575616,0.4602436410554311,0.6990096314914095,0.4602436410554311,0.6990096314914095,1.2083147774309355,23.0,0.6990096314914095,win,loss,loss,loss,loss,loss,loss,loss,2024
9118,16048,short,Asia,low,2.2162162162162162,7.429182255478353,False,2.388145390162771,False,2023-08,96,0.28211216744830475,0.8985352225930548,0.28211216744830475,1.1969843940883906,0.7574791388689024,1.1969843940883906,2.0086545707722023,1.1969843940883906,4.0,0.28211216744830475,loss,loss,loss,loss,loss,loss,loss,loss,2023
9197,59178,short,Asia,low,25.393380358111774,28.31001076426265,False,1.2926732493768407,False,2025-06,96,0.7102546766305301,0.7568619735279115,0.7102546766305301,0.7568619735279115,0.7102546766305301,2.458317796595397,0.7102546766305301,7.621016758498676,10.0,0.7102546766305301,win,loss,loss,loss,loss,loss,loss,loss,2025
9197,4511,short,Asia,low,21.106890938686924,28.31001076426265,False,1.2926732493768407,False,2023-02,96,0.3126948667889746,0.7788623202479357,0.5793921859880461,0.9787747386193565,0.7523252735614878,0.9787747386193565,1.0000043759686352,2.0349491967409024,16.0,0.7523252735614878,win,loss,loss,loss,loss,loss,loss,loss,2023
9197,49922,short,Asia,low,27.892325315005728,28.31001076426265,False,1.2926732493768407,False,2025-01,96,0.10252694727554239,1.096350455371086,1.1019190116128297,1.096350455371086,1.1019190116128297,2.6768377416468443,1.1019190116128297,3.203557649694884,2.0,0.10252694727554239,loss,loss,loss,loss,loss,loss,loss,loss,2025
9197,15770,short,Asia,low,25.421883505715844,28.31001076426265,False,1.2926732493768407,False,2023-07,96,1.8829439201562481,0.0964684685317711,1.8829439201562481,0.0964684685317711,3.035139191183672,0.0964684685317711,3.326353380564189,0.0964684685317711,44.0,4.735998876985955,win,win,win,win,win,win,win,win,2023
9197,35587,short,Asia,low,26.89618074233459,28.31001076426265,False,1.2926732493768407,False,2024-05,96,1.1564393805594446,0.6394997186516361,1.727742952151664,0.6394997186516361,1.727742952151664,0.6394997186516361,3.280170337570361,4.712611105757138,23.0,1.727742952151664,win,win,win,loss,loss,loss,loss,loss,2024
9212,48095,long,Asia,low,24.972557628979146,18.526428190069407,False,1.5683325452339294,False,2024-12,96,0.864041268371514,0.2906380272502885,0.936427413608437,0.4513746337430185,1.3908636969989645,0.4513746337430185,1.3908636969989645,1.3945814144280115,24.0,1.3908636969989645,win,win,loss,loss,loss,loss,loss,loss,2024
9212,16796,long,Asia,low,26.584317937701396,18.526428190069407,False,1.5683325452339294,False,2023-08,96,0.22512379980891625,0.21086923606566602,0.29098971503688026,1.3315728683025305,0.29098971503688026,1.6633601278463208,0.29098971503688026,2.484717921472583,7.0,0.29098971503688026,loss,loss,loss,loss,loss,loss,loss,loss,2023
9212,17255,long,Asia,low,21.493820526598604,18.526428190069407,False,1.5683325452339294,False,2023-08,96,0.0,0.4505265017479957,0.0,1.4844270634518197,2.157066281096569,1.4844270634518197,4.092019846296504,1.4844270634518197,5.0,0.0,loss,loss,loss,loss,loss,loss,loss,loss,2023
9212,57278,long,Asia,low,12.06620395088094,18.526428190069407,False,1.5683325452339294,False,2025-05,96,1.1896560623255426,0.1458808503510248,1.1896560623255426,0.1458808503510248,1.621277051798822,0.1458808503510248,1.859867227606679,1.5231142366093169,24.0,1.859867227606679,win,win,win,loss,loss,loss,loss,loss,2025
9212,49640,long,Asia,low,24.137931034482758,18.526428190069407,False,1.5683325452339294,False,2025-01,96,0.030752317781862805,1.5591964629746329,0.030752317781862805,1.5591964629746329,0.030752317781862805,3.056348776038625,0.030752317781862805,5.515994684239876,1.0,0.030752317781862805,loss,loss,loss,loss,loss,loss,loss,loss,2025
9302,5795,short,Asia,low,22.82314764737696,16.729021913415288,False,2.4766968929201467,False,2023-02,96,0.2235122511028769,0.3380115899815533,0.275991114755633,0.707271957865446,0.33491056622027354,0.9970984094022025,0.33491056622027354,1.2218033619517046,17.0,0.33491056622027354,loss,loss,loss,loss,loss,loss,loss,loss,2023
9302,47291,short,Asia,low,15.547128927410617,16.729021913415288,False,2.4766968929201467,False,2024-11,96,0.17289021116608366,0.7083418179653935,0.17289021116608366,1.9008685995258956,0.17289021116608366,1.9268868058367097,0.17289021116608366,3.2707502548738665,5.0,0.17289021116608366,loss,loss,loss,loss,loss,loss,loss,loss,2024
9302,43527,short,Asia,low,19.093851132686083,16.729021913415288,False,2.4766968929201467,False,2024-10,96,0.6477168807491671,0.32618975488227947,0.7477691283753548,0.32618975488227947,0.7477691283753548,1.0793986171092045,0.7477691283753548,2.070595835340121,15.0,0.7477691283753548,win,loss,loss,loss,loss,loss,loss,loss,2024
9302,18438,short,Asia,low,22.13203463203463,16.729021913415288,False,2.4766968929201467,False,2023-09,96,0.2700342347221729,0.04238205477703829,0.2700342347221729,0.3923367356502213,0.4419842855319052,0.94088161605014,0.9271579030746778,0.94088161605014,39.0,1.9281816730464638,win,win,win,loss,loss,loss,loss,loss,2023
9302,71147,short,Asia,low,26.041666666666668,16.729021913415288,False,2.4766968929201467,False,2025-12,96,2.078086791687704,0.2820575237393093,2.078086791687704,0.2820575237393093,2.078086791687704,0.2820575237393093,2.078086791687704,0.2820575237393093,,3.7674345759229606,win,win,win,win,win,win,win,none,2025
9746,69697,long,Asia,low,8.027522935779817,18.005390835579515,False,2.615044219395223,False,2025-11,96,2.2284308513752755,0.009378408416035865,2.2284308513752755,0.009378408416035865,2.4450418328556816,0.009378408416035865,4.157478703765904,0.009378408416035865,,7.545564882251116,win,win,win,win,win,win,win,win,2025
9746,18904,long,Asia,low,23.354908306364617,18.005390835579515,False,2.615044219395223,False,2023-09,96,1.3962321139627436,0.3438275858811619,1.4601816764343325,0.3438275858811619,1.4601816764343325,0.3438275858811619,3.7753926881366526,0.3438275858811619,,5.828094693397116,win,win,win,win,win,win,win,win,2023
9746,12402,long,Asia,low,14.053174172544763,18.005390835579515,False,2.615044219395223,False,2023-06,96,0.38557436861370015,0.05477518885596638,0.4398125458142284,0.05477518885596638,0.5762135062987368,0.7614825274292095,0.927150623135826,0.7614825274292095,,6.68767465115633,win,win,win,win,win,win,win,win,2023
9746,9373,long,Asia,low,15.72972972972973,18.005390835579515,False,2.615044219395223,False,2023-04,96,0.5749637813535096,0.14607548505383258,0.5749637813535096,0.7768458824629171,0.5749637813535096,0.861333986451469,0.5749637813535096,1.2390847461265069,17.0,0.5749637813535096,win,loss,loss,loss,loss,loss,loss,loss,2023
9746,52931,long,Asia,low,24.524197933659597,18.005390835579515,False,2.615044219395223,False,2025-02,96,0.6750703710108075,0.1441329683267283,0.6750703710108075,0.6870474259803183,0.6750703710108075,1.6880842362191215,0.6750703710108075,2.4384195094817844,8.0,0.6750703710108075,win,loss,loss,loss,loss,loss,loss,loss,2025
9848,59176,long,Asia,low,22.10755024443237,12.117962466487937,False,1.7492652781006983,False,2025-06,96,0.1282324515153291,1.190839601069751,0.1282324515153291,1.190839601069751,0.8094330707713494,1.190839601069751,5.123045494543271,1.190839601069751,2.0,0.1282324515153291,loss,loss,loss,loss,loss,loss,loss,loss,2025
9848,29609,long,Asia,low,6.216216216216217,12.117962466487937,False,1.7492652781006983,False,2024-02,96,0.032502360064396996,0.7963078215778538,0.26506235018034985,0.8893318176242095,1.0518436179461945,0.8893318176242095,1.0518436179461945,4.4259248239420135,21.0,1.0518436179461945,win,win,loss,loss,loss,loss,loss,loss,2024
9848,34681,long,Asia,low,6.139882541377469,12.117962466487937,False,1.7492652781006983,False,2024-05,96,0.9308475784509741,0.10092833099682456,0.9308475784509741,0.7708040821560151,0.9308475784509741,0.932866145070929,6.763928376748855,0.932866145070929,,18.885709296130642,win,win,win,win,win,win,win,win,2024
9848,23473,long,Asia,low,12.404787812840043,12.117962466487937,False,1.7492652781006983,False,2023-11,96,0.7858353805606094,0.3465206783647943,0.7858353805606094,0.4097282018439339,1.0799072628468278,0.4097282018439339,1.7554656875501562,0.4097282018439339,,11.568321637619944,win,win,win,win,win,win,win,win,2023
9848,13952,long,Asia,low,11.876355748373102,12.117962466487937,False,1.7492652781006983,False,2023-07,96,1.8807912343844488,0.07093936859226074,2.3872444481312822,0.07093936859226074,2.588837970269915,0.6263317670007693,2.588837970269915,2.1609568419891083,18.0,2.588837970269915,win,win,win,win,win,loss,loss,loss,2023
10246,10788,short,London,mid,31.352785145888596,31.45118733509235,False,1.4043239701809256,False,2023-05,96,0.2690818000976482,0.47216240394481096,1.3204144646299976,0.47216240394481096,1.6430001930489209,1.377433249556327,1.6430001930489209,2.508045457513654,12.0,1.6430001930489209,win,win,win,loss,loss,loss,loss,loss,2023
10246,13785,short,London,mid,39.06501880709296,31.45118733509235,False,1.4043239701809256,False,2023-06,96,0.08324455635018994,1.657652469930142,0.08324455635018994,1.91733929245744,0.08324455635018994,3.000875773211445,4.888355605238906,4.163585065711547,1.0,0.08324455635018994,loss,loss,loss,loss,loss,loss,loss,loss,2023
10246,53336,short,London,mid,40.56503198294243,31.45118733509235,False,1.4043239701809256,False,2025-03,96,0.14171211908251283,0.7100003411799305,0.14171211908251283,1.1783290714425687,0.6382187307882109,2.282408396892619,0.6382187307882109,4.3490606066769875,6.0,0.14171211908251283,loss,loss,loss,loss,loss,loss,loss,loss,2025
10246,11960,short,London,mid,40.46211714132187,31.45118733509235,False,1.4043239701809256,False,2023-06,96,1.5378891303710411,0.10158100246692077,2.070598806098677,0.10158100246692077,2.070598806098677,3.7187308848834038,2.070598806098677,8.048522683831347,12.0,2.070598806098677,win,win,win,win,loss,loss,loss,loss,2023
10246,44845,short,London,mid,38.58811040339703,31.45118733509235,False,1.4043239701809256,False,2024-10,96,0.9240905085041334,0.7674966492397208,1.6737135826659717,0.7674966492397208,1.6737135826659717,1.6590412449155165,4.585505701696789,1.7420066456501955,9.0,1.6737135826659717,win,win,win,loss,loss,loss,loss,loss,2024
10301,16151,long,Asia,low,26.706072004298765,24.865446716899893,False,1.890997773586226,False,2023-08,96,0.08486741702485355,1.253274646761506,0.19815555044866479,1.253274646761506,0.44525789025108503,1.6606382484804978,0.44525789025108503,2.0060288991628075,3.0,0.08486741702485355,loss,loss,loss,loss,loss,loss,loss,loss,2023
10301,22037,long,Asia,low,16.16862326574173,24.865446716899893,False,1.890997773586226,False,2023-11,96,0.3707510792817371,0.6487216081926713,1.0536159300109005,0.6487216081926713,1.5527752910057457,0.6487216081926713,2.055645874015504,1.7902934999549538,28.0,2.055645874015504,win,win,win,win,loss,loss,loss,loss,2023
10301,15056,long,Asia,low,15.653577192038732,24.865446716899893,False,1.890997773586226,False,2023-07,96,1.3386744319491493,1.6526576022275148,1.782431506170444,1.6526576022275148,1.782431506170444,1.6526576022275148,1.782431506170444,2.285414254674548,3.0,1.3386744319491493,win,win,loss,loss,loss,loss,loss,loss,2023
10301,61022,long,Asia,low,19.806243272335845,24.865446716899893,False,1.890997773586226,False,2025-06,96,0.7712911932764899,0.17647868067617678,0.7712911932764899,0.17647868067617678,0.7712911932764899,1.6743430574932157,0.7712911932764899,2.0455655214138244,10.0,0.7712911932764899,win,loss,loss,loss,loss,loss,loss,loss,2025
10301,6423,long,Asia,low,26.895799236224764,24.865446716899893,False,1.890997773586226,False,2023-03,96,0.2767121311328632,0.4851489084393283,0.4070261478110587,0.4851489084393283,0.4070261478110587,1.1311387946426312,0.7877925441504604,1.1311387946426312,12.0,0.4070261478110587,loss,loss,loss,loss,loss,loss,loss,loss,2023
10410,28500,short,Asia,low,7.8590785907859075,13.226666666666667,False,2.0182700459201093,False,2024-02,96,0.007007660164497975,1.0165229391528026,0.007007660164497975,1.0165229391528026,0.7642471732317191,1.0165229391528026,0.7642471732317191,2.9407439772572666,2.0,0.007007660164497975,loss,loss,loss,loss,loss,loss,loss,loss,2024
10410,14229,short,Asia,low,11.924119241192411,13.226666666666667,False,2.0182700459201093,False,2023-07,96,0.35782372577618804,0.5713768377429064,0.4756039726432975,0.5713768377429064,1.6256934420515485,0.5713768377429064,7.121833266445738,3.0586185215837665,18.0,1.6256934420515485,win,win,win,loss,loss,loss,loss,loss,2023
10410,18349,short,Asia,low,11.561318206374931,13.226666666666667,False,2.0182700459201093,False,2023-09,96,0.21425752503067635,0.7944930052533415,0.5443446257760094,0.7944930052533415,0.7183608897602781,0.7944930052533415,1.3067533823571382,2.5966489391407013,19.0,0.7183608897602781,win,loss,loss,loss,loss,loss,loss,loss,2023
10410,38402,short,Asia,low,12.683723462166578,13.226666666666667,False,2.0182700459201093,False,2024-07,96,1.003379085869848,0.7087674965687101,2.680398901891788,0.7087674965687101,2.87982828541877,0.7087674965687101,2.87982828541877,2.658303032694209,23.0,2.87982828541877,win,win,win,win,win,loss,loss,loss,2024
10410,23486,short,Asia,low,10.10264721772015,13.226666666666667,False,2.0182700459201093,False,2023-11,96,0.520812444669406,0.24569625252350571,0.6909710143781498,0.24569625252350571,0.6909710143781498,0.43016722529189055,0.6909710143781498,3.221880955420659,25.0,0.6909710143781498,win,loss,loss,loss,loss,loss,loss,loss,2023
10498,48183,short,Asia,low,5.665566556655666,1.2827365045430252,False,1.0003648954159798,False,2024-12,96,1.8552789997292993,1.1320065111298694,1.8552789997292993,1.3552541295271816,7.525685515341196,1.3552541295271816,10.588078496330331,1.3552541295271816,1.0,1.8552789997292993,win,win,win,loss,loss,loss,loss,loss,2024
10498,18147,short,Asia,low,0.0,1.2827365045430252,False,1.0003648954159798,False,2023-09,96,0.4613112043145628,1.0811000672539648,3.952526951251718,2.163769220236496,3.952526951251718,2.163769220236496,4.661753700741899,2.648616710485268,2.0,0.4613112043145628,loss,loss,loss,loss,loss,loss,loss,loss,2023
10498,29416,short,Asia,low,10.320478001086366,1.2827365045430252,False,1.0003648954159798,False,2024-02,96,1.050932266325273,1.0249604186137746,1.050932266325273,1.0249604186137746,1.050932266325273,1.0249604186137746,1.050932266325273,5.589512653906401,1.0,0.8496504465612131,win,loss,loss,loss,loss,loss,loss,loss,2024
10498,54793,short,Asia,low,8.547008547008547,1.2827365045430252,False,1.0003648954159798,False,2025-03,96,0.7348828353788814,0.7289880532769615,2.414502748966817,0.7289880532769615,2.414502748966817,3.2228738678837296,2.414502748966817,7.575580971978372,9.0,2.414502748966817,win,win,win,win,loss,loss,loss,loss,2025
10498,44628,short,Asia,low,0.37817396002160997,1.2827365045430252,False,1.0003648954159798,False,2024-10,96,0.9007701821464591,3.2713523328950527,0.9007701821464591,4.49683357928587,2.1772865663356127,4.49683357928587,2.1772865663356127,5.015478167164661,2.0,0.9007701821464591,win,loss,loss,loss,loss,loss,loss,loss,2024
10594,26671,short,Asia,low,12.466124661246612,19.466666666666665,False,3.168517170138617,False,2024-01,96,0.5190789133690736,0.09019989392430958,0.5190789133690736,0.09019989392430958,0.7314781873955729,0.09019989392430958,2.60999835919511,0.09019989392430958,,5.892200689778385,win,win,win,win,win,win,win,win,2024
10594,18630,short,Asia,low,21.066810344827587,19.466666666666665,False,3.168517170138617,False,2023-09,96,0.45182223005254757,0.14060316328712447,0.47204820713797346,0.14060316328712447,0.5444702541211195,0.3549332753048082,4.233753719582694,0.3549332753048082,,4.233753719582694,win,win,win,win,win,win,win,win,2023
10594,20554,short,Asia,low,18.46484165324745,19.466666666666665,False,3.168517170138617,False,2023-10,96,0.1975111897804922,0.17539485126693422,0.45062039721304564,0.17539485126693422,0.45062039721304564,2.477644256250986,0.45062039721304564,4.501596401606496,10.0,0.45062039721304564,loss,loss,loss,loss,loss,loss,loss,loss,2023
10594,58014,short,Asia,low,15.26147278548559,19.466666666666665,False,3.168517170138617,False,2025-05,96,0.2581066208866937,0.5827972686108642,0.2581066208866937,0.8718651742327131,0.2581066208866937,0.8718651742327131,3.1002719911725616,0.8718651742327131,,6.219074714101099,win,win,win,win,win,win,win,win,2025
10594,58904,short,Asia,low,13.821138211382115,19.466666666666665,False,3.168517170138617,False,2025-05,96,0.3231771048401084,0.34665685943796104,0.9284260068731359,0.34665685943796104,0.9284260068731359,0.34665685943796104,0.9284260068731359,1.2019997695601745,22.0,0.9284260068731359,win,loss,loss,loss,loss,loss,loss,loss,2025
10665,49274,short,Asia,low,20.21978021978022,23.8403451995685,False,1.8549987389194749,False,2024-12,96,0.2688942943871692,0.7251256880870127,0.2688942943871692,0.7251256880870127,0.4626759676976525,1.0151315179838731,3.185841821763973,1.0151315179838731,8.0,0.2688942943871692,loss,loss,loss,loss,loss,loss,loss,loss,2024
10665,42718,short,Asia,low,21.678321678321677,23.8403451995685,False,1.8549987389194749,False,2024-09,96,0.17203514465911754,0.7454856268559055,0.17203514465911754,0.9226181091345464,0.17203514465911754,1.7624044819518088,0.17203514465911754,3.1580555221784974,14.0,0.17203514465911754,loss,loss,loss,loss,loss,loss,loss,loss,2024
10665,40137,short,Asia,low,27.993527508090615,23.8403451995685,False,1.8549987389194749,False,2024-08,96,0.5015180854843773,0.6168980131264634,1.1441842824509132,0.6168980131264634,1.3672521425589523,0.6168980131264634,1.7164687235556815,0.6168980131264634,36.0,1.7164687235556815,win,win,win,loss,loss,loss,loss,loss,2024
10665,60918,short,Asia,low,28.819068255687974,23.8403451995685,False,1.8549987389194749,False,2025-06,96,1.3913317971903638,0.14922378215940693,1.6092497652497677,0.14922378215940693,2.3252310847195057,0.14922378215940693,2.776928911010683,0.14922378215940693,,6.653452854581177,win,win,win,win,win,win,win,win,2025
10665,36934,short,Asia,low,23.001095290251918,23.8403451995685,False,1.8549987389194749,False,2024-06,96,0.8470612579634873,0.0,0.8470612579634873,0.1701025226993094,0.8470612579634873,0.9991674268119227,1.5930471038881862,1.6144948132720078,24.0,1.5930471038881862,win,win,win,loss,loss,loss,loss,loss,2024
10755,45641,long,Asia,low,23.758099352051836,18.736501079913605,False,3.3770549882785645,False,2024-11,96,0.470553819533031,0.21865240524133808,0.470553819533031,0.21865240524133808,0.7248036768430608,0.21865240524133808,1.2991833982430672,0.21865240524133808,65.0,1.8696078471910342,win,win,win,loss,loss,loss,loss,loss,2024
10755,23477,long,Asia,low,12.920738327904452,18.736501079913605,False,3.3770549882785645,False,2023-11,96,0.32826619550166813,0.20755638045400693,0.5579373512316308,0.20755638045400693,0.5579373512316308,0.20755638045400693,0.9050932506148237,0.20755638045400693,,5.947722738005492,win,win,win,win,win,win,win,win,2023
10755,33208,long,Asia,low,20.673076923076923,18.736501079913605,False,3.3770549882785645,False,2024-04,96,0.4100548903426199,0.19677653052130575,0.9553417528736434,0.19677653052130575,0.9553417528736434,0.19677653052130575,1.5699570554828544,0.7196458136258647,,2.6186016042101974,win,win,win,win,win,none,none,none,2024
10755,27874,long,Asia,low,10.853131749460044,18.736501079913605,False,3.3770549882785645,False,2024-02,96,0.2909389510022522,0.12804612939221735,0.38723128985276584,0.2047500909604582,0.38723128985276584,0.2965061740193133,0.38723128985276584,0.49156517306119407,34.0,0.5299171538453614,win,loss,loss,loss,loss,loss,loss,loss,2024
10755,12401,long,Asia,low,13.789359391965256,18.736501079913605,False,3.3770549882785645,False,2023-06,96,0.26247172647674966,0.2780950435289467,0.26247172647674966,0.2780950435289467,0.4103724612374664,0.6274324128158894,0.6826347997335923,0.6274324128158894,,5.15173672023535,win,win,win,win,win,win,win,win,2023
10773,43818,long,Asia,low,11.985018726591761,18.074866310160427,False,0.5041971736505927,False,2024-10,96,1.2084492047312205,2.6623002104230364,1.2084492047312205,8.234364632238197,1.2084492047312205,9.584074537522644,1.2084492047312205,35.74617493994935,3.0,1.2084492047312205,win,win,loss,loss,loss,loss,loss,loss,2024
10773,54793,long,Asia,low,8.547008547008547,18.074866310160427,False,0.5041971736505927,False,2025-03,96,1.4463668100235672,1.4580624985142243,1.4463668100235672,4.790554005813687,6.394422754179617,4.790554005813687,15.030519135754227,4.790554005813687,1.0,0.5715293109151034,ambiguous,loss,loss,loss,loss,loss,loss,loss,2025
10773,22027,long,Asia,low,26.824034334763947,18.074866310160427,False,0.5041971736505927,False,2023-11,96,2.1510448428931297,0.7166100831771882,2.1753367101194563,0.7530478840166782,2.1753367101194563,1.445366099967816,6.689980234136488,1.445366099967816,12.0,2.1753367101194563,win,win,win,win,loss,loss,loss,loss,2023
10773,14677,long,Asia,low,25.80469176213857,18.074866310160427,False,0.5041971736505927,False,2023-07,96,1.4113009978460416,1.973721693056134,2.99057830999519,4.5563575254592825,4.193408703483639,7.278473690274562,4.829319036201107,7.278473690274562,2.0,1.4113009978460416,win,win,loss,loss,loss,loss,loss,loss,2023
10773,2970,long,Asia,low,25.669882100750268,18.074866310160427,False,0.5041971736505927,False,2023-01,96,6.0292207373901325,0.12000936985060408,6.0292207373901325,0.12000936985060408,21.55293276660609,0.12000936985060408,21.55293276660609,0.12000936985060408,,45.68856718020533,win,win,win,win,win,win,win,win,2023
10798,17555,short,London,mid,35.75596816976127,32.031662269129285,False,1.3607216947312415,False,2023-08,96,1.1677460384837883,0.11185956246729445,1.1677460384837883,0.11185956246729445,2.2535747206153136,1.414063054825752,8.0680121797711,2.4784237401201237,10.0,1.1677460384837883,win,win,loss,loss,loss,loss,loss,loss,2023
10798,72201,short,London,mid,31.404072883172564,32.031662269129285,False,1.3607216947312415,False,2025-12,96,0.357034320529258,0.3319983773215874,0.357034320529258,1.222165246933996,0.357034320529258,3.4149268428679345,0.357034320529258,3.8006255041714074,7.0,0.357034320529258,loss,loss,loss,loss,loss,loss,loss,loss,2025
10798,24864,short,London,mid,30.28664142779881,32.031662269129285,False,1.3607216947312415,False,2023-12,96,0.019922149549707214,2.8204677256102104,0.019922149549707214,2.8933743154516636,0.019922149549707214,3.120995470945018,4.520632445691736,3.120995470945018,0.0,0.019922149549707214,loss,loss,loss,loss,loss,loss,loss,loss,2023
10798,59206,short,London,mid,34.36664885088188,32.031662269129285,False,1.3607216947312415,False,2025-06,96,1.2150606669195452,0.27975262871193135,1.2150606669195452,0.27975262871193135,1.2150606669195452,1.30769920156801,1.2150606669195452,3.362936267006498,14.0,1.2150606669195452,win,win,loss,loss,loss,loss,loss,loss,2025
10798,44575,short,London,mid,40.63492063492063,32.031662269129285,False,1.3607216947312415,False,2024-10,96,0.5713822843429969,1.3047781324780088,0.5713822843429969,1.7320279486984012,0.8772573905654781,2.810041277006017,2.2687317444705135,2.810041277006017,3.0,0.5713822843429969,win,loss,loss,loss,loss,loss,loss,loss,2024
10848,64112,long,Asia,low,7.127429805615551,0.7555315704263357,False,1.99857596664794,False,2025-08,96,0.6835710491741687,0.6149528969385547,0.8346055690408033,0.6149528969385547,2.270179357254765,0.6149528969385547,2.270179357254765,0.6149528969385547,83.0,2.270179357254765,win,win,win,win,loss,loss,loss,loss,2025
10848,54046,long,Asia,low,7.945945945945946,0.7555315704263357,False,1.99857596664794,False,2025-03,96,0.5140948804506044,0.1677280779023415,0.5140948804506044,0.8545440440870097,0.5140948804506044,1.8339132839669905,0.835126791408202,2.1170353206467722,8.0,0.5140948804506044,win,loss,loss,loss,loss,loss,loss,loss,2025
10848,27878,long,Asia,low,7.866379310344827,0.7555315704263357,False,1.99857596664794,False,2024-02,96,0.5048221905153238,0.5341344467388421,0.5048221905153238,0.5341344467388421,0.5048221905153238,1.0375091184283498,0.7552429473874475,9.432394548947753,15.0,0.5048221905153238,win,loss,loss,loss,loss,loss,loss,loss,2024
10848,23464,long,Asia,low,6.670311645708036,0.7555315704263357,False,1.99857596664794,False,2023-11,96,0.3361812404745241,0.41093458462966437,0.3361812404745241,1.084549914922066,0.3361812404745241,1.084549914922066,0.3361812404745241,1.0895613122955754,5.0,0.3361812404745241,loss,loss,loss,loss,loss,loss,loss,loss,2023
10848,37666,long,Asia,low,2.558519324986391,0.7555315704263357,False,1.99857596664794,False,2024-07,96,0.0659252593226463,0.8435872989047719,0.0659252593226463,1.3655489394637934,1.4324342753785664,1.3655489394637934,5.27594089899261,1.3655489394637934,5.0,0.0659252593226463,loss,loss,loss,loss,loss,loss,loss,loss,2024
10866,40793,short,Asia,low,9.69989281886388,5.18439337252806,False,3.1173843182660503,False,2024-08,96,0.28991910557124,0.14130392875797582,0.7621976097485467,0.44176810363949054,0.7621976097485467,2.6410477589957027,0.7621976097485467,3.6504217933776624,11.0,0.7621976097485467,win,loss,loss,loss,loss,loss,loss,loss,2024
10866,6449,short,Asia,low,4.410973641742872,5.18439337252806,False,3.1173843182660503,False,2023-03,96,0.12602041632025554,0.6212629742441254,0.12602041632025554,0.668741608048173,0.12602041632025554,0.668741608048173,0.12602041632025554,1.3359679405493299,18.0,0.12602041632025554,loss,loss,loss,loss,loss,loss,loss,loss,2023
10866,64494,short,Asia,low,1.5005359056806002,5.18439337252806,False,3.1173843182660503,False,2025-08,96,0.25572046994258507,0.2649805426703184,0.6440736738776757,0.2649805426703184,0.6440736738776757,0.3879258159630194,1.945042660794449,0.9029283222818784,35.0,1.945042660794449,win,win,win,loss,loss,loss,loss,loss,2025
10866,17263,short,Asia,low,11.342964151952915,5.18439337252806,False,3.1173843182660503,False,2023-08,96,0.36620980634239025,1.1049236500734658,0.36620980634239025,1.303478029449688,0.36620980634239025,1.7337745519019672,0.6654718824627145,2.3577617297399693,3.0,0.36620980634239025,loss,loss,loss,loss,loss,loss,loss,loss,2023
10866,52465,short,Asia,low,4.528096017457719,5.18439337252806,False,3.1173843182660503,False,2025-02,96,0.758306737003344,0.1622563185063734,1.2345806739744418,0.1622563185063734,1.2345806739744418,1.907261386632411,1.2345806739744418,2.7012178691802777,11.0,1.2345806739744418,win,win,loss,loss,loss,loss,loss,loss,2025
10957,41512,short,Asia,low,0.3785830178474851,5.18716577540107,False,1.1242646335448923,False,2024-08,96,1.8906619049870859,0.21425805168240972,2.421472232551533,0.6188546100848312,3.4362716507331834,0.6188546100848312,3.4362716507331834,3.6744492473777597,23.0,3.4362716507331834,win,win,win,win,win,win,loss,loss,2024
10957,27048,short,Asia,low,11.21898597626753,5.18716577540107,False,1.1242646335448923,False,2024-01,96,1.9172282314592086,0.6537098769121933,2.4687019730677022,0.7547432341533887,2.4687019730677022,1.817397652280244,2.4687019730677022,4.20731766226096,11.0,2.4687019730677022,win,win,win,win,loss,loss,loss,loss,2024
10957,65052,short,Asia,low,2.6175213675213675,5.18716577540107,False,1.1242646335448923,False,2025-08,96,1.5070616614347552,0.4968335147586525,2.054820611456385,1.0367259341298396,2.152117174763167,1.3787130034554396,2.9747906696178603,10.69061515382089,7.0,2.054820611456385,win,win,win,win,loss,loss,loss,loss,2025
10957,36481,short,Asia,low,2.182214948172395,5.18716577540107,False,1.1242646335448923,False,2024-06,96,0.06580204959576498,2.4823086619891424,0.06580204959576498,2.7140890157892272,0.06580204959576498,3.414340677905243,0.06580204959576498,9.827094153062069,0.0,0.06580204959576498,loss,loss,loss,loss,loss,loss,loss,loss,2024
10957,18147,short,Asia,low,0.0,5.18716577540107,False,1.1242646335448923,False,2023-09,96,0.4104723397758027,0.9619572860730184,3.5169381765133,1.9253107365666922,3.5169381765133,1.9253107365666922,4.148004494807862,2.356725542657402,4.0,0.4104723397758027,loss,loss,loss,loss,loss,loss,loss,loss,2023
11041,41060,short,Asia,low,8.131394722670974,2.8464017185821695,False,0.7498473875730722,False,2024-08,96,1.2809146606812631,2.489821778737101,1.2809146606812631,3.3228846499206686,1.2809146606812631,4.052912338160733,1.2809146606812631,7.6351412269671615,2.0,1.2809146606812631,win,win,loss,loss,loss,loss,loss,loss,2024
11041,13036,short,Asia,low,12.165848336061103,2.8464017185821695,False,0.7498473875730722,False,2023-06,96,1.3654459665830536,1.0881980545863232,1.984302913003885,1.0881980545863232,3.5507536157841746,1.0881980545863232,4.82807435319696,1.0881980545863232,0.0,0.19704405174046113,loss,loss,loss,loss,loss,loss,loss,loss,2023
11041,60818,short,Asia,low,4.189336235038085,2.8464017185821695,False,0.7498473875730722,False,2025-06,96,0.8649894651651832,1.9916401760485896,0.8649894651651832,4.5529829757134985,0.8649894651651832,4.5529829757134985,0.8649894651651832,7.324582374596361,3.0,0.8649894651651832,win,loss,loss,loss,loss,loss,loss,loss,2025
11041,47738,short,Asia,low,4.25531914893617,2.8464017185821695,False,0.7498473875730722,False,2024-12,96,0.3739445873386425,2.311509430298445,0.3739445873386425,2.311509430298445,5.583117518074566,2.456419742082732,5.583117518074566,2.456419742082732,1.0,0.3739445873386425,loss,loss,loss,loss,loss,loss,loss,loss,2024
11041,16706,short,Asia,low,2.9506437768240343,2.8464017185821695,False,0.7498473875730722,False,2023-08,96,1.1361045601133362,0.5411214663385008,1.526914508024618,2.2258630687118126,2.6467353203084243,4.058410997538614,4.9540171281681715,4.362791822353931,4.0,1.1361045601133362,win,win,loss,loss,loss,loss,loss,loss,2023
11125,15321,short,Asia,low,25.541125541125542,26.537216828478964,False,2.5967871085399454,False,2023-07,96,0.23258024677345754,0.38943669227190736,0.47808161836770063,0.38943669227190736,0.82965641000207,0.4534413338258423,0.82965641000207,1.7692926266180256,16.0,0.82965641000207,win,loss,loss,loss,loss,loss,loss,loss,2023
11125,18903,short,Asia,low,21.370750134916353,26.537216828478964,False,2.5967871085399454,False,2023-09,96,0.08758055027171244,0.8810281960816433,0.08758055027171244,1.7652703573108866,0.08758055027171244,1.7652703573108866,0.08758055027171244,3.0050574129915897,4.0,0.08758055027171244,loss,loss,loss,loss,loss,loss,loss,loss,2023
11125,57911,short,Asia,low,28.57142857142857,26.537216828478964,False,2.5967871085399454,False,2025-05,96,0.019320515827361332,1.5952243375530104,0.019320515827361332,1.5952243375530104,0.019320515827361332,1.902351760673021,0.019320515827361332,1.902351760673021,2.0,0.019320515827361332,loss,loss,loss,loss,loss,loss,loss,loss,2025
11125,2515,short,Asia,low,26.456440406199892,26.537216828478964,False,2.5967871085399454,False,2023-01,96,0.5377859433064169,0.4485657272308145,0.5377859433064169,0.4485657272308145,1.3792163788921579,0.4485657272308145,1.3792163788921579,3.408606597583764,26.0,1.3792163788921579,win,win,loss,loss,loss,loss,loss,loss,2023
11125,45654,short,Asia,low,20.26809651474531,26.537216828478964,False,2.5967871085399454,False,2024-11,96,0.09944678022013367,0.20944844258632545,0.09944678022013367,0.975172158277923,0.7764435178711468,0.975172158277923,1.1427309123469234,0.975172158277923,32.0,1.1427309123469234,win,win,loss,loss,loss,loss,loss,loss,2024
11144,66512,long,Asia,mid,35.59139784946236,39.2418579818473,False,3.706112811870896,False,2025-09,96,1.7003489745690792,0.1192952485777472,1.7003489745690792,0.1192952485777472,2.211102740524932,0.1192952485777472,2.3312186568540274,0.1192952485777472,,4.644904866293517,win,win,win,win,win,win,win,win,2025
11144,2320,long,Asia,mid,33.17204301075269,39.2418579818473,False,3.706112811870896,False,2023-01,96,0.2180696938362766,0.04634814593768318,0.2912597516299639,0.18939386253670068,2.373758639786648,0.18939386253670068,3.2200291030228496,0.18939386253670068,,3.2200291030228496,win,win,win,win,win,win,none,none,2023
11144,71517,long,Asia,mid,45.39978094194962,39.2418579818473,False,3.706112811870896,False,2025-12,96,0.17172273488562909,0.3048433945762617,0.23660629848074172,0.3048433945762617,0.2733858016646999,0.3048433945762617,0.47474355745078617,0.3048433945762617,55.0,0.47474355745078617,loss,loss,loss,loss,loss,loss,loss,loss,2025
11144,2603,long,Asia,mid,37.11837171933583,39.2418579818473,False,3.706112811870896,False,2023-01,96,0.3194706238964845,0.14107124666750914,0.48898235099179493,0.6727143183010427,0.48898235099179493,1.0752440725378631,0.48898235099179493,1.195954520717283,13.0,0.48898235099179493,loss,loss,loss,loss,loss,loss,loss,loss,2023
11144,72074,long,Asia,mid,34.95357728017477,39.2418579818473,False,3.706112811870896,False,2025-12,96,0.05041765860228651,1.2706930556398073,0.05041765860228651,1.2706930556398073,0.05041765860228651,1.6475230389764561,0.05041765860228651,1.6475230389764561,1.0,0.05041765860228651,loss,loss,loss,loss,loss,loss,loss,loss,2025
11307,29059,short,Asia,low,9.071274298056156,17.17062634989201,False,2.2017088975671277,False,2024-02,96,0.6146307209128092,0.6005649693246939,0.7079761632705042,0.6005649693246939,1.9790086249639645,0.6005649693246939,2.088977228289573,0.6005649693246939,,4.6203862792612815,win,win,win,win,win,win,win,win,2024
11307,54693,short,Asia,low,22.800429184549355,17.17062634989201,False,2.2017088975671277,False,2025-03,96,0.1112833349888657,0.7593362871273514,0.1112833349888657,0.7848324689981202,0.1112833349888657,1.6400044044513882,0.1112833349888657,2.285507738402824,9.0,0.1112833349888657,loss,loss,loss,loss,loss,loss,loss,loss,2025
11307,10391,short,Asia,low,9.321120689655173,17.17062634989201,False,2.2017088975671277,False,2023-05,96,0.05062047643311473,0.49868400783268896,0.1576466266059821,0.866044036804526,0.1576466266059821,1.7916756058673833,0.32541734849867926,1.9342807194761857,8.0,0.1576466266059821,loss,loss,loss,loss,loss,loss,loss,loss,2023
11307,61197,short,Asia,low,13.358572201189833,17.17062634989201,False,2.2017088975671277,False,2025-07,96,0.22457767159773837,0.16828093568994718,0.4222255193088218,0.47827854640327566,1.5186714710378657,0.47827854640327566,1.5186714710378657,0.9364511156965547,32.0,1.5186714710378657,win,win,win,loss,loss,loss,loss,loss,2025
11307,58000,short,Asia,low,21.344086021505376,17.17062634989201,False,2.2017088975671277,False,2025-05,96,0.5266916011011116,0.2375939833316294,0.6004819764347958,0.2375939833316294,0.6004819764347958,0.5918980373617965,0.6004819764347958,1.1578080023008828,18.0,0.6004819764347958,win,loss,loss,loss,loss,loss,loss,loss,2025
11630,5566,short,Overlap,high,79.4831223628692,70.51079515534492,False,2.3065697218749976,False,2023-02,96,0.5179794305103831,0.15605597601370316,0.8013481892701358,0.15605597601370316,1.7048776781674055,0.15605597601370316,1.9342212726176564,0.15605597601370316,,2.830376853294381,win,win,win,win,win,none,none,none,2023
11630,37714,short,Overlap,high,79.3103448275862,70.51079515534492,False,2.3065697218749976,False,2024-07,96,0.46283294731939795,1.3454742170423393,0.46283294731939795,1.5600881744627413,0.46283294731939795,1.5600881744627413,0.46283294731939795,1.5600881744627413,3.0,0.46283294731939795,loss,loss,loss,loss,loss,loss,loss,loss,2024
11630,10899,short,Overlap,high,78.88655462184873,70.51079515534492,False,2.3065697218749976,False,2023-05,96,1.0934274486056677,0.1977655377609915,1.7618213253353427,0.1977655377609915,2.87388192953306,0.1977655377609915,2.87388192953306,0.1977655377609915,,4.381473609252761,win,win,win,win,win,win,win,win,2023
11630,55281,short,Overlap,high,77.15789473684211,70.51079515534492,False,2.3065697218749976,False,2025-04,96,1.0475280163363971,0.07375137945932465,1.0917589649339754,0.07375137945932465,3.3720880047660446,0.07375137945932465,3.3720880047660446,0.07375137945932465,,3.3720880047660446,win,win,win,win,win,win,none,none,2025
11630,28189,short,Overlap,high,70.386039132734,70.51079515534492,False,2.3065697218749976,False,2024-02,96,0.9439938566556111,0.8062248703088263,0.9439938566556111,0.8062248703088263,1.2044782333307043,0.8062248703088263,1.259547717499752,0.8062248703088263,,3.8455268512650616,win,win,win,win,win,win,win,none,2024
11672,46754,short,Asia,low,24.986566362170876,19.95673336938886,False,0.9023026932604192,False,2024-11,96,0.5105597318652093,1.2923020098361666,0.5105597318652093,1.2923020098361666,1.8242048124596502,1.9074846375754113,1.8242048124596502,6.038833549849448,1.0,0.2318443372567088,loss,loss,loss,loss,loss,loss,loss,loss,2024
11672,11234,short,Asia,low,26.296098343132012,19.95673336938886,False,0.9023026932604192,False,2023-05,96,1.2076666068927928,2.4771299808231384,1.2076666068927928,3.6229998206783782,1.2076666068927928,6.234241934221208,2.282535905896449,6.234241934221208,1.0,1.2076666068927928,win,win,loss,loss,loss,loss,loss,loss,2023
11672,19619,short,Asia,low,19.639934533551553,19.95673336938886,False,0.9023026932604192,False,2023-09,96,3.2503356299811417,0.052424768225649836,3.2503356299811417,1.603222563175347,5.869135679943392,1.603222563175347,8.434291781023893,1.603222563175347,5.0,3.2503356299811417,win,win,win,win,win,win,loss,loss,2023
11672,21834,short,Asia,low,15.09433962264151,19.95673336938886,False,0.9023026932604192,False,2023-10,96,1.5221139692028118,0.5911045996957419,3.607857556707925,0.5911045996957419,4.516101941631946,0.5911045996957419,4.516101941631946,2.2466684785244477,23.0,4.516101941631946,win,win,win,win,win,win,win,win,2023
11672,13401,short,Asia,low,12.786885245901638,19.95673336938886,False,0.9023026932604192,False,2023-06,96,0.37963485846277395,1.282845951878485,0.37963485846277395,5.643175368368724,0.37963485846277395,5.643175368368724,0.37963485846277395,7.32164966498669,3.0,0.37963485846277395,loss,loss,loss,loss,loss,loss,loss,loss,2023
11722,58945,long,Overlap,low,13.043478260869565,9.26803580832017,False,2.06450018182267,False,2025-05,96,0.531288428446161,0.6174485771796799,0.531288428446161,1.3229091614932382,0.531288428446161,1.7949381211272335,0.531288428446161,2.1828537228912626,4.0,0.531288428446161,win,loss,loss,loss,loss,loss,loss,loss,2025
11722,23440,long,Overlap,low,13.969425408539799,9.26803580832017,False,2.06450018182267,False,2023-11,96,0.34359905125397233,0.23824335925614717,0.8277947228393393,0.23824335925614717,0.8277947228393393,1.0414428508625646,0.8377062339332183,1.0414428508625646,13.0,0.8277947228393393,win,loss,loss,loss,loss,loss,loss,loss,2023
11722,19115,long,Overlap,low,18.50079744816587,9.26803580832017,False,2.06450018182267,False,2023-09,96,0.31646213455928535,1.4287951008992377,0.31646213455928535,2.584091469613067,0.31646213455928535,3.0074381661757865,0.31646213455928535,3.6770385104915895,1.0,0.31646213455928535,loss,loss,loss,loss,loss,loss,loss,loss,2023
11722,58311,long,Overlap,low,12.928759894459102,9.26803580832017,False,2.06450018182267,False,2025-05,96,0.13235481857485146,1.3211955984530392,0.13235481857485146,2.222497931131157,0.13235481857485146,2.222497931131157,0.13235481857485146,2.222497931131157,2.0,0.13235481857485146,loss,loss,loss,loss,loss,loss,loss,loss,2025
11722,6567,long,Overlap,low,9.283819628647215,9.26803580832017,False,2.06450018182267,False,2023-03,96,3.8181898025812453,0.3969708127295121,6.7916919374597695,0.3969708127295121,6.7916919374597695,0.3969708127295121,6.7916919374597695,0.3969708127295121,,11.021968395141057,win,win,win,win,win,win,win,win,2023
11847,69882,short,Asia,low,8.022922636103152,16.25,False,3.5953470366232962,False,2025-11,96,0.3226596298303924,0.2103262772227763,0.6893160829573892,0.2103262772227763,1.4308235194928178,0.2103262772227763,1.6649041791384864,0.2103262772227763,56.0,1.6649041791384864,win,win,win,loss,loss,loss,loss,loss,2025
11847,35388,short,Asia,low,24.240780911062906,16.25,False,3.5953470366232962,False,2024-05,96,0.05275111442776703,0.39963316798362236,0.05275111442776703,0.39963316798362236,0.5297139380670418,0.6635046766377071,1.7232803623174864,0.6635046766377071,,3.201934677508351,win,win,win,win,win,win,none,none,2024
11847,50303,short,Asia,low,7.902217168845935,16.25,False,3.5953470366232962,False,2025-01,96,0.15227319672602907,0.2517340703925307,0.20718680584891538,0.5320456312470093,0.20718680584891538,0.9834018776602871,0.20718680584891538,2.0350255095115486,17.0,0.20718680584891538,loss,loss,loss,loss,loss,loss,loss,loss,2025
11847,58829,short,Asia,low,11.761546723952739,16.25,False,3.5953470366232962,False,2025-05,96,1.0118397354369453,0.09572208578974198,1.5486843444099796,0.09572208578974198,1.6573102790685288,0.09572208578974198,1.9642772700468014,0.09572208578974198,,1.9642772700468014,win,win,win,none,none,none,none,none,2025
11847,25016,short,Asia,low,16.180517336268572,16.25,False,3.5953470366232962,False,2023-12,96,0.3217477085744864,0.03084251999382966,0.9283781018255719,0.03084251999382966,1.1899007713589,0.03084251999382966,1.1899007713589,0.0357700231881153,55.0,1.1899007713589,win,win,loss,loss,loss,loss,loss,loss,2023
12075,68925,short,Overlap,high,78.0,75.47770700636943,False,3.3502871823814484,False,2025-10,96,0.07603096085834647,0.6698359260270601,0.07603096085834647,1.0183091370989594,0.07603096085834647,1.1580923139376735,0.16801213288492836,1.1580923139376735,7.0,0.07603096085834647,loss,loss,loss,loss,loss,loss,loss,loss,2025
12075,26265,short,Overlap,high,81.09531332280147,75.47770700636943,False,3.3502871823814484,False,2024-01,96,0.5130951256822768,0.16125535292904541,1.0779794958819593,0.16125535292904541,1.3709430748679992,0.16125535292904541,1.3709430748679992,0.16125535292904541,,1.6175689087594673,win,win,win,none,none,none,none,none,2024
12075,9063,short,Overlap,high,78.9832285115304,75.47770700636943,False,3.3502871823814484,False,2023-04,96,0.1397798935364307,0.32319050528653337,0.28108596445894146,0.32319050528653337,0.43738448382112594,0.32319050528653337,0.43738448382112594,0.32319050528653337,,3.5052703552536215,win,win,win,win,win,win,win,none,2023
12075,10156,short,Overlap,high,71.11228255139694,75.47770700636943,False,3.3502871823814484,False,2023-05,96,0.7685094487733147,0.1699308807748233,0.8165076582891847,1.7691537359451437,0.8165076582891847,2.142915578206684,0.8165076582891847,2.142915578206684,7.0,0.8165076582891847,win,loss,loss,loss,loss,loss,loss,loss,2023
12075,67182,short,Overlap,high,81.12809699525567,75.47770700636943,False,3.3502871823814484,False,2025-10,96,0.709810445773247,0.1500612728378291,0.709810445773247,0.1500612728378291,1.0912769667015756,0.1500612728378291,1.1537563836860212,0.1500612728378291,,1.2563795806652864,win,win,none,none,none,none,none,none,2025
12217,20557,long,Asia,low,13.612004287245444,23.289902280130292,False,1.6501236387230078,False,2023-10,96,0.391539394005668,0.7556023393092636,2.2174743032124478,0.8449007975912829,5.879335557517748,0.8449007975912829,9.222719792775356,0.8449007975912829,,12.51115113062868,win,win,win,win,win,win,win,win,2023
12217,18356,long,Asia,low,27.179763186221745,23.289902280130292,False,1.6501236387230078,False,2023-09,96,0.2643271231684992,1.1262885971853032,0.2643271231684992,1.2845370722402418,1.0567288279303517,1.2845370722402418,2.3934357271117084,1.9117343250217,3.0,0.2643271231684992,loss,loss,loss,loss,loss,loss,loss,loss,2023
12217,41144,long,Asia,low,28.123309897241754,23.289902280130292,False,1.6501236387230078,False,2024-08,96,0.21639410444705662,0.8008145083045988,0.21639410444705662,1.2224368707359754,0.21639410444705662,1.4966700598597997,2.05496238299449,1.6494188394694211,4.0,0.21639410444705662,loss,loss,loss,loss,loss,loss,loss,loss,2024
12217,5796,long,Asia,low,19.72972972972973,23.289902280130292,False,1.6501236387230078,False,2023-02,96,0.3293169632862455,0.624183445598926,0.9027507756227674,0.624183445598926,1.3528296399566346,0.7156809595827962,1.7017796730451407,0.7156809595827962,,4.083678518861594,win,win,win,win,win,win,win,win,2023
12217,57911,long,Asia,low,28.57142857142857,23.289902280130292,False,1.6501236387230078,False,2025-05,96,2.510392492887735,0.030404549849161765,2.510392492887735,0.030404549849161765,2.9937165992282377,0.030404549849161765,2.9937165992282377,0.030404549849161765,91.0,2.9937165992282377,win,win,win,win,win,loss,loss,loss,2025
12259,72406,short,Overlap,mid,67.72655007949126,63.1104033970276,False,0.816909551043247,False,2025-12,96,0.5672335966522208,1.1519873015601136,0.5672335966522208,1.565558297362369,0.866843521321919,1.565558297362369,1.6366031400148966,4.1887524876040505,2.0,0.5672335966522208,win,loss,loss,loss,loss,loss,loss,loss,2025
12259,29104,short,Overlap,mid,65.52451238798102,63.1104033970276,False,0.816909551043247,False,2024-02,96,1.3756952192716883,0.8079875088753957,1.9029413055717215,0.8079875088753957,2.7955869817868915,1.5356742560829566,2.7955869817868915,1.981997094190471,11.0,2.7955869817868915,win,win,win,ambiguous,ambiguous,loss,loss,loss,2024
12259,64801,short,Overlap,mid,55.66684238270953,63.1104033970276,False,0.816909551043247,False,2025-08,96,2.1675137550664387,0.6335294833481988,2.229729427665618,0.6335294833481988,2.229729427665618,4.145035563701058,2.229729427665618,4.673199795066843,10.0,2.229729427665618,win,win,win,win,loss,loss,loss,loss,2025
12259,34982,short,Overlap,mid,68.22971548998946,63.1104033970276,False,0.816909551043247,False,2024-05,96,2.1022256072371417,0.8113554055186222,10.184744209753442,0.8113554055186222,10.184744209753442,0.8113554055186222,12.640296508927268,0.8113554055186222,,19.46195721560406,win,win,win,win,win,win,win,win,2024
12259,57587,short,Overlap,mid,57.764952780692546,63.1104033970276,False,0.816909551043247,False,2025-05,96,0.838346298603747,0.09883866295864192,1.342099418503124,0.4282468626226782,2.4387224855596004,1.7635409961351436,3.788923433813319,1.7635409961351436,11.0,1.342099418503124,win,win,loss,loss,loss,loss,loss,loss,2025
12326,5604,short,Asia,low,21.932681867535287,16.51425497579344,False,2.830651606400865,False,2023-02,96,0.11762557994277721,0.5474270070001576,0.1534423655308768,0.5474270070001576,0.1534423655308768,0.6552843726916306,0.6874380779354854,1.2208232769494018,16.0,0.1534423655308768,loss,loss,loss,loss,loss,loss,loss,loss,2023
12326,4874,short,Asia,low,19.912948857453756,16.51425497579344,False,2.830651606400865,False,2023-02,96,0.6616288002200104,0.1946200458818633,0.6616288002200104,0.1946200458818633,0.8739055067374196,0.1946200458818633,0.8739055067374196,1.0185314123927247,21.0,0.8739055067374196,win,loss,loss,loss,loss,loss,loss,loss,2023
12326,4871,short,Asia,low,16.893732970027248,16.51425497579344,False,2.830651606400865,False,2023-02,96,0.5861566401167867,0.3778900198948423,0.7903555529124793,0.3778900198948423,0.7903555529124793,0.3778900198948423,1.0079779002147153,0.9321151567158542,,2.345643487323675,win,win,win,win,none,none,none,none,2023
12326,10948,short,Asia,low,11.929070392262224,16.51425497579344,False,2.830651606400865,False,2023-05,96,0.11872511651440355,0.18110217968303158,0.5546689037155561,0.18110217968303158,1.0648158887382242,0.18110217968303158,1.7625578332533076,0.18110217968303158,,3.835841557384033,win,win,win,win,win,win,win,none,2023
12326,37409,short,Asia,low,10.829741379310345,16.51425497579344,False,2.830651606400865,False,2024-06,96,0.11401625648896768,0.4647627834989414,0.1663918834333219,0.6005234338456288,0.1663918834333219,1.1861094145194566,0.1663918834333219,2.672669627647443,9.0,0.1663918834333219,loss,loss,loss,loss,loss,loss,loss,loss,2024
12582,21840,short,Asia,low,13.541106931757119,16.31321370309951,False,0.9774646440474053,False,2023-10,96,1.8121390666951671,0.457490846345972,2.525111814247375,0.8570526569533482,2.525111814247375,1.8507584238541748,2.525111814247375,4.496184389250837,14.0,2.525111814247375,win,win,win,win,win,loss,loss,loss,2023
12582,47290,short,Asia,low,15.934959349593496,16.31321370309951,False,0.9774646440474053,False,2024-11,96,0.9180187347020706,1.291680744040466,0.9180187347020706,3.5285980590512307,0.9180187347020706,4.319470615757646,0.9180187347020706,7.779246431673786,3.0,0.9180187347020706,win,loss,loss,loss,loss,loss,loss,loss,2024
12582,22943,short,Asia,low,11.935483870967742,16.31321370309951,False,0.9774646440474053,False,2023-11,96,0.0,1.811472887457019,0.0,2.4116968680539626,0.0,5.162852028476234,0.0,5.773105458620541,2.0,0.0,loss,loss,loss,loss,loss,loss,loss,loss,2023
12582,61207,short,Asia,low,8.391608391608392,16.31321370309951,False,0.9774646440474053,False,2025-07,96,1.6017110255473908,0.20214919381339827,1.6017110255473908,1.4629525471351756,1.6017110255473908,3.5621492331799773,1.6017110255473908,5.281585873043756,4.0,1.6017110255473908,win,win,win,loss,loss,loss,loss,loss,2025
12582,42973,short,Asia,low,20.184983677910772,16.31321370309951,False,0.9774646440474053,False,2024-09,96,1.123666483473556,1.0549815049324565,1.123666483473556,4.429934047643401,1.123666483473556,5.810057393440204,2.752834643549425,5.941991848623695,1.0,1.123666483473556,win,win,loss,loss,loss,loss,loss,loss,2024
13230,42423,short,Asia,mid,54.673913043478265,45.63212154096581,False,0.8750103683762441,False,2024-09,96,0.7674114464490461,1.242417577584744,0.7674114464490461,3.3852320510031126,0.7674114464490461,3.5491254335782063,0.7674114464490461,4.575187478830454,2.0,0.7674114464490461,win,loss,loss,loss,loss,loss,loss,loss,2024
13230,53856,short,Asia,mid,45.33622559652928,45.63212154096581,False,0.8750103683762441,False,2025-03,96,0.20824805825906328,3.076617146422437,0.20824805825906328,3.076617146422437,0.20824805825906328,3.076617146422437,0.20824805825906328,6.787275255937263,0.0,0.20824805825906328,loss,loss,loss,loss,loss,loss,loss,loss,2025
13230,9668,short,Asia,mid,51.04333868378812,45.63212154096581,False,0.8750103683762441,False,2023-04,96,1.202754620873411,1.3710128798392511,1.202754620873411,1.9336430202302402,1.2786566115110665,1.9336430202302402,10.751012729828002,1.9697362745194587,3.0,1.202754620873411,win,win,loss,loss,loss,loss,loss,loss,2023
13230,3333,short,Asia,mid,38.42020419129501,45.63212154096581,False,0.8750103683762441,False,2023-01,96,1.3899560563442983,2.6593705503591174,1.3899560563442983,5.03913438397484,1.3899560563442983,5.03913438397484,1.3899560563442983,5.909021947176482,2.0,1.3899560563442983,win,win,loss,loss,loss,loss,loss,loss,2023
13230,61463,short,Asia,mid,48.50462207721588,45.63212154096581,False,0.8750103683762441,False,2025-07,96,1.2664898377793616,0.4504997022968987,3.158687435413852,0.4504997022968987,3.158687435413852,0.4504997022968987,4.232176577914069,0.9059418039608491,32.0,4.232176577914069,win,win,win,win,win,win,win,win,2025
13255,20415,short,Overlap,high,87.68343815513627,78.26552462526767,False,2.215511567287047,False,2023-10,96,0.5781246501832464,0.15791636215303204,0.7111068498910375,0.15791636215303204,0.7111068498910375,1.5503636974657136,0.7111068498910375,2.5061732578656235,14.0,0.7111068498910375,win,loss,loss,loss,loss,loss,loss,loss,2023
13255,28279,short,Overlap,high,72.84277395447326,78.26552462526767,False,2.215511567287047,False,2024-02,96,0.03482662432108133,2.160418080791012,0.03482662432108133,2.160418080791012,0.03482662432108133,2.4209367956846566,0.03482662432108133,2.4209367956846566,0.0,0.03482662432108133,loss,loss,loss,loss,loss,loss,loss,loss,2024
13255,50251,short,Overlap,high,85.15842134519177,78.26552462526767,False,2.215511567287047,False,2025-01,96,0.52112668999417,0.13572601616522484,0.6998188777988283,0.13572601616522484,0.7178293552258088,0.4091792126541506,0.7178293552258088,0.6459051610567561,51.0,0.7178293552258088,win,loss,loss,loss,loss,loss,loss,loss,2025
13255,3177,short,Overlap,high,75.01323451561673,78.26552462526767,False,2.215511567287047,False,2023-01,96,0.310706426127774,0.664664073977157,0.736564609232175,0.664664073977157,1.456863801748564,0.664664073977157,1.728385360333791,0.664664073977157,88.0,3.0359030631464856,win,win,win,win,win,win,loss,loss,2023
13255,62788,short,Overlap,high,84.71708090957165,78.26552462526767,False,2.215511567287047,False,2025-07,96,0.6969561779469458,0.33512894171305546,0.6969561779469458,0.33512894171305546,0.6969561779469458,0.7300956693977224,0.8030025505892868,0.7365368663275794,46.0,0.8030025505892868,win,loss,loss,loss,loss,loss,loss,loss,2025
13596,13320,short,Asia,low,14.014122759369908,16.91810344827586,False,2.9727651907529364,False,2023-06,96,0.7084730731396351,0.2445439726888152,0.8684833268742871,0.2445439726888152,1.4461304063943934,0.2445439726888152,2.9214450729039094,0.2445439726888152,,5.128882126784298,win,win,win,win,win,win,win,win,2023
13596,33106,short,Asia,low,22.395273899033295,16.91810344827586,False,2.9727651907529364,False,2024-04,96,0.007204968438306299,0.5854922712884612,0.08256185144859486,0.5854922712884612,0.46525197833472204,0.7271112410836845,1.584148142529941,0.7271112410836845,45.0,1.584148142529941,win,win,win,loss,loss,loss,loss,loss,2024
13596,5613,short,Asia,low,7.0772555375472725,16.91810344827586,False,2.9727651907529364,False,2023-02,96,0.2855185616626135,0.2395863112415774,0.2855185616626135,1.0982193341882682,0.4828656677431057,1.127071250281907,1.1300718495556268,1.127071250281907,7.0,0.2855185616626135,loss,loss,loss,loss,loss,loss,loss,loss,2023
13596,21839,short,Asia,low,13.225806451612904,16.91810344827586,False,2.9727651907529364,False,2023-10,96,0.472256387372212,0.22913634587311646,0.7561008757824078,0.23894946561071218,0.7561008757824078,0.6893716615667681,0.7561008757824078,1.563229974200436,20.0,0.7561008757824078,win,loss,loss,loss,loss,loss,loss,loss,2023
13596,9024,short,Asia,low,11.182450508293206,16.91810344827586,False,2.9727651907529364,False,2023-04,96,0.18694185835876903,0.5077261323297132,0.22790996774375433,0.7310619907731725,0.22790996774375433,1.1773359590253851,1.3058087680676724,1.3161502325726064,10.0,0.22790996774375433,loss,loss,loss,loss,loss,loss,loss,loss,2023
13691,3858,short,Asia,low,23.991275899672846,27.218934911242602,False,4.347024573153052,False,2023-01,96,0.0,0.46745479066344015,0.22100977838808575,0.46745479066344015,1.028084246395669,0.46745479066344015,1.5064775055183999,0.46745479066344015,,1.9488924286244456,win,win,win,none,none,none,none,none,2023
13691,10216,short,Asia,low,19.034852546916888,27.218934911242602,False,4.347024573153052,False,2023-05,96,0.44458659533495054,0.048267910878547565,0.7902892002755586,0.048267910878547565,1.5552703607932346,0.048267910878547565,2.2773322167730052,0.048267910878547565,,6.689410632507676,win,win,win,win,win,win,win,win,2023
13691,42711,short,Asia,low,22.03023758099352,27.218934911242602,False,4.347024573153052,False,2024-09,96,0.5706572565041259,0.03851394031539623,0.5706572565041259,0.03851394031539623,0.5706572565041259,0.11152769195559106,0.5706572565041259,1.0630932426775985,28.0,0.5706572565041259,win,loss,loss,loss,loss,loss,loss,loss,2024
13691,47402,short,Asia,low,28.686327077747993,27.218934911242602,False,4.347024573153052,False,2024-11,96,0.0,0.3994863223562348,0.0,0.6585216640103813,0.0,1.1893606182916197,0.0,1.4301228056791337,13.0,0.0,loss,loss,loss,loss,loss,loss,loss,loss,2024
13691,71242,short,Asia,low,29.17350848385331,27.218934911242602,False,4.347024573153052,False,2025-12,96,0.09796094937035467,0.27914414684128636,0.09796094937035467,0.43534010425234315,0.09796094937035467,0.43534010425234315,0.6575517329325743,0.43534010425234315,,0.7411167415277444,win,none,none,none,none,none,none,none,2025
13874,64039,short,Asia,low,15.980758952431854,17.007534983853606,False,1.4520469122963249,False,2025-08,96,0.6576426111719023,0.8297834490435925,3.5127345508316346,1.756251899519202,4.007466395867585,1.756251899519202,4.007466395867585,1.756251899519202,4.0,0.6576426111719023,win,loss,loss,loss,loss,loss,loss,loss,2025
13874,16340,short,Asia,low,12.32583065380493,17.007534983853606,False,1.4520469122963249,False,2023-08,96,0.5805301029354404,0.5953424509984713,0.5805301029354404,0.7109927070298854,1.9387084791847935,0.7109927070298854,5.774536921838639,1.1075078705657182,17.0,1.9387084791847935,win,win,win,loss,loss,loss,loss,loss,2023
13874,2781,short,Asia,low,11.660397635679743,17.007534983853606,False,1.4520469122963249,False,2023-01,96,0.09200013256714501,1.6014837891311031,0.09200013256714501,3.6026083657627757,0.09200013256714501,3.6026083657627757,0.6917047004119761,4.586376979086158,2.0,0.09200013256714501,loss,loss,loss,loss,loss,loss,loss,loss,2023
13874,23931,short,Asia,low,18.899782135076254,17.007534983853606,False,1.4520469122963249,False,2023-12,96,0.1223626700255395,1.370461904286658,0.2697185662691915,1.370461904286658,0.5191301362362701,3.8619741428927767,3.320974933715806,5.024679854242425,3.0,0.1223626700255395,loss,loss,loss,loss,loss,loss,loss,loss,2023
13874,9291,short,Asia,low,23.655913978494624,17.007534983853606,False,1.4520469122963249,False,2023-04,96,0.28702913043940653,0.2748700016788516,0.9963116414738701,0.2748700016788516,7.359589026183201,0.2748700016788516,7.359589026183201,0.2748700016788516,,11.165027869800912,win,win,win,win,win,win,win,win,2023
14058,22951,long,Asia,low,7.601713062098502,1.3455328310010763,False,2.6780562195489703,False,2023-11,96,1.1511675035756743,0.0,1.1511675035756743,0.0,1.3934701899324058,0.0,2.8929286598640687,0.5875304076259693,,7.338309929659428,win,win,win,win,win,win,win,win,2023
14058,72269,long,Asia,low,9.554831704668839,1.3455328310010763,False,2.6780562195489703,False,2025-12,96,0.02474551827766781,0.5106431391546333,0.02474551827766781,0.5664589088160743,0.04371971759598391,1.2165624129604675,0.04371971759598391,1.7883182857529105,14.0,0.04371971759598391,loss,loss,loss,loss,loss,loss,loss,loss,2025
14058,13316,long,Asia,low,2.6129559063690797,1.3455328310010763,False,2.6780562195489703,False,2023-06,96,0.28511036133838147,0.5918827389572162,0.5354977848154642,0.6712039456312555,0.5354977848154642,1.6052191181945585,0.5354977848154642,2.0225314906563145,14.0,0.5354977848154642,win,loss,loss,loss,loss,loss,loss,loss,2023
14058,16706,long,Asia,low,2.9506437768240343,1.3455328310010763,False,2.6780562195489703,False,2023-08,96,0.15151232260612196,0.3181057328790188,0.6232347159052665,0.42753129920570226,1.1363424195458747,0.7410776334878058,1.2215681010117934,1.387109342377728,31.0,1.2215681010117934,win,win,loss,loss,loss,loss,loss,loss,2023
14058,40237,long,Asia,low,6.390977443609022,1.3455328310010763,False,2.6780562195489703,False,2024-08,96,0.8125528025115496,0.04517900672943042,1.2618329249875733,0.04517900672943042,2.2295003172702,0.04517900672943042,3.006913892325594,0.04517900672943042,,8.345566520853682,win,win,win,win,win,win,win,win,2024
14139,16325,short,Asia,low,4.159913560237709,3.4650785056848945,False,3.2529033161541094,False,2023-08,96,1.1900572734301582,0.0,1.3023321635327452,0.0,1.3023321635327452,0.0,1.5639298293889285,0.0,,3.728544461241173,win,win,win,win,win,win,win,none,2023
14139,6266,short,Asia,low,6.021505376344086,3.4650785056848945,False,3.2529033161541094,False,2023-03,96,0.1544452221151271,1.059860550590963,0.2213790226217897,1.059860550590963,0.7973262857656211,1.059860550590963,1.4085494707981088,1.059860550590963,2.0,0.1544452221151271,loss,loss,loss,loss,loss,loss,loss,loss,2023
14139,28969,short,Asia,low,5.070118662351672,3.4650785056848945,False,3.2529033161541094,False,2024-02,96,0.3851772796867238,0.13910848712554616,0.3851772796867238,1.1588367923180725,0.3851772796867238,1.536202364304489,0.3851772796867238,2.782770643103449,7.0,0.3851772796867238,loss,loss,loss,loss,loss,loss,loss,loss,2024
14139,29426,short,Asia,low,2.3770934629929767,3.4650785056848945,False,3.2529033161541094,False,2024-02,96,0.4642512761758618,0.03300060831341745,0.4642512761758618,0.23228583521562562,0.4642512761758618,1.586592353086789,0.4642512761758618,1.681749446961348,14.0,0.4642512761758618,loss,loss,loss,loss,loss,loss,loss,loss,2024
14139,45474,short,Asia,low,12.627073301230604,3.4650785056848945,False,3.2529033161541094,False,2024-10,96,0.07230383697210552,0.8135238733002991,0.07230383697210552,1.1992852803035923,0.24961032217855628,1.1992852803035923,1.0844166114297538,1.1992852803035923,4.0,0.07230383697210552,loss,loss,loss,loss,loss,loss,loss,loss,2024
14213,2606,long,Asia,mid,39.411764705882355,31.656642974302894,False,2.1518964603837927,False,2023-01,96,0.9109722268412277,0.9377655276307267,0.9109722268412277,1.100712540595131,0.9109722268412277,1.7355497286879598,0.9109722268412277,1.9397802969504108,4.0,0.9109722268412277,win,loss,loss,loss,loss,loss,loss,loss,2023
14213,44741,long,Asia,mid,38.24786324786324,31.656642974302894,False,2.1518964603837927,False,2024-10,96,0.38606527624793074,0.9902346413481349,0.38606527624793074,1.0750918591973577,0.8540072482305755,1.1587218032347801,1.531287067552111,1.1587218032347801,6.0,0.38606527624793074,loss,loss,loss,loss,loss,loss,loss,loss,2024
14213,24561,long,Asia,mid,34.13830954994512,31.656642974302894,False,2.1518964603837927,False,2023-12,96,0.1110377282730357,0.36066999329558563,0.8453456247354476,0.36066999329558563,1.3013837885429147,0.36066999329558563,1.5910004423352873,0.36066999329558563,58.0,3.6396600372119776,win,win,win,win,win,win,win,loss,2023
14213,41354,long,Asia,mid,31.093333333333334,31.656642974302894,False,2.1518964603837927,False,2024-08,96,0.48176654053829826,0.1681217991501576,0.48176654053829826,0.4329735540231778,0.5036805836046635,1.0188317991268276,0.5036805836046635,2.566682294153964,15.0,0.5036805836046635,win,loss,loss,loss,loss,loss,loss,loss,2024
14213,5252,long,Asia,mid,37.02906350914962,31.656642974302894,False,2.1518964603837927,False,2023-02,96,0.06503370945208266,0.7203733970081382,0.06503370945208266,1.160374193476148,0.06503370945208266,1.5203335013877326,0.06503370945208266,2.1824949067183765,4.0,0.06503370945208266,loss,loss,loss,loss,loss,loss,loss,loss,2023
14319,51189,long,Asia,low,0.0,3.5811177428106347,False,1.3315330490308757,False,2025-01,96,1.252291088311389,0.1590057942064801,1.2975836478732692,0.1590057942064801,1.2975836478732692,1.02197360458192,1.2975836478732692,2.9700355014815796,15.0,1.2975836478732692,win,win,loss,loss,loss,loss,loss,loss,2025
14319,58375,long,Asia,low,4.017139796464917,3.5811177428106347,False,1.3315330490308757,False,2025-05,96,0.5007130684915805,0.8820727366883364,0.6087925329903816,1.092970495647772,3.382331057979592,1.092970495647772,5.3572239711717895,1.092970495647772,7.0,0.6087925329903816,win,loss,loss,loss,loss,loss,loss,loss,2025
14319,42147,long,Asia,low,2.8260869565217392,3.5811177428106347,False,1.3315330490308757,False,2024-09,96,0.120174852604245,1.0595636271730218,0.120174852604245,1.2369646000650216,0.120174852604245,1.5160519866989208,1.5816419245672892,1.8171494195972027,3.0,0.120174852604245,loss,loss,loss,loss,loss,loss,loss,loss,2024
14319,47744,long,Asia,low,4.241435562805873,3.5811177428106347,False,1.3315330490308757,False,2024-12,96,0.9210819161472056,0.5402529350820432,0.9210819161472056,2.7407352094803263,0.9210819161472056,3.6467073118038966,0.9210819161472056,4.960336023818557,4.0,0.9210819161472056,win,loss,loss,loss,loss,loss,loss,loss,2024
14319,62380,long,Asia,low,13.12803889789303,3.5811177428106347,False,1.3315330490308757,False,2025-07,96,1.7211169504330175,0.07817527540438658,1.9944782360402193,0.07817527540438658,1.9944782360402193,0.07817527540438658,6.6227067182817025,0.07817527540438658,,10.063679727609046,win,win,win,win,win,win,win,win,2025
14440,63975,short,Overlap,mid,62.45392311743022,69.81837606837607,False,4.557859265501425,False,2025-08,96,0.21651579484874345,0.4239179734261518,0.21651579484874345,0.6803934703877269,0.21651579484874345,0.6803934703877269,0.4431698137153168,0.6803934703877269,,0.899012407452921,win,none,none,none,none,none,none,none,2025
14440,5295,short,Overlap,mid,65.33403471856917,69.81837606837607,False,4.557859265501425,False,2023-02,96,0.3301374212020504,0.9195737759600695,0.3301374212020504,1.2727049634392713,0.3301374212020504,1.454001966778194,0.3301374212020504,1.5254595173625116,4.0,0.3301374212020504,loss,loss,loss,loss,loss,loss,loss,loss,2023
14440,58682,short,Overlap,mid,68.86195995785037,69.81837606837607,False,4.557859265501425,False,2025-05,96,0.5806332747105819,0.22478970402510412,0.5988809095079165,0.22478970402510412,0.5988809095079165,0.22478970402510412,0.5988809095079165,0.26410586402322556,,0.9821987773520295,win,none,none,none,none,none,none,none,2025
14440,59047,short,Overlap,mid,63.97679324894515,69.81837606837607,False,4.557859265501425,False,2025-05,96,0.019346686545381665,0.36667028960760734,0.019346686545381665,0.6588937706949908,0.019346686545381665,0.6588937706949908,0.019346686545381665,0.6588937706949908,,1.2283249222340784,win,win,none,none,none,none,none,none,2025
14440,17846,short,Overlap,mid,68.3157894736842,69.81837606837607,False,4.557859265501425,False,2023-08,96,0.09965967591166922,0.5749075181842247,0.09965967591166922,0.6543640761219517,0.15199795468975683,0.6543640761219517,0.28569107094673163,0.6543640761219517,,0.5281284866338538,win,none,none,none,none,none,none,none,2023
14484,10036,long,Asia,low,0.4280363830925628,3.125,False,0.3853781725030553,False,2023-05,96,0.004206978547125179,4.312153010905659,4.846439286402513,4.312153010905659,4.846439286402513,7.93436154006605,4.949510260809472,18.37187531573041,0.0,0.0,loss,loss,loss,loss,loss,loss,loss,loss,2023
14484,11755,long,Asia,low,11.847826086956522,3.125,False,0.3853781725030553,False,2023-05,96,3.035868523844876,0.6342498687565346,3.035868523844876,10.645012417145875,3.035868523844876,23.966114192818107,14.762072968724985,23.966114192818107,4.0,3.035868523844876,win,win,win,win,win,win,loss,loss,2023
14484,18074,long,Asia,low,7.667386609071274,3.125,False,0.3853781725030553,False,2023-09,96,9.159592744965302,2.028577907220952,13.749250260052266,2.028577907220952,13.749250260052266,2.028577907220952,14.29020436864452,2.028577907220952,0.0,2.459650712504804,ambiguous,ambiguous,ambiguous,ambiguous,loss,loss,loss,loss,2023
14484,36489,long,Asia,low,7.495926127104835,3.125,False,0.3853781725030553,False,2024-06,96,2.7590275852368586,2.2268825973005097,3.528409624445406,3.2321909858402584,7.480175975746454,3.2321909858402584,24.67789614006606,3.2321909858402584,0.0,0.7221967693421878,ambiguous,loss,loss,loss,loss,loss,loss,loss,2024
14484,18700,long,Asia,low,4.362050163576881,3.125,False,0.3853781725030553,False,2023-09,96,3.165460320094817,3.2066937711579206,3.165460320094817,9.309244528534744,3.165460320094817,14.6378751274919,3.165460320094817,14.68228038248288,1.0,1.5668711404080307,win,win,win,loss,loss,loss,loss,loss,2023
14577,53966,long,Asia,low,7.841031149301826,1.808219178082192,False,1.118477049061369,False,2025-03,96,0.36737259508262143,2.354270669648864,0.8693499837164513,2.354270669648864,3.052245769868372,2.354270669648864,3.052245769868372,3.3175157044766985,0.0,0.36737259508262143,loss,loss,loss,loss,loss,loss,loss,loss,2025
14577,4889,long,Asia,low,6.907717215326498,1.808219178082192,False,1.118477049061369,False,2023-02,96,1.5061127381876036,0.4637742786299949,5.038642193821541,0.4637742786299949,5.038642193821541,0.4637742786299949,5.038642193821541,2.307334719551963,18.0,5.038642193821541,win,win,win,win,win,win,win,win,2023
14577,14226,long,Asia,low,8.197611292073832,1.808219178082192,False,1.118477049061369,False,2023-07,96,1.461020555153716,0.27985101447897026,1.69893204430185,0.27985101447897026,1.69893204430185,2.4119039749224243,6.352694282351695,12.695475585989117,12.0,1.69893204430185,win,win,win,loss,loss,loss,loss,loss,2023
14577,50834,long,Asia,low,4.794520547945205,1.808219178082192,False,1.118477049061369,False,2025-01,96,1.7041307962293322,0.20106493717891608,1.7041307962293322,0.20106493717891608,2.627435985605425,0.20106493717891608,2.627435985605425,4.264076453271323,22.0,2.627435985605425,win,win,win,win,win,loss,loss,loss,2025
14577,40512,long,Asia,low,6.340677055346589,1.808219178082192,False,1.118477049061369,False,2024-08,96,1.3497118287595316,0.10042731325728183,1.3497118287595316,0.10042731325728183,2.637291584336406,0.6830620372527474,3.325824370171497,0.6830620372527474,37.0,7.060001045222122,win,win,win,win,win,win,win,win,2024
14625,47691,long,Overlap,high,77.84877529286474,87.18633208756006,False,3.357476893200134,False,2024-12,96,0.5382161410701573,0.10523340293219634,0.5472529858770241,0.10523340293219634,0.5710238167820756,0.10523340293219634,0.5710238167820756,0.10523340293219634,,1.0937856435448068,win,win,none,none,none,none,none,none,2024
14625,46887,long,Overlap,high,77.39221871713985,87.18633208756006,False,3.357476893200134,False,2024-11,96,0.23435625277730052,0.35028818213657004,0.32956570581991135,0.35028818213657004,0.7033536033671433,0.35028818213657004,0.7033536033671433,0.35028818213657004,,1.991494064165794,win,win,win,none,none,none,none,none,2024
14625,36893,long,Overlap,high,92.38145977623869,87.18633208756006,False,3.357476893200134,False,2024-06,96,0.09488962315256655,0.8289156022512137,0.09488962315256655,0.8289156022512137,0.09488962315256655,0.8289156022512137,0.09488962315256655,0.8289156022512137,87.0,0.3050023601333068,loss,loss,loss,loss,loss,loss,loss,loss,2024
14625,52068,long,Overlap,high,96.76392572944297,87.18633208756006,False,3.357476893200134,False,2025-02,96,0.9950442868900805,0.16786396555207161,1.10650189469356,0.16786396555207161,1.3529621064779,0.16786396555207161,1.3529621064779,0.16786396555207161,93.0,1.3529621064779,win,win,loss,loss,loss,loss,loss,loss,2025
14625,48426,long,Overlap,high,78.90250399573789,87.18633208756006,False,3.357476893200134,False,2024-12,96,0.2694773896758369,0.14229413566996377,0.2694773896758369,0.2619919066292877,0.2694773896758369,0.6002377994337342,0.2694773896758369,1.0261407974468717,21.0,0.2694773896758369,loss,loss,loss,loss,loss,loss,loss,loss,2024
15243,45661,long,Asia,low,11.217948717948719,11.009667024704619,False,2.412645109262462,False,2024-11,96,0.0,1.2974797992478633,0.0,1.8531588141282784,0.0,1.8531588141282784,1.0702961136060876,2.2793201028194106,1.0,0.0,loss,loss,loss,loss,loss,loss,loss,loss,2024
15243,48186,long,Asia,low,17.188358045030203,11.009667024704619,False,2.412645109262462,False,2024-12,96,0.5479764146656116,0.3123299189303072,0.5479764146656116,1.2774520558282216,0.5479764146656116,3.805282532865581,0.5479764146656116,3.805282532865581,7.0,0.5479764146656116,win,loss,loss,loss,loss,loss,loss,loss,2024
15243,22489,long,Asia,low,10.610932475884244,11.009667024704619,False,2.412645109262462,False,2023-11,96,0.30989415886520316,0.16360679644680545,0.3538112951515078,0.2115445156325343,0.3538112951515078,1.4879249484038013,0.3538112951515078,1.4879249484038013,10.0,0.3538112951515078,loss,loss,loss,loss,loss,loss,loss,loss,2023
15243,41433,long,Asia,low,7.626208378088077,11.009667024704619,False,2.412645109262462,False,2024-08,96,0.514788967043397,0.1988098360241157,0.5962405253383595,0.31805794109177044,1.0724770146737153,0.31805794109177044,1.6927183472126925,0.31805794109177044,35.0,1.6927183472126925,win,win,win,loss,loss,loss,loss,loss,2024
15243,69424,long,Asia,low,15.168860904407556,11.009667024704619,False,2.412645109262462,False,2025-11,96,0.16035275690072173,0.6154162416659691,0.5143254074667085,0.6154162416659691,1.661396913890696,0.6154162416659691,2.101606235263379,0.6154162416659691,,2.278360464243375,win,win,win,win,none,none,none,none,2025
15407,18903,long,Asia,low,21.370750134916353,25.787187839305105,False,3.2398681870473807,False,2023-09,96,0.7061530067771108,0.07019669652415138,1.4148820391147523,0.07019669652415138,1.4148820391147523,0.07019669652415138,2.4085838990846695,0.07019669652415138,,4.9778473925067575,win,win,win,win,win,win,win,win,2023
15407,47405,long,Asia,low,25.053533190578158,25.787187839305105,False,3.2398681870473807,False,2024-11,96,0.7158887143218413,0.009753538006419813,0.7158887143218413,0.009753538006419813,1.596329053719999,0.009753538006419813,1.774304903149276,0.009753538006419813,,3.5266905649722307,win,win,win,win,win,win,win,none,2024
15407,11135,long,Asia,low,22.90772532188841,25.787187839305105,False,3.2398681870473807,False,2023-05,96,0.19544084320057317,0.3031212308486025,0.4275268445012431,0.4688700997937214,1.0523737710800292,0.4688700997937214,1.0523737710800292,0.4688700997937214,37.0,1.0523737710800292,win,win,loss,loss,loss,loss,loss,loss,2023
15407,69707,long,Asia,low,19.27023945267959,25.787187839305105,False,3.2398681870473807,False,2025-11,96,0.4349068900991984,0.03933710633859562,0.4371056104738087,0.03933710633859562,1.3135555285301648,0.03933710633859562,1.6125015460098655,0.03933710633859562,,4.114005704578439,win,win,win,win,win,win,win,win,2025
15407,2326,long,Asia,low,15.809217577706324,25.787187839305105,False,3.2398681870473807,False,2023-01,96,0.7529834763067722,0.06544901676845874,2.734575042635099,0.06544901676845874,4.188097506242027,0.06544901676845874,4.188097506242027,0.06544901676845874,,4.188097506242027,win,win,win,win,win,win,win,win,2023
15500,29415,short,Asia,low,12.880434782608695,20.401519262072707,False,2.1421956124477473,False,2024-02,96,0.44356492543364073,0.4061457042358524,0.5348005546460936,0.4061457042358524,0.5348005546460936,0.4061457042358524,0.5348005546460936,2.4751343279883034,22.0,0.5348005546460936,win,loss,loss,loss,loss,loss,loss,loss,2024
15500,25215,short,Asia,low,13.318777292576419,20.401519262072707,False,2.1421956124477473,False,2023-12,96,0.42526816520095345,0.2618773591328307,1.0013337739469252,0.2618773591328307,1.1495479636411257,0.2618773591328307,1.4366120478200917,0.2618773591328307,36.0,1.7514461108959372,win,win,ambiguous,loss,loss,loss,loss,loss,2023
15500,11508,short,Asia,low,16.907437132156232,20.401519262072707,False,2.1421956124477473,False,2023-05,96,0.7583541468676231,0.07565456711595775,0.7583541468676231,1.0534370998816294,0.7583541468676231,2.203326237520714,5.53755261774706,2.203326237520714,7.0,0.7583541468676231,win,loss,loss,loss,loss,loss,loss,loss,2023
15500,18160,short,Asia,low,11.863488624052005,20.401519262072707,False,2.1421956124477473,False,2023-09,96,0.14725898256134085,0.3014594659842198,0.14725898256134085,0.9490023320618867,0.9128073632841405,0.9490023320618867,3.4990122556743963,0.9490023320618867,,6.358414789112626,win,win,win,win,win,win,win,win,2023
15500,72362,short,Asia,low,25.55615843733044,20.401519262072707,False,2.1421956124477473,False,2025-12,96,0.0,0.8040149033392403,0.0,0.8040149033392403,0.0,0.9292647208148062,0.0,1.2946955345612172,17.0,0.0,loss,loss,loss,loss,loss,loss,loss,loss,2025
15685,43445,long,Asia,mid,61.67567567567568,54.17570498915401,False,1.7577788847299336,False,2024-09,96,0.6169922075057515,0.007535782687172803,1.1250923551830851,0.007535782687172803,1.370005292513674,0.5088537259460254,1.370005292513674,3.567627918637536,23.0,1.370005292513674,win,win,loss,loss,loss,loss,loss,loss,2024
15685,15061,long,Asia,mid,63.412017167381975,54.17570498915401,False,1.7577788847299336,False,2023-07,96,1.4275297185186937,0.021916018009369247,1.4275297185186937,0.021916018009369247,1.4275297185186937,0.849411728302123,1.4275297185186937,2.280594116489032,16.0,1.4275297185186937,win,win,loss,loss,loss,loss,loss,loss,2023
15685,71077,long,Asia,mid,63.27193932827736,54.17570498915401,False,1.7577788847299336,False,2025-12,96,0.7240961403888325,0.22305840164952717,1.1148288196354548,0.22305840164952717,1.5853622797748552,0.22305840164952717,2.311972872629598,0.22305840164952717,72.0,2.311972872629598,win,win,win,win,loss,loss,loss,loss,2025
15685,68978,long,Asia,mid,59.73878478137422,54.17570498915401,False,1.7577788847299336,False,2025-10,96,0.0825394560895791,0.650270602225426,0.16093333743673352,0.6709453275434292,2.030959585029814,0.6709453275434292,3.5254924280685564,0.6709453275434292,58.0,3.555361825571672,win,win,win,win,win,win,win,loss,2025
15685,2950,long,Asia,mid,63.75947995666306,54.17570498915401,False,1.7577788847299336,False,2023-01,96,0.2772712301658475,0.45416000570686926,0.5165460324941733,0.48137366348240657,0.5165460324941733,0.48137366348240657,2.687220339024153,1.4248660439079701,19.0,0.5165460324941733,win,loss,loss,loss,loss,loss,loss,loss,2023
15785,70623,short,Asia,mid,48.65010799136069,42.60259179265658,False,1.8888540461050571,False,2025-11,96,0.33163412531570935,0.31587828290843295,0.33163412531570935,0.8763528405110227,0.37497733491188406,0.8763528405110227,0.37497733491188406,1.8163147696996809,21.0,0.37497733491188406,loss,loss,loss,loss,loss,loss,loss,loss,2025
15785,19726,short,Asia,mid,47.72727272727273,42.60259179265658,False,1.8888540461050571,False,2023-09,96,0.44745289932848115,0.29215471301049495,0.44745289932848115,1.2584006160072139,0.44745289932848115,1.7272070159544541,0.49743950304958917,1.7272070159544541,6.0,0.44745289932848115,loss,loss,loss,loss,loss,loss,loss,loss,2023
15785,55053,short,Asia,mid,36.47629310344828,42.60259179265658,False,1.8888540461050571,False,2025-03,96,0.645922028178155,0.6153705339531373,0.7076928088516722,0.6153705339531373,0.7076928088516722,1.494018152020197,1.2883381471829163,2.0255807619243074,14.0,0.7076928088516722,win,loss,loss,loss,loss,loss,loss,loss,2025
15785,66694,short,Asia,mid,51.66846071044133,42.60259179265658,False,1.8888540461050571,False,2025-09,96,0.39720852016025504,0.5830449271624233,0.39720852016025504,0.5830449271624233,0.6479227260565823,0.847932060877393,1.5441160497648905,0.847932060877393,,6.700373806702537,win,win,win,win,win,win,win,win,2025
15785,58287,short,Asia,mid,45.53714591127739,42.60259179265658,False,1.8888540461050571,False,2025-05,96,0.5032955823469455,0.36704010060210807,0.5032955823469455,0.6881812221086959,0.5032955823469455,1.5715658710154954,0.7313490222828924,1.646521559191396,10.0,0.5032955823469455,win,loss,loss,loss,loss,loss,loss,loss,2025
15870,6904,short,Asia,low,13.969795037756203,10.13550135501355,False,2.2068104250061045,False,2023-03,96,1.04840683077456,0.14813056317892548,1.2629407498612095,0.14813056317892548,4.94226131157782,0.14813056317892548,5.424324135715954,7.3979084925517,22.0,5.424324135715954,win,win,win,win,win,win,win,win,2023
15870,25017,short,Asia,low,16.886688668866885,10.13550135501355,False,2.2068104250061045,False,2023-12,96,0.41010916899932587,0.23797551491252536,1.2081833834020208,0.23797551491252536,1.6312837715777406,0.23797551491252536,1.6312837715777406,0.3516486827057208,48.0,1.6312837715777406,win,win,win,loss,loss,loss,loss,loss,2023
15870,12779,short,Asia,low,3.8876889848812093,10.13550135501355,False,2.2068104250061045,False,2023-06,96,1.0404592224012936,0.1520496166846686,1.3081575500307305,0.1520496166846686,1.365413141350941,1.0203628890239682,1.365413141350941,4.266868669708847,11.0,1.365413141350941,win,win,loss,loss,loss,loss,loss,loss,2023
15870,60908,short,Asia,low,8.986928104575163,10.13550135501355,False,2.2068104250061045,False,2025-06,96,0.48507378258513006,0.41017908724879354,1.2764444753329325,0.41017908724879354,3.449012689050162,0.41017908724879354,4.602042649808917,0.41017908724879354,,8.81443382820047,win,win,win,win,win,win,win,win,2025
15870,10476,short,Asia,low,0.48674959437533805,10.13550135501355,False,2.2068104250061045,False,2023-05,96,0.6651234680890505,0.19057545646217566,1.8660513445249578,0.19057545646217566,2.3039211433009945,0.19057545646217566,3.4481301338851305,0.19057545646217566,48.0,4.371513595552813,win,win,win,win,win,win,win,win,2023
16354,37615,short,London,mid,42.705005324813634,38.08510638297872,False,0.6533377155427614,False,2024-07,96,3.4578631917750453,0.45240054076788044,3.4578631917750453,3.2913591411071,3.4578631917750453,8.01349146178967,3.4578631917750453,8.01349146178967,4.0,3.4578631917750453,win,win,win,win,win,win,loss,loss,2024
16354,57472,short,London,mid,43.653744025491235,38.08510638297872,False,0.6533377155427614,False,2025-05,96,0.10268690950279385,2.1812191610418523,0.10268690950279385,2.460536331548505,0.16390410555255552,5.1968791700309,0.16390410555255552,9.561072823901036,0.0,0.10268690950279385,loss,loss,loss,loss,loss,loss,loss,loss,2025
16354,8952,short,London,mid,40.39174166225516,38.08510638297872,False,0.6533377155427614,False,2023-04,96,1.997599899444407,0.8373916705542951,1.997599899444407,1.9355197920719174,11.76900879983375,1.9355197920719174,18.532291608553116,1.9355197920719174,4.0,1.997599899444407,win,win,win,loss,loss,loss,loss,loss,2023
16354,35865,short,London,mid,38.90381515314347,38.08510638297872,False,0.6533377155427614,False,2024-06,96,1.5434640927519236,1.7289909902911889,1.5434640927519236,2.047977559285649,1.5434640927519236,2.3089121635664323,1.5434640927519236,12.778613923397865,3.0,1.5434640927519236,win,win,win,loss,loss,loss,loss,loss,2024
16354,34240,short,London,mid,39.4291754756871,38.08510638297872,False,0.6533377155427614,False,2024-05,96,0.9947594309706623,1.3075799410050502,6.348934576898426,1.3075799410050502,8.102981349126624,1.3075799410050502,8.102981349126624,1.3075799410050502,3.0,0.9947594309706623,win,loss,loss,loss,loss,loss,loss,loss,2024
16420,60911,long,Asia,low,15.225666122892875,6.68824163969795,False,2.032297350990581,False,2025-06,96,0.42881225213614454,0.7269516714519138,0.42881225213614454,2.284635402629351,0.42881225213614454,3.369256586552881,0.42881225213614454,4.283844177910457,4.0,0.42881225213614454,loss,loss,loss,loss,loss,loss,loss,loss,2025
16420,44187,long,Asia,low,11.657754010695188,6.68824163969795,False,2.032297350990581,False,2024-10,96,0.3713411821917721,0.8217576064165439,0.5155513500332083,1.1236375577646287,0.8630978545311013,1.1236375577646287,3.1014800097102913,3.0555731062806983,4.0,0.3713411821917721,loss,loss,loss,loss,loss,loss,loss,loss,2024
16420,6347,long,Asia,low,4.597079502433748,6.68824163969795,False,2.032297350990581,False,2023-03,96,0.4414412961511736,0.2555911176691137,0.7290755480412642,0.2555911176691137,1.4671985692743972,0.8331214897472834,1.4671985692743972,2.7304520136829966,20.0,1.4671985692743972,win,win,loss,loss,loss,loss,loss,loss,2023
16420,36486,long,Asia,low,8.705114254624592,6.68824163969795,False,2.032297350990581,False,2024-06,96,0.8756197831736073,0.049424200061192594,1.322158824522395,0.049424200061192594,1.322158824522395,0.049424200061192594,4.533256479244055,0.049424200061192594,,8.196548680794063,win,win,win,win,win,win,win,win,2024
16420,37303,long,Asia,low,1.7915309446254073,6.68824163969795,False,2.032297350990581,False,2024-06,96,0.4048406408069739,0.23540848279528556,0.7418464688086088,0.23540848279528556,0.9261465309969082,0.7164471325070567,4.9943768113026925,0.7164471325070567,,9.97202723040689,win,win,win,win,win,win,win,win,2024
16435,5414,long,Asia,low,0.7625272331154684,8.774745853397539,False,1.1402199278236242,False,2023-02,96,1.0074839912414115,1.0823791557081102,1.2811393998701364,1.0823791557081102,1.2811393998701364,3.229853967632066,1.2811393998701364,7.574493652520607,2.0,0.9232269312160892,win,loss,loss,loss,loss,loss,loss,loss,2023
16435,19176,long,Asia,low,2.2162162162162162,8.774745853397539,False,1.1402199278236242,False,2023-09,96,0.5950184741809191,0.6103357814372389,2.3788956423199217,0.6103357814372389,2.497899337155998,2.7382632356372696,4.495040552476773,2.7382632356372696,11.0,2.497899337155998,win,win,win,win,loss,loss,loss,loss,2023
16435,37667,long,Asia,low,3.1556039173014145,8.774745853397539,False,1.1402199278236242,False,2024-07,96,0.6476490229829007,0.9806305258020985,0.6476490229829007,1.7126348628325025,3.2887473095089117,1.7126348628325025,9.80464035050529,1.7126348628325025,4.0,0.6476490229829007,win,loss,loss,loss,loss,loss,loss,loss,2024
16435,34673,long,Asia,low,5.576407506702412,8.774745853397539,False,1.1402199278236242,False,2024-05,96,0.9685806225044706,0.47895377889666246,3.1739026183716708,0.47895377889666246,4.166942347504966,0.47895377889666246,5.372109237765178,0.47895377889666246,,27.686819281852262,win,win,win,win,win,win,win,win,2024
16435,10017,long,Asia,low,11.783783783783784,8.774745853397539,False,1.1402199278236242,False,2023-05,96,0.913080022880546,0.21642580731016406,1.4040758842408836,0.21642580731016406,1.7890123325660894,0.21642580731016406,1.7890123325660894,1.8853810378113214,27.0,1.7890123325660894,win,win,win,loss,loss,loss,loss,loss,2023
16621,50302,long,Asia,low,4.835039817974971,4.436130411544629,False,1.7015101123490683,False,2025-01,96,1.2280916267337172,0.09122085859797986,1.4459738802093918,0.09122085859797986,2.837708330982135,0.09122085859797986,4.598024359063127,0.09122085859797986,,7.044654076663751,win,win,win,win,win,win,win,win,2025
16621,10015,long,Asia,low,12.012987012987013,4.436130411544629,False,1.7015101123490683,False,2023-05,96,0.8320673847349318,0.16360268197037073,1.2634163061414005,0.16360268197037073,1.7347650022146757,0.16360268197037073,1.7347650022146757,0.7246806022961361,48.0,1.7347650022146757,win,win,win,loss,loss,loss,loss,loss,2023
16621,42326,long,Asia,low,7.302452316076294,4.436130411544629,False,1.7015101123490683,False,2024-09,96,1.119438404550792,0.010987559398050134,1.3000868075945604,0.010987559398050134,1.9079573731143136,0.06237055775939453,3.585175998870309,0.06237055775939453,,18.37540043913496,win,win,win,win,win,win,win,win,2024
16621,12689,long,Asia,low,6.0409924487594395,4.436130411544629,False,1.7015101123490683,False,2023-06,96,1.042470753118546,1.0066569946549397,2.43485160582143,1.0066569946549397,2.43485160582143,1.0066569946549397,4.97327272936213,6.054461059198246,1.0,0.09534203266677727,loss,loss,loss,loss,loss,loss,loss,loss,2023
16621,27876,long,Asia,low,10.463861920172599,4.436130411544629,False,1.7015101123490683,False,2024-02,96,0.39204344011579356,0.7137837316877638,0.39204344011579356,0.795252674412308,0.39204344011579356,1.1968077169782267,0.6782186094830621,1.8659282719438595,14.0,0.39204344011579356,loss,loss,loss,loss,loss,loss,loss,loss,2024
16739,64164,short,Overlap,mid,68.27731092436974,58.30258302583026,False,3.8485427471521865,False,2025-08,96,0.027220216829842485,0.3539827316376383,0.027220216829842485,0.38444059540322345,0.24342308442560862,0.38444059540322345,0.5224602851440315,0.38444059540322345,53.0,0.9113376559776494,win,loss,loss,loss,loss,loss,loss,loss,2025
16739,71848,short,Overlap,mid,52.791068580542266,58.30258302583026,False,3.8485427471521865,False,2025-12,96,0.1359099819008523,1.0425306292679117,0.1359099819008523,1.6306538141568983,0.1359099819008523,1.8543666977701396,0.1359099819008523,1.8543666977701396,3.0,0.1359099819008523,loss,loss,loss,loss,loss,loss,loss,loss,2025
16739,17291,short,Overlap,mid,59.30416447021612,58.30258302583026,False,3.8485427471521865,False,2023-08,96,0.9781701086040575,0.20917148443360759,1.7851122149623588,0.20917148443360759,1.7851122149623588,0.20917148443360759,1.7851122149623588,0.20917148443360759,91.0,1.7851122149623588,win,win,win,loss,loss,loss,loss,loss,2023
16739,33428,short,Overlap,mid,55.922431865828095,58.30258302583026,False,3.8485427471521865,False,2024-04,96,0.14200724347751484,0.5903999780195174,0.14200724347751484,0.7615867920745912,0.14200724347751484,0.7615867920745912,0.2130757087064431,0.7615867920745912,,2.715061777007712,win,win,win,win,win,none,none,none,2024
16739,61951,short,Overlap,mid,53.45474022495983,58.30258302583026,False,3.8485427471521865,False,2025-07,96,0.17398878724876704,0.5265450140423199,0.5370524340549869,0.5265450140423199,0.5370524340549869,0.5265450140423199,0.5370524340549869,0.5265450140423199,,0.9235376483754845,win,none,none,none,none,none,none,none,2025
16805,15330,short,Asia,low,10.823909531502423,13.254943880277924,False,0.7710029682659957,False,2023-07,96,3.838494127294005,0.9864602217035076,3.838494127294005,3.2599515917699855,3.838494127294005,4.967330051099053,3.838494127294005,7.42274592940623,7.0,3.838494127294005,win,win,win,win,win,win,win,loss,2023
16805,13389,short,Asia,low,8.085808580858085,13.254943880277924,False,0.7710029682659957,False,2023-06,96,0.2719707396965031,1.3330687013904337,4.2289389638394965,1.3330687013904337,4.7862729417780745,1.3330687013904337,4.7862729417780745,4.2814787658262246,1.0,0.08756633664470388,loss,loss,loss,loss,loss,loss,loss,loss,2023
16805,23391,short,Asia,low,16.233766233766232,13.254943880277924,False,0.7710029682659957,False,2023-11,96,0.9510493448193348,2.3699381148180905,0.9510493448193348,2.3699381148180905,0.9510493448193348,5.486305866933768,0.9510493448193348,5.800440347495374,2.0,0.9510493448193348,win,loss,loss,loss,loss,loss,loss,loss,2023
16805,5798,short,Asia,low,19.978401727861772,13.254943880277924,False,0.7710029682659957,False,2023-02,96,1.4859353569330154,0.2967135922500092,1.4859353569330154,1.7668663112973992,1.6808509348205432,3.4690238072635906,1.6808509348205432,3.4690238072635906,4.0,1.4859353569330154,win,win,loss,loss,loss,loss,loss,loss,2023
16805,61113,short,Asia,low,4.14647280560043,13.254943880277924,False,0.7710029682659957,False,2025-07,96,1.1514753746046036,3.630584669928888,1.1514753746046036,5.506224001289714,1.1514753746046036,7.934946484088756,1.1514753746046036,11.720597546052234,1.0,1.1514753746046036,win,win,loss,loss,loss,loss,loss,loss,2025
17002,8406,short,London,low,18.46965699208443,21.125265392781316,False,1.2402554499152951,False,2023-04,96,3.146273308347584,0.9740945507633277,7.7384953460145915,0.9740945507633277,7.7384953460145915,0.9740945507633277,7.7384953460145915,0.9740945507633277,,12.924550425323252,win,win,win,win,win,win,win,win,2023
17002,72018,short,London,low,15.640064274236742,21.125265392781316,False,1.2402554499152951,False,2025-12,96,0.2583901043294025,0.9053026932220807,1.0890189947283238,1.21227763579007,4.572130098797263,1.21227763579007,8.67340906431214,1.21227763579007,4.0,0.2583901043294025,loss,loss,loss,loss,loss,loss,loss,loss,2025
17002,61314,short,London,low,15.26147278548559,21.125265392781316,False,1.2402554499152951,False,2025-07,96,0.5497332411216304,1.3025230934132732,1.4408402191938303,1.3025230934132732,8.382548111605267,1.3025230934132732,8.382548111605267,1.3025230934132732,1.0,0.11246552239989432,loss,loss,loss,loss,loss,loss,loss,loss,2025
17002,15532,short,London,low,29.599999999999998,21.125265392781316,False,1.2402554499152951,False,2023-07,96,1.1047617331016646,0.36452160788151183,1.1047617331016646,1.7305445616490045,3.8386737922129326,1.7305445616490045,4.780458287660986,2.2350275377444895,5.0,1.1047617331016646,win,win,loss,loss,loss,loss,loss,loss,2023
17002,28913,short,London,low,21.534391534391535,21.125265392781316,False,1.2402554499152951,False,2024-02,96,1.2013877822548011,0.12553686334953837,1.9087880072292591,0.23538161878033093,2.0079621292753105,0.23538161878033093,3.5922373447461964,0.23538161878033093,61.0,3.5922373447461964,win,win,win,win,win,win,win,loss,2024
17099,45206,long,London,low,28.50293020777837,23.980942297511913,False,2.17823538719771,False,2024-10,96,0.01528901736239382,1.658858383822146,0.01528901736239382,2.285148741387449,0.01528901736239382,2.3354906278246697,2.338846753587157,2.3354906278246697,3.0,0.01528901736239382,loss,loss,loss,loss,loss,loss,loss,loss,2024
17099,6088,long,London,low,24.008574490889604,23.980942297511913,False,2.17823538719771,False,2023-03,96,1.080735360028102,0.06137101738890025,1.080735360028102,0.22319235471929616,1.730222360197729,0.22319235471929616,2.1182633221635196,0.3247435000847822,,4.3884405528412715,win,win,win,win,win,win,win,win,2023
17099,64246,long,London,low,14.46673706441394,23.980942297511913,False,2.17823538719771,False,2025-08,96,0.2841608877798462,0.3983256913457747,0.2841608877798462,1.4447321306054817,0.2841608877798462,2.318796633523224,0.2841608877798462,2.6340791595354363,6.0,0.2841608877798462,loss,loss,loss,loss,loss,loss,loss,loss,2025
17099,29080,long,London,low,19.273892151628402,23.980942297511913,False,2.17823538719771,False,2024-02,96,0.638445732891524,0.20808885531823929,0.638445732891524,0.4050643095236348,1.1975647750816834,0.4050643095236348,1.1975647750816834,2.6733477987103864,22.0,1.1975647750816834,win,win,loss,loss,loss,loss,loss,loss,2024
17099,54906,long,London,low,20.91917591125198,23.980942297511913,False,2.17823538719771,False,2025-03,96,0.3423931741849113,0.4356277470713311,0.3423931741849113,1.0630020685693609,0.3423931741849113,2.5418015462376764,0.3423931741849113,2.5418015462376764,7.0,0.3423931741849113,loss,loss,loss,loss,loss,loss,loss,loss,2025
17108,6112,short,Overlap,mid,59.04761904761905,52.89778714436248,False,1.6526054347984103,False,2023-03,96,0.21005776722626468,1.2561083634137125,0.21005776722626468,1.361799472018145,0.4153475145155412,1.361799472018145,0.4153475145155412,1.361799472018145,0.0,0.13006098828260637,loss,loss,loss,loss,loss,loss,loss,loss,2023
17108,41288,short,Overlap,mid,55.549710678590216,52.89778714436248,False,1.6526054347984103,False,2024-08,96,0.17139816522562093,2.1516658072191053,0.17139816522562093,2.577535865454691,0.17139816522562093,2.577535865454691,0.17139816522562093,3.6310532530228548,0.0,0.17139816522562093,loss,loss,loss,loss,loss,loss,loss,loss,2024
17108,17756,short,Overlap,mid,60.462670872765514,52.89778714436248,False,1.6526054347984103,False,2023-08,96,0.0,6.20310565493334,0.0,7.068759003079131,0.0,7.563012600919679,0.0,7.567472641589269,1.0,0.0,loss,loss,loss,loss,loss,loss,loss,loss,2023
17108,48140,short,Overlap,mid,54.15104445634709,52.89778714436248,False,1.6526054347984103,False,2024-12,96,0.23211458122151188,1.4858051963403767,0.23211458122151188,3.0761129310783963,0.23211458122151188,3.3626028168320623,0.23211458122151188,3.712473916930919,2.0,0.23211458122151188,loss,loss,loss,loss,loss,loss,loss,loss,2024
17108,34347,short,Overlap,mid,60.671211326691136,52.89778714436248,False,1.6526054347984103,False,2024-05,96,1.8818674288234538,0.0,1.8818674288234538,0.0,1.8818674288234538,0.0,1.8818674288234538,0.0,83.0,1.8818674288234538,win,win,win,loss,loss,loss,loss,loss,2024
17155,41422,short,Asia,low,17.179902755267424,12.951969778737183,False,2.1206911832849977,False,2024-08,96,0.13454715611180576,0.4727919890977036,0.1408694894386752,0.5622925202557667,0.1408694894386752,1.156986998811627,0.1408694894386752,1.7400246752960886,12.0,0.1408694894386752,loss,loss,loss,loss,loss,loss,loss,loss,2024
17155,61021,short,Asia,low,20.516962843295637,12.951969778737183,False,2.1206911832849977,False,2025-06,96,0.2543081669436647,0.6093335463779632,0.2543081669436647,0.7545407151075464,1.4157419491610441,0.7545407151075464,1.7451688361865296,0.7545407151075464,48.0,1.7451688361865296,win,win,win,loss,loss,loss,loss,loss,2025
17155,64679,short,Asia,low,5.088377075522228,12.951969778737183,False,2.1206911832849977,False,2025-08,96,0.6065194912782096,0.009633664983856222,0.6065194912782096,0.7104827925627277,0.6065194912782096,0.7702917960044042,0.8274916818463814,1.0966321973341082,27.0,0.8274916818463814,win,loss,loss,loss,loss,loss,loss,loss,2025
17155,35489,short,Asia,low,21.316783594171614,12.951969778737183,False,2.1206911832849977,False,2024-05,96,2.5751385471302006,0.043039647694916375,2.5751385471302006,0.3698594023877114,2.5751385471302006,0.5015929035100782,2.5751385471302006,1.9920921047581854,22.0,2.5751385471302006,win,win,win,win,win,loss,loss,loss,2024
17155,9935,short,Asia,low,3.655913978494624,12.951969778737183,False,2.1206911832849977,False,2023-05,96,0.2241972199012039,0.22705121562845343,0.27017826217231566,0.25876227926367806,0.27017826217231566,1.1260598696879005,1.1682355843227277,2.5403733078202166,12.0,0.27017826217231566,loss,loss,loss,loss,loss,loss,loss,loss,2023
17335,36946,long,Asia,low,1.5778019586507073,0.16224986479177933,False,1.7383620316369373,False,2024-06,96,1.0915421399834704,0.2232379731450182,1.0915421399834704,2.036606366988611,1.9704096178540915,2.610898376766978,2.1936475909991096,2.610898376766978,5.0,1.0915421399834704,win,win,loss,loss,loss,loss,loss,loss,2024
17335,57251,long,Asia,low,9.967497291440953,0.16224986479177933,False,1.7383620316369373,False,2025-05,96,0.6134675731635673,1.146361864728049,0.6134675731635673,1.146361864728049,2.1252905643124755,1.146361864728049,2.6056917296335635,1.146361864728049,2.0,0.6134675731635673,win,loss,loss,loss,loss,loss,loss,loss,2025
17335,49113,long,Asia,low,0.7658643326039387,0.16224986479177933,False,1.7383620316369373,False,2024-12,96,1.0822145857357062,0.7853995244107268,1.0822145857357062,0.7853995244107268,1.0822145857357062,0.7853995244107268,1.524994255407386,1.3591809032475202,27.0,1.524994255407386,win,win,win,loss,loss,loss,loss,loss,2024
17335,28796,long,Asia,low,0.5898123324396782,0.16224986479177933,False,1.7383620316369373,False,2024-02,96,0.611318348052182,0.6476153749677894,0.8978738237016605,0.6476153749677894,1.7123281644919823,0.6476153749677894,2.7407439271005676,0.6476153749677894,32.0,2.7407439271005676,win,win,win,win,win,loss,loss,loss,2024
17335,41984,long,Asia,low,3.868887694787748,0.16224986479177933,False,1.7383620316369373,False,2024-09,96,0.2500252479908186,0.9190117223446503,0.2500252479908186,1.1896310705560278,0.2500252479908186,1.1896310705560278,3.2471103957209553,6.02731392550298,4.0,0.2500252479908186,loss,loss,loss,loss,loss,loss,loss,loss,2024
17353,12306,long,Asia,low,3.7520391517128875,2.9994643813604713,False,2.3810759143211633,False,2023-06,96,0.30486675604446467,0.6621761880139573,0.30486675604446467,0.6733639588779474,0.30486675604446467,0.7855912853576583,0.30486675604446467,3.516106611856579,18.0,0.30486675604446467,loss,loss,loss,loss,loss,loss,loss,loss,2023
17353,61554,long,Asia,low,8.922742110990207,2.9994643813604713,False,2.3810759143211633,False,2025-07,96,0.2192853542563746,0.4804319197567085,0.6491727774646446,0.5163314724334372,0.6491727774646446,1.6633027402637486,0.6491727774646446,2.0136149817264983,9.0,0.6491727774646446,win,loss,loss,loss,loss,loss,loss,loss,2025
17353,47737,long,Asia,low,5.29475982532751,2.9994643813604713,False,2.3810759143211633,False,2024-12,96,0.7311845824657272,0.06436306483204503,0.92847502140269,0.06436306483204503,0.973344312029722,1.3203671028345318,0.973344312029722,1.5159770439951634,14.0,0.973344312029722,win,loss,loss,loss,loss,loss,loss,loss,2024
17353,2873,long,Asia,low,11.821601289629232,2.9994643813604713,False,2.3810759143211633,False,2023-01,96,0.4911335671570174,0.09129097084149945,0.4911335671570174,0.09129097084149945,0.4911335671570174,1.0234666308951388,1.9823182239868549,1.0234666308951388,12.0,0.4911335671570174,loss,loss,loss,loss,loss,loss,loss,loss,2023
17353,12409,long,Asia,low,5.027027027027027,2.9994643813604713,False,2.3810759143211633,False,2023-06,96,0.31265147246349306,0.30269879112272513,0.37133797278321784,1.3384640423793344,0.5806874768476386,1.3384640423793344,0.9509958619058956,1.3384640423793344,7.0,0.37133797278321784,loss,loss,loss,loss,loss,loss,loss,loss,2023
17635,70807,long,Asia,low,15.712742980561556,9.823812066203951,False,1.37654061158272,False,2025-11,96,2.0804393400827736,0.029183847563285428,2.1086168480749112,0.029183847563285428,2.1086168480749112,0.029183847563285428,2.1086168480749112,0.44334848884384626,47.0,2.5753347780709106,win,win,win,win,win,loss,loss,loss,2025
17635,62104,long,Asia,low,3.431372549019608,9.823812066203951,False,1.37654061158272,False,2025-07,96,0.7051664956079705,0.824585693656961,0.8263911674936908,0.824585693656961,1.1023707396592137,0.824585693656961,1.1023707396592137,2.023936170824727,22.0,1.1023707396592137,win,win,loss,loss,loss,loss,loss,loss,2025
17635,41516,long,Asia,low,1.8888289260658393,9.823812066203951,False,1.37654061158272,False,2024-08,96,0.534853925321029,1.6717878908856052,0.534853925321029,1.7604377127620867,0.534853925321029,2.408320160975365,3.0488151240324517,2.408320160975365,1.0,0.534853925321029,win,loss,loss,loss,loss,loss,loss,loss,2024
17635,62084,long,Asia,low,4.129955947136564,9.823812066203951,False,1.37654061158272,False,2025-07,96,0.834045523425556,0.11281162854848423,1.437651113479098,0.3805174257331135,1.4647766061862442,1.0761468835688248,3.3427733349208597,1.0761468835688248,10.0,1.437651113479098,win,win,loss,loss,loss,loss,loss,loss,2025
17635,57269,long,Asia,low,5.740343347639485,9.823812066203951,False,1.37654061158272,False,2025-05,96,0.48357206004902425,0.5985207126338297,1.274938101004011,0.5985207126338297,1.4139559511478121,1.0679430019966232,2.2744662323632907,1.0679430019966232,8.0,1.274938101004011,win,win,loss,loss,loss,loss,loss,loss,2025
17714,42346,long,Asia,low,0.48517520215633425,3.494623655913978,False,2.506399649161882,False,2024-09,96,1.0432023228644591,0.1746514164595345,1.0432023228644591,1.0000623771819874,1.0432023228644591,1.0000623771819874,6.30706005876138,1.3880604341070903,7.0,1.0432023228644591,win,win,loss,loss,loss,loss,loss,loss,2024
17714,12484,long,Asia,low,3.055100927441353,3.494623655913978,False,2.506399649161882,False,2023-06,96,0.41234583751793574,0.37907587996753744,0.41234583751793574,0.4365421702817853,0.41234583751793574,0.4365421702817853,0.5232456960190596,1.2844219975496252,31.0,0.5232456960190596,win,loss,loss,loss,loss,loss,loss,loss,2023
17714,38209,long,Asia,low,1.148796498905908,3.494623655913978,False,2.506399649161882,False,2024-07,96,0.8382626869787223,0.20448824259192966,1.4581263665634212,0.20448824259192966,1.657050303234488,0.20448824259192966,2.0270766469721813,0.20448824259192966,,13.158748856964388,win,win,win,win,win,win,win,win,2024
17714,40872,long,Asia,low,13.167835941716136,3.494623655913978,False,2.506399649161882,False,2024-08,96,1.2505392169708274,0.27131523616600206,1.2505392169708274,0.27131523616600206,1.2505392169708274,0.27131523616600206,1.2505392169708274,1.211045011339271,30.0,1.2505392169708274,win,win,loss,loss,loss,loss,loss,loss,2024
17714,41442,long,Asia,low,7.963655799037947,3.494623655913978,False,2.506399649161882,False,2024-08,96,0.44942326267171856,0.43740951810458834,0.44942326267171856,0.643827492940443,1.0344562178061243,0.6647605327165257,1.0468340152389175,2.755334113836266,26.0,1.0468340152389175,win,win,loss,loss,loss,loss,loss,loss,2024
17744,16633,short,London,low,17.63143919277748,17.195767195767196,False,1.7557703221349303,False,2023-08,96,0.8807450292365997,0.371635909839128,0.8807450292365997,0.371635909839128,2.6816440744498395,0.8816615173002997,2.804911719020416,0.8816615173002997,,4.077455395498066,win,win,win,win,win,win,win,win,2023
17744,25150,short,London,low,21.678321678321677,17.195767195767196,False,1.7557703221349303,False,2023-12,96,1.2872534970850922,0.38716596209681614,1.2872534970850922,0.38716596209681614,2.110347800974559,1.6846852233284217,2.110347800974559,1.6846852233284217,11.0,2.110347800974559,win,win,win,win,loss,loss,loss,loss,2023
17744,48305,short,London,low,26.406926406926406,17.195767195767196,False,1.7557703221349303,False,2024-12,96,0.8561194663005386,0.05336245995908261,1.6766639592950514,0.05336245995908261,2.155379360957266,0.05336245995908261,8.387186641399827,0.05336245995908261,,9.231318888434208,win,win,win,win,win,win,win,win,2024
17744,18463,short,London,low,24.45274959957288,17.195767195767196,False,1.7557703221349303,False,2023-09,96,0.9470184937197456,0.25817527983553945,1.2187226091797887,0.25817527983553945,2.616702290385085,2.6990027071011786,4.293714206347019,2.6990027071011786,14.0,2.616702290385085,win,win,win,win,win,loss,loss,loss,2023
17744,53884,short,London,low,24.679487179487182,17.195767195767196,False,1.7557703221349303,False,2025-03,96,0.21224170574764006,0.46087799940790786,0.21224170574764006,0.8210402827606508,0.21224170574764006,1.1021073973331772,0.5498825856892106,2.2195293489859322,10.0,0.21224170574764006,loss,loss,loss,loss,loss,loss,loss,loss,2025
17818,72271,short,Asia,low,7.483731019522777,2.5106837606837606,False,1.3034799043358238,False,2025-12,96,1.0264046898659447,0.041525018448014935,1.1446170407705905,0.14768171883545575,2.6182528769060576,0.14768171883545575,3.7323959122025347,0.2749358076280052,32.0,3.7323959122025347,win,win,win,win,win,win,win,loss,2025
17818,29416,short,Asia,low,10.320478001086366,2.5106837606837606,False,1.3034799043358238,False,2024-02,96,0.8065454198371003,0.786613141147379,0.8065454198371003,0.786613141147379,0.8065454198371003,0.786613141147379,0.8065454198371003,4.289711120863422,17.0,0.8065454198371003,win,loss,loss,loss,loss,loss,loss,loss,2024
17818,14667,short,Asia,low,6.472846955567746,2.5106837606837606,False,1.3034799043358238,False,2023-07,96,0.6891837287466168,1.22018271894365,0.6891837287466168,2.051523657664252,0.6891837287466168,2.9971478436188606,1.4466586662062126,4.17900386379512,2.0,0.5839595194030556,win,loss,loss,loss,loss,loss,loss,loss,2023
17818,70973,short,Asia,low,0.21810250817884408,2.5106837606837606,False,1.3034799043358238,False,2025-11,96,0.2805295525979821,5.594601102606755,0.2805295525979821,5.927568283225967,0.2805295525979821,5.927568283225967,4.782405734062596,5.927568283225967,1.0,0.2805295525979821,loss,loss,loss,loss,loss,loss,loss,loss,2025
17818,4889,short,Asia,low,6.907717215326498,2.5106837606837606,False,1.3034799043358238,False,2023-02,96,0.39795081218145145,1.2923502121961419,0.39795081218145145,4.323507891050449,0.39795081218145145,4.323507891050449,1.97985478697218,4.323507891050449,1.0,0.39795081218145145,loss,loss,loss,loss,loss,loss,loss,loss,2023
17832,70837,long,London,low,18.331562167906483,12.61930010604454,False,1.1260264646134643,False,2025-11,96,0.6963594867663514,0.46916314052470703,1.6979301407944065,0.5189798334653842,1.8250902707534769,1.505242932250273,1.8250902707534769,3.1571161305145297,12.0,1.8250902707534769,win,win,win,loss,loss,loss,loss,loss,2025
17832,59660,long,London,low,14.959785522788206,12.61930010604454,False,1.1260264646134643,False,2025-06,96,0.962782494383569,0.4454576624230118,0.962782494383569,0.8534968812025202,0.962782494383569,2.315785901049787,0.962782494383569,2.5917716705688014,8.0,0.962782494383569,win,loss,loss,loss,loss,loss,loss,loss,2025
17832,54905,long,London,low,21.141649048625794,12.61930010604454,False,1.1260264646134643,False,2025-03,96,1.2913700079093882,0.19180597343024264,1.2913700079093882,0.6890807193604649,1.2913700079093882,4.279033745414217,1.2913700079093882,4.279033745414217,8.0,1.2913700079093882,win,win,loss,loss,loss,loss,loss,loss,2025
17832,53888,long,London,low,17.16417910447761,12.61930010604454,False,1.1260264646134643,False,2025-03,96,0.814417612343525,0.25145886862871536,1.1098669213470447,0.333792327978792,3.1215378703767676,1.4472260417887062,3.1215378703767676,1.4472260417887062,12.0,1.2781006325100674,win,win,loss,loss,loss,loss,loss,loss,2025
17832,36329,long,London,low,8.257372654155496,12.61930010604454,False,1.1260264646134643,False,2024-06,96,0.5783817101233006,1.4951639079880652,0.5783817101233006,1.4951639079880652,0.5783817101233006,1.4951639079880652,12.37251504382824,1.4951639079880652,1.0,0.2660465985960389,loss,loss,loss,loss,loss,loss,loss,loss,2024
17935,58407,long,Overlap,low,20.48446550816219,15.287295730100158,False,1.3222751289593493,False,2025-05,96,5.8284058495612046,0.21062444324188823,6.432256744078306,0.21062444324188823,6.432256744078306,0.21062444324188823,8.807777228315134,0.21062444324188823,,10.976974387272302,win,win,win,win,win,win,win,win,2025
17935,33416,long,Overlap,low,19.303797468354432,15.287295730100158,False,1.3222751289593493,False,2024-04,96,0.20417182062151668,1.9383167558222785,0.7201266405166177,2.6450248875094124,2.2177374690955265,2.6450248875094124,2.9123426320344095,2.6450248875094124,1.0,0.20417182062151668,loss,loss,loss,loss,loss,loss,loss,loss,2024
17935,69758,long,Overlap,low,18.559556786703602,15.287295730100158,False,1.3222751289593493,False,2025-11,96,1.1354487375789026,0.2585705332509083,1.8308934205278025,0.2585705332509083,3.1586798644100575,0.2585705332509083,4.967764915089345,0.2585705332509083,,6.492331510984833,win,win,win,win,win,win,win,win,2025
17935,71567,long,Overlap,low,13.113006396588487,15.287295730100158,False,1.3222751289593493,False,2025-12,96,1.2123233779977662,0.7502826040363859,1.2123233779977662,3.6713994017997904,1.2123233779977662,3.6713994017997904,1.2123233779977662,3.6713994017997904,4.0,1.2123233779977662,win,win,loss,loss,loss,loss,loss,loss,2025
17935,37814,long,Overlap,low,16.851558372952987,15.287295730100158,False,1.3222751289593493,False,2024-07,96,0.3759097179023922,1.5525505243053874,0.3759097179023922,1.5525505243053874,0.3759097179023922,2.0550783108818718,1.4527549748521038,2.0550783108818718,0.0,0.3759097179023922,loss,loss,loss,loss,loss,loss,loss,loss,2024
17983,40424,long,Asia,low,18.98123324396783,13.00593631948192,False,3.4481030905572845,False,2024-08,96,0.10640388518151016,0.17156937341190373,0.548889679205892,0.2302293391285854,1.2275590194052974,0.2302293391285854,1.9232088759963684,0.2302293391285854,35.0,2.0637943201481095,win,win,win,win,loss,loss,loss,loss,2024
17983,13128,long,Asia,low,21.22204037097654,13.00593631948192,False,3.4481030905572845,False,2023-06,96,0.22580772372686125,0.09932296645077272,0.22580772372686125,0.6676935744669924,1.3278872514673792,0.6676935744669924,1.3278872514673792,0.6676935744669924,35.0,1.3278872514673792,win,win,loss,loss,loss,loss,loss,loss,2023
17983,8200,long,Asia,low,11.372130272290443,13.00593631948192,False,3.4481030905572845,False,2023-04,96,0.48877516899115164,0.5369459333628526,0.8317361323167729,0.5369459333628526,0.8505208705466252,0.5369459333628526,8.386920650870435,0.5369459333628526,,8.935769784695752,win,win,win,win,win,win,win,win,2023
17983,5355,long,Asia,low,6.741573033707865,13.00593631948192,False,3.4481030905572845,False,2023-02,96,0.4214261884887022,0.14385037168271647,0.734534766427535,0.14385037168271647,0.734534766427535,0.4859964748482982,0.734534766427535,0.4859964748482982,68.0,0.734534766427535,win,loss,loss,loss,loss,loss,loss,loss,2023
17983,16612,long,Asia,low,6.9280343716433945,13.00593631948192,False,3.4481030905572845,False,2023-08,96,0.19846964504056677,0.35342863712997624,0.3811634977830626,0.38447132520038513,0.8971845748885594,0.38447132520038513,1.443739443538732,0.38447132520038513,82.0,1.7269403601158728,win,win,win,loss,loss,loss,loss,loss,2023
18027,26642,long,Overlap,low,28.144654088050313,18.766473379019505,False,1.252396044054629,False,2024-01,96,0.5858661202983141,0.18606497305905711,1.2657189064749372,0.18606497305905711,1.2657189064749372,0.2872079840551724,1.2657189064749372,2.5676966282128624,18.0,1.2657189064749372,win,win,loss,loss,loss,loss,loss,loss,2024
18027,12532,long,Overlap,low,25.57150451887294,18.766473379019505,False,1.252396044054629,False,2023-06,96,3.506698491234884,2.016763216789927,3.506698491234884,4.823253866685283,3.506698491234884,4.823253866685283,3.506698491234884,4.823253866685283,0.0,0.39872231964603017,loss,loss,loss,loss,loss,loss,loss,loss,2023
18027,21876,long,Overlap,low,25.197680548234054,18.766473379019505,False,1.252396044054629,False,2023-10,96,0.0029901464067154555,2.8690454773113543,3.7496435941097923,2.8879830712210053,3.7496435941097923,6.855907353026239,3.7496435941097923,10.724160087938577,0.0,0.0029901464067154555,loss,loss,loss,loss,loss,loss,loss,loss,2023
18027,27724,long,Overlap,low,17.073170731707318,18.766473379019505,False,1.252396044054629,False,2024-01,96,3.4336133792197767,0.15226782891691015,9.337523735473631,0.15226782891691015,9.337523735473631,0.15226782891691015,9.337523735473631,3.8213469229568426,26.0,9.337523735473631,win,win,win,win,win,win,win,win,2024
18027,64249,long,Overlap,low,12.8624143384291,18.766473379019505,False,1.252396044054629,False,2025-08,96,0.6696488633781396,1.6954405679538682,0.6696488633781396,3.907817732481296,0.6696488633781396,4.073348912192775,0.6696488633781396,4.5303710245274225,2.0,0.6696488633781396,win,loss,loss,loss,loss,loss,loss,loss,2025
18099,22959,short,London,low,13.752665245202559,13.052743740010655,False,1.8387456414287637,False,2023-11,96,0.19486782546173848,1.2933598560030422,0.19486782546173848,1.2933598560030422,0.773444461884361,1.2933598560030422,1.3050117465976625,9.066376250608343,3.0,0.19486782546173848,loss,loss,loss,loss,loss,loss,loss,loss,2023
18099,64688,short,London,low,3.7846481876332625,13.052743740010655,False,1.8387456414287637,False,2025-08,96,0.7438001149947711,0.3948450481912032,1.299738118683013,0.3948450481912032,1.405858700642409,0.3948450481912032,1.405858700642409,1.9888048704599184,27.0,1.405858700642409,win,win,loss,loss,loss,loss,loss,loss,2025
18099,48504,short,London,low,14.492753623188406,13.052743740010655,False,1.8387456414287637,False,2024-12,96,1.1456605937700834,0.23276389585246898,1.1456605937700834,0.2657800512925009,2.5003547216701363,0.2657800512925009,2.980739783323032,0.2657800512925009,,5.51844403083484,win,win,win,win,win,win,win,win,2024
18099,10980,short,London,low,21.077654516640255,13.052743740010655,False,1.8387456414287637,False,2023-05,96,1.8744231640099394,0.329704180960919,1.9379685712385435,0.329704180960919,4.290479432565222,0.329704180960919,4.290479432565222,0.329704180960919,,5.151503065589299,win,win,win,win,win,win,win,win,2023
18099,19112,short,London,low,8.30670926517572,13.052743740010655,False,1.8387456414287637,False,2023-09,96,0.7799971618278712,1.1021979761923992,1.8208543016182193,1.1021979761923992,2.9940785094339613,1.1021979761923992,3.819274182295015,1.1021979761923992,3.0,0.7799971618278712,win,loss,loss,loss,loss,loss,loss,loss,2023
18108,47762,short,London,low,8.777598276790522,15.959703075291623,False,2.602783492502587,False,2024-12,96,0.025474311369996956,0.8961656589456105,0.025474311369996956,0.8961656589456105,1.3638327855988648,1.7565494816895568,1.3638327855988648,2.2904792679755697,12.0,1.3638327855988648,win,win,loss,loss,loss,loss,loss,loss,2024
18108,72289,short,London,low,6.713211600429646,15.959703075291623,False,2.602783492502587,False,2025-12,96,0.23031941142664697,0.3432177372204859,0.26146671975228514,0.3432177372204859,0.8613724116120484,1.5675202921439833,1.3667268223081208,4.265389203687016,13.0,0.8613724116120484,win,loss,loss,loss,loss,loss,loss,loss,2025
18108,26077,short,London,low,25.646437994722955,15.959703075291623,False,2.602783492502587,False,2024-01,96,3.6930538886439614,0.4166570136859832,3.6930538886439614,2.1110155967457387,3.6930538886439614,5.550999285801851,3.6930538886439614,5.550999285801851,4.0,3.6930538886439614,win,win,win,win,win,win,win,loss,2024
18108,25333,short,London,low,16.337426588360916,15.959703075291623,False,2.602783492502587,False,2023-12,96,0.13508959221398342,1.858690321498047,0.13508959221398342,2.649638611880918,0.13508959221398342,3.6469101777545068,1.1743381500184658,3.7934480404951185,1.0,0.13508959221398342,loss,loss,loss,loss,loss,loss,loss,loss,2023
18108,45037,short,London,low,22.727272727272727,15.959703075291623,False,2.602783492502587,False,2024-10,96,0.6739023591732126,0.22647139662374294,2.276061852968856,0.22647139662374294,6.924966821458055,0.22647139662374294,6.952039636945633,0.22647139662374294,,6.952039636945633,win,win,win,win,win,win,win,win,2024
18124,69478,short,Overlap,low,11.16046640755136,18.19137749737119,False,1.7620491272862904,False,2025-11,96,0.6966262767567538,0.8413447677991059,0.6966262767567538,1.291230511691674,0.6966262767567538,1.291230511691674,0.6966262767567538,1.291230511691674,7.0,0.6966262767567538,win,loss,loss,loss,loss,loss,loss,loss,2025
18124,9052,short,Overlap,low,19.768054823405375,18.19137749737119,False,1.7620491272862904,False,2023-04,96,3.5712622032039936,0.4161633461728162,4.042167966278916,1.8288806353975824,4.042167966278916,2.2335510984638782,4.042167966278916,2.2335510984638782,6.0,4.042167966278916,win,win,win,win,win,win,win,win,2023
18124,21875,short,Overlap,low,23.734177215189874,18.19137749737119,False,1.7620491272862904,False,2023-10,96,1.8228822643123679,0.6553781028864379,1.8364912085253131,2.3432453154020108,4.687923151247373,2.93344373811059,7.467729071796042,2.93344373811059,6.0,1.8364912085253131,win,win,win,loss,loss,loss,loss,loss,2023
18124,71565,short,Overlap,low,10.832443970117396,18.19137749737119,False,1.7620491272862904,False,2025-12,96,1.4121269111821986,0.04893983117184178,3.563351663996492,0.10405033670882756,3.668785082890602,0.10405033670882756,3.668785082890602,0.10405033670882756,,4.311705517176255,win,win,win,win,win,win,win,win,2025
18124,14162,short,Overlap,low,21.12299465240642,18.19137749737119,False,1.7620491272862904,False,2023-07,96,0.9114575653555955,1.798116523921275,2.04914803476138,3.3939286240285558,3.4979087472361123,3.3939286240285558,5.1507141366328755,3.3939286240285558,1.0,0.9114575653555955,ambiguous,loss,loss,loss,loss,loss,loss,loss,2023
18243,6441,short,Asia,low,2.2690437601296596,3.5383777898747955,False,0.6532590568540633,False,2023-03,96,0.34060551356068564,1.770154201863535,0.34060551356068564,3.1835427745595832,0.34060551356068564,5.682145264549572,0.34060551356068564,7.37025580256265,0.0,0.34060551356068564,loss,loss,loss,loss,loss,loss,loss,loss,2023
18243,27422,short,Asia,low,0.0,3.5383777898747955,False,0.6532590568540633,False,2024-01,96,2.3522869825713157,1.5742830749059755,2.3522869825713157,1.5742830749059755,4.423918193082066,2.9384006646878915,4.423918193082066,6.848000838272967,0.0,1.642162610474242,ambiguous,ambiguous,ambiguous,loss,loss,loss,loss,loss,2024
18243,33939,short,Asia,low,2.945902517407606,3.5383777898747955,False,0.6532590568540633,False,2024-05,96,1.558898079256428,0.4036725552599423,2.827677021236497,0.4036725552599423,7.2214722812543775,0.4036725552599423,8.353068192259991,0.4036725552599423,,10.407531766185375,win,win,win,win,win,win,win,win,2024
18243,51298,short,Asia,low,7.972665148063782,3.5383777898747955,False,0.6532590568540633,False,2025-01,96,1.8166966631600596,0.21709446751310182,1.8166966631600596,1.3158902922543663,1.8166966631600596,9.895432298989299,1.8166966631600596,15.651178758974428,6.0,1.8166966631600596,win,win,win,loss,loss,loss,loss,loss,2025
18243,37039,short,Asia,low,7.6672104404567705,3.5383777898747955,False,0.6532590568540633,False,2024-06,96,3.6070809421674457,1.2205449960063004,3.6070809421674457,1.6936181398888333,3.6070809421674457,5.710261545692629,4.061426577772248,5.710261545692629,0.0,1.7546861016638953,ambiguous,ambiguous,ambiguous,loss,loss,loss,loss,loss,2024
18266,62090,short,Asia,low,5.817782656421515,9.13978494623656,False,1.5091367258783468,False,2025-07,96,0.889228229553448,0.3082627662818539,1.420364296365138,0.77779157928853,1.420364296365138,1.9413079866282883,1.420364296365138,2.6590777929082714,11.0,1.420364296365138,win,win,loss,loss,loss,loss,loss,loss,2025
18266,11752,short,Asia,low,8.927599346761024,9.13978494623656,False,1.5091367258783468,False,2023-05,96,0.45908374596069873,1.1380730537650157,0.45908374596069873,1.493381141327788,3.63066553452503,1.493381141327788,5.701731174268402,1.5309380462718445,3.0,0.45908374596069873,loss,loss,loss,loss,loss,loss,loss,loss,2023
18266,64116,short,Asia,low,9.105603448275861,9.13978494623656,False,1.5091367258783468,False,2025-08,96,0.4789976657400275,0.5793315171737952,0.4789976657400275,1.6330781443731401,0.4789976657400275,2.4362313301304366,0.4789976657400275,2.4362313301304366,5.0,0.4789976657400275,loss,loss,loss,loss,loss,loss,loss,loss,2025
18266,41431,short,Asia,low,8.870967741935484,9.13978494623656,False,1.5091367258783468,False,2024-08,96,0.1298215130121027,1.5370152526794034,0.1298215130121027,1.5867404652322976,0.1298215130121027,2.4654177241740105,0.1298215130121027,3.4426521409298276,2.0,0.1298215130121027,loss,loss,loss,loss,loss,loss,loss,loss,2024
18266,41699,short,Asia,low,5.723542116630669,9.13978494623656,False,1.5091367258783468,False,2024-09,96,0.5816662506102636,0.33826030715431893,0.8736247666711466,0.5832739516900755,0.8736247666711466,3.471669711354299,3.4829236189116664,3.471669711354299,8.0,0.8736247666711466,win,loss,loss,loss,loss,loss,loss,loss,2024
18815,45112,short,Asia,mid,31.36,41.35702746365105,False,1.8305808625111017,False,2024-10,96,0.6688227637121008,0.41700761967867006,0.6688227637121008,0.593082340096158,0.6688227637121008,0.8781971531333067,2.78694288621338,1.7496473145076332,22.0,0.6688227637121008,win,loss,loss,loss,loss,loss,loss,loss,2024
18815,11214,short,Asia,mid,37.65532144786602,41.35702746365105,False,1.8305808625111017,False,2023-05,96,0.7653585534978218,0.40459351659389126,1.395653832848977,0.40459351659389126,1.5140205433042104,0.40459351659389126,2.9081836115378494,0.40459351659389126,,6.175045189518252,win,win,win,win,win,win,win,win,2023
18815,43892,short,Asia,mid,40.30253916801729,41.35702746365105,False,1.8305808625111017,False,2024-10,96,1.1487357441721355,0.5593386670159265,1.1487357441721355,0.5593386670159265,1.1487357441721355,0.5593386670159265,2.032621161234097,1.4917799773813623,28.0,2.032621161234097,win,win,win,win,loss,loss,loss,loss,2024
18815,43360,short,Asia,mid,38.933764135702745,41.35702746365105,False,1.8305808625111017,False,2024-09,96,0.18132503963978838,1.0470851119095703,0.8796050876119107,1.0470851119095703,1.4615423453718133,1.0470851119095703,1.4615423453718133,2.107345319063942,1.0,0.0,loss,loss,loss,loss,loss,loss,loss,loss,2024
18815,46565,short,Asia,mid,50.86206896551724,41.35702746365105,False,1.8305808625111017,False,2024-11,96,0.34797455992729687,0.1233130523003304,0.643545396366628,0.1233130523003304,2.570722593817138,0.1233130523003304,2.570722593817138,0.19923791900413407,39.0,2.570722593817138,win,win,win,win,win,loss,loss,loss,2024
18998,49568,long,Asia,low,17.71058315334773,25.969827586206897,False,2.053882551931401,False,2025-01,96,0.24004473548432975,0.6783590631270918,0.2597418237882524,1.5417841757033455,0.2597418237882524,1.9820465670245229,0.2597418237882524,3.381838545723613,6.0,0.2597418237882524,loss,loss,loss,loss,loss,loss,loss,loss,2025
18998,48469,long,Asia,low,21.936542669584245,25.969827586206897,False,2.053882551931401,False,2024-12,96,0.4019582715723538,0.07574374282306418,0.4019582715723538,0.6372803089339352,0.4019582715723538,0.6372803089339352,1.6789289176210573,0.6372803089339352,,1.9280225445868961,win,win,win,none,none,none,none,none,2024
18998,62473,long,Asia,low,20.248380129589634,25.969827586206897,False,2.053882551931401,False,2025-07,96,0.29625893331785313,0.542070814003036,0.29625893331785313,0.720358844735812,0.427233268724332,0.7349289562105072,4.502007777800871,0.7349289562105072,,7.997737856659157,win,win,win,win,win,win,win,win,2025
18998,30808,long,Asia,low,28.272532188841204,25.969827586206897,False,2.053882551931401,False,2024-03,96,0.25302554636113855,0.9797149155103272,0.25302554636113855,2.487072437032365,0.25302554636113855,3.1992550081901414,0.25302554636113855,4.775772845717686,4.0,0.25302554636113855,loss,loss,loss,loss,loss,loss,loss,loss,2024
18998,23320,long,Asia,low,25.468164794007492,25.969827586206897,False,2.053882551931401,False,2023-11,96,1.4120576435996932,0.13705459163261308,2.3760521991695835,0.13705459163261308,2.3760521991695835,0.13705459163261308,2.3760521991695835,0.8051957258417048,34.0,2.3760521991695835,win,win,win,win,loss,loss,loss,loss,2023
19096,59308,long,London,low,8.187134502923977,11.117078410311493,False,2.3272320477192445,False,2025-06,96,0.32066687878859335,0.6947620175028094,0.5757405932968692,0.7930544446883622,0.5757405932968692,2.347923859682397,0.5757405932968692,2.347923859682397,10.0,0.5757405932968692,win,loss,loss,loss,loss,loss,loss,loss,2025
19096,28260,long,London,low,13.208556149732619,11.117078410311493,False,2.3272320477192445,False,2024-02,96,2.4817480316934035,0.2073074140119409,2.5286501615603862,0.2073074140119409,2.5286501615603862,2.273815255949918,2.5286501615603862,3.2196748749335224,10.0,2.5286501615603862,win,win,win,win,win,loss,loss,loss,2024
19096,69833,long,London,low,4.082774049217002,11.117078410311493,False,2.3272320477192445,False,2025-11,96,0.18965736729938873,0.43575943453594945,0.3628814675284405,0.7051221165145172,0.3628814675284405,3.571814261001964,0.3628814675284405,3.571814261001964,10.0,0.3628814675284405,loss,loss,loss,loss,loss,loss,loss,loss,2025
19096,33415,long,London,low,19.683377308707122,11.117078410311493,False,2.3272320477192445,False,2024-04,96,0.0796127657755881,1.3028219894669968,0.0796127657755881,1.7025227163326377,0.3693437096353819,1.7025227163326377,1.4406190382673383,1.7025227163326377,2.0,0.0796127657755881,loss,loss,loss,loss,loss,loss,loss,loss,2024
19096,9866,long,London,low,7.806691449814126,11.117078410311493,False,2.3272320477192445,False,2023-05,96,2.149296911989648,0.07130627863597692,3.127094502940567,0.07130627863597692,7.6390607545624585,0.07130627863597692,7.8185558697495745,0.07130627863597692,,7.8185558697495745,win,win,win,win,win,win,win,win,2023
19160,61203,short,Asia,low,10.45822102425876,1.1995637949836424,False,1.0537324427368744,False,2025-07,96,1.412441552462808,0.5329314200401554,2.613736689381822,0.5329314200401554,2.613736689381822,1.1637046765759875,2.613736689381822,3.668135772052653,15.0,2.613736689381822,win,win,win,win,win,loss,loss,loss,2025
19160,58562,short,Asia,low,4.117647058823529,1.1995637949836424,False,1.0537324427368744,False,2025-05,96,1.314728754601934,0.667120452951106,1.8866299092084076,0.667120452951106,5.49735350729531,0.667120452951106,9.619295469445289,0.667120452951106,,10.346123105374676,win,win,win,win,win,win,win,win,2025
19160,28965,short,Asia,low,10.378378378378377,1.1995637949836424,False,1.0537324427368744,False,2024-02,96,0.5244980497831283,0.41014027827318034,1.2673936481646273,0.41014027827318034,1.2673936481646273,3.1512874630417405,1.2673936481646273,7.551912084009706,9.0,1.2673936481646273,win,win,loss,loss,loss,loss,loss,loss,2024
19160,25496,short,Asia,low,1.4469453376205788,1.1995637949836424,False,1.0537324427368744,False,2023-12,96,0.19219842011754135,2.187326959310516,0.19219842011754135,2.187326959310516,0.19219842011754135,3.626091650796085,2.435550829826716,4.419785531442449,2.0,0.19219842011754135,loss,loss,loss,loss,loss,loss,loss,loss,2023
19160,47818,short,Asia,low,2.800658978583196,1.1995637949836424,False,1.0537324427368744,False,2024-12,96,1.0156788604696227,0.7794275151915574,1.291911202641176,0.7794275151915574,1.291911202641176,2.715477001112625,2.404109843489441,3.127402423649026,15.0,1.291911202641176,win,win,loss,loss,loss,loss,loss,loss,2024
19346,35578,long,Asia,low,29.243243243243246,19.389978213507625,False,1.8767726352074696,False,2024-05,96,0.44863628417169604,0.3263604758576665,0.5553815336480111,0.3263604758576665,1.0007367138399321,0.608972898651434,1.0007367138399321,0.608972898651434,38.0,3.770425953324145,win,win,win,win,win,win,win,loss,2024
19346,46750,long,Asia,low,27.840603123317177,19.389978213507625,False,1.8767726352074696,False,2024-11,96,0.15215181468196431,0.5485732309428824,0.20195053281207628,0.6460055055451935,0.4912948634492673,1.2638639095385964,2.4344290349124136,1.2638639095385964,14.0,0.4912948634492673,loss,loss,loss,loss,loss,loss,loss,loss,2024
19346,58909,long,Asia,low,23.45945945945946,19.389978213507625,False,1.8767726352074696,False,2025-05,96,0.6350863644260766,0.13792528236875348,1.615625845077716,0.13792528236875348,1.9183526425680373,0.13792528236875348,3.113409746546986,0.13792528236875348,69.0,3.113409746546986,win,win,win,win,win,win,loss,loss,2025
19346,2693,long,Asia,low,22.091152815013405,19.389978213507625,False,1.8767726352074696,False,2023-01,96,0.7695298632274519,0.11577301960162581,0.7695298632274519,0.6015387457639484,1.467259841894822,0.8083498965063559,1.4706952430699414,0.866751716483464,,3.990218464904832,win,win,win,win,win,win,win,none,2023
19346,21664,long,Asia,low,23.274478330658106,19.389978213507625,False,1.8767726352074696,False,2023-10,96,1.0268533468466317,0.1349023816019019,1.0268533468466317,0.3180089561155931,1.0268533468466317,0.4376524565080667,1.0268533468466317,3.4214573184697095,20.0,1.0268533468466317,win,win,loss,loss,loss,loss,loss,loss,2023
19486,2637,long,Overlap,mid,66.7017359284587,68.20594479830149,False,1.5924570322229246,False,2023-01,96,1.4742148398509503,0.6811405577846529,1.4742148398509503,1.1400968809047596,1.4742148398509503,2.0178929292194288,1.4742148398509503,2.0178929292194288,4.0,1.4742148398509503,win,win,loss,loss,loss,loss,loss,loss,2023
19486,37344,long,Overlap,mid,65.6930430164631,68.20594479830149,False,1.5924570322229246,False,2024-06,96,0.4354737827941879,0.7131611758378525,1.6779895617131209,0.7131611758378525,1.6779895617131209,0.7131611758378525,1.6779895617131209,0.7131611758378525,,3.525006232235429,win,win,win,win,win,win,win,none,2024
19486,33882,long,Overlap,mid,61.987381703470035,68.20594479830149,False,1.5924570322229246,False,2024-05,96,0.06646069114157913,1.6769349613928237,0.06646069114157913,1.6769349613928237,0.06646069114157913,1.8685333502692312,0.06646069114157913,1.8685333502692312,0.0,0.0,loss,loss,loss,loss,loss,loss,loss,loss,2024
19486,40188,long,Overlap,mid,66.77165354330708,68.20594479830149,False,1.5924570322229246,False,2024-08,96,0.6580413306202552,1.1187206095166873,0.6580413306202552,1.1187206095166873,0.8369426462135716,1.1187206095166873,0.8369426462135716,1.1187206095166873,1.0,0.6580413306202552,win,loss,loss,loss,loss,loss,loss,loss,2024
19486,8137,long,Overlap,mid,65.29968454258676,68.20594479830149,False,1.5924570322229246,False,2023-04,96,2.060777234832341,0.8227799480903918,2.1971141686497013,0.8227799480903918,2.1971141686497013,0.8227799480903918,2.1971141686497013,0.8227799480903918,,9.298634032403784,win,win,win,win,win,win,win,win,2023
19717,27770,short,Asia,high,77.77173913043478,70.52746057640022,False,2.0514136920954553,False,2024-02,96,0.019581668780166723,1.6133336907957416,0.019581668780166723,1.6133336907957416,0.019581668780166723,1.6133336907957416,0.4728973010403741,1.6133336907957416,1.0,0.019581668780166723,loss,loss,loss,loss,loss,loss,loss,loss,2024
19717,70159,short,Asia,high,71.26623376623377,70.52746057640022,False,2.0514136920954553,False,2025-11,96,0.43506570434487085,0.35299068693032304,1.0100165265446828,0.35299068693032304,1.0100165265446828,0.35299068693032304,1.8787005542219417,0.35299068693032304,,3.7005701186884594,win,win,win,win,win,win,win,none,2025
19717,68621,short,Asia,high,78.6117381489842,70.52746057640022,False,2.0514136920954553,False,2025-10,96,1.2737597021343938,0.07054617682272399,1.2737597021343938,0.07054617682272399,1.2737597021343938,0.1309785060203819,1.2737597021343938,1.3524972596782356,26.0,1.2737597021343938,win,win,loss,loss,loss,loss,loss,loss,2025
19717,29961,short,Asia,high,79.33478735005453,70.52746057640022,False,2.0514136920954553,False,2024-03,96,0.29215966143285765,0.2901244935126563,0.507661331204935,0.2901244935126563,0.7046203599263461,0.2901244935126563,0.7046203599263461,1.07321188325113,28.0,0.7046203599263461,win,loss,loss,loss,loss,loss,loss,loss,2024
19717,42808,short,Asia,high,77.38287560581584,70.52746057640022,False,2.0514136920954553,False,2024-09,96,0.09205978599458796,0.5913718569831548,0.09205978599458796,1.414998204546989,0.09205978599458796,2.864659163881659,0.6731871850850136,2.864659163881659,7.0,0.09205978599458796,loss,loss,loss,loss,loss,loss,loss,loss,2024
20175,20094,long,Asia,mid,65.86151368760065,60.043196544276455,False,2.6258815414246186,False,2023-10,96,0.7585490956485303,0.0,0.7585490956485303,0.0,0.7585490956485303,1.007676767232125,1.5875685685178944,1.007676767232125,10.0,0.7585490956485303,win,loss,loss,loss,loss,loss,loss,loss,2023
20175,38499,long,Asia,mid,57.16612377850163,60.043196544276455,False,2.6258815414246186,False,2024-07,96,0.9542817108487157,0.06398835040380099,1.5509255622624245,0.06398835040380099,2.1843151990564578,0.06398835040380099,2.9070351072063416,0.06398835040380099,,8.354281015838847,win,win,win,win,win,win,win,win,2024
20175,2582,long,Asia,mid,56.7172264355363,60.043196544276455,False,2.6258815414246186,False,2023-01,96,1.162874453318353,0.05651178177315087,2.1496857977462116,0.05651178177315087,2.2552490600682598,0.05651178177315087,2.520649276118307,0.05651178177315087,,2.621176835114071,win,win,win,win,win,none,none,none,2023
20175,27779,long,Asia,mid,60.19469983775013,60.043196544276455,False,2.6258815414246186,False,2024-02,96,0.09395801593169964,0.2295749602322508,0.09395801593169964,0.4465260027769572,0.09395801593169964,1.214240539861619,0.09395801593169964,2.9227976280316748,15.0,0.09395801593169964,loss,loss,loss,loss,loss,loss,loss,loss,2024
20175,39221,long,Asia,mid,69.72327726532826,60.043196544276455,False,2.6258815414246186,False,2024-07,96,0.3729195839052218,0.4419618034615834,0.3729195839052218,0.7070243876619865,0.3729195839052218,1.2489428373468783,0.3729195839052218,1.2489428373468783,14.0,0.3729195839052218,loss,loss,loss,loss,loss,loss,loss,loss,2024
20540,53769,long,Asia,low,23.418063818280153,21.416982152514873,False,1.1242856093962212,False,2025-03,96,0.3674832826730337,1.1950998352465456,0.3674832826730337,1.1950998352465456,0.8057998889144997,1.525466456369761,0.8856998778997346,4.4301993892640175,1.0,0.3674832826730337,loss,loss,loss,loss,loss,loss,loss,loss,2025
20540,54963,long,Asia,low,18.67599569429494,21.416982152514873,False,1.1242856093962212,False,2025-03,96,0.7314583968463876,0.6078132941765916,2.3629229883890033,0.6078132941765916,2.3629229883890033,1.2992497235798572,7.988124396164844,1.5120494529114963,13.0,2.3629229883890033,win,win,win,win,loss,loss,loss,loss,2025
20540,48371,long,Asia,low,28.594950603732162,21.416982152514873,False,1.1242856093962212,False,2024-12,96,0.3866565809276484,1.6543634515227137,0.4111967044849329,1.6543634515227137,0.4111967044849329,1.6543634515227137,0.4111967044849329,6.710227443929761,0.0,0.06673716528391946,loss,loss,loss,loss,loss,loss,loss,loss,2024
20540,25956,long,Asia,low,24.866023579849948,21.416982152514873,False,1.1242856093962212,False,2024-01,96,2.8031739198111496,0.08954285474538236,3.318983657924819,0.08954285474538236,4.0728594290140085,0.08954285474538236,4.0728594290140085,2.429453142820324,31.0,4.0728594290140085,win,win,win,win,win,win,win,win,2024
20540,23388,long,Asia,low,19.51219512195122,21.416982152514873,False,1.1242856093962212,False,2023-11,96,0.6412794059052426,0.5280376060528617,2.012904801869149,0.5280376060528617,4.076704794683111,0.5280376060528617,4.284738887670219,0.5280376060528617,62.0,4.284738887670219,win,win,win,win,win,win,win,win,2023
20566,59924,long,Asia,mid,36.967080410145705,38.72,False,2.415879808279711,False,2025-06,96,0.30636253217643594,0.1905922843477369,0.4761477985822798,0.1905922843477369,0.4761477985822798,2.621018436104356,1.5413006610636855,2.621018436104356,13.0,0.4761477985822798,loss,loss,loss,loss,loss,loss,loss,loss,2025
20566,21465,long,Asia,mid,33.441208198489754,38.72,False,2.415879808279711,False,2023-10,96,0.46752427781499295,0.3217924111183958,0.46752427781499295,1.1136793269777066,0.46752427781499295,1.1373254146956395,0.46752427781499295,1.7721714653845184,6.0,0.46752427781499295,loss,loss,loss,loss,loss,loss,loss,loss,2023
20566,23830,long,Asia,mid,36.7816091954023,38.72,False,2.415879808279711,False,2023-11,96,0.36784133677031594,0.27979708142005133,0.36784133677031594,0.5809300406703817,0.43806068152823746,1.0603121058446952,0.43806068152823746,2.3067054752978486,10.0,0.36784133677031594,loss,loss,loss,loss,loss,loss,loss,loss,2023
20566,6623,long,Asia,mid,31.260140616549485,38.72,False,2.415879808279711,False,2023-03,96,0.45639035536906586,0.2011517311191787,1.095903477480388,0.2011517311191787,2.205457456560384,0.2011517311191787,2.205457456560384,0.2011517311191787,,16.969118828153587,win,win,win,win,win,win,win,win,2023
20566,55057,long,Asia,mid,38.387096774193544,38.72,False,2.415879808279711,False,2025-03,96,0.7201496652326443,0.1930751663121709,0.7201496652326443,0.1930751663121709,1.925575385204204,0.1930751663121709,1.925575385204204,0.6431525312140864,,5.2453812274105065,win,win,win,win,win,win,win,win,2025
20651,12599,long,Asia,low,19.665948275862068,25.963597430406853,False,1.7487429949315818,False,2023-06,96,1.169542547783292,0.4797616200410606,1.169542547783292,0.4797616200410606,2.52616444122155,0.4797616200410606,3.075932497162941,3.952792770560318,30.0,3.075932497162941,win,win,win,win,win,win,loss,loss,2023
20651,71148,long,Asia,low,23.397260273972602,25.963597430406853,False,1.7487429949315818,False,2025-12,96,0.11566365411589093,3.298759273775538,0.11566365411589093,3.298759273775538,0.11566365411589093,3.298759273775538,0.11566365411589093,3.298759273775538,1.0,0.11566365411589093,loss,loss,loss,loss,loss,loss,loss,loss,2025
20651,62474,long,Asia,low,21.532649757150566,25.963597430406853,False,1.7487429949315818,False,2025-07,96,0.279732732371665,0.3675706326994482,0.279732732371665,0.587165383518989,0.7646635472518523,0.587165383518989,5.750648926854143,0.587165383518989,,9.57068640957427,win,win,win,win,win,win,win,win,2025
20651,14852,long,Asia,low,18.421052631578945,25.963597430406853,False,1.7487429949315818,False,2023-07,96,0.9384154646445645,0.4370387399005575,0.9384154646445645,1.2927339383177552,0.9384154646445645,1.372237305302819,1.6392399424030033,1.5464094214146649,7.0,0.9384154646445645,win,loss,loss,loss,loss,loss,loss,loss,2023
20651,58007,long,Asia,low,17.889662560257097,25.963597430406853,False,1.7487429949315818,False,2025-05,96,1.2030966775887697,0.3039327057289096,1.2030966775887697,0.3039327057289096,1.935265776941165,0.3039327057289096,1.935265776941165,5.040208879315812,27.0,1.935265776941165,win,win,win,loss,loss,loss,loss,loss,2025
20741,11958,long,Asia,low,24.905863367401828,22.132904608788852,False,1.8767737384995216,False,2023-06,96,0.21380661005283674,2.2373570959082962,0.21380661005283674,2.813906809084653,1.498632090277045,2.813906809084653,5.1637936997576155,2.813906809084653,1.0,0.21380661005283674,loss,loss,loss,loss,loss,loss,loss,loss,2023
20741,45743,long,Asia,low,28.786251342642323,22.132904608788852,False,1.8767737384995216,False,2024-11,96,0.4261744206976152,0.703156005904923,0.4261744206976152,1.2700463964399915,0.6484802224439087,1.6737571231575725,0.7593152408551047,2.1009911520618187,6.0,0.4261744206976152,loss,loss,loss,loss,loss,loss,loss,loss,2024
20741,12966,long,Asia,low,18.11320754716981,22.132904608788852,False,1.8767737384995216,False,2023-06,96,2.0818956184637845,0.19011210437712298,2.0818956184637845,0.19011210437712298,2.6171228199812857,0.19011210437712298,3.8074711041656752,0.46799698778883064,34.0,3.8074711041656752,win,win,win,win,win,win,win,loss,2023
20741,38122,long,Asia,low,13.747954173486088,22.132904608788852,False,1.8767737384995216,False,2024-07,96,0.21357211529533254,0.4801690316295987,0.6395380169740511,0.4801690316295987,1.99314335460458,0.4801690316295987,3.0085682944985503,0.4801690316295987,,5.447119977829637,win,win,win,win,win,win,win,win,2024
20741,58004,long,Asia,low,16.416309012875534,22.132904608788852,False,1.8767737384995216,False,2025-05,96,0.4082271001416036,0.44807052595504493,1.0055904625783356,0.44807052595504493,1.6955057828082645,0.44807052595504493,1.6955057828082645,1.6965618736129986,30.0,1.6955057828082645,win,win,win,loss,loss,loss,loss,loss,2025
20752,21587,long,London,mid,50.530785562632694,46.830047948854556,False,3.276748724430126,False,2023-10,96,0.26853438190934736,0.16404449920647113,0.26853438190934736,0.6757217598646554,0.26853438190934736,2.4297360206111143,0.26853438190934736,2.8607760227475114,9.0,0.26853438190934736,loss,loss,loss,loss,loss,loss,loss,loss,2023
20752,45212,long,London,mid,41.688794476898565,46.830047948854556,False,3.276748724430126,False,2024-10,96,0.24114649206649313,0.27044573362747504,0.3832935937022949,0.27044573362747504,1.5134889468853288,0.27044573362747504,2.5988198364280524,0.27044573362747504,,3.2564504692776546,win,win,win,win,win,win,none,none,2024
20752,52332,long,London,mid,40.576615056059794,46.830047948854556,False,3.276748724430126,False,2025-02,96,0.4508821175611255,0.21606466754741108,0.4508821175611255,0.6456460702418084,0.4508821175611255,2.191119946981645,0.4508821175611255,5.291546008990458,13.0,0.4508821175611255,loss,loss,loss,loss,loss,loss,loss,loss,2025
20752,66435,long,London,mid,45.6,46.830047948854556,False,3.276748724430126,False,2025-09,96,0.1257432562222737,0.20426380995100055,0.1257432562222737,0.8120885782729943,0.1257432562222737,1.0928232086224656,1.4505016747544122,1.0928232086224656,12.0,0.1257432562222737,loss,loss,loss,loss,loss,loss,loss,loss,2025
20752,17012,long,London,mid,43.92819429778247,46.830047948854556,False,3.276748724430126,False,2023-08,96,0.7736719128078955,0.38821335093514375,1.0436412409145488,0.38821335093514375,1.0436412409145488,1.2583028809240109,1.0436412409145488,2.859047232978514,14.0,1.0436412409145488,win,win,loss,loss,loss,loss,loss,loss,2023
20839,39503,short,Asia,mid,66.30611141157382,67.41452991452992,False,2.5214027549188995,False,2024-07,96,0.0,0.8176870663394642,0.0,0.9028124918812935,0.0,1.3042905626992156,0.0,1.3042905626992156,8.0,0.0,loss,loss,loss,loss,loss,loss,loss,loss,2024
20839,8085,short,Asia,mid,60.64864864864865,67.41452991452992,False,2.5214027549188995,False,2023-04,96,0.32914774447374456,0.2706717849237853,0.8634362101529187,0.2706717849237853,1.7540074363383047,0.2706717849237853,1.7540074363383047,0.3542476343037637,37.0,1.7540074363383047,win,win,win,loss,loss,loss,loss,loss,2023
20839,67152,short,Asia,mid,58.810926620246384,67.41452991452992,False,2.5214027549188995,False,2025-10,96,0.22754156359563493,0.39647032651641856,0.9197762122168512,0.39647032651641856,0.9197762122168512,2.418453107522238,0.9197762122168512,2.418453107522238,11.0,0.9197762122168512,win,loss,loss,loss,loss,loss,loss,loss,2025
20839,51655,short,Asia,mid,63.315217391304344,67.41452991452992,False,2.5214027549188995,False,2025-02,96,0.06858241222782718,1.165403131921388,0.06858241222782718,1.2286333776776472,0.06858241222782718,2.0115433103686815,0.06858241222782718,3.469075156443574,0.0,0.06858241222782718,loss,loss,loss,loss,loss,loss,loss,loss,2025
20839,3067,short,Asia,mid,60.92998396579369,67.41452991452992,False,2.5214027549188995,False,2023-01,96,0.389950537266524,0.3254393116004446,0.8860382586596475,0.3254393116004446,0.8860382586596475,0.3802197937302826,0.8860382586596475,0.638805293257793,,2.0185886869037093,win,win,win,win,none,none,none,none,2023
21969,16463,long,Overlap,mid,39.74696889826041,45.626975763962065,False,1.0869991390778764,False,2023-08,96,1.6531328243685963,0.3187598611324553,2.4093195840452855,1.435366186565024,2.4093195840452855,5.150654389784946,2.4093195840452855,5.538215884310459,5.0,1.6531328243685963,win,win,win,loss,loss,loss,loss,loss,2023
21969,60232,long,Overlap,mid,55.49071618037136,45.626975763962065,False,1.0869991390778764,False,2025-06,96,1.4965234077805964,0.24066747818485118,2.1495209015561,0.24066747818485118,2.1495209015561,3.197002305548377,2.1495209015561,3.197002305548377,9.0,2.1495209015561,win,win,win,win,loss,loss,loss,loss,2025
21969,48141,long,Overlap,mid,55.62098501070663,45.626975763962065,False,1.0869991390778764,False,2024-12,96,2.760105205579071,0.37929779699863275,4.370591416222698,0.37929779699863275,4.950244097926292,0.37929779699863275,5.325208519556033,0.37929779699863275,,7.574995049334477,win,win,win,win,win,win,win,win,2024
21969,59781,long,Overlap,mid,55.54382259767687,45.626975763962065,False,1.0869991390778764,False,2025-06,96,0.019985664735676107,1.641281762182335,0.019985664735676107,2.1179890112042394,0.019985664735676107,2.2249614626171046,0.1764308272153692,2.949523717745586,1.0,0.019985664735676107,loss,loss,loss,loss,loss,loss,loss,loss,2025
21969,43017,long,Overlap,mid,54.250797024442086,45.626975763962065,False,1.0869991390778764,False,2024-09,96,2.061899184523233,1.1152664210846466,3.6918005926865716,1.1152664210846466,3.8775663549936947,1.1152664210846466,3.8775663549936947,1.1152664210846466,0.0,0.11790919090370791,loss,loss,loss,loss,loss,loss,loss,loss,2024
22046,8399,long,London,low,24.947033898305087,23.04832713754647,False,0.5985698199747045,False,2023-04,96,1.7117718311776715,0.7992157673318411,1.7117718311776715,1.4925916989482497,1.7117718311776715,15.203434039034407,1.7117718311776715,15.203434039034407,5.0,1.7117718311776715,win,win,win,loss,loss,loss,loss,loss,2023
22046,10422,long,London,low,24.324324324324326,23.04832713754647,False,0.5985698199747045,False,2023-05,96,2.6584687238776583,0.25332005641129546,4.2080822557715045,0.25332005641129546,4.2080822557715045,5.013510127438392,8.655565883536003,5.013510127438392,11.0,4.2080822557715045,win,win,win,win,win,win,win,win,2023
22046,70390,long,London,low,22.21635883905013,23.04832713754647,False,0.5985698199747045,False,2025-11,96,0.7708795038178864,3.205137918889855,3.345128706611994,3.205137918889855,4.217861972925072,10.92346721337424,4.217861972925072,13.71444634001702,0.0,0.16022201451905813,loss,loss,loss,loss,loss,loss,loss,loss,2025
22046,58307,long,London,low,21.258593336858805,23.04832713754647,False,0.5985698199747045,False,2025-05,96,1.4437091256913408,0.9173157671433085,1.4437091256913408,4.470541348438902,1.4437091256913408,7.383870883388319,1.4437091256913408,7.383870883388319,4.0,1.4437091256913408,win,win,loss,loss,loss,loss,loss,loss,2025
22046,41263,long,London,low,25.53304904051173,23.04832713754647,False,0.5985698199747045,False,2024-08,96,0.6140599663037337,7.334714144902776,0.6140599663037337,7.334714144902776,0.6140599663037337,7.334714144902776,2.2070845434243136,7.38833812492071,0.0,0.6140599663037337,ambiguous,loss,loss,loss,loss,loss,loss,loss,2024
22154,65170,long,Overlap,high,76.1854583772392,76.82991047919958,False,4.262056538043938,False,2025-09,96,0.5133309682586417,0.03227976098369642,0.6566862144734052,0.03227976098369642,0.6566862144734052,0.03227976098369642,0.7913231662686465,0.03227976098369642,,3.1401310052309035,win,win,win,win,win,win,none,none,2025
22154,46979,long,Overlap,high,73.97476340694006,76.82991047919958,False,4.262056538043938,False,2024-11,96,0.22485946506964108,0.30946700774217645,0.22485946506964108,0.30946700774217645,0.3782179500937119,0.31385536576462847,0.40103741181037195,0.31385536576462847,,2.5431997526024497,win,win,win,win,win,none,none,none,2024
22154,27184,long,Overlap,high,78.24025289778714,76.82991047919958,False,4.262056538043938,False,2024-01,96,0.23733658952618816,0.047174196683139956,0.23733658952618816,0.10818005103452302,0.6355234496845739,0.10818005103452302,0.6355234496845739,0.10818005103452302,90.0,1.180179320515452,win,win,loss,loss,loss,loss,loss,loss,2024
22154,50691,long,Overlap,high,71.78189994378864,76.82991047919958,False,4.262056538043938,False,2025-01,96,0.9235840351700447,0.06955330485348699,1.0584231116406313,0.06955330485348699,1.4668335292680978,0.06955330485348699,1.4761172857824716,0.06955330485348699,,2.7838541812359843,win,win,win,win,win,none,none,none,2025
22154,16290,long,Overlap,high,79.19287211740041,76.82991047919958,False,4.262056538043938,False,2023-08,96,0.060286298897461024,0.2496971924561487,0.11740519154809989,0.2496971924561487,0.3351115809115705,0.2496971924561487,0.40078247042856197,0.2496971924561487,79.0,0.40078247042856197,loss,loss,loss,loss,loss,loss,loss,loss,2023
22224,53335,long,London,mid,43.46666666666666,36.65423548215237,False,2.2963388289342084,False,2025-03,96,0.4977450292310553,0.04381341070593553,0.7787679480406666,0.04381341070593553,1.441276085137701,0.3112603430996081,2.6813807352031307,0.3112603430996081,,6.165966193995573,win,win,win,win,win,win,win,win,2025
22224,50053,long,London,mid,42.128851540616246,36.65423548215237,False,2.2963388289342084,False,2025-01,96,0.5711622581326276,2.3049992317514465,2.6835129372597692,2.3049992317514465,3.4669956072635477,2.3049992317514465,3.4669956072635477,2.3049992317514465,3.0,0.5711622581326276,win,loss,loss,loss,loss,loss,loss,loss,2025
22224,52695,long,London,mid,35.763704097924425,36.65423548215237,False,2.2963388289342084,False,2025-02,96,0.1627213514921289,1.627361712873498,0.1627213514921289,1.627361712873498,0.1627213514921289,3.794460367581607,0.1627213514921289,3.794460367581607,2.0,0.1627213514921289,loss,loss,loss,loss,loss,loss,loss,loss,2025
22224,16277,long,London,mid,36.517150395778366,36.65423548215237,False,2.2963388289342084,False,2023-08,96,0.6007979965314951,0.7983372268585609,1.6606020267217394,0.8610529027446362,1.6606020267217394,1.458821156479707,1.6606020267217394,1.458821156479707,8.0,1.6606020267217394,win,win,win,loss,loss,loss,loss,loss,2023
22224,16267,long,London,mid,34.37665782493369,36.65423548215237,False,2.2963388289342084,False,2023-08,96,0.09049453839282673,0.917829352105991,0.09049453839282673,1.0420676166791547,1.503743143056038,1.0420676166791547,1.503743143056038,1.6546696274263983,5.0,0.09049453839282673,loss,loss,loss,loss,loss,loss,loss,loss,2023
22401,49023,long,Asia,low,0.7103825136612022,5.240641711229946,False,1.606660771212804,False,2024-12,96,0.5626161008609967,0.14903947328767975,0.8477213353242122,0.14903947328767975,0.8679729834992802,0.7300086303070978,0.8679729834992802,2.0033310093083756,21.0,0.8679729834992802,win,loss,loss,loss,loss,loss,loss,loss,2024
22401,27119,long,Asia,low,2.7823240589198037,5.240641711229946,False,1.606660771212804,False,2024-01,96,0.6168766008055439,0.13461702238102996,0.6168766008055439,1.0528468171481937,2.886000023676643,1.0528468171481937,7.614127722040578,1.0528468171481937,4.0,0.6168766008055439,win,loss,loss,loss,loss,loss,loss,loss,2024
22401,26305,long,Asia,low,11.965349214943151,5.240641711229946,False,1.606660771212804,False,2024-01,96,0.9464800859225255,1.2927218943267604,1.1022245424909505,1.2927218943267604,1.1022245424909505,1.2927218943267604,2.477752718133588,2.7870963908218878,1.0,0.0,loss,loss,loss,loss,loss,loss,loss,loss,2024
22401,60390,long,Asia,low,14.95427649273803,5.240641711229946,False,1.606660771212804,False,2025-06,96,0.03578717769856685,3.170037036874045,0.03578717769856685,3.170037036874045,0.6831963676682618,3.170037036874045,1.4759633534751893,3.170037036874045,0.0,0.03578717769856685,loss,loss,loss,loss,loss,loss,loss,loss,2025
22401,22307,long,Asia,low,5.942184154175589,5.240641711229946,False,1.606660771212804,False,2023-11,96,0.012019181835264998,2.110672844905361,0.012019181835264998,3.0047954588278936,0.012019181835264998,4.5897597417192655,0.012019181835264998,8.526303079345393,3.0,0.012019181835264998,loss,loss,loss,loss,loss,loss,loss,loss,2023
22500,65070,short,London,low,10.158730158730158,14.651038891848694,False,2.25810820929897,False,2025-08,96,0.5320096237950827,0.27359959151108193,0.5320096237950827,1.3338683306501045,0.5320096237950827,6.181963080024218,0.5320096237950827,8.058342458132621,7.0,0.5320096237950827,win,loss,loss,loss,loss,loss,loss,loss,2025
22500,59665,short,London,low,10.962566844919785,14.651038891848694,False,2.25810820929897,False,2025-06,96,0.8261897032665051,0.08771686832086464,0.9369193499820764,0.08771686832086464,1.3151338469183447,0.08771686832086464,1.4589895109645252,1.110701945573053,31.0,1.4589895109645252,win,win,loss,loss,loss,loss,loss,loss,2025
22500,69727,short,London,low,8.680947012401354,14.651038891848694,False,2.25810820929897,False,2025-11,96,0.32702858652303196,0.39649207177816914,0.5330806675373353,0.47214537255110234,0.5330806675373353,0.7320488485701366,0.5330806675373353,1.823588427267708,16.0,0.5330806675373353,win,loss,loss,loss,loss,loss,loss,loss,2025
22500,34687,short,London,low,8.51516764236296,14.651038891848694,False,2.25810820929897,False,2024-05,96,0.546746761334158,0.3821919108355935,0.546746761334158,0.5722262220566017,0.546746761334158,1.3293908631897613,0.546746761334158,7.494358713806584,13.0,0.546746761334158,win,loss,loss,loss,loss,loss,loss,loss,2024
22500,71733,short,London,low,5.489773950484392,14.651038891848694,False,2.25810820929897,False,2025-12,96,0.6363728932475856,0.09978657294080681,1.0051408096033596,0.09978657294080681,1.0051408096033596,0.4253955676010349,1.0051408096033596,0.9004386419362945,39.0,1.0051408096033596,win,win,loss,loss,loss,loss,loss,loss,2025
22588,9001,short,Other,low,2.925243770314193,11.158569140416445,False,1.6623152795197342,False,2023-04,96,0.46697338408365374,0.5969556662512978,0.46697338408365374,1.813333072214888,0.46697338408365374,2.9185836505229044,0.46697338408365374,3.850123339390777,5.0,0.46697338408365374,loss,loss,loss,loss,loss,loss,loss,loss,2023
22588,16135,short,Other,low,13.279132791327914,11.158569140416445,False,1.6623152795197342,False,2023-08,96,0.13247895137445195,0.41918712972207944,0.13247895137445195,1.2041743490601478,0.22195167599675983,1.424643051720549,1.4770414429359215,1.424643051720549,6.0,0.13247895137445195,loss,loss,loss,loss,loss,loss,loss,loss,2023
22588,71693,short,Other,low,7.04070407040704,11.158569140416445,False,1.6623152795197342,False,2025-12,96,0.14969893764571943,0.5651229482649465,0.2075858899451011,0.8382888277431951,0.2075858899451011,1.2849894487551912,0.8599806704348563,1.2849894487551912,8.0,0.2075858899451011,loss,loss,loss,loss,loss,loss,loss,loss,2025
22588,61083,short,Other,low,6.075533661740558,11.158569140416445,False,1.6623152795197342,False,2025-06,96,0.23645845503336516,0.9993225921724428,0.23645845503336516,0.9993225921724428,0.23645845503336516,2.101295157869672,0.23645845503336516,4.1297140276215565,8.0,0.23645845503336516,loss,loss,loss,loss,loss,loss,loss,loss,2025
22588,58892,short,Other,low,2.8914348063284234,11.158569140416445,False,1.6623152795197342,False,2025-05,96,0.02518555755310354,0.7489631962580733,0.5691321725102614,1.3660093563083069,1.2803170324387143,1.3660093563083069,2.336114033520179,1.3660093563083069,5.0,0.02518555755310354,loss,loss,loss,loss,loss,loss,loss,loss,2025
22781,12512,long,London,low,2.418054809242343,5.472901168969182,False,1.1152953381906403,False,2023-06,96,0.5718481152895116,2.9378210657599024,0.5718481152895116,2.9378210657599024,0.5718481152895116,2.9378210657599024,6.4902816023750765,6.106715451575618,2.0,0.5718481152895116,win,loss,loss,loss,loss,loss,loss,loss,2023
22781,41719,long,London,low,14.69017094017094,5.472901168969182,False,1.1152953381906403,False,2024-09,96,0.0,4.1650545996887836,0.0,4.360043330471305,0.0,9.058437778308388,0.0,11.83394946759369,1.0,0.0,loss,loss,loss,loss,loss,loss,loss,loss,2024
22781,35332,long,London,low,11.117021276595745,5.472901168969182,False,1.1152953381906403,False,2024-05,96,4.130301616904252,0.6182040972833618,7.128080576250876,0.6182040972833618,7.128080576250876,0.6182040972833618,7.128080576250876,0.6182040972833618,79.0,7.128080576250876,win,win,win,win,win,win,win,win,2024
22781,33222,long,London,low,15.37645811240721,5.472901168969182,False,1.1152953381906403,False,2024-04,96,0.316097335317481,0.7703630027389399,1.3919548277447553,0.7703630027389399,2.767011370268162,4.5426566742157934,6.114859877655136,4.5426566742157934,11.0,1.8899572333864059,win,win,ambiguous,loss,loss,loss,loss,loss,2024
22781,37415,long,London,low,15.35982814178303,5.472901168969182,False,1.1152953381906403,False,2024-06,96,2.565533595383864,0.7091383903014558,2.565533595383864,0.7091383903014558,4.945198768261155,0.7091383903014558,6.164788614460804,1.6059764190945176,28.0,6.164788614460804,win,win,win,win,win,win,win,win,2024
22861,16894,long,Asia,low,0.8029978586723768,7.005347593582887,False,1.2945347817556236,False,2023-08,96,1.2093242333399419,0.678702375853965,1.703697213933694,0.678702375853965,1.8772290713963087,1.1476240173532657,2.195756436427823,3.384256846872209,9.0,1.703697213933694,win,win,win,loss,loss,loss,loss,loss,2023
22861,29700,long,Asia,low,2.055164954029205,7.005347593582887,False,1.2945347817556236,False,2024-03,96,0.2878043991650082,1.475314046160128,0.4853006730790147,2.3235352225850217,2.1910270388050677,2.499087466064096,9.547341241512072,6.011820337985341,3.0,0.2878043991650082,loss,loss,loss,loss,loss,loss,loss,loss,2024
22861,41702,long,Asia,low,3.6118598382749325,7.005347593582887,False,1.2945347817556236,False,2024-09,96,1.071183769751753,0.6867060023399514,2.5400362696721612,0.6867060023399514,4.5563137240001454,0.6867060023399514,4.5563137240001454,3.8350784367969712,25.0,4.5563137240001454,win,win,win,win,win,win,win,win,2024
22861,45550,long,Asia,low,6.7458175930922835,7.005347593582887,False,1.2945347817556236,False,2024-10,96,0.4405889810237928,1.7990716725132054,0.4405889810237928,1.7990716725132054,0.4405889810237928,2.367586050658657,0.4405889810237928,4.373425359003264,1.0,0.4405889810237928,loss,loss,loss,loss,loss,loss,loss,loss,2024
22861,27417,long,Asia,low,0.5390835579514826,7.005347593582887,False,1.2945347817556236,False,2024-01,96,0.49038124053898785,0.7157933600696801,0.49038124053898785,1.8296682905642734,0.49038124053898785,2.8261279944508537,2.595692763621402,2.8261279944508537,5.0,0.49038124053898785,loss,loss,loss,loss,loss,loss,loss,loss,2024
22890,47958,short,Overlap,mid,65.43606206527555,68.35176408636124,False,4.150280734340374,True,2024-12,96,0.723655729190267,0.19195649174606988,0.723655729190267,0.29330264846210674,0.723655729190267,0.3586991394180828,0.723655729190267,0.3586991394180828,73.0,0.723655729190267,win,loss,loss,loss,loss,loss,loss,loss,2024
22890,29011,short,Overlap,mid,67.66877637130801,68.35176408636124,False,4.150280734340374,True,2024-02,96,0.160526642525859,0.09891974858040416,0.2069061721187936,0.15878305118779404,0.3025712168681133,0.17982238666729433,0.521915007198539,0.17982238666729433,,0.521915007198539,win,none,none,none,none,none,none,none,2024
22890,62960,short,Overlap,mid,69.7711548696115,68.35176408636124,False,4.150280734340374,True,2025-07,96,0.1698451732629531,0.23789021293617432,0.5132794826704217,0.23789021293617432,0.5132794826704217,0.8091119782977355,0.5132794826704217,0.8091119782977355,,0.7003587707850788,win,none,none,none,none,none,none,none,2025
22890,50688,short,Overlap,mid,64.58333333333334,68.35176408636124,False,4.150280734340374,True,2025-01,96,0.2766144782360004,0.17019887251079843,0.2766144782360004,0.9718686103614376,0.2766144782360004,1.4764339086252574,0.2766144782360004,1.4866788893006857,10.0,0.2766144782360004,loss,loss,loss,loss,loss,loss,loss,loss,2025
22890,13717,short,Overlap,mid,60.795755968169765,68.35176408636124,False,4.150280734340374,True,2023-06,96,0.528705244177539,0.6253559064036712,0.528705244177539,0.6253559064036712,0.528705244177539,0.8844841683720993,0.528705244177539,0.8863126944142314,,1.7905188222405906,win,win,win,none,none,none,none,none,2023
22976,61312,short,London,low,17.52136752136752,14.104595879556259,False,1.6018492110872593,False,2025-07,96,0.1545739655900603,1.614864866805871,0.4483977536297688,1.614864866805871,5.6862565057264325,1.614864866805871,5.6862565057264325,1.614864866805871,2.0,0.1545739655900603,loss,loss,loss,loss,loss,loss,loss,loss,2025
22976,41097,short,London,low,10.876451953537487,14.104595879556259,False,1.6018492110872593,False,2024-08,96,0.2753032540316393,0.8504711308369284,1.1824544665810977,1.2286082474038789,1.3219954296539524,5.127927964065836,1.3219954296539524,5.127927964065836,6.0,0.2753032540316393,loss,loss,loss,loss,loss,loss,loss,loss,2024
22976,35246,short,London,low,13.520678685047722,14.104595879556259,False,1.6018492110872593,False,2024-05,96,0.3782895686585531,0.49721210993621046,0.3782895686585531,0.6222049433441631,0.3782895686585531,2.5724242513518574,0.3782895686585531,4.065716115378025,10.0,0.3782895686585531,loss,loss,loss,loss,loss,loss,loss,loss,2024
22976,16630,short,London,low,10.425531914893616,14.104595879556259,False,1.6018492110872593,False,2023-08,96,1.3625103090261979,0.6440471126752199,1.3625103090261979,0.6440471126752199,1.3625103090261979,0.8598002185838914,3.06712045595714,1.239911149589244,16.0,1.3625103090261979,win,win,loss,loss,loss,loss,loss,loss,2023
22976,9032,short,London,low,23.70804475226425,14.104595879556259,False,1.6018492110872593,False,2023-04,96,0.2713968631429734,0.9981445491726821,0.6995432271942806,0.9981445491726821,0.9657582886543821,0.9981445491726821,3.549858015406035,2.906666881513513,19.0,0.9657582886543821,win,loss,loss,loss,loss,loss,loss,loss,2023
23046,64115,short,Asia,low,11.536388140161726,7.536076964190272,False,0.9047033132770308,False,2025-08,96,1.1643229895053244,0.48261482431762476,1.1643229895053244,2.0592613008316314,1.1643229895053244,3.5821093795166496,1.1643229895053244,3.5821093795166496,6.0,1.1643229895053244,win,win,loss,loss,loss,loss,loss,loss,2025
23046,48662,short,Asia,low,1.6875340228633642,7.536076964190272,False,0.9047033132770308,False,2024-12,96,1.8296846610856872,0.8083555225723305,2.4549668044383175,0.8083555225723305,3.1138211434071184,0.9043510194125369,3.6761554199793403,0.9043510194125369,,33.8958525646114,win,win,win,win,win,win,win,win,2024
23046,19169,short,Asia,low,10.309278350515463,7.536076964190272,False,0.9047033132770308,False,2023-09,96,0.273958264496175,1.2270243395745535,0.8848980562132717,1.2270243395745535,0.9993688803454199,2.393597794494979,3.322226277904966,2.824471121284854,2.0,0.273958264496175,loss,loss,loss,loss,loss,loss,loss,loss,2023
23046,34110,short,Asia,low,0.2696871628910464,7.536076964190272,False,0.9047033132770308,False,2024-05,96,2.6139134868496634,0.22901356833424608,2.6139134868496634,0.7686432408461508,2.6139134868496634,5.203477829940074,2.9100517217648534,5.203477829940074,9.0,2.6139134868496634,win,win,win,win,win,loss,loss,loss,2024
23046,58820,short,Asia,low,1.2951969778737182,7.536076964190272,False,0.9047033132770308,False,2025-05,96,3.869854858596634,0.12524375696854675,7.299879636707129,0.12524375696854675,14.227572637139854,0.12524375696854675,15.656355779726859,0.12524375696854675,,16.4346984674914,win,win,win,win,win,win,win,win,2025
23403,37776,long,Asia,low,14.716981132075471,18.9247311827957,False,1.0025569211197187,False,2024-07,96,0.5405557526916666,3.2486444940741532,0.5405557526916666,3.2486444940741532,1.6683950638087615,3.2486444940741532,2.125053165296623,3.2486444940741532,2.0,0.5405557526916666,win,loss,loss,loss,loss,loss,loss,loss,2024
23403,23388,long,Asia,low,19.51219512195122,18.9247311827957,False,1.0025569211197187,False,2023-11,96,0.7191424172267297,0.5921509983116178,2.257308142961585,0.5921509983116178,4.57169108094111,0.5921509983116178,4.804984305577152,0.5921509983116178,62.0,4.804984305577152,win,win,win,win,win,win,win,win,2023
23403,38038,long,Asia,low,26.398696360673547,18.9247311827957,False,1.0025569211197187,False,2024-07,96,0.41593844425560894,0.9725107949918607,0.41593844425560894,3.163517486417246,0.41593844425560894,3.2072481711180516,1.8923459925034365,4.265729516714605,4.0,0.41593844425560894,loss,loss,loss,loss,loss,loss,loss,loss,2024
23403,52584,long,Asia,low,28.172043010752688,18.9247311827957,False,1.0025569211197187,False,2025-02,96,1.519503752006887,0.4489114319678309,3.020573942797567,0.4489114319678309,5.551032022673893,0.4489114319678309,5.551032022673893,0.5385491414105219,35.0,5.551032022673893,win,win,win,win,win,win,win,win,2025
23403,4881,long,Asia,low,28.61788617886179,18.9247311827957,False,1.0025569211197187,False,2023-02,96,0.30864653596280933,1.381088975955567,0.30864653596280933,1.9816984513428093,2.6459141385330116,2.3273617171255636,2.6459141385330116,3.9936359214115886,3.0,0.30864653596280933,loss,loss,loss,loss,loss,loss,loss,loss,2023
23452,72397,short,Overlap,low,21.991480298189565,12.414876898899948,False,0.8012869115196646,False,2025-12,96,1.9398889677568045,4.134853098182961,1.9398889677568045,6.339229596235293,1.9398889677568045,6.63124830183767,1.9398889677568045,6.726313214862241,1.0,0.6134510600365801,win,loss,loss,loss,loss,loss,loss,loss,2025
23452,72302,short,Overlap,low,12.906666666666666,12.414876898899948,False,0.8012869115196646,False,2025-12,96,0.0,5.7825214943665,3.1389125965292632,5.7825214943665,3.1389125965292632,13.985259280717566,3.1389125965292632,13.985259280717566,0.0,0.0,loss,loss,loss,loss,loss,loss,loss,loss,2025
23452,47434,short,Overlap,low,14.3384290985767,12.414876898899948,False,0.8012869115196646,False,2024-11,96,1.0718606147135272,1.3633314836270498,3.191606014601181,1.3633314836270498,4.165212739632702,1.3633314836270498,5.221089467986629,5.447684562851731,1.0,1.0718606147135272,win,win,loss,loss,loss,loss,loss,loss,2024
23452,8408,short,Overlap,low,18.661043753294678,12.414876898899948,False,0.8012869115196646,False,2023-04,96,5.017293609914529,2.6999700753767066,10.750290382028682,2.6999700753767066,10.750290382028682,2.6999700753767066,10.750290382028682,2.6999700753767066,0.0,2.6858972603896634,ambiguous,ambiguous,ambiguous,ambiguous,ambiguous,loss,loss,loss,2023
23452,57396,short,Overlap,low,15.11321748288573,12.414876898899948,False,0.8012869115196646,False,2025-05,96,1.9719586088696925,2.194950248146384,2.1663615764442232,2.194950248146384,2.920442770802802,2.194950248146384,2.920442770802802,4.213970208894865,2.0,1.9719586088696925,win,win,win,loss,loss,loss,loss,loss,2025
23513,18178,long,London,low,24.839055793991417,15.175718849840255,False,0.826045070398459,False,2023-09,96,0.09662020356011071,3.8912636743288647,0.09662020356011071,5.7972122136024575,0.09662020356011071,6.474703879041254,0.09662020356011071,11.810669644696555,0.0,0.09662020356011071,loss,loss,loss,loss,loss,loss,loss,loss,2023
23513,4176,long,London,low,14.072494669509595,15.175718849840255,False,0.826045070398459,False,2023-02,96,2.9133354613147437,0.3688525596931078,3.9201829972244937,0.3688525596931078,5.144443627262355,0.3688525596931078,5.144443627262355,4.363255889051062,17.0,5.144443627262355,win,win,win,win,win,win,win,win,2023
23513,54068,long,London,low,19.017094017094017,15.175718849840255,False,0.826045070398459,False,2025-03,96,3.032549760450112,0.1831880544101367,3.032549760450112,0.1831880544101367,3.1527410178685105,0.2706375554972383,18.15551111196906,1.0804779589303466,16.0,3.1527410178685105,win,win,win,win,win,win,loss,loss,2025
23513,12518,long,London,low,12.854847348687734,15.175718849840255,False,0.826045070398459,False,2023-06,96,1.5717017677959,0.22185586178071928,2.6765261397156483,0.3047176896747814,9.6048441365298,0.3047176896747814,9.6048441365298,4.821132803595867,19.0,9.6048441365298,win,win,win,win,win,win,win,win,2023
23513,59394,long,London,low,14.24,15.175718849840255,False,0.826045070398459,False,2025-06,96,0.7112361033862606,2.0032935888507994,0.7112361033862606,4.649915023838766,0.7112361033862606,4.649915023838766,5.872006426076777,4.649915023838766,2.0,0.7112361033862606,win,loss,loss,loss,loss,loss,loss,loss,2025
23946,31379,long,London,mid,46.468401486988846,48.83846569421934,False,2.5089647260213495,False,2024-03,96,3.2255615746216604,0.15105239533999254,3.3400659000466817,0.15105239533999254,3.940970602744075,0.15105239533999254,3.940970602744075,0.15105239533999254,,4.533515906471625,win,win,win,win,win,win,win,win,2024
23946,42915,long,London,mid,57.42521367521367,48.83846569421934,False,2.5089647260213495,False,2024-09,96,0.6708674947744538,0.5079159157189823,1.36452241353293,0.5079159157189823,1.9114205891490723,0.5079159157189823,2.834096284803412,0.5079159157189823,,3.6425482262737634,win,win,win,win,win,win,win,none,2024
23946,11344,long,London,mid,58.761249338274226,48.83846569421934,False,2.5089647260213495,False,2023-05,96,0.5243429639352138,0.35104631555744,1.0902474366890589,0.35104631555744,3.110990260545538,0.35104631555744,3.891938432945867,0.35104631555744,,4.415724769530803,win,win,win,win,win,win,win,win,2023
23946,15815,long,London,mid,53.29436769394261,48.83846569421934,False,2.5089647260213495,False,2023-07,96,0.4092130341231197,0.7962187755406799,1.5722264195181006,0.7962187755406799,2.9089058242726167,0.7962187755406799,2.9089058242726167,0.7962187755406799,70.0,2.9089058242726167,win,win,win,win,win,loss,loss,loss,2023
23946,8950,long,London,mid,39.79862215156333,48.83846569421934,False,2.5089647260213495,False,2023-04,96,0.1225632140039361,0.6191617985552357,0.1225632140039361,0.9970046062240973,0.1225632140039361,3.3519951190890818,0.1225632140039361,5.343103427063839,10.0,0.1225632140039361,loss,loss,loss,loss,loss,loss,loss,loss,2023
24494,28273,short,London,mid,64.73712161444503,68.81429344883595,False,1.5792793166425783,False,2024-02,96,0.8650243744046342,0.5239132433376607,1.3513018887453467,2.7993813663399205,1.3513018887453467,2.7993813663399205,1.3513018887453467,3.1993356609973,6.0,1.3513018887453467,win,win,loss,loss,loss,loss,loss,loss,2024
24494,43193,short,London,mid,61.792956243329776,68.81429344883595,False,1.5792793166425783,False,2024-09,96,0.2962317470513673,0.5233142966642123,0.40678509357343196,1.0498299450617588,0.40678509357343196,2.4744314663643845,1.3023098850918635,2.4970543519460686,7.0,0.40678509357343196,loss,loss,loss,loss,loss,loss,loss,loss,2024
24494,62679,short,London,mid,60.298826040554964,68.81429344883595,False,1.5792793166425783,False,2025-07,96,0.5113954748813955,0.3293515511185178,1.9093705890774455,0.3293515511185178,2.1057271534894357,2.0939875718333028,2.1057271534894357,2.0939875718333028,11.0,2.1057271534894357,win,win,win,win,loss,loss,loss,loss,2025
24494,21120,short,London,mid,59.88279168886521,68.81429344883595,False,1.5792793166425783,False,2023-10,96,0.8497322637240851,0.953842997066957,1.2863908734728895,0.953842997066957,1.2863908734728895,0.953842997066957,1.2863908734728895,1.8271602165645655,19.0,1.2863908734728895,win,win,loss,loss,loss,loss,loss,loss,2023
24494,65785,short,London,mid,69.66292134831461,68.81429344883595,False,1.5792793166425783,False,2025-09,96,0.4110596631002591,0.4151382139743631,0.4110596631002591,1.6254481858737226,0.4110596631002591,1.865208712260288,0.9291812866464939,1.865208712260288,6.0,0.4110596631002591,loss,loss,loss,loss,loss,loss,loss,loss,2025
24577,25568,long,Asia,low,21.23510292524377,25.78890097932535,False,1.8053135308426602,False,2023-12,96,1.603725312525329,0.3169993372942387,2.660158552567027,0.3169993372942387,2.913341830712263,0.3169993372942387,2.913341830712263,1.2142392558719186,31.0,2.913341830712263,win,win,win,win,win,loss,loss,loss,2023
24577,49927,long,Asia,low,24.10051399200457,25.78890097932535,False,1.8053135308426602,False,2025-01,96,0.49500115612893314,0.8438291011189993,0.49500115612893314,0.8438291011189993,1.9526122980502638,0.8438291011189993,3.486097760181395,0.8438291011189993,,4.710752922161581,win,win,win,win,win,win,win,win,2025
24577,35572,long,Asia,low,17.62472885032538,25.78890097932535,False,1.8053135308426602,False,2024-05,96,0.2887016193575971,1.388007699273781,0.7468909997346422,1.388007699273781,1.1162299679474328,1.388007699273781,1.1162299679474328,1.388007699273781,0.0,0.01269291602346495,loss,loss,loss,loss,loss,loss,loss,loss,2024
24577,13964,long,Asia,low,21.174568965517242,25.78890097932535,False,1.8053135308426602,False,2023-07,96,0.3197567531061268,1.3947870521566275,0.3197567531061268,1.942421086273881,0.3197567531061268,2.7782409535703363,4.074267692109405,2.7782409535703363,1.0,0.3197567531061268,loss,loss,loss,loss,loss,loss,loss,loss,2023
24577,3220,long,Asia,low,29.836956521739133,25.78890097932535,False,1.8053135308426602,False,2023-01,96,0.881702332796526,2.3490634292426242,0.881702332796526,2.886001879798296,0.881702332796526,3.7243972676224915,2.4241739119290444,3.773794251731569,3.0,0.881702332796526,win,loss,loss,loss,loss,loss,loss,loss,2023
24607,28097,long,Overlap,mid,62.083553675304074,57.01284796573876,False,1.244311468824043,False,2024-02,96,2.910521546533344,0.23210874872666765,3.04375502236492,0.23210874872666765,3.322819981771598,0.23210874872666765,3.322819981771598,0.23210874872666765,,5.478606337132767,win,win,win,win,win,win,win,win,2024
24607,59133,long,Overlap,mid,60.0,57.01284796573876,False,1.244311468824043,False,2025-05,96,0.5643295060096891,2.803236264773976,0.5643295060096891,2.803236264773976,0.5643295060096891,2.803236264773976,1.8190814598096876,2.803236264773976,1.0,0.5643295060096891,win,loss,loss,loss,loss,loss,loss,loss,2025
24607,29466,long,Overlap,mid,59.65097831835008,57.01284796573876,False,1.244311468824043,False,2024-02,96,1.0447160826745658,0.9070660763249143,1.0447160826745658,1.5089288627089974,1.0447160826745658,2.4919397701233152,1.0447160826745658,2.9547285845748528,5.0,1.0447160826745658,win,win,loss,loss,loss,loss,loss,loss,2024
24607,57587,long,Overlap,mid,57.764952780692546,57.01284796573876,False,1.244311468824043,False,2025-05,96,0.06488909714829341,0.5503871945007358,0.28115062911972694,0.8811088388190589,1.1577916940367303,1.6010586904582185,1.1577916940367303,2.487486307731981,14.0,1.1577916940367303,win,win,loss,loss,loss,loss,loss,loss,2025
24607,46697,long,Overlap,mid,66.40295358649789,57.01284796573876,False,1.244311468824043,False,2024-11,96,2.327450933349235,0.9092252358340914,2.879612890282327,0.9092252358340914,3.939467384797963,0.9092252358340914,3.939467384797963,0.9092252358340914,,9.249639224864401,win,win,win,win,win,win,win,win,2024
24655,51649,short,Asia,low,16.575790621592148,12.719298245614036,False,1.454144716276143,False,2025-02,96,0.08517706324464003,1.8810714809585143,1.013700653779182,3.388674299998375,1.013700653779182,4.653850092880523,1.013700653779182,7.382324151759751,0.0,0.07300891135248778,loss,loss,loss,loss,loss,loss,loss,loss,2025
24655,36493,short,Asia,low,7.317073170731707,12.719298245614036,False,1.454144716276143,False,2024-06,96,1.525428425654525,0.2746538940722469,1.525428425654525,0.2746538940722469,1.525428425654525,1.930603992386225,1.525428425654525,8.66503371781628,9.0,1.525428425654525,win,win,win,loss,loss,loss,loss,loss,2024
24655,40147,short,Asia,low,21.45922746781116,12.719298245614036,False,1.454144716276143,False,2024-08,96,0.24036421522998278,0.7771947858617276,1.1995049327485698,0.7771947858617276,1.1995049327485698,1.4318913207067103,1.1995049327485698,2.8694443252838018,13.0,1.1995049327485698,win,win,loss,loss,loss,loss,loss,loss,2024
24655,57082,short,Asia,low,19.774314884470716,12.719298245614036,False,1.454144716276143,False,2025-04,96,0.42092145699068995,0.5048131031117352,0.42092145699068995,1.206308219585511,0.42092145699068995,1.2077714459713629,4.44906176165132,1.2077714459713629,4.0,0.42092145699068995,loss,loss,loss,loss,loss,loss,loss,loss,2025
24655,33737,short,Asia,low,4.2725797728501895,12.719298245614036,False,1.454144716276143,False,2024-05,96,0.09236395036908902,1.4245581056924215,0.42102095168247755,1.4245581056924215,0.42102095168247755,1.4245581056924215,1.0315863291222016,2.1031214834039296,2.0,0.09236395036908902,loss,loss,loss,loss,loss,loss,loss,loss,2024
24671,48382,short,Asia,low,20.403709765411893,15.434782608695652,False,3.679558374527423,False,2024-12,96,0.13133201599600636,0.28968868073136095,0.3023261064008604,0.28968868073136095,0.5174539756822543,0.3978844866555063,2.2966090880128727,0.3978844866555063,,4.173072377998619,win,win,win,win,win,win,win,win,2024
24671,59195,short,Asia,low,7.956989247311828,15.434782608695652,False,3.679558374527423,False,2025-06,96,0.0,1.3263360000958653,0.0,2.1511854547009523,0.0,2.1511854547009523,0.0,3.202023563867818,2.0,0.0,loss,loss,loss,loss,loss,loss,loss,loss,2025
24671,65036,short,Asia,low,9.267241379310345,15.434782608695652,False,3.679558374527423,False,2025-08,96,0.3330671742808568,0.13691481074245995,0.5042106877089317,0.13691481074245995,0.6792726384814473,0.13691481074245995,0.747845292009839,0.2349909925116846,45.0,0.9768433803475961,win,loss,loss,loss,loss,loss,loss,loss,2025
24671,33185,short,Asia,low,8.436992969172525,15.434782608695652,False,3.679558374527423,False,2024-04,96,0.1195947373933868,0.2642800527795325,0.1195947373933868,0.41228130358336135,1.3524595256423917,0.5494504986897804,1.3524595256423917,1.301615182573076,29.0,1.3524595256423917,win,win,loss,loss,loss,loss,loss,loss,2024
24671,25842,short,Asia,low,23.752711496746205,15.434782608695652,False,3.679558374527423,False,2024-01,96,0.17249105482469604,0.18939550643930703,0.25077671909811333,0.4944962399494096,0.25077671909811333,0.7498683439525033,0.25077671909811333,0.8220815353158533,,4.997645205011578,win,win,win,win,win,win,win,win,2024
25063,72011,long,London,low,18.602150537634408,10.568669527896995,False,1.0285832271998774,False,2025-12,96,0.559558419433119,1.34884172863052,0.559558419433119,1.7818613789976099,0.5944968778448724,2.072230743206774,0.5944968778448724,10.860972802431428,3.0,0.559558419433119,win,loss,loss,loss,loss,loss,loss,loss,2025
25063,38145,long,London,low,17.780172413793103,10.568669527896995,False,1.0285832271998774,False,2024-07,96,1.1956354577867103,0.6799326750320256,2.181014811448377,0.6799326750320256,4.604713285369897,0.6799326750320256,7.137724012431315,1.2364314182888505,31.0,7.137724012431315,win,win,win,win,win,win,win,win,2024
25063,22414,long,London,low,12.267657992565056,10.568669527896995,False,1.0285832271998774,False,2023-11,96,0.0,4.3868485590208435,0.0,4.3868485590208435,0.8702389909750454,4.3868485590208435,0.8702389909750454,10.57384031509232,0.0,0.0,loss,loss,loss,loss,loss,loss,loss,loss,2023
25063,49126,long,London,low,1.6295491580662684,10.568669527896995,False,1.0285832271998774,False,2024-12,96,1.111921512007115,0.5249907947527317,1.111921512007115,1.3357044578200623,1.683367248636313,3.034556687082015,5.686484498064223,3.034556687082015,7.0,1.111921512007115,win,win,loss,loss,loss,loss,loss,loss,2024
25063,22601,long,London,low,17.444326617179215,10.568669527896995,False,1.0285832271998774,False,2023-11,96,1.1382053162669656,3.4269243728241294,1.1382053162669656,5.994202499384054,1.1382053162669656,6.148381705571642,1.1382053162669656,12.77549632447356,2.0,1.1382053162669656,win,win,loss,loss,loss,loss,loss,loss,2023
25248,59025,long,London,low,23.585912486659552,23.16353887399464,False,2.707058880299005,False,2025-05,96,1.44967164518495,0.033471936810410746,1.6524277305867763,0.033471936810410746,2.787861808837072,0.033471936810410746,3.6238354585803148,0.033471936810410746,,3.6238354585803148,win,win,win,win,win,win,win,none,2025
25248,8218,long,London,low,25.436277102062398,23.16353887399464,False,2.707058880299005,False,2023-04,96,0.07027241051418402,0.6779220779014872,0.6662726408643964,0.6779220779014872,8.02702580100606,0.6779220779014872,8.060846747242842,0.6779220779014872,,8.696304748202627,win,win,win,win,win,win,win,win,2023
25248,19555,long,London,low,26.491133799032777,23.16353887399464,False,2.707058880299005,False,2023-09,96,1.6399574465358788,0.07827866225451115,1.7630224080902333,0.07827866225451115,1.7630224080902333,0.20718531502183865,1.7630224080902333,4.13513848665823,21.0,1.7630224080902333,win,win,win,loss,loss,loss,loss,loss,2023
25248,59660,long,London,low,14.959785522788206,23.16353887399464,False,2.707058880299005,False,2025-06,96,0.4004783849484344,0.18529228174666032,0.4004783849484344,0.3550200118266134,0.4004783849484344,0.963272808706981,0.4004783849484344,1.0780716712647087,24.0,0.4004783849484344,loss,loss,loss,loss,loss,loss,loss,loss,2025
25248,27620,long,London,low,16.275346851654216,23.16353887399464,False,2.707058880299005,False,2024-01,96,0.3083471883504196,1.1868636964989405,0.3083471883504196,1.1868636964989405,2.9821137238232622,1.1868636964989405,2.9821137238232622,1.6542506201802354,3.0,0.3083471883504196,loss,loss,loss,loss,loss,loss,loss,loss,2024
25405,65038,short,Asia,low,6.996770721205597,8.19496518478843,False,0.9752542344866323,False,2025-08,96,1.6214762002277254,0.1843699936541094,2.7094372980458674,0.1843699936541094,2.95927199959159,0.1843699936541094,3.6370766622519692,0.5735955358124922,40.0,4.1091351001100485,win,win,win,win,win,win,win,win,2025
25405,2780,short,Asia,low,16.344086021505376,8.19496518478843,False,0.9752542344866323,False,2023-01,96,0.3777225213712895,1.911483878792462,0.3777225213712895,4.882670023964049,0.3777225213712895,4.882670023964049,0.3777225213712895,6.283362162847092,3.0,0.3777225213712895,loss,loss,loss,loss,loss,loss,loss,loss,2023
25405,28797,short,Asia,low,0.482315112540193,8.19496518478843,False,0.9752542344866323,False,2024-02,96,1.849730146065894,0.4216465612459992,1.849730146065894,2.4080958920210023,1.849730146065894,2.4080958920210023,10.64456509521698,4.26357054164597,7.0,1.849730146065894,win,win,win,loss,loss,loss,loss,loss,2024
25405,37301,short,Asia,low,2.989130434782609,8.19496518478843,False,0.9752542344866323,False,2024-06,96,0.009234607552097969,1.4011977858743148,0.009234607552097969,1.4011977858743148,0.610099738928613,2.071014653638652,0.8274208366499485,9.855173179383717,3.0,0.009234607552097969,loss,loss,loss,loss,loss,loss,loss,loss,2024
25405,25861,short,Asia,low,4.294149221685454,8.19496518478843,False,0.9752542344866323,False,2024-01,96,0.9890152446118012,0.92177127458061,1.0464370617168488,0.92177127458061,4.4637907296913655,0.92177127458061,17.403343884174877,0.92177127458061,,25.870039706266788,win,win,win,win,win,win,win,win,2024
25438,33232,short,Overlap,low,18.670886075949365,11.894736842105264,False,1.0135679265672228,False,2024-04,96,2.871115490708058,2.613778472652121,5.205934964448078,2.613778472652121,5.205934964448078,6.19522920328348,5.205934964448078,6.19522920328348,1.0,1.4678134872865574,win,ambiguous,loss,loss,loss,loss,loss,loss,2024
25438,47436,short,Overlap,low,16.903633491311215,11.894736842105264,False,1.0135679265672228,False,2024-11,96,2.257301857881585,0.33637799607147634,3.9034989962120314,0.33637799607147634,3.9034989962120314,0.33637799607147634,4.713257816336976,5.682012023672649,29.0,4.713257816336976,win,win,win,win,win,win,win,win,2024
25438,18471,short,Overlap,low,15.94896331738437,11.894736842105264,False,1.0135679265672228,False,2023-09,96,3.151190074059533,2.973968402673062,3.1931360317840793,6.695623501786808,4.543795870515715,6.695623501786808,6.3128666375499645,6.695623501786808,0.0,0.6375785574136307,ambiguous,loss,loss,loss,loss,loss,loss,loss,2023
25438,5395,short,Overlap,low,9.324253535882661,11.894736842105264,False,1.0135679265672228,False,2023-02,96,1.2934898947512916,0.284984827812857,1.6587254390437105,0.284984827812857,1.826177721461376,0.284984827812857,3.820439620745896,0.3298494015927944,,8.167248114148526,win,win,win,win,win,win,win,win,2023
25438,57397,short,Overlap,low,17.526315789473685,11.894736842105264,False,1.0135679265672228,False,2025-05,96,0.9683719059594504,2.2614663045879615,1.1190567791979933,2.2614663045879615,1.7035572660021787,2.2614663045879615,1.7035572660021787,3.826441215451058,1.0,0.9683719059594504,ambiguous,loss,loss,loss,loss,loss,loss,loss,2025
25516,40357,short,London,low,10.74074074074074,18.981972428419937,False,2.3580226511779347,False,2024-08,96,0.21288746953834575,1.0194438611199557,0.21288746953834575,2.079854554371538,0.29937300403833106,2.6313311407579416,0.29937300403833106,2.6313311407579416,2.0,0.21288746953834575,loss,loss,loss,loss,loss,loss,loss,loss,2024
25516,10512,short,London,low,20.318302387267906,18.981972428419937,False,2.3580226511779347,False,2023-05,96,0.3195428237120939,0.4920023276430699,0.3195428237120939,0.5967098836011445,1.1448847353816887,4.527308348907722,2.0480797945401266,4.527308348907722,12.0,1.1448847353816887,win,win,loss,loss,loss,loss,loss,loss,2023
25516,37330,short,London,low,28.08988764044944,18.981972428419937,False,2.3580226511779347,False,2024-06,96,0.04446468348159693,0.8835190354127286,0.04446468348159693,1.1120020626534226,0.04446468348159693,2.992992915388249,0.04446468348159693,3.9787229764663588,6.0,0.04446468348159693,loss,loss,loss,loss,loss,loss,loss,loss,2024
25516,28733,short,London,low,17.159450897571276,18.981972428419937,False,2.3580226511779347,False,2024-02,96,0.933602027241118,1.9939770274843485,0.933602027241118,3.3149783791385894,0.933602027241118,3.3149783791385894,0.933602027241118,3.3149783791385894,3.0,0.933602027241118,ambiguous,loss,loss,loss,loss,loss,loss,loss,2024
25516,28912,short,London,low,21.334039174166225,18.981972428419937,False,2.3580226511779347,False,2024-02,96,0.4572310252557648,0.08006505652089194,1.131828753545531,0.08006505652089194,1.1434084104803997,0.08006505652089194,2.019161322095396,0.08006505652089194,64.0,2.019161322095396,win,win,win,win,loss,loss,loss,loss,2024
25599,43100,short,London,mid,59.47677522690871,52.69046350559403,False,4.266175328135241,False,2024-09,96,0.019605569826969826,0.4511731756426727,0.6085895633782776,0.4511731756426727,0.6085895633782776,0.5353137461500183,0.6085895633782776,2.000503331217428,18.0,0.6085895633782776,win,loss,loss,loss,loss,loss,loss,loss,2024
25599,15340,short,London,mid,58.489555436529194,52.69046350559403,False,4.266175328135241,False,2023-07,96,0.6598862520602755,0.0603192003641044,0.773999739287581,0.1750126799026226,0.773999739287581,0.45659894698701703,1.0958954719999194,0.45659894698701703,,1.664867929280637,win,win,win,none,none,none,none,none,2023
25599,65799,short,London,mid,60.647902283590014,52.69046350559403,False,4.266175328135241,False,2025-09,96,0.39187410722917804,0.4924513942658917,0.5120244653656422,0.4924513942658917,0.6264561852590926,0.4924513942658917,0.825370468062065,0.4924513942658917,,2.1201409123177126,win,win,win,win,none,none,none,none,2025
25599,10703,short,London,mid,58.66807610993657,52.69046350559403,False,4.266175328135241,False,2023-05,96,0.34636842420381064,0.0,0.34636842420381064,1.4232371944130626,0.34636842420381064,1.6728620347170435,0.34636842420381064,1.6728620347170435,7.0,0.34636842420381064,loss,loss,loss,loss,loss,loss,loss,loss,2023
25599,6012,short,London,mid,53.506907545164715,52.69046350559403,False,4.266175328135241,False,2023-03,96,0.25555263367007836,0.3552988616331087,0.45364627518022044,0.3552988616331087,0.5108900651223344,0.6753045595424965,0.5108900651223344,0.6753045595424965,,0.8770566387557163,win,none,none,none,none,none,none,none,2023
25682,50827,long,Asia,low,6.991404011461317,12.473233404710921,False,1.7665573414800761,False,2025-01,96,0.6421714598997876,0.2108239488520307,0.6421714598997876,0.9311628809917835,0.6421714598997876,0.9311628809917835,0.8093471487052535,3.385450339684549,29.0,0.8093471487052535,win,loss,loss,loss,loss,loss,loss,loss,2025
25682,50295,long,Asia,low,10.451170759565963,12.473233404710921,False,1.7665573414800761,False,2025-01,96,0.2613164659000681,0.44135296947662156,1.741000148608165,0.44135296947662156,2.65005965896329,0.44135296947662156,3.686725936106017,0.44135296947662156,,7.3307313459396255,win,win,win,win,win,win,win,win,2025
25682,12679,long,Asia,low,19.95661605206074,12.473233404710921,False,1.7665573414800761,False,2023-06,96,1.226269823684058,0.2354879109065528,1.26840562045161,0.2354879109065528,1.7133911377165763,0.28313680257832075,2.7514281496726145,0.28313680257832075,38.0,4.582563242842378,win,win,win,win,win,ambiguous,ambiguous,ambiguous,2023
25682,33460,long,Asia,low,3.8419913419913416,12.473233404710921,False,1.7665573414800761,False,2024-04,96,0.44602834099769245,0.2974295018191279,0.6187368202301435,0.8959976808503136,0.6187368202301435,1.5346713188174161,0.6187368202301435,4.210377717879468,9.0,0.6187368202301435,win,loss,loss,loss,loss,loss,loss,loss,2024
25682,16901,long,Asia,low,2.7199999999999998,12.473233404710921,False,1.7665573414800761,False,2023-08,96,0.07878570868533559,1.4483619322682848,0.07986496496866946,1.4483619322682848,0.8909260619132128,1.4483619322682848,0.8909260619132128,3.3386793125722183,1.0,0.07878570868533559,loss,loss,loss,loss,loss,loss,loss,loss,2023
25687,30883,long,Other,low,15.322144017325392,12.439935931660438,False,0.5988585243831656,False,2024-03,96,0.507678569536669,2.515620985726073,3.951587810378509,2.515620985726073,3.951587810378509,2.515620985726073,4.1819854725429995,2.515620985726073,1.0,0.15806351241506728,loss,loss,loss,loss,loss,loss,loss,loss,2024
25687,61526,long,Other,low,21.2707182320442,12.439935931660438,False,0.5988585243831656,False,2025-07,96,0.5641891615657262,2.5770704928286516,0.5641891615657262,3.88198542457878,0.5641891615657262,4.533077916675895,0.5641891615657262,5.630516834173008,1.0,0.5641891615657262,win,loss,loss,loss,loss,loss,loss,loss,2025
25687,35281,long,Other,low,7.54510661563696,12.439935931660438,False,0.5988585243831656,False,2024-05,96,1.118313157834058,0.6203660269050512,1.4359405636094562,1.5732482442312459,3.7337763272659705,2.204367282269252,3.7337763272659705,8.685951531373425,7.0,1.4359405636094562,win,win,loss,loss,loss,loss,loss,loss,2024
25687,14297,long,Other,low,12.959912136188906,12.439935931660438,False,0.5988585243831656,False,2023-07,96,1.1602610638511508,2.6242697175305434,1.1602610638511508,2.6242697175305434,1.1602610638511508,2.6242697175305434,6.6742375819161195,2.6242697175305434,2.0,1.1602610638511508,win,win,loss,loss,loss,loss,loss,loss,2023
25687,26301,long,Other,low,20.672816060770483,12.439935931660438,False,0.5988585243831656,False,2024-01,96,0.7762942677698058,0.8596193318376908,2.1706706563458193,3.3340573103543663,2.5535440519987143,3.3340573103543663,2.5535440519987143,7.007743362857963,4.0,0.7762942677698058,win,loss,loss,loss,loss,loss,loss,loss,2024
25871,33918,short,Other,low,11.755146262188516,12.06620395088094,False,1.922343747268202,False,2024-05,96,0.13595660063752643,0.5773082519612206,0.19865897317043138,0.8965018830103739,1.1980414480065869,0.8965018830103739,1.5884601041659108,0.8965018830103739,,3.164136229465877,win,win,win,win,win,win,none,none,2024
25871,18068,short,Other,low,9.263271939328277,12.06620395088094,False,1.922343747268202,False,2023-09,96,0.05136428487815508,0.7152338593243143,0.05136428487815508,1.3459651854619175,0.05136428487815508,3.2304269059363944,0.05136428487815508,3.3364693005234725,5.0,0.05136428487815508,loss,loss,loss,loss,loss,loss,loss,loss,2023
25871,61433,short,Other,low,5.527915975677169,12.06620395088094,False,1.922343747268202,False,2025-07,96,0.7963333854268488,0.4266252665085961,1.926062762970838,0.4266252665085961,4.586306061774247,0.4266252665085961,4.822588226400342,0.4266252665085961,84.0,6.3296259354488535,win,win,win,win,win,win,win,win,2025
25871,40037,short,Other,low,21.776814734561214,12.06620395088094,False,1.922343747268202,False,2024-08,96,0.41197299264823317,0.6874223793751791,0.41197299264823317,1.2022885295653187,0.41197299264823317,1.343616485255076,0.41197299264823317,3.0611715274911417,5.0,0.41197299264823317,loss,loss,loss,loss,loss,loss,loss,loss,2024
25871,35741,short,Other,low,19.628212137780206,12.06620395088094,False,1.922343747268202,False,2024-06,96,0.24198340523325723,0.13484221918864983,0.5732511321704581,0.46244699959439245,1.7563828618258528,0.46244699959439245,1.811555993955676,0.46244699959439245,,8.06374785480862,win,win,win,win,win,win,win,win,2024
26031,11507,long,Asia,low,19.539614561027836,16.00865332612223,False,1.459666019005321,False,2023-05,96,0.07180830013548989,1.269918907850996,1.168081682204213,1.269918907850996,3.0063741656731304,1.269918907850996,3.0063741656731304,8.170478949963593,2.0,0.07180830013548989,loss,loss,loss,loss,loss,loss,loss,loss,2023
26031,37404,long,Asia,low,10.91301998919503,16.00865332612223,False,1.459666019005321,False,2024-06,96,1.7068633717084694,0.07227522403722245,2.8063228403967235,0.07227522403722245,4.198898495458315,0.07227522403722245,6.90264892194341,0.07227522403722245,,7.068735926675663,win,win,win,win,win,win,win,win,2024
26031,35380,long,Asia,low,8.55119825708061,16.00865332612223,False,1.459666019005321,False,2024-05,96,0.536336933127545,0.7886114300461421,0.9955712049982549,1.1961057581789005,0.9955712049982549,1.1961057581789005,1.1700667015265098,4.403982269936187,7.0,0.9955712049982549,win,loss,loss,loss,loss,loss,loss,loss,2024
26031,3868,long,Asia,low,25.0,16.00865332612223,False,1.459666019005321,False,2023-01,96,0.19366977122464388,1.285298381319991,0.19366977122464388,2.8863796024682236,0.19366977122464388,2.8863796024682236,0.7424007896944387,2.8863796024682236,3.0,0.19366977122464388,loss,loss,loss,loss,loss,loss,loss,loss,2023
26031,20552,long,Asia,low,25.470177324019343,16.00865332612223,False,1.459666019005321,False,2023-10,96,0.17298474347508874,0.5606447980973215,0.17298474347508874,0.8176329241951934,2.8461590527158664,1.2357830954730915,8.796087531524003,1.2357830954730915,8.0,0.17298474347508874,loss,loss,loss,loss,loss,loss,loss,loss,2023
26052,6057,short,Asia,low,9.264305177111716,6.310160427807486,False,2.2488002416793247,False,2023-03,96,1.8565131208677188,0.05434902017182558,1.8565131208677188,0.05434902017182558,1.8565131208677188,0.05434902017182558,2.173034403118151,0.05434902017182558,89.0,2.173034403118151,win,win,win,win,loss,loss,loss,loss,2023
26052,47747,short,Asia,low,3.257328990228013,6.310160427807486,False,2.2488002416793247,False,2024-12,96,1.6573780584793505,0.020089431011903726,2.3510214681392037,0.020089431011903726,2.3510214681392037,0.020089431011903726,3.1434379136074986,0.798368869471841,33.0,3.1434379136074986,win,win,win,win,win,win,loss,loss,2024
26052,22572,short,Asia,low,16.20893914916532,6.310160427807486,False,2.2488002416793247,False,2023-11,96,0.53693141140362,0.30443951565745087,0.7625853102161042,0.30443951565745087,1.6669847307530539,0.30443951565745087,3.2982929557650364,0.30443951565745087,,11.286857199627104,win,win,win,win,win,win,win,win,2023
26052,8187,short,Asia,low,11.935483870967742,6.310160427807486,False,2.2488002416793247,False,2023-04,96,0.7213309569139351,0.0,0.7213309569139351,0.17662391688497905,0.9889259878839844,0.5547838403583234,0.9889259878839844,1.099210969266961,20.0,0.9889259878839844,win,loss,loss,loss,loss,loss,loss,loss,2023
26052,37296,short,Asia,low,1.3623978201634876,6.310160427807486,False,2.2488002416793247,False,2024-06,96,0.8032040877184056,0.05992788631839205,0.8032040877184056,0.05992788631839205,0.8032040877184056,0.4382404198548824,0.8989182947767848,1.9432540198619022,23.0,0.8989182947767848,win,loss,loss,loss,loss,loss,loss,loss,2024
26318,17065,short,Asia,mid,30.026954177897576,30.268817204301072,False,0.6612548418311335,False,2023-08,96,0.8055184474236157,1.564407751725793,2.2125528411141566,1.564407751725793,2.774434015727966,1.564407751725793,2.774434015727966,1.564407751725793,0.0,0.5455609745211465,ambiguous,loss,loss,loss,loss,loss,loss,loss,2023
26318,71890,short,Asia,mid,32.60513380666303,30.268817204301072,False,0.6612548418311335,False,2025-12,96,1.1784918701666927,0.7164014300660748,1.600270332691199,0.7164014300660748,1.7728055967167298,1.7739573675046425,1.7728055967167298,11.103070395237399,12.0,1.7728055967167298,win,win,win,loss,loss,loss,loss,loss,2025
26318,67252,short,Asia,mid,32.64,30.268817204301072,False,0.6612548418311335,False,2025-10,96,0.8848159089706028,3.842680265396074,0.8848159089706028,5.212532911511022,0.8848159089706028,7.027301087561899,13.919551325859706,11.816770198063042,0.0,0.1801872073732734,loss,loss,loss,loss,loss,loss,loss,loss,2025
26318,69251,short,Asia,mid,39.362912400455066,30.268817204301072,False,0.6612548418311335,False,2025-11,96,1.891531304228008,0.05757038457991862,1.891531304228008,1.3995235338370475,1.891531304228008,2.8340899104619024,2.625710148884572,2.8340899104619024,5.0,1.891531304228008,win,win,win,loss,loss,loss,loss,loss,2025
26318,24394,short,Asia,mid,33.007069059271345,30.268817204301072,False,0.6612548418311335,False,2023-12,96,1.1595352016364089,0.9490463274539572,1.9534844639032303,1.2149270106317245,3.3789003487174063,2.1233526781556575,18.988312123611475,2.1233526781556575,6.0,1.1595352016364089,win,win,loss,loss,loss,loss,loss,loss,2023
26402,31440,long,Asia,mid,36.01511879049676,30.615550755939523,False,1.793128783999013,False,2024-03,96,0.973572886521123,0.04321111543447719,2.3398672031124437,0.04321111543447719,2.597076223555079,0.04321111543447719,3.690582001893996,0.04321111543447719,,21.010302555585543,win,win,win,win,win,win,win,win,2024
26402,5072,long,Asia,mid,37.808807733619766,30.615550755939523,False,1.793128783999013,False,2023-02,96,0.08096252818533188,0.7084221216212244,0.08096252818533188,1.5245244057288445,0.08096252818533188,4.275900988558687,0.08096252818533188,4.275900988558687,7.0,0.08096252818533188,loss,loss,loss,loss,loss,loss,loss,loss,2023
26402,63561,long,Asia,mid,33.78305450620615,30.615550755939523,False,1.793128783999013,False,2025-08,96,1.041975612293134,0.08067790173926757,1.041975612293134,0.27878317317100176,1.041975612293134,0.27878317317100176,3.3180496367838104,1.1094920766723613,17.0,1.041975612293134,win,win,loss,loss,loss,loss,loss,loss,2025
26402,56168,long,Asia,mid,36.95768612747724,30.615550755939523,False,1.793128783999013,False,2025-04,96,0.13848747767463318,0.9993439702311284,0.13963318586632992,0.9993439702311284,0.6305691460199785,1.4865563787616973,0.6305691460199785,1.9346714952496706,8.0,0.13963318586632992,loss,loss,loss,loss,loss,loss,loss,loss,2025
26402,67137,long,Asia,mid,39.254859611231105,30.615550755939523,False,1.793128783999013,False,2025-10,96,1.6737396760723067,0.11889953983029272,1.6737396760723067,0.5524509601729484,1.6737396760723067,0.8697704585660845,4.189430367096614,1.1498703360509126,20.0,1.6737396760723067,win,win,win,loss,loss,loss,loss,loss,2025
26529,26350,long,London,mid,45.03171247357294,52.19925808161102,False,3.186148637180422,False,2024-01,96,0.06514008179105255,0.8332365738651525,0.06514008179105255,1.0735020011748926,0.06514008179105255,1.7172103973665545,0.06514008179105255,2.4407890445984544,7.0,0.06514008179105255,loss,loss,loss,loss,loss,loss,loss,loss,2024
26529,34968,long,London,mid,56.581740976645435,52.19925808161102,False,3.186148637180422,False,2024-05,96,0.37037765109939275,0.1330889031384879,0.37037765109939275,0.23499754678415147,0.37037765109939275,1.0921060217866814,0.37037765109939275,3.3413682552921764,9.0,0.37037765109939275,loss,loss,loss,loss,loss,loss,loss,loss,2024
26529,20398,long,London,mid,59.96827075621365,52.19925808161102,False,3.186148637180422,False,2023-10,96,0.06304544969373149,0.21131520434803264,0.06304544969373149,1.0512366676944265,0.48731873655771935,1.2073100936463248,1.5521091491374488,1.2073100936463248,6.0,0.06304544969373149,loss,loss,loss,loss,loss,loss,loss,loss,2023
26529,39066,long,London,mid,53.52564102564102,52.19925808161102,False,3.186148637180422,False,2024-07,96,0.3602032622176719,0.16453729261797453,0.5189715336189739,0.35563612042111664,1.5920094799251134,0.35563612042111664,2.2190299734151795,0.6605529293121328,38.0,2.2190299734151795,win,win,win,win,loss,loss,loss,loss,2024
26529,10603,long,London,mid,60.19108280254777,52.19925808161102,False,3.186148637180422,False,2023-05,96,0.6963152815316173,0.20285190229724318,1.5177716969770956,0.20285190229724318,2.323685958745934,0.20285190229724318,2.323685958745934,1.6534975734811281,18.0,2.323685958745934,win,win,win,win,loss,loss,loss,loss,2023
26694,31833,short,London,mid,40.2770378263186,47.26980728051392,False,2.3502635341175067,False,2024-04,96,0.6343450343582102,0.6696606622115138,0.7393374414894607,0.6696606622115138,0.7393374414894607,0.6696606622115138,2.2802441876042563,0.9023620154713492,43.0,2.2802441876042563,win,win,win,win,loss,loss,loss,loss,2024
26694,14603,short,London,mid,38.41166936790924,47.26980728051392,False,2.3502635341175067,False,2023-07,96,0.5592010587356286,0.1272906648613085,0.5592010587356286,0.2285379523142251,0.6619114572788707,0.2285379523142251,0.6619114572788707,6.622626039405754,20.0,0.6619114572788707,win,loss,loss,loss,loss,loss,loss,loss,2023
26694,44668,short,London,mid,55.103120042305655,47.26980728051392,False,2.3502635341175067,False,2024-10,96,0.9450862723682493,0.14528853344769385,2.0320492143849807,0.14528853344769385,2.0320492143849807,1.2957974387239224,2.0320492143849807,1.3309112036569557,14.0,2.0320492143849807,win,win,win,win,loss,loss,loss,loss,2024
26694,29266,short,London,mid,51.25333333333333,47.26980728051392,False,2.3502635341175067,False,2024-02,96,0.0,0.7218721055643839,0.0,1.9582644102644442,0.0,2.176529574926286,0.0,4.989754605792796,6.0,0.0,loss,loss,loss,loss,loss,loss,loss,loss,2024
26694,44485,short,London,mid,38.90063424947146,47.26980728051392,False,2.3502635341175067,False,2024-10,96,1.1038958186625774,0.11246038210331064,1.1038958186625774,0.7977359682340707,1.1038958186625774,1.8603750744820553,1.1038958186625774,2.6232260233384683,12.0,1.1038958186625774,win,win,loss,loss,loss,loss,loss,loss,2024
26868,25766,long,Asia,mid,42.74193548387097,35.79117330462863,False,1.850916377993679,False,2024-01,96,0.3309372733651796,0.44777154723922136,1.2362631419716503,0.44777154723922136,1.7402157634898179,0.44777154723922136,2.3624001980431015,1.1630320899263782,31.0,2.3624001980431015,win,win,win,win,loss,loss,loss,loss,2024
26868,53404,long,Asia,mid,34.61123110151188,35.79117330462863,False,1.850916377993679,False,2025-03,96,0.5271886976714345,0.4542361195884631,0.5271886976714345,1.121114282916526,4.494762092247498,1.121114282916526,5.615549233558279,1.121114282916526,6.0,0.5271886976714345,win,loss,loss,loss,loss,loss,loss,loss,2025
26868,53121,long,Asia,mid,36.31436314363143,35.79117330462863,False,1.850916377993679,False,2025-02,96,0.2992779039820787,0.5312476534511051,0.2992779039820787,2.3678706626334316,0.2992779039820787,3.1458589323794084,0.2992779039820787,5.096452607183647,5.0,0.2992779039820787,loss,loss,loss,loss,loss,loss,loss,loss,2025
26868,49561,long,Asia,mid,36.58536585365854,35.79117330462863,False,1.850916377993679,False,2025-01,96,0.4429009613107683,0.11823029375757337,0.4429009613107683,1.3040287356698887,0.4429009613107683,2.124238547493785,0.4429009613107683,2.542465360542137,7.0,0.4429009613107683,loss,loss,loss,loss,loss,loss,loss,loss,2025
26868,11590,long,Asia,mid,41.366325981710595,35.79117330462863,False,1.850916377993679,False,2023-05,96,0.822530158869258,0.32223134897631245,0.8564337317258764,0.32223134897631245,1.894767502169344,0.32223134897631245,3.314884984346029,0.32223134897631245,46.0,3.314884984346029,win,win,win,win,win,win,loss,loss,2023
26961,19075,long,Asia,low,3.09614340032591,4.195804195804196,False,1.280714868945384,False,2023-09,96,0.3423468431277393,0.8020979350515935,0.3423468431277393,0.9155558225435111,0.3423468431277393,2.846313090557872,2.286916375706455,3.1738610787954884,8.0,0.3423468431277393,loss,loss,loss,loss,loss,loss,loss,loss,2023
26961,6331,long,Asia,low,2.127659574468085,4.195804195804196,False,1.280714868945384,False,2023-03,96,0.9513288659982817,0.5803863108212641,3.3346978684793402,0.5803863108212641,3.4646539337283784,0.5803863108212641,4.118219388087961,0.5803863108212641,38.0,4.118219388087961,win,win,win,win,win,win,win,win,2023
26961,5689,long,Asia,low,6.811989100817439,4.195804195804196,False,1.280714868945384,False,2023-02,96,1.2922737809611862,0.33479160401276253,1.646149596929117,0.33479160401276253,1.646149596929117,0.33479160401276253,1.646149596929117,2.732859151973833,26.0,1.646149596929117,win,win,win,loss,loss,loss,loss,loss,2023
26961,23490,long,Asia,low,9.811320754716983,4.195804195804196,False,1.280714868945384,False,2023-11,96,0.5526635316777874,0.7500882745070105,0.6369148550507561,0.7500882745070105,1.9113733063715976,0.7500882745070105,6.191843526693301,0.7500882745070105,,15.674518594685587,win,win,win,win,win,win,win,win,2023
26961,61392,long,Asia,low,0.6451612903225806,4.195804195804196,False,1.280714868945384,False,2025-07,96,0.3250264839853732,1.7805303711137914,0.4573708929635351,1.7805303711137914,0.4573708929635351,3.180250378328951,0.4573708929635351,3.351017357655699,0.0,0.3250264839853732,loss,loss,loss,loss,loss,loss,loss,loss,2025
27220,28780,short,Asia,low,6.598161168199026,15.200868621064062,False,1.1013685991749915,False,2024-02,96,0.2675602458965373,1.5010298071679704,0.2675602458965373,1.5010298071679704,0.50314788379304,1.5010298071679704,0.9322539385327842,2.1859167259095225,1.0,0.2675602458965373,loss,loss,loss,loss,loss,loss,loss,loss,2024
27220,25014,short,Asia,low,18.56749311294766,15.200868621064062,False,1.1013685991749915,False,2023-12,96,0.4106309837064554,1.0824672899115164,1.5069983351257308,1.0824672899115164,3.1929599621629867,1.0824672899115164,3.315164669584792,1.0824672899115164,1.0,0.22240098412309098,loss,loss,loss,loss,loss,loss,loss,loss,2023
27220,13578,short,Asia,low,9.412404787812841,15.200868621064062,False,1.1013685991749915,False,2023-06,96,0.37853559347780247,3.5215280968994476,0.37853559347780247,3.5215280968994476,0.37853559347780247,3.5215280968994476,0.8466866210175813,3.5215280968994476,0.0,0.37853559347780247,loss,loss,loss,loss,loss,loss,loss,loss,2023
27220,44167,short,Asia,low,6.324324324324325,15.200868621064062,False,1.1013685991749915,False,2024-10,96,1.553249416825613,1.174466200145738,1.553249416825613,1.985395803653916,1.553249416825613,3.2737351972417854,1.553249416825613,3.4890937053414093,3.0,1.553249416825613,win,ambiguous,ambiguous,loss,loss,loss,loss,loss,2024
27220,6161,short,Asia,low,13.21061180292366,15.200868621064062,False,1.1013685991749915,False,2023-03,96,0.38544648438265794,0.4319658876703622,0.486339216188112,0.7684763763869353,0.486339216188112,3.7130941896804024,0.486339216188112,6.344159141853902,9.0,0.486339216188112,loss,loss,loss,loss,loss,loss,loss,loss,2023
27432,71550,short,London,low,13.017751479289942,9.572192513368984,False,0.7788935661872347,False,2025-12,96,1.1972472522510615,0.49291590691629833,2.5406983751976746,0.49291590691629833,2.5406983751976746,1.1480484894139449,8.007562791030395,1.1480484894139449,13.0,2.5406983751976746,win,win,win,win,win,loss,loss,loss,2025
27432,28809,short,London,low,3.940362087326944,9.572192513368984,False,0.7788935661872347,False,2024-02,96,1.4753013398929822,1.801434099103644,1.4753013398929822,2.7400287722645382,1.4753013398929822,3.896901276393178,12.764117162643709,7.730887177977769,2.0,1.4753013398929822,win,win,loss,loss,loss,loss,loss,loss,2024
27432,2904,short,London,low,10.042283298097251,9.572192513368984,False,0.7788935661872347,False,2023-01,96,0.0,4.27906117492877,11.319317327242098,14.899471381167945,11.319317327242098,14.899471381167945,11.319317327242098,14.899471381167945,0.0,0.0,loss,loss,loss,loss,loss,loss,loss,loss,2023
27432,59399,short,London,low,18.93617021276596,9.572192513368984,False,0.7788935661872347,False,2025-06,96,1.8904392089548794,0.30462053604011025,1.8904392089548794,2.612727175465238,1.8904392089548794,8.888542648070484,1.8904392089548794,8.888542648070484,5.0,1.8904392089548794,win,win,win,loss,loss,loss,loss,loss,2025
27432,72012,short,London,low,16.76518001074691,9.572192513368984,False,0.7788935661872347,False,2025-12,96,1.1816282495211277,1.399006721776336,1.7671792693793846,1.399006721776336,2.8709625254580127,1.4462522681110903,14.044411835826605,1.4462522681110903,1.0,0.4528718171977939,loss,loss,loss,loss,loss,loss,loss,loss,2025
27604,3784,long,Asia,low,14.254859611231103,7.104413347685684,False,2.443501452802691,False,2023-01,96,0.0390244860871343,0.7091601975047389,0.2532714991088269,0.7091601975047389,0.2532714991088269,2.562694066492983,0.2532714991088269,3.843265778823795,9.0,0.2532714991088269,loss,loss,loss,loss,loss,loss,loss,loss,2023
27604,28316,long,Asia,low,3.598691384950927,7.104413347685684,False,2.443501452802691,False,2024-02,96,0.3609653569551304,0.6433390273285486,0.46181309637418005,0.6433390273285486,0.46181309637418005,0.6433390273285486,0.46181309637418005,1.1458389702959233,31.0,0.46181309637418005,loss,loss,loss,loss,loss,loss,loss,loss,2024
27604,69611,long,Asia,low,4.3428571428571425,7.104413347685684,False,2.443501452802691,False,2025-11,96,0.06301229505818523,0.684431889969205,0.06301229505818523,0.8794566838454725,0.06301229505818523,0.8794566838454725,1.1263534775210582,0.8794566838454725,,3.8460476844475187,win,win,win,win,win,win,win,none,2025
27604,64387,long,Asia,low,1.4586709886547813,7.104413347685684,False,2.443501452802691,False,2025-08,96,0.3164991639752019,0.7980590993249396,0.3164991639752019,0.7980590993249396,0.8849238782583327,0.7980590993249396,2.053087086602972,0.7980590993249396,,6.387480332770377,win,win,win,win,win,win,win,win,2025
27604,64861,long,Asia,low,9.973190348525469,7.104413347685684,False,2.443501452802691,False,2025-08,96,0.09353522846998082,0.5966902505839212,0.7768007358953444,0.5966902505839212,1.3049098026284436,0.6109497046519017,1.381129979729997,0.6206257627695205,,3.7597427225983635,win,win,win,win,win,win,win,none,2025
27695,49822,long,Asia,low,9.378596087456847,0.10770059235325795,False,1.5765200217007396,False,2025-01,96,0.09520879928417973,1.0655476801672352,0.09520879928417973,1.421744178447633,0.09520879928417973,1.637713020274169,1.1759655528196835,1.637713020274169,2.0,0.09520879928417973,loss,loss,loss,loss,loss,loss,loss,loss,2025
27695,41067,long,Asia,low,6.706008583690987,0.10770059235325795,False,1.5765200217007396,False,2024-08,96,0.6262091244955129,0.19977570804065362,0.7057232519167638,0.7696741159639205,0.8984247493327239,0.7696741159639205,2.61519418372709,0.7696741159639205,,7.099677782916442,win,win,win,win,win,win,win,win,2024
27695,64495,long,Asia,low,0.8569898232458489,0.10770059235325795,False,1.5765200217007396,False,2025-08,96,0.7044686371133743,0.3608325083765424,0.7044686371133743,1.1553635405531428,0.9560021223548424,1.1553635405531428,2.0096447053768958,3.8170133519384923,5.0,0.7044686371133743,win,loss,loss,loss,loss,loss,loss,loss,2025
27695,36207,long,Asia,low,0.05449591280653951,0.10770059235325795,False,1.5765200217007396,False,2024-06,96,0.5238279284830617,2.8770426730543694,0.5238279284830617,4.761379279496389,0.5238279284830617,4.761379279496389,0.5238279284830617,5.222636643780884,1.0,0.5238279284830617,win,loss,loss,loss,loss,loss,loss,loss,2024
27695,42339,long,Asia,low,5.51948051948052,0.10770059235325795,False,1.5765200217007396,False,2024-09,96,1.0322149690011864,0.009096007834023137,1.7009534649560394,0.009096007834023137,2.8110302610163247,0.03238178788898339,2.8110302610163247,0.5723208129147702,,20.214603969946026,win,win,win,win,win,win,win,win,2024
27891,8308,short,London,low,28.321863419798838,18.673087212413055,False,1.6392229533225462,False,2023-04,96,0.2113900582263219,0.5846768747276696,0.2113900582263219,2.180388569547924,0.9764491406083763,2.9424661278365205,3.7143827156334406,2.9424661278365205,7.0,0.2113900582263219,loss,loss,loss,loss,loss,loss,loss,loss,2023
27891,29441,short,London,low,8.735262593783494,18.673087212413055,False,1.6392229533225462,False,2024-02,96,0.5433952628142762,1.233356625300018,1.4581299323064107,1.233356625300018,1.58731665257032,1.233356625300018,3.255157763063074,1.233356625300018,0.0,0.15409716408168794,loss,loss,loss,loss,loss,loss,loss,loss,2024
27891,71284,short,London,low,10.861423220973784,18.673087212413055,False,1.6392229533225462,False,2025-12,96,0.09243460207781239,1.1696402746524974,0.09243460207781239,2.4495731121732307,0.09243460207781239,4.232785964166465,0.9734273343972344,4.232785964166465,3.0,0.09243460207781239,loss,loss,loss,loss,loss,loss,loss,loss,2025
27891,47425,short,London,low,20.233050847457626,18.673087212413055,False,1.6392229533225462,False,2024-11,96,0.7866853511679516,0.006000324116736,1.2403527138544728,0.006000324116736,1.7240216971249662,0.006000324116736,2.639499719513739,0.006000324116736,40.0,3.1208114325955045,win,win,win,win,win,win,loss,loss,2024
27891,22317,short,London,low,13.738019169329075,18.673087212413055,False,1.6392229533225462,False,2023-11,96,1.6439549146576982,0.3928536598290851,1.6439549146576982,0.3928536598290851,4.035599052861074,0.3928536598290851,4.935797650467299,0.3928536598290851,66.0,4.935797650467299,win,win,win,win,win,win,win,win,2023
27909,9607,short,Overlap,high,79.0,88.71224165341812,False,6.063271893910301,True,2023-04,96,0.09248791585651263,0.5436964185322695,0.27280285077772337,0.5436964185322695,0.7958340883535947,0.5436964185322695,0.914883500385045,0.5436964185322695,,1.4389255348555245,win,win,none,none,none,none,none,none,2023
27909,53723,short,Overlap,high,97.0448548812665,88.71224165341812,False,6.063271893910301,True,2025-03,96,0.15752836808587928,0.1321222867208585,0.2510216811468335,0.1321222867208585,0.336090732181188,0.1321222867208585,0.336090732181188,0.1321222867208585,,0.502816474947994,win,none,none,none,none,none,none,none,2025
27909,62511,short,Overlap,high,88.99470899470899,88.71224165341812,False,6.063271893910301,True,2025-07,96,0.08297506761931786,0.13018343326299678,0.08297506761931786,0.2011033431838321,0.08297506761931786,0.2189253447686143,0.08297506761931786,0.2189253447686143,,0.863922293689653,win,none,none,none,none,none,none,none,2025
27909,7315,short,Overlap,high,92.9245283018868,88.71224165341812,False,6.063271893910301,True,2023-03,96,0.23122779879526495,0.07547194308980126,0.3491391422898296,0.07547194308980126,0.5127822863910579,0.07547194308980126,0.5127822863910579,0.07547194308980126,,0.5575010407817587,win,none,none,none,none,none,none,none,2023
27909,9697,short,Overlap,high,88.88303477344573,88.71224165341812,False,6.063271893910301,True,2023-04,96,0.4738012499491778,0.24283464533229762,0.4738012499491778,0.24283464533229762,0.4738012499491778,0.24283464533229762,0.4738012499491778,0.34969545275361996,,0.4738012499491778,none,none,none,none,none,none,none,none,2023
28154,12509,short,Asia,low,1.1840688912809472,0.26939655172413796,False,1.8332971416570314,False,2023-06,96,0.6860512521414298,0.5196010923345258,2.1371805385282228,0.5196010923345258,2.1371805385282228,0.5196010923345258,4.148906060466206,3.848110371082335,24.0,2.1371805385282228,win,win,win,win,loss,loss,loss,loss,2023
28154,13317,short,Asia,low,4.189336235038085,0.26939655172413796,False,1.8332971416570314,False,2023-06,96,0.48233853151249945,1.1189710960885135,0.6533741458762845,1.1189710960885135,1.9216620481553095,1.1189710960885135,4.574976446644269,1.1189710960885135,3.0,0.48233853151249945,loss,loss,loss,loss,loss,loss,loss,loss,2023
28154,22757,short,Asia,low,2.852529601722282,0.26939655172413796,False,1.8332971416570314,False,2023-11,96,0.6974177000656375,0.11164288701655532,0.7506699557973916,0.11164288701655532,0.7506699557973916,0.5091663048035351,0.7506699557973916,1.284593888265628,22.0,0.7506699557973916,win,loss,loss,loss,loss,loss,loss,loss,2023
28154,53587,short,Asia,low,3.6196650459211237,0.26939655172413796,False,1.8332971416570314,False,2025-03,96,0.4566305906450649,0.6313693225217747,0.4566305906450649,1.3085086433565307,2.8805155947573935,1.3771636408258567,5.448554705705759,1.3771636408258567,5.0,0.4566305906450649,loss,loss,loss,loss,loss,loss,loss,loss,2025
28154,36298,short,Asia,low,2.7262813522355507,0.26939655172413796,False,1.8332971416570314,False,2024-06,96,1.1906747379687093,0.2806127396457585,1.1906747379687093,0.2806127396457585,1.2326586022061234,0.6448845028821838,1.2326586022061234,0.9671724018813354,48.0,1.2326586022061234,win,win,loss,loss,loss,loss,loss,loss,2024
28161,13664,long,Other,low,2.6746724890829694,0.966183574879227,False,1.3351947368677723,False,2023-06,96,1.157098980870873,0.12316459740350467,1.157098980870873,1.2601683018559258,1.157098980870873,1.2601683018559258,1.157098980870873,4.143516350546823,5.0,1.157098980870873,win,win,loss,loss,loss,loss,loss,loss,2023
28161,19524,long,Other,low,3.224043715846994,0.966183574879227,False,1.3351947368677723,False,2023-09,96,0.21503385124017138,0.9982305387852929,0.21503385124017138,1.8435700365513419,0.21503385124017138,3.464215071357794,0.21503385124017138,6.840641093356065,4.0,0.21503385124017138,loss,loss,loss,loss,loss,loss,loss,loss,2023
28161,41050,long,Other,low,2.5988088792636708,0.966183574879227,False,1.3351947368677723,False,2024-08,96,1.6553287559380392,0.40603080210662,1.6553287559380392,0.40603080210662,2.216311242240904,0.40603080210662,2.9340388350105155,0.40603080210662,,11.038872761159531,win,win,win,win,win,win,win,win,2024
28161,72278,long,Other,low,3.9978390059427333,0.966183574879227,False,1.3351947368677723,False,2025-12,96,0.4610793007443762,1.73441375699041,0.4610793007443762,2.276375125016296,0.4610793007443762,2.485019948258229,1.3694999714848588,4.535234388328201,2.0,0.4610793007443762,loss,loss,loss,loss,loss,loss,loss,loss,2025
28161,5501,long,Other,low,7.045330420535227,0.966183574879227,False,1.3351947368677723,False,2023-02,96,0.38366540474716326,0.4434705801238315,1.2898658587602096,0.4434705801238315,1.2898658587602096,0.4434705801238315,1.2898658587602096,0.6320089296163983,35.0,2.685151009709783,win,win,win,win,win,loss,loss,loss,2023
28180,5378,short,London,low,13.31923890063425,4.994686503719448,False,1.9783060068494318,False,2023-02,96,0.26738233613144746,0.18292940712019207,0.3300208554349624,0.9847647810899337,0.41198070905097056,1.0389891709347547,1.0358728266908728,1.0389891709347547,10.0,0.3300208554349624,loss,loss,loss,loss,loss,loss,loss,loss,2023
28180,51239,short,London,low,12.073784237003911,4.994686503719448,False,1.9783060068494318,False,2025-01,96,1.068270681448973,0.7194873673050604,1.068270681448973,1.0960369508710475,2.043500003957433,1.0960369508710475,2.8889098387293015,1.0960369508710475,5.0,1.068270681448973,win,win,loss,loss,loss,loss,loss,loss,2025
28180,72287,short,London,low,9.46236559139785,4.994686503719448,False,1.9783060068494318,False,2025-12,96,0.40965670567864126,0.32874624816789144,0.40965670567864126,0.46993228140816645,1.063130830299096,1.5361040416540026,1.7062875140288893,5.461618788937916,15.0,1.063130830299096,win,win,loss,loss,loss,loss,loss,loss,2025
28180,12524,short,London,low,9.717031500266952,4.994686503719448,False,1.9783060068494318,False,2023-06,96,0.07376903260642563,0.9886611618623892,0.07376903260642563,1.7165936793805243,2.3332871794763745,3.9862599471381515,2.3332871794763745,3.9862599471381515,4.0,0.07376903260642563,loss,loss,loss,loss,loss,loss,loss,loss,2023
28180,58937,short,London,low,9.26517571884984,4.994686503719448,False,1.9783060068494318,False,2025-05,96,1.0619038952495587,0.006857799621587571,1.4935232529709508,0.006857799621587571,2.327537191564835,0.006857799621587571,3.258404361737428,0.006857799621587571,,7.811877805858201,win,win,win,win,win,win,win,win,2025
28460,34244,long,Overlap,mid,38.5548523206751,41.993637327677625,False,1.5857776999922157,False,2024-05,96,0.3505293798479605,2.578938572226821,0.3505293798479605,2.578938572226821,0.3505293798479605,3.312124076018686,0.3505293798479605,3.312124076018686,0.0,0.3505293798479605,loss,loss,loss,loss,loss,loss,loss,loss,2024
28460,60781,long,Overlap,mid,32.38246170100369,41.993637327677625,False,1.5857776999922157,False,2025-06,96,0.4293609440379764,0.4953850587679934,1.3852812195721065,0.4953850587679934,1.3852812195721065,0.4953850587679934,2.0354485844184316,0.4953850587679934,83.0,3.420729803990538,win,win,win,win,win,win,loss,loss,2025
28460,62414,long,Overlap,mid,47.37400530503979,41.993637327677625,False,1.5857776999922157,False,2025-07,96,2.0970324283570205,0.5130964828738394,2.0970324283570205,0.5130964828738394,2.0970324283570205,0.5130964828738394,2.0970324283570205,0.5130964828738394,67.0,2.3013239746034344,win,win,win,win,loss,loss,loss,loss,2025
28460,47341,long,Overlap,mid,48.99789029535865,41.993637327677625,False,1.5857776999922157,False,2024-11,96,1.698550149948463,0.553725171720027,1.698550149948463,1.7560635442588315,1.698550149948463,2.4672701868349947,1.698550149948463,2.7459470753545574,7.0,1.698550149948463,win,win,win,loss,loss,loss,loss,loss,2024
28460,57400,long,Overlap,mid,42.879663688912245,41.993637327677625,False,1.5857776999922157,False,2025-05,96,0.011921596654777352,0.8738257334297701,0.011921596654777352,1.185880351210468,0.1588939523607596,1.185880351210468,1.7664894096651076,1.185880351210468,6.0,0.011921596654777352,loss,loss,loss,loss,loss,loss,loss,loss,2025
28512,41870,short,Asia,low,2.990755845568244,3.769520732364028,False,1.4747702107694647,False,2024-09,96,0.805329437261773,0.09007679458052135,0.805329437261773,0.33314116090889945,1.5313055078691882,0.33314116090889945,1.5313055078691882,6.824389532268434,17.0,1.5313055078691882,win,win,win,loss,loss,loss,loss,loss,2024
28512,42328,short,Asia,low,4.246053347849755,3.769520732364028,False,1.4747702107694647,False,2024-09,96,0.19054365192212436,1.198043211460323,0.47556519792223056,1.198043211460323,0.47556519792223056,2.213879055770188,0.47556519792223056,4.004989383838157,2.0,0.19054365192212436,loss,loss,loss,loss,loss,loss,loss,loss,2024
28512,12944,short,Asia,low,2.5095471903982545,3.769520732364028,False,1.4747702107694647,False,2023-06,96,1.650992174239676,0.01850499109476223,1.650992174239676,1.560202061680699,2.4270452382781325,1.560202061680699,2.72081197190819,2.25182610384913,5.0,1.650992174239676,win,win,win,loss,loss,loss,loss,loss,2023
28512,60739,short,Asia,low,0.2701242571582928,3.769520732364028,False,1.4747702107694647,False,2025-06,96,0.24817639740721464,1.460609459111622,0.24817639740721464,1.5894391453706123,0.24817639740721464,2.3651927678345976,1.7423232075198118,2.3651927678345976,3.0,0.24817639740721464,loss,loss,loss,loss,loss,loss,loss,loss,2025
28512,4687,short,Asia,low,9.809264305177113,3.769520732364028,False,1.4747702107694647,False,2023-02,96,0.9394716967205937,0.3797407315505125,0.9394716967205937,2.5447783865443334,0.9394716967205937,2.5950381892495313,0.9394716967205937,4.757927989426941,5.0,0.9394716967205937,win,loss,loss,loss,loss,loss,loss,loss,2023
28545,57284,long,London,low,12.506652474720594,9.682539682539684,False,0.8554419896729017,False,2025-05,96,1.1555121435638733,0.5102423035661847,1.9748036472574941,0.5102423035661847,2.4103763454238183,0.5102423035661847,2.4103763454238183,6.832683725234558,16.0,2.4103763454238183,win,win,win,win,loss,loss,loss,loss,2025
28545,33581,long,London,low,0.37293553542887586,9.682539682539684,False,0.8554419896729017,False,2024-05,96,0.1297325516890662,1.7583014280177198,1.3483678323110708,1.7583014280177198,4.228005127183391,1.7583014280177198,12.56598002714477,1.7583014280177198,0.0,0.1297325516890662,loss,loss,loss,loss,loss,loss,loss,loss,2024
28545,28352,long,London,low,7.593582887700536,9.682539682539684,False,0.8554419896729017,False,2024-02,96,1.1176130073511918,1.3162364074672461,1.1176130073511918,1.3162364074672461,1.1176130073511918,6.464288840138733,4.605401899340304,11.53251177228529,2.0,1.1176130073511918,win,win,loss,loss,loss,loss,loss,loss,2024
28545,33492,long,London,low,15.159574468085108,9.682539682539684,False,0.8554419896729017,False,2024-04,96,0.06096610346043927,2.3506296932838726,0.542254849793131,2.3506296932838726,0.7891246349324592,2.8684122339415357,0.7891246349324592,9.890676939576638,0.0,0.06096610346043927,loss,loss,loss,loss,loss,loss,loss,loss,2024
28545,64338,long,London,low,5.438225976768743,9.682539682539684,False,0.8554419896729017,False,2025-08,96,0.42673364653674606,3.0547279724099727,0.42673364653674606,7.054848965341556,0.42673364653674606,9.209245548331957,0.42673364653674606,11.912943414456732,1.0,0.42673364653674606,loss,loss,loss,loss,loss,loss,loss,loss,2025
28554,26721,short,Overlap,high,92.87598944591029,94.102159031069,False,8.678751522431893,True,2024-01,96,0.2885414426041157,0.03867792599613654,0.5334673516381282,0.03867792599613654,0.5716309435119645,0.03867792599613654,0.5716309435119645,0.03867792599613654,,1.1926379627636807,win,win,none,none,none,none,none,none,2024
28554,30667,short,Overlap,high,90.92827004219409,94.102159031069,False,8.678751522431893,True,2024-03,96,0.21056540090910766,0.0010254808485901804,0.2189743438674943,0.0010254808485901804,0.31256656264819466,0.0010254808485901804,0.38130796219823015,0.0010254808485901804,,0.6223985097001852,win,none,none,none,none,none,none,none,2024
28554,44408,short,Overlap,high,84.2160461457787,94.102159031069,False,8.678751522431893,True,2024-10,96,0.04951874124622888,0.09340593937035048,0.04951874124622888,0.11063346783752993,0.04951874124622888,0.144672400895861,0.04951874124622888,0.21078061399937006,,0.21499733594302808,none,none,none,none,none,none,none,none,2024
28554,20959,short,Overlap,high,90.84210526315789,94.102159031069,False,8.678751522431893,True,2023-10,96,0.12121215113246955,0.3341923822396786,0.12121215113246955,0.3341923822396786,0.12121215113246955,0.3341923822396786,0.19701867406893497,0.3341923822396786,85.0,0.19701867406893497,loss,loss,loss,loss,loss,loss,loss,loss,2023
28554,46525,short,Overlap,high,94.12997903563941,94.102159031069,False,8.678751522431893,True,2024-11,96,0.007590289468738228,0.126956887828786,0.09281152223596194,0.126956887828786,0.16996123680731395,0.126956887828786,0.16996123680731395,0.126956887828786,,0.37719582593376483,none,none,none,none,none,none,none,none,2024
28622,8169,short,Other,low,21.661237785016286,16.21333333333333,False,2.295048888064017,False,2023-04,96,0.11185987896263819,0.3289048704476547,0.16917080460398307,0.3293651991676546,1.4288603469134138,0.3293651991676546,1.6624771723188967,0.3293651991676546,59.0,1.6624771723188967,win,win,win,loss,loss,loss,loss,loss,2023
28622,26607,short,Other,low,20.928990923651895,16.21333333333333,False,2.295048888064017,False,2024-01,96,0.4085635169890659,0.7262141661069574,0.4085635169890659,1.1592751624624926,0.7937183314723669,1.1592751624624926,1.4083328693545176,1.1592751624624926,4.0,0.4085635169890659,loss,loss,loss,loss,loss,loss,loss,loss,2024
28622,49633,short,Other,low,9.232544720138488,16.21333333333333,False,2.295048888064017,False,2025-01,96,0.721303283133735,0.027543306533633505,0.721303283133735,1.113329443045338,0.721303283133735,1.113329443045338,3.5205730155822224,1.113329443045338,6.0,0.721303283133735,win,loss,loss,loss,loss,loss,loss,loss,2025
28622,51646,short,Other,low,22.77444019661387,16.21333333333333,False,2.295048888064017,False,2025-02,96,0.19487633828698073,1.238977529725853,0.3378858787270468,1.3740942965805432,0.36945697306863584,2.3776040810088497,0.36945697306863584,3.7868400123625126,3.0,0.19487633828698073,loss,loss,loss,loss,loss,loss,loss,loss,2025
28622,9921,short,Other,low,9.588299024918744,16.21333333333333,False,2.295048888064017,False,2023-05,96,0.29279080026890025,0.388770104961097,0.29279080026890025,0.8996711790951247,0.29279080026890025,0.8996711790951247,0.29279080026890025,1.0344735733257402,26.0,0.29279080026890025,loss,loss,loss,loss,loss,loss,loss,loss,2023
28699,3779,short,Asia,low,18.408229561451,10.161290322580644,False,0.4362961931415066,False,2023-01,96,0.44335364899695145,3.2824953129205436,1.5020877571695446,3.2824953129205436,11.73558507486867,3.503472841442859,17.584496620941906,3.503472841442859,0.0,0.44335364899695145,loss,loss,loss,loss,loss,loss,loss,loss,2023
28699,16511,short,Asia,low,2.914193200215866,10.161290322580644,False,0.4362961931415066,False,2023-08,96,0.5911441827493275,4.125204712113134,0.6231556005879735,4.125204712113134,3.0773643015341716,4.125204712113134,3.696251713077607,8.527841712158612,0.0,0.5911441827493275,ambiguous,loss,loss,loss,loss,loss,loss,loss,2023
28699,59377,short,Asia,low,12.48654467168999,10.161290322580644,False,0.4362961931415066,False,2025-06,96,1.7943171126592985,2.010350310557873,1.7943171126592985,5.6312653585509675,1.7943171126592985,6.783442414009053,3.9119390801045886,6.783442414009053,0.0,1.7943171126592985,ambiguous,ambiguous,ambiguous,loss,loss,loss,loss,loss,2025
28699,13665,short,Asia,low,2.127659574468085,10.161290322580644,False,0.4362961931415066,False,2023-06,96,2.0247799320456363,1.9503098947838982,5.55506223901265,1.9503098947838982,5.55506223901265,1.9503098947838982,15.139557305019178,1.9503098947838982,0.0,0.4387694087333018,loss,loss,loss,loss,loss,loss,loss,loss,2023
28699,41158,short,Asia,low,15.727321524422974,10.161290322580644,False,0.4362961931415066,False,2024-08,96,0.8282860882397513,1.0501144314122006,1.0405939016621093,1.4414082041324634,1.0405939016621093,11.50175199083425,1.0405939016621093,16.343893421624742,0.0,0.02380132437479507,loss,loss,loss,loss,loss,loss,loss,loss,2024
28716,22234,long,London,low,17.011128775834656,10.229088971763451,False,1.5944598715839942,False,2023-11,96,0.18205362852606885,0.33833710872209305,0.38987740538237137,1.5682382201577163,0.768116679260876,1.5761355236782582,0.768116679260876,3.0599972904322317,6.0,0.38987740538237137,loss,loss,loss,loss,loss,loss,loss,loss,2023
28716,70937,long,London,low,0.6878306878306878,10.229088971763451,False,1.5944598715839942,False,2025-11,96,0.18566959420919432,0.8116223551885612,0.18566959420919432,1.5574950476249252,0.18566959420919432,1.5574950476249252,0.2908158160194499,1.5574950476249252,5.0,0.18566959420919432,loss,loss,loss,loss,loss,loss,loss,loss,2025
28716,61749,long,London,low,7.301243915630071,10.229088971763451,False,1.5944598715839942,False,2025-07,96,1.6972522982656593,0.13648383384913,1.6972522982656593,0.13648383384913,1.706957815339327,0.8033337361221353,1.706957815339327,2.3922077603979846,21.0,1.706957815339327,win,win,win,loss,loss,loss,loss,loss,2025
28716,17087,long,London,low,18.327117741076187,10.229088971763451,False,1.5944598715839942,False,2023-08,96,0.6666778172603081,0.6335019069226582,0.6666778172603081,0.694061108332561,1.4902829564349613,0.694061108332561,2.043741397146253,2.2343712311495065,19.0,1.4902829564349613,win,win,loss,loss,loss,loss,loss,loss,2023
28716,17653,long,London,low,3.225806451612903,10.229088971763451,False,1.5944598715839942,False,2023-08,96,0.1853618688429278,0.49299753186969775,1.3001346519891601,1.1765600727605416,3.05099132190151,1.5967136421376968,7.051555726296366,1.5967136421376968,5.0,0.34080568166206143,loss,loss,loss,loss,loss,loss,loss,loss,2023
28818,57933,long,London,low,12.473460721868365,8.05511393746688,False,1.550002689663626,False,2025-05,96,0.5397048210085209,0.06962785273230401,0.8134715741706336,0.16701195340217892,0.8134715741706336,2.3527571702645282,0.8134715741706336,3.1127327281109665,9.0,0.8134715741706336,win,loss,loss,loss,loss,loss,loss,loss,2025
28818,69745,long,London,low,6.305803571428571,8.05511393746688,False,1.550002689663626,False,2025-11,96,1.232353894226215,0.11818295812722442,1.232353894226215,2.2255959856244334,1.232353894226215,2.2255959856244334,2.320383990144668,2.2255959856244334,5.0,1.232353894226215,win,win,loss,loss,loss,loss,loss,loss,2025
28818,34146,long,London,low,11.851851851851853,8.05511393746688,False,1.550002689663626,False,2024-05,96,0.5372444360899349,0.42261455888459554,4.379340041909352,0.42261455888459554,7.091094631202906,0.42261455888459554,7.091094631202906,0.42261455888459554,,17.608851299328105,win,win,win,win,win,win,win,win,2024
28818,48955,long,London,low,16.127292340884576,8.05511393746688,False,1.550002689663626,False,2024-12,96,0.1254751986091923,1.8256764654216995,0.1254751986091923,3.2978530589266972,0.1254751986091923,3.2978530589266972,0.1254751986091923,4.516121097289392,2.0,0.1254751986091923,loss,loss,loss,loss,loss,loss,loss,loss,2024
28818,22964,long,London,low,13.66294524189261,8.05511393746688,False,1.550002689663626,False,2023-11,96,0.025308517524927923,1.0471996024915156,0.025308517524927923,1.6216551983863063,0.025308517524927923,2.8326438859916707,9.522687858133136,2.8326438859916707,3.0,0.025308517524927923,loss,loss,loss,loss,loss,loss,loss,loss,2023
28830,40457,short,Overlap,mid,65.54267650158062,69.98420221169036,False,2.414297695617693,False,2024-08,96,2.36540043713779,0.15545498969409605,2.640944126573952,0.15545498969409605,3.6333266993726965,0.15545498969409605,3.6333266993726965,0.15545498969409605,,4.293758588634579,win,win,win,win,win,win,win,win,2024
28830,15910,short,Overlap,mid,66.63129973474801,69.98420221169036,False,2.414297695617693,False,2023-08,96,1.7701713220884823,0.30365073504692797,1.9908241895559815,0.30365073504692797,2.6606552184224728,0.30365073504692797,2.6737009537059695,0.30365073504692797,,2.6737009537059695,win,win,win,win,win,none,none,none,2023
28830,48146,short,Overlap,mid,64.22851041110518,69.98420221169036,False,2.414297695617693,False,2024-12,96,0.5244764015269742,0.25978837191799703,0.5244764015269742,0.27533945937185517,0.5244764015269742,0.6586844165399446,0.5244764015269742,0.7373984824880463,35.0,0.5244764015269742,win,loss,loss,loss,loss,loss,loss,loss,2024
28830,13718,short,Overlap,mid,63.20254506892895,69.98420221169036,False,2.414297695617693,False,2023-06,96,1.3143775726373026,0.6177202865913259,1.3143775726373026,1.0200584555569794,1.3143775726373026,1.054607059196451,1.3143775726373026,1.054607059196451,7.0,1.3143775726373026,win,win,loss,loss,loss,loss,loss,loss,2023
28830,70859,short,Overlap,mid,60.45168067226891,69.98420221169036,False,2.414297695617693,False,2025-11,96,0.005358578716028173,0.6148856501428275,0.005358578716028173,0.7331346224808151,0.005358578716028173,0.8829947062358552,0.005358578716028173,0.8829947062358552,,0.43093780094231776,none,none,none,none,none,none,none,none,2025
28954,64302,long,Asia,low,17.007534983853606,22.838499184339316,False,1.4699778278619853,False,2025-08,96,1.7754248847110305,0.32560707327973504,1.7754248847110305,0.32560707327973504,1.7754248847110305,0.32560707327973504,2.600131120765019,0.32560707327973504,41.0,2.600131120765019,win,win,win,win,win,loss,loss,loss,2025
28954,3513,long,Asia,low,23.263327948303715,22.838499184339316,False,1.4699778278619853,False,2023-01,96,0.1368836504832623,2.1141385895189897,0.1368836504832623,2.713319476756994,0.5370373894726388,3.0756832508890652,1.3486818569086119,3.102136226289246,0.0,0.1368836504832623,loss,loss,loss,loss,loss,loss,loss,loss,2023
28954,14672,long,Asia,low,26.695842450765866,22.838499184339316,False,1.4699778278619853,False,2023-07,96,0.5167572014043352,0.44154600476433115,1.2110537581426264,0.44154600476433115,1.4515249310733729,2.0281441053136366,2.0787965438672136,2.0516795818132656,12.0,1.4515249310733729,win,win,loss,loss,loss,loss,loss,loss,2023
28954,15328,long,Asia,low,13.261455525606468,22.838499184339316,False,1.4699778278619853,False,2023-07,96,1.0853972511301675,0.28828150990006823,1.0853972511301675,1.3864140887769234,3.1247863261870905,1.3864140887769234,4.382689380430214,1.3864140887769234,5.0,1.0853972511301675,win,win,loss,loss,loss,loss,loss,loss,2023
28954,23931,long,Asia,low,18.899782135076254,22.838499184339316,False,1.4699778278619853,False,2023-12,96,1.3537448924882831,0.12087007968639954,1.3537448924882831,0.26642851607483037,3.8148654512101996,0.5127977423293626,4.963388378613885,3.280465396766706,24.0,4.963388378613885,win,win,win,win,win,win,win,win,2023
28978,44710,long,Other,low,19.228680065181965,16.317767042404725,False,1.5478321601067861,False,2024-10,96,0.17754270492842952,0.1616856212345325,0.607949262330398,0.1616856212345325,4.847453852739769,0.1616856212345325,6.015497964110257,0.1616856212345325,,8.973976721831153,win,win,win,win,win,win,win,win,2024
28978,35374,long,Other,low,15.191256830601093,16.317767042404725,False,1.5478321601067861,False,2024-05,96,0.48381181160723624,0.19120706326987522,0.48381181160723624,0.8656465228037582,0.48381181160723624,1.4470898197472977,0.5799947585854024,2.4016765977388,8.0,0.48381181160723624,loss,loss,loss,loss,loss,loss,loss,loss,2024
28978,44527,long,Other,low,23.995656894679694,16.317767042404725,False,1.5478321601067861,False,2024-10,96,0.15424372958149152,0.21648242748295488,0.15424372958149152,0.8862249375081697,2.2018968905354273,0.8986726770883885,4.237914121012247,0.8986726770883885,,6.31885145519157,win,win,win,win,win,win,win,win,2024
28978,22096,long,Other,low,14.44866920152091,16.317767042404725,False,1.5478321601067861,False,2023-11,96,0.0,0.6591328796578346,0.16097190734497135,0.7237009984814605,0.16097190734497135,1.2093070588007306,0.8510436772725429,1.2093070588007306,11.0,0.16097190734497135,loss,loss,loss,loss,loss,loss,loss,loss,2023
28978,33183,long,Other,low,9.907958852192746,16.317767042404725,False,1.5478321601067861,False,2024-04,96,0.8218176681426684,0.21460003685357362,1.1523480970539364,0.21460003685357362,1.4988511577599175,2.934069411434731,2.55046862527033,2.934069411434731,12.0,1.4988511577599175,win,win,loss,loss,loss,loss,loss,loss,2024
29046,25495,long,Asia,low,0.96514745308311,5.872756933115824,False,1.874607194584905,False,2023-12,96,0.5612244088998645,0.5912579834975453,0.779528152617348,0.5912579834975453,1.6083651590518355,0.5912579834975453,2.0655927126284115,1.883598215812453,20.0,1.6083651590518355,win,win,win,loss,loss,loss,loss,loss,2023
29046,37594,long,Asia,low,7.431340872374798,5.872756933115824,False,1.874607194584905,False,2024-07,96,0.08754044347326971,1.379527198372654,0.28588382588854777,2.315536555511218,0.49249151590447404,2.452662844588516,1.815698988406075,3.624970182011878,3.0,0.08754044347326971,loss,loss,loss,loss,loss,loss,loss,loss,2024
29046,43797,long,Asia,low,13.474025974025974,5.872756933115824,False,1.874607194584905,False,2024-10,96,0.23443204777532062,0.35621842121824876,0.6527534541267813,0.35621842121824876,1.8319036393822092,0.35621842121824876,2.979867910025322,0.35621842121824876,49.0,2.979867910025322,win,win,win,win,win,loss,loss,loss,2024
29046,29696,long,Asia,low,4.823848238482385,5.872756933115824,False,1.874607194584905,False,2024-03,96,0.3994750896753279,0.23107426742475104,0.3994750896753279,0.8965027592304973,1.3384867943282912,1.444214171404694,5.339777528839217,3.8258050880231877,8.0,0.3994750896753279,loss,loss,loss,loss,loss,loss,loss,loss,2024
29046,29411,long,Asia,low,13.997821350762527,5.872756933115824,False,1.874607194584905,False,2024-02,96,1.0726360397559662,0.1265549370812681,1.4598846674540058,0.1265549370812681,1.4598846674540058,0.1265549370812681,3.792382215681734,0.1265549370812681,75.0,3.792382215681734,win,win,win,win,win,win,win,loss,2024
29070,37199,short,Other,low,11.80327868852459,15.351583467525495,False,1.3596306645048624,False,2024-06,96,0.15575285317872786,1.7994747114811567,0.8899082921906171,1.7994747114811567,3.242078807912438,1.7994747114811567,3.57173047774693,1.7994747114811567,3.0,0.15575285317872786,loss,loss,loss,loss,loss,loss,loss,loss,2024
29070,43053,short,Other,low,14.348302300109527,15.351583467525495,False,1.3596306645048624,False,2024-09,96,0.4438104097370951,0.23105593496626164,1.12401468033046,0.23105593496626164,1.4648793764687704,1.0046739086401435,1.4648793764687704,4.7679116613070445,12.0,1.4648793764687704,win,win,loss,loss,loss,loss,loss,loss,2024
29070,12941,short,Other,low,6.775956284153005,15.351583467525495,False,1.3596306645048624,False,2023-06,96,0.48469445975637665,0.5034266127903965,1.1865648187514817,0.5034266127903965,1.9721444866175748,2.0640491124407716,2.2695174160333544,2.764163332088975,8.0,1.1865648187514817,win,win,loss,loss,loss,loss,loss,loss,2023
29070,21822,short,Other,low,18.122626153011396,15.351583467525495,False,1.3596306645048624,False,2023-10,96,0.5632152260572045,0.5197783498707343,0.5632152260572045,0.5676077191547115,0.5632152260572045,1.0532222338227002,2.218209014237473,1.0532222338227002,9.0,0.5632152260572045,win,loss,loss,loss,loss,loss,loss,loss,2023
29070,6236,short,Other,low,23.442622950819672,15.351583467525495,False,1.3596306645048624,False,2023-03,96,0.7447314481027222,0.4998076101552861,1.0380967844981648,0.4998076101552861,1.0380967844981648,1.0276841259533036,1.0380967844981648,1.5926840330853662,15.0,1.0380967844981648,win,win,loss,loss,loss,loss,loss,loss,2023
29247,6344,short,Asia,low,5.742145178764897,14.493534482758621,False,2.470841790424536,False,2023-03,96,0.6645336484677539,0.06910908514947482,0.6645336484677539,0.06910908514947482,1.0182273069619523,0.8232732938329144,1.9767009071134247,0.8232732938329144,,11.880726917746827,win,win,win,win,win,win,win,win,2023
29247,4871,short,Asia,low,16.893732970027248,14.493534482758621,False,2.470841790424536,False,2023-02,96,0.6715141541555496,0.43291925691219607,0.9054489948120708,0.43291925691219607,0.9054489948120708,0.43291925691219607,1.1547620222050383,1.067851966861458,24.0,1.1547620222050383,win,win,loss,loss,loss,loss,loss,loss,2023
29247,65038,short,Asia,low,6.996770721205597,14.493534482758621,False,2.470841790424536,False,2025-08,96,0.6400051741555166,0.07277180502623337,1.0694291347327587,0.07277180502623337,1.1680402038624849,0.07277180502623337,1.4355732648524968,0.22640117119261058,41.0,1.6218972100886404,win,win,win,loss,loss,loss,loss,loss,2025
29247,49094,short,Asia,low,7.4074074074074066,14.493534482758621,False,2.470841790424536,False,2024-12,96,0.14245775640611788,0.4781447672585902,0.15324437503738808,0.4781447672585902,0.35688829574842595,0.5039954567370054,0.547699859811924,0.5897304772373291,51.0,0.8971491082285299,win,loss,loss,loss,loss,loss,loss,loss,2024
29247,54229,short,Asia,low,9.73499188750676,14.493534482758621,False,2.470841790424536,False,2025-03,96,0.3010577630050152,0.21041671607872153,0.7516143956155731,0.21041671607872153,0.7516143956155731,0.5119159127537881,0.7516143956155731,1.9448096058830782,25.0,0.7516143956155731,win,loss,loss,loss,loss,loss,loss,loss,2025
29397,70043,long,New York,mid,63.85410996189439,54.70219435736677,False,1.965250754334556,False,2025-11,96,0.04080802021815911,2.622977046149039,0.04080802021815911,2.622977046149039,0.04080802021815911,2.622977046149039,0.37281173221928554,2.622977046149039,1.0,0.04080802021815911,loss,loss,loss,loss,loss,loss,loss,loss,2025
29397,16302,long,New York,mid,52.34375,54.70219435736677,False,1.965250754334556,False,2023-08,96,0.38276557435281455,0.17922655150885508,0.4394946741346776,0.17922655150885508,0.5757068532814358,0.19325297727913487,0.5766419483327642,1.5877913971931212,25.0,0.5766419483327642,win,loss,loss,loss,loss,loss,loss,loss,2023
29397,33721,long,New York,mid,53.76623376623376,54.70219435736677,False,1.965250754334556,False,2024-05,96,0.07064497691203671,0.32898140539858367,0.18286882399924015,0.45893166735670254,0.18286882399924015,0.5097647688247645,0.2983512032318451,0.5506919325708983,58.0,0.6105185827601712,win,loss,loss,loss,loss,loss,loss,loss,2024
29397,9166,long,New York,mid,63.88744137571651,54.70219435736677,False,1.965250754334556,False,2023-04,96,0.5099219436084682,0.05257118762887726,0.5359288915520891,0.05257118762887726,0.5359288915520891,0.05257118762887726,0.8801494239770663,0.43394450283039543,,3.4245577524307675,win,win,win,win,win,win,none,none,2023
29397,29308,long,New York,mid,50.91288471570161,54.70219435736677,False,1.965250754334556,False,2024-02,96,0.06049617456958589,0.9064924168487847,0.06049617456958589,1.068660172763095,0.06049617456958589,1.9526644828347353,0.06049617456958589,1.9526644828347353,7.0,0.06049617456958589,loss,loss,loss,loss,loss,loss,loss,loss,2024
29528,41956,short,Other,low,0.6001091107474086,6.018269747447609,False,1.9621342287197174,False,2024-09,96,0.5524214789530514,0.11790441355002103,1.2019961946712387,0.11790441355002103,1.329961784844243,0.37635088805170375,1.329961784844243,1.4425211983132418,21.0,1.329961784844243,win,win,loss,loss,loss,loss,loss,loss,2024
29528,14025,short,Other,low,0.32876712328767127,6.018269747447609,False,1.9621342287197174,False,2023-07,96,0.8248622948315296,0.08584322719471714,0.8248622948315296,0.10646478456545358,0.8248622948315296,0.8354128590677152,0.8248622948315296,1.7657807962614287,24.0,0.8248622948315296,win,loss,loss,loss,loss,loss,loss,loss,2023
29528,45908,short,Other,low,9.495387954422139,6.018269747447609,False,1.9621342287197174,False,2024-11,96,2.461556378041653,0.0,3.0975215106852754,0.9460247417531423,3.5650942392967333,0.9460247417531423,10.491887398413244,0.9460247417531423,,22.076906385922207,win,win,win,win,win,win,win,win,2024
29528,44622,short,Other,low,0.7046070460704607,6.018269747447609,False,1.9621342287197174,False,2024-10,96,0.08431635246086305,0.4866680694673298,0.08431635246086305,1.478642559998641,0.08431635246086305,3.1741408615897693,0.08431635246086305,3.4146643512413024,5.0,0.08431635246086305,loss,loss,loss,loss,loss,loss,loss,loss,2024
29528,27115,short,Other,low,8.638600328048113,6.018269747447609,False,1.9621342287197174,False,2024-01,96,0.30102749419284275,0.34647879993628994,0.30102749419284275,0.7114877475987778,0.5244381431931812,1.0730004409732348,0.5244381431931812,5.890838849774583,13.0,0.5244381431931812,win,loss,loss,loss,loss,loss,loss,loss,2024
29599,60924,long,Asia,low,28.293736501079913,21.684782608695652,False,1.5436242046146567,False,2025-06,96,1.0193478998660805,0.697796788225019,1.0193478998660805,1.0518411763510667,1.0193478998660805,1.797863279902214,1.0193478998660805,3.61675162105949,6.0,1.0193478998660805,win,win,loss,loss,loss,loss,loss,loss,2025
29599,12226,long,Asia,low,15.289032955159373,21.684782608695652,False,1.5436242046146567,False,2023-06,96,0.7364200607521075,0.9094586542622489,0.7364200607521075,1.4992206822719871,0.7364200607521075,1.8873279152609423,2.37380334094297,1.8873279152609423,4.0,0.7364200607521075,win,loss,loss,loss,loss,loss,loss,loss,2023
29599,33555,long,Asia,low,24.743381955699622,21.684782608695652,False,1.5436242046146567,False,2024-05,96,0.5655106585162469,0.19152306055008575,0.5655106585162469,0.19152306055008575,0.5655106585162469,1.154961699601132,0.6136071027760044,1.154961699601132,12.0,0.5655106585162469,win,loss,loss,loss,loss,loss,loss,loss,2024
29599,40153,long,Asia,low,17.914438502673796,21.684782608695652,False,1.5436242046146567,False,2024-08,96,0.4093055396188177,0.6520799038044415,1.571763368131717,0.6520799038044415,1.9123497178880924,0.6520799038044415,3.450004291051584,0.6520799038044415,,4.423860547387318,win,win,win,win,win,win,win,win,2024
29599,46749,long,Asia,low,29.41810344827586,21.684782608695652,False,1.5436242046146567,False,2024-11,96,0.135162903385133,0.871706207321839,0.135162903385133,0.9886741044820937,0.3766602587342218,1.5957256758048328,2.709401836039926,1.7304159816258005,15.0,0.3766602587342218,loss,loss,loss,loss,loss,loss,loss,loss,2024
30355,7089,short,Asia,mid,45.44474393530997,51.075268817204304,False,1.4577007005758085,False,2023-03,96,0.028697197059113874,1.494142220568734,0.33756966014356343,1.494142220568734,0.5811182404486228,2.0420321275804114,0.5811182404486228,6.4183546791070825,3.0,0.028697197059113874,loss,loss,loss,loss,loss,loss,loss,loss,2023
30355,71161,short,Asia,mid,44.613710554951034,51.075268817204304,False,1.4577007005758085,False,2025-12,96,0.29526935796075776,0.3481561534058932,0.29526935796075776,0.7894589465402662,1.2402777028690204,0.8652206535100971,3.2819093062711584,0.8652206535100971,41.0,3.2819093062711584,win,win,win,win,win,win,loss,loss,2025
30355,60651,short,Asia,mid,52.345013477088955,51.075268817204304,False,1.4577007005758085,False,2025-06,96,2.255373772013523,0.23699501623650115,2.255373772013523,0.23699501623650115,2.255373772013523,0.23699501623650115,4.995769873946728,0.23699501623650115,,4.996833227917538,win,win,win,win,win,win,win,win,2025
30355,7097,short,Asia,mid,49.704777241009126,51.075268817204304,False,1.4577007005758085,False,2023-03,96,0.7716502962416776,1.1336192171659443,1.3585493593061262,1.1336192171659443,1.3585493593061262,1.1336192171659443,1.3585493593061262,10.981398055906942,0.0,0.15318209042080394,loss,loss,loss,loss,loss,loss,loss,loss,2023
30355,7552,short,Asia,mid,47.72605671482076,51.075268817204304,False,1.4577007005758085,False,2023-03,96,1.315692731838424,0.8150954249533491,1.6428722256353216,0.8150954249533491,2.925593380579469,0.8150954249533491,2.925593380579469,3.97561129090444,17.0,2.925593380579469,win,win,win,win,win,loss,loss,loss,2023
30631,39407,long,Asia,mid,43.46883468834689,35.537634408602145,False,3.4106052025359013,False,2024-07,96,0.39043145850924316,0.1940353289337255,0.5794079289250398,0.1940353289337255,0.9882761162553599,0.1940353289337255,1.0410006639204499,0.1940353289337255,,4.04540052820482,win,win,win,win,win,win,win,win,2024
30631,36138,long,Asia,mid,45.425188374596345,35.537634408602145,False,3.4106052025359013,False,2024-06,96,0.6432408833868654,0.30135423729397715,0.7389775885446742,0.30135423729397715,0.7389775885446742,0.30135423729397715,1.9158951877838517,0.30135423729397715,,2.448094159565357,win,win,win,win,none,none,none,none,2024
30631,49915,long,Asia,mid,37.492811960897065,35.537634408602145,False,3.4106052025359013,False,2025-01,96,0.34916624551333264,0.08850474654634223,0.34916624551333264,0.21664020858286379,0.4628590269776107,0.31253960758220306,1.0203464970641591,0.31253960758220306,,2.3349770534672833,win,win,win,win,none,none,none,none,2025
30631,22215,long,Asia,mid,35.01070663811563,35.537634408602145,False,3.4106052025359013,False,2023-11,96,0.11658180556605903,0.28790923977140687,0.2648237337187015,0.37926188515130976,0.597914606764638,0.37926188515130976,0.7390659866296491,0.37926188515130976,57.0,0.7390659866296491,win,loss,loss,loss,loss,loss,loss,loss,2023
30631,11769,long,Asia,mid,40.668824163969795,35.537634408602145,False,3.4106052025359013,False,2023-05,96,0.28572369902651923,0.492717561352308,0.6813411284478679,0.492717561352308,2.0981501480753675,0.492717561352308,4.462505556495204,0.492717561352308,,4.943577662835501,win,win,win,win,win,win,win,win,2023
30705,32641,short,Asia,mid,50.942380183091004,59.71769815418024,False,2.5681923437439313,False,2024-04,96,0.49521187321476023,0.09142013334608816,0.5166055872842362,0.09142013334608816,1.4519668237317134,0.09142013334608816,1.4519668237317134,1.0778690913692455,26.0,1.4519668237317134,win,win,loss,loss,loss,loss,loss,loss,2024
30705,56428,short,Asia,mid,67.96326310102647,59.71769815418024,False,2.5681923437439313,False,2025-04,96,0.35575987056445013,0.4962705395428734,0.35575987056445013,0.6456362209539241,0.35575987056445013,0.6743732424334618,0.35575987056445013,1.2736181089446463,21.0,0.35575987056445013,loss,loss,loss,loss,loss,loss,loss,loss,2025
30705,71067,short,Asia,mid,64.43355119825708,59.71769815418024,False,2.5681923437439313,False,2025-12,96,0.015021814441905172,0.2563603063440109,0.8888056796439356,0.5303959811780582,0.8888056796439356,0.5303959811780582,0.8888056796439356,1.2180262835804931,26.0,0.8888056796439356,win,loss,loss,loss,loss,loss,loss,loss,2025
30705,68879,short,Asia,mid,62.31470923603193,59.71769815418024,False,2.5681923437439313,False,2025-10,96,0.9163138079759696,0.018690423577131337,0.9163138079759696,0.018690423577131337,1.9332512084904234,0.018690423577131337,4.413912596182081,0.018690423577131337,,4.413912596182081,win,win,win,win,win,win,win,win,2025
30705,59013,short,Asia,mid,52.95381310418904,59.71769815418024,False,2.5681923437439313,False,2025-05,96,0.1965866775310181,0.5842674358306853,0.1965866775310181,0.9372422255763175,0.1965866775310181,1.5592938984762024,0.1965866775310181,2.9134906123498268,15.0,0.1965866775310181,loss,loss,loss,loss,loss,loss,loss,loss,2025
30904,19539,short,Asia,low,12.737127371273713,14.293361884368307,False,1.2146142503689474,False,2023-09,96,0.44105972920672676,0.4641216758322521,0.44105972920672676,1.518244819492267,3.8705633752619866,1.5374631083465802,3.8705633752619866,1.9641091209126813,6.0,0.44105972920672676,loss,loss,loss,loss,loss,loss,loss,loss,2023
30904,42623,short,Asia,low,23.760775862068968,14.293361884368307,False,1.2146142503689474,False,2024-09,96,0.0,3.149180328924844,0.0,3.4508274154082708,2.1992398833750153,3.4508274154082708,3.646840819267292,3.4508274154082708,1.0,0.0,loss,loss,loss,loss,loss,loss,loss,loss,2024
30904,18518,short,Asia,low,23.03921568627451,14.293361884368307,False,1.2146142503689474,False,2023-09,96,0.7702587856131385,2.5101961071603744,0.7702587856131385,3.313691517826912,0.7702587856131385,5.436680943114738,0.7702587856131385,8.6639572358027,2.0,0.7702587856131385,win,loss,loss,loss,loss,loss,loss,loss,2023
30904,51121,short,Asia,low,22.17810550198525,14.293361884368307,False,1.2146142503689474,False,2025-01,96,0.6112513584552492,0.7613832710585182,1.6757581101980665,0.8064228448395151,2.1640442830928417,1.5570824078548846,2.1640442830928417,4.92790130272875,10.0,2.1640442830928417,win,win,win,win,loss,loss,loss,loss,2025
30904,53867,short,Asia,low,19.35309973045822,14.293361884368307,False,1.2146142503689474,False,2025-03,96,0.6193052381781734,0.2875248782248233,1.4319227646434414,1.0860240915005475,1.4319227646434414,3.050641673025128,1.4319227646434414,4.8881944358440625,7.0,1.4319227646434414,win,win,loss,loss,loss,loss,loss,loss,2025
30917,69188,short,London,mid,34.69501958589815,33.811802232854866,False,1.3637147622613865,False,2025-10,96,0.9367474902267505,0.08048330013328898,0.9367474902267505,0.9739374479223037,0.9367474902267505,1.878214931320771,3.3178813243015486,1.878214931320771,8.0,0.9367474902267505,win,loss,loss,loss,loss,loss,loss,loss,2025
30917,56920,short,London,mid,43.60063728093468,33.811802232854866,False,1.3637147622613865,False,2025-04,96,0.5590734502289031,0.6022650889039524,0.5590734502289031,1.7639333352022333,0.5590734502289031,2.6280958158686443,0.5590734502289031,6.691077215812106,4.0,0.5590734502289031,win,loss,loss,loss,loss,loss,loss,loss,2025
30917,14713,short,London,mid,42.32209737827715,33.811802232854866,False,1.3637147622613865,False,2023-07,96,3.7458863242844043,1.6855004744074467,3.7458863242844043,1.6855004744074467,3.7458863242844043,1.6855004744074467,3.7458863242844043,1.6855004744074467,1.0,0.9332568647906796,win,loss,loss,loss,loss,loss,loss,loss,2023
30917,15538,short,London,mid,33.545986177565126,33.811802232854866,False,1.3637147622613865,False,2023-07,96,1.106315084695501,0.5181196331814732,2.0001956020054728,0.5181196331814732,5.257341709216051,0.5181196331814732,5.257341709216051,2.777099162729199,29.0,5.257341709216051,win,win,win,win,win,win,win,win,2023
30917,13969,short,London,mid,35.57227297152068,33.811802232854866,False,1.3637147622613865,False,2023-07,96,2.215254245767383,0.26546235002855145,2.584866970351002,0.26546235002855145,2.584866970351002,0.26546235002855145,2.584866970351002,7.407755942767579,21.0,2.584866970351002,win,win,win,win,win,loss,loss,loss,2023
31117,65995,long,Overlap,high,70.34300791556728,73.1681602530311,False,2.68100091990243,False,2025-09,96,0.026824517901481222,0.6629367490185549,0.026824517901481222,0.6629367490185549,0.0725442936958577,0.6629367490185549,0.0725442936958577,1.0951657733182463,30.0,0.0725442936958577,loss,loss,loss,loss,loss,loss,loss,loss,2025
31117,28471,long,Overlap,high,79.91565629942014,73.1681602530311,False,2.68100091990243,False,2024-02,96,0.4179480023608448,0.008377237656659544,0.9553097196819508,0.008377237656659544,1.1700716305160428,0.008377237656659544,1.1700716305160428,0.008377237656659544,82.0,2.789772453076308,win,win,win,win,win,loss,loss,loss,2024
31117,30845,long,Overlap,high,80.74697527617045,73.1681602530311,False,2.68100091990243,False,2024-03,96,0.0,1.0602388112796455,0.0,1.0602388112796455,0.1377727515260892,1.0602388112796455,0.5222283966514633,1.0602388112796455,2.0,0.0,loss,loss,loss,loss,loss,loss,loss,loss,2024
31117,60955,long,Overlap,high,82.8996282527881,73.1681602530311,False,2.68100091990243,False,2025-06,96,0.31237603747849413,0.9178827654980493,0.4231570657872006,0.9178827654980493,0.45292721183106305,0.9178827654980493,0.7038985642372698,0.9178827654980493,34.0,0.7038985642372698,win,loss,loss,loss,loss,loss,loss,loss,2025
31117,43024,long,Overlap,high,79.72472207517205,73.1681602530311,False,2.68100091990243,False,2024-09,96,0.32018037660437837,0.41149573614027324,0.32018037660437837,0.6332316551050465,0.32018037660437837,0.6332316551050465,0.32018037660437837,0.6460220958207271,,1.607926141447917,win,win,win,none,none,none,none,none,2024
31259,9480,short,Asia,mid,42.466487935656836,36.38814016172507,False,1.2858421096659858,False,2023-04,96,0.4330340017108844,0.7470403327944065,0.4330340017108844,1.8621217804810346,1.7030403540236072,1.9800158542453061,6.005418315175698,1.9800158542453061,5.0,0.4330340017108844,loss,loss,loss,loss,loss,loss,loss,loss,2023
31259,32173,short,Asia,mid,45.91671173607355,36.38814016172507,False,1.2858421096659858,False,2024-04,96,2.1738665768472125,0.33459975111501616,2.1738665768472125,0.33459975111501616,2.1738665768472125,0.6467945849746175,2.1738665768472125,2.360770755003192,16.0,2.1738665768472125,win,win,win,win,loss,loss,loss,loss,2024
31259,7906,short,Asia,mid,38.16711590296496,36.38814016172507,False,1.2858421096659858,False,2023-03,96,0.40138408736830933,0.401017526557936,0.547275289900316,0.6312177154778114,0.547275289900316,2.3038346932509537,0.547275289900316,4.532524420373539,13.0,0.547275289900316,win,loss,loss,loss,loss,loss,loss,loss,2023
31259,21654,short,Asia,mid,34.3733189887036,36.38814016172507,False,1.2858421096659858,False,2023-10,96,0.1362390861723789,0.7164999116642415,0.1362390861723789,1.4624202239968656,0.23853155618892394,1.4624202239968656,2.7673281490302997,1.4624202239968656,4.0,0.1362390861723789,loss,loss,loss,loss,loss,loss,loss,loss,2023
31259,32197,short,Asia,mid,44.68766684463428,36.38814016172507,False,1.2858421096659858,False,2024-04,96,1.4652562911875069,0.1673202912097689,1.9247852204632372,0.1673202912097689,4.1676595556904195,0.1673202912097689,11.885759391403772,0.1673202912097689,,11.885759391403772,win,win,win,win,win,win,win,win,2024
31852,45777,short,Overlap,mid,58.96624472573839,53.744725738396625,False,3.087835245597948,False,2024-11,96,0.5811862511881511,0.45376856282881484,0.6756303818057716,0.45376856282881484,1.3448189096156362,0.45376856282881484,1.3448189096156362,0.45376856282881484,,2.114347502208906,win,win,win,win,none,none,none,none,2024
31852,17568,short,Overlap,mid,52.002107481559534,53.744725738396625,False,3.087835245597948,False,2023-08,96,0.8019131098469745,0.15792207965184962,2.6576093885890866,1.1671918011663454,3.008572197333817,1.1671918011663454,3.008572197333817,1.1671918011663454,5.0,1.2750082918069023,win,ambiguous,loss,loss,loss,loss,loss,loss,2023
31852,29370,short,Overlap,mid,47.80074191838898,53.744725738396625,False,3.087835245597948,False,2024-02,96,1.7713837271414783,0.02624427709999781,1.8996657536062416,0.02624427709999781,1.8996657536062416,0.02624427709999781,1.8996657536062416,0.02624427709999781,71.0,1.8996657536062416,win,win,win,loss,loss,loss,loss,loss,2024
31852,66727,short,Overlap,mid,62.92966684294024,53.744725738396625,False,3.087835245597948,False,2025-09,96,0.6453608913021363,0.19696124041991242,1.3839136927783753,0.19696124041991242,2.1117508072538684,0.19696124041991242,3.132990345155859,0.19696124041991242,,3.132990345155859,win,win,win,win,win,win,none,none,2025
31852,26356,short,Overlap,mid,54.531085353003164,53.744725738396625,False,3.087835245597948,False,2024-01,96,0.36728222015715023,0.4610100270815438,0.912367024214081,0.4610100270815438,0.9438172185641217,0.4610100270815438,1.600690337191931,0.4610100270815438,90.0,1.600690337191931,win,win,win,loss,loss,loss,loss,loss,2024
32269,26135,long,Asia,mid,56.52874798495433,63.84241770102537,False,2.1164218740921155,False,2024-01,96,0.0,0.5331968783188633,0.0,2.2526376417354363,0.0,2.2526376417354363,0.0,4.583586446953217,4.0,0.0,loss,loss,loss,loss,loss,loss,loss,loss,2024
32269,43176,long,Asia,mid,68.2283252557889,63.84241770102537,False,2.1164218740921155,False,2024-09,96,0.39734205717904947,0.5515725275062641,0.39734205717904947,0.8760710389331519,0.39734205717904947,0.8760710389331519,1.3401114044654914,0.8760710389331519,43.0,1.5411056325594543,win,win,win,loss,loss,loss,loss,loss,2024
32269,45725,long,Asia,mid,62.25596529284165,63.84241770102537,False,2.1164218740921155,False,2024-11,96,0.560985607839648,0.3747663189301911,0.560985607839648,0.3747663189301911,0.7205134653386809,0.3747663189301911,1.08984838834237,0.5496572677642756,,1.6227459201048418,win,win,win,none,none,none,none,none,2024
32269,21746,long,Asia,mid,64.01291016675631,63.84241770102537,False,2.1164218740921155,False,2023-10,96,0.1281054168304841,0.2930227350490812,0.1281054168304841,0.5734242467651197,0.1281054168304841,1.6506456582412679,0.1281054168304841,2.5099406135000493,13.0,0.1281054168304841,loss,loss,loss,loss,loss,loss,loss,loss,2023
32269,46212,long,Asia,mid,54.195617316942815,63.84241770102537,False,2.1164218740921155,False,2024-11,96,0.12520638503836554,0.6885567657804323,0.12520638503836554,0.8889810041584968,0.33659989369516125,1.9349792771636727,0.33659989369516125,8.700981888930402,9.0,0.12520638503836554,loss,loss,loss,loss,loss,loss,loss,loss,2024
32766,53974,long,London,low,19.25133689839572,21.11111111111111,False,2.2282591583728957,True,2025-03,96,1.2019702306402764,0.09092812057159266,1.2019702306402764,0.6592665723697275,1.2019702306402764,0.8059880670897045,3.12065912973287,1.7237136753793807,19.0,1.2019702306402764,win,win,loss,loss,loss,loss,loss,loss,2025
32766,69914,long,London,low,20.540236353404616,21.11111111111111,False,2.2282591583728957,True,2025-11,96,0.15084407951313553,0.6737829191383893,0.15084407951313553,0.8345309028619791,0.5294779558667779,0.8345309028619791,4.230935181394375,0.8345309028619791,,6.8767377965919385,win,win,win,win,win,win,win,win,2025
32766,54816,long,London,low,14.45910290237467,21.11111111111111,False,2.2282591583728957,True,2025-03,96,0.4055076219270708,1.0880517264216683,1.6273010985538268,1.0880517264216683,2.5041989779769636,1.0880517264216683,2.5041989779769636,1.0880517264216683,1.0,0.20011850554080104,loss,loss,loss,loss,loss,loss,loss,loss,2025
32766,63401,long,London,low,23.068726691529033,21.11111111111111,False,2.2282591583728957,True,2025-08,96,0.1808394970044433,0.5181663993847986,0.1808394970044433,1.47380587678191,0.1808394970044433,3.301653701085618,1.9749690405917992,3.5219752874758723,5.0,0.1808394970044433,loss,loss,loss,loss,loss,loss,loss,loss,2025
32766,10426,long,London,low,22.316234796404018,21.11111111111111,False,2.2282591583728957,True,2023-05,96,0.497449507311985,0.06328874138829589,0.497449507311985,1.0632508553233826,0.497449507311985,2.0184045403555793,1.7108212572083668,2.0184045403555793,7.0,0.497449507311985,loss,loss,loss,loss,loss,loss,loss,loss,2023
32817,50728,short,Asia,low,14.269141531322504,20.930232558139537,False,1.8434384998193145,False,2025-01,96,0.42564203362507885,1.4128301201585003,0.42564203362507885,1.4624623719425724,0.42564203362507885,1.750121548513374,0.42564203362507885,3.762696365623596,2.0,0.42564203362507885,loss,loss,loss,loss,loss,loss,loss,loss,2025
32817,21666,short,Asia,low,23.142704436130412,20.930232558139537,False,1.8434384998193145,False,2023-10,96,0.9666278942780075,0.271731413911254,1.1003706995624227,0.271731413911254,1.2988620058178737,0.271731413911254,4.266678542129791,0.271731413911254,46.0,4.266678542129791,win,win,win,win,win,win,win,win,2023
32817,49927,short,Asia,low,24.10051399200457,20.930232558139537,False,1.8434384998193145,False,2025-01,96,0.8263774973335121,0.4847638177405501,0.8263774973335121,0.4847638177405501,0.8263774973335121,1.9122294573458432,0.8263774973335121,3.414000226702776,9.0,0.8263774973335121,win,loss,loss,loss,loss,loss,loss,loss,2025
32817,41353,short,Asia,low,26.94770544290288,20.930232558139537,False,1.8434384998193145,False,2024-08,96,0.2464953555328095,1.1078770156690374,0.2464953555328095,1.1078770156690374,0.32762040925254016,1.134502674325685,2.5960017190292057,1.134502674325685,1.0,0.2464953555328095,loss,loss,loss,loss,loss,loss,loss,loss,2024
32817,72433,short,Asia,low,24.753018660812295,20.930232558139537,False,1.8434384998193145,False,2025-12,87,0.08494560721497597,1.3334952422574644,0.08494560721497597,2.546659251572426,0.08494560721497597,3.7240355257766034,0.08494560721497597,6.1053272934806495,3.0,0.08494560721497597,loss,loss,loss,loss,loss,loss,loss,loss,2025
33007,55879,short,Asia,high,90.18338727076592,86.90026954177897,False,5.686914573709429,False,2025-04,96,0.051434409057247395,0.5828924666722062,0.051434409057247395,0.8089448443202272,0.051434409057247395,0.8225620116102108,0.051434409057247395,0.8225620116102108,49.0,0.051434409057247395,loss,loss,loss,loss,loss,loss,loss,loss,2025
33007,63097,short,Asia,high,79.25764192139738,86.90026954177897,False,5.686914573709429,False,2025-07,96,0.0,0.29676523855438414,0.0,0.47205702917851344,0.0,0.5801248884698177,0.0,1.2166159654274316,29.0,0.0,loss,loss,loss,loss,loss,loss,loss,loss,2025
33007,68065,short,Asia,high,90.75268817204301,86.90026954177897,False,5.686914573709429,False,2025-10,96,0.07103226844526896,0.13387133848250596,0.19032155492968986,0.13387133848250596,0.19032155492968986,0.31224371191375055,0.3473916125000782,0.637614952962145,90.0,0.3473916125000782,loss,loss,loss,loss,loss,loss,loss,loss,2025
33007,24103,short,Asia,high,90.95394736842105,86.90026954177897,False,5.686914573709429,False,2023-12,96,0.04371060624234225,0.19963698989512838,0.04371060624234225,0.23700344689589664,0.22501358686138456,0.23700344689589664,0.6353461754213321,0.31074690642858865,,1.425687483230642,win,win,none,none,none,none,none,none,2023
33007,68344,short,Asia,high,89.72332015810277,86.90026954177897,False,5.686914573709429,False,2025-10,96,0.0806308337191075,0.49353011963503046,0.0806308337191075,0.5370790761838461,0.0806308337191075,0.5835352519027988,0.0806308337191075,1.596345146679918,23.0,0.0806308337191075,loss,loss,loss,loss,loss,loss,loss,loss,2025
33121,19194,short,London,low,28.693790149892934,24.77357485348961,False,1.6080953943379845,False,2023-09,96,0.0,1.7258801892318985,0.0,2.3122944988816756,0.0,3.1508541298579114,0.0,11.278530797957934,3.0,0.0,loss,loss,loss,loss,loss,loss,loss,loss,2023
33121,13616,short,London,low,16.631130063965884,24.77357485348961,False,1.6080953943379845,False,2023-06,96,1.8397091525450375,0.0022967654838767153,1.8397091525450375,3.095121166004727,5.599973602665986,3.3096390621940706,5.803467024533013,3.3096390621940706,4.0,1.8397091525450375,win,win,win,loss,loss,loss,loss,loss,2023
33121,27348,short,London,low,18.317358892438765,24.77357485348961,False,1.6080953943379845,False,2024-01,96,1.7733434313708696,0.1114763369698774,2.059545090825267,0.1114763369698774,3.5640803337583447,2.6596198408969363,3.5640803337583447,2.6596198408969363,8.0,3.5640803337583447,win,win,win,win,ambiguous,ambiguous,ambiguous,loss,2024
33121,37418,short,London,low,17.962466487935657,24.77357485348961,False,1.6080953943379845,False,2024-06,96,0.18594527394422924,1.1041666685208884,0.36442786130851434,1.1041666685208884,0.36442786130851434,2.7204602035734204,1.729166669570528,3.548818413919785,0.0,0.17319651770386255,loss,loss,loss,loss,loss,loss,loss,loss,2024
33121,33322,short,London,low,19.904963041182683,24.77357485348961,False,1.6080953943379845,False,2024-04,96,0.7583960999637029,1.2999832115337229,1.4575833195628587,1.2999832115337229,3.682269927378319,1.2999832115337229,3.682269927378319,1.2999832115337229,3.0,0.7583960999637029,win,loss,loss,loss,loss,loss,loss,loss,2024
33197,30800,short,Asia,mid,30.81896551724138,38.63514239656099,False,3.1317062002694063,False,2024-03,96,0.4571343679043775,0.04132288071452553,0.5742158632621672,0.04132288071452553,1.8311201516623024,0.04132288071452553,3.291195270242172,0.04132288071452553,,3.291195270242172,win,win,win,win,win,win,none,none,2024
33197,45379,short,Asia,mid,38.31725616291533,38.63514239656099,False,3.1317062002694063,False,2024-10,96,0.31702263371534706,0.3583627765377623,0.616188282661212,0.3583627765377623,0.9414055600721337,0.3583627765377623,0.9473986577002373,0.3583627765377623,36.0,0.9473986577002373,win,loss,loss,loss,loss,loss,loss,loss,2024
33197,26581,short,Asia,mid,36.70817541959935,38.63514239656099,False,3.1317062002694063,False,2024-01,96,0.07344517209994834,0.6206733488732307,0.07344517209994834,1.498492863851674,0.07344517209994834,1.791216787185146,0.07344517209994834,1.8956604012265765,5.0,0.07344517209994834,loss,loss,loss,loss,loss,loss,loss,loss,2024
33197,13122,short,Asia,mid,37.328954570333885,38.63514239656099,False,3.1317062002694063,False,2023-06,96,0.2302909997631586,0.19589560580711926,0.2302909997631586,0.26883756195526387,0.5801751796608403,0.3431632408488237,0.5801751796608403,1.365932024346347,20.0,0.5801751796608403,win,loss,loss,loss,loss,loss,loss,loss,2023
33197,32102,short,Asia,mid,43.79679144385027,38.63514239656099,False,3.1317062002694063,False,2024-04,96,0.4562492705357797,0.08286112700758241,0.4562492705357797,1.3285999280880973,0.4562492705357797,2.3970723552915696,0.4562492705357797,2.3970723552915696,5.0,0.4562492705357797,loss,loss,loss,loss,loss,loss,loss,loss,2024
33285,36759,long,Asia,low,0.9264305177111717,6.462035541195476,False,1.419914186583812,False,2024-06,96,0.5213807784699833,0.9232955675424432,0.9138532384836678,0.9232955675424432,1.2398188590388681,0.9232955675424432,2.5543552784570003,0.9232955675424432,41.0,2.5543552784570003,win,win,win,win,win,loss,loss,loss,2024
33285,47744,long,Asia,low,4.241435562805873,6.462035541195476,False,1.419914186583812,False,2024-12,96,0.8637500940570377,0.5066254318004951,0.8637500940570377,2.5701408891798585,0.8637500940570377,3.419721664653441,0.8637500940570377,4.651584872113646,4.0,0.8637500940570377,win,loss,loss,loss,loss,loss,loss,loss,2024
33285,8196,long,Asia,low,9.791332263242374,6.462035541195476,False,1.419914186583812,False,2023-04,96,0.3361413475914542,0.7032613338191541,1.2483929002707432,1.3015651904674632,2.100999014381586,1.3015651904674632,3.9088568810698607,1.3015651904674632,4.0,1.0259940169262207,ambiguous,ambiguous,loss,loss,loss,loss,loss,loss,2023
33285,22305,long,Asia,low,4.983922829581994,6.462035541195476,False,1.419914186583812,False,2023-11,96,0.6172090883431899,1.2531214823938572,0.6172090883431899,3.5741413874343717,0.6172090883431899,5.404048684545943,0.6172090883431899,9.948951971437042,3.0,0.6172090883431899,win,loss,loss,loss,loss,loss,loss,loss,2023
33285,62089,long,Asia,low,3.844041735310269,6.462035541195476,False,1.419914186583812,False,2025-07,96,0.48465082505223345,1.294221087575772,0.48465082505223345,1.9748156955304113,1.6255893077752457,1.9748156955304113,2.492454524539699,1.9748156955304113,2.0,0.48465082505223345,loss,loss,loss,loss,loss,loss,loss,loss,2025
33373,4509,short,Asia,low,20.912547528517113,25.526173772261195,False,0.9452832809225294,False,2023-02,96,1.140577340255927,0.9686431764382296,1.140577340255927,1.2422848737820051,1.140577340255927,1.2422848737820051,1.4662836083332604,2.687984814615891,7.0,1.140577340255927,win,win,loss,loss,loss,loss,loss,loss,2023
33373,45480,short,Asia,low,27.14666666666667,25.526173772261195,False,0.9452832809225294,False,2024-10,96,2.8841906864786444,0.4378212666162305,3.251770942800934,0.4378212666162305,3.251770942800934,0.4378212666162305,7.005571192302708,0.4378212666162305,41.0,7.005571192302708,win,win,win,win,win,win,win,win,2024
33373,54225,short,Asia,low,22.1680216802168,25.526173772261195,False,0.9452832809225294,False,2025-03,96,1.2887206591479734,0.01756707550644247,1.619684361688148,0.01756707550644247,2.695492065698735,0.01756707550644247,2.695492065698735,2.6171429089403024,28.0,2.695492065698735,win,win,win,win,win,loss,loss,loss,2025
33373,25479,short,Asia,low,19.740400216333153,25.526173772261195,False,0.9452832809225294,False,2023-12,96,1.1146043404753503,0.9225700986828587,1.4227991551006782,0.9225700986828587,1.5960328417530647,0.9225700986828587,1.5960328417530647,1.9008704143892405,26.0,1.5960328417530647,win,win,win,loss,loss,loss,loss,loss,2023
33373,10679,short,Asia,low,17.880085653104924,25.526173772261195,False,0.9452832809225294,False,2023-05,96,2.3172608551069853,0.20487977072588684,3.9113410774947877,0.20487977072588684,4.157967509967369,0.5542672167286129,6.944717745640481,5.326874038873642,29.0,6.944717745640481,win,win,win,win,win,win,win,win,2023
33399,17559,long,London,low,27.898358920063526,27.142096860031934,False,1.3305316984354099,False,2023-08,96,0.6836097394021199,0.38167703170532397,2.122051248045953,0.38167703170532397,3.268908549055347,4.4949014387756465,3.268908549055347,8.094961989821023,11.0,2.122051248045953,win,win,win,win,loss,loss,loss,loss,2023
33399,22512,long,London,low,19.587083112758073,27.142096860031934,False,1.3305316984354099,False,2023-11,96,1.1247078645632922,0.41269121467185216,1.1247078645632922,0.981508985255603,6.972989872960157,1.0744888131394343,9.322843704934682,1.0744888131394343,8.0,1.1247078645632922,win,win,loss,loss,loss,loss,loss,loss,2023
33399,59304,long,London,low,17.314864144912093,27.142096860031934,False,1.3305316984354099,False,2025-06,96,0.18057763953973024,0.6395394786391445,0.44924193251354433,1.1354065880565292,0.8473024819110442,3.715282418890673,0.8473024819110442,3.715282418890673,7.0,0.44924193251354433,loss,loss,loss,loss,loss,loss,loss,loss,2025
33399,4902,long,London,low,29.421221864951768,27.142096860031934,False,1.3305316984354099,False,2023-02,96,0.32185058854366483,1.6907936521181568,0.32185058854366483,3.726175205977947,0.32185058854366483,3.726175205977947,0.32185058854366483,4.346355024584727,0.0,0.32185058854366483,loss,loss,loss,loss,loss,loss,loss,loss,2023
33399,61567,long,London,low,26.202052944354403,27.142096860031934,False,1.3305316984354099,False,2025-07,96,0.6176385974520462,0.4990140268786801,0.6896041702665723,0.6338506220971415,1.2360680253746528,0.7259823719091156,1.2360680253746528,7.224829470771981,19.0,1.2360680253746528,win,win,loss,loss,loss,loss,loss,loss,2025
33469,59467,short,Asia,low,8.782327586206897,7.592891760904685,False,1.5355513966645078,False,2025-06,96,1.1381158224752983,0.193977740776812,1.1381158224752983,0.23622726460259308,1.1381158224752983,1.3007919087387703,1.1381158224752983,5.40639709627789,14.0,1.1381158224752983,win,win,loss,loss,loss,loss,loss,loss,2025
33469,42615,short,Asia,low,14.44805194805195,7.592891760904685,False,1.5355513966645078,False,2024-09,96,1.019556641569952,0.4187166410643521,1.1458733936229215,0.4187166410643521,1.1458733936229215,3.0085442294508833,2.7555765540433006,3.0085442294508833,9.0,1.1458733936229215,win,win,loss,loss,loss,loss,loss,loss,2024
33469,17725,short,Asia,low,5.024051309460182,7.592891760904685,False,1.5355513966645078,False,2023-08,96,1.0391703386700275,0.572659256248193,1.8917362443712906,0.572659256248193,1.8917362443712906,0.572659256248193,6.778608858494165,0.572659256248193,32.0,6.778608858494165,win,win,win,win,win,win,win,win,2023
33469,17901,short,Asia,low,1.8250134192163179,7.592891760904685,False,1.5355513966645078,False,2023-08,96,0.19121515460520494,0.6573500897270635,0.4837973791216407,0.6573500897270635,1.4667507843209735,0.8815863352881019,1.4667507843209735,0.8815863352881019,32.0,1.4667507843209735,win,win,loss,loss,loss,loss,loss,loss,2023
33469,49105,short,Asia,low,2.197802197802198,7.592891760904685,False,1.5355513966645078,False,2024-12,96,0.4684106792999989,0.3109699290551942,0.899661429970757,0.3109699290551942,1.2341007876337757,0.7594967868957924,1.2341007876337757,0.8592418584793802,32.0,1.2341007876337757,win,win,loss,loss,loss,loss,loss,loss,2024
33592,71729,long,London,low,1.6720604099244876,9.004237288135593,False,0.8287740645041782,False,2025-12,96,1.1838823986652482,2.312713835707182,1.1838823986652482,3.1551082380512607,1.1838823986652482,4.230609056019924,1.3269575541347884,4.230609056019924,1.0,1.1838823986652482,win,win,loss,loss,loss,loss,loss,loss,2025
33592,64427,long,London,low,3.6488630354309888,9.004237288135593,False,0.8287740645041782,False,2025-08,96,3.1483915680083756,0.382112480903559,9.002883176833272,0.382112480903559,11.619937799564811,0.382112480903559,11.619937799564811,0.382112480903559,,12.52115571227216,win,win,win,win,win,win,win,win,2025
33592,72294,long,London,low,2.678093197643278,9.004237288135593,False,0.8287740645041782,False,2025-12,96,0.38704507594959014,2.4473157879278884,0.38704507594959014,3.1760380188366746,4.894631575855519,4.855218194495043,13.85904921405956,4.855218194495043,2.0,0.38704507594959014,loss,loss,loss,loss,loss,loss,loss,loss,2025
33592,69647,long,London,low,3.2474804031354982,9.004237288135593,False,0.8287740645041782,False,2025-11,96,1.0898047207921522,2.219121001514632,1.0898047207921522,2.705537324047644,1.0898047207921522,4.271936284678173,5.361741005470427,4.3587724248642195,0.0,0.9625641040672029,ambiguous,loss,loss,loss,loss,loss,loss,loss,2025
33592,62487,long,London,low,4.876741693461951,9.004237288135593,False,0.8287740645041782,False,2025-07,96,0.7534537242822794,2.0063779589642476,0.7534537242822794,2.0063779589642476,8.46148654278588,2.0063779589642476,19.65373978835613,2.0063779589642476,1.0,0.7534537242822794,win,loss,loss,loss,loss,loss,loss,loss,2025
33755,28047,long,Asia,low,8.039109179793591,0.3749330476700589,False,2.381721309158608,False,2024-02,96,0.40216100582877845,0.28708481440190253,0.40216100582877845,0.5669016588189127,1.367589685484058,0.5669016588189127,1.367589685484058,0.7440584271998273,,4.11609366809104,win,win,win,win,win,win,win,win,2024
33755,5981,long,Asia,low,8.373851971907078,0.3749330476700589,False,2.381721309158608,False,2023-03,96,0.7096639245453921,0.09464163542229496,1.4406889705654982,0.09464163542229496,1.9275445308409855,0.09464163542229496,2.7627050440497913,0.09464163542229496,,4.19716368751854,win,win,win,win,win,win,win,win,2023
33755,14036,long,Asia,low,0.27233115468409586,0.3749330476700589,False,2.381721309158608,False,2023-07,96,0.9843176842201055,0.533742839703919,0.9843176842201055,0.533742839703919,1.6281358116722553,0.533742839703919,3.730818419414866,0.533742839703919,,4.6622999655158255,win,win,win,win,win,win,win,win,2023
33755,70907,long,Asia,low,2.1505376344086025,0.3749330476700589,False,2.381721309158608,False,2025-11,96,0.6050865838373822,0.08028417840089429,0.6171538376460994,0.2109717162477108,1.4144134906414663,0.2109717162477108,1.6363852885923675,0.2109717162477108,,3.7596473277937728,win,win,win,win,win,win,win,none,2025
33755,28326,long,Asia,low,1.9522776572668112,0.3749330476700589,False,2.381721309158608,False,2024-02,96,0.16658129806207858,0.5465583105033015,0.16658129806207858,0.7825809927691769,0.16658129806207858,0.8637259810522624,0.24655592593726178,1.497281081878338,20.0,0.24655592593726178,loss,loss,loss,loss,loss,loss,loss,loss,2024
33858,9962,long,London,mid,36.989931107578165,33.75931842385517,False,3.364474647312405,False,2023-05,96,0.6479857367165768,0.12198436394249208,0.9070901166386329,0.12198436394249208,0.9070901166386329,0.12198436394249208,5.265408613615462,0.12198436394249208,,5.295530059748683,win,win,win,win,win,win,win,win,2023
33858,37430,long,London,mid,32.49866808737347,33.75931842385517,False,3.364474647312405,False,2024-06,96,0.12233246038049982,0.21824322305465024,0.6590892492854894,0.4930288792009242,0.6590892492854894,1.5833202350544442,0.6590892492854894,1.5833202350544442,9.0,0.6590892492854894,win,loss,loss,loss,loss,loss,loss,loss,2024
33858,13329,long,London,mid,42.54054054054054,33.75931842385517,False,3.364474647312405,False,2023-06,96,0.0,1.0953665502116607,0.0,1.0953665502116607,0.0,1.1730813980310342,0.0,3.2441013264092424,1.0,0.0,loss,loss,loss,loss,loss,loss,loss,loss,2023
33858,28991,long,London,mid,35.76759061833689,33.75931842385517,False,3.364474647312405,False,2024-02,96,0.24475904406473845,0.18923596440012708,0.3811752997201918,0.18923596440012708,0.9821554503974853,0.18923596440012708,0.9821554503974853,0.18923596440012708,,1.2680889130899593,win,win,none,none,none,none,none,none,2024
33858,50039,long,London,mid,42.913608130999435,33.75931842385517,False,3.364474647312405,False,2025-01,96,0.3124307665563368,0.1708154911352733,0.35813545202224367,0.1708154911352733,0.3931064613560686,0.5621907144054732,2.11718876309891,1.811105869523987,17.0,0.3931064613560686,loss,loss,loss,loss,loss,loss,loss,loss,2025
33953,18179,short,London,low,27.506702412868634,27.11323763955343,False,1.4879653165436622,False,2023-09,96,1.7556242700314293,0.013139026967421967,2.9906928049715127,0.013139026967421967,3.1608744875974666,0.013139026967421967,6.063348111501922,0.013139026967421967,,7.899057879239657,win,win,win,win,win,win,win,win,2023
33953,24955,short,London,low,18.83116883116883,27.11323763955343,False,1.4879653165436622,False,2023-12,96,0.1939041228614247,1.7562173413452247,1.0999264639679087,1.7562173413452247,1.8921633088019205,1.7562173413452247,1.8921633088019205,1.7562173413452247,1.0,0.1939041228614247,loss,loss,loss,loss,loss,loss,loss,loss,2023
33953,49409,short,London,low,20.191795418220565,27.11323763955343,False,1.4879653165436622,False,2024-12,96,0.4825428733609253,0.5136103117521228,1.6291878701303333,1.4861066401084009,1.6291878701303333,4.452619472913975,1.6291878701303333,4.709994673531211,5.0,1.6291878701303333,win,ambiguous,ambiguous,loss,loss,loss,loss,loss,2024
33953,6283,short,London,low,29.56846030900373,27.11323763955343,False,1.4879653165436622,False,2023-03,96,0.9510991863856475,0.22287662638357253,0.9510991863856475,1.1227261072371086,0.9510991863856475,1.6709787710684765,1.5549716856782039,1.7170637775934225,6.0,0.9510991863856475,win,loss,loss,loss,loss,loss,loss,loss,2023
33953,10427,short,London,low,21.511627906976745,27.11323763955343,False,1.4879653165436622,False,2023-05,96,0.5629818021604998,0.28416812432419986,3.5167239611861123,0.28416812432419986,3.5167239611861123,0.28416812432419986,3.5167239611861123,2.1173011255166263,24.0,3.5167239611861123,win,win,win,win,win,win,win,loss,2023
34183,48986,long,New York,mid,43.76657824933687,49.50700570835495,False,1.8742293793535505,False,2024-12,96,0.040466023388156726,0.3645314273553542,0.040466023388156726,0.4446204319778052,0.21194079749567402,0.5741117068200294,1.2394405746941533,0.5741117068200294,,1.5039872025945384,win,win,win,none,none,none,none,none,2024
34183,29574,long,New York,mid,58.83586785527007,49.50700570835495,False,1.8742293793535505,False,2024-02,96,0.0,0.43240801399433804,0.6447281166741741,0.43240801399433804,1.050272459140394,0.43240801399433804,1.5749232006709748,0.43240801399433804,64.0,1.8348211312378908,win,win,win,loss,loss,loss,loss,loss,2024
34183,37372,long,New York,mid,43.956043956043956,49.50700570835495,False,1.8742293793535505,False,2024-06,96,0.22132450379368385,0.2800564696784274,0.4007592966253553,0.2800564696784274,0.4007592966253553,0.6335278967128334,0.4007592966253553,1.661121373350932,16.0,0.4007592966253553,loss,loss,loss,loss,loss,loss,loss,loss,2024
34183,48263,long,New York,mid,39.620653319283456,49.50700570835495,False,1.8742293793535505,False,2024-12,96,0.2636181553792998,0.1940545373346961,0.5272363107585996,0.1940545373346961,1.4766234667190934,2.7917540896560946,1.4766234667190934,2.7917540896560946,14.0,1.4766234667190934,win,win,loss,loss,loss,loss,loss,loss,2024
34183,66379,long,New York,mid,57.56148613291471,49.50700570835495,False,1.8742293793535505,False,2025-09,96,0.29328694823193224,0.15339803792581053,0.6837891139147547,0.15339803792581053,0.6837891139147547,0.5166294413107749,1.723739433581615,1.211907626378753,24.0,1.1919595687720046,win,win,loss,loss,loss,loss,loss,loss,2025
34293,28409,short,Asia,low,10.681198910081743,15.21856449001619,False,3.0984231931010897,False,2024-02,96,0.402567172886562,0.3366467983263501,0.7266337470602195,0.3366467983263501,0.8572164737652883,0.3366467983263501,0.8572164737652883,0.5112603095658714,,3.35791343083975,win,win,win,win,win,win,none,none,2024
34293,28786,short,Asia,low,8.517520215633423,15.21856449001619,False,3.0984231931010897,False,2024-02,96,0.3086145360634838,0.10210879460114601,0.34722710545047236,0.10210879460114601,0.4930968120235474,0.10210879460114601,0.4930968120235474,0.8609172878136516,36.0,0.4930968120235474,loss,loss,loss,loss,loss,loss,loss,loss,2024
34293,10938,short,Asia,low,7.88762830902215,15.21856449001619,False,3.0984231931010897,False,2023-05,96,0.49142685634419697,0.20598056507325876,0.49142685634419697,0.20913218027659342,0.49142685634419697,0.20913218027659342,1.3864855740833584,0.20913218027659342,,3.897647545003891,win,win,win,win,win,win,win,none,2023
34293,5353,short,Asia,low,6.9094804499196565,15.21856449001619,False,3.0984231931010897,False,2023-02,96,0.27370165573610844,0.230095668820705,0.3475778180346031,0.3901254072093659,0.726695888741018,0.6257247442815465,0.726695888741018,0.6257247442815465,,2.8331190722137536,win,win,win,win,win,none,none,none,2023
34293,64119,short,Asia,low,6.401291016675632,15.21856449001619,False,3.0984231931010897,False,2025-08,96,0.04823611048151106,0.5325412399005306,0.04823611048151106,0.7445614232512747,0.04823611048151106,1.0037242032438967,0.5155310246173355,1.0037242032438967,8.0,0.04823611048151106,loss,loss,loss,loss,loss,loss,loss,loss,2025
34383,17429,short,Asia,low,3.835764451647758,1.0264721772015126,False,1.223063470649849,False,2023-08,96,0.8577864318944475,0.35580467165658425,0.8577864318944475,1.811150190938298,0.8577864318944475,2.855272252233017,0.8577864318944475,3.352434987572528,4.0,0.8577864318944475,win,loss,loss,loss,loss,loss,loss,loss,2023
34383,6439,short,Asia,low,4.651162790697675,1.0264721772015126,False,1.223063470649849,False,2023-03,96,0.06267467529968222,0.9692416957944965,0.06267467529968222,1.808702498291927,0.06267467529968222,3.141330695318381,0.06267467529968222,4.00104997872068,5.0,0.06267467529968222,loss,loss,loss,loss,loss,loss,loss,loss,2023
34383,58900,short,Asia,low,3.9109179793590436,1.0264721772015126,False,1.223063470649849,False,2025-05,96,1.5741921063916673,1.5002203608098015,1.5741921063916673,1.5002203608098015,2.9751721363519055,1.5002203608098015,2.9751721363519055,3.5785614990737384,3.0,1.5741921063916673,win,win,win,loss,loss,loss,loss,loss,2025
34383,70915,short,Asia,low,1.980728051391863,1.0264721772015126,False,1.223063470649849,False,2025-11,96,0.14657929888861412,1.2764073460735674,0.14657929888861412,1.8226746668208926,0.811374791635227,2.261115401549404,0.811374791635227,2.261115401549404,3.0,0.14657929888861412,loss,loss,loss,loss,loss,loss,loss,loss,2025
34383,22847,short,Asia,low,8.081896551724139,1.0264721772015126,False,1.223063470649849,False,2023-11,96,0.0725917936606763,1.3955935826282844,0.0725917936606763,1.7062341410857838,0.0725917936606763,3.5380324658008813,0.0725917936606763,5.698782792419262,2.0,0.0725917936606763,loss,loss,loss,loss,loss,loss,loss,loss,2023
34416,54804,long,London,low,23.04832713754647,21.072186836518046,False,2.724090889183611,False,2025-03,96,0.28005067295905584,0.27476901553048255,0.4413254683955952,0.27476901553048255,0.6341673791613025,0.8771236208775712,1.8017821586126368,0.8771236208775712,,1.8017821586126368,win,win,win,none,none,none,none,none,2025
34416,71548,long,London,low,12.654819601507809,21.072186836518046,False,2.724090889183611,False,2025-12,96,0.1994798051424809,0.37857189472934294,0.1994798051424809,0.5887785698210404,0.38756647512155445,0.6714620829078279,0.38756647512155445,2.240983048085534,24.0,0.38756647512155445,loss,loss,loss,loss,loss,loss,loss,loss,2025
34416,27529,long,London,low,28.32,21.072186836518046,False,2.724090889183611,False,2024-01,96,0.44927184435551465,0.18336278605986883,0.8851161617606853,0.18336278605986883,2.4876144600988677,0.5293967592724312,2.4876144600988677,1.2764955538548242,16.0,2.4876144600988677,win,win,win,win,loss,loss,loss,loss,2024
34416,58933,long,London,low,19.530416221985057,21.072186836518046,False,2.724090889183611,False,2025-05,96,0.14853801705148448,0.3701906020816824,0.14853801705148448,0.9777061941956767,0.14853801705148448,1.310604868303505,0.14853801705148448,2.434330300175319,9.0,0.14853801705148448,loss,loss,loss,loss,loss,loss,loss,loss,2025
34416,5369,long,London,low,22.039298990971854,21.072186836518046,False,2.724090889183611,False,2023-02,96,0.20044496123213287,0.20583996018870587,0.44072991475890416,0.20583996018870587,0.6154448809674429,0.2599974497142042,0.6515498739844103,0.6349498771950602,53.0,0.6515498739844103,win,loss,loss,loss,loss,loss,loss,loss,2023
34501,62023,long,London,low,6.334596643205198,4.208843899840171,False,2.502327244680537,False,2025-07,96,0.16910466039257224,1.0543776634037705,0.16910466039257224,1.0543776634037705,0.2670640931459132,1.4040402878807847,0.2670640931459132,5.259491800081818,1.0,0.16910466039257224,loss,loss,loss,loss,loss,loss,loss,loss,2025
34501,40252,long,London,low,10.8151305274374,4.208843899840171,False,2.502327244680537,False,2024-08,96,0.7027633860197181,0.19275602152102297,1.0698128575802657,0.19275602152102297,1.0698128575802657,0.19275602152102297,3.7169052163936094,0.19275602152102297,,6.473926097146392,win,win,win,win,win,win,win,win,2024
34501,14071,long,London,low,12.720470336718332,4.208843899840171,False,2.502327244680537,False,2023-07,96,0.29519984881138867,0.3574985182033837,0.29519984881138867,0.6760204329923256,0.29519984881138867,1.1571578489122252,0.29519984881138867,1.8411652908009195,11.0,0.29519984881138867,loss,loss,loss,loss,loss,loss,loss,loss,2023
34501,69730,long,London,low,8.216094541361846,4.208843899840171,False,2.502327244680537,False,2025-11,96,0.25219254073082253,0.669319003099602,0.25219254073082253,0.669319003099602,1.123706913361354,0.669319003099602,1.4910883970709938,0.669319003099602,,4.197366551653449,win,win,win,win,win,win,win,win,2025
34501,58400,long,London,low,3.3298097251585626,4.208843899840171,False,2.502327244680537,False,2025-05,96,0.19803155046612153,0.4300323138258485,0.9121181697117028,0.5557265476264426,3.7656949746594908,0.5557265476264426,4.177968803087732,0.5557265476264426,,6.6061565679145735,win,win,win,win,win,win,win,win,2025
34941,28417,long,Asia,low,5.860010851871948,13.301023155627355,False,0.9549044458045791,False,2024-02,96,0.17689873513516552,0.8950025114265813,1.1367057336903328,0.8950025114265813,1.6218636508430941,0.8950025114265813,3.8681272925347443,2.554522823709445,27.0,3.8681272925347443,win,win,win,win,win,win,win,loss,2024
34941,33104,long,Asia,low,21.129032258064516,13.301023155627355,False,0.9549044458045791,False,2024-04,96,2.416259752921715,0.42303247376998476,2.416259752921715,0.42303247376998476,2.864726539880428,0.545715631503461,2.864726539880428,4.454371114170851,18.0,2.864726539880428,win,win,win,win,win,loss,loss,loss,2024
34941,46571,long,Asia,low,22.395273899033295,13.301023155627355,False,0.9549044458045791,False,2024-11,96,0.0,1.9935226595379663,0.0,6.031903326069895,0.0,6.031903326069895,1.7095485549603684,6.031903326069895,1.0,0.0,loss,loss,loss,loss,loss,loss,loss,loss,2024
34941,27129,long,Asia,low,7.216494845360824,13.301023155627355,False,0.9549044458045791,False,2024-01,96,1.4502740418005222,1.3482669991049632,3.2383540148462013,1.3482669991049632,6.021372244906925,1.3482669991049632,10.63312542879746,1.3482669991049632,1.0,0.10792049444604816,loss,loss,loss,loss,loss,loss,loss,loss,2024
34941,42514,long,Asia,low,20.609026644915716,13.301023155627355,False,0.9549044458045791,False,2024-09,96,1.3321566142970465,0.710092292202459,3.366580812342272,0.710092292202459,3.366580812342272,0.710092292202459,3.6717444420489667,1.3160181531104551,23.0,3.6717444420489667,win,win,win,win,win,win,win,loss,2024
35029,56888,short,Asia,mid,67.20691518098324,59.740960604425254,False,3.2299517601855077,False,2025-04,96,0.8529984038571855,0.01210927885636047,0.8529984038571855,0.15426329782349432,0.8529984038571855,0.3260219034425437,0.8529984038571855,0.3719331570206389,52.0,0.8529984038571855,win,loss,loss,loss,loss,loss,loss,loss,2025
35029,66417,short,Asia,mid,52.50403877221325,59.740960604425254,False,3.2299517601855077,False,2025-09,96,0.5245562820689433,0.15532572101766795,1.10283538313179,0.15532572101766795,1.10283538313179,0.15532572101766795,1.10283538313179,0.15532572101766795,39.0,1.10283538313179,win,win,loss,loss,loss,loss,loss,loss,2025
35029,46645,short,Asia,mid,57.375271149674624,59.740960604425254,False,3.2299517601855077,False,2024-11,96,0.19204069803496127,0.8333841612838618,0.19204069803496127,2.3034013536006186,0.19204069803496127,2.3034013536006186,0.19204069803496127,2.3034013536006186,4.0,0.19204069803496127,loss,loss,loss,loss,loss,loss,loss,loss,2024
35029,36394,short,Asia,mid,67.6278563656148,59.740960604425254,False,3.2299517601855077,False,2024-06,96,0.33921938355455483,0.3765166832349937,0.33921938355455483,0.3943237075479918,0.33921938355455483,0.3943237075479918,0.33921938355455483,0.5915298574023773,44.0,0.702358650514585,win,loss,loss,loss,loss,loss,loss,loss,2024
35029,4778,short,Asia,mid,58.66957470010905,59.740960604425254,False,3.2299517601855077,False,2023-02,96,0.10643391707271942,0.5550528775342667,0.2891011272487908,0.5550528775342667,0.9290350536485454,0.5550528775342667,1.1268690970074846,1.3317543873724762,31.0,1.1268690970074846,win,win,loss,loss,loss,loss,loss,loss,2023
35047,65479,short,Asia,mid,60.46764545948885,66.59540352752539,False,3.2014000959286744,False,2025-09,96,0.1740043593710757,0.3818669033420866,0.44447704980653024,0.3818669033420866,0.44447704980653024,0.5992348773284449,0.5416523963266298,0.7489650393876953,47.0,0.5416523963266298,win,loss,loss,loss,loss,loss,loss,loss,2025
35047,31807,short,Asia,mid,62.02052944354403,66.59540352752539,False,3.2014000959286744,False,2024-04,96,0.5266616664468785,0.29254054678032365,0.5266616664468785,0.29254054678032365,0.5266616664468785,0.29254054678032365,1.2504196164008923,0.29254054678032365,,3.822093790238065,win,win,win,win,win,win,win,none,2024
35047,19906,short,Asia,mid,68.27548806941431,66.59540352752539,False,3.2014000959286744,False,2023-10,96,0.15104495353793682,0.1821030135110049,0.37448423391952296,0.1821030135110049,1.0582084318871645,0.4893320240356859,2.8930918023807477,0.4893320240356859,,6.429465292980112,win,win,win,win,win,win,win,win,2023
35047,12874,short,Asia,mid,67.00808625336927,66.59540352752539,False,3.2014000959286744,False,2023-06,96,0.5422863596400813,0.4711930540465113,1.1130681955507815,0.4711930540465113,1.1130681955507815,0.4711930540465113,1.698824695011874,1.4811832257407982,31.0,1.698824695011874,win,win,win,loss,loss,loss,loss,loss,2023
35047,67051,short,Asia,mid,59.41872981700753,66.59540352752539,False,3.2014000959286744,False,2025-09,96,0.16629701659076201,0.9674208185073145,0.16629701659076201,1.1732376843821974,0.16629701659076201,1.45677692051584,3.4736065623151178,1.45677692051584,4.0,0.16629701659076201,loss,loss,loss,loss,loss,loss,loss,loss,2025
35258,64252,long,Overlap,low,19.57894736842105,14.69968387776607,False,1.4099162448063778,False,2025-08,96,0.6707909811242639,2.029649496801642,0.6707909811242639,2.0798666787676434,0.6707909811242639,2.1982686582655755,0.6707909811242639,2.544260434930644,2.0,0.6707909811242639,win,loss,loss,loss,loss,loss,loss,loss,2025
35258,57300,long,Overlap,low,8.021108179419526,14.69968387776607,False,1.4099162448063778,False,2025-05,96,0.4986851936543645,2.7175403177096635,0.4986851936543645,2.7175403177096635,0.7226628046238802,4.739492047505968,0.7226628046238802,5.007225968310823,0.0,0.4986851936543645,loss,loss,loss,loss,loss,loss,loss,loss,2025
35258,61321,long,Overlap,low,18.394471026049974,14.69968387776607,False,1.4099162448063778,False,2025-07,96,0.8695081089503145,6.803806849927233,0.8695081089503145,6.803806849927233,0.8695081089503145,6.803806849927233,0.8695081089503145,6.803806849927233,1.0,0.8695081089503145,win,loss,loss,loss,loss,loss,loss,loss,2025
35258,49144,long,Overlap,low,15.0080688542227,14.69968387776607,False,1.4099162448063778,False,2024-12,96,3.383207792498649,0.0,3.897919579644972,0.0,3.897919579644972,0.0,3.897919579644972,0.46690853121389275,85.0,3.897919579644972,win,win,win,win,win,win,win,loss,2024
35258,8593,long,Overlap,low,22.444678609062173,14.69968387776607,False,1.4099162448063778,False,2023-04,96,0.5605434905351397,1.6056306221567596,1.7112454364141183,1.6056306221567596,2.393816854233207,1.6056306221567596,2.448765102191459,1.6056306221567596,1.0,0.17305130038797062,loss,loss,loss,loss,loss,loss,loss,loss,2023
35292,59565,long,Asia,low,10.526315789473683,13.586956521739129,False,1.6056468929350114,False,2025-06,96,0.06906019142235463,1.2566047041337418,0.06906019142235463,1.739735264337006,0.4393682073229287,1.7529657431147496,0.4393682073229287,7.050100510025411,1.0,0.06906019142235463,loss,loss,loss,loss,loss,loss,loss,loss,2025
35292,18003,long,Asia,low,8.168713294180458,13.586956521739129,False,1.6056468929350114,False,2023-09,96,2.7896238619064038,0.18996010107272104,3.3422350650270056,0.18996010107272104,3.8211204946542945,0.18996010107272104,9.060963981935314,1.9367959955523553,31.0,9.060963981935314,win,win,win,win,win,win,win,win,2023
35292,57274,long,Asia,low,4.761904761904762,13.586956521739129,False,1.6056468929350114,False,2025-05,96,1.3583943509024614,0.735987109195858,1.4826671565480427,0.735987109195858,1.9780631572275533,0.735987109195858,2.2519066953763187,1.6309338722028708,28.0,2.2519066953763187,win,win,win,win,loss,loss,loss,loss,2025
35292,62371,long,Asia,low,7.763300760043432,13.586956521739129,False,1.6056468929350114,False,2025-07,96,0.6077209094174101,0.6840434412914504,1.0104487361070191,0.7797215432084058,3.656003241526018,0.7797215432084058,3.656003241526018,0.7797215432084058,,10.693952448742406,win,win,win,win,win,win,win,win,2025
35292,5333,long,Asia,low,18.137520303194368,13.586956521739129,False,1.6056468929350114,False,2023-02,96,1.0460233111897255,0.30906057653097396,1.5511000329765325,0.30906057653097396,2.15617759781441,0.30906057653097396,3.0916927309948865,0.30906057653097396,,3.0916927309948865,win,win,win,win,win,win,none,none,2023
35310,38037,short,Asia,low,26.521739130434785,22.38966630785791,False,3.2369038491849755,False,2024-07,96,0.4412699195718329,0.063082412850104,1.1228976457695454,0.063082412850104,1.1385531350900555,0.063082412850104,1.4654765885466996,0.2111956206368459,,2.499045854075983,win,win,win,win,none,none,none,none,2024
35310,53688,short,Asia,low,27.258064516129032,22.38966630785791,False,3.2369038491849755,False,2025-03,96,0.17099142880519178,0.37434564215826266,0.17099142880519178,0.9236435315290853,0.17099142880519178,0.9277009552634377,0.9500167858023981,1.4898473531263836,26.0,0.3084608091384288,loss,loss,loss,loss,loss,loss,loss,loss,2025
35310,22471,short,Asia,low,19.967532467532468,22.38966630785791,False,3.2369038491849755,False,2023-11,96,0.24526642423452327,0.5052933175285218,0.6120539704517179,0.5052933175285218,0.8563094036547495,0.5052933175285218,1.513857970522628,0.5052933175285218,53.0,1.513857970522628,win,win,win,loss,loss,loss,loss,loss,2023
35310,58904,short,Asia,low,13.821138211382115,22.38966630785791,False,3.2369038491849755,False,2025-05,96,0.3163492811006431,0.33933297448797356,0.9088109752538581,0.33933297448797356,0.9088109752538581,0.33933297448797356,0.9088109752538581,1.1766048933807642,23.0,0.9088109752538581,win,loss,loss,loss,loss,loss,loss,loss,2025
35310,53875,short,Asia,low,20.88030059044552,22.38966630785791,False,3.2369038491849755,False,2025-03,96,0.25736191873952674,0.34610740796001366,0.25736191873952674,0.9214403806908211,0.25736191873952674,1.4297100007719876,0.25736191873952674,2.229427875225082,8.0,0.25736191873952674,loss,loss,loss,loss,loss,loss,loss,loss,2025
35612,10987,long,Overlap,mid,54.368421052631575,48.354564755838645,False,4.089933761195775,False,2023-05,96,0.14763628413205476,1.2260929350935326,0.14763628413205476,1.2260929350935326,0.14763628413205476,1.2260929350935326,0.14763628413205476,1.2260929350935326,2.0,0.14763628413205476,loss,loss,loss,loss,loss,loss,loss,loss,2023
35612,59042,long,Overlap,mid,54.204124801692224,48.354564755838645,False,4.089933761195775,False,2025-05,96,0.2852844126133897,0.29907573410548155,0.2852844126133897,0.29907573410548155,0.6961226044934273,0.29907573410548155,0.6961226044934273,0.29907573410548155,85.0,0.6961226044934273,win,loss,loss,loss,loss,loss,loss,loss,2025
35612,43569,long,Overlap,mid,43.24894514767932,48.354564755838645,False,4.089933761195775,False,2024-10,96,0.21936468944424556,0.6034190094319546,1.6636974954087884,0.6034190094319546,1.6636974954087884,0.6034190094319546,1.789753881208049,0.6034190094319546,92.0,1.789753881208049,win,win,win,loss,loss,loss,loss,loss,2024
35612,60333,long,Overlap,mid,57.55015839493136,48.354564755838645,False,4.089933761195775,False,2025-06,96,0.33654840255179874,0.06430318144756336,0.5416185625067022,0.06430318144756336,0.594164986425115,0.06430318144756336,0.594164986425115,0.9036997705320752,57.0,0.594164986425115,win,loss,loss,loss,loss,loss,loss,loss,2025
35612,48511,long,Overlap,mid,38.39572192513369,48.354564755838645,False,4.089933761195775,False,2024-12,96,0.08058703256080212,0.6149651222602636,0.08058703256080212,0.8740954638538891,0.08058703256080212,1.0562378054088326,0.08058703256080212,1.0562378054088326,10.0,0.08058703256080212,loss,loss,loss,loss,loss,loss,loss,loss,2024
35773,47849,short,London,low,22.786177105831534,25.953788285867812,False,2.078434708413329,False,2024-12,96,0.13038217148253625,1.05677311360085,0.13038217148253625,1.2805214788574315,0.13038217148253625,1.9644908169643245,3.027708676684121,1.9644908169643245,2.0,0.13038217148253625,loss,loss,loss,loss,loss,loss,loss,loss,2024
35773,27530,short,London,low,28.14498933901919,25.953788285867812,False,2.078434708413329,False,2024-01,96,0.5834783769014548,0.24791322211428693,0.5834783769014548,0.8206882276992452,1.694314751369219,2.9266488542944185,2.020044375757423,2.9266488542944185,9.0,0.5834783769014548,win,loss,loss,loss,loss,loss,loss,loss,2024
35773,10976,short,London,low,27.739544732662786,25.953788285867812,False,2.078434708413329,False,2023-05,96,0.26192273848962755,0.40081694306589377,1.5016718110005203,0.40081694306589377,3.5230139224900605,0.40081694306589377,3.5230139224900605,0.40081694306589377,,4.243371039611341,win,win,win,win,win,win,win,win,2023
35773,40343,short,London,low,27.878464818763327,25.953788285867812,False,2.078434708413329,False,2024-08,96,0.12046887562151594,0.8056999587504281,0.4518440876230506,0.8056999587504281,0.4518440876230506,0.8056999587504281,0.4518440876230506,2.4351187251691857,20.0,0.4518440876230506,loss,loss,loss,loss,loss,loss,loss,loss,2024
35773,59120,short,London,low,26.052210974960044,25.953788285867812,False,2.078434708413329,False,2025-05,96,0.644388352827057,0.0815330263090974,1.517266075760744,0.6363334984167462,2.526718330140821,0.765479664129191,2.526718330140821,0.765479664129191,46.0,2.526718330140821,win,win,win,win,win,loss,loss,loss,2025
35934,35752,long,Asia,mid,30.217391304347824,35.310119695321,False,4.622463269280807,False,2024-06,96,0.22207901301040256,0.12735841161460992,0.22207901301040256,0.2630536551872829,0.24673475007783394,0.2630536551872829,0.41622076999113594,1.8060770850415397,24.0,0.41622076999113594,loss,loss,loss,loss,loss,loss,loss,loss,2024
35934,24561,long,Asia,mid,34.13830954994512,35.310119695321,False,4.622463269280807,False,2023-12,96,0.05169142089840315,0.1679027905093925,0.39353395618266584,0.1679027905093925,0.6058335145196426,0.1679027905093925,0.7406588264492645,0.1679027905093925,,1.6943718305187048,win,win,win,none,none,none,none,none,2023
35934,52292,long,Asia,mid,30.49645390070922,35.310119695321,False,4.622463269280807,False,2025-02,96,0.44204197132908113,0.027466229763913424,0.4754553049735075,0.09437114841966657,0.4754553049735075,0.3630080908117077,0.7073141049466131,0.3630080908117077,55.0,0.9548231782894709,win,loss,loss,loss,loss,loss,loss,loss,2025
35934,72359,long,Asia,mid,33.20652173913044,35.310119695321,False,4.622463269280807,False,2025-12,96,0.2203614405873151,0.1052987216510755,0.32863654802788667,0.1052987216510755,0.38282854782971565,0.1052987216510755,0.47618542893505633,0.1052987216510755,,3.234206134186937,win,win,win,win,win,win,none,none,2025
35934,56997,long,Asia,mid,36.50963597430407,35.310119695321,False,4.622463269280807,False,2025-04,96,0.26167377336317355,0.24838604727667385,0.26167377336317355,0.24838604727667385,0.2963432718832519,0.25229816967777247,0.2963432718832519,0.5314415930734414,,0.4677009780900203,none,none,none,none,none,none,none,none,2025
36026,36310,short,Asia,low,17.984832069339113,25.40805223068553,False,3.0059399122446866,True,2024-06,96,0.36244526129369253,0.10372417233773187,0.47486222648355203,0.10372417233773187,0.5374798021135188,0.32222267741846417,0.7107463172686066,0.32222267741846417,36.0,0.7107463172686066,win,loss,loss,loss,loss,loss,loss,loss,2024
36026,42063,short,Asia,low,19.85930735930736,25.40805223068553,False,3.0059399122446866,True,2024-09,96,0.29519822169439863,0.16532895842489764,1.3230805242998376,0.16532895842489764,2.084491446855748,0.16532895842489764,2.084491446855748,0.16532895842489764,55.0,2.084491446855748,win,win,win,win,loss,loss,loss,loss,2024
36026,35404,short,Asia,low,23.548387096774192,25.40805223068553,False,3.0059399122446866,True,2024-05,96,0.7975744248939232,0.059901860693200866,1.5130456001663861,0.059901860693200866,2.086092770993571,0.059901860693200866,2.9639552376091087,0.059901860693200866,,4.634923925057581,win,win,win,win,win,win,win,win,2024
36026,45837,short,Asia,low,24.463519313304722,25.40805223068553,False,3.0059399122446866,True,2024-11,96,0.4903371652687428,0.2770051244414857,0.4903371652687428,0.7840768821985334,0.4903371652687428,1.301080552570668,0.4903371652687428,1.330468129623384,14.0,0.4903371652687428,loss,loss,loss,loss,loss,loss,loss,loss,2024
36026,40336,short,Asia,low,20.59925093632959,25.40805223068553,False,3.0059399122446866,True,2024-08,96,0.17607603891381002,0.5375938634921997,0.17607603891381002,0.7014319933183873,0.17607603891381002,0.7602488829130071,0.17607603891381002,1.5525910580252658,28.0,0.17607603891381002,loss,loss,loss,loss,loss,loss,loss,loss,2024
36254,71198,long,Overlap,mid,40.32,39.42614240170032,False,2.595187466260157,False,2025-12,96,1.0044685020044315,0.1590138571543519,1.3725099236385279,0.1590138571543519,1.3725099236385279,2.2002845636697472,1.3725099236385279,2.2002845636697472,9.0,1.3725099236385279,win,win,loss,loss,loss,loss,loss,loss,2025
36254,22248,long,Overlap,mid,45.23934771173067,39.42614240170032,False,2.595187466260157,False,2023-11,96,0.22313547795120262,0.39646392957397175,0.22313547795120262,1.1501438519751221,0.22313547795120262,1.1501438519751221,0.22313547795120262,1.6802898402144975,6.0,0.22313547795120262,loss,loss,loss,loss,loss,loss,loss,loss,2023
36254,70864,long,Overlap,mid,45.835515976951285,39.42614240170032,False,2.595187466260157,False,2025-11,96,0.36572532264790936,0.04674225861123675,0.4576611505790301,0.04674225861123675,0.4576611505790301,0.19048878283433848,0.4576611505790301,0.6245910841936747,,0.4576611505790301,none,none,none,none,none,none,none,none,2025
36254,36625,long,Overlap,mid,42.44031830238727,39.42614240170032,False,2.595187466260157,False,2024-06,96,0.31276860246263255,0.8115381462008588,0.500879993147538,0.8115381462008588,0.500879993147538,1.9883247368430184,0.500879993147538,1.9883247368430184,9.0,0.500879993147538,win,loss,loss,loss,loss,loss,loss,loss,2024
36254,24422,long,Overlap,mid,41.72469201928227,39.42614240170032,False,2.595187466260157,False,2023-12,96,0.17800732939892303,3.9500365809779456,0.17800732939892303,5.466227494537359,0.17800732939892303,6.97767154597948,0.17800732939892303,7.1880438443600525,1.0,0.17800732939892303,loss,loss,loss,loss,loss,loss,loss,loss,2023
36348,20956,long,Overlap,mid,66.84238270954138,65.71125265392782,False,6.216730860997931,False,2023-10,96,0.10826703835606738,0.639452195290532,0.4047326394795331,0.639452195290532,0.4047326394795331,0.639452195290532,0.4047326394795331,0.639452195290532,,2.049630369878342,win,win,win,win,none,none,none,none,2023
36348,39261,long,Overlap,mid,65.79925650557621,65.71125265392782,False,6.216730860997931,False,2024-07,96,0.3815929033490085,0.06790454394623677,0.7925940903920523,0.06790454394623677,0.7925940903920523,0.06790454394623677,0.7925940903920523,0.06790454394623677,,1.4247700777171304,win,win,none,none,none,none,none,none,2024
36348,53912,long,Overlap,mid,69.6842105263158,65.71125265392782,False,6.216730860997931,False,2025-03,96,0.04694302160225895,0.06273972093510169,0.1400094247470741,0.10290208386148539,0.16959097962978506,0.10290208386148539,0.16959097962978506,0.17585004917675856,,0.8345053498961827,win,none,none,none,none,none,none,none,2025
36348,5290,long,Overlap,mid,56.4873417721519,65.71125265392782,False,6.216730860997931,False,2023-02,96,0.1614598216643617,0.1494332767287473,0.48714418796678743,0.36563461327245844,1.0117503722272692,0.36563461327245844,1.0846008225843968,0.36563461327245844,,1.3502215822830916,win,win,none,none,none,none,none,none,2023
36348,4008,long,Overlap,mid,63.530655391120504,65.71125265392782,False,6.216730860997931,False,2023-01,96,0.22074926763161287,0.14207798608205371,0.22074926763161287,0.23691176094382568,0.22074926763161287,0.28615901620707246,0.22074926763161287,0.36310353565063647,65.0,0.22074926763161287,loss,loss,loss,loss,loss,loss,loss,loss,2023
36504,59653,long,Asia,low,18.998923573735198,12.284482758620689,False,1.5007210454146438,False,2025-06,96,1.225226132382107,0.22762130657356044,2.384543155981526,0.22762130657356044,2.384543155981526,0.22762130657356044,2.384543155981526,0.22762130657356044,77.0,3.7494168817023765,win,win,win,win,win,win,win,loss,2025
36504,53949,long,Asia,low,2.3848238482384825,12.284482758620689,False,1.5007210454146438,False,2025-03,96,1.1356768727802902,0.12438870932601469,1.281018051267754,0.38191842522270464,1.5730265138859658,0.8264290368013174,2.700481531678716,1.667180014548509,18.0,1.5730265138859658,win,win,win,loss,loss,loss,loss,loss,2025
36504,13958,long,Asia,low,13.729729729729732,12.284482758620689,False,1.5007210454146438,False,2023-07,96,0.5523722772936358,0.25894059224476756,0.5523722772936358,3.1340563132929593,0.5523722772936358,4.8936168387259045,0.5523722772936358,4.8936168387259045,5.0,0.5523722772936358,win,loss,loss,loss,loss,loss,loss,loss,2023
36504,40240,long,Asia,low,4.2359249329758715,12.284482758620689,False,1.5007210454146438,False,2024-08,96,1.3427519571187618,0.03479270147998047,1.770117175298259,0.35562451512783366,3.886621865331501,0.35562451512783366,4.5538411937140575,0.35562451512783366,,14.377391111594264,win,win,win,win,win,win,win,win,2024
36504,64952,long,Asia,low,17.221030042918457,12.284482758620689,False,1.5007210454146438,False,2025-08,96,0.5977577296131452,0.09798883197376101,0.6411934123878358,0.6024115527675805,2.0057977795583355,0.6024115527675805,4.87436266280154,0.6024115527675805,,8.581908442495612,win,win,win,win,win,win,win,win,2025
36574,23033,short,Asia,low,16.307857911733045,11.613958560523447,False,1.4321181947307162,False,2023-11,96,0.4786375708371436,0.4216690183038847,0.9811815878265171,0.4216690183038847,1.7899315746820994,0.4216690183038847,1.7899315746820994,3.669385160487908,19.0,1.7899315746820994,win,win,win,loss,loss,loss,loss,loss,2023
36574,5687,short,Asia,low,6.001091107474086,11.613958560523447,False,1.4321181947307162,False,2023-02,96,0.5431866510036085,1.5008846342378457,0.5431866510036085,1.5249498656114127,0.5431866510036085,1.8196261681450843,2.1246161412672997,1.8196261681450843,2.0,0.5431866510036085,win,loss,loss,loss,loss,loss,loss,loss,2023
36574,28320,short,Asia,low,7.290533188248095,11.613958560523447,False,1.4321181947307162,False,2024-02,96,0.1734328175355578,0.5469804245354833,0.1734328175355578,0.5469804245354833,1.0044650682271095,0.5469804245354833,2.0228269968335995,0.5469804245354833,48.0,4.782187593778407,win,win,win,win,win,win,win,win,2024
36574,59089,short,Asia,low,15.059588299024917,11.613958560523447,False,1.4321181947307162,False,2025-05,96,0.9939069128977087,0.2696057017128635,1.5177645955885546,0.2696057017128635,1.668343746649723,0.41821281524848797,2.069089943814437,0.41821281524848797,74.0,4.296083749499333,win,win,win,win,win,win,win,win,2025
36574,18085,short,Asia,low,6.5485775630703165,11.613958560523447,False,1.4321181947307162,False,2023-09,96,0.5025782104688122,0.1688048951193237,0.6729176955437297,0.6767541704328885,1.4141246441131252,1.0059237159154215,3.9170408617456527,1.0059237159154215,10.0,0.6729176955437297,win,loss,loss,loss,loss,loss,loss,loss,2023
36668,2875,long,Asia,low,10.52066559312936,2.1241830065359477,False,1.0872183696982627,False,2023-01,96,0.34289709876047175,0.7406313058006112,0.34289709876047175,1.6034899011399315,0.34289709876047175,3.033218844719216,3.6668186861668257,3.033218844719216,7.0,0.34289709876047175,loss,loss,loss,loss,loss,loss,loss,loss,2023
36668,6260,long,Asia,low,6.148867313915858,2.1241830065359477,False,1.0872183696982627,False,2023-03,96,0.551833484674331,0.79709281119629,1.3152368279418143,1.237077262346921,2.3811715932103046,2.0281059693160106,2.3811715932103046,4.973913045013455,5.0,0.551833484674331,win,loss,loss,loss,loss,loss,loss,loss,2023
36668,17444,long,Asia,low,4.608788853161844,2.1241830065359477,False,1.0872183696982627,False,2023-08,96,1.1585540111581285,0.599406322375076,1.5942418902577962,0.599406322375076,1.7123338821285858,1.28201382084131,1.7123338821285858,8.306698064557876,12.0,1.7123338821285858,win,win,win,loss,loss,loss,loss,loss,2023
36668,37852,long,Asia,low,8.210984230560086,2.1241830065359477,False,1.0872183696982627,False,2024-07,96,1.9250460294802114,0.0,1.9250460294802114,0.2530551716118561,2.841632277399227,0.2530551716118561,9.348535002221169,8.24067987724558,28.0,7.189238325558779,win,win,win,win,win,win,ambiguous,ambiguous,2024
36668,18348,long,Asia,low,5.45945945945946,2.1241830065359477,False,1.0872183696982627,False,2023-09,96,0.5541960824041166,1.8648096973989234,0.5541960824041166,2.5283146717960983,0.5541960824041166,2.8781031261733374,3.7853669297144035,2.8781031261733374,0.0,0.5541960824041166,ambiguous,loss,loss,loss,loss,loss,loss,loss,2023
36686,33184,short,Asia,low,9.632034632034632,4.314994606256742,False,1.046897828212567,False,2024-04,96,0.3919072702098072,0.9374360608046296,0.3930565583923004,1.450401686230843,4.666110020679297,1.9258238976974111,4.666110020679297,4.532792591516877,5.0,0.3930565583923004,loss,loss,loss,loss,loss,loss,loss,loss,2024
36686,37317,short,Asia,low,2.478448275862069,4.314994606256742,False,1.046897828212567,False,2024-06,96,0.6687605762925484,3.5209340611287696,0.6687605762925484,3.5209340611287696,0.6687605762925484,9.785593946074005,0.6687605762925484,17.035922572293533,0.0,0.6687605762925484,ambiguous,loss,loss,loss,loss,loss,loss,loss,2024
36686,34400,short,Asia,low,2.141327623126338,4.314994606256742,False,1.046897828212567,False,2024-05,96,0.43683339384827496,1.3700683716146653,3.258940039653109,1.3700683716146653,3.6407874118980272,2.148527881164636,3.6407874118980272,4.731343507029193,1.0,0.31056919609259803,loss,loss,loss,loss,loss,loss,loss,loss,2024
36686,12310,short,Asia,low,10.580575149213239,4.314994606256742,False,1.046897828212567,False,2023-06,96,0.9880833986981028,0.14824797582770438,1.0795857378454141,0.14824797582770438,4.880124754518161,0.3986380976802131,6.755568046806863,1.3838842145443608,29.0,6.755568046806863,win,win,win,win,win,win,win,win,2023
36686,12488,short,Asia,low,7.131192161132281,4.314994606256742,False,1.046897828212567,False,2023-06,96,1.2033115144152429,0.4210454386498291,1.2033115144152429,0.4210454386498291,1.8227632568894685,0.4210454386498291,3.113918783684738,0.959468652463021,40.0,3.113918783684738,win,win,win,win,win,win,loss,loss,2023
36790,69654,long,London,low,6.692693809258227,1.5005359056806002,False,1.1955524715918076,False,2025-11,96,0.8640363855811422,0.5861645373738255,1.6365285738308755,1.6085019657248116,4.469469388168978,1.6632876468969648,4.469469388168978,1.6632876468969648,6.0,1.6365285738308755,win,win,win,loss,loss,loss,loss,loss,2025
36790,14079,long,London,low,6.9185737094199045,1.5005359056806002,False,1.1955524715918076,False,2023-07,96,1.5989579152220235,1.269137532532463,1.5989579152220235,1.3454129101138448,1.5989579152220235,1.3454129101138448,1.5989579152220235,2.857501645312574,3.0,1.5989579152220235,win,win,win,loss,loss,loss,loss,loss,2023
36790,27709,long,London,low,6.253340459647247,1.5005359056806002,False,1.1955524715918076,False,2024-01,96,0.2112522472144816,1.5985162776150916,0.2112522472144816,1.7698516757920388,1.5997444883545426,2.11682120973464,10.157916922024766,2.11682120973464,1.0,0.2112522472144816,loss,loss,loss,loss,loss,loss,loss,loss,2024
36790,54252,long,London,low,2.9914529914529915,1.5005359056806002,False,1.1955524715918076,False,2025-03,96,2.9265655952440115,0.2715122432369864,3.845450898841098,0.2715122432369864,4.398086438172944,1.2652264583708732,4.398086438172944,1.2652264583708732,13.0,4.398086438172944,win,win,win,win,win,win,win,win,2025
36790,69745,long,London,low,6.305803571428571,1.5005359056806002,False,1.1955524715918076,False,2025-11,96,1.597714777106205,0.15322113192213388,1.597714777106205,2.8854273198309697,1.597714777106205,2.8854273198309697,3.0083175027759257,2.8854273198309697,5.0,1.597714777106205,win,win,win,loss,loss,loss,loss,loss,2025
36839,11695,long,Asia,low,6.303418803418803,6.308283049917717,False,1.4182106644579424,False,2023-05,96,0.444965530860903,1.6320796319818767,0.444965530860903,3.946979096775638,0.444965530860903,3.946979096775638,0.9001787527355747,3.946979096775638,3.0,0.444965530860903,loss,loss,loss,loss,loss,loss,loss,loss,2023
36839,41775,long,Asia,low,6.535947712418301,6.308283049917717,False,1.4182106644579424,False,2024-09,96,0.5675720678635682,0.5495377035968062,1.3760560206475,0.5495377035968062,1.3760560206475,0.5495377035968062,1.3760560206475,5.455225055148775,22.0,1.3760560206475,win,win,loss,loss,loss,loss,loss,loss,2024
36839,14306,long,Asia,low,13.661202185792352,6.308283049917717,False,1.4182106644579424,False,2023-07,96,0.5149912052182607,0.8196176993763822,0.5149912052182607,0.8196176993763822,2.1818154185364222,0.8196176993763822,3.1462743943804194,0.8196176993763822,,13.55070608730613,win,win,win,win,win,win,win,win,2023
36839,41059,long,Asia,low,11.799568965517242,6.308283049917717,False,1.4182106644579424,False,2024-08,96,0.8338047335011708,0.6483818731099825,1.7034977625619,0.6483818731099825,2.076436967251938,0.6483818731099825,3.9064409716614654,0.6483818731099825,,8.834203021122951,win,win,win,win,win,win,win,win,2024
36839,11053,long,Asia,low,9.765208110992528,6.308283049917717,False,1.4182106644579424,False,2023-05,96,0.040996114936838635,1.9029030016501782,0.040996114936838635,3.762857692414303,0.040996114936838635,3.762857692414303,0.040996114936838635,12.459402597878636,0.0,0.040996114936838635,loss,loss,loss,loss,loss,loss,loss,loss,2023
36852,19552,long,Asia,low,7.21205597416577,14.760348583877997,False,2.2395070090394764,False,2023-09,96,0.12135855421121192,1.5464865302688358,1.803677594698134,1.5464865302688358,1.8337388879431513,1.5464865302688358,1.8337388879431513,4.279280762482819,1.0,0.12135855421121192,loss,loss,loss,loss,loss,loss,loss,loss,2023
36852,14501,long,Asia,low,16.078218359587183,14.760348583877997,False,2.2395070090394764,False,2023-07,96,0.23399789119044984,0.4517959283753012,3.0722123129523755,0.4517959283753012,3.0722123129523755,0.4517959283753012,3.252930684302496,0.4517959283753012,,4.162282489144049,win,win,win,win,win,win,win,win,2023
36852,40223,long,Asia,low,9.740259740259742,14.760348583877997,False,2.2395070090394764,False,2024-08,96,0.30216710536320973,0.34598133564087213,0.33087298037272456,0.8947923407569093,0.33087298037272456,0.8947923407569093,2.705906428527692,0.8947923407569093,,9.140554937237631,win,win,win,win,win,win,win,win,2024
36852,22944,long,Asia,low,11.23052122514777,14.760348583877997,False,2.2395070090394764,False,2023-11,96,0.5357389842260408,0.1386177791353956,1.0622821944063054,0.1386177791353956,1.944054750135045,0.1386177791353956,2.213456871255785,0.1386177791353956,,8.823174904870294,win,win,win,win,win,win,win,win,2023
36852,61440,long,Asia,low,10.958149779735683,14.760348583877997,False,2.2395070090394764,False,2025-07,96,0.3154142038828317,1.977033380752584,0.3154142038828317,2.5081726773505557,0.3154142038828317,2.5933907885100655,0.3154142038828317,3.3091693259536723,3.0,0.3154142038828317,loss,loss,loss,loss,loss,loss,loss,loss,2025
37116,58633,short,Asia,low,2.8123309897241753,4.730831973898858,False,2.9723826828805024,False,2025-05,96,1.144128281304101,0.259305130354514,1.144128281304101,0.259305130354514,1.144128281304101,0.8439973017045103,1.144128281304101,2.265727007840278,17.0,1.144128281304101,win,win,loss,loss,loss,loss,loss,loss,2025
37116,12596,short,Asia,low,12.08850512682137,4.730831973898858,False,2.9723826828805024,False,2023-06,96,0.4337013112809973,0.4714144687836071,0.4337013112809973,0.6288923832205013,0.4337013112809973,1.5029202902085457,0.4337013112809973,1.857118188375673,11.0,0.4337013112809973,loss,loss,loss,loss,loss,loss,loss,loss,2023
37116,42142,short,Asia,low,3.106267029972752,4.730831973898858,False,2.9723826828805024,False,2024-09,96,0.14013291400945319,0.3368654729531803,0.6138133907518405,0.3368654729531803,0.7804895865235292,0.3368654729531803,0.8521174130437336,0.5213022469629078,48.0,0.9856145066126057,win,loss,loss,loss,loss,loss,loss,loss,2024
37116,19176,short,Asia,low,2.2162162162162162,4.730831973898858,False,2.9723826828805024,False,2023-09,96,0.2341276662210057,0.2282518753698331,0.2341276662210057,0.9125555175679252,1.050410610613133,0.9582058926418506,1.050410610613133,1.7243186228438212,23.0,1.050410610613133,win,win,loss,loss,loss,loss,loss,loss,2023
37116,12495,short,Asia,low,6.182212581344902,4.730831973898858,False,2.9723826828805024,False,2023-06,96,0.1820243179203542,0.17497121469242408,0.5132488964311395,0.17497121469242408,0.5132488964311395,0.48340884431301623,0.975769704261494,0.48340884431301623,38.0,0.975769704261494,win,loss,loss,loss,loss,loss,loss,loss,2023
37390,30892,short,Asia,low,21.713362068965516,13.718018508437671,False,2.4711607607679618,False,2024-03,96,0.07766936178709996,0.5322116495180983,0.07766936178709996,0.6878445752202057,0.3954076600068841,0.6878445752202057,1.4027557462148537,0.6878445752202057,47.0,2.4383472367090295,win,win,win,win,loss,loss,loss,loss,2024
37390,19073,short,Asia,low,4.567699836867863,13.718018508437671,False,2.4711607607679618,False,2023-09,96,0.11728331957997994,0.42092784611947887,0.21270025754331515,0.42092784611947887,1.1310882854403599,0.42092784611947887,1.3502490648249026,1.2891225889421198,24.0,1.3502490648249026,win,win,loss,loss,loss,loss,loss,loss,2023
37390,27040,short,Asia,low,15.926327193932826,13.718018508437671,False,2.4711607607679618,False,2024-01,96,0.18201811643275276,0.2738094874704251,1.243877385937123,0.2738094874704251,1.9651698072164083,0.2738094874704251,1.9651698072164083,0.2738094874704251,,2.6609066763317974,win,win,win,win,win,none,none,none,2024
37390,28783,short,Asia,low,10.09719222462203,13.718018508437671,False,2.4711607607679618,False,2024-02,96,0.03238605409963581,0.3569430693783246,0.2611778556426534,0.3569430693783246,0.3081898696583278,0.3569430693783246,0.48579081149532893,0.8047760325202812,33.0,0.48579081149532893,loss,loss,loss,loss,loss,loss,loss,loss,2024
37390,36225,short,Asia,low,17.970858067997842,13.718018508437671,False,2.4711607607679618,False,2024-06,96,0.9335762522416515,0.013398883371983597,0.9335762522416515,0.33388568835020754,0.9335762522416515,0.899897977820266,0.9335762522416515,3.1087220082887805,20.0,0.9335762522416515,win,loss,loss,loss,loss,loss,loss,loss,2024
37497,25112,short,Asia,low,11.367380560131796,14.308855291576675,False,0.4242086758127865,False,2023-12,96,1.7955092069154102,2.7023654699469373,1.7955092069154102,5.121752069495905,1.7955092069154102,5.343501593667587,1.7955092069154102,9.366435125475226,0.0,0.20685589941421081,loss,loss,loss,loss,loss,loss,loss,loss,2023
37497,10396,short,Asia,low,5.051047823750672,14.308855291576675,False,0.4242086758127865,False,2023-05,96,0.0,5.322164974481809,0.0,9.179809196989364,1.9215799756670806,9.54030661285981,2.23862457801771,15.451498615058659,0.0,0.0,loss,loss,loss,loss,loss,loss,loss,loss,2023
37497,61546,short,Asia,low,16.120218579234972,14.308855291576675,False,0.4242086758127865,False,2025-07,96,1.0353872872253684,1.568829540061077,2.2912551035752124,3.9351418450400746,2.2912551035752124,5.881267852873294,7.226936249474406,5.881267852873294,0.0,0.09047073383536838,loss,loss,loss,loss,loss,loss,loss,loss,2025
37497,13063,short,Asia,low,11.29032258064516,14.308855291576675,False,0.4242086758127865,False,2023-06,96,2.786345770517232,1.6026390580259207,2.786345770517232,7.952583801840433,9.674663145614698,7.952583801840433,11.616013461733406,7.952583801840433,3.0,2.786345770517232,win,win,win,win,win,loss,loss,loss,2023
37497,52930,short,Asia,low,14.635473340587597,14.308855291576675,False,0.4242086758127865,False,2025-02,96,4.213484574524668,2.2523947262481236,4.610058504971974,2.2523947262481236,13.50438594734021,2.2523947262481236,18.50738841543324,2.2523947262481236,2.0,4.213484574524668,win,win,win,win,win,win,win,win,2025
37583,37410,short,Asia,low,11.362412493268712,7.963163596966413,False,1.6578401935160632,False,2024-06,96,0.49321117394388825,0.49641176559821776,0.6170740709694226,0.681085904057322,0.6170740709694226,1.6723091394266654,0.6170740709694226,4.188614298120026,8.0,0.6170740709694226,win,loss,loss,loss,loss,loss,loss,loss,2024
37583,19177,short,Asia,low,1.9448946515397085,7.963163596966413,False,1.6578401935160632,False,2023-09,96,0.06924947930021924,0.9059461291976546,0.06924947930021924,2.079928478275012,1.5405972394901628,2.079928478275012,1.5405972394901628,3.460844565496573,4.0,0.06924947930021924,loss,loss,loss,loss,loss,loss,loss,loss,2023
37583,59742,short,Asia,low,15.09433962264151,7.963163596966413,False,1.6578401935160632,False,2025-06,96,0.08406501178528193,1.9507217079023513,0.08406501178528193,3.6198945320714153,0.08406501178528193,4.1044397475418375,0.08406501178528193,5.172892266183097,2.0,0.08406501178528193,loss,loss,loss,loss,loss,loss,loss,loss,2025
37583,36763,short,Asia,low,3.3713974986405653,7.963163596966413,False,1.6578401935160632,False,2024-06,96,0.21916461685512825,0.45339884862116603,0.4501228453796121,0.713513505994824,0.9120393024287289,0.713513505994824,0.9120393024287289,1.7624897439175558,21.0,0.9120393024287289,win,loss,loss,loss,loss,loss,loss,loss,2024
37583,28613,short,Asia,low,4.876741693461951,7.963163596966413,False,1.6578401935160632,False,2024-02,96,0.7424740558857403,0.15111799140538362,1.9331697768454257,0.15111799140538362,4.015176518810926,0.15111799140538362,4.015176518810926,0.19673851711261053,48.0,5.043919373509878,win,win,win,win,win,win,win,win,2024
37871,12530,short,London,low,21.55401809473124,26.426264800861144,False,1.13137031562108,False,2023-06,96,1.0886412707885607,4.21320595262621,5.2836640987410695,4.21320595262621,5.2836640987410695,4.21320595262621,5.2836640987410695,4.21320595262621,3.0,1.0886412707885607,win,win,loss,loss,loss,loss,loss,loss,2023
37871,16183,short,London,low,19.70417326994189,26.426264800861144,False,1.13137031562108,False,2023-08,96,1.7507421225704307,0.10514136808802341,5.407863261262692,8.116636928582423,5.407863261262692,9.589307801341157,5.407863261262692,9.589307801341157,4.0,5.407863261262692,win,win,win,ambiguous,ambiguous,ambiguous,ambiguous,ambiguous,2023
37871,33495,short,London,low,21.45512480084971,26.426264800861144,False,1.13137031562108,False,2024-04,96,0.1899809057624619,1.3875665185017119,0.1899809057624619,1.5640431272471662,2.542183913459206,1.5640431272471662,6.070488425004253,1.5640431272471662,1.0,0.1899809057624619,loss,loss,loss,loss,loss,loss,loss,loss,2024
37871,64875,short,London,low,28.738690792974985,26.426264800861144,False,1.13137031562108,False,2025-08,96,0.11116143157260959,1.1046855544096104,1.131195597711286,1.239947025347554,2.3123987771058725,1.239947025347554,2.3123987771058725,2.725111951237696,1.0,0.11116143157260959,loss,loss,loss,loss,loss,loss,loss,loss,2025
37871,40453,short,London,low,20.4857444561774,26.426264800861144,False,1.13137031562108,False,2024-08,96,3.9192138061805193,1.9833929812790354,8.242957277781217,1.9833929812790354,9.748965333173752,1.9833929812790354,12.011803149118116,1.9833929812790354,3.0,3.9192138061805193,win,win,ambiguous,ambiguous,ambiguous,ambiguous,ambiguous,loss,2024
38113,15052,long,Asia,low,19.568733153638814,13.103070175438598,False,2.766289679232827,False,2023-07,96,0.6117112050649937,0.14655580954677475,1.464978823493663,0.5245307729036996,1.760117894498023,0.5245307729036996,1.760117894498023,0.9453718623731061,39.0,1.760117894498023,win,win,win,loss,loss,loss,loss,loss,2023
38113,64390,long,Asia,low,12.297734627831716,13.103070175438598,False,2.766289679232827,False,2025-08,96,0.08390632078299286,0.5804791828715353,0.1947643688478579,0.6014557630672835,0.549459270339674,0.6014557630672835,1.3318221462467217,0.6014557630672835,,4.446526478343356,win,win,win,win,win,win,win,win,2025
38113,22949,long,Asia,low,6.109324758842444,13.103070175438598,False,2.766289679232827,False,2023-11,96,1.0759458135997308,0.2614787965387953,1.4087094328607825,0.2614787965387953,1.6486511127473389,0.2614787965387953,2.973032117026075,0.31304654063579074,,7.535564110923568,win,win,win,win,win,win,win,win,2023
38113,15127,long,Asia,low,11.153427638737758,13.103070175438598,False,2.766289679232827,False,2023-07,96,1.1209059498006908,0.21057751010390938,2.244917762582333,0.21057751010390938,2.6965102400027217,0.21057751010390938,2.6965102400027217,0.28822408462598714,48.0,2.6965102400027217,win,win,win,win,win,loss,loss,loss,2023
38113,33921,long,Asia,low,4.056246619794483,13.103070175438598,False,2.766289679232827,False,2024-05,96,0.32260185275082026,0.4352225563128101,0.32260185275082026,1.2525619713238971,0.32260185275082026,1.2525619713238971,0.32260185275082026,2.4680415158651194,6.0,0.32260185275082026,loss,loss,loss,loss,loss,loss,loss,loss,2024
38135,37325,long,London,low,13.143776824034333,20.422535211267608,False,1.3093123391155528,False,2024-06,96,2.4277997581520703,0.09823239190452962,4.563663893776823,0.09823239190452962,6.185090121596994,0.09823239190452962,11.331441737634359,0.09823239190452962,,11.730288919222215,win,win,win,win,win,win,win,win,2024
38135,69194,long,London,low,22.922476296709426,20.422535211267608,False,1.3093123391155528,False,2025-10,96,2.471662633565291,0.13552948508780907,2.471662633565291,0.13552948508780907,2.471662633565291,0.13552948508780907,2.471662633565291,3.652677884723205,16.0,2.471662633565291,win,win,win,win,loss,loss,loss,loss,2025
38135,52593,long,London,low,21.508828250401287,20.422535211267608,False,1.3093123391155528,False,2025-02,96,2.1823074535734044,0.06670175605606865,2.1823074535734044,0.06670175605606865,2.1823074535734044,2.411123477609135,2.1823074535734044,4.79382620698583,10.0,2.1823074535734044,win,win,win,win,loss,loss,loss,loss,2025
38135,41186,long,London,low,17.609730301427817,20.422535211267608,False,1.3093123391155528,False,2024-08,96,0.6315381470690236,1.2549314569237713,0.6638042329560019,1.2549314569237713,0.6638042329560019,4.483419623438223,0.6638042329560019,4.483419623438223,1.0,0.12906434354791332,loss,loss,loss,loss,loss,loss,loss,loss,2024
38135,29083,long,London,low,18.017057569296373,20.422535211267608,False,1.3093123391155528,False,2024-02,96,0.08165779081368131,1.6151525238113327,0.12730899670175194,1.6151525238113327,1.0737678004638151,1.8794151381770041,1.0737678004638151,5.426706728092373,0.0,0.08165779081368131,loss,loss,loss,loss,loss,loss,loss,loss,2024
38154,57755,long,London,low,18.78306878306878,17.908847184986595,False,2.68600268375674,False,2025-05,96,0.4601617412371577,0.4252159770744828,0.4601617412371577,0.4252159770744828,0.7575195848331808,0.6892860672162695,1.0489468516643778,0.6892860672162695,39.0,1.0489468516643778,win,win,loss,loss,loss,loss,loss,loss,2025
38154,36241,long,London,low,24.665596575708935,17.908847184986595,False,2.68600268375674,False,2024-06,96,0.3255841383090378,0.5490027589266442,0.6036057691476433,0.5490027589266442,2.3383856468844524,0.5490027589266442,2.3383856468844524,0.5490027589266442,,2.3383856468844524,win,win,win,win,none,none,none,none,2024
38154,5379,long,London,low,8.980454305335446,17.908847184986595,False,2.68600268375674,False,2023-02,96,0.6118807248035961,0.22345702630366182,0.7837707450371613,0.22345702630366182,0.825310833260266,0.28624463091673424,0.825310833260266,0.7641943816217013,43.0,0.825310833260266,win,loss,loss,loss,loss,loss,loss,loss,2023
38154,34518,long,London,low,17.845828933474127,17.908847184986595,False,2.68600268375674,False,2024-05,96,2.291729970685669,0.8888731219004895,2.291729970685669,0.8888731219004895,3.3472377927230714,1.9095686806780277,4.054468260992317,1.9095686806780277,8.0,2.291729970685669,win,win,win,win,loss,loss,loss,loss,2024
38154,61213,long,London,low,16.83646112600536,17.908847184986595,False,2.68600268375674,False,2025-07,96,0.23051333121268017,0.26944489882780587,0.8622621271800169,0.26944489882780587,1.1588149323472317,0.26944489882780587,1.4870897555713158,0.26944489882780587,,2.8926635374693888,win,win,win,win,win,none,none,none,2025
38391,21476,long,Asia,mid,39.571045576407506,46.22124863088718,False,1.7550261271085952,False,2023-10,96,0.09788666664651245,1.14497737350151,0.5764437035849761,1.14497737350151,0.5764437035849761,1.959051671874802,0.8743883050948728,1.959051671874802,2.0,0.09788666664651245,loss,loss,loss,loss,loss,loss,loss,loss,2023
38391,32186,long,Asia,mid,47.475832438238456,46.22124863088718,False,1.7550261271085952,False,2024-04,96,0.8499868749482604,0.23398990952115611,1.7243256409328052,0.23398990952115611,1.7243256409328052,0.23398990952115611,1.7243256409328052,1.5299340237922265,23.0,1.7243256409328052,win,win,win,loss,loss,loss,loss,loss,2024
38391,18800,long,Asia,mid,44.73398479913138,46.22124863088718,False,1.7550261271085952,False,2023-09,96,0.45459040158981184,0.4272846377568983,0.45459040158981184,0.4272846377568983,0.687700718756592,1.3460730245075045,0.687700718756592,2.253736840807669,14.0,0.687700718756592,win,loss,loss,loss,loss,loss,loss,loss,2023
38391,50934,long,Asia,mid,54.03409090909091,46.22124863088718,False,1.7550261271085952,False,2025-01,96,0.5123269537825224,0.5307045647193502,0.5123269537825224,0.7553198095024211,0.5123269537825224,1.1965866676626657,1.7419933211313856,1.1965866676626657,9.0,0.5123269537825224,win,loss,loss,loss,loss,loss,loss,loss,2025
38391,22018,long,Asia,mid,48.94878706199461,46.22124863088718,False,1.7550261271085952,False,2023-11,96,0.06873489304569205,0.814070050146349,0.06873489304569205,0.8316073479604519,0.10296090974742755,0.8316073479604519,0.9376797137716678,0.8316073479604519,47.0,1.3209545289030986,win,win,loss,loss,loss,loss,loss,loss,2023
38480,31348,long,Asia,mid,31.911447084233263,30.22490400438837,False,1.784889164932846,False,2024-03,96,0.2806275632353346,1.9039845036361696,0.49157766771739275,1.9039845036361696,0.8428415538171908,1.9039845036361696,1.1554312540952396,1.9039845036361696,1.0,0.2806275632353346,loss,loss,loss,loss,loss,loss,loss,loss,2024
38480,62181,long,Asia,mid,31.576057111477212,30.22490400438837,False,1.784889164932846,False,2025-07,96,0.6001672008331738,0.5694821971197939,0.6001672008331738,0.7210189077654194,0.6141721512458935,0.7210189077654194,0.6141721512458935,2.4570033229702264,18.0,0.6141721512458935,win,loss,loss,loss,loss,loss,loss,loss,2025
38480,18534,long,Asia,mid,31.749460043196542,30.22490400438837,False,1.784889164932846,False,2023-09,96,0.9078111513007303,0.16718633519546514,1.2352620944385055,0.16718633519546514,2.2138878399461652,0.49996168391271145,2.2138878399461652,1.1420849967975797,30.0,2.2138878399461652,win,win,win,win,loss,loss,loss,loss,2023
38480,29136,long,Asia,mid,34.893848666303754,30.22490400438837,False,1.784889164932846,False,2024-02,96,0.7336672595524104,0.09608516828771024,0.7336672595524104,0.09608516828771024,1.3081425665604833,0.509739960577024,3.3006883868988215,0.509739960577024,49.0,3.3006883868988215,win,win,win,win,win,win,loss,loss,2024
38480,48921,long,Asia,mid,32.142857142857146,30.22490400438837,False,1.784889164932846,False,2024-12,96,1.2539027334377295,0.12357855076317027,1.4690209514328616,0.12357855076317027,1.5022040808044423,0.12357855076317027,2.5760788020193277,0.12357855076317027,41.0,2.5760788020193277,win,win,win,win,win,loss,loss,loss,2024
38664,29792,long,Asia,mid,54.46187128177393,58.8683351468988,False,2.1221725982576918,True,2024-03,96,0.1096757301285609,0.13755939033079712,0.7097940613690203,0.13755939033079712,2.3422274569840367,0.13755939033079712,2.3422274569840367,0.13755939033079712,,12.143953654947648,win,win,win,win,win,win,win,win,2024
38664,30156,long,Asia,mid,61.68021680216802,58.8683351468988,False,2.1221725982576918,True,2024-03,96,0.8332255179196497,0.15460035423223983,0.9255164545103219,0.15460035423223983,1.6495049599117508,0.15460035423223983,4.009441564482655,0.15460035423223983,,10.28261816403943,win,win,win,win,win,win,win,win,2024
38664,66784,long,Asia,mid,68.21120689655173,58.8683351468988,False,2.1221725982576918,True,2025-09,96,0.30694324407957213,0.374019176149908,0.9726010150198263,0.374019176149908,2.2301330316228882,0.374019176149908,2.2301330316228882,0.7085485782077364,34.0,2.2301330316228882,win,win,win,win,loss,loss,loss,loss,2025
38664,31178,long,Asia,mid,60.075026795284025,58.8683351468988,False,2.1221725982576918,True,2024-03,96,0.13897318037894957,0.48744634974221424,0.1938967127442042,1.2068614062546885,0.1938967127442042,1.3820341875107787,1.4475679477194148,1.3820341875107787,7.0,0.1938967127442042,loss,loss,loss,loss,loss,loss,loss,loss,2024
38664,3046,long,Asia,mid,50.21621621621621,58.8683351468988,False,2.1221725982576918,True,2023-01,96,1.311604791508733,0.2641067333672301,1.99771836929549,0.2641067333672301,1.99771836929549,0.3317782095325002,1.99771836929549,2.2641748066962344,19.0,1.99771836929549,win,win,win,loss,loss,loss,loss,loss,2023
38680,46287,long,Asia,mid,53.128371089536145,57.76699029126213,False,1.6108250752065332,True,2024-11,96,0.365421827812297,0.3292879375761736,0.365421827812297,1.312456386036501,0.365421827812297,3.8001828629754932,0.365421827812297,6.612501913222559,5.0,0.365421827812297,loss,loss,loss,loss,loss,loss,loss,loss,2024
38680,3047,long,Asia,mid,62.452728254997304,57.76699029126213,False,1.6108250752065332,True,2023-01,96,1.2881935039712333,0.3845353743197343,1.3520040842025687,0.3845353743197343,1.3520040842025687,1.9965188094211002,1.3520040842025687,3.7021282487046103,12.0,1.3520040842025687,win,win,loss,loss,loss,loss,loss,loss,2023
38680,68879,long,Asia,mid,62.31470923603193,57.76699029126213,False,1.6108250752065332,True,2025-10,96,0.029798768017045753,1.4609097799207065,0.029798768017045753,1.4609097799207065,0.029798768017045753,3.0822471220484453,0.029798768017045753,7.0372486187032415,1.0,0.029798768017045753,loss,loss,loss,loss,loss,loss,loss,loss,2025
38680,39049,long,Asia,mid,51.051212938005385,57.76699029126213,False,1.6108250752065332,True,2024-07,96,1.0338776755153045,0.17778831055586466,1.0338776755153045,0.4437460957760548,1.0338776755153045,1.2413778912319064,2.197473180879089,1.2413778912319064,12.0,1.0338776755153045,win,win,loss,loss,loss,loss,loss,loss,2024
38680,60103,long,Asia,mid,65.63852813852814,57.76699029126213,False,1.6108250752065332,True,2025-06,96,0.1314097773813044,0.9694650350676628,0.1314097773813044,1.2184017827036677,0.1314097773813044,2.691039094389379,0.1314097773813044,3.0661928136875436,4.0,0.1314097773813044,loss,loss,loss,loss,loss,loss,loss,loss,2025
39439,47427,long,London,low,18.73015873015873,23.867874267448055,False,1.7994998300757825,False,2024-11,96,0.2369064840543172,0.508423990967853,0.2369064840543172,0.7274282218189576,0.3130905171296648,2.026137234741124,0.3130905171296648,2.026137234741124,12.0,0.3130905171296648,loss,loss,loss,loss,loss,loss,loss,loss,2024
39439,15533,long,London,low,24.20042643923241,23.867874267448055,False,1.7994998300757825,False,2023-07,96,0.24558589260113403,0.805539364061505,1.2041204177624345,0.805539364061505,1.2041204177624345,3.4108661852105686,1.5616970046557028,3.4108661852105686,13.0,1.2041204177624345,win,win,loss,loss,loss,loss,loss,loss,2023
39439,27339,long,London,low,14.446227929373997,23.867874267448055,False,1.7994998300757825,False,2024-01,96,2.1092274428817577,0.19540625502118317,2.1625200578875123,0.19540625502118317,2.1625200578875123,0.19540625502118317,4.246732599848205,1.4610152277094275,17.0,3.428129030575757,win,win,win,win,ambiguous,ambiguous,loss,loss,2024
39439,18638,long,London,low,14.645922746781114,23.867874267448055,False,1.7994998300757825,False,2023-09,96,1.4024303188754952,0.21779484145562528,1.4024303188754952,0.2563000067958849,1.4024303188754952,4.952125248676393,1.4024303188754952,7.0602830510531085,10.0,1.4024303188754952,win,win,loss,loss,loss,loss,loss,loss,2023
39439,43835,long,London,low,24.814422057264053,23.867874267448055,False,1.7994998300757825,False,2024-10,96,0.5107581181709646,0.4129097725634791,0.805327744999758,0.4129097725634791,1.0671104916249614,6.755634206940802,3.015368388720228,6.755634206940802,11.0,1.0671104916249614,win,win,loss,loss,loss,loss,loss,loss,2024
39584,43988,long,Asia,mid,59.94609164420485,68.60718171926007,False,3.4563818107377116,False,2024-10,96,0.0979608630392805,1.2868062882736042,0.0979608630392805,1.2868062882736042,0.0979608630392805,1.2868062882736042,0.0979608630392805,1.784789859995728,2.0,0.0979608630392805,loss,loss,loss,loss,loss,loss,loss,loss,2024
39584,30155,long,Asia,mid,61.49674620390455,68.60718171926007,False,3.4563818107377116,False,2024-03,96,0.5418259671437793,0.21734080449016077,0.6345130655849529,0.21734080449016077,1.0805998461240214,0.21734080449016077,2.534678901737792,0.21734080449016077,,6.399907606574325,win,win,win,win,win,win,win,win,2024
39584,52841,long,Asia,mid,67.13742531233025,68.60718171926007,False,3.4563818107377116,False,2025-02,96,1.1560463095303684,0.007582620421942213,1.2623546478460983,0.007582620421942213,1.2623546478460983,0.007582620421942213,1.5623231117384149,0.007582620421942213,,2.1281382476242565,win,win,win,win,none,none,none,none,2025
39584,65477,long,Asia,mid,61.35002721829069,68.60718171926007,False,3.4563818107377116,False,2025-09,96,0.3953410966053856,0.14404123181789646,0.3953410966053856,0.14404123181789646,0.5839237567160876,0.3603545230915413,0.7310541521091395,0.3603545230915413,,3.5275374387640634,win,win,win,win,win,win,win,none,2025
39584,66872,long,Asia,mid,60.043196544276455,68.60718171926007,False,3.4563818107377116,False,2025-09,96,0.13741683684605524,0.04941974298083677,0.2532087922180862,0.21618891202157528,0.5206145287833946,0.3740924786851402,0.5829732590173854,0.3740924786851402,,3.7944179147080006,win,win,win,win,win,win,win,none,2025
40174,22686,long,London,low,23.203831825439064,21.998942358540454,False,2.0822945557575867,False,2023-11,96,1.1369523234605268,0.17069205486077768,1.1369523234605268,0.17069205486077768,1.1369523234605268,0.3694349019538625,2.954882390264133,1.495047543448113,23.0,1.1369523234605268,win,win,loss,loss,loss,loss,loss,loss,2023
40174,29083,long,London,low,18.017057569296373,21.998942358540454,False,2.0822945557575867,False,2024-02,96,0.05134506681662587,1.0155811641213333,0.08004978921023993,1.0155811641213333,0.6751674140456762,1.1817451205122316,0.6751674140456762,3.412223338051075,1.0,0.05134506681662587,loss,loss,loss,loss,loss,loss,loss,loss,2024
40174,34696,long,London,low,21.76906779661017,21.998942358540454,False,2.0822945557575867,False,2024-05,96,0.7973487394522217,0.2634751974573653,1.3638599748258804,0.2634751974573653,4.265054209890583,0.2634751974573653,7.040444972295501,0.2634751974573653,,13.143891438318294,win,win,win,win,win,win,win,win,2024
40174,18455,long,London,low,23.002680965147455,21.998942358540454,False,2.0822945557575867,False,2023-09,96,0.5355332641906085,0.311356548948089,0.8727563572051924,0.311356548948089,0.8727563572051924,0.6624709341463981,2.6666490892211865,2.4673808978944662,18.0,0.9666423319648689,win,loss,loss,loss,loss,loss,loss,loss,2023
40174,36862,long,London,low,26.76056338028169,21.998942358540454,False,2.0822945557575867,False,2024-06,96,0.5680111864498018,1.7869872554755002,0.5680111864498018,2.2595911374752093,0.5680111864498018,2.2595911374752093,4.906721679752081,2.2595911374752093,3.0,0.5680111864498018,win,loss,loss,loss,loss,loss,loss,loss,2024
40318,46574,short,Asia,low,15.710455764075068,15.613182063749326,False,0.9238427106715814,False,2024-11,96,5.147852675908833,0.11338489244539884,5.147852675908833,0.11338489244539884,5.147852675908833,1.3762426118476547,5.147852675908833,4.384067042152232,13.0,5.147852675908833,win,win,win,win,win,win,win,win,2024
40318,61023,short,Asia,low,25.067240451855838,15.613182063749326,False,0.9238427106715814,False,2025-06,96,1.0842056296581568,0.37785189300273175,1.724011572493227,0.37785189300273175,4.461194612701525,0.37785189300273175,5.195712771460785,0.37785189300273175,47.0,5.195712771460785,win,win,win,win,win,win,win,win,2025
40318,63558,short,Asia,low,21.45945945945946,15.613182063749326,False,0.9238427106715814,False,2025-08,96,0.562057738339009,3.805501753046846,0.562057738339009,4.521306226985557,0.562057738339009,4.521306226985557,0.562057738339009,9.315899976968643,1.0,0.562057738339009,win,loss,loss,loss,loss,loss,loss,loss,2025
40318,66491,short,Asia,low,24.63295269168026,15.613182063749326,False,0.9238427106715814,False,2025-09,96,0.7768717782178829,2.5215133143437174,1.0245411570855003,2.5215133143437174,1.2977742654075204,2.708095339710682,1.2977742654075204,10.97646783394785,1.0,0.7768717782178829,win,loss,loss,loss,loss,loss,loss,loss,2025
40318,28499,short,Asia,low,7.917570498915401,15.613182063749326,False,0.9238427106715814,False,2024-02,96,0.4561681682324939,2.1224866052471145,0.4561681682324939,2.1224866052471145,1.7643900944848465,2.1224866052471145,1.7643900944848465,6.322472816902097,3.0,0.4561681682324939,loss,loss,loss,loss,loss,loss,loss,loss,2024
40412,50025,long,Asia,low,0.398406374501992,4.155423637344846,False,2.642978346529275,False,2025-01,96,0.38541032912843187,0.2857239365689037,0.7618576273469626,0.2857239365689037,1.5571626627237454,0.3862847711685071,1.7099714092131457,2.465052110750147,31.0,1.7099714092131457,win,win,win,loss,loss,loss,loss,loss,2025
40412,6522,long,Asia,low,6.8478260869565215,4.155423637344846,False,2.642978346529275,False,2023-03,96,0.48240995762327493,0.10314967788521312,0.48240995762327493,0.10314967788521312,1.0611309404542593,0.10314967788521312,1.9347688200012114,0.10314967788521312,,6.586192416127815,win,win,win,win,win,win,win,win,2023
40412,64125,long,Asia,low,1.447721179624665,4.155423637344846,False,2.642978346529275,False,2025-08,96,0.478613342340145,0.40845012985044105,0.478613342340145,0.7515920909326949,0.478613342340145,1.0677963900768814,0.478613342340145,1.4796920348264289,15.0,0.478613342340145,loss,loss,loss,loss,loss,loss,loss,loss,2025
40412,42881,long,Asia,low,3.6996735582154514,4.155423637344846,False,2.642978346529275,False,2024-09,96,0.5016942508191088,0.7100405741334977,1.3457047446004164,0.7100405741334977,1.5286429797057053,0.7100405741334977,5.763478336297487,0.7100405741334977,,8.769486154050648,win,win,win,win,win,win,win,win,2024
40412,46943,long,Asia,low,13.879957127545554,4.155423637344846,False,2.642978346529275,False,2024-11,96,0.7685006170843848,0.18254751500156577,1.104442992099836,0.18254751500156577,2.2134649352448923,0.18254751500156577,2.4917125270909244,0.18254751500156577,,5.370041154097455,win,win,win,win,win,win,win,win,2024
40433,18344,long,Asia,low,18.039003250270856,13.767342582710778,False,1.6689531118130472,False,2023-09,96,0.3227395040730807,0.2651295734036957,0.3227395040730807,1.222197776461085,0.3227395040730807,1.6273256760077464,1.4173281867932275,1.7964386982956595,5.0,0.3227395040730807,loss,loss,loss,loss,loss,loss,loss,loss,2023
40433,16145,long,Asia,low,15.633423180592992,13.767342582710778,False,1.6689531118130472,False,2023-08,96,0.4894548873357716,0.8802449554852992,0.4894548873357716,1.045653622944678,0.4894548873357716,1.6231330058289906,0.4894548873357716,2.122260914653603,7.0,0.4894548873357716,loss,loss,loss,loss,loss,loss,loss,loss,2023
40433,42520,long,Asia,low,13.550135501355012,13.767342582710778,False,1.6689531118130472,False,2024-09,96,1.1203242479578779,0.46387479672208765,1.1203242479578779,0.46387479672208765,1.3092654184242352,0.46387479672208765,1.3092654184242352,3.0406205670253996,16.0,1.3092654184242352,win,win,loss,loss,loss,loss,loss,loss,2024
40433,59930,long,Asia,low,15.976331360946746,13.767342582710778,False,1.6689531118130472,False,2025-06,96,0.14335760318787602,1.2804315153964017,0.1458387924738241,4.958656787959267,0.1458387924738241,4.958656787959267,3.3403699981268082,4.958656787959267,2.0,0.14335760318787602,loss,loss,loss,loss,loss,loss,loss,loss,2025
40433,22677,long,Asia,low,18.235294117647058,13.767342582710778,False,1.6689531118130472,False,2023-11,96,0.6779976480053774,0.5806978140149077,0.6779976480053774,1.2071381794675464,0.6779976480053774,1.3389387514068087,0.6779976480053774,2.2456491566009293,6.0,0.6779976480053774,win,loss,loss,loss,loss,loss,loss,loss,2023
40524,41971,long,Asia,low,0.974025974025974,10.197544046983449,False,1.9257302304563095,False,2024-09,96,0.6869329313677173,0.07316831984140458,1.2415749273079242,0.07316831984140458,1.4395213640215065,0.2701348237000663,1.4395213640215065,0.6601480999972614,33.0,1.4395213640215065,win,win,loss,loss,loss,loss,loss,loss,2024
40524,51849,long,Asia,low,18.7027027027027,10.197544046983449,False,1.9257302304563095,False,2025-02,96,0.23502671903722103,0.814038904251623,0.23502671903722103,1.8147034311869774,0.23502671903722103,2.1665681456077115,0.4723046518583729,2.1665681456077115,4.0,0.23502671903722103,loss,loss,loss,loss,loss,loss,loss,loss,2025
40524,4963,long,Asia,low,3.3062330623306235,10.197544046983449,False,1.9257302304563095,False,2023-02,96,0.30056520160254674,0.3945825774661535,0.8018702057247152,0.49331897219547177,0.9968019850249362,0.49331897219547177,3.3018612002135876,0.49331897219547177,52.0,5.270781071581048,win,win,win,win,win,win,ambiguous,ambiguous,2023
40524,61369,long,Asia,low,0.5443658138268916,10.197544046983449,False,1.9257302304563095,False,2025-07,96,0.9001673407156777,0.27852880796215473,0.9001673407156777,0.6393888432270541,2.4051670691621734,0.6393888432270541,2.9399423804495206,0.6393888432270541,70.0,2.9399423804495206,win,win,win,win,win,loss,loss,loss,2025
40524,58011,long,Asia,low,16.35489043292357,10.197544046983449,False,1.9257302304563095,False,2025-05,96,0.14623211950601855,0.8464788160513769,0.9928982925330979,0.8464788160513769,0.9928982925330979,0.8464788160513769,0.9928982925330979,5.472978294618367,22.0,0.9928982925330979,win,loss,loss,loss,loss,loss,loss,loss,2025
40540,34145,long,London,low,8.470089994706195,1.7998941238750663,False,1.3738169990443663,False,2024-05,96,1.3346825012284127,0.11694714544843908,2.984008512829963,0.11694714544843908,8.993792376149955,0.11694714544843908,8.993792376149955,0.11694714544843908,,21.228691354726916,win,win,win,win,win,win,win,win,2024
40540,62485,long,London,low,7.4034334763948495,1.7998941238750663,False,1.3738169990443663,False,2025-07,96,0.5851182349128955,0.953176479454882,0.5851182349128955,1.0328700024896373,3.2475110636653213,1.0328700024896373,11.082904846511125,1.0328700024896373,4.0,0.5851182349128955,win,loss,loss,loss,loss,loss,loss,loss,2025
40540,36327,long,London,low,8.319914117015566,1.7998941238750663,False,1.3738169990443663,False,2024-06,96,1.1242864611286238,0.5009888052856599,1.1242864611286238,0.6864721972719552,1.1242864611286238,0.6864721972719552,10.6474812877021,0.6864721972719552,67.0,10.6474812877021,win,win,win,win,win,win,win,win,2024
40540,34149,long,London,low,10.353935552033809,1.7998941238750663,False,1.3738169990443663,False,2024-05,96,1.90987115091132,0.36171341166505017,4.926481907909624,0.36171341166505017,7.819276551747638,0.36171341166505017,7.819276551747638,0.36171341166505017,,19.849822033419606,win,win,win,win,win,win,win,win,2024
40540,69728,long,London,low,8.619718309859154,1.7998941238750663,False,1.3738169990443663,False,2025-11,96,0.5556607209358947,0.9758054911704677,0.6802991371327614,0.9758054911704677,1.7589879754911855,0.9758054911704677,2.9067944810133466,0.9758054911704677,,7.77041209631766,win,win,win,win,win,win,win,win,2025
40623,71829,long,London,low,19.226638023630503,26.75531914893617,False,1.7159795328145901,False,2025-12,96,0.10330473778036499,0.9341385863116592,0.10330473778036499,1.2413314995693978,0.9358132325169627,1.6187548880556613,6.835591813269838,1.6187548880556613,6.0,0.10330473778036499,loss,loss,loss,loss,loss,loss,loss,loss,2025
40623,49307,long,London,low,22.665947112790068,26.75531914893617,False,1.7159795328145901,False,2024-12,96,0.2781497669725164,1.0353352437309733,0.2781497669725164,1.7254794946037146,1.4941634918138829,1.7254794946037146,1.4941634918138829,4.820311688149015,1.0,0.2781497669725164,loss,loss,loss,loss,loss,loss,loss,loss,2024
40623,28733,long,London,low,17.159450897571276,26.75531914893617,False,1.7159795328145901,False,2024-02,96,2.740034427464567,1.2829143269612995,4.555295652829039,1.2829143269612995,4.555295652829039,1.2829143269612995,4.555295652829039,1.2829143269612995,3.0,2.740034427464567,win,ambiguous,ambiguous,ambiguous,ambiguous,loss,loss,loss,2024
40623,35970,long,London,low,23.319103521878333,26.75531914893617,False,1.7159795328145901,False,2024-06,96,0.1778636395360814,0.48533141361545284,0.18582397025661881,1.095540515408728,1.4313669676797738,1.9594851589180302,4.305792638785061,1.9594851589180302,6.0,0.18582397025661881,loss,loss,loss,loss,loss,loss,loss,loss,2024
40623,13079,long,London,low,26.332622601279315,26.75531914893617,False,1.7159795328145901,False,2023-06,96,0.3648172771742543,0.5338975183699344,0.9421272899052358,0.7448670085104344,1.3621622134159734,0.7448670085104344,1.7064156774718962,0.7448670085104344,40.0,1.7064156774718962,win,win,win,loss,loss,loss,loss,loss,2023
40783,11755,short,Asia,low,11.847826086956522,18.426724137931032,False,2.0535056522051045,False,2023-05,96,0.11902867424261789,0.5697366658925713,1.9977327197452799,0.5697366658925713,4.497682915900386,0.5697366658925713,4.497682915900386,2.770374991145031,30.0,4.497682915900386,win,win,win,win,win,win,win,win,2023
40783,14503,short,Asia,low,17.959848073792728,18.426724137931032,False,2.0535056522051045,False,2023-07,96,0.05583392824443247,1.1986966801720222,0.05583392824443247,3.6342111363518996,0.05583392824443247,3.6342111363518996,0.05583392824443247,3.827512046549872,3.0,0.05583392824443247,loss,loss,loss,loss,loss,loss,loss,loss,2023
40783,69884,short,Asia,low,10.70406410990269,18.426724137931032,False,2.0535056522051045,False,2025-11,96,0.373891774145871,0.38670299381863715,1.1551313738124278,0.38670299381863715,2.227765020941908,0.38670299381863715,2.619364022278856,0.38670299381863715,54.0,2.619364022278856,win,win,win,win,win,loss,loss,loss,2025
40783,59374,short,Asia,low,12.452830188679245,18.426724137931032,False,2.0535056522051045,False,2025-06,96,0.7458272158864578,0.14404433513938875,0.7458272158864578,0.35236595223571093,0.7458272158864578,1.0741682168333637,1.1951359540243442,1.0741682168333637,11.0,0.7458272158864578,win,loss,loss,loss,loss,loss,loss,loss,2025
40783,58912,short,Asia,low,18.186724230976793,18.426724137931032,False,2.0535056522051045,False,2025-05,96,0.27164428214285286,0.5539706781746478,0.27164428214285286,1.2191665246499594,0.27164428214285286,2.4866836700607733,0.27164428214285286,2.6447602150676413,4.0,0.27164428214285286,loss,loss,loss,loss,loss,loss,loss,loss,2025
40966,58654,short,Asia,low,17.54010695187166,14.070080862533693,False,2.0854715907763426,False,2025-05,96,0.0689570659183325,0.7168570834976628,0.0689570659183325,0.9302665618392069,0.11132512411851532,0.9302665618392069,0.11132512411851532,3.55351191019482,22.0,0.11132512411851532,loss,loss,loss,loss,loss,loss,loss,loss,2025
40966,23474,short,Asia,low,14.410005437737903,14.070080862533693,False,2.0854715907763426,False,2023-11,96,0.7842476404327723,0.14536734771042625,0.8361382632863142,0.14536734771042625,0.8361382632863142,0.3867875504902658,0.8361382632863142,0.9413915834007252,37.0,0.8361382632863142,win,loss,loss,loss,loss,loss,loss,loss,2023
40966,62367,short,Asia,low,4.243743199129488,14.070080862533693,False,2.0854715907763426,False,2025-07,96,0.7499062510365189,0.16574988822188397,0.9721006957881253,0.16574988822188397,1.050047940519511,2.369417050766066,1.050047940519511,2.5636580008553063,12.0,1.050047940519511,win,win,loss,loss,loss,loss,loss,loss,2025
40966,44634,short,Asia,low,8.40064620355412,14.070080862533693,False,2.0854715907763426,False,2024-10,96,0.9336602152179961,0.26753182015935534,1.8205786989068224,0.26753182015935534,1.8205786989068224,0.48432889654829103,1.8205786989068224,1.2700127757695505,31.0,1.8205786989068224,win,win,win,loss,loss,loss,loss,loss,2024
40966,63486,short,Asia,low,6.363636363636363,14.070080862533693,False,2.0854715907763426,False,2025-08,96,0.05192955642666646,1.4200806967707171,0.3592864716729773,1.4200806967707171,1.5788053127039128,1.4200806967707171,2.352427255795419,1.4200806967707171,1.0,0.05192955642666646,loss,loss,loss,loss,loss,loss,loss,loss,2025
40983,7903,long,Asia,low,28.239740820734344,19.764957264957264,False,2.354370753459644,False,2023-03,96,0.3658667111341172,0.7420881405077903,0.3757612196741966,0.7420881405077903,0.7018197917980745,0.7420881405077903,2.9692729814303234,0.7420881405077903,,5.909322646939885,win,win,win,win,win,win,win,win,2023
40983,52582,long,Asia,low,28.31001076426265,19.764957264957264,False,2.354370753459644,False,2025-02,96,0.15217349758517484,0.6857808682883243,0.6951666957429744,0.6857808682883243,1.8683951275801025,0.6857808682883243,1.8683951275801025,0.7239396422024398,37.0,1.8683951275801025,win,win,win,loss,loss,loss,loss,loss,2025
40983,36223,long,Asia,low,17.828200972447323,19.764957264957264,False,2.354370753459644,False,2024-06,96,0.5163246796813016,0.7713491347282754,0.559874717120313,0.7713491347282754,1.1543612543887356,0.7713491347282754,3.4218158237587954,0.7713491347282754,,3.474304078488795,win,win,win,win,win,win,none,none,2024
40983,30889,long,Asia,low,19.913653534808418,19.764957264957264,False,2.354370753459644,False,2024-03,96,0.1322362713303215,0.6630794849480257,0.1322362713303215,0.6630794849480257,0.294209885974024,0.8706081787103684,0.294209885974024,1.5257787957559803,26.0,0.294209885974024,loss,loss,loss,loss,loss,loss,loss,loss,2024
40983,42693,long,Asia,low,21.53762268266085,19.764957264957264,False,2.354370753459644,False,2024-09,96,0.7090020903530456,0.2956518631726483,0.7090020903530456,0.5880901191369737,0.7164335570224293,0.5880901191369737,0.7164335570224293,1.4587768221625557,19.0,0.7164335570224293,win,loss,loss,loss,loss,loss,loss,loss,2024
41084,6562,long,London,low,10.904255319148938,11.057947900053163,False,1.5474010136693415,False,2023-03,96,0.3392558164395226,0.7087096471381766,3.034900433017455,1.5448171669308879,7.879794345676434,1.5448171669308879,7.879794345676434,1.5448171669308879,4.0,0.3392558164395226,loss,loss,loss,loss,loss,loss,loss,loss,2023
41084,59307,long,London,low,8.563829787234042,11.057947900053163,False,1.5474010136693415,False,2025-06,96,0.7283623862925863,0.31492032046698876,1.108915361348513,0.937048033034516,1.1097885230503415,3.2621321181087675,1.1097885230503415,3.2621321181087675,11.0,1.1097885230503415,win,win,loss,loss,loss,loss,loss,loss,2025
41084,25052,long,London,low,17.970858067997842,11.057947900053163,False,1.5474010136693415,False,2023-12,96,0.04907588213517304,0.9571894276281862,0.13170792299532652,1.07211927126107,2.449180134934753,1.07211927126107,8.447343507013397,1.07211927126107,4.0,0.04907588213517304,loss,loss,loss,loss,loss,loss,loss,loss,2023
41084,64693,long,London,low,5.209994683678895,11.057947900053163,False,1.5474010136693415,False,2025-08,96,0.42289933154752773,0.5359873919548311,1.2775894391955307,0.5359873919548311,2.12783382456706,0.5359873919548311,3.4593276463645664,0.5359873919548311,54.0,3.4593276463645664,win,win,win,win,win,win,loss,loss,2025
41084,63410,long,London,low,20.307529162248144,11.057947900053163,False,1.5474010136693415,False,2025-08,96,0.35181962723551696,1.9427390854931113,0.35181962723551696,2.941220556166289,3.3989461518652333,2.941220556166289,5.659614954685596,2.941220556166289,0.0,0.35181962723551696,loss,loss,loss,loss,loss,loss,loss,loss,2025
41169,49182,long,Asia,low,10.249307479224377,3.9487726787620065,False,1.7579292512494846,False,2024-12,96,0.2939995823814002,0.7954975366835055,0.2939995823814002,1.0074385689602696,0.7241536380257019,1.0074385689602696,1.4564085978768924,1.972802531019719,5.0,0.2939995823814002,loss,loss,loss,loss,loss,loss,loss,loss,2024
41169,37128,long,Asia,low,10.750945434900053,3.9487726787620065,False,1.7579292512494846,False,2024-06,96,0.8416284222106465,0.5576415607001775,0.8416284222106465,1.1253200790837132,0.8416284222106465,1.3012620431796826,2.912193751353504,1.3012620431796826,5.0,0.8416284222106465,win,loss,loss,loss,loss,loss,loss,loss,2024
41169,36767,long,Asia,low,1.1394465545306565,3.9487726787620065,False,1.7579292512494846,False,2024-06,96,0.32931364320487666,0.843928142816989,0.32931364320487666,1.1606902128607413,0.32931364320487666,1.3096575680116236,1.3869488343204783,1.3096575680116236,5.0,0.32931364320487666,loss,loss,loss,loss,loss,loss,loss,loss,2024
41169,12505,long,Asia,low,0.2157497303128371,3.9487726787620065,False,1.7579292512494846,False,2023-06,96,1.1769580937907531,0.11829546380394787,1.5400215909952992,0.11829546380394787,1.5400215909952992,1.3922885463371264,5.213722653550358,1.3922885463371264,10.0,1.5400215909952992,win,win,win,loss,loss,loss,loss,loss,2023
41169,34315,long,Asia,low,12.053333333333335,3.9487726787620065,False,1.7579292512494846,False,2024-05,96,0.4119151322312028,0.7453928763284751,0.4119151322312028,1.8896279868659573,0.4119151322312028,2.5042918829709624,0.4119151322312028,2.662355104513824,5.0,0.4119151322312028,loss,loss,loss,loss,loss,loss,loss,loss,2024
41238,61559,short,Asia,low,8.681497558328811,0.2701242571582928,False,1.9278515003269787,False,2025-07,96,0.8435126248203454,0.602761738384511,2.0109212317928957,0.602761738384511,2.46797802487956,0.602761738384511,6.6689764587322555,0.602761738384511,,8.176684915870654,win,win,win,win,win,win,win,win,2025
41238,29429,short,Asia,low,1.2944983818770228,0.2701242571582928,False,1.9278515003269787,False,2024-02,96,0.0056742773576735975,0.6383562027243458,0.0056742773576735975,1.6790186700988732,0.0056742773576735975,3.767152737677214,0.0056742773576735975,3.767152737677214,4.0,0.0056742773576735975,loss,loss,loss,loss,loss,loss,loss,loss,2024
41238,27120,short,Asia,low,1.3086150490730644,0.2701242571582928,False,1.9278515003269787,False,2024-01,96,0.9163064272774787,0.5355730977901906,0.9163064272774787,0.5355730977901906,0.9163064272774787,2.5111149692400487,0.9163064272774787,6.619913489403129,11.0,0.9163064272774787,win,loss,loss,loss,loss,loss,loss,loss,2024
41238,29424,short,Asia,low,5.624661979448351,0.2701242571582928,False,1.9278515003269787,False,2024-02,96,0.3925044962754443,0.34799367711031104,0.5442459252480332,0.34799367711031104,0.5442459252480332,1.179030903116367,0.5442459252480332,2.8436343789446274,13.0,0.5442459252480332,win,loss,loss,loss,loss,loss,loss,loss,2024
41238,59084,short,Asia,low,4.236827810972297,0.2701242571582928,False,1.9278515003269787,False,2025-05,96,1.7794577299127516,0.8597556136525353,2.7678567097277442,0.8597556136525353,3.393181011439471,0.8597556136525353,3.764744845685506,0.8597556136525353,,5.829568824395269,win,win,win,win,win,win,win,win,2025
41332,25109,short,Asia,low,13.31133113311331,3.3998920669185106,False,1.965967452718789,False,2023-12,96,0.594626367346704,0.2291606624895508,0.9015755115987564,0.3679184948227391,0.9015755115987564,0.6100439042726404,0.9015755115987564,1.4618628194287724,20.0,0.9015755115987564,win,loss,loss,loss,loss,loss,loss,loss,2023
41332,28784,short,Asia,low,9.983810037776578,3.3998920669185106,False,1.965967452718789,False,2024-02,96,0.5360434124676896,0.006146279913588906,0.8165771885257723,0.006146279913588906,1.0404773853795939,0.006146279913588906,1.0404773853795939,0.5865307117582621,33.0,1.0404773853795939,win,win,loss,loss,loss,loss,loss,loss,2024
41332,6078,short,Asia,low,6.411637931034483,3.3998920669185106,False,1.965967452718789,False,2023-03,96,0.6257922316023603,0.04898140130533056,1.2318456895443337,0.08443808732484973,1.3093386528035842,0.59691513680297,1.3093386528035842,1.4595726523295571,22.0,1.3093386528035842,win,win,loss,loss,loss,loss,loss,loss,2023
41332,27133,short,Asia,low,13.048186247969682,3.3998920669185106,False,1.965967452718789,False,2024-01,96,0.0,0.9548289500136942,0.0,1.963074904223988,0.0,4.294727137404338,0.8867222696631569,4.294727137404338,5.0,0.0,loss,loss,loss,loss,loss,loss,loss,loss,2024
41332,70980,short,Asia,low,3.1504617055947857,3.3998920669185106,False,1.965967452718789,False,2025-11,96,0.56327689546951,0.10734144611781248,0.87679894106115,0.10734144611781248,3.7381392913871068,0.10734144611781248,4.625034705102831,0.10734144611781248,48.0,4.625034705102831,win,win,win,win,win,win,win,win,2025
41459,52683,long,London,mid,35.886448848419924,45.33898305084746,False,1.7983290112102706,False,2025-02,96,0.20593804522428186,0.7410749455092526,0.20593804522428186,0.9109596757584646,0.20593804522428186,2.8574611627914424,0.20593804522428186,5.617710507718092,12.0,0.20593804522428186,loss,loss,loss,loss,loss,loss,loss,loss,2025
41459,56452,long,London,mid,46.08,45.33898305084746,False,1.7983290112102706,False,2025-04,96,0.24773290910905996,1.2370933008787546,0.303145471019717,1.2370933008787546,0.4346062747964299,1.2370933008787546,3.832579990901927,1.2370933008787546,2.0,0.24773290910905996,loss,loss,loss,loss,loss,loss,loss,loss,2025
41459,27797,long,London,mid,49.11622924477772,45.33898305084746,False,1.7983290112102706,False,2024-02,96,0.18187346223071912,0.5559966856466332,0.18187346223071912,2.3764606911126744,0.18187346223071912,3.527941644538355,6.239037976934398,3.527941644538355,5.0,0.18187346223071912,loss,loss,loss,loss,loss,loss,loss,loss,2024
41459,44296,long,London,mid,36.45998940116587,45.33898305084746,False,1.7983290112102706,False,2024-10,96,0.9363426644362036,0.1894298126285804,1.464584860054947,0.1894298126285804,3.289806790684704,0.1894298126285804,4.99891290775682,0.1894298126285804,,6.138034465577334,win,win,win,win,win,win,win,win,2024
41459,15984,long,London,mid,51.54419595314164,45.33898305084746,False,1.7983290112102706,False,2023-08,96,1.1514259277800387,0.26930725757151225,1.1514259277800387,0.26930725757151225,2.1489619940907088,0.26930725757151225,2.1489619940907088,5.36965695198639,18.0,2.1489619940907088,win,win,win,win,loss,loss,loss,loss,2023
41537,46837,long,Asia,low,22.408207343412524,29.829242262540024,False,1.8373736472604814,False,2024-11,96,0.15171910927747181,0.3909923566508796,0.15171910927747181,0.8302119335767933,0.15171910927747181,2.136486556564405,0.15171910927747181,4.611805557722423,9.0,0.15171910927747181,loss,loss,loss,loss,loss,loss,loss,loss,2024
41537,22565,long,Asia,low,20.27027027027027,29.829242262540024,False,1.8373736472604814,False,2023-11,96,0.21074099873268337,1.0130173750962286,0.35888566120819043,1.0130173750962286,0.35888566120819043,1.0130173750962286,0.35888566120819043,2.032642141241834,2.0,0.21074099873268337,loss,loss,loss,loss,loss,loss,loss,loss,2023
41537,42712,long,Asia,low,26.76740420939018,29.829242262540024,False,1.8373736472604814,False,2024-09,96,0.16610842128984596,0.7209549756128458,0.3490004572121811,0.7209549756128458,0.8310357421734804,0.7209549756128458,2.9958752119100303,0.7209549756128458,56.0,7.783648103706996,win,win,win,win,win,win,win,win,2024
41537,72165,long,Asia,low,28.579234972677597,29.829242262540024,False,1.8373736472604814,False,2025-12,96,0.306833592760073,0.8432391945265112,0.5232213458273565,0.8432391945265112,2.044942634440869,0.8432391945265112,2.044942634440869,1.1131937496952575,23.0,2.044942634440869,win,win,win,win,loss,loss,loss,loss,2025
41537,66492,long,Asia,low,25.05434782608696,29.829242262540024,False,1.8373736472604814,False,2025-09,96,1.0355368352265968,0.6730241808925174,1.0355368352265968,0.8757122827658959,1.1289062723191268,0.8757122827658959,5.293482214662505,0.8757122827658959,,11.395058632203552,win,win,win,win,win,win,win,win,2025
41607,26948,short,Asia,low,18.95991332611051,27.32181425485961,False,1.2297481598922553,False,2024-01,96,0.9026287190567402,0.24983935318299622,1.1147076731043661,0.24983935318299622,1.1266047851607721,2.3137296620862386,1.1266047851607721,4.786777172579039,14.0,1.1266047851607721,win,win,loss,loss,loss,loss,loss,loss,2024
41607,8386,short,Asia,low,22.666666666666664,27.32181425485961,False,1.2297481598922553,False,2023-04,96,0.4249241037151687,1.8225809901316719,0.4249241037151687,2.462242785987216,0.4249241037151687,2.937644728702562,5.4048525480341345,2.9930876010470957,2.0,0.4249241037151687,loss,loss,loss,loss,loss,loss,loss,loss,2023
41607,70344,short,Asia,low,20.497566252028125,27.32181425485961,False,1.2297481598922553,False,2025-11,96,1.4238008882657467,0.29448721485668794,1.4238008882657467,1.487561849838896,1.4238008882657467,2.8413187620700096,1.4238008882657467,3.5800383697842966,4.0,1.4238008882657467,win,win,loss,loss,loss,loss,loss,loss,2025
41607,3877,short,Asia,low,28.00863464651916,27.32181425485961,False,1.2297481598922553,False,2023-01,96,0.11117572826657829,1.8021226920627318,0.11117572826657829,1.850986217792757,0.11117572826657829,1.9397474847152916,0.11117572826657829,4.8213506351082,0.0,0.11117572826657829,loss,loss,loss,loss,loss,loss,loss,loss,2023
41607,26601,short,Asia,low,20.032137118371722,27.32181425485961,False,1.2297481598922553,False,2024-01,96,0.6399397655346835,0.973710266248766,1.1275615996562691,0.973710266248766,1.1275615996562691,1.8165702290019223,1.9428203265154789,1.8165702290019223,8.0,1.1275615996562691,win,win,loss,loss,loss,loss,loss,loss,2024
41638,41267,long,London,mid,56.17021276595745,56.18693574083908,False,2.3317954232831437,False,2024-08,96,0.5570564943944192,0.028654628545986344,0.5712523654171745,0.33491740153769683,0.6564275915539457,0.33491740153769683,1.4433783305674448,0.7837961010083891,,2.581808320645258,win,win,win,win,win,none,none,none,2024
41638,44106,long,London,mid,61.98830409356725,56.18693574083908,False,2.3317954232831437,False,2024-10,96,0.46636755982680955,0.13702482836922575,0.46636755982680955,0.13702482836922575,0.9899070852612178,0.13702482836922575,0.9899070852612178,1.3277048257170536,20.0,0.9899070852612178,win,loss,loss,loss,loss,loss,loss,loss,2024
41638,67630,long,London,mid,62.6525198938992,56.18693574083908,False,2.3317954232831437,False,2025-10,96,1.1278637500957311,0.3646500616791082,1.1278637500957311,0.3646500616791082,1.1278637500957311,0.3646500616791082,1.8929791337492634,0.7201878336813327,46.0,1.8929791337492634,win,win,win,loss,loss,loss,loss,loss,2025
41638,43367,long,London,mid,65.93347639484979,56.18693574083908,False,2.3317954232831437,False,2024-09,96,0.3106530581274841,0.4514695466647754,0.3106530581274841,0.9777003497561599,0.4484293476973447,0.9777003497561599,1.2308660092266417,2.854194066977278,26.0,1.2308660092266417,win,win,loss,loss,loss,loss,loss,loss,2024
41638,42451,long,London,mid,59.261241970021416,56.18693574083908,False,2.3317954232831437,False,2024-09,96,0.9110328008330681,0.0172031694153048,0.9110328008330681,0.1499763487491488,0.9110328008330681,0.4659559305745504,2.706779023650143,0.4659559305745504,,3.356529499260418,win,win,win,win,win,win,none,none,2024
41686,11032,short,Asia,low,1.3491635186184565,1.4138118542686242,False,2.1085235811742975,False,2023-05,96,0.49163443171847493,0.5301939949905158,1.333919891942077,0.5301939949905158,2.5867040361659965,0.5301939949905158,5.023588102535404,0.5301939949905158,,13.140777833417133,win,win,win,win,win,win,win,win,2023
41686,8294,short,Asia,low,6.506666666666666,1.4138118542686242,False,2.1085235811742975,False,2023-04,96,0.4836503000126457,1.2946847149870786,0.4836503000126457,1.2946847149870786,0.8410607687135587,1.2946847149870786,4.725114913674794,2.4834700318405587,1.0,0.4836503000126457,loss,loss,loss,loss,loss,loss,loss,loss,2023
41686,44629,short,Asia,low,0.7019438444924406,1.4138118542686242,False,2.1085235811742975,False,2024-10,96,0.343971154157308,2.1224186215422423,0.343971154157308,2.1224186215422423,0.9272646113342423,2.1224186215422423,0.9272646113342423,2.3594089167369954,1.0,0.343971154157308,loss,loss,loss,loss,loss,loss,loss,loss,2024
41686,28131,short,Asia,low,2.4004364429896343,1.4138118542686242,False,2.1085235811742975,False,2024-02,96,0.24596578406115444,0.39163854299352474,0.32642900954473303,0.39163854299352474,0.3958333083030825,0.39163854299352474,1.0139891780133303,0.4210019001605154,55.0,1.7389208919672596,win,win,win,loss,loss,loss,loss,loss,2024
41686,28315,short,Asia,low,5.346426623022368,1.4138118542686242,False,2.1085235811742975,False,2024-02,96,0.6949640169684436,0.235548028160169,0.6949640169684436,0.5150909772824174,0.6949640169684436,0.5423444681439875,0.993973745277553,0.5423444681439875,53.0,3.1902157731311696,win,win,win,win,win,win,loss,loss,2024
41784,49375,long,Asia,low,2.333152468800868,6.829268292682928,False,0.9287446197715706,False,2024-12,96,0.23591471043963513,2.0091883159263584,0.5881096573049126,2.0091883159263584,1.2192653636712556,2.5190324294837705,5.981164661128277,2.5190324294837705,1.0,0.23591471043963513,loss,loss,loss,loss,loss,loss,loss,loss,2024
41784,69435,long,Asia,low,8.304891922639362,6.829268292682928,False,0.9287446197715706,False,2025-11,96,1.6875256842653927,0.26559712208088193,2.383766490499192,0.26559712208088193,3.609765104323232,0.26559712208088193,3.609765104323232,0.8575526332196132,,4.1020319173959,win,win,win,win,win,win,win,win,2025
41784,59192,long,Asia,low,7.862143241787829,6.829268292682928,False,0.9287446197715706,False,2025-06,96,2.5694334617008927,0.5642753188431008,8.210737312839836,0.5642753188431008,9.7219129954948,0.5642753188431008,10.827274236516109,0.5642753188431008,,17.748101359877378,win,win,win,win,win,win,win,win,2025
41784,64388,long,Asia,low,4.103671706263499,6.829268292682928,False,0.9287446197715706,False,2025-08,96,1.826591853036071,0.8990189177188848,1.826591853036071,0.8990189177188848,3.216653346121242,0.8990189177188848,6.0733530158507545,0.8990189177188848,,16.67295045767604,win,win,win,win,win,win,win,win,2025
41784,36321,long,Asia,low,3.0156165858912223,6.829268292682928,False,0.9287446197715706,False,2024-06,96,1.8569719246019296,0.580303726438103,1.8569719246019296,2.147123787820981,1.8569719246019296,2.381058727541436,16.272079179152737,2.381058727541436,4.0,1.8569719246019296,win,win,win,loss,loss,loss,loss,loss,2024
41888,41516,long,Asia,low,1.8888289260658393,3.392568659127625,False,3.9609149252157505,False,2024-08,96,0.18587830422253374,0.5809980696898978,0.18587830422253374,0.6118066284008384,0.18587830422253374,0.8369658449797297,1.0595576816661056,0.8369658449797297,51.0,1.0595576816661056,win,win,loss,loss,loss,loss,loss,loss,2024
41888,22296,long,Asia,low,7.915993537964459,3.392568659127625,False,3.9609149252157505,False,2023-11,96,0.11733403363778788,0.3020264939935385,0.11733403363778788,0.3751133499631765,0.2524459511600714,1.1198091526810559,0.2524459511600714,1.7189238395891286,15.0,0.2524459511600714,loss,loss,loss,loss,loss,loss,loss,loss,2023
41888,10399,long,Asia,low,2.575107296137339,3.392568659127625,False,3.9609149252157505,False,2023-05,96,0.2985361418890406,0.09773285532865637,0.656153727394871,0.09773285532865637,0.656153727394871,0.6546812926630239,1.4054389515813341,0.6909399979356388,,2.401909156382455,win,win,win,win,none,none,none,none,2023
41888,41064,long,Asia,low,12.3052122514777,3.392568659127625,False,3.9609149252157505,False,2024-08,96,0.15800054943333738,0.1963004800521596,0.2855958614672533,0.1963004800521596,0.29103679868608384,0.2652190181574601,0.943842579903146,0.2652190181574601,,2.701692041761815,win,win,win,win,win,none,none,none,2024
41888,17888,long,Asia,low,2.4324324324324325,3.392568659127625,False,3.9609149252157505,False,2023-08,96,0.6680030912101792,0.1188770509657866,0.7212829261009165,0.1188770509657866,0.7212829261009165,0.12632476982149435,0.7212829261009165,0.5577195620010136,51.0,0.7212829261009165,win,loss,loss,loss,loss,loss,loss,loss,2023
41915,7865,long,Overlap,mid,69.35991605456454,67.67515923566879,False,2.3306995516780313,False,2023-03,96,0.0745525225079508,0.9919741714918253,0.0745525225079508,1.4512341858364786,0.0745525225079508,1.4512341858364786,0.0745525225079508,1.4512341858364786,4.0,0.0745525225079508,loss,loss,loss,loss,loss,loss,loss,loss,2023
41915,45320,long,Overlap,mid,66.14007372301212,67.67515923566879,False,2.3306995516780313,False,2024-10,96,1.233338458338014,0.19969615081683822,1.5591867474397048,0.19969615081683822,1.5591867474397048,0.19969615081683822,1.5591867474397048,0.19969615081683822,,3.9870785918132357,win,win,win,win,win,win,win,none,2024
41915,58320,long,Overlap,mid,64.49579831932773,67.67515923566879,False,2.3306995516780313,False,2025-05,96,0.2683420508198353,0.1948334571112122,0.466194904984069,0.1948334571112122,0.466194904984069,0.33987431191194245,0.466194904984069,0.5753323839181516,43.0,0.466194904984069,loss,loss,loss,loss,loss,loss,loss,loss,2025
41915,59412,long,Overlap,mid,61.384046487057574,67.67515923566879,False,2.3306995516780313,False,2025-06,96,1.1844777716633337,0.19437310853416642,1.1844777716633337,0.19437310853416642,1.1844777716633337,0.19437310853416642,1.1844777716633337,0.19437310853416642,,2.446238823808888,win,win,win,win,none,none,none,none,2025
41915,45227,long,Overlap,mid,66.7017913593256,67.67515923566879,False,2.3306995516780313,False,2024-10,96,0.5373420385307239,0.46969887998969334,1.3933404022366347,0.46969887998969334,1.8254144731582609,0.46969887998969334,2.3698196527414797,0.46969887998969334,,2.6058915594569183,win,win,win,win,win,none,none,none,2024
42004,61210,short,London,low,13.909774436090224,8.825093035619352,False,1.415815345194399,False,2025-07,96,0.4169343229233887,1.466000993562314,0.4169343229233887,1.7754311049814977,0.4169343229233887,3.3396458226339982,0.4169343229233887,3.987135914850234,1.0,0.4169343229233887,loss,loss,loss,loss,loss,loss,loss,loss,2025
42004,59310,short,London,low,6.4259160913436,8.825093035619352,False,1.415815345194399,False,2025-06,96,1.4986036920054973,0.8559860829056802,1.4986036920054973,0.8569909579785256,4.174418531877275,0.8569909579785256,4.174418531877275,0.8569909579785256,50.0,4.174418531877275,win,win,win,win,win,win,win,win,2025
42004,14234,short,London,low,9.513513513513514,8.825093035619352,False,1.415815345194399,False,2023-07,96,1.3047106118245941,0.4679617488018844,2.536376432909646,0.4679617488018844,2.536376432909646,3.1842777881670057,10.545173570399715,4.289451410654751,12.0,2.536376432909646,win,win,win,win,win,loss,loss,loss,2023
42004,4180,short,London,low,17.71276595744681,8.825093035619352,False,1.415815345194399,False,2023-02,96,0.41597859950745075,1.1133669331679579,0.9292868815040377,1.8044076788401038,2.6054732829781084,1.8044076788401038,3.562266379098635,4.200410558200558,1.0,0.14218597094050484,loss,loss,loss,loss,loss,loss,loss,loss,2023
42004,58770,short,London,low,0.5804749340369393,8.825093035619352,False,1.415815345194399,False,2025-05,96,1.212085662997329,0.34106615098155696,1.212085662997329,1.024445821313034,1.212085662997329,1.5141270036001042,1.212085662997329,2.7900066488604804,7.0,1.212085662997329,win,win,loss,loss,loss,loss,loss,loss,2025
42072,23297,short,Asia,low,16.251354279523294,23.69413031771675,False,4.0451312999876015,False,2023-11,96,0.34704494639418537,0.19909133264565881,0.4078278578234897,0.19909133264565881,0.4078278578234897,0.19909133264565881,0.4078278578234897,1.5816295905149418,26.0,0.4078278578234897,loss,loss,loss,loss,loss,loss,loss,loss,2023
42072,18709,short,Asia,low,24.25393380358112,23.69413031771675,False,4.0451312999876015,False,2023-09,96,0.30646996355395617,0.1996736591610776,0.30646996355395617,0.5848489560472593,0.31001296891293517,0.8151443043825629,0.31001296891293517,0.8151443043825629,39.0,1.0816289217419988,ambiguous,ambiguous,loss,loss,loss,loss,loss,loss,2023
42072,60391,short,Asia,low,27.688172043010752,23.69413031771675,False,4.0451312999876015,False,2025-06,96,0.9198724258364259,0.016108713809688462,0.9198724258364259,0.25211758794742506,0.9198724258364259,0.4944510242184765,0.9198724258364259,0.7854349384382435,,1.306805893788329,win,win,none,none,none,none,none,none,2025
42072,9291,short,Asia,low,23.655913978494624,23.69413031771675,False,4.0451312999876015,False,2023-04,96,0.1030324436180642,0.09866778297700385,0.3576376476806699,0.09866778297700385,2.641810049842384,0.09866778297700385,2.641810049842384,0.09866778297700385,,4.007816568054668,win,win,win,win,win,win,win,win,2023
42072,4874,short,Asia,low,19.912948857453756,23.69413031771675,False,4.0451312999876015,False,2023-02,96,0.4629863624425713,0.13618879207085194,0.4629863624425713,0.13618879207085194,0.6115307126115834,0.13618879207085194,0.6115307126115834,0.7127352278201811,,1.5245925734166703,win,win,win,none,none,none,none,none,2023
42192,34154,long,Overlap,mid,42.360379346680716,33.633952254641905,False,3.0086890966488005,False,2024-05,96,0.20134871131404528,1.5803102984327102,1.177202378941604,1.5803102984327102,1.177202378941604,1.5803102984327102,2.0245705284421613,1.5803102984327102,1.0,0.20134871131404528,loss,loss,loss,loss,loss,loss,loss,loss,2024
42192,22249,long,Overlap,mid,43.217665615141954,33.633952254641905,False,3.0086890966488005,False,2023-11,96,0.1737897246089624,0.5399207456381557,0.1737897246089624,1.0325874876062011,0.1737897246089624,1.0325874876062011,0.1737897246089624,1.7503232989066837,5.0,0.1737897246089624,loss,loss,loss,loss,loss,loss,loss,loss,2023
42192,61142,long,Overlap,mid,32.44962884411453,33.633952254641905,False,3.0086890966488005,False,2025-07,96,0.35221367638727413,0.3891822398232758,0.35221367638727413,0.8157829647470783,0.35221367638727413,0.9594579496221176,0.35221367638727413,0.9701060956827797,38.0,0.35221367638727413,loss,loss,loss,loss,loss,loss,loss,loss,2025
42192,29369,long,Overlap,mid,43.42523860021209,33.633952254641905,False,3.0086890966488005,False,2024-02,96,0.5084955554027535,1.1461399819564877,0.5084955554027535,1.5117617861730708,0.5084955554027535,1.606710956252655,0.5084955554027535,1.606710956252655,2.0,0.5084955554027535,win,loss,loss,loss,loss,loss,loss,loss,2024
42192,61677,long,Overlap,mid,40.55644729802033,33.633952254641905,False,3.0086890966488005,False,2025-07,96,1.0246812757988013,0.2870585588952065,1.3316776643410597,0.2870585588952065,1.4625437276614577,0.2870585588952065,1.9445157408668072,0.2870585588952065,,2.6727468932262783,win,win,win,win,win,none,none,none,2025
42258,49455,long,Asia,low,8.410704533042052,14.846691769768693,False,1.9626056680770174,False,2025-01,96,1.61355236551628,0.6123635105591124,2.476637836601695,0.6123635105591124,2.476637836601695,0.6123635105591124,2.6176537698696176,0.6123635105591124,,8.795656464191232,win,win,win,win,win,win,win,win,2025
42258,23298,long,Asia,low,15.213860314022739,14.846691769768693,False,1.9626056680770174,False,2023-11,96,0.5213615974363373,0.6148810706148533,0.5213615974363373,0.741340601147732,1.0934584556253826,0.741340601147732,3.397747985035451,0.741340601147732,56.0,3.397747985035451,win,win,win,win,win,win,loss,loss,2023
42258,11232,long,Asia,low,18.191546281433922,14.846691769768693,False,1.9626056680770174,False,2023-05,96,0.4435852990625693,1.3192008532178248,1.0393120103940376,1.3192008532178248,2.3142185283943544,1.3192008532178248,2.3142185283943544,1.8439924335125168,2.0,0.010271150195419219,loss,loss,loss,loss,loss,loss,loss,loss,2023
42258,16993,long,Asia,low,20.533333333333335,14.846691769768693,False,1.9626056680770174,False,2023-08,96,0.13361070450570184,0.7765336870019055,0.13361070450570184,1.4521263715402493,0.8456426720910551,1.4977801859324533,2.610644267034912,1.4977801859324533,7.0,0.13361070450570184,loss,loss,loss,loss,loss,loss,loss,loss,2023
42258,6247,long,Asia,low,20.42368278109723,14.846691769768693,False,1.9626056680770174,False,2023-03,96,1.2112255258885931,0.07242246700109076,1.5588533674936678,0.07242246700109076,1.5588533674936678,0.07242246700109076,2.1601207824178945,0.27584912986620014,38.0,2.1601207824178945,win,win,win,win,loss,loss,loss,loss,2023
42369,33683,short,London,low,28.51086380498145,27.95527156549521,False,0.6576353075717731,False,2024-05,96,3.289154436597314,0.05227992973702183,3.289154436597314,0.5984807194654987,8.142723532563057,1.3518096117711762,8.142723532563057,3.373798132361811,9.0,3.289154436597314,win,win,win,win,win,win,loss,loss,2024
42369,58022,short,London,low,26.089266737513285,27.95527156549521,False,0.6576353075717731,False,2025-05,96,0.896334713243254,1.0073533392557423,0.896334713243254,1.0163064542567082,12.403389719103858,1.6844646366173002,15.070138972974103,1.6844646366173002,3.0,0.896334713243254,win,loss,loss,loss,loss,loss,loss,loss,2025
42369,34516,short,London,low,18.023255813953487,27.95527156549521,False,0.6576353075717731,False,2024-05,96,2.649452460691415,1.2402363137029973,4.096499913639217,8.865136029823692,8.256052003877121,10.7970547208179,8.256052003877121,16.048670509751286,0.0,0.48424071628057463,loss,loss,loss,loss,loss,loss,loss,loss,2024
42369,59209,short,London,low,28.388473852721454,27.95527156549521,False,0.6576353075717731,False,2025-06,96,0.764829024546276,1.025955876366767,0.764829024546276,1.9310457179835256,0.764829024546276,4.639288147789912,0.764829024546276,9.041903734511086,3.0,0.764829024546276,win,loss,loss,loss,loss,loss,loss,loss,2025
42369,58026,short,London,low,20.996818663838813,27.95527156549521,False,0.6576353075717731,False,2025-05,96,0.6920332364932295,1.1512699881498547,3.3868048328643185,1.8430383822256964,15.18844779167471,1.8430383822256964,15.503610268301916,1.8430383822256964,3.0,0.6920332364932295,win,loss,loss,loss,loss,loss,loss,loss,2025
42735,17468,long,London,mid,31.48148148148148,31.503198294243067,False,2.136559742277731,False,2023-08,96,0.010535375849138592,0.7196751571429694,0.010535375849138592,2.9153927996326336,0.4987955531334345,2.9153927996326336,1.2631552354296698,2.9153927996326336,4.0,0.010535375849138592,loss,loss,loss,loss,loss,loss,loss,loss,2023
42735,36605,long,London,mid,37.96246648793566,31.503198294243067,False,2.136559742277731,False,2024-06,96,0.47624774103656314,0.2631524342589266,0.47624774103656314,0.2631524342589266,0.47624774103656314,0.4112087268091917,1.3675818736872738,1.7507656594065801,29.0,1.3675818736872738,win,win,loss,loss,loss,loss,loss,loss,2024
42735,6090,long,London,mid,31.58458244111349,31.503198294243067,False,2.136559742277731,False,2023-03,96,0.33286302911433974,0.7664574435285925,0.33286302911433974,0.9198018096018972,0.9568159669299071,0.9198018096018972,1.3296014085909404,1.0173605528450755,19.0,0.9568159669299071,win,loss,loss,loss,loss,loss,loss,loss,2023
42735,38045,long,London,mid,32.03463203463203,31.503198294243067,False,2.136559742277731,False,2024-07,96,0.6319732951607627,0.2189247483414302,1.3369966608287744,0.2189247483414302,1.4587467783409926,0.3007678828912772,2.8004781659618483,2.217430380986474,28.0,2.8004781659618483,win,win,win,win,win,loss,loss,loss,2024
42735,35148,long,London,mid,38.56382978723404,31.503198294243067,False,2.136559742277731,False,2024-05,96,0.7959734523487535,0.4336095209369705,0.7959734523487535,0.4336095209369705,0.9023305046540775,0.4336095209369705,1.4925780561496047,1.0680020668988777,29.0,1.4925780561496047,win,win,loss,loss,loss,loss,loss,loss,2024
42902,72067,long,Asia,low,24.890350877192983,21.732114039806348,False,2.5148964371108886,False,2025-12,96,0.4304733765720722,0.8829331095361088,0.4304733765720722,0.8829331095361088,0.4304733765720722,2.1687174959999584,0.4304733765720722,2.792754301313519,8.0,0.4304733765720722,loss,loss,loss,loss,loss,loss,loss,loss,2025
42902,38941,long,Asia,low,28.49374660141381,21.732114039806348,False,2.5148964371108886,False,2024-07,96,0.11074409573800466,0.6631303082141322,0.11074409573800466,1.3542802069162612,0.11074409573800466,2.2575784335983426,0.8625078024343686,2.874390643250819,4.0,0.11074409573800466,loss,loss,loss,loss,loss,loss,loss,loss,2024
42902,35674,long,Asia,low,18.77022653721683,21.732114039806348,False,2.5148964371108886,False,2024-06,96,0.12111699161576281,1.4165575365833782,1.0696023116927842,1.4292510204208606,1.0696023116927842,1.4292510204208606,2.415993090396916,1.4292510204208606,0.0,0.12111699161576281,loss,loss,loss,loss,loss,loss,loss,loss,2024
42902,72259,long,Asia,low,24.617903930131003,21.732114039806348,False,2.5148964371108886,False,2025-12,96,0.19492510688791526,0.23564939472514598,0.19492510688791526,0.37882071915310517,0.24887064789460217,0.37882071915310517,0.2658391011601257,0.9471224997714802,38.0,0.2658391011601257,loss,loss,loss,loss,loss,loss,loss,loss,2025
42902,18621,long,Asia,low,23.33513806172171,21.732114039806348,False,2.5148964371108886,False,2023-09,96,0.2633379212007891,0.6043423260739063,0.2633379212007891,1.227292247194191,0.2633379212007891,2.010833803824033,0.2633379212007891,5.282938941448751,5.0,0.2633379212007891,loss,loss,loss,loss,loss,loss,loss,loss,2023
43066,54037,long,Asia,low,2.1727322107550244,10.386079390973354,False,1.7336901183087736,False,2025-03,96,0.11023003503140665,1.0027377380283058,1.2634969606833981,1.0027377380283058,1.519515106562947,1.0027377380283058,1.519515106562947,1.8532869115615773,2.0,0.057604082822887766,loss,loss,loss,loss,loss,loss,loss,loss,2025
43066,37406,long,Asia,low,8.796546141392337,10.386079390973354,False,1.7336901183087736,False,2024-06,96,1.5814595817346297,0.0717834636417389,1.9327538772556012,0.0717834636417389,3.0997116003512453,0.0717834636417389,5.59688678243565,0.0717834636417389,93.0,5.59688678243565,win,win,win,win,win,win,win,win,2024
43066,18075,long,Asia,low,11.872638963842418,10.386079390973354,False,1.7336901183087736,False,2023-09,96,1.8268667790587645,0.23215315862923108,2.4983251455554027,0.23215315862923108,2.4983251455554027,0.23215315862923108,2.6126159313420763,0.23215315862923108,38.0,2.6126159313420763,win,win,win,win,win,loss,loss,loss,2023
43066,13321,long,Asia,low,17.20955483170467,10.386079390973354,False,1.7336901183087736,False,2023-06,96,0.2581501392726859,1.3550780111989864,0.2581501392726859,1.5682410740837593,0.2581501392726859,2.533571236576084,0.2581501392726859,4.9990311986209015,2.0,0.2581501392726859,loss,loss,loss,loss,loss,loss,loss,loss,2023
43066,33569,long,Asia,low,3.5924932975871315,10.386079390973354,False,1.7336901183087736,False,2024-05,96,0.8228331862842021,0.19427337078149623,1.438874767238265,0.19427337078149623,1.5397428494656888,0.19427337078149623,3.6134365494808716,0.19427337078149623,,10.820087884941012,win,win,win,win,win,win,win,win,2024
43628,24281,short,Asia,mid,35.973597359735976,31.77670424047236,False,1.8773521734351952,False,2023-12,96,0.8430810403593416,0.2875022902607588,0.8430810403593416,0.46201100022760483,1.0557938834914522,0.46201100022760483,1.1198991238874678,2.0283804600042563,29.0,1.1198991238874678,win,win,loss,loss,loss,loss,loss,loss,2023
43628,54331,short,Asia,mid,35.02673796791444,31.77670424047236,False,1.8773521734351952,False,2025-03,96,0.45443523139722175,0.6378588166291699,0.45443523139722175,0.9194272159014386,0.45443523139722175,2.500465942922467,0.45443523139722175,4.115979066808089,9.0,0.45443523139722175,loss,loss,loss,loss,loss,loss,loss,loss,2025
43628,9380,short,Asia,mid,34.625740441572425,31.77670424047236,False,1.8773521734351952,False,2023-04,96,0.4876146545083422,0.4656331252782013,0.4876146545083422,0.4656331252782013,1.365535486567111,0.4656331252782013,1.365535486567111,1.4373775577096357,26.0,1.365535486567111,win,win,loss,loss,loss,loss,loss,loss,2023
43628,34568,short,Asia,mid,40.17278617710583,31.77670424047236,False,1.8773521734351952,False,2024-05,96,1.3113971353365765,0.5930153166488286,1.4195747876175406,0.5930153166488286,1.4195747876175406,0.5930153166488286,1.7837168330328985,0.5930153166488286,,4.345976458906262,win,win,win,win,win,win,win,win,2024
43628,2514,short,Asia,mid,31.978609625668447,31.77670424047236,False,1.8773521734351952,False,2023-01,96,0.9659542157669263,0.3638527231732148,0.9659542157669263,0.3638527231732148,2.100377226646906,0.3638527231732148,2.100377226646906,4.354602682361514,27.0,2.100377226646906,win,win,win,win,loss,loss,loss,loss,2023
43807,45365,long,Asia,low,6.101511879049676,11.894510226049515,False,2.4637550973666857,False,2024-10,96,1.8967215094893684,0.32218115257056523,1.8967215094893684,0.32218115257056523,1.8967215094893684,0.32218115257056523,1.8967215094893684,0.45742777463880974,,6.879190722482263,win,win,win,win,win,win,win,win,2024
43807,25481,long,Asia,low,17.612101566720693,11.894510226049515,False,2.4637550973666857,False,2023-12,96,0.12816455552500114,0.5066176795242315,0.12816455552500114,0.6271658987577862,0.12816455552500114,0.6949250285231466,0.6728639165064649,0.6949250285231466,34.0,0.6728639165064649,win,loss,loss,loss,loss,loss,loss,loss,2023
43807,27680,long,Asia,low,3.854505971769816,11.894510226049515,False,2.4637550973666857,False,2024-01,96,0.33658287563073225,0.07989286668857075,0.33658287563073225,0.07989286668857075,0.8132060993352724,0.07989286668857075,2.2275832373648274,0.07989286668857075,,6.94581899936558,win,win,win,win,win,win,win,win,2024
43807,22677,long,Asia,low,18.235294117647058,11.894510226049515,False,2.4637550973666857,False,2023-11,96,0.45927709521531684,0.39336597406092455,0.45927709521531684,0.8177180528876458,0.45927709521531684,0.9070000496704748,0.45927709521531684,1.5212076687148344,24.0,0.45927709521531684,loss,loss,loss,loss,loss,loss,loss,loss,2023
43807,42615,long,Asia,low,14.44805194805195,11.894510226049515,False,2.4637550973666857,False,2024-09,96,0.26096787123048376,0.635445311352026,0.26096787123048376,0.7141730490416919,1.875094768306299,0.7141730490416919,1.875094768306299,1.7174310184886872,23.0,1.875094768306299,win,win,win,loss,loss,loss,loss,loss,2024
43939,49875,short,Overlap,high,70.46342825237298,71.86512118018967,False,4.074474114151788,False,2025-01,96,0.22060484821826987,0.3944624785997743,0.22060484821826987,0.4124710376380178,0.9717118314376196,0.5789001374162762,0.9717118314376196,0.5789001374162762,88.0,0.9717118314376196,win,loss,loss,loss,loss,loss,loss,loss,2025
43939,35527,short,Overlap,high,79.05869910100476,71.86512118018967,False,4.074474114151788,False,2024-05,96,0.3188121333391957,0.028729623202439002,0.3731755151748337,0.028729623202439002,0.3731755151748337,0.11758093633930015,0.43701224259232696,0.11758093633930015,,1.1887500772924517,win,win,none,none,none,none,none,none,2024
43939,35984,short,Overlap,high,77.11864406779661,71.86512118018967,False,4.074474114151788,False,2024-06,96,0.14122723791827735,0.3620934178310225,0.14122723791827735,1.1378262885748374,0.14122723791827735,1.1378262885748374,0.14122723791827735,1.1378262885748374,6.0,0.14122723791827735,loss,loss,loss,loss,loss,loss,loss,loss,2024
43939,54547,short,Overlap,high,81.86119873817034,71.86512118018967,False,4.074474114151788,False,2025-03,96,0.2210855780373024,0.19594167844325774,0.2210855780373024,0.3789658778138658,0.2210855780373024,0.44653014078223446,0.2210855780373024,0.6002109309014558,,1.881380326495785,win,win,win,none,none,none,none,none,2025
43939,4094,short,Overlap,high,80.6998939554613,71.86512118018967,False,4.074474114151788,False,2023-01,96,0.21610346461617744,1.0916474974019097,0.21610346461617744,1.6616905054253255,0.21610346461617744,1.8455609852079524,0.21610346461617744,1.9839313123663875,2.0,0.21610346461617744,loss,loss,loss,loss,loss,loss,loss,loss,2023
44094,53405,long,Asia,mid,31.35456017269293,38.57677902621723,False,2.294503959492589,False,2025-03,96,0.2549042611375352,0.6157270299389809,0.2549042611375352,1.1013102264459838,3.5194014935308076,1.1013102264459838,4.753143500842338,1.1013102264459838,5.0,0.2549042611375352,loss,loss,loss,loss,loss,loss,loss,loss,2025
44094,18526,long,Asia,mid,41.106290672451195,38.57677902621723,False,2.294503959492589,False,2023-09,96,0.3517493417007307,0.14769585618369074,1.5127165059660814,0.14769585618369074,2.3079420895237988,0.14769585618369074,3.022323625486175,0.14769585618369074,,3.022323625486175,win,win,win,win,win,win,none,none,2023
44094,11420,long,Asia,mid,32.62146289375334,38.57677902621723,False,2.294503959492589,False,2023-05,96,0.006266048122673827,1.3539676783424457,0.07168359052314238,1.3539676783424457,0.3997738702251426,1.3539676783424457,2.24274394405928,2.3828527800817496,0.0,0.006266048122673827,loss,loss,loss,loss,loss,loss,loss,loss,2023
44094,24202,long,Asia,mid,44.89350081922447,38.57677902621723,False,2.294503959492589,False,2023-12,96,0.09094760481992395,0.7720714236201955,0.47120691470226495,0.7720714236201955,3.0447783267695274,0.7720714236201955,3.0447783267695274,0.8443378988014215,,3.0447783267695274,win,win,win,win,win,win,none,none,2023
44094,46579,long,Asia,mid,43.31550802139038,38.57677902621723,False,2.294503959492589,False,2024-11,96,0.45828581115318556,0.2808801573597374,0.9935589814997792,0.2808801573597374,1.2914665888134076,0.2808801573597374,2.114896604534199,0.2808801573597374,,5.268467656258201,win,win,win,win,win,win,win,win,2024
44211,70375,short,London,low,27.819148936170212,29.883843717001056,False,2.1123364711057446,False,2025-11,96,0.27940890842043026,1.8247176141366497,0.27940890842043026,1.8247176141366497,0.27940890842043026,1.8770130650194845,2.149049377019136,2.6690048635743646,2.0,0.27940890842043026,loss,loss,loss,loss,loss,loss,loss,loss,2025
44211,49308,short,London,low,28.694714131607334,29.883843717001056,False,2.1123364711057446,False,2024-12,96,0.2701353478170856,0.4041123002674425,0.7140589813092659,0.9932836746114825,0.7140589813092659,1.7478811367843596,3.0805609718093474,1.7478811367843596,8.0,0.7140589813092659,win,loss,loss,loss,loss,loss,loss,loss,2024
44211,8209,short,London,low,26.567481402763015,29.883843717001056,False,2.1123364711057446,False,2023-04,96,0.15559612198691658,0.6993511192816722,0.15559612198691658,0.8209774008958642,0.5587207311652778,1.1407214927957101,0.5587207311652778,10.489554135231375,14.0,0.5587207311652778,win,loss,loss,loss,loss,loss,loss,loss,2023
44211,41004,short,London,low,28.68462757527734,29.883843717001056,False,2.1123364711057446,False,2024-08,96,1.372572830304292,0.015718418078818856,2.204296866497753,0.015718418078818856,5.648996639238948,0.015718418078818856,5.648996639238948,0.015718418078818856,,5.648996639238948,win,win,win,win,win,win,win,win,2024
44211,14245,short,London,low,27.135948414830736,29.883843717001056,False,2.1123364711057446,False,2023-07,96,0.03625184345368067,2.673922030125635,0.03625184345368067,3.4550795414686486,5.123361491172957,3.5840524460633842,5.123361491172957,3.5840524460633842,1.0,0.03625184345368067,loss,loss,loss,loss,loss,loss,loss,loss,2023
44360,52111,long,Asia,mid,46.187363834422655,52.33996772458311,False,2.5741683153629444,False,2025-02,96,0.7136534154071454,1.0988264730954653,0.7191021417200048,1.0988264730954653,0.7191021417200048,1.0988264730954653,0.7191021417200048,1.1107617783522414,2.0,0.7136534154071454,win,loss,loss,loss,loss,loss,loss,loss,2025
44360,46288,long,Asia,mid,50.7277628032345,52.33996772458311,False,2.5741683153629444,False,2024-11,96,0.22448205655864356,0.4324752633873063,0.22448205655864356,0.8426191712350034,0.22448205655864356,2.424769744527796,0.22448205655864356,4.213355523100009,9.0,0.22448205655864356,loss,loss,loss,loss,loss,loss,loss,loss,2024
44360,51562,long,Asia,mid,57.04187058183795,52.33996772458311,False,2.5741683153629444,False,2025-02,96,0.24485679990143122,0.7949049916971234,0.24485679990143122,0.7949049916971234,0.24485679990143122,1.2344483584174963,0.24485679990143122,2.0426452040740672,13.0,0.24485679990143122,loss,loss,loss,loss,loss,loss,loss,loss,2025
44360,60930,long,Asia,mid,48.546824542518834,52.33996772458311,False,2.5741683153629444,False,2025-06,96,0.10064769888162985,0.8885279978978188,0.10064769888162985,1.0160361501701285,0.10064769888162985,1.0160361501701285,0.10064769888162985,3.0656467465478974,7.0,0.10064769888162985,loss,loss,loss,loss,loss,loss,loss,loss,2025
44360,29318,long,Asia,mid,44.08719346049047,52.33996772458311,False,2.5741683153629444,False,2024-02,96,0.8632902998752788,0.16155898372554744,0.9042635252824304,0.16155898372554744,0.9042635252824304,0.16155898372554744,1.6910531827836406,0.16155898372554744,55.0,1.6910531827836406,win,win,win,loss,loss,loss,loss,loss,2024
44538,50285,long,Asia,low,12.751292360712235,10.955207771181867,False,1.7061685516609233,False,2025-01,96,0.5520362950150884,0.6863764158877754,1.1145149943836792,0.6863764158877754,1.7007007739063718,0.6863764158877754,4.598609095590709,0.6863764158877754,,8.575754018572258,win,win,win,win,win,win,win,win,2025
44538,45475,long,Asia,low,15.989304812834224,10.955207771181867,False,1.7061685516609233,False,2024-10,96,1.34766210327599,0.5915928566492331,1.657295434249417,0.5915928566492331,1.657295434249417,1.0265415323674232,1.657295434249417,3.3007539658499643,12.0,1.657295434249417,win,win,win,loss,loss,loss,loss,loss,2024
44538,11856,long,Asia,low,19.68631692806923,10.955207771181867,False,1.7061685516609233,False,2023-05,96,0.5643308149992272,0.08380389487039445,2.36918992700277,0.38134616381415765,2.36918992700277,1.3201035549776774,2.36918992700277,1.6068820209104615,14.0,2.36918992700277,win,win,win,win,loss,loss,loss,loss,2023
44538,61206,long,Asia,low,8.127018299246501,10.955207771181867,False,1.7061685516609233,False,2025-07,96,0.0,1.377345059832806,0.3478653335595613,1.377345059832806,1.4901072041895902,1.377345059832806,2.582437961743682,1.377345059832806,2.0,0.0,loss,loss,loss,loss,loss,loss,loss,loss,2025
44538,4972,long,Asia,low,4.53074433656958,10.955207771181867,False,1.7061685516609233,False,2023-02,96,0.27440095883105264,0.5997791640053385,0.3425033738675311,0.5997791640053385,1.6129519350740078,0.5997791640053385,2.8403884446784406,0.5997791640053385,35.0,2.8403884446784406,win,win,win,win,win,loss,loss,loss,2023
44722,21660,long,Asia,low,25.46916890080429,16.351861845655694,False,3.17572777953536,False,2023-10,96,0.026674170400281135,0.6344073213857018,0.026674170400281135,0.6495359553440728,0.026674170400281135,0.8233161848921636,0.026674170400281135,1.92452148828274,24.0,0.026674170400281135,loss,loss,loss,loss,loss,loss,loss,loss,2023
44722,37134,long,Asia,low,17.2859450726979,16.351861845655694,False,3.17572777953536,False,2024-06,96,0.5493604503474537,0.10058931105544063,0.5493604503474537,0.27832814000367073,1.7610890955613518,0.27832814000367073,1.937275620326594,0.7944692808358472,37.0,1.937275620326594,win,win,win,loss,loss,loss,loss,loss,2024
44722,17619,long,Asia,low,24.448034464189554,16.351861845655694,False,3.17572777953536,False,2023-08,96,0.15296065423565827,0.1168924793125832,0.36726353297537423,0.25484666660939836,0.5581352615826859,0.25484666660939836,0.5581352615826859,0.5586618042822199,,2.735915867154235,win,win,win,win,win,none,none,none,2023
44722,13577,long,Asia,low,7.4578116494284155,16.351861845655694,False,3.17572777953536,False,2023-06,96,1.4892065416617881,0.1896558827449888,1.4892065416617881,0.1896558827449888,1.4892065416617881,0.1896558827449888,1.4892065416617881,0.1896558827449888,40.0,1.4892065416617881,win,win,loss,loss,loss,loss,loss,loss,2023
44722,59184,long,Asia,low,15.521903731746889,16.351861845655694,False,3.17572777953536,False,2025-06,96,0.45185497508379924,0.12399504936612074,0.9113286936002546,0.12399504936612074,3.0108004255198453,0.12399504936612074,3.4079909164745015,0.12399504936612074,,5.51755748344231,win,win,win,win,win,win,win,win,2025
44814,45100,long,Asia,mid,34.5679012345679,43.98273070696168,False,2.267239929071585,True,2024-10,96,0.7315406008062922,0.013543873321731863,1.1767740060779517,0.013543873321731863,2.4349826935205474,0.013543873321731863,2.8803875402266157,0.013543873321731863,,3.4847185966696324,win,win,win,win,win,win,none,none,2024
44814,36414,long,Asia,mid,44.56404736275565,43.98273070696168,False,2.267239929071585,True,2024-06,96,0.6390776559055009,0.06497498760928462,0.8625665021749983,0.06497498760928462,1.073813684112322,0.06497498760928462,2.150295423271373,1.4296066718180236,20.0,1.083544237812242,win,win,loss,loss,loss,loss,loss,loss,2024
44814,11584,long,Asia,mid,43.874797625472205,43.98273070696168,False,2.267239929071585,True,2023-05,96,1.029307151815126,0.13703653877279665,1.137804239311687,0.13703653877279665,1.2590379414273754,0.13703653877279665,3.128489931639747,0.13703653877279665,53.0,3.128489931639747,win,win,win,win,win,win,loss,loss,2023
44814,27052,long,Asia,mid,40.47362755651238,43.98273070696168,False,2.267239929071585,True,2024-01,96,0.075709927283589,1.216663353736227,0.5017591040675676,1.216663353736227,0.5017591040675676,1.216663353736227,1.4599478015997986,1.216663353736227,2.0,0.075709927283589,loss,loss,loss,loss,loss,loss,loss,loss,2024
44814,5058,long,Asia,mid,35.93073593073593,43.98273070696168,False,2.267239929071585,True,2023-02,96,1.0195215660595363,0.06468002296876327,1.0195215660595363,1.2711030600818702,1.0195215660595363,2.2326505587313163,1.0195215660595363,5.092199801621392,7.0,1.0195215660595363,win,win,loss,loss,loss,loss,loss,loss,2023
44907,13040,long,Asia,low,15.67773543821448,13.430420711974108,False,2.247286349135714,False,2023-06,96,0.45036470832543424,0.3393683071234317,0.45036470832543424,0.7635786910276668,0.45036470832543424,0.8439553953463533,0.6659784072120879,1.2554075722159581,22.0,0.45036470832543424,loss,loss,loss,loss,loss,loss,loss,loss,2023
44907,40603,long,Asia,low,13.064516129032258,13.430420711974108,False,2.247286349135714,False,2024-08,96,0.23315231984436166,0.31850108736013616,0.2384637238313902,0.31850108736013616,0.9855401673863228,0.31850108736013616,3.031346461700686,0.31850108736013616,,10.500462530495081,win,win,win,win,win,win,win,win,2024
44907,53779,long,Asia,low,15.169445938676706,13.430420711974108,False,2.247286349135714,False,2025-03,96,0.7001977232680177,0.21341383024381888,0.9213527379659051,0.21341383024381888,0.9213527379659051,1.9199655325420617,0.9278796189762253,2.0875394077832743,10.0,0.9213527379659051,win,loss,loss,loss,loss,loss,loss,loss,2025
44907,15879,long,Asia,low,12.459546925566343,13.430420711974108,False,2.247286349135714,False,2023-08,96,0.18045535575068763,0.8338413790090543,0.18045535575068763,1.8167878189138484,0.18045535575068763,2.3937097083794434,0.18045535575068763,4.04762892231485,6.0,0.18045535575068763,loss,loss,loss,loss,loss,loss,loss,loss,2023
44907,52671,long,Asia,low,22.641509433962266,13.430420711974108,False,2.247286349135714,False,2025-02,96,0.5445816972442442,0.017353893235403425,1.694070530122422,0.017353893235403425,1.8195143869383188,0.017353893235403425,1.8195143869383188,0.8627364065598735,32.0,1.8195143869383188,win,win,win,loss,loss,loss,loss,loss,2025
44918,22569,long,Asia,low,20.550161812297734,19.142091152815013,False,1.2343300686984098,False,2023-11,96,1.8246927741379089,0.012395308966629614,1.8246927741379089,0.012395308966629614,1.8246927741379089,0.6197654483344165,1.8246927741379089,2.79669158560893,18.0,1.8246927741379089,win,win,win,loss,loss,loss,loss,loss,2023
44918,57366,long,Asia,low,13.269127875869449,19.142091152815013,False,1.2343300686984098,False,2025-05,96,0.8811591996121593,0.4108499033083134,1.1775860271314371,0.4108499033083134,7.16224644358876,0.4108499033083134,9.120200748059448,0.4108499033083134,,18.48621532813712,win,win,win,win,win,win,win,win,2025
44918,9837,long,Asia,low,9.439050701186623,19.142091152815013,False,1.2343300686984098,False,2023-05,96,0.6588324346925627,0.7071871087984409,0.6588324346925627,0.9887523465607683,1.921090906664755,1.3096057570341075,1.921090906664755,2.6998026375780504,14.0,1.921090906664755,win,win,win,loss,loss,loss,loss,loss,2023
44918,61720,long,Asia,low,10.76923076923077,19.142091152815013,False,1.2343300686984098,False,2025-07,96,1.4420884625748318,0.0,1.4420884625748318,0.6682426729337639,1.4420884625748318,1.4371421807617422,2.400183249749439,1.4371421807617422,10.0,1.4420884625748318,win,win,loss,loss,loss,loss,loss,loss,2025
44918,3873,long,Asia,low,25.47322877230936,19.142091152815013,False,1.2343300686984098,False,2023-01,96,0.0,2.234387858440021,0.41057505563308155,2.234387858440021,0.4604110033657976,2.234387858440021,3.0628533381806475,2.234387858440021,1.0,0.0,loss,loss,loss,loss,loss,loss,loss,loss,2023
44999,60730,short,Asia,low,1.9001085776330078,9.870550161812297,False,3.250256123275729,False,2025-06,96,0.33696509820227677,0.048527336148880065,0.439017904373033,0.048527336148880065,0.5172614182759758,0.20474173847081045,0.9171121281168645,0.5095370295631374,94.0,1.7806987862118528,win,win,win,loss,loss,loss,loss,loss,2025
44999,44165,short,Asia,low,4.761904761904762,9.870550161812297,False,3.250256123275729,False,2024-10,96,0.16166898766768717,0.61212705657812,0.16166898766768717,0.9276956633854935,0.16166898766768717,1.656032636456837,0.16166898766768717,1.6940529505300153,9.0,0.16166898766768717,loss,loss,loss,loss,loss,loss,loss,loss,2024
44999,16878,short,Asia,low,5.723542116630669,9.870550161812297,False,3.250256123275729,False,2023-08,96,0.2861564370104466,0.7378043306958166,0.2861564370104466,0.9216210764404523,0.2861564370104466,1.0747077220528922,0.2861564370104466,1.4863219073092677,8.0,0.2861564370104466,loss,loss,loss,loss,loss,loss,loss,loss,2023
44999,28778,short,Asia,low,7.146724417975095,9.870550161812297,False,3.250256123275729,False,2024-02,96,0.07460036540586187,0.8329439295320961,0.07460036540586187,0.8382725270610908,0.07460036540586187,0.8382725270610908,0.07460036540586187,1.0665608633032406,26.0,0.07460036540586187,loss,loss,loss,loss,loss,loss,loss,loss,2024
44999,37044,short,Asia,low,17.787418655097614,9.870550161812297,False,3.250256123275729,False,2024-06,96,0.3234933315257787,1.156122751311878,0.3234933315257787,1.3296681119919067,0.46268806143443275,1.3296681119919067,0.46268806143443275,1.4887264675205392,3.0,0.3234933315257787,loss,loss,loss,loss,loss,loss,loss,loss,2024
45185,14120,short,Asia,low,3.008752735229759,7.758620689655173,False,1.9025931236943758,False,2023-07,96,1.0387552603095194,0.023171095033020662,1.0387552603095194,0.023171095033020662,1.0387552603095194,0.5718823454955596,2.1904079836522263,1.795513364047165,24.0,2.1904079836522263,win,win,win,win,loss,loss,loss,loss,2023
45185,61275,short,Asia,low,7.465940054495913,7.758620689655173,False,1.9025931236943758,False,2025-07,96,0.44470060721439847,0.5185117389273342,0.44470060721439847,0.6713298170078911,0.44470060721439847,1.0217416700466264,0.44470060721439847,2.8862750407075053,8.0,0.44470060721439847,loss,loss,loss,loss,loss,loss,loss,loss,2025
45185,12593,short,Asia,low,8.54054054054054,7.758620689655173,False,1.9025931236943758,False,2023-06,96,0.4392359955176581,0.835548549348083,0.4392359955176581,1.864044220066701,0.4392359955176581,3.096738788132319,0.4392359955176581,3.872694598050485,4.0,0.4392359955176581,loss,loss,loss,loss,loss,loss,loss,loss,2023
45185,18349,short,Asia,low,11.561318206374931,7.758620689655173,False,1.9025931236943758,False,2023-09,96,0.22728429925296825,0.8427978710877789,0.5774405673915339,0.8427978710877789,0.7620369525715703,0.8427978710877789,1.3862034799616236,2.7545241851088256,19.0,0.7620369525715703,win,loss,loss,loss,loss,loss,loss,loss,2023
45185,53873,short,Asia,low,10.800644814615797,7.758620689655173,False,1.9025931236943758,False,2025-03,96,0.34408190785912096,1.5343890929015536,0.34408190785912096,1.6674738611634974,0.34408190785912096,3.268964517894504,0.34408190785912096,5.015282716557639,1.0,0.34408190785912096,loss,loss,loss,loss,loss,loss,loss,loss,2025
45454,37316,long,Asia,low,1.4555256064690028,7.9502433747971875,False,1.3091395160938648,False,2024-06,96,1.9519230663433411,1.6200961450650877,1.9519230663433411,1.6200961450650877,7.112191256997855,1.6200961450650877,13.474433125347932,1.6200961450650877,0.0,0.0,loss,loss,loss,loss,loss,loss,loss,loss,2024
45454,62364,long,Asia,low,3.8147138964577656,7.9502433747971875,False,1.3091395160938648,False,2025-07,96,0.47620007717420515,0.8672517961781839,0.47620007717420515,1.343738568160971,1.7069808907255888,1.823952372656367,3.957821833467546,1.823952372656367,5.0,0.47620007717420515,loss,loss,loss,loss,loss,loss,loss,loss,2025
45454,16984,long,Asia,low,16.345123258306536,7.9502433747971875,False,1.3091395160938648,False,2023-08,96,0.3523537532197062,0.8294859915248749,2.0455913306191964,0.8294859915248749,2.6927584993770273,0.8294859915248749,5.69261430660612,0.8294859915248749,44.0,6.516281612297998,win,win,win,win,win,win,win,win,2023
45454,22299,long,Asia,low,6.182795698924731,7.9502433747971875,False,1.3091395160938648,False,2023-11,96,0.0012647944244351468,1.2654268216772728,0.7436991215854087,1.2654268216772728,0.7436991215854087,3.64956431179389,0.7436991215854087,7.3509851949909155,0.0,0.0012647944244351468,loss,loss,loss,loss,loss,loss,loss,loss,2023
45454,5702,long,Asia,low,8.333333333333332,7.9502433747971875,False,1.3091395160938648,False,2023-02,96,0.3374690476036993,0.4572161290114483,0.3374690476036993,0.8682959366146276,0.3374690476036993,2.0693954501287486,0.3374690476036993,4.437899410959976,11.0,0.3374690476036993,loss,loss,loss,loss,loss,loss,loss,loss,2023
45573,70186,short,Other,mid,36.21333333333333,36.88699360341152,False,1.3356010741691406,False,2025-11,96,1.4139175914815907,0.6910329220894593,1.4139175914815907,0.6910329220894593,2.391439775320886,0.6910329220894593,2.4292030657517096,0.6910329220894593,,7.949084403703629,win,win,win,win,win,win,win,win,2025
45573,44253,short,Other,mid,33.78524945770065,36.88699360341152,False,1.3356010741691406,False,2024-10,96,0.014292699436732557,1.7375838886665012,0.014292699436732557,1.7375838886665012,0.014292699436732557,4.104921615780234,0.014292699436732557,5.005653368038317,1.0,0.014292699436732557,loss,loss,loss,loss,loss,loss,loss,loss,2024
45573,56786,short,Other,mid,39.815317762085826,36.88699360341152,False,1.3356010741691406,False,2025-04,96,2.4813856263681973,0.1378479070946331,2.4813856263681973,0.1378479070946331,2.979512231611796,0.1378479070946331,9.87116779435582,0.1378479070946331,,12.577450185071633,win,win,win,win,win,win,win,win,2025
45573,29223,short,Other,mid,31.113537117903928,36.88699360341152,False,1.3356010741691406,False,2024-02,96,1.0268266814690516,0.864996061304179,1.0268266814690516,1.5334021086755782,1.0268266814690516,1.6057700268480317,3.633211387928405,1.6057700268480317,4.0,1.0268266814690516,win,win,loss,loss,loss,loss,loss,loss,2024
45573,4901,short,Other,mid,30.777479892761395,36.88699360341152,False,1.3356010741691406,False,2023-02,96,1.4983962017674641,0.08694160246460012,3.5661444904709705,0.08694160246460012,3.885443295982368,0.08694160246460012,4.136650669475099,0.08694160246460012,,5.186105056746411,win,win,win,win,win,win,win,win,2023
45828,30723,short,Asia,mid,46.50537634408602,38.2210242587601,False,2.406842913451873,False,2024-03,96,0.0767539040570186,0.5084643486427863,0.0767539040570186,1.2525171788232357,0.0767539040570186,2.1488671877161654,0.0767539040570186,4.025342760088028,7.0,0.0767539040570186,loss,loss,loss,loss,loss,loss,loss,loss,2024
45828,31370,short,Asia,mid,39.11419423692636,38.2210242587601,False,2.406842913451873,False,2024-03,96,0.3414115829018937,0.4231112418451534,0.3414115829018937,0.9246010182866028,0.45765093505709925,3.501350695207002,0.45765093505709925,4.225577211206829,11.0,0.45765093505709925,loss,loss,loss,loss,loss,loss,loss,loss,2024
45828,70174,short,Asia,mid,36.822329575952764,38.2210242587601,False,2.406842913451873,False,2025-11,96,1.4081570147018607,0.005633793671290424,1.4081570147018607,0.005633793671290424,1.4081570147018607,0.8411351085611282,1.4081570147018607,0.8411351085611282,,3.582558535886117,win,win,win,win,win,win,win,none,2025
45828,3413,short,Asia,mid,37.750135208220655,38.2210242587601,False,2.406842913451873,False,2023-01,96,0.8546311107043236,0.047027320377400025,0.9909651212214576,0.0999330558019365,0.9909651212214576,1.2453196184548891,0.9909651212214576,2.2256583740141442,15.0,0.9909651212214576,win,loss,loss,loss,loss,loss,loss,loss,2023
45828,26223,short,Asia,mid,36.833602584814216,38.2210242587601,False,2.406842913451873,False,2024-01,96,0.33018180300313943,0.1638129283020276,0.5978590986115967,0.1638129283020276,0.9236260851073039,0.6199331811487052,0.9236260851073039,0.9814834172309573,40.0,0.9236260851073039,win,loss,loss,loss,loss,loss,loss,loss,2024
46118,65477,short,Asia,mid,61.35002721829069,66.02461209202782,False,2.6257006118926713,False,2025-09,96,0.18961091428194485,0.52041339715383,0.18961091428194485,0.52041339715383,0.47435827732578456,0.7686571128596046,0.47435827732578456,0.9623344956274078,49.0,0.5913401730698086,win,loss,loss,loss,loss,loss,loss,loss,2025
46118,55331,short,Asia,mid,68.83745963401508,66.02461209202782,False,2.6257006118926713,False,2025-04,96,0.5102726935126057,0.2117329741572449,1.2606792636874975,0.2117329741572449,2.162148441538749,0.2117329741572449,2.162148441538749,0.22079106930835676,73.0,2.5301335570526624,win,win,win,win,win,loss,loss,loss,2025
46118,2949,short,Asia,mid,62.764227642276424,66.02461209202782,False,2.6257006118926713,False,2023-01,96,0.5594500742328188,0.048482210085166906,0.6463717508855112,0.048482210085166906,0.6463717508855112,0.048482210085166906,1.2827007582534204,0.9599477596863756,32.0,1.2827007582534204,win,win,loss,loss,loss,loss,loss,loss,2023
46118,65487,short,Asia,mid,61.18029236599891,66.02461209202782,False,2.6257006118926713,False,2025-09,96,0.16029482268476142,0.7668746987105529,0.16029482268476142,0.8618572015669094,0.17944299192324759,1.0425325014114395,0.5148203323482038,1.0425325014114395,9.0,0.16029482268476142,loss,loss,loss,loss,loss,loss,loss,loss,2025
46118,68877,short,Asia,mid,66.03881278538812,66.02461209202782,False,2.6257006118926713,False,2025-10,96,0.8462009380215118,0.1799434821913054,1.035545492231325,0.1799434821913054,1.7904515753175496,0.1799434821913054,4.312968110594876,0.1799434821913054,,4.312968110594876,win,win,win,win,win,win,win,win,2025
46190,20462,short,Asia,mid,46.00107353730542,54.624121146565706,False,3.0692166009675215,False,2023-10,96,0.40612940658990526,0.009893530002180824,0.6403587293917781,0.009893530002180824,1.8018591516488416,0.009893530002180824,1.8810073916663446,0.009893530002180824,,2.3373464630173566,win,win,win,win,none,none,none,none,2023
46190,63284,short,Asia,mid,53.56371490280778,54.624121146565706,False,3.0692166009675215,False,2025-08,96,0.4035350063806434,0.3112320727105228,0.4035350063806434,0.6875837360904455,0.4035350063806434,1.0732259091034944,0.4035350063806434,1.1160654813008015,12.0,0.4035350063806434,loss,loss,loss,loss,loss,loss,loss,loss,2025
46190,46559,short,Asia,mid,53.08108108108108,54.624121146565706,False,3.0692166009675215,False,2024-11,96,0.17722529709473742,0.5115458489772111,0.17722529709473742,0.6440601978323385,0.17722529709473742,0.6440601978323385,1.0507072836319162,0.6440601978323385,45.0,1.0507072836319162,win,win,loss,loss,loss,loss,loss,loss,2024
46190,40699,short,Asia,mid,54.23819742489271,54.624121146565706,False,3.0692166009675215,False,2024-08,96,0.4157176280270462,0.015693044362854788,0.4157176280270462,0.16798466355696562,0.4157176280270462,0.21980131947202677,1.628227376439253,0.4146319457126388,,1.7151806599843524,win,win,win,none,none,none,none,none,2024
46190,30332,short,Asia,mid,59.88023952095808,54.624121146565706,False,3.0692166009675215,False,2024-03,96,0.5786223755204519,0.13860667418383701,0.627186559367889,0.13860667418383701,1.1812676035490137,0.13860667418383701,1.7360399528383494,0.13860667418383701,,5.72383346919412,win,win,win,win,win,win,win,win,2024
46374,62921,long,Asia,mid,39.565217391304344,35.69497025419145,False,3.2730006027575826,False,2025-07,96,0.0432983993320401,0.46439307808148117,0.0432983993320401,0.9595741573273437,0.146487002658134,0.9595741573273437,0.9027006450899977,0.9595741573273437,,1.2748184459065321,win,win,none,none,none,none,none,none,2025
46374,30542,long,Asia,mid,34.62157809983897,35.69497025419145,False,3.2730006027575826,False,2024-03,96,0.08362152507628523,0.25504565148266517,0.288285207700408,0.25504565148266517,0.6940586581329488,0.25504565148266517,0.6940586581329488,2.289348302775483,23.0,0.6940586581329488,win,loss,loss,loss,loss,loss,loss,loss,2024
46374,66056,long,Asia,mid,37.23175965665236,35.69497025419145,False,3.2730006027575826,False,2025-09,96,0.789345649862508,0.27143207691635485,0.8635358240892758,0.27143207691635485,0.9175954160099479,0.27143207691635485,2.621228639719483,0.27143207691635485,,5.443668592724032,win,win,win,win,win,win,win,win,2025
46374,20463,long,Asia,mid,43.56223175965665,35.69497025419145,False,3.2730006027575826,False,2023-10,96,0.01809866822670191,0.5384353797458844,0.01809866822670191,0.9504182222758213,0.01809866822670191,1.656742563861943,0.01809866822670191,1.732947482711405,8.0,0.01809866822670191,loss,loss,loss,loss,loss,loss,loss,loss,2023
46374,70638,long,Asia,mid,32.886984467059456,35.69497025419145,False,3.2730006027575826,False,2025-11,96,0.45930400379001685,0.038943095475152345,0.8252761952633084,0.038943095475152345,1.081154784816786,0.038943095475152345,1.53596833226969,0.038943095475152345,,4.2395714446757475,win,win,win,win,win,win,win,win,2025
46766,44344,short,Other,mid,39.175257731958766,31.927389215162837,False,2.4181423995369706,True,2024-10,96,0.4266511244714296,0.05071425579863663,0.8167011346660904,0.05071425579863663,1.132618379503731,0.7894053884257667,1.132618379503731,2.5527726313337795,18.0,1.132618379503731,win,win,loss,loss,loss,loss,loss,loss,2024
46766,44253,short,Other,mid,33.78524945770065,31.927389215162837,False,2.4181423995369706,True,2024-10,96,0.007894218605211972,0.9597114332912512,0.007894218605211972,0.9597114332912512,0.007894218605211972,2.267251804718369,0.007894218605211972,2.76474868334905,8.0,0.007894218605211972,loss,loss,loss,loss,loss,loss,loss,loss,2024
46766,6917,short,Other,mid,34.547402249598285,31.927389215162837,False,2.4181423995369706,True,2023-03,96,3.2881012558781006,0.03501172618059862,3.2881012558781006,0.03501172618059862,3.2881012558781006,5.011928602757235,3.2881012558781006,7.909899195479697,9.0,3.2881012558781006,win,win,win,win,win,win,loss,loss,2023
46766,24369,short,Other,mid,34.01323042998897,31.927389215162837,False,2.4181423995369706,True,2023-12,96,0.1404171948012101,1.2482638883042456,0.1404171948012101,1.2655037218296543,0.1404171948012101,1.4848743571240934,0.1404171948012101,1.4848743571240934,3.0,0.1404171948012101,loss,loss,loss,loss,loss,loss,loss,loss,2023
46766,60440,short,Other,mid,31.480462300495322,31.927389215162837,False,2.4181423995369706,True,2025-06,96,0.17490282579599403,0.42286632565869664,0.17490282579599403,0.42286632565869664,1.2409687584199307,0.42286632565869664,2.2397303125097308,0.42286632565869664,88.0,2.2397303125097308,win,win,win,win,loss,loss,loss,loss,2025
46854,48386,short,Asia,low,16.98421339139902,20.38523274478331,False,2.2822866196505007,False,2024-12,96,0.8336718444809387,0.09538320054374731,1.1920470954204159,0.3327885859378684,2.9656240264139675,0.3327885859378684,4.256293140732755,0.3327885859378684,,7.281835306707299,win,win,win,win,win,win,win,win,2024
46854,69331,short,Asia,low,19.358533791523485,20.38523274478331,False,2.2822866196505007,False,2025-11,96,0.7857784972933217,0.22988794864292295,0.7857784972933217,0.22988794864292295,0.7857784972933217,0.48658374691935086,1.2482139034713664,0.5569543522073074,,3.267472624973239,win,win,win,win,win,win,none,none,2025
46854,47404,short,Asia,low,28.334226031065878,20.38523274478331,False,2.2822866196505007,False,2024-11,96,0.2261938126218959,0.9044833875034295,0.2261938126218959,0.9044833875034295,0.2261938126218959,2.129578262961874,0.2261938126218959,2.3772240049098343,10.0,0.2261938126218959,loss,loss,loss,loss,loss,loss,loss,loss,2024
46854,35566,short,Asia,low,15.941240478781285,20.38523274478331,False,2.2822866196505007,False,2024-05,96,0.27811719238139904,0.19108051706779872,1.9532230446241108,0.19108051706779872,1.9532230446241108,0.19108051706779872,1.9532230446241108,0.19108051706779872,44.0,1.9532230446241108,win,win,win,loss,loss,loss,loss,loss,2024
46854,13484,short,Asia,low,25.42559033498078,20.38523274478331,False,2.2822866196505007,False,2023-06,96,0.3952508940679061,0.6456978891569359,0.6933587112527234,0.6456978891569359,0.6933587112527234,0.6456978891569359,1.2804671821645814,2.094951167405741,28.0,1.2804671821645814,win,win,loss,loss,loss,loss,loss,loss,2023
46877,15527,long,London,mid,42.19251336898396,39.37632135306554,False,1.8269345689887582,False,2023-07,96,0.37768610494373606,0.18573452485919165,0.37768610494373606,0.709132861648508,1.04446527786907,0.7266183294700058,1.3595922646071694,3.0226545374047142,19.0,1.04446527786907,win,win,loss,loss,loss,loss,loss,loss,2023
46877,28998,long,London,mid,34.25385023898035,39.37632135306554,False,1.8269345689887582,False,2024-02,96,1.312958268743126,0.2964744477807714,1.5892273806331543,0.34349071014175053,1.5892273806331543,0.5249501690062625,1.5892273806331543,1.2608906724095053,29.0,1.5892273806331543,win,win,win,loss,loss,loss,loss,loss,2024
46877,69186,long,London,mid,38.03921568627451,39.37632135306554,False,1.8269345689887582,False,2025-10,96,0.4853409872165794,0.29133412650098117,0.4853409872165794,0.4052653178468579,1.6314240050706204,0.4052653178468579,1.6314240050706204,2.128069792668807,24.0,1.6314240050706204,win,win,win,loss,loss,loss,loss,loss,2025
46877,27258,long,London,mid,47.819148936170215,39.37632135306554,False,1.8269345689887582,False,2024-01,96,0.27467653777335277,0.5097472262204921,0.9169181520277211,0.6254304983532452,0.9169181520277211,5.295501508836183,0.9169181520277211,6.3466236539046275,10.0,0.9169181520277211,win,loss,loss,loss,loss,loss,loss,loss,2024
46877,11067,long,London,mid,39.03601694915254,39.37632135306554,False,1.8269345689887582,False,2023-05,96,0.004094764039504772,0.9169346617101781,0.004094764039504772,1.4811346497290039,0.004094764039504772,6.472359530776556,0.004094764039504772,7.825386562697284,4.0,0.004094764039504772,loss,loss,loss,loss,loss,loss,loss,loss,2023
47018,69347,long,Asia,low,13.507377979568671,18.38831800973499,False,1.1356842311130575,False,2025-11,96,0.37120140002028346,1.951543478362244,0.715953560235684,1.951543478362244,1.9175698858542174,1.951543478362244,1.9175698858542174,1.951543478362244,2.0,0.37120140002028346,loss,loss,loss,loss,loss,loss,loss,loss,2025
47018,13038,long,Asia,low,12.316076294277929,18.38831800973499,False,1.1356842311130575,False,2023-06,96,0.8651541857114362,0.8390363235013043,0.8651541857114362,1.7531615008566637,0.8651541857114362,1.9177040327806134,1.17334495979126,2.7600050890582586,6.0,0.8651541857114362,win,loss,loss,loss,loss,loss,loss,loss,2023
47018,13778,long,Asia,low,24.59546925566343,18.38831800973499,False,1.1356842311130575,False,2023-06,96,0.86946227984172,0.7649300396909724,1.1541589103697891,0.8036684580998249,2.4995503306624265,0.8036684580998249,5.0882605132180885,6.7503231316142465,28.0,5.0882605132180885,win,win,win,win,win,win,win,win,2023
47018,49549,long,Asia,low,14.402618657937808,18.38831800973499,False,1.1356842311130575,False,2025-01,96,0.7375333632999851,1.6415155129622183,1.3332023856811162,1.868417853693357,1.8168308206320551,1.868417853693357,1.8168308206320551,4.37482221782605,1.0,0.7375333632999851,win,loss,loss,loss,loss,loss,loss,loss,2025
47018,12405,long,Asia,low,9.317443120260021,18.38831800973499,False,1.1356842311130575,False,2023-06,96,0.5218233268898246,0.29902974022039047,0.9233775494714235,0.29902974022039047,1.0357601551366633,2.238451198220564,1.8947312990222072,2.238451198220564,10.0,1.0357601551366633,win,win,loss,loss,loss,loss,loss,loss,2023
47312,70728,long,Asia,low,18.016085790884716,25.334761649705413,False,0.7782738682325304,False,2025-11,96,1.558665682623988,0.7913166775974791,1.558665682623988,1.7889470806842003,1.558665682623988,6.6821871127379975,1.558665682623988,6.6821871127379975,4.0,1.558665682623988,win,win,win,loss,loss,loss,loss,loss,2025
47312,11228,long,Asia,low,26.75603217158177,25.334761649705413,False,0.7782738682325304,False,2023-05,96,0.2370886321963688,2.560254239054549,0.2370886321963688,5.3235108852292425,0.24239093387493083,5.3235108852292425,3.251068400598093,6.561977062996707,1.0,0.2370886321963688,loss,loss,loss,loss,loss,loss,loss,loss,2023
47312,40873,long,Asia,low,16.828478964401295,25.334761649705413,False,0.7782738682325304,False,2024-08,96,3.1926098817111246,0.0,3.1926098817111246,0.37949794154489114,3.1926098817111246,0.37949794154489114,3.1926098817111246,4.425079515956808,17.0,3.1926098817111246,win,win,win,win,win,win,loss,loss,2024
47312,16144,long,Asia,low,15.372168284789645,25.334761649705413,False,0.7782738682325304,False,2023-08,96,0.9278004597902223,2.0178619865397245,0.9278004597902223,2.0480259028333547,0.9278004597902223,3.6155094150577898,0.9278004597902223,4.688928781093247,1.0,0.9278004597902223,ambiguous,loss,loss,loss,loss,loss,loss,loss,2023
47312,64870,long,Asia,low,17.28922091782284,25.334761649705413,False,0.7782738682325304,False,2025-08,96,0.17186636437001768,2.998771736939363,2.575032252371766,2.998771736939363,2.7967793719179768,2.998771736939363,2.7967793719179768,3.026922262138024,0.0,0.17186636437001768,loss,loss,loss,loss,loss,loss,loss,loss,2025
47463,13209,long,Asia,low,21.514818880351264,14.285714285714285,False,4.0537060291307965,True,2023-06,96,0.1550673150868405,0.3588504680992111,0.3427262118844202,0.3588504680992111,0.3427262118844202,0.5744695113117483,0.3427262118844202,1.0731207114859416,19.0,0.3427262118844202,loss,loss,loss,loss,loss,loss,loss,loss,2023
47463,61533,long,Asia,low,21.684094661529997,14.285714285714285,False,4.0537060291307965,True,2025-07,96,0.19102082926036784,0.20323649718916145,0.2836451245447418,0.20323649718916145,0.3550597985900695,0.22370780882811708,0.45338921351152633,0.5522555808694016,53.0,0.45338921351152633,loss,loss,loss,loss,loss,loss,loss,loss,2025
47463,58739,long,Asia,low,22.263948497854077,14.285714285714285,False,4.0537060291307965,True,2025-05,96,0.1397108025460097,0.10951140218500845,0.1397108025460097,0.19609771212516822,0.1397108025460097,0.7324126105070984,0.1397108025460097,1.1121314941703384,20.0,0.1397108025460097,loss,loss,loss,loss,loss,loss,loss,loss,2025
47463,27592,long,Asia,low,10.075839653304442,14.285714285714285,False,4.0537060291307965,True,2024-01,96,0.15760796624478035,0.05723657721517378,0.17436418160345388,0.1459947476793489,0.6720735486922101,0.1459947476793489,1.396738387173429,0.17253924725742947,,2.7412172908025294,win,win,win,win,win,none,none,none,2024
47463,16887,long,Asia,low,8.436324556689952,14.285714285714285,False,4.0537060291307965,True,2023-08,96,0.01342255636710204,0.30871879644374717,0.05523051882207565,0.4458049049145001,0.3830929612320397,0.4458049049145001,0.52347969831763,0.4458049049145001,37.0,0.52347969831763,win,loss,loss,loss,loss,loss,loss,loss,2023
47491,57747,short,London,mid,39.69181721572795,43.340494092373795,False,0.8250196913497536,False,2025-05,96,0.887194439522011,0.41879316128163674,0.897080115002879,0.7615564911375037,0.897080115002879,2.034292274414425,1.205513190006938,3.693827578325818,8.0,0.897080115002879,win,loss,loss,loss,loss,loss,loss,loss,2025
47491,67269,short,London,mid,51.6384778012685,43.340494092373795,False,0.8250196913497536,False,2025-10,96,0.32737163767572147,2.1920865018943805,0.8121624089352086,2.1920865018943805,14.533947108786752,3.475002307119703,16.03544489567606,3.475002307119703,3.0,0.32737163767572147,loss,loss,loss,loss,loss,loss,loss,loss,2025
47491,46585,short,London,mid,43.17697228144989,43.340494092373795,False,0.8250196913497536,False,2024-11,96,1.7802208226797052,1.5160041196550664,1.7802208226797052,1.5160041196550664,1.7802208226797052,3.2933882599403104,1.7802208226797052,4.377000934614897,1.0,1.7802208226797052,win,win,win,loss,loss,loss,loss,loss,2024
47491,32673,short,London,mid,51.77342509264161,43.340494092373795,False,0.8250196913497536,False,2024-04,96,1.6320148926101303,0.3192045167547203,2.326048403412569,0.3192045167547203,4.048225847452279,2.091189499285659,10.35415106739501,2.2257062090798914,12.0,4.048225847452279,win,win,win,win,win,win,win,win,2024
47491,29359,short,London,mid,49.25373134328358,43.340494092373795,False,0.8250196913497536,False,2024-02,96,1.1051513054595887,0.5811704767171478,1.2241675998936903,1.4428793617432993,5.102243999051733,1.6909587806610726,5.57444501138435,1.6909587806610726,7.0,1.2241675998936903,win,win,loss,loss,loss,loss,loss,loss,2024
47653,12117,long,Asia,low,19.95637949836423,26.25,False,2.6642346027931256,False,2023-06,96,0.14304042155071803,0.4104424467177986,0.2253746848144734,0.6746494109223692,0.2253746848144734,0.8626664598679081,0.2253746848144734,2.177556932885926,19.0,0.2253746848144734,loss,loss,loss,loss,loss,loss,loss,loss,2023
47653,7817,long,Asia,low,26.264800861141012,26.25,False,2.6642346027931256,False,2023-03,96,0.06063505898000086,0.8308066853229347,0.06063505898000086,0.8656984385605643,0.06063505898000086,2.0743572808958253,0.06063505898000086,2.3962549799723063,11.0,0.06063505898000086,loss,loss,loss,loss,loss,loss,loss,loss,2023
47653,60298,long,Asia,low,21.301775147928996,26.25,False,2.6642346027931256,False,2025-06,96,0.0833694174206224,0.6362713475135047,0.0833694174206224,0.8984340251455953,0.0833694174206224,0.8984340251455953,0.7719047070986743,1.033645901326241,16.0,0.0833694174206224,loss,loss,loss,loss,loss,loss,loss,loss,2025
47653,13205,long,Asia,low,24.972497249724974,26.25,False,2.6642346027931256,False,2023-06,96,0.1560021369083852,0.4015469637820865,0.20242228496404852,0.5575491006904717,0.4799285252531198,0.5575491006904717,0.4799285252531198,1.6137977154652756,23.0,0.4799285252531198,loss,loss,loss,loss,loss,loss,loss,loss,2023
47653,44191,long,Asia,low,25.34685165421558,26.25,False,2.6642346027931256,False,2024-10,96,0.8459093593924084,0.2624675533945387,0.8995405003337028,0.2624675533945387,1.0809112678806632,0.2624675533945387,2.9196468091229497,1.5687921318376288,23.0,2.068699372854171,win,win,ambiguous,ambiguous,loss,loss,loss,loss,2024
47678,29631,short,London,low,19.818376068376068,13.083109919571045,False,0.8728711686903023,False,2024-02,96,4.057538704369913,0.2655770903943617,5.728877235648214,0.2655770903943617,6.462708669632324,14.091560352725162,6.462708669632324,16.10834878353889,14.0,6.462708669632324,win,win,win,win,win,win,win,win,2024
47678,61220,short,London,low,13.568376068376068,13.083109919571045,False,0.8728711686903023,False,2025-07,96,0.3414809256157033,1.2629521608600236,0.6172089391237608,1.8686853558894436,2.1047134979363715,2.927865520265148,2.4328577479830336,2.927865520265148,2.0,0.3414809256157033,loss,loss,loss,loss,loss,loss,loss,loss,2025
47678,59578,short,London,low,18.240000000000002,13.083109919571045,False,0.8728711686903023,False,2025-06,96,1.1092226693193432,0.759882402464705,1.1092226693193432,1.7347057679976208,3.361696246985954,1.7594313229746403,10.028538214228108,1.7594313229746403,5.0,1.1092226693193432,win,win,loss,loss,loss,loss,loss,loss,2025
47678,35239,short,London,low,13.996806812134114,13.083109919571045,False,0.8728711686903023,False,2024-05,96,0.2244582757407044,3.780218059067676,0.2244582757407044,3.780218059067676,0.2244582757407044,3.780218059067676,0.2244582757407044,9.960335985986468,0.0,0.2244582757407044,loss,loss,loss,loss,loss,loss,loss,loss,2024
47678,14069,short,London,low,16.15837346174425,13.083109919571045,False,0.8728711686903023,False,2023-07,96,0.23041544788711552,0.8817821947989046,0.8755787019709181,0.9349549904651155,3.0937704945151734,0.9349549904651155,4.991153086539392,0.9349549904651155,,7.781838645757002,win,win,win,win,win,win,win,win,2023
47772,9055,short,Overlap,mid,39.94736842105263,36.31494376004285,False,2.8732475149668097,False,2023-04,96,1.174553860038997,1.9415373701204983,1.174553860038997,1.9415373701204983,1.174553860038997,2.15631843677789,1.174553860038997,2.15631843677789,3.0,1.174553860038997,win,win,loss,loss,loss,loss,loss,loss,2023
47772,9424,short,Overlap,mid,45.765386638611254,36.31494376004285,False,2.8732475149668097,False,2023-04,96,1.124258459773316,0.15965221049199735,1.124258459773316,1.0220679855729276,1.124258459773316,1.6056637447844404,1.124258459773316,1.9938569518907112,4.0,1.124258459773316,win,win,loss,loss,loss,loss,loss,loss,2023
47772,61235,short,Overlap,mid,38.844727080021194,36.31494376004285,False,2.8732475149668097,False,2025-07,96,0.7739605050264602,0.016519803318932783,0.7739605050264602,0.016519803318932783,0.7739605050264602,0.5175175768698992,0.7739605050264602,1.689034096347427,21.0,0.7739605050264602,win,loss,loss,loss,loss,loss,loss,loss,2025
47772,29552,short,Overlap,mid,38.30238726790451,36.31494376004285,False,2.8732475149668097,False,2024-02,96,0.05529955424778953,1.4706551266448802,0.328145468130426,1.4706551266448802,0.4956092125976314,1.4706551266448802,0.4956092125976314,1.4706551266448802,3.0,0.05529955424778953,loss,loss,loss,loss,loss,loss,loss,loss,2024
47772,22248,short,Overlap,mid,45.23934771173067,36.31494376004285,False,2.8732475149668097,False,2023-11,96,0.3580959229913425,0.2015414239951478,1.0388380720748638,0.2015414239951478,1.0388380720748638,0.2015414239951478,1.5176789017632955,0.2015414239951478,,5.215964032073851,win,win,win,win,win,win,win,win,2023
47835,71335,long,Asia,low,16.90371991247265,8.54189336235038,False,1.8259869133778879,False,2025-12,96,0.3347504905787344,1.3424568488286057,0.3347504905787344,2.429345470958657,0.3347504905787344,2.429345470958657,0.3347504905787344,3.5822504380926903,2.0,0.3347504905787344,loss,loss,loss,loss,loss,loss,loss,loss,2025
47835,27408,long,Asia,low,11.159263271939327,8.54189336235038,False,1.8259869133778879,False,2024-01,96,0.18649472692753039,0.41310750557779286,0.18649472692753039,0.4517798617429815,0.4459970795126438,0.8894641917995867,0.7470631793781969,1.463043904268472,22.0,0.4459970795126438,loss,loss,loss,loss,loss,loss,loss,loss,2024
47835,13317,long,Asia,low,4.189336235038085,8.54189336235038,False,1.8259869133778879,False,2023-06,96,1.1234508292619776,0.4842695446798722,1.1234508292619776,0.6559898897915628,1.1234508292619776,1.929355306055715,1.1234508292619776,4.5932920884222295,13.0,1.1234508292619776,win,win,loss,loss,loss,loss,loss,loss,2023
47835,37305,long,Asia,low,1.2472885032537961,8.54189336235038,False,1.8259869133778879,False,2024-06,96,0.19553897582589333,0.4534237120598417,0.6514423488112459,0.4534237120598417,1.44705926856628,1.0163067421092211,5.742186228508995,1.0163067421092211,12.0,0.6514423488112459,win,loss,loss,loss,loss,loss,loss,loss,2024
47835,65047,long,Asia,low,4.6598821638993035,8.54189336235038,False,1.8259869133778879,False,2025-08,96,0.4603674333387517,0.491661661414927,0.900442515659474,0.491661661414927,1.4478470208350362,0.5796766778790937,1.9448873777005333,1.1229249183882255,23.0,1.4478470208350362,win,win,loss,loss,loss,loss,loss,loss,2025
47866,18380,short,Overlap,mid,38.3634431455898,39.325842696629216,False,2.309309942279488,False,2023-09,96,2.1167169412443156,0.7520525336865755,2.1167169412443156,0.7520525336865755,2.1167169412443156,0.7520525336865755,2.1167169412443156,0.7520525336865755,44.0,2.1167169412443156,win,win,win,win,loss,loss,loss,loss,2023
47866,13529,short,Overlap,mid,31.189710610932476,39.325842696629216,False,2.309309942279488,False,2023-06,96,0.6248672757640056,0.318891843534079,3.0629116672840246,0.318891843534079,3.0629116672840246,0.318891843534079,3.0629116672840246,0.318891843534079,,3.591049373947161,win,win,win,win,win,win,win,none,2023
47866,36624,short,Overlap,mid,30.573248407643312,39.325842696629216,False,2.309309942279488,False,2024-06,96,0.1406774161375043,1.1865605722284862,0.21338118661953126,1.4207893460465049,1.6786687439971917,1.4207893460465049,1.6786687439971917,1.4207893460465049,1.0,0.1406774161375043,loss,loss,loss,loss,loss,loss,loss,loss,2024
47866,33142,short,Overlap,mid,39.357218124341415,39.325842696629216,False,2.309309942279488,False,2024-04,96,0.40431729233732827,0.7221881257339335,0.5909747505560577,0.8467121915889982,0.5909747505560577,2.1746687327274477,0.8061904139605873,2.1746687327274477,8.0,0.5909747505560577,win,loss,loss,loss,loss,loss,loss,loss,2024
47866,63237,short,Overlap,mid,45.797872340425535,39.325842696629216,False,2.309309942279488,False,2025-08,96,0.0072572575555852215,6.370420682250178,0.0072572575555852215,6.4256967939648915,0.0072572575555852215,6.4256967939648915,0.0072572575555852215,7.180088716862898,0.0,0.0072572575555852215,loss,loss,loss,loss,loss,loss,loss,loss,2025
47909,38494,short,Asia,mid,49.64616222101252,52.69230769230769,False,3.3623979036970084,False,2024-07,96,0.14963094796433696,0.46055409990779844,0.15945784910038585,0.5966894369787283,0.15945784910038585,1.3270247294072328,0.15945784910038585,1.9313136365978105,9.0,0.15945784910038585,loss,loss,loss,loss,loss,loss,loss,loss,2024
47909,20197,short,Asia,mid,44.50373532550694,52.69230769230769,False,3.3623979036970084,False,2023-10,96,0.7472305705351052,0.06878169883843456,0.9710792534931995,0.06878169883843456,1.0233434834349469,0.06878169883843456,2.6590659629798163,0.06878169883843456,,2.6590659629798163,win,win,win,win,win,none,none,none,2023
47909,19910,short,Asia,mid,58.11688311688312,52.69230769230769,False,3.3623979036970084,False,2023-10,96,0.2655688943053709,0.20483340726689733,0.9943947387667286,0.20483340726689733,0.9943947387667286,0.6552287248735992,2.95031559978528,0.6552287248735992,,6.719964828638258,win,win,win,win,win,win,win,win,2023
47909,9658,short,Asia,mid,48.25174825174825,52.69230769230769,False,3.3623979036970084,False,2023-04,96,0.03966970670487711,0.303620440716333,0.1261580778599884,0.303620440716333,0.19750747967190999,0.625744066185471,0.38940793366112764,0.6307903892998782,,3.4570116846474708,win,win,win,win,win,win,none,none,2023
47909,65662,short,Asia,mid,53.59085963003264,52.69230769230769,False,3.3623979036970084,False,2025-09,96,0.07321465170228095,0.7708926978676178,0.07321465170228095,1.4091763861351239,0.07321465170228095,1.4596862694443478,0.07321465170228095,1.8464899686625023,6.0,0.07321465170228095,loss,loss,loss,loss,loss,loss,loss,loss,2025
48051,61241,long,Overlap,mid,45.219228737453776,52.51336898395722,False,2.5767343656088286,False,2025-07,96,0.40240940170190703,0.3027208628823215,0.6832818598262643,0.3027208628823215,1.247851284674802,0.3027208628823215,1.9440095807652862,0.3027208628823215,81.0,1.9440095807652862,win,win,win,loss,loss,loss,loss,loss,2025
48051,65081,long,Overlap,mid,44.450289321409784,52.51336898395722,False,2.5767343656088286,False,2025-08,96,2.430893613495769,0.0139334241006886,3.5169673552386014,0.0139334241006886,3.995714918417377,0.0139334241006886,4.457106812979531,0.0139334241006886,,8.857624368427311,win,win,win,win,win,win,win,win,2025
48051,51160,long,Overlap,mid,46.44839067702552,52.51336898395722,False,2.5767343656088286,False,2025-01,96,0.31395546731037494,0.32530152491219516,0.526658142098481,0.32530152491219516,1.0806042708341974,0.32530152491219516,1.2480663361974185,0.32530152491219516,88.0,1.2615667085337383,win,win,loss,loss,loss,loss,loss,loss,2025
48051,58506,long,Overlap,mid,54.9317943336831,52.51336898395722,False,2.5767343656088286,False,2025-05,96,0.5856870248377279,0.046551833767120764,0.5856870248377279,0.08774479364713475,0.6527541434859676,0.08774479364713475,1.1100447151891997,0.08774479364713475,76.0,2.2237702730483706,win,win,win,win,loss,loss,loss,loss,2025
48051,70762,long,Overlap,mid,48.49921011058452,52.51336898395722,False,2.5767343656088286,False,2025-11,96,0.04744986347370265,1.6464563422387595,0.04744986347370265,1.6464563422387595,0.5301264102868873,1.6464563422387595,0.5301264102868873,1.6464563422387595,2.0,0.04744986347370265,loss,loss,loss,loss,loss,loss,loss,loss,2025
48195,28894,short,Asia,mid,49.38535542490647,46.666666666666664,False,1.4579836907619823,False,2024-02,96,0.6465414362193684,0.6509478524514253,0.9493824063444966,0.6509478524514253,1.2562292094077836,0.6509478524514253,2.1875853675306103,0.6509478524514253,89.0,3.2479293462622287,win,win,win,win,win,win,loss,loss,2024
48195,36138,short,Asia,mid,45.425188374596345,46.666666666666664,False,1.4579836907619823,False,2024-06,96,0.7049463831683332,1.5047086721638638,0.7049463831683332,1.7286618663962496,0.7049463831683332,1.7286618663962496,0.7049463831683332,4.481779965284842,3.0,0.7049463831683332,win,loss,loss,loss,loss,loss,loss,loss,2024
48195,26777,short,Asia,mid,50.349650349650354,46.666666666666664,False,1.4579836907619823,False,2024-01,96,0.3226768096388023,2.125580643406792,0.3226768096388023,2.784672685802282,0.3226768096388023,3.380356621500165,1.0490518985856303,3.6357503845876296,3.0,0.3226768096388023,loss,loss,loss,loss,loss,loss,loss,loss,2024
48195,17169,short,Asia,mid,40.599892876272094,46.666666666666664,False,1.4579836907619823,False,2023-08,96,2.2959810261215883,0.7724194788310863,2.51469301179956,0.7724194788310863,2.51469301179956,0.7724194788310863,2.817524991969093,2.5127137178115704,28.0,2.817524991969093,win,win,win,win,win,loss,loss,loss,2023
48195,8102,short,Asia,mid,44.40278521692555,46.666666666666664,False,1.4579836907619823,False,2023-04,96,0.3197268048784414,0.4236592560655887,0.4967234860555914,1.2848543080011772,0.4967234860555914,3.9092194991509666,0.4967234860555914,7.739994069204272,6.0,0.4967234860555914,loss,loss,loss,loss,loss,loss,loss,loss,2023
48235,33886,long,Overlap,high,74.08184679958028,70.26737967914438,False,1.8624610126803904,True,2024-05,96,0.47797346963689896,0.20727393659432877,0.7032712268046364,0.41751381834629064,0.7032712268046364,0.41751381834629064,0.8586411231400746,0.41751381834629064,65.0,0.9849219419677658,win,loss,loss,loss,loss,loss,loss,loss,2024
48235,64535,long,Overlap,high,76.87467226009439,70.26737967914438,False,1.8624610126803904,True,2025-08,96,0.23380281426314864,0.7862458001541253,0.23380281426314864,0.7862458001541253,0.23380281426314864,0.903794371592945,0.23380281426314864,0.903794371592945,33.0,0.23380281426314864,loss,loss,loss,loss,loss,loss,loss,loss,2025
48235,70771,long,Overlap,high,70.28301886792453,70.26737967914438,False,1.8624610126803904,True,2025-11,96,1.188937705507216,0.0018757187150137706,1.5125259798301047,0.0018757187150137706,1.5125259798301047,0.14978953738529777,1.5125259798301047,0.19411009102310522,,2.2692980933963836,win,win,win,win,none,none,none,none,2025
48235,54005,long,Overlap,high,75.85481325618095,70.26737967914438,False,1.8624610126803904,True,2025-03,96,0.6663064862479277,0.17700466265050502,0.8285607603442422,0.17700466265050502,0.8285607603442422,0.3414352235826901,0.9383423407312966,0.3494149419808451,,6.241953359739055,win,win,win,win,win,win,win,win,2025
48235,34900,long,Overlap,high,78.61635220125787,70.26737967914438,False,1.8624610126803904,True,2024-05,96,0.04604123125953993,1.7776030683493182,0.04604123125953993,1.7776030683493182,0.04604123125953993,1.8680136425823897,0.04604123125953993,1.8680136425823897,1.0,0.04604123125953993,loss,loss,loss,loss,loss,loss,loss,loss,2024
48490,49213,long,London,low,19.989106753812635,17.847485127095727,False,1.4486292313606275,False,2024-12,96,0.4275941053327002,0.7262582451739888,0.5358386038331087,0.7781135939320275,1.51655642925164,0.7781135939320275,1.51655642925164,4.14247728685126,16.0,1.51655642925164,win,win,win,loss,loss,loss,loss,loss,2024
48490,52510,long,London,low,23.90841320553781,17.847485127095727,False,1.4486292313606275,False,2025-02,96,1.06079344605585,0.10843211695459071,1.949732216183654,0.10843211695459071,4.693013627909926,0.10843211695459071,5.7706856582086585,0.10843211695459071,,9.151005757043297,win,win,win,win,win,win,win,win,2025
48490,33873,long,London,low,17.06286318013735,17.847485127095727,False,1.4486292313606275,False,2024-05,96,0.11349644446435171,1.5641781700341022,2.412494578992408,1.5641781700341022,2.873558086125935,1.5641781700341022,2.873558086125935,1.5641781700341022,1.0,0.11349644446435171,loss,loss,loss,loss,loss,loss,loss,loss,2024
48490,33500,long,London,low,21.504237288135595,17.847485127095727,False,1.4486292313606275,False,2024-04,96,0.18937302380788706,1.0578520937522105,0.18937302380788706,1.8527393683685967,0.18937302380788706,4.438040712378886,0.18937302380788706,6.143117064715109,3.0,0.18937302380788706,loss,loss,loss,loss,loss,loss,loss,loss,2024
48490,25238,long,London,low,8.247978436657682,17.847485127095727,False,1.4486292313606275,False,2023-12,96,0.24222329137548254,1.3215864935303654,0.24222329137548254,1.3215864935303654,5.2827987711093085,1.8156611987419835,5.2827987711093085,1.8156611987419835,1.0,0.24222329137548254,loss,loss,loss,loss,loss,loss,loss,loss,2023
48553,41528,long,Asia,low,4.128686327077748,0.6043956043956045,False,0.8922016382598228,False,2024-08,96,0.06812701581518923,0.8104389801375347,5.256680540299991,1.0927573336756946,6.35161793848172,1.0927573336756946,6.788720871952048,1.0927573336756946,5.0,1.0115499308238027,win,win,loss,loss,loss,loss,loss,loss,2024
48553,6523,long,Asia,low,7.495926127104835,0.6043956043956045,False,0.8922016382598228,False,2023-03,96,1.0164221891735516,0.40656887566953526,1.0164221891735516,0.40656887566953526,2.722499433976336,0.40656887566953526,5.297995658774722,0.40656887566953526,,19.010455010897363,win,win,win,win,win,win,win,win,2023
48553,59082,long,Asia,low,1.9032082653616094,0.6043956043956045,False,0.8922016382598228,False,2025-05,96,2.9110757810304,1.122717191343175,2.9110757810304,4.47989162824956,2.9110757810304,6.692394599565797,2.9110757810304,7.885853341259898,0.0,0.3088844418334089,loss,loss,loss,loss,loss,loss,loss,loss,2025
48553,49020,long,Asia,low,1.0399562123700055,0.6043956043956045,False,0.8922016382598228,False,2024-12,96,1.5025107023985471,0.34255001461394874,2.5722086203750916,0.34255001461394874,2.6097713879350617,0.34255001461394874,2.6097713879350617,2.0906203019568084,24.0,2.6097713879350617,win,win,win,win,win,loss,loss,loss,2024
48553,12027,long,Asia,low,0.5991285403050108,0.6043956043956045,False,0.8922016382598228,False,2023-06,96,2.874877412175025,1.770996283046242,4.9041439864991085,1.770996283046242,7.56163559366048,1.770996283046242,7.56163559366048,1.770996283046242,0.0,1.0280952521513231,ambiguous,ambiguous,loss,loss,loss,loss,loss,loss,2023
48574,19537,short,Asia,low,12.967986977753663,12.982074959261272,False,1.840443015165067,False,2023-09,96,0.821143441971147,0.008217755770253557,0.911538755444511,0.008217755770253557,1.766185355556199,0.3900273315597959,3.167628781922602,0.67069529786862,,9.743097668284458,win,win,win,win,win,win,win,win,2023
48574,11764,short,Asia,low,18.766901027582477,12.982074959261272,False,1.840443015165067,False,2023-05,96,1.1734231806184394,0.42210240940945176,2.676423348702692,0.42210240940945176,2.676423348702692,1.615608627348921,2.676423348702692,7.994124730795926,15.0,2.676423348702692,win,win,win,win,win,loss,loss,loss,2023
48574,59656,short,Asia,low,16.71144545943041,12.982074959261272,False,1.840443015165067,False,2025-06,96,0.08720666333682632,1.0269685101273,0.08720666333682632,1.4058951441351049,0.08720666333682632,1.4058951441351049,0.7301327324665629,1.4058951441351049,3.0,0.08720666333682632,loss,loss,loss,loss,loss,loss,loss,loss,2025
48574,13408,short,Asia,low,19.052803483941208,12.982074959261272,False,1.840443015165067,False,2023-06,96,0.5549548685394302,0.6054411678806795,1.3970505645818903,0.6054411678806795,1.3970505645818903,1.3919230498050825,1.3970505645818903,5.138953079033843,14.0,1.3970505645818903,win,win,loss,loss,loss,loss,loss,loss,2023
48574,51290,short,Asia,low,19.794050343249427,12.982074959261272,False,1.840443015165067,False,2025-01,96,0.13281620935354005,0.5563791751826667,0.13281620935354005,0.8534045161004897,0.29726682493487855,0.8534045161004897,0.29726682493487855,4.691309998382522,16.0,0.29726682493487855,loss,loss,loss,loss,loss,loss,loss,loss,2025
48717,20609,short,New York,high,84.8800834202294,83.61522198731501,False,3.9272918533178003,False,2023-10,96,0.09455104419618549,0.18966355540069973,0.09455104419618549,0.28544982701512167,0.09455104419618549,0.4105446764623543,0.09455104419618549,0.7887488532471729,47.0,0.09455104419618549,loss,loss,loss,loss,loss,loss,loss,loss,2023
48717,38644,short,New York,high,92.61213720316623,83.61522198731501,False,3.9272918533178003,False,2024-07,96,0.04397639361672012,0.11672746453816134,0.04397639361672012,0.11672746453816134,0.04397639361672012,0.2466056201715692,0.04397639361672012,0.6700216788761711,42.0,0.04397639361672012,loss,loss,loss,loss,loss,loss,loss,loss,2024
48717,24620,short,New York,high,87.82562466772993,83.61522198731501,False,3.9272918533178003,False,2023-12,96,0.28929257673801057,0.015076609490963278,0.32584930190159994,0.015076609490963278,0.32584930190159994,0.015076609490963278,0.32584930190159994,0.13560842837845266,,0.6567241403001999,win,none,none,none,none,none,none,none,2023
48717,30586,short,New York,high,90.03670686942841,83.61522198731501,False,3.9272918533178003,False,2024-03,96,0.026471586272152247,0.16786284825992792,0.026471586272152247,0.2263831205826317,0.026471586272152247,0.28733846463960083,0.026471586272152247,0.4478175469956837,,0.4012369812408031,none,none,none,none,none,none,none,none,2024
48717,49985,short,New York,high,78.93864013266997,83.61522198731501,False,3.9272918533178003,False,2025-01,96,0.15963381185646056,0.06645010445448153,0.15963381185646056,0.06645010445448153,0.15963381185646056,0.06645010445448153,0.16382184364980543,0.27445568352413413,73.0,0.47806382921076346,loss,loss,loss,loss,loss,loss,loss,loss,2025
48807,32070,long,New York,mid,68.13471502590673,69.31216931216932,False,1.790824812758505,False,2024-04,96,0.11144667172997526,0.32721160092971,0.34285933955009884,0.32721160092971,1.7410717171678534,0.32721160092971,1.7410717171678534,0.32721160092971,,4.66945906810251,win,win,win,win,win,win,win,win,2024
48807,17779,long,New York,mid,69.4025974025974,69.31216931216932,False,1.790824812758505,False,2023-08,96,0.10832728700006447,0.18898945147406684,0.10832728700006447,0.3796454765943258,0.10832728700006447,0.6236318583915209,0.10832728700006447,0.811621365677918,,3.7367914294104736,win,win,win,win,win,win,win,none,2023
48807,45252,long,New York,mid,66.30265210608425,69.31216931216932,False,1.790824812758505,False,2024-10,96,0.4136811474979093,0.30656727894935065,1.005357754718599,0.30656727894935065,1.005357754718599,2.061018574141464,1.005357754718599,3.0651451349687693,8.0,1.005357754718599,win,win,loss,loss,loss,loss,loss,loss,2024
48807,7698,long,New York,mid,63.54654186167446,69.31216931216932,False,1.790824812758505,False,2023-03,96,0.426324402713999,0.09641669053201404,0.426324402713999,0.09641669053201404,0.4425874589483321,0.09641669053201404,1.5432478719497231,0.09641669053201404,51.0,1.5432478719497231,win,win,win,loss,loss,loss,loss,loss,2023
48807,44150,long,New York,mid,60.311688311688314,69.31216931216932,False,1.790824812758505,False,2024-10,96,0.38019596455133164,0.19804817670170544,0.38019596455133164,0.19804817670170544,0.38019596455133164,0.37083240222736513,1.5718417735191004,0.37083240222736513,64.0,2.922668141994621,win,win,win,ambiguous,ambiguous,loss,loss,loss,2024
48829,40047,long,Asia,mid,32.27370689655172,40.05494505494506,False,2.7936469728384488,True,2024-08,96,0.356711586650726,0.06477722654710857,1.0258266377474303,0.06477722654710857,1.0470446117609522,0.06477722654710857,1.578242831769821,0.06477722654710857,,5.114155795315862,win,win,win,win,win,win,win,win,2024
48829,2681,long,Asia,mid,48.677819751753916,40.05494505494506,False,2.7936469728384488,True,2023-01,96,0.207614111642302,0.3259298181868978,0.207614111642302,0.3865853386306533,0.45828615446384996,0.3865853386306533,0.8403784915801304,0.401562010345144,,1.4952334622968413,win,win,none,none,none,none,none,none,2023
48829,21924,long,Asia,mid,41.06853750674582,40.05494505494506,False,2.7936469728384488,True,2023-11,96,0.15114970403316047,0.4090500930347398,0.15114970403316047,0.4843353862313401,0.15114970403316047,0.931993321931002,0.6960994032483856,0.931993321931002,60.0,2.4241864409299043,win,win,win,win,loss,loss,loss,loss,2023
48829,67239,long,Asia,mid,45.381310418904405,40.05494505494506,False,2.7936469728384488,True,2025-10,96,0.2349829811377458,0.06788568272633941,0.5140685656793594,0.2168185580953347,0.7910760170762511,0.22466928330857364,1.6322581333076767,0.22466928330857364,43.0,2.5043813430266186,win,win,win,win,win,loss,loss,loss,2025
48829,14872,long,Asia,mid,30.314533622559654,40.05494505494506,False,2.7936469728384488,True,2023-07,96,0.1415932299362058,0.6032405909358011,0.1415932299362058,1.2922385909461531,0.5596939938044723,1.2922385909461531,1.192054701840342,2.6143987701052027,6.0,0.1415932299362058,loss,loss,loss,loss,loss,loss,loss,loss,2023
48879,12624,long,Overlap,mid,38.43700159489633,48.288770053475936,False,2.7688092498622217,True,2023-06,96,0.24511686172038752,0.91455728898494,0.24511686172038752,3.3689567962819593,0.24511686172038752,3.3689567962819593,0.24511686172038752,3.3689567962819593,4.0,0.24511686172038752,loss,loss,loss,loss,loss,loss,loss,loss,2023
48879,37158,long,Overlap,mid,49.441786283891545,48.288770053475936,False,2.7688092498622217,True,2024-06,96,0.14613351217338158,1.0047389728027012,0.14613351217338158,1.3055351904669024,0.14613351217338158,1.863770893097983,0.14613351217338158,1.8816821990647195,3.0,0.14613351217338158,loss,loss,loss,loss,loss,loss,loss,loss,2024
48879,45042,long,Overlap,mid,44.8603057459146,48.288770053475936,False,2.7688092498622217,True,2024-10,96,0.4708898560021126,1.5949073412621106,0.4708898560021126,2.63225076363215,0.4708898560021126,4.595686284813687,0.4708898560021126,4.595686284813687,3.0,0.4708898560021126,loss,loss,loss,loss,loss,loss,loss,loss,2024
48879,24330,long,Overlap,mid,55.329405463310124,48.288770053475936,False,2.7688092498622217,True,2023-12,96,1.4528523587572946,0.3732984691471231,1.4528523587572946,1.3013392848754044,1.4528523587572946,2.2277069500946,1.4528523587572946,2.2277069500946,6.0,1.4528523587572946,win,win,loss,loss,loss,loss,loss,loss,2023
48879,39260,long,Overlap,mid,56.96068012752391,48.288770053475936,False,2.7688092498622217,True,2024-07,96,0.8831235305765308,0.23304292061595247,2.2729067662498146,0.23304292061595247,2.2729067662498146,0.23304292061595247,2.2729067662498146,0.23304292061595247,,3.862734558573038,win,win,win,win,win,win,win,none,2024
48943,5971,long,Asia,low,17.32753938077132,16.558089033659066,False,1.2536727084158956,False,2023-03,96,0.2652558292444622,0.7038121335951991,1.3803408104680714,0.7038121335951991,2.0119023086690624,0.7038121335951991,4.5573477710183425,0.7038121335951991,,7.892497730718193,win,win,win,win,win,win,win,win,2023
48943,37125,long,Asia,low,9.253246753246753,16.558089033659066,False,1.2536727084158956,False,2024-06,96,1.5141344670743702,0.6318031843113296,2.4820839383657596,0.6318031843113296,2.4820839383657596,0.6318031843113296,5.440339969580449,0.6318031843113296,36.0,5.440339969580449,win,win,win,win,win,win,win,win,2024
48943,8832,long,Asia,low,22.29983879634605,16.558089033659066,False,1.2536727084158956,False,2023-04,96,1.3148594312447752,0.18541830547393237,1.3148594312447752,0.7412602635315609,1.3148594312447752,2.573556524974083,1.3148594312447752,4.7857744813743,8.0,1.3148594312447752,win,win,loss,loss,loss,loss,loss,loss,2023
48943,10311,long,Asia,low,10.599571734475374,16.558089033659066,False,1.2536727084158956,False,2023-05,96,0.10966318451689967,1.4792124572166152,0.10966318451689967,1.4792124572166152,0.10966318451689967,1.5521558423930937,1.8955355875771172,1.5521558423930937,2.0,0.10966318451689967,loss,loss,loss,loss,loss,loss,loss,loss,2023
48943,54969,long,Asia,low,14.431330472103005,16.558089033659066,False,1.2536727084158956,False,2025-03,96,1.098939383373105,1.0444212088355425,1.098939383373105,2.172151088874512,1.098939383373105,2.54857151868646,6.4178305014489965,2.54857151868646,2.0,1.098939383373105,win,win,loss,loss,loss,loss,loss,loss,2025
49135,69640,short,London,low,1.3490725126475547,1.027027027027027,False,1.2123798147918687,False,2025-11,96,1.1593972118895781,0.19964293352697945,1.9319563175684593,0.31247071450506003,2.9935268961629777,0.31247071450506003,4.175425829577123,2.7737760412734596,28.0,4.175425829577123,win,win,win,win,win,win,win,win,2025
49135,54898,short,London,low,9.3368700265252,1.027027027027027,False,1.2123798147918687,False,2025-03,96,0.9693483024369025,1.315496894746226,0.9693483024369025,2.9417671197416557,0.9693483024369025,3.4852898377520107,2.4772601739970965,3.4852898377520107,3.0,0.9693483024369025,win,loss,loss,loss,loss,loss,loss,loss,2025
49135,33780,short,London,low,6.289640591966174,1.027027027027027,False,1.2123798147918687,False,2024-05,96,0.18570100590822802,0.9278272886441429,0.8488704740880265,8.000053553801614,6.787575088217684,8.000053553801614,6.787575088217684,8.000053553801614,5.0,0.8488704740880265,win,loss,loss,loss,loss,loss,loss,loss,2024
49135,28353,short,London,low,8.123997862105824,1.027027027027027,False,1.2123798147918687,False,2024-02,96,1.0155486848561432,0.425918190241005,1.0155486848561432,0.6708211496297418,4.620546866943561,3.1311641954442133,8.169643286561948,3.1311641954442133,15.0,4.620546866943561,win,win,win,win,win,win,win,win,2024
49135,58939,short,London,low,8.72340425531915,1.027027027027027,False,1.2123798147918687,False,2025-05,96,1.021610011668184,0.30556232112298165,1.3937046630868128,0.30556232112298165,2.7669111147508674,0.5378174793614238,4.2995867027373045,0.5378174793614238,,11.796894387414216,win,win,win,win,win,win,win,win,2025
49204,28315,long,Asia,low,5.346426623022368,5.747126436781609,False,0.6281639871979917,False,2024-02,96,0.7906511388693817,2.332747575011353,1.728977614419924,2.332747575011353,1.8204579114794026,2.332747575011353,1.8204579114794026,3.336417119890179,1.0,0.7749688022307243,win,loss,loss,loss,loss,loss,loss,loss,2024
49204,12026,long,Asia,low,0.9264305177111717,5.747126436781609,False,0.6281639871979917,False,2023-06,96,0.5907395548903724,3.329369028034317,4.908864149975672,3.329369028034317,9.740918192341395,3.329369028034317,9.740918192341395,3.329369028034317,0.0,0.02932749563311435,loss,loss,loss,loss,loss,loss,loss,loss,2023
49204,34394,long,Asia,low,3.9742212674543502,5.747126436781609,False,0.6281639871979917,False,2024-05,96,1.0845289383698409,0.6174298411514751,1.9765424852753226,0.6174298411514751,1.9765424852753226,5.572208442191363,3.726054867469079,5.572208442191363,10.0,1.9765424852753226,win,win,win,loss,loss,loss,loss,loss,2024
49204,22129,long,Asia,low,0.96051227321238,5.747126436781609,False,0.6281639871979917,False,2023-11,96,2.755259455288847,0.9460048659798327,2.932128289580322,4.308135367368902,4.781949125286555,4.308135367368902,27.202102184019797,4.308135367368902,4.0,2.932128289580322,win,win,win,win,win,loss,loss,loss,2023
49204,13406,long,Asia,low,4.795640326975477,5.747126436781609,False,0.6281639871979917,False,2023-06,96,6.074036992624045,0.4424882115249129,6.074036992624045,0.4424882115249129,7.237373952300813,0.5921726510319046,13.39938337867018,0.5921726510319046,,31.315560370532566,win,win,win,win,win,win,win,win,2023
49284,53966,long,Asia,low,7.841031149301826,15.40983606557377,False,1.067500537269874,False,2025-03,96,0.38491579320877556,2.4666945067915202,0.9108641826780712,2.4666945067915202,3.198000115693961,2.4666945067915202,3.198000115693961,3.4759375249099116,0.0,0.38491579320877556,loss,loss,loss,loss,loss,loss,loss,loss,2025
49284,54041,long,Asia,low,5.582655826558266,15.40983606557377,False,1.067500537269874,False,2025-03,96,1.730718088218028,0.8362097314019697,2.116991189122216,0.8362097314019697,2.116991189122216,2.0797945201463213,2.737889432797835,2.9717992550122148,13.0,2.116991189122216,win,win,win,win,loss,loss,loss,loss,2025
49284,48113,long,Asia,low,25.32608695652174,15.40983606557377,False,1.067500537269874,False,2024-12,96,0.4315180648434292,0.7866782862422224,0.4315180648434292,2.7325199689745094,0.4315180648434292,2.7325199689745094,5.075229938852711,2.7325199689745094,5.0,0.4315180648434292,loss,loss,loss,loss,loss,loss,loss,loss,2024
49284,11599,long,Asia,low,16.220556745182012,15.40983606557377,False,1.067500537269874,False,2023-05,96,2.372315346012503,0.29030128785228354,2.773990083921298,0.5349577191240001,5.7056070725674,0.5349577191240001,5.7056070725674,2.204950871883942,29.0,5.7056070725674,win,win,win,win,win,win,win,win,2023
49284,48385,long,Asia,low,12.745098039215685,15.40983606557377,False,1.067500537269874,False,2024-12,96,0.9615255280341126,0.6935418245685041,1.3592133439767735,1.4814139127568895,1.3592133439767735,5.72091610158033,1.3592133439767735,8.544749712896817,4.0,0.9615255280341126,win,loss,loss,loss,loss,loss,loss,loss,2024
49297,11857,short,Asia,low,15.45945945945946,12.316874660879002,False,1.808154717747475,False,2023-05,96,0.016342460645153024,0.6202533900687747,0.31468738172604793,2.404622058189331,1.2427871234833365,2.404622058189331,1.5263098128161834,2.404622058189331,4.0,0.31468738172604793,loss,loss,loss,loss,loss,loss,loss,loss,2023
49297,40240,short,Asia,low,4.2359249329758715,12.316874660879002,False,1.808154717747475,False,2024-08,96,0.028877030723832162,1.1144489467860093,0.29515903085028666,1.4691508816951895,0.29515903085028666,3.2257943259069584,0.29515903085028666,3.77956888854976,2.0,0.028877030723832162,loss,loss,loss,loss,loss,loss,loss,loss,2024
49297,9106,short,Asia,low,13.609467455621301,12.316874660879002,False,1.808154717747475,False,2023-04,96,0.6441261538946639,0.19179217649632127,0.6441261538946639,0.19179217649632127,5.568719576863242,0.19179217649632127,10.587763418407787,0.19179217649632127,,11.230925792521159,win,win,win,win,win,win,win,win,2023
49297,10943,short,Asia,low,17.618534482758623,12.316874660879002,False,1.808154717747475,False,2023-05,96,0.399864692724261,0.3857315441022077,0.399864692724261,0.3857315441022077,1.4877724256880513,0.3857315441022077,2.82076963841641,0.3857315441022077,,5.90283017087165,win,win,win,win,win,win,win,win,2023
49297,9021,short,Asia,low,3.858520900321544,12.316874660879002,False,1.808154717747475,False,2023-04,96,1.0130109279368584,0.9363875871518749,1.0130109279368584,0.9363875871518749,1.0130109279368584,2.1476119459456697,1.0130109279368584,2.3987062739640583,10.0,1.0130109279368584,win,win,loss,loss,loss,loss,loss,loss,2023
49732,17061,long,Asia,low,15.39708265802269,16.091954022988507,False,1.2402053035094422,False,2023-08,96,1.2336739312994227,0.614764725003759,1.2336739312994227,0.614764725003759,1.2336739312994227,1.500992974643842,1.2336739312994227,1.500992974643842,8.0,1.2336739312994227,win,win,loss,loss,loss,loss,loss,loss,2023
49732,17619,long,Asia,low,24.448034464189554,16.091954022988507,False,1.2402053035094422,False,2023-08,96,0.39167821445168066,0.29932035665489043,0.9404322016522619,0.6525723091034106,1.4291872885325683,0.6525723091034106,1.4291872885325683,1.430535578427225,22.0,1.4291872885325683,win,win,loss,loss,loss,loss,loss,loss,2023
49732,50306,long,Asia,low,11.691259931895573,16.091954022988507,False,1.2402053035094422,False,2025-01,96,1.176946005182925,0.39034785594822957,1.6861295995350123,0.39034785594822957,3.156623488324103,0.39034785594822957,5.9079462794438875,1.1309069939470087,30.0,5.9079462794438875,win,win,win,win,win,win,win,win,2025
49732,53759,long,Asia,low,19.467101685698747,16.091954022988507,False,1.2402053035094422,False,2025-03,96,0.944564193331629,0.5469506786437291,0.944564193331629,1.3997375030079964,0.944564193331629,1.7567673834417188,0.944564193331629,3.886479798005127,5.0,0.944564193331629,win,loss,loss,loss,loss,loss,loss,loss,2025
49732,43543,long,Asia,low,16.31016042780749,16.091954022988507,False,1.2402053035094422,False,2024-10,96,0.7771621316867219,0.6496526645980094,0.9543034483068502,0.8195307837259099,2.1478889028912067,0.8195307837259099,9.953808652361621,0.8195307837259099,,11.926977304463627,win,win,win,win,win,win,win,win,2024
49749,69810,long,Asia,low,9.688385269121813,17.75754126351736,False,2.3738966607455447,False,2025-11,96,0.4699570095820279,0.28779036955723697,0.4699570095820279,0.4205744866837228,1.0292140814051665,0.4205744866837228,1.0750986755981498,0.4205744866837228,37.0,1.0750986755981498,win,win,loss,loss,loss,loss,loss,loss,2025
49749,22035,long,Asia,low,19.17735042735043,17.75754126351736,False,2.3738966607455447,False,2023-11,96,0.31908738246362167,0.14685912214092267,0.4115437971703832,0.3627786759988248,1.3093294094906678,0.3627786759988248,1.6912758787823547,1.229839443187854,31.0,1.6912758787823547,win,win,win,loss,loss,loss,loss,loss,2023
49749,33092,long,Asia,low,8.658008658008658,17.75754126351736,False,2.3738966607455447,False,2024-04,96,0.21402045559846958,1.1899092228074706,0.21402045559846958,1.2336777041950029,1.4241447820975515,1.2336777041950029,1.6465109227063734,1.2336777041950029,3.0,0.21402045559846958,loss,loss,loss,loss,loss,loss,loss,loss,2024
49749,8652,long,Asia,low,16.40750670241287,17.75754126351736,False,2.3738966607455447,False,2023-04,96,0.5331308492213359,0.2734832124465789,0.5331308492213359,0.9401273669011596,0.5331308492213359,2.0642678902377196,0.5331308492213359,2.8914047224855617,8.0,0.5331308492213359,win,loss,loss,loss,loss,loss,loss,loss,2023
49749,52935,long,Asia,low,20.8898534997287,17.75754126351736,False,2.3738966607455447,False,2025-02,96,0.009883582054259437,1.2757542398504247,0.009883582054259437,2.411594021244921,0.009883582054259437,2.5136728921493163,0.009883582054259437,3.262971956639655,3.0,0.009883582054259437,loss,loss,loss,loss,loss,loss,loss,loss,2025
49841,29338,long,Asia,low,9.487870619946092,1.4228799089356858,False,1.409260356279998,False,2024-02,96,0.8192298858497601,0.8112503739746374,1.5114525410200177,0.8112503739746374,2.6525227391678547,0.8112503739746374,2.6525227391678547,1.58725790383391,21.0,2.6525227391678547,win,win,win,win,win,loss,loss,loss,2024
49841,44628,long,Asia,low,0.37817396002160997,1.4228799089356858,False,1.409260356279998,False,2024-10,96,2.3221727765080034,0.6394126287887584,3.1920818840884206,0.6394126287887584,3.1920818840884206,1.5455490807762369,3.5602422716274478,1.5455490807762369,10.0,3.1920818840884206,win,win,win,win,win,win,loss,loss,2024
49841,27421,long,Asia,low,0.32275416890801506,1.4228799089356858,False,1.409260356279998,False,2024-01,96,0.6389247004433908,1.130767287525045,0.6389247004433908,1.130767287525045,0.7612970187604047,2.0644445431453415,3.0157716523690308,2.0644445431453415,2.0,0.421243172668085,loss,loss,loss,loss,loss,loss,loss,loss,2024
49841,33299,long,Asia,low,8.498129342597542,1.4228799089356858,False,1.409260356279998,False,2024-04,96,1.5152485421243935,0.12249015160893653,2.7129300245222536,0.12249015160893653,4.1975560287445095,0.12249015160893653,4.1975560287445095,0.2608586562040901,34.0,4.1975560287445095,win,win,win,win,win,win,win,win,2024
49841,69512,long,Asia,low,0.11474469305794606,1.4228799089356858,False,1.409260356279998,False,2025-11,96,0.5156038795745617,1.2481302669466408,0.8155240220179018,1.2481302669466408,2.322282075862708,1.2481302669466408,5.872598805640028,1.2481302669466408,2.0,0.5156038795745617,ambiguous,loss,loss,loss,loss,loss,loss,loss,2025
49865,54073,short,London,low,24.507192328183272,16.170690623245367,False,1.0845381377041532,False,2025-03,96,0.8134669368480085,0.7702039012553973,0.8134669368480085,1.3390214185194327,1.7728704515050189,2.7042443938063268,1.7728704515050189,12.36774413273678,5.0,0.8134669368480085,win,loss,loss,loss,loss,loss,loss,loss,2025
49865,14336,short,London,low,26.021505376344084,16.170690623245367,False,1.0845381377041532,False,2023-07,96,0.552780169224285,1.2194289126334894,0.552780169224285,1.6252151042737997,1.1704309201053933,8.187495540171662,1.1704309201053933,13.041747363297773,3.0,0.552780169224285,win,loss,loss,loss,loss,loss,loss,loss,2023
49865,72376,short,London,low,13.139472267097469,16.170690623245367,False,1.0845381377041532,False,2025-12,96,0.33341866846601775,1.4303316357326439,0.7328703108820059,1.4303316357326439,1.0490629861434944,1.4303316357326439,1.222471317733888,5.51174362561121,3.0,0.33341866846601775,loss,loss,loss,loss,loss,loss,loss,loss,2025
49865,47848,short,London,low,23.23068611561318,16.170690623245367,False,1.0845381377041532,False,2024-12,96,0.43227225342446696,1.7501831440543438,0.43227225342446696,2.261794514640458,0.43227225342446696,3.5649080302440006,5.0884079824078015,3.5649080302440006,3.0,0.43227225342446696,loss,loss,loss,loss,loss,loss,loss,loss,2024
49865,47421,short,London,low,24.787685774946922,16.170690623245367,False,1.0845381377041532,False,2024-11,96,0.40005445820960567,1.1387130033052468,0.40005445820960567,1.1387130033052468,1.0339965542126606,1.1387130033052468,3.0809836683590883,1.1387130033052468,1.0,0.40005445820960567,loss,loss,loss,loss,loss,loss,loss,loss,2024
50013,17540,long,Asia,low,1.3903743315508021,5.329512893982808,False,0.9874585911718067,False,2023-08,96,1.911894189981465,0.0,2.9156386397217404,0.6480432050926375,5.12765575487469,0.6480432050926375,7.689816282727535,0.6480432050926375,33.0,9.434975514280538,win,win,win,win,win,win,win,win,2023
50013,69800,long,Asia,low,5.9259259259259265,5.329512893982808,False,0.9874585911718067,False,2025-11,96,0.8005113323967127,0.35815154152493517,0.8005113323967127,1.6747492966051998,0.8005113323967127,3.5106312559897805,0.8005113323967127,3.5106312559897805,6.0,0.8005113323967127,win,loss,loss,loss,loss,loss,loss,loss,2025
50013,65034,long,Asia,low,8.845738942826321,5.329512893982808,False,0.9874585911718067,False,2025-08,96,1.5416917692155838,0.5699430981270882,1.5416917692155838,0.5699430981270882,1.5416917692155838,1.5115132390574901,1.9085764715653117,1.6667171084416632,10.0,1.5416917692155838,win,win,win,loss,loss,loss,loss,loss,2025
50013,33926,long,Asia,low,8.95361380798274,5.329512893982808,False,0.9874585911718067,False,2024-05,96,0.2697285710844948,2.0307057375915645,0.2697285710844948,2.0307057375915645,0.2697285710844948,2.0307057375915645,0.2697285710844948,5.2760049350062825,1.0,0.2697285710844948,loss,loss,loss,loss,loss,loss,loss,loss,2024
50013,34015,long,Asia,low,0.0,5.329512893982808,False,0.9874585911718067,False,2024-05,96,0.1578430339890287,4.330745169595777,1.912823730415283,4.330745169595777,2.983817946222324,4.330745169595777,4.175825154754226,6.20206202811029,0.0,0.1578430339890287,loss,loss,loss,loss,loss,loss,loss,loss,2024
50206,21938,long,Asia,mid,32.13711837171934,31.641961231470923,False,1.8648148764006707,False,2023-11,96,0.5580818448555158,0.42395194691580823,1.0502085625917887,0.42395194691580823,1.6669524195485776,0.42395194691580823,3.439496460879432,0.42395194691580823,54.0,4.744646957143811,win,win,win,win,win,win,win,win,2023
50206,14782,long,Asia,mid,33.58613217768147,31.641961231470923,False,1.8648148764006707,False,2023-07,96,0.38189137428738806,1.447126209723256,0.38189137428738806,1.968810132062765,0.38189137428738806,1.968810132062765,1.3268577605610687,3.3784500719172237,1.0,0.38189137428738806,loss,loss,loss,loss,loss,loss,loss,loss,2023
50206,23842,long,Asia,mid,33.170201196302344,31.641961231470923,False,1.8648148764006707,False,2023-11,96,1.4828186650052844,0.14516852653000029,1.4828186650052844,0.15566699852344457,1.4828186650052844,1.8727101938653155,1.4828186650052844,3.665414790815061,10.0,1.4828186650052844,win,win,loss,loss,loss,loss,loss,loss,2023
50206,57921,long,Asia,mid,41.23931623931624,31.641961231470923,False,1.8648148764006707,False,2025-05,96,0.6423432132166123,0.27203985367578637,0.6423432132166123,0.4497693310327548,0.6423432132166123,0.5901457679828637,0.6423432132166123,2.5994650430862216,21.0,0.6423432132166123,win,loss,loss,loss,loss,loss,loss,loss,2025
50206,58189,long,Asia,mid,38.23056300268097,31.641961231470923,False,1.8648148764006707,False,2025-05,96,0.41704163576242886,0.44545778782825446,1.1324121573963288,0.44545778782825446,1.1324121573963288,1.7845180654051926,1.1324121573963288,5.141450826211446,13.0,1.1324121573963288,win,win,loss,loss,loss,loss,loss,loss,2025
50221,9221,long,London,mid,41.498405951115835,41.26625211984172,False,1.1959833215673026,False,2023-04,96,0.1437100642007776,2.342513636021644,2.5709453358669214,2.342513636021644,5.186230967024465,2.342513636021644,5.580938774209488,2.342513636021644,1.0,0.04354850430321956,loss,loss,loss,loss,loss,loss,loss,loss,2023
50221,9777,long,London,mid,46.129374337221634,41.26625211984172,False,1.1959833215673026,False,2023-04,96,0.9814557977923036,0.030309077867629465,1.1162514335719718,0.030309077867629465,3.211964646655439,2.350149945709079,5.183649922675384,2.350149945709079,11.0,2.1770691589386404,win,win,ambiguous,ambiguous,loss,loss,loss,loss,2023
50221,45588,long,London,mid,38.02221047065045,41.26625211984172,False,1.1959833215673026,False,2024-10,96,0.5586717047680846,1.3360519640797435,0.5586717047680846,2.8798770549758457,0.5586717047680846,14.894695824875518,0.5586717047680846,15.872451715776426,1.0,0.5586717047680846,win,loss,loss,loss,loss,loss,loss,loss,2024
50221,28989,long,London,mid,35.37886872998933,41.26625211984172,False,1.1959833215673026,False,2024-02,96,0.6608601417430618,0.7026420385050367,0.9115515223151783,0.7026420385050367,2.6122512637554585,0.7026420385050367,2.6122512637554585,0.7026420385050367,38.0,2.6122512637554585,win,win,win,win,win,loss,loss,loss,2024
50221,45490,long,London,mid,38.196286472148536,41.26625211984172,False,1.1959833215673026,False,2024-10,96,1.775279264994953,0.07428880544958892,1.775279264994953,0.6746571344700345,2.09762253671007,2.3313293796053203,2.752511834536875,3.220244356402332,10.0,1.775279264994953,win,win,win,loss,loss,loss,loss,loss,2024
50396,30794,short,Asia,low,15.945945945945947,25.738636363636363,False,1.5897604017777796,False,2024-03,96,1.757946674142739,0.06265541754167493,1.757946674142739,0.38774459216419727,1.757946674142739,0.38774459216419727,7.629067439203079,0.38774459216419727,,7.629067439203079,win,win,win,win,win,win,win,win,2024
50396,59926,short,Asia,low,24.797843665768195,25.738636363636363,False,1.5897604017777796,False,2025-06,96,0.7575210829253747,0.3286613755165734,1.0989275777895449,0.3286613755165734,4.716914435992613,0.3286613755165734,4.716914435992613,2.3126968160834664,23.0,4.716914435992613,win,win,win,win,win,win,win,win,2025
50396,57911,short,Asia,low,28.57142857142857,25.738636363636363,False,1.5897604017777796,False,2025-05,96,0.03155901126655873,2.605712150305448,0.03155901126655873,2.605712150305448,0.03155901126655873,3.1073880834493783,0.03155901126655873,3.1073880834493783,1.0,0.03155901126655873,loss,loss,loss,loss,loss,loss,loss,loss,2025
50396,2965,short,Asia,low,28.264373992477164,25.738636363636363,False,1.5897604017777796,False,2023-01,96,1.2130855632333195,0.13179778861228109,2.000752820620398,0.13179778861228109,2.000752820620398,3.049676049516995,2.000752820620398,4.769286250050219,14.0,2.000752820620398,win,win,win,win,loss,loss,loss,loss,2023
50396,35662,short,Asia,low,28.067318132464713,25.738636363636363,False,1.5897604017777796,False,2024-06,96,1.3581299560485058,0.17647137952091002,2.270287453718937,0.17647137952091002,3.6805036759696526,0.17647137952091002,3.699161442967487,0.17647137952091002,32.0,3.699161442967487,win,win,win,win,win,win,win,loss,2024
50468,34211,short,Asia,low,20.933977455716587,26.89655172413793,False,1.9759212535309345,False,2024-05,96,0.4269369791490302,0.2197498167915605,0.4269369791490302,1.0465657501548928,0.4269369791490302,3.2827182394055603,0.4269369791490302,4.8505375127678185,6.0,0.4269369791490302,loss,loss,loss,loss,loss,loss,loss,loss,2024
50468,9393,short,Asia,low,24.49197860962567,26.89655172413793,False,1.9759212535309345,False,2023-04,96,0.11412310295912673,1.1170478006307154,0.11412310295912673,1.5284344146308966,0.11412310295912673,2.556900949631442,0.7885362971126985,2.556900949631442,1.0,0.11412310295912673,loss,loss,loss,loss,loss,loss,loss,loss,2023
50468,7820,short,Asia,low,27.619559376679202,26.89655172413793,False,1.9759212535309345,False,2023-03,96,0.3468679343680131,0.48713300669341564,0.4146111857316078,0.48713300669341564,2.369046151420823,0.48713300669341564,2.369046151420823,0.5689308745224745,44.0,2.369046151420823,win,win,win,win,loss,loss,loss,loss,2023
50468,18626,short,Asia,low,18.84449244060475,26.89655172413793,False,1.9759212535309345,False,2023-09,96,1.2398732014941858,0.04466095579999631,1.801856895310413,0.04466095579999631,1.9188260652627152,0.04466095579999631,7.338220380370291,0.04466095579999631,,7.965600473750777,win,win,win,win,win,win,win,win,2023
50468,58739,short,Asia,low,22.263948497854077,26.89655172413793,False,1.9759212535309345,False,2025-05,96,0.22466838215472754,0.28662403504360867,0.4023047358390614,0.28662403504360867,1.5025828634205582,0.28662403504360867,2.2815960580657633,0.28662403504360867,,5.080906214140236,win,win,win,win,win,win,win,win,2025
50501,10427,short,London,low,21.511627906976745,29.103214890016922,False,1.6653870647101578,False,2023-05,96,0.5030046246971789,0.2538943180366698,3.142070328865968,0.2538943180366698,3.142070328865968,0.2538943180366698,3.142070328865968,1.891734784187184,24.0,3.142070328865968,win,win,win,win,win,win,loss,loss,2023
50501,70850,short,London,low,21.846965699208443,29.103214890016922,False,1.6653870647101578,False,2025-11,96,0.5511161057740842,1.004102779817415,1.3669164625406829,1.004102779817415,1.6615699724131094,1.1639388271769722,1.6615699724131094,1.4581503125821336,1.0,0.19793855643701772,loss,loss,loss,loss,loss,loss,loss,loss,2025
50501,64974,short,London,low,19.406150583244962,29.103214890016922,False,1.6653870647101578,False,2025-08,96,1.263652628864844,0.21064676692606146,1.263652628864844,1.8837383496862232,1.263652628864844,2.136560064535885,1.263652628864844,4.183526861320638,6.0,1.263652628864844,win,win,loss,loss,loss,loss,loss,loss,2025
50501,47669,short,London,low,22.35991379310345,29.103214890016922,False,1.6653870647101578,False,2024-12,96,0.26272742195671067,0.36713178563970894,1.1179546563815854,0.36713178563970894,1.22861924303212,2.19067415325637,1.7367070167777154,2.4029159061207044,13.0,1.22861924303212,win,win,loss,loss,loss,loss,loss,loss,2024
50501,9599,short,London,low,25.47568710359408,29.103214890016922,False,1.6653870647101578,False,2023-04,96,2.536787639180766,0.8498931526515343,2.536787639180766,0.8498931526515343,2.536787639180766,3.3041731516810486,5.067129368974797,3.3041731516810486,8.0,2.536787639180766,win,win,win,win,win,loss,loss,loss,2023
50845,69894,long,Asia,low,14.058053500284576,5.672149744753262,False,1.8673787736260563,False,2025-11,96,0.1046425376687979,0.6974484112900184,0.1046425376687979,1.1017797625561072,1.1255391793214191,1.1017797625561072,1.823156097113354,1.1017797625561072,6.0,0.1046425376687979,loss,loss,loss,loss,loss,loss,loss,loss,2025
50845,25126,long,Asia,low,0.10899182561307902,5.672149744753262,False,1.8673787736260563,False,2023-12,96,1.1884319480019412,0.24974977495678538,1.2115220215356726,0.24974977495678538,1.6827480120201976,0.24974977495678538,1.6827480120201976,3.827768720705819,20.0,1.6827480120201976,win,win,win,loss,loss,loss,loss,loss,2023
50845,22381,long,Asia,low,6.918918918918919,5.672149744753262,False,1.8673787736260563,False,2023-11,96,1.2770837600316183,0.24188532435503707,1.2770837600316183,0.34403433701684627,1.2770837600316183,1.393383285270023,1.2770837600316183,1.393383285270023,15.0,1.2770837600316183,win,win,loss,loss,loss,loss,loss,loss,2023
50845,46843,long,Asia,low,8.127018299246501,5.672149744753262,False,1.8673787736260563,False,2024-11,96,0.1035258813510382,0.7659965441246482,0.1035258813510382,1.0559165008438565,0.1035258813510382,3.8230968248452006,0.1035258813510382,4.868090870317096,5.0,0.1035258813510382,loss,loss,loss,loss,loss,loss,loss,loss,2024
50845,25033,long,Asia,low,11.613958560523447,5.672149744753262,False,1.8673787736260563,False,2023-12,96,0.3678088033915941,0.5940669460839685,0.8448456756692115,0.5940669460839685,1.5875222392851698,0.5940669460839685,2.195335574990857,0.5940669460839685,,8.480407824461068,win,win,win,win,win,win,win,win,2023
50858,48319,short,London,mid,49.140708915145005,42.8490990990991,False,3.7395679241391444,False,2024-12,96,0.38754249886287107,0.10836275524427631,1.0604790928995587,0.10836275524427631,2.7901661689026507,0.10836275524427631,2.7901661689026507,0.10836275524427631,,3.743214659291195,win,win,win,win,win,win,win,none,2024
50858,44294,short,London,mid,42.17506631299735,42.8490990990991,False,3.7395679241391444,False,2024-10,96,0.051146086081940746,0.19408286657716659,0.051146086081940746,0.5206010358988742,0.051146086081940746,1.2848752499752236,0.051146086081940746,2.3849050443576894,11.0,0.051146086081940746,loss,loss,loss,loss,loss,loss,loss,loss,2024
50858,50597,short,London,mid,51.60382667416995,42.8490990990991,False,3.7395679241391444,False,2025-01,96,0.3949984764485754,0.38108721905182874,0.3949984764485754,0.38108721905182874,0.691501188847009,0.38108721905182874,0.691501188847009,0.38108721905182874,45.0,0.691501188847009,win,loss,loss,loss,loss,loss,loss,loss,2025
50858,50867,short,London,mid,50.86834733893557,42.8490990990991,False,3.7395679241391444,False,2025-01,96,1.0024859786866207,0.1498592662533146,1.6242810793909672,0.1498592662533146,1.6242810793909672,0.1498592662533146,1.6242810793909672,0.7114286672133828,48.0,1.6242810793909672,win,win,win,loss,loss,loss,loss,loss,2025
50858,17457,short,London,mid,37.20063863757318,42.8490990990991,False,3.7395679241391444,False,2023-08,96,0.01659717550868081,0.48971666049059615,0.040193159966769185,0.48971666049059615,0.6332922269390545,0.48971666049059615,1.5867299718222718,0.713278614932589,,1.5867299718222718,win,win,win,none,none,none,none,none,2023
51211,41872,short,Asia,low,3.9652362846279194,0.3975014196479273,False,1.1160740751010223,False,2024-09,96,0.0980660545882482,1.1836987152401377,0.8443809582848263,1.1836987152401377,1.2177686121393423,2.7407850843347914,1.2177686121393423,9.628429106113519,2.0,0.0980660545882482,loss,loss,loss,loss,loss,loss,loss,loss,2024
51211,28791,short,Asia,low,3.8172043010752685,0.3975014196479273,False,1.1160740751010223,False,2024-02,96,0.4234563960877896,0.43940245284425716,0.4234563960877896,0.8761472295623022,0.8752613375202986,2.4078545702227743,0.8752613375202986,3.8385702180924195,12.0,0.8752613375202986,win,loss,loss,loss,loss,loss,loss,loss,2024
51211,54792,short,Asia,low,6.948156066274719,0.3975014196479273,False,1.1160740751010223,False,2025-03,96,1.2542413095889038,0.137480683002138,2.792441412080335,0.137480683002138,2.792441412080335,1.8977372813376332,2.792441412080335,4.440410122727978,11.0,2.792441412080335,win,win,win,win,win,loss,loss,loss,2025
51211,6441,short,Asia,low,2.2690437601296596,0.3975014196479273,False,1.1160740751010223,False,2023-03,96,0.19936278559987813,1.0361044039939378,0.19936278559987813,1.863387204093167,0.19936278559987813,3.325866032764401,0.19936278559987813,4.3139487438765745,3.0,0.19936278559987813,loss,loss,loss,loss,loss,loss,loss,loss,2023
51211,33566,short,Asia,low,3.4908700322234156,0.3975014196479273,False,1.1160740751010223,False,2024-05,96,1.5120825642771782,0.0758293639482683,1.5120825642771782,0.8634036489168033,1.5120825642771782,1.56613914055711,1.5120825642771782,4.32490149529193,8.0,1.5120825642771782,win,win,win,loss,loss,loss,loss,loss,2024
51222,69549,long,London,low,1.2359550561797752,9.367945823927764,False,0.8818226261713348,False,2025-11,96,0.08142178981724749,1.7275487080332081,1.0037047336370228,1.7275487080332081,1.5465877144341376,2.015082724953266,1.5465877144341376,9.934950380029052,1.0,0.08142178981724749,loss,loss,loss,loss,loss,loss,loss,loss,2025
51222,35248,long,London,low,12.288135593220339,9.367945823927764,False,0.8818226261713348,False,2024-05,96,0.6003813611158992,0.5257172395460233,0.7108433491916857,0.7435728271402391,6.364860664777315,0.7435728271402391,7.0930915491291415,0.7435728271402391,61.0,7.0930915491291415,win,win,win,win,win,win,win,win,2024
51222,25416,long,London,low,5.431309904153355,9.367945823927764,False,0.8818226261713348,False,2023-12,96,0.0,1.9960092800896305,0.10372061316337677,1.9960092800896305,1.01760538583957,1.9960092800896305,1.01760538583957,6.837393491370847,0.0,0.0,loss,loss,loss,loss,loss,loss,loss,loss,2023
51222,59581,long,London,low,14.48349307774228,9.367945823927764,False,0.8818226261713348,False,2025-06,96,1.8980681936282908,0.033321585524545706,1.924321564041625,0.7020252223008826,1.9498176256928836,10.205492875649348,1.9498176256928836,10.863846626012721,8.0,1.9498176256928836,win,win,win,loss,loss,loss,loss,loss,2025
51222,69919,long,London,low,17.957351290684624,9.367945823927764,False,0.8818226261713348,False,2025-11,96,0.9244896148393247,1.2601483919517242,0.9244896148393247,1.2601483919517242,2.3492754450143862,1.2601483919517242,13.609132240397583,1.2601483919517242,1.0,0.49962422579183147,loss,loss,loss,loss,loss,loss,loss,loss,2025
51308,36293,long,Other,low,6.34226353198469,12.627406568516422,False,2.462534044884624,False,2024-06,96,0.2064070515451238,0.2981435188984068,0.2064070515451238,0.936754426860613,0.2064070515451238,0.9651093349516467,0.5206044522304167,0.9651093349516467,,5.492512490811569,win,win,win,win,win,win,win,win,2024
51308,54705,long,Other,low,17.004264392324096,12.627406568516422,False,2.462534044884624,False,2025-03,96,0.47879622625581947,0.6419740490133673,0.7761895742252712,0.6419740490133673,1.0868631952156937,0.6419740490133673,1.0868631952156937,2.7929544399087765,28.0,1.0868631952156937,win,win,loss,loss,loss,loss,loss,loss,2025
51308,10467,long,Other,low,4.130434782608695,12.627406568516422,False,2.462534044884624,False,2023-05,96,0.5210258708197053,0.059400343578800884,0.8941166002502882,0.059400343578800884,0.8941166002502882,0.9682256003342872,0.8941166002502882,2.0657176626471467,17.0,0.8941166002502882,win,loss,loss,loss,loss,loss,loss,loss,2023
51308,34654,long,Other,low,3.954496208017335,12.627406568516422,False,2.462534044884624,False,2024-05,96,0.1932652369601516,0.25221653270333505,0.1932652369601516,0.5877854469336128,0.5277544571291759,1.0539973425727147,1.9376189622832036,1.0539973425727147,12.0,0.5277544571291759,win,loss,loss,loss,loss,loss,loss,loss,2024
51308,5328,long,Other,low,21.986970684039086,12.627406568516422,False,2.462534044884624,False,2023-02,96,0.18250430385308353,0.316310451815254,0.6990688546592484,0.316310451815254,1.0162895523789852,0.316310451815254,1.7092142471828715,0.316310451815254,,1.9838809488670572,win,win,win,none,none,none,none,none,2023
51402,20903,long,Other,mid,37.960954446854664,31.581858407079643,False,0.8121878084803668,False,2023-10,96,1.857144682382674,0.8567185290753669,1.857144682382674,4.929355751701152,1.857144682382674,6.795712461277966,1.857144682382674,6.795712461277966,4.0,1.857144682382674,win,win,win,loss,loss,loss,loss,loss,2023
51402,11388,long,Other,mid,33.351439435089624,31.581858407079643,False,0.8121878084803668,False,2023-05,96,0.9221764366861938,0.43122858974565104,0.9221764366861938,0.8763453788388155,0.9221764366861938,2.174892017847343,3.1949802599346033,2.2401665547814926,10.0,0.9221764366861938,win,loss,loss,loss,loss,loss,loss,loss,2023
51402,50585,long,Other,mid,37.73371104815864,31.581858407079643,False,0.8121878084803668,False,2025-01,96,1.1027526306233866,1.161828664406643,1.8929576978969695,1.161828664406643,3.7636987677042955,1.161828664406643,3.7636987677042955,1.569806743868002,0.0,0.1408736190219291,loss,loss,loss,loss,loss,loss,loss,loss,2025
51402,18324,long,Other,mid,39.43044906900329,31.581858407079643,False,0.8121878084803668,False,2023-09,96,0.15502245569906867,0.7535813818704931,0.15502245569906867,1.7450791714458016,1.8150545854764426,1.7450791714458016,2.9691106445695907,1.7450791714458016,4.0,0.15502245569906867,loss,loss,loss,loss,loss,loss,loss,loss,2023
51402,20260,long,Other,mid,40.21680216802168,31.581858407079643,False,0.8121878084803668,False,2023-10,96,0.7601476366115137,2.077736873405102,0.7601476366115137,2.7179156313135358,2.186329392921066,2.7179156313135358,2.30009298479481,3.8524489066372487,1.0,0.7601476366115137,win,loss,loss,loss,loss,loss,loss,loss,2023
51745,36139,short,Asia,mid,55.24475524475524,62.94885745375408,False,1.554687207076284,False,2024-06,96,0.2304762400210852,1.6495694326919526,0.2304762400210852,1.840649825469873,0.2304762400210852,1.840649825469873,0.2304762400210852,4.189653551461648,2.0,0.2304762400210852,loss,loss,loss,loss,loss,loss,loss,loss,2024
51745,19911,short,Asia,mid,57.977285018929145,62.94885745375408,False,1.554687207076284,False,2023-10,96,0.8508283988969539,0.16820500790809248,2.429685221592412,0.16820500790809248,2.429685221592412,1.1438972470313884,6.666800328773888,1.1438972470313884,9.0,2.429685221592412,win,win,win,win,loss,loss,loss,loss,2023
51745,21103,short,Asia,mid,58.17204301075268,62.94885745375408,False,1.554687207076284,False,2023-10,96,1.3836422646621402,0.07813426817411788,1.3836422646621402,0.07813426817411788,1.3836422646621402,0.2610315237207206,1.3836422646621402,1.8727697909898036,18.0,1.3836422646621402,win,win,loss,loss,loss,loss,loss,loss,2023
51745,65124,short,Asia,mid,60.42116630669546,62.94885745375408,False,1.554687207076284,False,2025-09,96,0.4558294935663475,5.713277999942882,0.4558294935663475,8.33806033141007,0.4558294935663475,8.33806033141007,0.4558294935663475,9.022700463059735,1.0,0.4558294935663475,loss,loss,loss,loss,loss,loss,loss,loss,2025
51745,31176,short,Asia,mid,66.63090128755364,62.94885745375408,False,1.554687207076284,False,2024-03,96,0.5129596242883968,0.09587056462078551,0.981370698168741,0.09587056462078551,1.9153271497044817,0.09587056462078551,1.9153271497044817,0.9329143801811928,32.0,1.9153271497044817,win,win,win,loss,loss,loss,loss,loss,2024
51768,65291,short,Other,mid,60.43596730245232,64.7501343363783,False,2.4031950133136464,False,2025-09,96,0.0,2.2915692723498675,0.0,2.2915692723498675,0.0,2.2915692723498675,0.0,2.2915692723498675,2.0,0.0,loss,loss,loss,loss,loss,loss,loss,loss,2025
51768,4776,short,Other,mid,64.57423580786026,64.7501343363783,False,2.4031950133136464,False,2023-02,96,0.39571754483679683,0.048249920374351066,0.539103350613534,0.5426837333974877,1.1960183442611736,0.5426837333974877,1.6127067025469306,0.5426837333974877,33.0,1.6127067025469306,win,win,win,loss,loss,loss,loss,loss,2023
51768,42045,short,Other,mid,67.37704918032786,64.7501343363783,False,2.4031950133136464,False,2024-09,96,0.3091868194208938,0.05992297560452449,0.4109378677121293,0.1114541121746834,0.4109378677121293,0.16783678068653646,1.6183137087756636,0.3533750968360723,73.0,1.6183137087756636,win,win,win,loss,loss,loss,loss,loss,2024
51768,13289,short,Other,mid,56.96132596685083,64.7501343363783,False,2.4031950133136464,False,2023-06,96,0.0775006921899506,0.30664291216200074,0.0775006921899506,0.40990250493531816,0.3465132104562263,0.40990250493531816,1.147055042499198,0.40990250493531816,,4.6312263344491225,win,win,win,win,win,win,win,win,2023
51768,3070,short,Other,mid,59.44503735325507,64.7501343363783,False,2.4031950133136464,False,2023-01,96,1.1259562401941208,0.021355986266143306,1.2325454930761668,0.021355986266143306,1.2325454930761668,0.3323525362672806,1.2325454930761668,0.38097554071260237,,2.4914046120874658,win,win,win,win,none,none,none,none,2023
51838,54494,long,Asia,mid,34.396971335857216,31.103860793909732,False,2.964455282583326,False,2025-03,96,0.24851281583234197,0.34864916091236053,0.24851281583234197,0.5444532920627102,0.24851281583234197,0.8843684512743579,0.3816555626881991,1.53109080976253,29.0,0.3816555626881991,loss,loss,loss,loss,loss,loss,loss,loss,2025
51838,26591,long,Asia,mid,39.25686591276252,31.103860793909732,False,2.964455282583326,False,2024-01,96,0.26612438204930194,0.5431480561963439,0.26612438204930194,0.6472362957282527,0.26612438204930194,0.6472362957282527,0.37384571894715163,0.9295279610557106,46.0,0.37384571894715163,loss,loss,loss,loss,loss,loss,loss,loss,2024
51838,9286,long,Asia,mid,34.71698113207547,31.103860793909732,False,2.964455282583326,False,2023-04,96,0.32728262657827206,0.09468659751470133,0.32728262657827206,0.15439129044137026,0.32728262657827206,1.3656397368015043,0.32728262657827206,3.382649264321223,14.0,0.32728262657827206,loss,loss,loss,loss,loss,loss,loss,loss,2023
51838,2964,long,Asia,mid,33.44086021505376,31.103860793909732,False,2.964455282583326,False,2023-01,96,0.09487894792997652,0.3945282834808458,0.09487894792997652,1.0106409453550371,1.4161783894606783,1.0106409453550371,2.4646508140536203,1.0106409453550371,5.0,0.09487894792997652,loss,loss,loss,loss,loss,loss,loss,loss,2023
51838,25773,long,Asia,mid,39.260846277450455,31.103860793909732,False,2.964455282583326,False,2024-01,96,0.42494120882549735,0.26667598898562056,0.42494120882549735,0.26667598898562056,0.8284903260804395,0.47262019258021976,0.8284903260804395,1.7235136827234423,22.0,0.8284903260804395,win,loss,loss,loss,loss,loss,loss,loss,2024
52444,48603,long,Overlap,mid,64.06417112299465,58.84838880084522,False,0.395425282696474,False,2024-12,96,3.366513077389179,2.845545690084283,3.981581903762533,2.845545690084283,6.767120879078555,2.845545690084283,8.141820162857567,2.845545690084283,0.0,1.9788577983762905,ambiguous,ambiguous,ambiguous,loss,loss,loss,loss,loss,2024
52444,61683,long,Overlap,mid,64.10666666666667,58.84838880084522,False,0.395425282696474,False,2025-07,96,0.28813409556541597,2.9830353423244,0.5049824200826232,2.9830353423244,1.1490468689935396,2.9830353423244,4.419219303092495,2.9830353423244,0.0,0.28813409556541597,loss,loss,loss,loss,loss,loss,loss,loss,2025
52444,15819,long,Overlap,mid,64.63414634146342,58.84838880084522,False,0.395425282696474,False,2023-07,96,7.165585620627144,0.2112495760799392,14.710012147690758,0.2112495760799392,14.710012147690758,0.2112495760799392,14.710012147690758,0.2112495760799392,49.0,14.710012147690758,win,win,win,win,win,win,win,win,2023
52444,4462,long,Overlap,mid,50.79533404029692,58.84838880084522,False,0.395425282696474,False,2023-02,96,2.796528885177645,3.579791482787026,5.06658335968681,3.579791482787026,5.06658335968681,9.890449118018186,5.06658335968681,9.890449118018186,0.0,1.0986782244913267,ambiguous,ambiguous,loss,loss,loss,loss,loss,loss,2023
52444,16468,long,Overlap,mid,58.67507886435332,58.84838880084522,False,0.395425282696474,False,2023-08,96,4.03792229242906,8.055106906174085,4.03792229242906,13.703161822180009,4.03792229242906,13.703161822180009,4.03792229242906,15.802111157606566,0.0,0.6162053094828749,ambiguous,loss,loss,loss,loss,loss,loss,loss,2023
52476,3500,long,Asia,low,22.885032537960953,28.74186550976139,False,2.2084710158389207,False,2023-01,96,0.011177912821312735,0.6966634165889325,0.011177912821312735,1.3804722334333934,0.011177912821312735,3.3684640287056804,0.011177912821312735,4.13582774388946,6.0,0.011177912821312735,loss,loss,loss,loss,loss,loss,loss,loss,2023
52476,26946,long,Asia,low,23.91540130151844,28.74186550976139,False,2.2084710158389207,False,2024-01,96,0.07960228600775021,0.5883889252459871,0.07960228600775021,0.9410326188536906,0.08015894535044847,1.0186865971619337,1.9407927983633768,1.0186865971619337,9.0,0.07960228600775021,loss,loss,loss,loss,loss,loss,loss,loss,2024
52476,16152,long,Asia,low,22.448979591836736,28.74186550976139,False,2.2084710158389207,False,2023-08,96,0.022651229468283827,0.9736543866854684,0.3690408001073176,0.9736543866854684,0.5258570041189461,1.333286214552074,0.5258570041189461,1.638206611241321,9.0,0.5258570041189461,win,loss,loss,loss,loss,loss,loss,loss,2023
52476,27029,long,Asia,low,20.653950953678475,28.74186550976139,False,2.2084710158389207,False,2024-01,96,1.266079737469713,0.0,1.266079737469713,0.0,1.266079737469713,0.7188157076115193,1.266079737469713,2.4221395559833887,18.0,1.266079737469713,win,win,loss,loss,loss,loss,loss,loss,2024
52476,45467,long,Asia,low,24.113856068743285,28.74186550976139,False,2.2084710158389207,False,2024-10,96,0.2607241354328024,0.24259993774875976,0.9785178812077528,0.24259993774875976,2.1012741689836796,0.24259993774875976,2.1012741689836796,0.24259993774875976,39.0,2.1012741689836796,win,win,win,win,loss,loss,loss,loss,2024
52956,50275,short,Other,mid,34.546504910456385,44.527896995708154,False,2.1828975952162493,False,2025-01,96,0.4754388252746221,0.05881326250402574,0.8474801406630162,0.05881326250402574,1.3454956699310638,0.05881326250402574,1.3454956699310638,1.2999628215407975,27.0,1.3454956699310638,win,win,loss,loss,loss,loss,loss,loss,2025
52956,39941,short,Other,mid,41.15092290988056,44.527896995708154,False,2.1828975952162493,False,2024-08,96,0.8640348905921493,0.10890296372837903,1.242900959630329,0.10890296372837903,1.5720571084273516,0.10890296372837903,1.5720571084273516,1.2806804990136753,26.0,1.5720571084273516,win,win,win,loss,loss,loss,loss,loss,2024
52956,54982,short,Other,mid,34.629728289824186,44.527896995708154,False,2.1828975952162493,False,2025-03,96,0.23839303164191855,0.9885266876488484,0.23839303164191855,1.0458580179577959,0.23839303164191855,3.608071221230524,0.23839303164191855,4.181530777713872,6.0,0.23839303164191855,loss,loss,loss,loss,loss,loss,loss,loss,2025
52956,28587,short,Other,mid,41.95652173913044,44.527896995708154,False,2.1828975952162493,False,2024-02,96,0.40079520812741626,0.015987704313196707,0.40079520812741626,0.36551199860865247,0.8594769318715966,0.4539956724799523,0.8594769318715966,0.4539956724799523,75.0,2.1376663267044442,win,win,win,win,loss,loss,loss,loss,2024
52956,25655,short,Other,mid,43.291689299293864,44.527896995708154,False,2.1828975952162493,False,2023-12,96,0.11183250693829838,0.3643422689046545,0.11183250693829838,0.7584750153447206,0.11183250693829838,1.1918555337758605,0.11183250693829838,1.9813031884629775,8.0,0.11183250693829838,loss,loss,loss,loss,loss,loss,loss,loss,2023
52975,12157,short,London,mid,62.806830309498395,67.39245884227297,False,4.063608890140414,False,2023-06,96,0.5074882069931234,0.259849135652638,0.6233060014879452,0.259849135652638,0.6580394854050049,2.1705463840327694,0.6580394854050049,2.2503267071596973,14.0,0.6580394854050049,win,loss,loss,loss,loss,loss,loss,loss,2023
52975,43645,short,London,mid,62.12765957446808,67.39245884227297,False,4.063608890140414,False,2024-10,96,0.018362005940763315,0.45266336384400474,0.018362005940763315,0.5463095941418722,0.06546454291925101,0.5463095941418722,0.6165642255674045,1.165668038004635,23.0,0.40460280916424624,loss,loss,loss,loss,loss,loss,loss,loss,2024
52975,8863,short,London,mid,57.82241014799154,67.39245884227297,False,4.063608890140414,False,2023-04,96,0.18378493751384217,0.033588281683552684,1.5372749945739337,0.5283590617393101,3.679048525000067,0.5283590617393101,3.782257800254136,0.5283590617393101,,3.782257800254136,win,win,win,win,win,win,win,none,2023
52975,4914,short,London,mid,59.53141640042598,67.39245884227297,False,4.063608890140414,False,2023-02,96,0.13985637709381998,0.2033223814248741,0.14563556622993437,0.2331640126003992,0.7976331769489858,0.2331640126003992,1.0842809580999344,0.2331640126003992,,1.0842809580999344,win,win,none,none,none,none,none,none,2023
52975,9497,short,London,mid,67.5345377258236,67.39245884227297,False,4.063608890140414,False,2023-04,96,0.21766046862628619,0.1550406457632655,0.5680108329879144,0.1550406457632655,1.2408910078789694,0.1550406457632655,1.2408910078789694,0.49860090885060065,37.0,1.2408910078789694,win,win,loss,loss,loss,loss,loss,loss,2023
53073,34896,short,Overlap,high,81.88025210084034,78.98358920063525,False,3.615287104784737,False,2024-05,96,0.23355852616476352,0.31897861316402404,0.7027918419109044,0.31897861316402404,0.7478746656049763,0.31897861316402404,0.7478746656049763,0.31897861316402404,,3.002464754669745,win,win,win,win,win,win,none,none,2024
53073,7400,short,Overlap,high,72.22514466070488,78.98358920063525,False,3.615287104784737,False,2023-03,96,0.13803067726323068,0.4742242080232,0.13803067726323068,1.0851124529406535,0.13803067726323068,1.0851124529406535,0.13803067726323068,3.7123809450641487,5.0,0.13803067726323068,loss,loss,loss,loss,loss,loss,loss,loss,2023
53073,39360,short,Overlap,high,73.12169312169313,78.98358920063525,False,3.615287104784737,False,2024-07,96,1.635651279725728,0.045640226221533756,1.635651279725728,0.045640226221533756,1.635651279725728,0.045640226221533756,1.635651279725728,0.045640226221533756,,1.635651279725728,win,win,win,none,none,none,none,none,2024
53073,25621,short,Overlap,high,71.93259610321222,78.98358920063525,False,3.615287104784737,False,2023-12,96,0.09911974783021395,0.6719053544405011,0.09911974783021395,0.8569640325703163,0.10249403711806693,0.8569640325703163,0.9016733656341526,0.8569640325703163,,1.5724188081320112,win,win,win,none,none,none,none,none,2023
53073,65805,short,Overlap,high,83.8009528851244,78.98358920063525,False,3.615287104784737,False,2025-09,96,0.053417883832320226,0.41922828146465485,0.12747205276683815,0.48640368869844836,0.4188520991841423,0.48640368869844836,0.6001719583896112,0.48640368869844836,,1.7804169933244691,win,win,win,none,none,none,none,none,2025
53231,27147,short,Other,mid,57.334766254701776,51.690821256038646,False,0.9561011544995105,False,2024-01,96,3.087279057064917,0.16841532065084622,3.1149293335895973,0.16841532065084622,5.128372196892834,0.16841532065084622,6.266558125112108,0.16841532065084622,,6.266558125112108,win,win,win,win,win,win,win,win,2024
53231,68808,short,Other,mid,55.54929577464789,51.690821256038646,False,0.9561011544995105,False,2025-10,96,1.3901605955927183,0.3591528705804978,5.053385235262369,0.3591528705804978,5.313801921490828,0.3591528705804978,10.88813272941968,0.3591528705804978,,17.68151881346756,win,win,win,win,win,win,win,win,2025
53231,52861,short,Other,mid,55.3465878559914,51.690821256038646,False,0.9561011544995105,False,2025-02,96,0.4378853131339715,1.26062382096415,0.75933698075938,2.372224426430028,1.729617359997359,2.372224426430028,2.9733538583304253,4.582982347002115,1.0,0.4378853131339715,loss,loss,loss,loss,loss,loss,loss,loss,2025
53231,65476,short,Other,mid,58.27886710239652,51.690821256038646,False,0.9561011544995105,False,2025-09,96,0.9593752839233015,1.069502842476286,0.9593752839233015,1.069502842476286,1.7701187528800646,1.7690417107425291,1.7701187528800646,2.3204872851110627,0.0,0.514826141695636,ambiguous,loss,loss,loss,loss,loss,loss,loss,2025
53231,45390,short,Other,mid,44.64571124134257,51.690821256038646,False,0.9561011544995105,False,2024-10,96,2.862377801566217,0.4737223697985971,2.862377801566217,1.1463387532801599,2.881265023795773,1.1463387532801599,2.881265023795773,6.951268687509553,7.0,2.862377801566217,win,win,win,win,win,loss,loss,loss,2024
53252,69001,short,London,mid,43.83408071748879,50.21231422505308,False,1.8682471195267483,False,2025-10,96,0.12795268252529532,0.6077162232301182,0.28116539647162775,0.6110212740702571,0.9939350214060727,0.644189820001622,1.9912341124172988,0.644189820001622,,6.139486048143733,win,win,win,win,win,win,win,win,2025
53252,37517,short,London,mid,41.13247863247863,50.21231422505308,False,1.8682471195267483,False,2024-07,96,0.0,1.1341421028704464,0.0,2.4373948994955614,1.088102670971661,2.489273478854634,1.84629351043517,2.489273478854634,2.0,0.0,loss,loss,loss,loss,loss,loss,loss,loss,2024
53252,31470,short,London,mid,57.917109458023376,50.21231422505308,False,1.8682471195267483,False,2024-03,96,0.8485152708672569,0.17670810700889095,0.8485152708672569,3.523993515093556,0.8485152708672569,4.691577644140547,0.8485152708672569,6.646665293553122,6.0,0.8485152708672569,win,loss,loss,loss,loss,loss,loss,loss,2024
53252,27243,short,London,mid,44.55764075067024,50.21231422505308,False,1.8682471195267483,False,2024-01,96,0.37231755612738265,1.12659379321703,0.37231755612738265,1.3208341023923666,0.37231755612738265,1.3866206012663462,5.019906851578537,2.0257704653265938,3.0,0.37231755612738265,loss,loss,loss,loss,loss,loss,loss,loss,2024
53252,21595,short,London,mid,47.674418604651166,50.21231422505308,False,1.8682471195267483,False,2023-10,96,1.2183129260288825,0.2075726248345525,3.3906296357974637,0.2075726248345525,4.165844198679553,0.2075726248345525,4.165844198679553,0.6730888314635134,,4.165844198679553,win,win,win,win,win,win,win,win,2023
53373,70417,short,New York,high,76.53485952133194,74.07213800313643,False,0.9819545244679144,False,2025-11,96,0.09368783107097775,0.9049372552925008,0.5667535459849801,1.1393792637180222,0.5667535459849801,3.4180488188548765,2.8523629404604236,3.4180488188548765,7.0,0.5667535459849801,win,loss,loss,loss,loss,loss,loss,loss,2025
53373,10082,short,New York,high,75.92689295039165,74.07213800313643,False,0.9819545244679144,False,2023-05,96,0.5756200986461217,1.5957018983849707,2.48146062073661,4.1935524107842665,2.48146062073661,5.769211336888945,2.48146062073661,19.627695959883294,1.0,0.17687043959627322,loss,loss,loss,loss,loss,loss,loss,loss,2023
53373,24822,short,New York,high,73.40705634544497,74.07213800313643,False,0.9819545244679144,False,2023-12,96,0.17050445973274936,0.43529709996288196,0.6718032860438442,1.1114219276128432,1.8154403419933343,1.1114219276128432,1.8154403419933343,1.1114219276128432,4.0,0.17050445973274936,loss,loss,loss,loss,loss,loss,loss,loss,2023
53373,17214,short,New York,high,77.19665271966527,74.07213800313643,False,0.9819545244679144,False,2023-08,96,0.5011112372944367,1.3766847026568023,0.5011112372944367,2.2532554043122675,0.5011112372944367,2.2532554043122675,0.5011112372944367,2.7997408929438787,2.0,0.5011112372944367,win,loss,loss,loss,loss,loss,loss,loss,2023
53373,30504,short,New York,high,73.03077725612937,74.07213800313643,False,0.9819545244679144,False,2024-03,96,0.043091406011384545,1.2411222668902944,0.043091406011384545,1.4525394776336433,0.043091406011384545,2.0257449513475794,1.1782806331237514,2.0257449513475794,1.0,0.043091406011384545,loss,loss,loss,loss,loss,loss,loss,loss,2024
53390,32186,short,Asia,mid,47.475832438238456,55.11425462459195,False,2.3901839202489086,False,2024-04,96,0.1718103787789854,0.6241148058088499,0.1718103787789854,1.2661103297712761,0.1718103787789854,1.2661103297712761,1.1233755535549426,1.2661103297712761,6.0,0.1718103787789854,loss,loss,loss,loss,loss,loss,loss,loss,2024
53390,62547,short,Asia,mid,51.853871319520174,55.11425462459195,False,2.3901839202489086,False,2025-07,96,0.8878282289718592,0.20888082394313853,1.0955793567335608,0.20888082394313853,1.0955793567335608,0.20888082394313853,1.4155093153094895,0.20888082394313853,,5.363458560490806,win,win,win,win,win,win,win,win,2025
53390,21748,short,Asia,mid,57.334766254701776,55.11425462459195,False,2.3901839202489086,False,2023-10,96,0.16435097387244957,0.09422525785716704,0.42095183331990255,0.09422525785716704,1.6304722816623143,0.09422525785716704,2.2394795562400462,0.09422525785716704,,2.2394795562400462,win,win,win,win,none,none,none,none,2023
53390,26134,short,Asia,mid,59.946236559139784,55.11425462459195,False,2.3901839202489086,False,2024-01,96,0.2829027057169245,0.24360523242801777,1.7638895722033656,0.24360523242801777,1.7638895722033656,0.24360523242801777,3.771579886652102,0.24360523242801777,,3.771579886652102,win,win,win,win,win,win,win,none,2024
53390,38860,short,Asia,mid,54.32432432432432,55.11425462459195,False,2.3901839202489086,False,2024-07,96,0.26666626160892365,0.4154277084016494,0.9604532711053365,0.4154277084016494,0.9604532711053365,0.4154277084016494,1.815019573532767,0.5776686312684064,,3.410145043400265,win,win,win,win,win,win,none,none,2024
53501,71158,long,Asia,mid,56.34877384196185,46.849757673667206,False,1.8130540629032998,False,2025-12,96,0.1603171013361743,0.5697894429653894,0.1603171013361743,0.7002896057090404,0.1631081846290867,1.4033702947110551,0.1631081846290867,2.9223322828695926,12.0,0.1631081846290867,loss,loss,loss,loss,loss,loss,loss,loss,2025
53501,26131,long,Asia,mid,43.02638664512655,46.849757673667206,False,1.8130540629032998,False,2024-01,96,0.06564923243816329,1.4853878132293605,0.06564923243816329,1.6329507275836308,0.06564923243816329,3.873008996588742,0.06564923243816329,6.909729572748922,0.0,0.06564923243816329,loss,loss,loss,loss,loss,loss,loss,loss,2024
53501,33385,long,Asia,mid,38.1769436997319,46.849757673667206,False,1.8130540629032998,False,2024-04,96,0.8145353820568704,0.16954643042020023,0.8145353820568704,0.3481612468036648,1.1128205060626182,0.6495231446184128,2.084595223303835,0.6495231446184128,92.0,2.467410659324226,win,win,win,win,loss,loss,loss,loss,2024
53501,32080,long,Asia,mid,44.37229437229438,46.849757673667206,False,1.8130540629032998,False,2024-04,96,0.8626260347441835,0.8000658218055163,1.5626836288240604,0.8000658218055163,1.5626836288240604,0.8000658218055163,3.437948039900987,0.8000658218055163,,5.272900764471641,win,win,win,win,win,win,win,win,2024
53501,36124,long,Asia,mid,54.55531453362256,46.849757673667206,False,1.8130540629032998,False,2024-06,96,0.2683688814567651,0.25984635616725515,0.2683688814567651,0.64481063679747,0.2683688814567651,1.549467629762195,0.4571337501029893,1.549467629762195,13.0,0.2683688814567651,loss,loss,loss,loss,loss,loss,loss,loss,2024
53576,22761,long,Asia,low,1.8796992481203008,10.271739130434783,False,2.064971867377662,False,2023-11,96,0.10038402077822593,0.4377260305180614,0.5213075757153842,0.4377260305180614,0.724229780807897,0.4377260305180614,1.4394120747644557,0.4377260305180614,35.0,6.1634927092430445,win,win,ambiguous,ambiguous,ambiguous,ambiguous,ambiguous,ambiguous,2023
53576,37037,long,Asia,low,13.01034295046271,10.271739130434783,False,2.064971867377662,False,2024-06,96,0.6707629235633835,0.2175907272885875,0.6707629235633835,0.7706844754244159,2.011316298165979,0.7706844754244159,2.011316298165979,0.9063443925495921,,2.4637591400475904,win,win,win,win,none,none,none,none,2024
53576,6344,long,Asia,low,5.742145178764897,10.271739130434783,False,2.064971867377662,False,2023-03,96,0.0826924658795365,0.7951476413393274,0.0826924658795365,0.7951476413393274,0.9850875411324882,1.218359737456363,0.9850875411324882,2.3652211856369494,14.0,0.2780489027389955,loss,loss,loss,loss,loss,loss,loss,loss,2023
53576,58825,long,Asia,low,2.583423035522067,10.271739130434783,False,2.064971867377662,False,2025-05,96,0.19176457762091606,1.3327455743345291,0.19176457762091606,3.0109592304833144,0.19176457762091606,4.18465086218741,0.19176457762091606,4.772834287648731,1.0,0.19176457762091606,loss,loss,loss,loss,loss,loss,loss,loss,2025
53576,69610,long,Asia,low,4.5168667810177245,10.271739130434783,False,2.064971867377662,False,2025-11,96,0.1374563354730633,0.8415409638054882,0.1374563354730633,1.1095685231357675,0.1374563354730633,1.3391542092776936,1.022111212491948,1.3391542092776936,4.0,0.1374563354730633,loss,loss,loss,loss,loss,loss,loss,loss,2025
54055,5512,short,Asia,low,9.554831704668839,3.2275416890801503,False,1.5456172284276308,False,2023-02,96,0.3340190654854167,0.4820021957638304,0.43591602090565,0.4820021957638304,0.6405555496334014,0.4820021957638304,1.728020152707541,2.1267289865717904,21.0,0.6405555496334014,win,loss,loss,loss,loss,loss,loss,loss,2023
54055,40601,short,Asia,low,11.840688912809473,3.2275416890801503,False,1.5456172284276308,False,2024-08,96,1.490277559103202,0.0,1.490277559103202,0.0,1.490277559103202,0.4470560579891667,1.490277559103202,3.260271264045093,20.0,1.490277559103202,win,win,loss,loss,loss,loss,loss,loss,2024
54055,14227,short,Asia,low,7.81334780249593,3.2275416890801503,False,1.5456172284276308,False,2023-07,96,0.3511431533245378,0.7705179146409435,0.3511431533245378,0.9136378728680189,2.0769035798530178,0.9136378728680189,9.557972404078086,4.2991460320142245,19.0,2.0769035798530178,win,win,win,win,loss,loss,loss,loss,2023
54055,38208,short,Asia,low,0.60207991242474,3.2275416890801503,False,1.5456172284276308,False,2024-07,96,0.02175877635445172,1.9235684202702608,0.02175877635445172,2.8652141884603273,0.02175877635445172,3.6193641178514033,0.02175877635445172,4.23509119341318,1.0,0.02175877635445172,loss,loss,loss,loss,loss,loss,loss,loss,2024
54055,16990,short,Asia,low,8.066239316239317,3.2275416890801503,False,1.5456172284276308,False,2023-08,96,0.09920705790671819,2.3809693897599016,0.09920705790671819,2.3809693897599016,0.09920705790671819,2.6850478276040057,0.09920705790671819,5.852629392481767,1.0,0.09920705790671819,loss,loss,loss,loss,loss,loss,loss,loss,2023
54088,4924,long,Overlap,mid,59.7457627118644,69.13319238900634,False,1.323451270358945,False,2023-02,96,0.8849173222206332,1.0951053346387263,0.8849173222206332,1.0951053346387263,0.8849173222206332,1.950041851407053,0.8849173222206332,1.9745422945723663,3.0,0.8849173222206332,win,loss,loss,loss,loss,loss,loss,loss,2023
54088,7858,long,Overlap,mid,59.2943654555029,69.13319238900634,False,1.323451270358945,False,2023-03,96,0.8902232047664619,1.0587699354869822,1.8718569328715953,1.0587699354869822,1.8718569328715953,1.1787290907392372,1.8718569328715953,1.1787290907392372,1.0,0.03458776558759028,loss,loss,loss,loss,loss,loss,loss,loss,2023
54088,22524,long,Overlap,mid,65.01841136244082,69.13319238900634,False,1.323451270358945,False,2023-11,96,3.116306812171285,0.2830272217359007,4.429860541384819,0.2830272217359007,4.695511829791037,0.2830272217359007,4.695511829791037,0.2830272217359007,79.0,4.695511829791037,win,win,win,win,win,win,win,win,2023
54088,19575,long,Overlap,mid,69.05901116427432,69.13319238900634,False,1.323451270358945,False,2023-09,96,0.6596370426890555,3.91782668851912,0.6596370426890555,4.081866480330116,0.6596370426890555,6.495512038991683,0.6596370426890555,7.265861450005399,1.0,0.6596370426890555,win,loss,loss,loss,loss,loss,loss,loss,2023
54088,24707,long,Overlap,mid,68.07036247334754,69.13319238900634,False,1.323451270358945,False,2023-12,96,1.4257353849786898,0.3438363922193357,1.4257353849786898,0.3438363922193357,9.410380493184237,0.3438363922193357,18.393600257720443,0.3438363922193357,,22.55125410386742,win,win,win,win,win,win,win,win,2023
54141,21389,long,Asia,mid,34.652406417112296,33.998920669185104,False,1.4834223102421114,False,2023-10,96,0.9741585363788369,0.5628471543521117,1.429614793256636,0.5628471543521117,1.429614793256636,4.617808591400845,1.429614793256636,9.48096081418597,10.0,1.429614793256636,win,win,loss,loss,loss,loss,loss,loss,2023
54141,61015,long,Asia,mid,35.332252836304704,33.998920669185104,False,1.4834223102421114,False,2025-06,96,1.42372165904521,0.014845745154147959,2.273750809804882,0.014845745154147959,2.4646876707484777,0.014845745154147959,2.4646876707484777,0.8222484989364913,,7.685392387449596,win,win,win,win,win,win,win,win,2025
54141,43985,long,Asia,mid,38.17494600431965,33.998920669185104,False,1.4834223102421114,False,2024-10,96,1.8914970601035843,0.8924575169901179,1.8914970601035843,1.997811963354874,1.8914970601035843,1.997811963354874,1.8914970601035843,3.3964673237139458,5.0,1.8914970601035843,win,win,win,loss,loss,loss,loss,loss,2024
54141,58285,long,Asia,mid,43.4991974317817,33.998920669185104,False,1.4834223102421114,False,2025-05,96,1.364475868890299,0.27723864442468715,1.5853667860077845,0.27723864442468715,2.9176579287104465,0.27723864442468715,3.014309933188796,0.27723864442468715,80.0,3.014309933188796,win,win,win,win,win,win,loss,loss,2025
54141,72074,long,Asia,mid,34.95357728017477,33.998920669185104,False,1.4834223102421114,False,2025-12,96,0.12596111653462344,3.174640007061408,0.12596111653462344,3.174640007061408,0.12596111653462344,4.116094385560754,0.12596111653462344,4.116094385560754,1.0,0.12596111653462344,loss,loss,loss,loss,loss,loss,loss,loss,2025
54243,17901,long,Asia,low,1.8250134192163179,3.0059044551798175,False,1.6853336530317298,False,2023-08,96,0.5989287916740651,0.1742211087930576,0.5989287916740651,0.4408003957415056,0.8032362766843197,1.3363948505812155,0.8032362766843197,1.3363948505812155,10.0,0.5989287916740651,win,loss,loss,loss,loss,loss,loss,loss,2023
54243,36952,long,Asia,low,11.550976138828634,3.0059044551798175,False,1.6853336530317298,False,2024-06,96,0.6904574355362741,1.0397441312667959,2.8712448516510714,1.0397441312667959,2.8712448516510714,1.0397441312667959,3.06181952040597,9.032758353445633,2.0,0.24618399638840863,loss,loss,loss,loss,loss,loss,loss,loss,2024
54243,16323,long,Asia,low,6.273661438615467,3.0059044551798175,False,1.6853336530317298,False,2023-08,96,0.28567198011406475,1.2774290006562063,0.28567198011406475,2.2864203454100496,0.28567198011406475,2.2864203454100496,0.28567198011406475,2.76950367558461,3.0,0.28567198011406475,loss,loss,loss,loss,loss,loss,loss,loss,2023
54243,35471,long,Asia,low,7.3569482288828345,3.0059044551798175,False,1.6853336530317298,False,2024-05,96,1.390490816110587,0.49703419553349265,1.390490816110587,2.173093749441448,1.390490816110587,2.173093749441448,1.390490816110587,3.8298744012196657,7.0,1.390490816110587,win,win,loss,loss,loss,loss,loss,loss,2024
54243,35745,long,Asia,low,7.528641571194762,3.0059044551798175,False,1.6853336530317298,False,2024-06,96,0.5679551292447654,0.7965849688452573,0.5679551292447654,2.355369943851795,0.5679551292447654,2.355369943851795,0.5679551292447654,4.851295963236265,4.0,0.5679551292447654,win,loss,loss,loss,loss,loss,loss,loss,2024
54266,39448,short,Overlap,mid,41.88759278897137,43.90243902439025,False,1.4334790997993598,False,2024-07,96,1.9048331146536952,0.881206570267222,2.9189286856287886,0.881206570267222,3.0613486597479156,4.495351687877656,3.0613486597479156,4.987694542958987,13.0,3.0613486597479156,win,win,win,win,win,win,loss,loss,2024
54266,35886,short,Overlap,mid,47.92773645058448,43.90243902439025,False,1.4334790997993598,False,2024-06,96,0.4785457986316692,2.344393589912038,0.491958240370126,2.7052641921588383,0.491958240370126,5.420144851979235,0.491958240370126,5.420144851979235,1.0,0.4785457986316692,loss,loss,loss,loss,loss,loss,loss,loss,2024
54266,26355,short,Overlap,mid,53.452820242488144,43.90243902439025,False,1.4334790997993598,False,2024-01,96,1.178083475706987,0.19578367750705236,2.4802647228217514,0.5024776248279975,2.5123881241397568,0.5024776248279975,3.9751863778448553,0.5024776248279975,67.0,3.9751863778448553,win,win,win,win,win,win,win,loss,2024
54266,17753,short,Overlap,mid,48.60452869931543,43.90243902439025,False,1.4334790997993598,False,2023-08,96,0.1289800936002637,2.4997570521579684,0.1289800936002637,9.093608424588579,0.1289800936002637,10.563572031017177,0.1289800936002637,10.815902134766915,1.0,0.1289800936002637,loss,loss,loss,loss,loss,loss,loss,loss,2023
54266,37526,short,Overlap,mid,49.760765550239235,43.90243902439025,False,1.4334790997993598,False,2024-07,96,2.563698336515235,0.21638910632424446,3.7548081548097074,0.21638910632424446,4.690185392902846,0.21638910632424446,4.690185392902846,0.21638910632424446,,4.737009668150952,win,win,win,win,win,win,win,win,2024
54315,10937,long,Asia,low,10.324324324324325,2.26537216828479,False,1.5631889931845584,False,2023-05,96,0.38797178758431106,0.9416040950884584,0.38797178758431106,0.9416040950884584,0.39398020022394425,0.9416040950884584,0.39398020022394425,2.5514295101645064,18.0,0.39398020022394425,loss,loss,loss,loss,loss,loss,loss,loss,2023
54315,49100,long,Asia,low,5.34435261707989,2.26537216828479,False,1.5631889931845584,False,2024-12,96,0.5294609246433251,0.5354877991412513,0.5294609246433251,0.5354877991412513,0.6683803818207248,1.1746378396468076,0.760591561638956,1.1746378396468076,14.0,0.6683803818207248,win,loss,loss,loss,loss,loss,loss,loss,2024
54315,34660,long,Asia,low,1.8898488120950323,2.26537216828479,False,1.5631889931845584,False,2024-05,96,0.5911669688731029,0.41444538593303715,1.4954786673497091,1.2126501925605087,1.4954786673497091,1.2126501925605087,3.9093180293091825,1.2126501925605087,6.0,1.4954786673497091,win,win,loss,loss,loss,loss,loss,loss,2024
54315,34401,long,Asia,low,2.0331728196896734,2.26537216828479,False,1.5631889931845584,False,2024-05,96,0.8372809185237527,1.02365012544989,0.8372809185237527,2.559470441785848,1.6245182537062308,2.559470441785848,3.115817037276373,2.559470441785848,3.0,0.8372809185237527,win,loss,loss,loss,loss,loss,loss,loss,2024
54315,13962,long,Asia,low,8.629989212513484,2.26537216828479,False,1.5631889931845584,False,2023-07,96,0.4332626366785174,3.0810940558046345,0.4332626366785174,3.0810940558046345,0.4332626366785174,4.854617040435964,2.9752430643288337,4.854617040435964,1.0,0.4332626366785174,loss,loss,loss,loss,loss,loss,loss,loss,2023
54406,60732,short,Asia,low,1.5184381778741864,1.457096600107933,False,1.3450419678807435,False,2025-06,96,0.513015613893712,0.5745864760078442,0.8197463685869645,0.5745864760078442,0.8197463685869645,0.965583921551007,1.8084755412247335,1.7192652045116492,16.0,0.8197463685869645,win,loss,loss,loss,loss,loss,loss,loss,2025
54406,40243,short,Asia,low,3.907922912205567,1.457096600107933,False,1.3450419678807435,False,2024-08,96,1.2149013400422626,1.198819192806917,1.2149013400422626,1.9494359344100645,1.2149013400422626,3.9978120355055404,1.2149013400422626,4.493561704621897,3.0,1.2149013400422626,win,win,loss,loss,loss,loss,loss,loss,2024
54406,16709,short,Asia,low,1.44617032672737,1.457096600107933,False,1.3450419678807435,False,2023-08,96,0.3388981969705209,1.5276037517873138,0.6653530476161171,1.5276037517873138,1.3197266720041736,2.7763301535836833,4.716028257194868,2.7763301535836833,2.0,0.3388981969705209,loss,loss,loss,loss,loss,loss,loss,loss,2023
54406,18608,short,Asia,low,2.2900763358778624,1.457096600107933,False,1.3450419678807435,False,2023-09,96,0.46433656906517906,1.7690368674198185,1.1613162044310046,1.7690368674198185,1.1613162044310046,2.7660785801363508,2.781271596711368,2.7660785801363508,2.0,0.46433656906517906,loss,loss,loss,loss,loss,loss,loss,loss,2023
54406,41794,short,Asia,low,0.9703504043126685,1.457096600107933,False,1.3450419678807435,False,2024-09,96,2.6552283489515363,0.3547713344542154,5.315585922015737,0.3547713344542154,10.198179841860048,0.3547713344542154,10.198179841860048,0.3547713344542154,34.0,10.198179841860048,win,win,win,win,win,win,win,win,2024
54424,64297,long,Asia,low,19.26605504587156,10.636023516835918,False,2.73668612183533,False,2025-08,96,0.3713999401714267,0.35684683643103127,1.082253983035324,0.35684683643103127,1.082253983035324,0.35684683643103127,1.0963338151093764,0.35684683643103127,53.0,1.5158891473323013,win,win,win,loss,loss,loss,loss,loss,2025
54424,40227,long,Asia,low,7.127429805615551,10.636023516835918,False,2.73668612183533,False,2024-08,96,0.24253211902184993,0.8096292796758532,0.24253211902184993,0.8096292796758532,0.9419195264150039,0.8096292796758532,2.464878567919797,0.8096292796758532,,7.805124557611806,win,win,win,win,win,win,win,win,2024
54424,57271,long,Asia,low,5.359056806002144,10.636023516835918,False,2.73668612183533,False,2025-05,96,0.31551188547294673,0.21068770140524323,0.7182535275178056,0.4740844472071124,0.7890024279544433,0.4740844472071124,1.2269329249909187,0.9835804636779178,41.0,1.2269329249909187,win,win,loss,loss,loss,loss,loss,loss,2025
54424,16900,long,Asia,low,1.0672358591248665,10.636023516835918,False,2.73668612183533,False,2023-08,96,0.0,1.316044051980065,0.0,1.316044051980065,0.257329076904013,1.316044051980065,0.257329076904013,2.5874456830021564,2.0,0.0,loss,loss,loss,loss,loss,loss,loss,loss,2023
54424,59456,long,Asia,low,14.579945799457994,10.636023516835918,False,2.73668612183533,False,2025-06,96,0.21931067589408246,0.18897964010217874,0.5385723298380545,0.18897964010217874,0.5385723298380545,0.7433461103396287,1.8497217164265078,0.7433461103396287,53.0,2.591732003946301,win,win,win,win,win,loss,loss,loss,2025
54456,58323,short,Overlap,mid,57.105401153644465,63.53126642143984,False,0.3614290793724228,False,2025-05,96,2.347373546135515,1.7817235258714181,2.7971541577985084,1.7817235258714181,3.653773363879146,1.7817235258714181,5.9004552833708015,1.7817235258714181,2.0,2.011611394054733,win,win,win,ambiguous,loss,loss,loss,loss,2025
54456,13164,short,Overlap,mid,69.55591225254146,63.53126642143984,False,0.3614290793724228,False,2023-06,96,17.58460222300509,0.6204244735939344,19.088815028371418,0.6204244735939344,19.088815028371418,0.6204244735939344,19.088815028371418,0.6204244735939344,,32.73308875785745,win,win,win,win,win,win,win,win,2023
54456,6659,short,Overlap,mid,56.44562334217507,63.53126642143984,False,0.3614290793724228,False,2023-03,96,4.896156842612763,16.708995247231083,4.896156842612763,37.55873225783035,4.896156842612763,45.1451777469723,4.896156842612763,48.833793756592044,1.0,4.896156842612763,win,win,win,win,win,win,win,win,2023
54456,2725,short,Overlap,mid,56.457564575645755,63.53126642143984,False,0.3614290793724228,False,2023-01,96,2.940145886584455,7.1727674798578205,2.940145886584455,10.412735317210483,2.940145886584455,10.412735317210483,2.940145886584455,10.412735317210483,2.0,2.940145886584455,win,win,win,win,win,loss,loss,loss,2023
54456,13540,short,Overlap,mid,64.35801811401171,63.53126642143984,False,0.3614290793724228,False,2023-06,96,0.0,7.336248129791986,0.0,7.336248129791986,0.41654247782113496,7.336248129791986,3.3550088009553103,7.336248129791986,0.0,0.0,loss,loss,loss,loss,loss,loss,loss,loss,2023
54592,49637,short,Asia,low,5.699481865284974,5.336927223719677,False,2.9979357475529085,False,2025-01,96,0.04581261008559532,1.3702435904661068,0.04581261008559532,1.3702435904661068,0.6875199282518986,1.3702435904661068,2.33048912893869,1.3702435904661068,2.0,0.04581261008559532,loss,loss,loss,loss,loss,loss,loss,loss,2025
54592,22381,short,Asia,low,6.918918918918919,5.336927223719677,False,2.9979357475529085,False,2023-11,96,0.15066751204422815,0.7954803926575843,0.21429492572286482,0.7954803926575843,0.8679219935125246,0.7954803926575843,0.8679219935125246,0.7954803926575843,,5.719856590695261,win,win,win,win,win,win,win,win,2023
54592,34672,short,Asia,low,5.901287553648069,5.336927223719677,False,2.9979357475529085,False,2024-05,96,0.015552131901407,0.5883053766556198,0.015552131901407,1.1108904539861475,0.015552131901407,1.7910035770271908,0.015552131901407,2.2441893560882304,7.0,0.015552131901407,loss,loss,loss,loss,loss,loss,loss,loss,2024
54592,15423,short,Asia,low,7.265877287405813,5.336927223719677,False,2.9979357475529085,False,2023-07,96,0.19963138067004058,0.9253682307057417,0.47327993478842695,0.9253682307057417,0.5325550985873642,0.9253682307057417,2.4545446066380516,0.9253682307057417,38.0,2.855650119184274,win,win,win,win,win,loss,loss,loss,2023
54592,22117,short,Asia,low,1.8259935553168638,5.336927223719677,False,2.9979357475529085,False,2023-11,96,0.29890292698151527,0.12980747512446503,0.29890292698151527,0.12980747512446503,0.29890292698151527,0.804303459669475,0.5638610420660221,1.196868923181474,21.0,0.5638610420660221,win,loss,loss,loss,loss,loss,loss,loss,2023
54632,47945,long,London,mid,39.709051724137936,31.29287598944591,False,1.3203636930400566,False,2024-12,96,0.22589609250776932,1.1835192608496,0.8467624576448451,1.1835192608496,1.4121984674334809,3.116160060508563,1.4121984674334809,3.116160060508563,2.0,0.03664433533492419,loss,loss,loss,loss,loss,loss,loss,loss,2024
54632,52684,long,London,mid,34.26124197002141,31.29287598944591,False,1.3203636930400566,False,2025-02,96,0.11776416138157572,1.1864804250453074,0.11776416138157572,1.4204489575915211,0.11776416138157572,4.101208410498508,0.11776416138157572,7.9026771343017845,2.0,0.11776416138157572,loss,loss,loss,loss,loss,loss,loss,loss,2025
54632,70005,long,London,mid,31.461923290717063,31.29287598944591,False,1.3203636930400566,False,2025-11,96,0.3249769407059836,1.0559610689663066,0.40077636176035786,1.0559610689663066,0.40077636176035786,1.5849402156466539,0.8797297926631612,4.899286544783719,3.0,0.3249769407059836,loss,loss,loss,loss,loss,loss,loss,loss,2025
54632,70105,long,London,mid,40.56203605514316,31.29287598944591,False,1.3203636930400566,False,2025-11,96,0.3090074958998529,2.1609406103371804,0.3090074958998529,5.084263027808256,0.3090074958998529,11.423140415677821,0.3090074958998529,11.423140415677821,1.0,0.3090074958998529,loss,loss,loss,loss,loss,loss,loss,loss,2025
54632,12431,long,London,mid,31.62393162393162,31.29287598944591,False,1.3203636930400566,False,2023-06,96,0.6862981187310957,0.2679918306900889,0.6862981187310957,0.6798626373766653,10.151971836689045,0.6798626373766653,11.090173082724101,0.6798626373766653,,11.090173082724101,win,win,win,win,win,win,win,win,2023
54759,34457,long,New York,mid,39.064935064935064,31.295336787564764,False,1.775571531085667,False,2024-05,96,0.24103958128469127,0.17340977070840027,0.4418095602603805,0.17340977070840027,0.4418095602603805,0.20057730145272828,0.9468173480678111,0.24065422623859414,,6.590727352056626,win,win,win,win,win,win,win,win,2024
54759,35193,long,New York,mid,30.38961038961039,31.295336787564764,False,1.775571531085667,False,2024-05,96,0.47894890140403124,0.2590568749486093,0.9791212123266981,0.2590568749486093,1.686714061637208,0.2590568749486093,3.2007964726541824,0.2590568749486093,,5.581537905352927,win,win,win,win,win,win,win,win,2024
54759,62334,long,New York,mid,35.47706905640485,31.295336787564764,False,1.775571531085667,False,2025-07,96,0.13660592435420763,0.6240335297289519,0.13660592435420763,0.6800324941004842,0.13660592435420763,1.0849602167532069,0.6573174212286158,1.4928850670764835,12.0,0.13660592435420763,loss,loss,loss,loss,loss,loss,loss,loss,2025
54759,6139,long,New York,mid,34.376630151278036,31.295336787564764,False,1.775571531085667,False,2023-03,96,0.347681448286085,0.2075664378215558,1.3159160282573443,0.2075664378215558,1.6752481776323842,0.2075664378215558,1.6752481776323842,0.2075664378215558,,6.219941394514751,win,win,win,win,win,win,win,win,2023
54759,55034,long,New York,mid,33.33333333333333,31.295336787564764,False,1.775571531085667,False,2025-03,96,0.1406554575441205,0.2838355002237534,0.234786417592979,0.39167135100760647,1.8651274325375538,0.39167135100760647,3.829254667885118,0.39167135100760647,,7.492427699362267,win,win,win,win,win,win,win,win,2025
54773,29515,long,Asia,low,14.935064935064934,8.04535637149028,False,0.6897077633732969,False,2024-02,96,0.27540859844661914,1.4921198244465248,0.27540859844661914,1.4921198244465248,1.3990239601831067,4.036740114317012,1.3990239601831067,8.354060819539606,1.0,0.27540859844661914,loss,loss,loss,loss,loss,loss,loss,loss,2024
54773,28499,long,Asia,low,7.917570498915401,8.04535637149028,False,0.6897077633732969,False,2024-02,96,2.843006680344312,0.6110234789888888,2.843006680344312,0.6110234789888888,2.843006680344312,2.363347223465626,8.468761315294723,2.363347223465626,11.0,2.843006680344312,win,win,win,win,win,loss,loss,loss,2024
54773,12413,long,Asia,low,6.202804746494067,8.04535637149028,False,0.6897077633732969,False,2023-06,96,0.2983082764175812,5.484461502228688,0.2983082764175812,5.484461502228688,1.8153857755525604,5.484461502228688,15.382028323287239,5.484461502228688,1.0,0.2983082764175812,loss,loss,loss,loss,loss,loss,loss,loss,2023
54773,28243,long,Asia,low,4.803022126281705,8.04535637149028,False,0.6897077633732969,False,2024-02,96,1.6365178961322366,0.4418836531767336,2.247532219797223,0.4418836531767336,3.146783319928225,4.125835511063955,7.372667960013435,10.920838857085883,12.0,3.146783319928225,win,win,win,win,win,win,loss,loss,2024
54773,28339,long,Asia,low,0.9693053311793215,8.04535637149028,False,0.6897077633732969,False,2024-02,96,2.757081295865266,0.6979380207688267,2.757081295865266,2.960583742525967,2.757081295865266,3.981110826889324,6.094521421095283,11.90263199133583,7.0,2.757081295865266,win,win,win,win,win,loss,loss,loss,2024
54864,58903,short,Asia,low,5.6941431670282,0.1620745542949757,False,1.7255238207241197,False,2025-05,96,0.20668023608242486,1.5648835835262127,1.3466695562062858,1.5648835835262127,1.3466695562062858,1.5648835835262127,1.3466695562062858,3.1401078074721984,0.0,0.20668023608242486,loss,loss,loss,loss,loss,loss,loss,loss,2025
54864,63372,short,Asia,low,1.2987012987012987,0.1620745542949757,False,1.7255238207241197,False,2025-08,96,0.10105347736821771,1.265902855313336,0.10105347736821771,1.265902855313336,1.3973912623358977,1.265902855313336,2.7151286072168728,1.265902855313336,2.0,0.10105347736821771,loss,loss,loss,loss,loss,loss,loss,loss,2025
54864,61202,short,Asia,low,4.261057173678533,0.1620745542949757,False,1.7255238207241197,False,2025-07,96,1.7384029425244938,0.18974400097596889,2.719072358232898,0.18974400097596889,2.719072358232898,0.18974400097596889,2.719072358232898,1.4632830159457182,27.0,2.719072358232898,win,win,win,win,win,loss,loss,loss,2025
54864,10033,short,Asia,low,0.482315112540193,0.1620745542949757,False,1.7255238207241197,False,2023-05,96,0.9681613135196181,0.06510210561615581,1.2811164355170586,0.06510210561615581,2.0818723345951935,0.7435590491439599,4.389276963646148,0.7435590491439599,35.0,4.389276963646148,win,win,win,win,win,win,win,win,2023
54864,16717,short,Asia,low,6.613333333333333,0.1620745542949757,False,1.7255238207241197,False,2023-08,96,0.7616925733012903,2.042530497456615,0.7616925733012903,2.169828499734588,0.7616925733012903,2.169828499734588,5.002340015443088,2.169828499734588,2.0,0.7616925733012903,win,loss,loss,loss,loss,loss,loss,loss,2023
54868,71632,long,Asia,low,7.842076798269335,2.4797843665768196,False,2.9972261892424994,False,2025-12,96,0.26170305923970255,0.4300835105757465,0.6768990636801123,0.4300835105757465,2.1415264033810097,0.4300835105757465,2.1415264033810097,0.4300835105757465,,2.719520044356587,win,win,win,win,win,none,none,none,2025
54868,19547,long,Asia,low,1.8888289260658393,2.4797843665768196,False,2.9972261892424994,False,2023-09,96,0.07976377579842134,0.8727909109041175,0.07976377579842134,2.515094780233399,0.2844754316047538,2.515094780233399,0.2844754316047538,4.6479689238375,4.0,0.07976377579842134,loss,loss,loss,loss,loss,loss,loss,loss,2023
54868,37572,long,Asia,low,1.9618528610354224,2.4797843665768196,False,2.9972261892424994,False,2024-07,96,0.4299245693026503,0.18234580765231886,0.5223014370448777,0.18234580765231886,0.5223014370448777,1.54457625305479,0.5223014370448777,1.8906611532927589,12.0,0.5223014370448777,win,loss,loss,loss,loss,loss,loss,loss,2024
54868,42236,long,Asia,low,2.558519324986391,2.4797843665768196,False,2.9972261892424994,False,2024-09,96,1.213329229036538,0.35053999070822434,1.213329229036538,0.35053999070822434,1.213329229036538,0.35053999070822434,2.528822818366786,0.35053999070822434,46.0,2.528822818366786,win,win,win,win,win,loss,loss,loss,2024
54868,40240,long,Asia,low,4.2359249329758715,2.4797843665768196,False,2.9972261892424994,False,2024-08,96,0.6723203367341156,0.0174208204656827,0.8863035120120164,0.1780623684769686,1.946044395917224,0.1780623684769686,2.280123315821561,0.1780623684769686,,7.198807182710509,win,win,win,win,win,win,win,win,2024
54885,8377,long,Asia,low,11.789924973204716,11.538461538461538,False,2.2542464622344367,False,2023-04,96,0.8103168792173,0.13536307565527209,1.1735898877538313,0.17684959786001658,1.495376374085618,0.17684959786001658,2.2477184979141978,0.17684959786001658,35.0,2.2477184979141978,win,win,win,win,loss,loss,loss,loss,2023
54885,69892,long,Asia,low,13.105413105413104,11.538461538461538,False,2.2542464622344367,False,2025-11,96,0.14764093818047702,1.115697328446874,0.14764093818047702,1.115697328446874,0.4098551927617512,1.4540587717745193,0.9936503064840132,1.4540587717745193,2.0,0.14764093818047702,loss,loss,loss,loss,loss,loss,loss,loss,2025
54885,55050,long,Asia,low,20.615218564490014,11.538461538461538,False,2.2542464622344367,False,2025-03,96,1.8910041218528637,0.0,1.8910041218528637,0.0,1.8910041218528637,0.0,3.2414701192565274,0.0,,6.5678339812172,win,win,win,win,win,win,win,win,2025
54885,9759,long,Asia,low,19.914346895074946,11.538461538461538,False,2.2542464622344367,False,2023-04,96,0.6665433794780196,0.887822996420153,0.6665433794780196,1.1968768614160614,0.6665433794780196,1.7803174514202535,0.6665433794780196,2.655847135788075,7.0,0.6665433794780196,win,loss,loss,loss,loss,loss,loss,loss,2023
54885,25031,long,Asia,low,14.847161572052403,11.538461538461538,False,2.2542464622344367,False,2023-12,96,0.5126470873658112,0.055340892774232854,0.7331180634180853,0.055340892774232854,1.289204776294927,0.055340892774232854,2.033033980249982,0.055340892774232854,,7.230019862443125,win,win,win,win,win,win,win,win,2023
54993,3262,long,London,mid,59.086078639744954,53.230932203389834,False,3.084138016661178,False,2023-01,96,0.37518036175797304,0.3280929479340721,1.1647299651660528,0.3280929479340721,1.3471557200127446,0.9505581797090622,1.3471557200127446,2.346168367495366,16.0,1.3471557200127446,win,win,loss,loss,loss,loss,loss,loss,2023
54993,27073,long,London,mid,58.328898350186265,53.230932203389834,False,3.084138016661178,False,2024-01,96,0.7395158778278631,0.05225767473851573,0.759829692043704,0.40674148616953615,0.759829692043704,1.3752917425991644,0.759829692043704,1.3752917425991644,11.0,0.759829692043704,win,loss,loss,loss,loss,loss,loss,loss,2024
54993,24513,long,London,mid,59.967845659163984,53.230932203389834,False,3.084138016661178,False,2023-12,96,0.10038770590737696,0.7787556524405339,0.10038770590737696,1.362743346333214,0.10038770590737696,2.3791095845671424,0.10038770590737696,3.037083808167949,6.0,0.10038770590737696,loss,loss,loss,loss,loss,loss,loss,loss,2023
54993,50415,long,London,mid,59.527824620573355,53.230932203389834,False,3.084138016661178,False,2025-01,96,0.45147235080945397,0.3560729745575714,0.45147235080945397,0.8314529172364294,1.4157452228759406,0.8314529172364294,2.019556287094869,0.8314529172364294,,2.019556287094869,win,win,win,win,none,none,none,none,2025
54993,20580,long,London,mid,62.043409211222865,53.230932203389834,False,3.084138016661178,False,2023-10,96,0.2906211528853162,0.2310773345872548,0.2906211528853162,0.5822281305769136,0.34799615660961297,1.1614987867350735,0.7717036583400108,1.1614987867350735,8.0,0.2906211528853162,loss,loss,loss,loss,loss,loss,loss,loss,2023
55253,34865,short,Asia,high,73.99893219434063,80.98290598290599,False,3.4296914829315845,False,2024-05,96,0.49364464451674894,0.14983808336685567,0.49364464451674894,0.5109449320287949,0.49364464451674894,0.5109449320287949,0.49364464451674894,1.1935732257234737,24.0,0.49364464451674894,loss,loss,loss,loss,loss,loss,loss,loss,2024
55253,50099,short,Asia,high,78.43588269120184,80.98290598290599,False,3.4296914829315845,False,2025-01,96,0.18841432743117736,0.7032577287819992,0.18841432743117736,0.7524056645025216,0.18841432743117736,0.7761869237221194,0.18841432743117736,0.815321697665973,,2.068051678943211,win,win,win,win,none,none,none,none,2025
55253,20827,short,Asia,high,73.70967741935483,80.98290598290599,False,3.4296914829315845,False,2023-10,96,0.15231736277073718,0.18211858592154923,0.15231736277073718,0.18355825853752844,1.5754337436674724,0.18355825853752844,1.5754337436674724,0.18355825853752844,,1.5754337436674724,win,win,win,none,none,none,none,none,2023
55253,67420,short,Asia,high,83.4319526627219,80.98290598290599,False,3.4296914829315845,False,2025-10,96,0.04998765820613077,0.5112837842122475,0.04998765820613077,0.8986185791990967,0.04998765820613077,1.1240731192716547,0.04998765820613077,1.3263886598591945,8.0,0.04998765820613077,loss,loss,loss,loss,loss,loss,loss,loss,2025
55253,57165,short,Asia,high,80.83153347732181,80.98290598290599,False,3.4296914829315845,False,2025-05,96,0.2940519388205813,0.22235538685982623,0.44218878445470666,0.22235538685982623,0.6906347507340875,0.22235538685982623,0.7361506522301065,0.22235538685982623,,1.272073371032146,win,win,none,none,none,none,none,none,2025
56153,20265,long,Asia,mid,38.486486486486484,41.252699784017274,False,3.185693036932295,True,2023-10,96,0.4919377476847756,0.4476794443216527,0.7293231929961211,0.4476794443216527,0.8537829066960665,0.4476794443216527,0.8537829066960665,0.7419301036510809,47.0,0.9986282631572182,win,loss,loss,loss,loss,loss,loss,loss,2023
56153,10209,long,Asia,mid,42.357373519913885,41.252699784017274,False,3.185693036932295,True,2023-05,96,0.5113683893886707,0.14972497887509567,0.5503736659366941,0.14972497887509567,0.5503736659366941,0.4367362460725335,0.5503736659366941,1.7441808308339741,19.0,0.5503736659366941,win,loss,loss,loss,loss,loss,loss,loss,2023
56153,7356,long,Asia,mid,50.080775444264944,41.252699784017274,False,3.185693036932295,True,2023-03,96,0.2866966416814087,0.4558324911390066,0.2866966416814087,0.49587900616750774,0.2866966416814087,0.49587900616750774,0.6733578795893552,1.071699351047251,19.0,0.35086208053391904,loss,loss,loss,loss,loss,loss,loss,loss,2023
56153,10207,long,Asia,mid,31.73491379310345,41.252699784017274,False,3.185693036932295,True,2023-05,96,0.09306291523009919,0.5197904289680367,0.3571735230869015,0.5197904289680367,0.3983546737288455,0.5197904289680367,0.3983546737288455,1.892873754897651,20.0,0.3983546737288455,loss,loss,loss,loss,loss,loss,loss,loss,2023
56153,64226,long,Asia,mid,32.97758804695838,41.252699784017274,False,3.185693036932295,True,2025-08,96,0.571874963086463,0.14904468210508795,0.571874963086463,0.44400401593141325,0.571874963086463,0.44400401593141325,0.571874963086463,1.5637263559218622,27.0,0.571874963086463,win,loss,loss,loss,loss,loss,loss,loss,2025
56870,72149,long,New York,mid,55.87618048268625,48.51948051948052,False,1.491798397228851,False,2025-12,96,0.22361410268229734,0.15991741831627762,0.9679733759946673,0.15991741831627762,2.2880353552456203,0.15991741831627762,3.6093586549791614,0.15991741831627762,,4.219026919625046,win,win,win,win,win,win,win,win,2025
56870,5765,long,New York,mid,49.24123495552067,48.51948051948052,False,1.491798397228851,False,2023-02,96,0.9779325529567814,0.03588743313602351,0.9779325529567814,0.03588743313602351,1.043519930757105,0.03588743313602351,1.211200868340934,1.255132036490226,27.0,1.211200868340934,win,win,loss,loss,loss,loss,loss,loss,2023
56870,62801,long,New York,mid,54.09663865546218,48.51948051948052,False,1.491798397228851,False,2025-07,96,0.33940520288546444,0.073045517869475,0.33940520288546444,0.3102223688697093,0.33940520288546444,2.577463273397078,0.33940520288546444,2.577463273397078,10.0,0.33940520288546444,loss,loss,loss,loss,loss,loss,loss,loss,2025
56870,57501,long,New York,mid,43.72384937238494,48.51948051948052,False,1.491798397228851,False,2025-05,96,0.9560585051629114,0.14965818551737897,0.9560585051629114,0.14965818551737897,2.160455158476723,0.14965818551737897,2.6079842077637774,4.614541026078682,17.0,2.6079842077637774,win,win,win,win,win,loss,loss,loss,2025
56870,33535,long,New York,mid,56.52626105044202,48.51948051948052,False,1.491798397228851,False,2024-04,96,0.795077631456279,0.1421283263339915,0.795077631456279,0.8626937109667148,0.795077631456279,0.8626937109667148,0.795077631456279,1.2075020766289113,31.0,0.795077631456279,win,loss,loss,loss,loss,loss,loss,loss,2024
56941,56760,long,Overlap,mid,68.53696906135292,66.91176470588235,False,3.739938600909835,False,2025-04,96,0.3162339535284036,0.20036172230446034,0.3162339535284036,0.20036172230446034,0.4773428599228725,0.20036172230446034,1.4675089626665618,0.20036172230446034,53.0,1.4675089626665618,win,win,loss,loss,loss,loss,loss,loss,2025
56941,49420,long,Overlap,mid,59.692796610169495,66.91176470588235,False,3.739938600909835,False,2024-12,96,0.8739848473304669,0.17300298745504247,1.0258919352110296,0.17300298745504247,1.0905085094981446,0.17300298745504247,1.0905085094981446,0.17300298745504247,,3.2563265142340647,win,win,win,win,win,win,none,none,2024
56941,5555,long,Overlap,mid,65.35809018567639,66.91176470588235,False,3.739938600909835,False,2023-02,96,0.07585662062694432,0.3896222408097701,0.07585662062694432,0.7548658833118966,0.07585662062694432,0.7977460964066047,0.07585662062694432,1.6515412023151854,22.0,0.07585662062694432,loss,loss,loss,loss,loss,loss,loss,loss,2023
56941,56750,long,Overlap,mid,58.671586715867164,66.91176470588235,False,3.739938600909835,False,2025-04,96,0.12445984572049719,0.8077421984929903,0.12445984572049719,1.1514185903882173,0.12445984572049719,1.1514185903882173,0.3259278458349126,1.1514185903882173,5.0,0.12445984572049719,loss,loss,loss,loss,loss,loss,loss,loss,2025
56941,7866,long,Overlap,mid,68.90403775563712,66.91176470588235,False,3.739938600909835,False,2023-03,96,0.022071843853486827,0.7334379241591561,0.022071843853486827,0.7334379241591561,0.022071843853486827,0.7334379241591561,0.022071843853486827,0.7334379241591561,36.0,0.022071843853486827,loss,loss,loss,loss,loss,loss,loss,loss,2023
56957,38924,long,New York,mid,44.87983281086729,47.5,False,1.4257283143463924,False,2024-07,96,0.005192396413743733,0.8893421190859155,0.005192396413743733,1.0964610427004255,1.4581979928572935,1.170019991895041,1.5057949599833214,1.513583554603806,5.0,0.005192396413743733,loss,loss,loss,loss,loss,loss,loss,loss,2024
56957,41499,long,New York,mid,41.856846473029044,47.5,False,1.4257283143463924,False,2024-08,96,0.07433233236749805,0.3375220564181785,0.07433233236749805,0.42250788267556655,0.07433233236749805,1.6062563287502345,0.07433233236749805,2.3415895320084306,13.0,0.07433233236749805,loss,loss,loss,loss,loss,loss,loss,loss,2024
56957,10648,long,New York,mid,53.55106272680145,47.5,False,1.4257283143463924,False,2023-05,96,0.8223098084482505,0.0,0.8223098084482505,0.0,1.1721269181028087,0.7993081354846265,1.1721269181028087,1.772087221236342,16.0,1.1721269181028087,win,win,loss,loss,loss,loss,loss,loss,2023
56957,62710,long,New York,mid,56.01049868766405,47.5,False,1.4257283143463924,False,2025-07,96,0.16399577307458255,0.2532661994377907,0.16399577307458255,0.7963431109385589,0.16399577307458255,1.3581468124911746,0.18235893613505985,2.2724868821054045,9.0,0.16399577307458255,loss,loss,loss,loss,loss,loss,loss,loss,2025
56957,47794,long,New York,mid,44.09740603493913,47.5,False,1.4257283143463924,False,2024-12,96,0.9751665571193165,0.7643794731675078,0.9751665571193165,0.7643794731675078,0.9751665571193165,0.7643794731675078,0.9751665571193165,1.2175013743222853,25.0,0.9751665571193165,win,loss,loss,loss,loss,loss,loss,loss,2024
57100,18285,short,London,mid,38.956891963810534,42.043640234167114,False,3.2905875797801007,False,2023-09,96,0.3073222923119124,0.44476660470402474,1.1886141599711262,0.44476660470402474,2.769356677347151,0.9328667160229692,2.769356677347151,0.9328667160229692,,2.769356677347151,win,win,win,win,win,none,none,none,2023
57100,21491,short,London,mid,48.40425531914894,42.043640234167114,False,3.2905875797801007,False,2023-10,96,0.15510274236831756,0.5564888731837807,0.31753819403668704,0.5564888731837807,0.31753819403668704,0.8684478318835008,1.340132327945008,2.523089626110865,19.0,0.31753819403668704,loss,loss,loss,loss,loss,loss,loss,loss,2023
57100,11254,short,London,mid,42.04124801692226,42.043640234167114,False,3.2905875797801007,False,2023-05,96,1.3646566531274287,0.11229704168893359,1.3646566531274287,0.11229704168893359,1.5060263286533304,0.11229704168893359,1.5060263286533304,0.12012428926042079,,3.815543581482164,win,win,win,win,win,win,win,none,2023
57100,66434,short,London,mid,49.94663820704376,42.043640234167114,False,3.2905875797801007,False,2025-09,96,0.07819761390610798,0.19716103816245353,0.46441199189001264,0.19716103816245353,0.9740603941500685,0.19716103816245353,0.9740603941500685,1.4704485421140532,22.0,0.9740603941500685,win,loss,loss,loss,loss,loss,loss,loss,2025
57100,63970,short,London,mid,50.10559662090813,42.043640234167114,False,3.2905875797801007,False,2025-08,96,0.2927436800765295,0.38947780006824007,0.40251231284675226,0.38947780006824007,0.40251231284675226,0.960946910629298,0.7470661317662919,0.960946910629298,46.0,0.7470661317662919,win,loss,loss,loss,loss,loss,loss,loss,2025
57207,11535,short,Overlap,mid,32.542194092827,39.38753959873284,False,1.2011646410939296,False,2023-05,96,11.073153837318639,0.12842203433953042,11.073153837318639,0.12842203433953042,11.073153837318639,0.12842203433953042,11.177045820155042,0.12842203433953042,,12.253001216475203,win,win,win,win,win,win,win,win,2023
57207,71572,short,Overlap,mid,42.63689526847422,39.38753959873284,False,1.2011646410939296,False,2025-12,96,2.3892623286364176,0.020294175970092046,2.3892623286364176,0.1334776945231338,2.3892623286364176,0.1334776945231338,2.3892623286364176,0.1334776945231338,68.0,3.0900492165628863,win,win,win,win,win,win,loss,loss,2025
57207,57400,short,Overlap,mid,42.879663688912245,39.38753959873284,False,1.2011646410939296,False,2025-05,96,1.153624835718014,0.015738893301280064,1.5655993786961973,0.015738893301280064,1.5655993786961973,0.2097718145348022,1.5655993786961973,2.3321195257364273,18.0,1.5655993786961973,win,win,win,loss,loss,loss,loss,loss,2025
57207,61673,short,Overlap,mid,36.7828418230563,39.38753959873284,False,1.2011646410939296,False,2025-07,96,0.028442184863956277,1.72184611445611,0.028442184863956277,3.594256801933194,0.028442184863956277,4.387455635761464,0.028442184863956277,5.174687577660104,1.0,0.028442184863956277,loss,loss,loss,loss,loss,loss,loss,loss,2025
57207,21692,short,Overlap,mid,43.542435424354245,39.38753959873284,False,1.2011646410939296,False,2023-10,96,2.9398508453187033,1.1649717356054339,2.9398508453187033,1.1649717356054339,2.9398508453187033,1.1649717356054339,2.9398508453187033,11.441402364607708,0.0,0.8651042956888263,ambiguous,loss,loss,loss,loss,loss,loss,loss,2023
57348,40878,long,Asia,low,22.21624529316837,24.905456509994597,False,3.0400034922806953,False,2024-08,96,0.00515377076002585,0.798708766083785,0.00515377076002585,0.798708766083785,0.0360763953204096,0.9613667993403587,0.0360763953204096,1.8757211532108522,18.0,0.0360763953204096,loss,loss,loss,loss,loss,loss,loss,loss,2024
57348,27315,long,Asia,low,15.555555555555555,24.905456509994597,False,3.0400034922806953,False,2024-01,96,0.2022285081093393,0.06909474027068294,0.2022285081093393,0.22118743074457187,0.2022285081093393,0.47586895814472613,0.7752092810857846,0.6688286596324153,41.0,1.510604824637528,win,ambiguous,ambiguous,loss,loss,loss,loss,loss,2024
57348,16336,long,Asia,low,17.937701396348015,24.905456509994597,False,3.0400034922806953,False,2023-08,96,0.05606339352143061,0.5107998076393733,0.05606339352143061,0.5178077318295594,0.07059834739735925,0.8427677720554339,0.25124705985517776,1.2814119158108381,16.0,0.07059834739735925,loss,loss,loss,loss,loss,loss,loss,loss,2023
57348,43528,long,Asia,low,18.16711590296496,24.905456509994597,False,3.0400034922806953,False,2024-10,96,0.03535971257653501,0.7703595562704122,0.03535971257653501,0.8531334288928104,0.7370892812551338,0.8531334288928104,1.5342900738904723,0.8531334288928104,,5.373711955840699,win,win,win,win,win,win,win,win,2024
57348,15519,long,Asia,low,27.12137486573577,24.905456509994597,False,3.0400034922806953,False,2023-07,96,0.2737428310766057,0.389151780516509,0.500191126079941,0.4629209753700377,0.6682923575579957,0.4629209753700377,1.1093653135462611,1.5810254966690076,28.0,1.1093653135462611,win,win,loss,loss,loss,loss,loss,loss,2023
57377,71549,long,London,low,13.832077502691064,17.872340425531917,False,2.4253981103333873,False,2025-12,96,0.27000562013034185,0.2265301389229788,0.27000562013034185,0.6948695756991137,0.47837791800572643,0.6948695756991137,0.47837791800572643,2.433667386910599,22.0,0.47837791800572643,loss,loss,loss,loss,loss,loss,loss,loss,2025
57377,40267,long,London,low,10.62367864693446,17.872340425531917,False,2.4253981103333873,False,2024-08,96,0.36264256716194837,0.4562900905618814,0.5617094414809641,0.4562900905618814,2.987057308294883,0.4562900905618814,5.123380454672057,0.4562900905618814,,6.100090740938282,win,win,win,win,win,win,win,win,2024
57377,65069,long,London,low,10.11116993118052,17.872340425531917,False,2.4253981103333873,False,2025-08,96,0.23416903979230808,0.36872886116540277,0.8416105191340998,0.36872886116540277,5.39916914434508,0.36872886116540277,7.6365319924499815,0.36872886116540277,,14.588032167000138,win,win,win,win,win,win,win,win,2025
57377,21866,long,London,low,21.0386857445681,17.872340425531917,False,2.4253981103333873,False,2023-10,96,0.6803200361162152,0.2811128658527068,0.7728586254495537,0.2811128658527068,1.7568881596974983,0.7889990770774445,2.7939121767904305,3.8298601637748004,20.0,2.7939121767904305,win,win,win,win,win,loss,loss,loss,2023
57377,36613,long,London,low,26.481580352375865,17.872340425531917,False,2.4253981103333873,False,2024-06,96,0.08034860950175349,0.43593394516888295,0.08034860950175349,0.7723723781462296,0.7243341669335138,0.9065716514628904,0.9529003177926315,2.071626489237694,21.0,0.9529003177926315,win,loss,loss,loss,loss,loss,loss,loss,2024
57437,49034,short,Asia,low,0.7061379684953829,7.792207792207792,False,1.2240736020263332,False,2024-12,96,0.28991623803662137,1.4626013805149758,0.371509430777552,1.4626013805149758,2.176107810653072,1.4626013805149758,2.9642633320225973,1.4626013805149758,1.0,0.28991623803662137,loss,loss,loss,loss,loss,loss,loss,loss,2024
57437,28429,short,Asia,low,0.8086253369272237,7.792207792207792,False,1.2240736020263332,False,2024-02,96,0.17581166992410524,1.186947443218805,0.256282683023574,1.4546010302674488,1.6933900147911296,3.430514275832191,2.9844249640845177,3.694669123180936,3.0,0.17581166992410524,loss,loss,loss,loss,loss,loss,loss,loss,2024
57437,22837,short,Asia,low,6.175514626218852,7.792207792207792,False,1.2240736020263332,False,2023-11,96,0.27541177719513854,1.357434950991579,0.27541177719513854,1.4278104419702307,0.27541177719513854,3.7292243344537535,0.27541177719513854,7.140405584677172,0.0,0.06360861684609777,loss,loss,loss,loss,loss,loss,loss,loss,2023
57437,58918,short,Asia,low,17.05217859064013,7.792207792207792,False,1.2240736020263332,False,2025-05,96,1.735024777545666,0.0,1.735024777545666,1.3475162589497036,1.735024777545666,2.327441172339903,1.8806591467876812,2.5956059901018014,7.0,1.735024777545666,win,win,win,loss,loss,loss,loss,loss,2025
57437,8187,short,Asia,low,11.935483870967742,7.792207792207792,False,1.2240736020263332,False,2023-04,96,1.325189292174556,0.0,1.325189292174556,0.3244836800007596,1.8168000656782621,1.0192181517617127,1.8168000656782621,2.0194095267246266,14.0,1.8168000656782621,win,win,win,loss,loss,loss,loss,loss,2023
57440,39039,long,Asia,mid,60.48780487804878,54.889249054565106,False,3.688380347408805,False,2024-07,96,0.29281056851076703,0.07753156913724489,0.29281056851076703,0.07753156913724489,0.3784163161152611,0.22675795189325249,0.3784163161152611,0.5378570210286236,65.0,1.6192132600870748,win,win,win,loss,loss,loss,loss,loss,2024
57440,50754,long,Asia,mid,60.857142857142854,54.889249054565106,False,3.688380347408805,False,2025-01,96,0.3982124370523982,0.2061966228433082,0.567807243015523,0.2061966228433082,1.4710672632496127,0.2061966228433082,1.4710672632496127,0.2061966228433082,,1.4710672632496127,win,win,none,none,none,none,none,none,2025
57440,29323,long,Asia,mid,52.663043478260875,54.889249054565106,False,3.688380347408805,False,2024-02,96,0.10897683101317238,0.11297598077510489,0.20445653157977517,0.11297598077510489,0.5048926574463474,0.11297598077510489,0.9642949863505135,0.11297598077510489,54.0,0.9642949863505135,win,loss,loss,loss,loss,loss,loss,loss,2024
57440,53211,long,Asia,mid,62.4525230602279,54.889249054565106,False,3.688380347408805,False,2025-02,96,0.08295132968116713,0.7964721789386272,0.08295132968116713,1.2679703251263574,0.08295132968116713,1.2679703251263574,0.08295132968116713,1.6788233815471942,5.0,0.08295132968116713,loss,loss,loss,loss,loss,loss,loss,loss,2025
57440,70534,long,Asia,mid,56.17250673854447,54.889249054565106,False,3.688380347408805,False,2025-11,96,0.05674269457485319,0.23083959838405504,0.1455822668890269,0.27557462173322345,0.21384544793815657,0.8030237599403693,0.21384544793815657,1.0057499323759813,20.0,0.21384544793815657,loss,loss,loss,loss,loss,loss,loss,loss,2025
57486,61052,long,Overlap,mid,48.516949152542374,41.80284659989457,False,2.2927503452894853,False,2025-06,96,0.43102779428319127,0.4898324902774227,0.5358843606344063,0.4898324902774227,1.2270166611451387,0.4898324902774227,2.6473626165002977,0.4898324902774227,,6.492073862281161,win,win,win,win,win,win,win,win,2025
57486,62322,long,Overlap,mid,38.40848806366048,41.80284659989457,False,2.2927503452894853,False,2025-07,96,0.4454840348892922,0.5128218583447828,0.4454840348892922,0.5128218583447828,0.4454840348892922,0.5877082278460698,0.4454840348892922,1.247666824986989,29.0,0.4454840348892922,loss,loss,loss,loss,loss,loss,loss,loss,2025
57486,15544,long,Overlap,mid,50.344462109167985,41.80284659989457,False,2.2927503452894853,False,2023-07,96,0.33400682416922534,2.2252586936603462,0.33400682416922534,2.665368643000835,0.613072578044334,2.665368643000835,1.5674193175984172,2.665368643000835,2.0,0.33400682416922534,loss,loss,loss,loss,loss,loss,loss,loss,2023
57486,26447,long,Overlap,mid,47.17975751186083,41.80284659989457,False,2.2927503452894853,False,2024-01,96,2.3451511243018612,2.8882124100710644,2.3451511243018612,2.8882124100710644,2.3451511243018612,5.457686294225598,2.3451511243018612,5.536404017257074,0.0,2.3451511243018612,ambiguous,ambiguous,ambiguous,ambiguous,loss,loss,loss,loss,2024
57486,57400,long,Overlap,mid,42.879663688912245,41.80284659989457,False,2.2927503452894853,False,2025-05,96,0.008245556330321152,0.6043803960597868,0.008245556330321152,0.8202125537445106,0.10989878895231568,0.8202125537445106,1.2217900299849922,0.8202125537445106,,5.001087272290413,win,win,win,win,win,win,win,win,2025
57621,4514,long,Asia,low,17.33477789815818,20.346320346320347,False,0.7103354959985789,False,2023-02,96,1.5291314795740356,1.1911925819442968,1.5291314795740356,1.7611492301856608,2.6253312868111838,1.7611492301856608,3.536589408778409,3.7005149934497634,3.0,1.5291314795740356,win,win,win,loss,loss,loss,loss,loss,2023
57621,71343,long,Asia,low,26.4161220043573,20.346320346320347,False,0.7103354959985789,False,2025-12,96,1.263453997975071,0.6999630766217243,1.263453997975071,0.823396490940641,1.263453997975071,4.002676159048002,2.8776501274832933,4.002676159048002,8.0,1.263453997975071,win,win,loss,loss,loss,loss,loss,loss,2025
57621,61440,long,Asia,low,10.958149779735683,20.346320346320347,False,0.7103354959985789,False,2025-07,96,0.994420698846255,6.233083012522411,0.994420698846255,7.907630017716468,0.994420698846255,8.176301030658793,0.994420698846255,10.43296856389465,0.0,0.3649870364499849,loss,loss,loss,loss,loss,loss,loss,loss,2025
57621,3774,long,Asia,low,28.935939196525517,20.346320346320347,False,0.7103354959985789,False,2023-01,96,0.36570944714048736,1.5299616744296838,2.4064298852981243,1.5299616744296838,2.4064298852981243,1.5299616744296838,2.5283330343450703,9.104930771530722,2.0,0.27543939373240905,loss,loss,loss,loss,loss,loss,loss,loss,2023
57621,61194,long,Asia,low,17.388949079089926,20.346320346320347,False,0.7103354959985789,False,2025-07,96,0.9170304735155844,0.5752866405114375,1.3691179265805005,0.5752866405114375,1.5912335630783598,4.260906390181799,2.933926156699114,4.260906390181799,8.0,1.5912335630783598,win,win,ambiguous,loss,loss,loss,loss,loss,2025
57901,29140,short,Asia,mid,38.13145029875068,30.99352051835853,False,3.4463765180122423,False,2024-02,96,0.14042789340212677,0.22046769853368442,0.360076770399958,0.22046769853368442,0.360076770399958,0.5963067834991886,0.360076770399958,1.555760918157878,23.0,0.360076770399958,loss,loss,loss,loss,loss,loss,loss,loss,2024
57901,25580,short,Asia,mid,34.71474703982777,30.99352051835853,False,3.4463765180122423,False,2023-12,96,0.20299345576464192,0.1111938674889009,0.2172159271875964,0.1111938674889009,0.4533412766080715,0.1111938674889009,2.332646932364925,0.1111938674889009,,3.6551751557101873,win,win,win,win,win,win,win,none,2023
57901,45748,short,Asia,mid,37.49330476700589,30.99352051835853,False,3.4463765180122423,False,2024-11,96,0.6402606481662435,0.010842499312297563,0.7150517658715054,0.36134288524469843,1.0740712584064545,0.36134288524469843,1.0740712584064545,0.5806269019486069,,1.861037560533037,win,win,win,none,none,none,none,none,2024
57901,25750,short,Asia,mid,39.208242950108456,30.99352051835853,False,3.4463765180122423,False,2024-01,96,0.28764491395599157,0.8741781912733673,0.28764491395599157,0.9189958298756694,0.28764491395599157,1.0072256759045197,0.28764491395599157,1.9732253706556495,15.0,0.28764491395599157,loss,loss,loss,loss,loss,loss,loss,loss,2024
57901,14417,short,Asia,mid,31.74689021092482,30.99352051835853,False,3.4463765180122423,False,2023-07,96,0.15974295129509233,0.4642918506472698,0.16161007669984323,0.4642918506472698,0.16161007669984323,0.5732074992575815,2.307144625133479,0.5732074992575815,76.0,2.307144625133479,win,win,win,win,loss,loss,loss,loss,2023
57944,71382,short,Overlap,low,19.573333333333334,12.559366754617415,False,1.7294261958276038,False,2025-12,96,0.1729038392028555,1.8072385190823355,0.1729038392028555,2.5072016195180002,0.1729038392028555,3.0733129687394016,0.1729038392028555,3.0733129687394016,2.0,0.1729038392028555,loss,loss,loss,loss,loss,loss,loss,loss,2025
57944,71290,short,Overlap,low,9.546666666666667,12.559366754617415,False,1.7294261958276038,False,2025-12,96,0.0,3.1805598262021193,0.6703834661925893,3.2719216291193742,1.6881366309176884,3.2719216291193742,1.7458331249400147,3.2719216291193742,0.0,0.0,loss,loss,loss,loss,loss,loss,loss,loss,2025
57944,69664,short,Overlap,low,16.028840820854132,12.559366754617415,False,1.7294261958276038,False,2025-11,96,0.7130920222260682,1.260310604898831,0.7130920222260682,2.6827513841424135,0.7130920222260682,2.6827513841424135,0.7130920222260682,2.6827513841424135,3.0,0.7130920222260682,win,loss,loss,loss,loss,loss,loss,loss,2025
57944,59684,short,Overlap,low,19.163578613022764,12.559366754617415,False,1.7294261958276038,False,2025-06,96,0.6109727990133419,1.364822311450807,0.6109727990133419,1.4049127179273437,0.6109727990133419,2.8288090551208462,0.6109727990133419,2.8288090551208462,3.0,0.6109727990133419,win,loss,loss,loss,loss,loss,loss,loss,2025
57944,10432,short,Overlap,low,22.192936215076436,12.559366754617415,False,1.7294261958276038,False,2023-05,96,2.187039480342237,0.20613249191884506,2.187039480342237,0.330205870812618,2.187039480342237,1.0152353463452934,2.187039480342237,2.648211695542714,15.0,2.187039480342237,win,win,win,win,loss,loss,loss,loss,2023
57988,64121,short,Asia,low,1.5045674368619022,3.8419913419913416,False,1.784493496578527,False,2025-08,96,0.005094262081223917,1.27356552030977,0.005094262081223917,1.8411126276332743,0.15259630506976246,1.8411126276332743,1.0542806934491336,1.8411126276332743,2.0,0.005094262081223917,loss,loss,loss,loss,loss,loss,loss,loss,2025
57988,28429,short,Asia,low,0.8086253369272237,3.8419913419913416,False,1.784493496578527,False,2024-02,96,0.12059804336350186,0.8141867902699041,0.1757971477885038,0.9977838115098663,1.1615811539885812,2.353161821251771,2.04716678585188,2.53435888142983,8.0,0.1757971477885038,loss,loss,loss,loss,loss,loss,loss,loss,2024
57988,61826,short,Asia,low,5.070883315158124,3.8419913419913416,False,1.784493496578527,False,2025-07,96,0.1924321961071131,2.0699513652953176,0.1924321961071131,2.4758863371220126,0.1924321961071131,2.4758863371220126,0.1924321961071131,4.4895251799131,2.0,0.1924321961071131,loss,loss,loss,loss,loss,loss,loss,loss,2025
57988,26677,short,Asia,low,4.376012965964344,3.8419913419913416,False,1.784493496578527,False,2024-01,96,0.7033594333420834,0.1925027289604439,0.7571774005783234,0.2417668681998748,2.9525364794556013,0.7041874020686818,5.627703435462513,0.7041874020686818,,12.378132464346491,win,win,win,win,win,win,win,win,2024
57988,33922,short,Asia,low,3.297297297297298,3.8419913419913416,False,1.784493496578527,False,2024-05,96,0.5129023150394005,0.7770015965483775,1.6899963977835395,0.7770015965483775,1.6899963977835395,0.7770015965483775,3.5936622595208707,0.7770015965483775,,4.753787067163542,win,win,win,win,win,win,win,win,2024
58035,41285,short,Overlap,mid,37.46048472075869,31.29287598944591,False,2.908514943986711,False,2024-08,96,0.6275225716195504,0.5582837280610949,0.6275225716195504,1.154831027562415,0.6275225716195504,1.430693156898109,0.6275225716195504,2.113120916743016,5.0,0.6275225716195504,win,loss,loss,loss,loss,loss,loss,loss,2024
58035,62776,short,Overlap,mid,32.35763704097924,31.29287598944591,False,2.908514943986711,False,2025-07,96,0.5820505172725428,0.21766574292073676,0.5820505172725428,0.5673683468773671,1.7499504350666504,0.5673683468773671,1.7499504350666504,0.5673683468773671,,1.8665864180656893,win,win,win,none,none,none,none,none,2025
58035,43845,short,Overlap,mid,31.118143459915608,31.29287598944591,False,2.908514943986711,False,2024-10,96,3.7448403247419306,0.18787327042572913,3.7448403247419306,0.18787327042572913,3.7448403247419306,1.98845069418592,3.7448403247419306,1.98845069418592,11.0,3.7448403247419306,win,win,win,win,win,win,win,loss,2024
58035,61584,short,Overlap,mid,35.224839400428266,31.29287598944591,False,2.908514943986711,False,2025-07,96,1.402454933660585,0.3829138668342026,2.8960328407860256,0.3829138668342026,2.8960328407860256,0.3829138668342026,2.8960328407860256,0.3829138668342026,,3.261429385103957,win,win,win,win,win,win,none,none,2025
58035,64261,short,Overlap,mid,33.368255631220535,31.29287598944591,False,2.908514943986711,False,2025-08,96,0.2911731594083256,0.21364124819470234,0.305086558299713,0.21364124819470234,0.456520798407505,0.21364124819470234,0.8774515257377841,0.45581504628986513,71.0,0.8774515257377841,win,loss,loss,loss,loss,loss,loss,loss,2025
58086,14302,short,Asia,low,16.046002190580506,20.819848975188783,False,2.8684616268084993,False,2023-07,96,0.31214101767290253,0.19648162273166606,0.4147016377654204,0.23243357923146857,0.4147016377654204,0.6072814977762037,0.4147016377654204,1.4185694463886376,19.0,0.4147016377654204,loss,loss,loss,loss,loss,loss,loss,loss,2023
58086,7814,short,Asia,low,26.79245283018868,20.819848975188783,False,2.8684616268084993,False,2023-03,96,0.31976288899486377,0.22187228678105603,0.6322673565830893,0.22187228678105603,1.1848882512447294,0.22187228678105603,2.0435398862940604,0.22187228678105603,,2.6948360773755673,win,win,win,win,win,none,none,none,2023
58086,8742,short,Asia,low,13.955984970477726,20.819848975188783,False,2.8684616268084993,False,2023-04,96,0.008832890868390543,0.36273738499464325,0.41082756861138164,0.36273738499464325,0.4198567459434646,1.6103341485368536,0.4198567459434646,2.2932147558942177,10.0,0.4198567459434646,loss,loss,loss,loss,loss,loss,loss,loss,2023
58086,59382,short,Asia,low,14.975845410628018,20.819848975188783,False,2.8684616268084993,False,2025-06,96,0.1315716698050902,0.6591828960369138,0.33901044898883836,0.6591828960369138,0.33901044898883836,0.6591828960369138,0.925564017230655,2.0844690663136447,31.0,0.925564017230655,win,loss,loss,loss,loss,loss,loss,loss,2025
58086,33303,short,Asia,low,13.120000000000001,20.819848975188783,False,2.8684616268084993,False,2024-04,96,0.37183595028677496,0.8290284156621307,0.37183595028677496,1.2317963140773684,0.37183595028677496,1.5124025945675004,1.6042848371094243,1.5124025945675004,4.0,0.37183595028677496,loss,loss,loss,loss,loss,loss,loss,loss,2024
58386,72374,long,London,low,14.44743935309973,14.643237486687966,False,1.4600098507450923,False,2025-12,96,0.8482424597077203,0.08268016706223164,1.208671933748427,0.08268016706223164,1.208671933748427,0.6066482088343891,4.1969293616036145,0.7336113128317355,,13.366440160555593,win,win,win,win,win,win,win,win,2025
58386,62310,long,London,low,21.30272290443139,14.643237486687966,False,1.4600098507450923,False,2025-07,96,0.8979744070538676,0.4048658592402829,1.9117148174505147,0.4048658592402829,2.0064706568471746,0.4048658592402829,2.0064706568471746,0.4048658592402829,41.0,2.0064706568471746,win,win,win,win,loss,loss,loss,loss,2025
58386,45029,long,London,low,23.248407643312103,14.643237486687966,False,1.4600098507450923,False,2024-10,96,0.039362248716624776,1.2095990299035395,0.039362248716624776,1.4095707460110813,0.039362248716624776,4.759671622180909,0.039362248716624776,13.047005213282443,1.0,0.039362248716624776,loss,loss,loss,loss,loss,loss,loss,loss,2024
58386,59402,long,London,low,22.14551248008497,14.643237486687966,False,1.4600098507450923,False,2025-06,96,0.9501138907406924,0.7294289711113974,1.806178881153396,0.7294289711113974,4.812718727019735,0.7294289711113974,4.812718727019735,0.7294289711113974,,7.419000752922794,win,win,win,win,win,win,win,win,2025
58386,18455,long,London,low,23.002680965147455,14.643237486687966,False,1.4600098507450923,False,2023-09,96,0.763787997650907,0.4440627893320094,1.2447421571736301,0.4440627893320094,1.2447421571736301,0.944828980994,3.803226997247621,3.5190268120752157,18.0,1.378644167495204,win,win,loss,loss,loss,loss,loss,loss,2023
58450,46740,long,Asia,low,2.057390362750406,7.027027027027027,False,1.4905199489270848,False,2024-11,96,1.5470789982904538,0.6265860342147248,3.744630459724247,0.6265860342147248,4.236552423602169,0.6265860342147248,4.738859791362173,0.6265860342147248,,9.742547381715774,win,win,win,win,win,win,win,win,2024
58450,43726,long,Asia,low,16.265382557517388,7.027027027027027,False,1.4905199489270848,False,2024-10,96,1.3666284924836827,0.4729619419775927,1.5845878769335562,1.286919521842549,1.5845878769335562,3.883579806084898,1.5845878769335562,3.883579806084898,7.0,1.5845878769335562,win,win,win,loss,loss,loss,loss,loss,2024
58450,41342,long,Asia,low,11.540526033279656,7.027027027027027,False,1.4905199489270848,False,2024-08,96,0.09185502572190432,1.6472472924849553,0.09185502572190432,3.0449648494897006,0.09185502572190432,3.687364965685209,0.09185502572190432,4.427178214254655,2.0,0.09185502572190432,loss,loss,loss,loss,loss,loss,loss,loss,2024
58450,45200,long,Asia,low,14.003206841261356,7.027027027027027,False,1.4905199489270848,False,2024-10,96,1.244208713503408,1.0690280195465653,1.244208713503408,1.0690280195465653,1.244208713503408,3.5030056128410307,1.244208713503408,3.5030056128410307,1.0,0.1192201944984432,loss,loss,loss,loss,loss,loss,loss,loss,2024
58450,64496,long,Asia,low,0.588865096359743,7.027027027027027,False,1.4905199489270848,False,2025-08,96,1.0445176910413054,0.061035069898181166,1.0445176910413054,0.9630327265895886,1.3160293679595052,0.9630327265895886,2.4533581188974285,3.83608560447778,21.0,1.5384612979492767,win,win,win,loss,loss,loss,loss,loss,2025
58470,40047,long,Asia,mid,32.27370689655172,32.72727272727273,False,2.536888264869965,False,2024-08,96,0.39281440102143417,0.07133333594472523,1.1296506515027958,0.07133333594472523,1.1530160987294116,0.07133333594472523,1.7379769422378322,0.07133333594472523,,5.631760000648154,win,win,win,win,win,win,win,win,2024
58470,30543,long,Asia,mid,34.656652360515025,32.72727272727273,False,2.536888264869965,False,2024-03,96,0.09001170943244788,0.3320192395828675,0.35384842660093274,0.3320192395828675,0.8769404266255235,0.3320192395828675,0.8769404266255235,2.969038930588052,22.0,0.8769404266255235,win,loss,loss,loss,loss,loss,loss,loss,2024
58470,20263,long,Asia,mid,35.714285714285715,32.72727272727273,False,2.536888264869965,False,2023-10,96,0.18347074636882132,0.589603532754266,0.5410479477038813,0.673882155377431,0.9707648753994904,0.673882155377431,1.0089156922247307,1.0543498468076666,24.0,1.0089156922247307,win,win,loss,loss,loss,loss,loss,loss,2023
58470,10210,long,Asia,mid,37.8698224852071,32.72727272727273,False,2.536888264869965,False,2023-05,96,0.7861471908146236,0.06547929546043348,0.8363941426181495,0.06547929546043348,0.8363941426181495,0.4352098187700895,0.8363941426181495,2.1194718174103255,17.0,0.8363941426181495,win,loss,loss,loss,loss,loss,loss,loss,2023
58470,8103,long,Asia,mid,42.558886509635975,32.72727272727273,False,2.536888264869965,False,2023-04,96,0.19049664377115189,0.35306269973745213,0.97405834356743,0.35306269973745213,2.3505178503599904,0.35306269973745213,4.51137530209263,0.35306269973745213,,6.27919753621141,win,win,win,win,win,win,win,win,2023
58497,62327,short,Overlap,mid,40.68783068783069,47.75962045334739,False,1.863863242629754,False,2025-07,96,0.3520964928807151,0.24856439757953208,0.5111078122462058,0.40772133170630986,0.6615278606935697,0.40772133170630986,1.4118807257945465,0.40772133170630986,52.0,1.4118807257945465,win,win,loss,loss,loss,loss,loss,loss,2025
58497,22714,short,Overlap,mid,54.16885159937074,47.75962045334739,False,1.863863242629754,False,2023-11,96,0.07053845960253259,2.1190275771710656,0.07053845960253259,2.816835820127972,0.07053845960253259,2.816835820127972,0.07053845960253259,2.816835820127972,1.0,0.07053845960253259,loss,loss,loss,loss,loss,loss,loss,loss,2023
58497,2726,short,Overlap,mid,56.5331928345627,47.75962045334739,False,1.863863242629754,False,2023-01,96,0.19124609896198422,2.2007690621999814,0.19124609896198422,2.395416254577197,0.19124609896198422,2.395416254577197,0.19124609896198422,2.395416254577197,1.0,0.19124609896198422,loss,loss,loss,loss,loss,loss,loss,loss,2023
58497,70209,short,Overlap,mid,52.002107481559534,47.75962045334739,False,1.863863242629754,False,2025-11,96,0.4790519733990003,0.7103911722319425,0.4790519733990003,0.7103911722319425,0.9483908086512395,0.7103911722319425,3.4621509610369494,0.7103911722319425,,3.951415605401714,win,win,win,win,win,win,win,none,2025
58497,22433,short,Overlap,mid,53.25972660357519,47.75962045334739,False,1.863863242629754,False,2023-11,96,2.9410927237356175,0.07511423862774713,2.9410927237356175,0.07511423862774713,2.9471759191174214,0.07511423862774713,3.888748769521965,0.07511423862774713,,4.634865907440895,win,win,win,win,win,win,win,win,2023
58573,33494,short,London,low,21.572794899043572,14.300903774587987,False,2.224385386662351,False,2024-04,96,0.2738707235406676,0.7537683410433806,0.2738707235406676,0.866685427514553,1.2199412298037056,0.866685427514553,3.012889884600855,0.866685427514553,,4.814104569208725,win,win,win,win,win,win,win,win,2024
58573,40265,short,London,low,11.904761904761903,14.300903774587987,False,2.224385386662351,False,2024-08,96,0.919237698494448,0.008068426420774145,0.919237698494448,0.1679358522458733,0.919237698494448,2.424093044876576,0.919237698494448,4.955327287107682,11.0,0.919237698494448,win,loss,loss,loss,loss,loss,loss,loss,2024
58573,47753,short,London,low,8.279220779220779,14.300903774587987,False,2.224385386662351,False,2024-12,96,0.40064980076212825,0.6575298935120544,0.40064980076212825,0.6637656880764565,0.40064980076212825,1.5199749250705787,1.138552157548559,3.160162112021375,10.0,0.40064980076212825,loss,loss,loss,loss,loss,loss,loss,loss,2024
58573,17644,short,London,low,21.519659936238046,14.300903774587987,False,2.224385386662351,False,2023-08,96,0.33640108901594007,0.3217414085312975,0.41355730209300184,0.3217414085312975,0.5659408229201571,0.6650865567240951,0.8151553911589937,4.3145754352683,17.0,0.5659408229201571,win,loss,loss,loss,loss,loss,loss,loss,2023
58573,14074,short,London,low,11.846318036286018,14.300903774587987,False,2.224385386662351,False,2023-07,96,0.2573496780774118,0.29074343038095385,0.5495450107323933,0.41705892822432367,1.0961862169167313,0.41705892822432367,1.8733169091083108,0.41705892822432367,92.0,3.016326974363587,win,win,win,win,win,win,loss,loss,2023
58749,33295,short,Asia,low,5.195500803427959,5.3361792956243335,False,0.6896549589944969,False,2024-04,96,1.1572099662579123,1.619732136200697,1.1572099662579123,4.360492582600973,1.1572099662579123,8.768624345678814,1.1572099662579123,10.065133687760243,1.0,0.5017189640054768,win,loss,loss,loss,loss,loss,loss,loss,2024
58749,29343,short,Asia,low,13.064516129032258,5.3361792956243335,False,0.6896549589944969,False,2024-02,96,0.48231401491002396,3.357997575504891,0.48231401491002396,5.58886239918505,1.3624395892872698,5.58886239918505,9.223768020985878,5.58886239918505,0.0,0.48231401491002396,loss,loss,loss,loss,loss,loss,loss,loss,2024
58749,37855,short,Asia,low,6.840390879478828,5.3361792956243335,False,0.6896549589944969,False,2024-07,96,2.4386388860837984,0.40196392296366557,2.8267419841176147,1.8911363013573042,3.2356363195464017,2.1631549906041725,15.706047248560807,17.015895204425085,5.0,2.8267419841176147,win,win,win,win,win,loss,loss,loss,2024
58749,33926,short,Asia,low,8.95361380798274,5.3361792956243335,False,0.6896549589944969,False,2024-05,96,2.9075957485323776,0.3862015219758682,2.9075957485323776,0.3862015219758682,2.9075957485323776,0.3862015219758682,7.554265117925984,0.3862015219758682,,10.38602068842676,win,win,win,win,win,win,win,win,2024
58749,37302,short,Asia,low,2.9331884845192833,5.3361792956243335,False,0.6896549589944969,False,2024-06,96,0.4482870972225019,1.3757472137209228,0.4482870972225019,2.3358581621035017,1.8187395814483927,2.3358581621035017,1.8187395814483927,14.442257151862982,2.0,0.4482870972225019,loss,loss,loss,loss,loss,loss,loss,loss,2024
58810,61551,short,Asia,low,9.100817438692097,2.441671188279978,False,2.7996246846169726,False,2025-07,96,0.007692630145504607,0.7736588032032214,0.007692630145504607,0.7736588032032214,0.6932158708247075,1.0927930595245516,1.0567475925571312,1.0927930595245516,8.0,0.007692630145504607,loss,loss,loss,loss,loss,loss,loss,loss,2025
58810,3674,short,Asia,low,7.251908396946565,2.441671188279978,False,2.7996246846169726,False,2023-01,96,0.48102885564675557,0.4883554506119626,0.48102885564675557,0.6338767850933398,2.053720361109531,0.7091638643909944,2.7972434294752855,0.7091638643909944,72.0,4.326733288763834,win,win,win,win,win,win,win,win,2023
58810,13680,short,Asia,low,10.01082251082251,2.441671188279978,False,2.7996246846169726,False,2023-06,96,0.03621521724824007,0.2984246196504737,0.05053286127660514,0.4393551549886763,1.7346808323801115,0.4393551549886763,2.6964896253457487,0.4393551549886763,,3.5586363863490322,win,win,win,win,win,win,win,none,2023
58810,71608,short,Asia,low,1.2602739726027399,2.441671188279978,False,2.7996246846169726,False,2025-12,96,0.14703945726826628,0.5794186114742346,0.38198017116083555,0.5794186114742346,0.5172259270093448,0.7053312223144774,1.729856003915233,0.7053312223144774,32.0,1.729856003915233,win,win,win,loss,loss,loss,loss,loss,2025
58810,37299,short,Asia,low,2.067464635473341,2.441671188279978,False,2.7996246846169726,False,2024-06,96,0.5520046579598494,0.10852897393076538,0.5520046579598494,0.179618794636934,0.5520046579598494,0.4220818821865731,0.6271058165115142,3.1613799264509255,26.0,0.6271058165115142,win,loss,loss,loss,loss,loss,loss,loss,2024
59265,13946,short,Asia,low,5.44069640914037,7.616974972796518,False,2.0290462908200846,False,2023-07,96,0.03210456448517518,1.0096473933610206,0.6816045998393053,1.0096473933610206,0.6816045998393053,1.778922150063797,2.5753623074847263,1.778922150063797,0.0,0.03210456448517518,loss,loss,loss,loss,loss,loss,loss,loss,2023
59265,26303,short,Asia,low,13.929539295392953,7.616974972796518,False,2.0290462908200846,False,2024-01,96,1.1815195328263126,0.08294857714309627,1.1815195328263126,0.6705562976247763,1.1815195328263126,0.6705562976247763,2.3371591095839124,1.734288850907811,30.0,2.3371591095839124,win,win,win,win,loss,loss,loss,loss,2024
59265,64498,short,Asia,low,0.9090909090909091,7.616974972796518,False,2.0290462908200846,False,2025-08,96,1.111138026975661,0.2436209216803127,1.111138026975661,0.33041795703243315,1.111138026975661,0.5305270489801701,3.180669428636133,1.9249452174445116,27.0,3.180669428636133,win,win,win,win,win,win,loss,loss,2025
59265,29056,short,Asia,low,12.439156300703083,7.616974972796518,False,2.0290462908200846,False,2024-02,96,0.23260509405483282,0.34538332147553996,0.5418641395597745,0.7141152603466934,1.165668709979772,0.7141152603466934,2.065691829589971,0.7141152603466934,,4.682058597757041,win,win,win,win,win,win,win,win,2024
59265,18349,short,Asia,low,11.561318206374931,7.616974972796518,False,2.0290462908200846,False,2023-09,96,0.21311960542192265,0.7902734607142827,0.5414536168207742,0.7902734607142827,0.7145456821380349,0.7902734607142827,1.2998132279920744,2.58285816215644,19.0,0.7145456821380349,win,loss,loss,loss,loss,loss,loss,loss,2023
59477,71374,long,London,low,18.47884306373862,11.468381564844588,False,1.6335307337773337,False,2025-12,96,0.17018025969232106,0.9127290089833854,0.17018025969232106,1.7391867939827266,1.147920798178031,1.7391867939827266,1.7538734428277232,1.7391867939827266,5.0,0.17018025969232106,loss,loss,loss,loss,loss,loss,loss,loss,2025
59477,16644,long,London,low,7.550158394931363,11.468381564844588,False,1.6335307337773337,False,2023-08,96,1.266132839694419,2.010726705420962,1.266132839694419,3.0683517115145604,1.266132839694419,3.0683517115145604,1.266132839694419,3.425024026356135,3.0,1.266132839694419,win,win,loss,loss,loss,loss,loss,loss,2023
59477,54814,long,London,low,10.618066561014263,11.468381564844588,False,1.6335307337773337,False,2025-03,96,0.3183904474261397,2.574871048238906,0.3183904474261397,2.574871048238906,2.553707724554823,2.574871048238906,2.553707724554823,2.574871048238906,1.0,0.3183904474261397,loss,loss,loss,loss,loss,loss,loss,loss,2025
59477,25326,long,London,low,17.309753483386924,11.468381564844588,False,1.6335307337773337,False,2023-12,96,0.6662879049751674,0.29185174177016954,1.7454979171252059,0.29185174177016954,5.139477100952132,0.29185174177016954,6.941902143532616,0.8863793970520013,,6.941902143532616,win,win,win,win,win,win,win,win,2023
59477,58486,long,London,low,20.572640509013787,11.468381564844588,False,1.6335307337773337,False,2025-05,96,0.5116452179961372,0.5287107245375812,0.5116452179961372,0.7519488819830812,0.5116452179961372,2.4352477834662665,0.5116452179961372,2.4352477834662665,9.0,0.5116452179961372,win,loss,loss,loss,loss,loss,loss,loss,2025
59486,34691,long,London,low,16.56930430164631,18.293333333333333,False,1.624962892623779,False,2024-05,96,0.628305525623719,0.6739146876840095,0.8872816872074252,0.6739146876840095,2.573772196954293,0.6739146876840095,9.173732493024424,0.6739146876840095,,17.261757231716896,win,win,win,win,win,win,win,win,2024
59486,41368,long,London,low,21.069348861831656,18.293333333333333,False,1.624962892623779,False,2024-08,96,0.059262833390554694,1.2874168659569802,0.059262833390554694,2.6834409328556568,0.9335755971355661,3.32739732748007,0.9335755971355661,3.32739732748007,1.0,0.059262833390554694,loss,loss,loss,loss,loss,loss,loss,loss,2024
59486,18467,long,London,low,17.794352690463505,18.293333333333333,False,1.624962892623779,False,2023-09,96,0.2580311973383823,0.5399302804304352,1.653979974938705,2.113920584194245,3.943361773322968,2.1397237039280537,3.943361773322968,4.058830734131777,6.0,1.653979974938705,win,win,win,loss,loss,loss,loss,loss,2023
59486,37141,long,London,low,23.068669527896997,18.293333333333333,False,1.624962892623779,False,2024-06,96,1.69557653556422,0.5604516073561318,2.713735126245299,0.5604516073561318,3.582130366643858,0.5604516073561318,3.582130366643858,2.6652652047391237,22.0,3.582130366643858,win,win,win,win,win,win,win,loss,2024
59486,6456,long,London,low,11.20042872454448,18.293333333333333,False,1.624962892623779,False,2023-03,96,0.4533161712447035,0.4853510991255443,0.5029044842656928,0.5621471591137438,1.1269273259985497,0.739436349029403,4.487961745711482,0.8114052281040717,,4.487961745711482,win,win,win,win,win,win,win,win,2023
59635,2410,short,Asia,mid,58.50376749192681,53.47826086956522,False,1.1437711090122225,False,2023-01,96,2.302476591390553,0.13134933575038657,2.302476591390553,0.13134933575038657,2.302476591390553,0.13134933575038657,5.1462326350076895,0.13134933575038657,,13.21906582931826,win,win,win,win,win,win,win,win,2023
59635,56883,short,Asia,mid,59.37161430119177,53.47826086956522,False,1.1437711090122225,False,2025-04,96,0.19421397948725552,0.9917648296766978,4.453503934776007,0.9917648296766978,4.453503934776007,0.9917648296766978,4.453503934776007,0.9917648296766978,57.0,4.453503934776007,win,win,win,win,win,win,win,win,2025
59635,26760,short,Asia,mid,53.528773072747015,53.47826086956522,False,1.1437711090122225,False,2024-01,96,1.4826475936743795,0.09597984718142505,2.883339792723488,0.09597984718142505,5.414315214972847,0.09597984718142505,5.414315214972847,0.09597984718142505,,12.343709570156184,win,win,win,win,win,win,win,win,2024
59635,32290,short,Asia,mid,59.12486659551761,53.47826086956522,False,1.1437711090122225,False,2024-04,96,0.7693960446893177,0.8040561047813226,2.5132840268442336,0.8040561047813226,3.5144155146287765,0.8040561047813226,3.5144155146287765,2.7410092150527334,23.0,3.5144155146287765,win,win,win,win,win,win,win,loss,2024
59635,46559,short,Asia,mid,53.08108108108108,53.47826086956522,False,1.1437711090122225,False,2024-11,96,0.4755696482177506,1.3726916158887725,0.4755696482177506,1.7282830765996517,0.4755696482177506,1.7282830765996517,2.8194874064143782,1.7282830765996517,1.0,0.4755696482177506,loss,loss,loss,loss,loss,loss,loss,loss,2024
59727,62379,short,Asia,low,7.027027027027027,6.086956521739131,False,1.5841692249098154,False,2025-07,96,0.025241852588906707,2.6902856638710846,0.025241852588906707,2.9345907371420763,0.025241852588906707,2.9345907371420763,0.025241852588906707,6.95097515666524,0.0,0.025241852588906707,loss,loss,loss,loss,loss,loss,loss,loss,2025
59727,6079,short,Asia,low,6.731287022078622,6.086956521739131,False,1.5841692249098154,False,2023-03,96,0.3945308665471892,0.6855708185018035,1.0376206982729859,0.6855708185018035,1.0376206982729859,1.319170217011708,1.0376206982729859,2.385714140323594,10.0,1.0376206982729859,win,win,loss,loss,loss,loss,loss,loss,2023
59727,34109,short,Asia,low,0.21586616297895306,6.086956521739131,False,1.5841692249098154,False,2024-05,96,0.91172527008289,0.7740771801128581,0.91172527008289,1.0563330949392387,0.91172527008289,3.4172298290897856,1.0857186422362395,3.6813131028245953,7.0,0.91172527008289,win,loss,loss,loss,loss,loss,loss,loss,2024
59727,18331,short,Asia,low,8.237861429350792,6.086956521739131,False,1.5841692249098154,False,2023-09,96,0.07152797364487584,1.288934085078838,0.07152797364487584,2.2867493174234816,0.07152797364487584,3.053529194895588,0.07152797364487584,3.053529194895588,3.0,0.07152797364487584,loss,loss,loss,loss,loss,loss,loss,loss,2023
59727,27876,short,Asia,low,10.463861920172599,6.086956521739131,False,1.5841692249098154,False,2024-02,96,0.7666543563653211,0.4210824622445966,0.8541577794267624,0.4210824622445966,1.2854563773587908,0.4210824622445966,2.004139313974643,0.7284548924906993,,12.544526264465892,win,win,win,win,win,win,win,win,2024
59848,45026,long,London,low,21.5311004784689,14.660246120920279,False,1.244690897835748,False,2024-10,96,0.49541163260341475,1.8935961918390458,0.49541163260341475,2.4777433796598185,0.49541163260341475,4.902725077839049,0.49541163260341475,16.5932062173236,2.0,0.49541163260341475,loss,loss,loss,loss,loss,loss,loss,loss,2024
59848,22416,long,London,low,23.342175066312997,14.660246120920279,False,1.244690897835748,False,2023-11,96,1.8262416084949844,0.5885469300717525,2.256610131531744,0.5885469300717525,3.1219692739147344,0.5885469300717525,3.1219692739147344,4.955400810002282,18.0,3.1219692739147344,win,win,win,win,win,win,loss,loss,2023
59848,34685,long,London,low,7.032498668087374,14.660246120920279,False,1.244690897835748,False,2024-05,96,0.0,1.7367160832806539,0.13005545098538723,1.9595549962494956,1.2010303690084392,1.9595549962494956,13.056694955787073,1.9595549962494956,0.0,0.0,loss,loss,loss,loss,loss,loss,loss,loss,2024
59848,61228,long,London,low,6.170212765957447,14.660246120920279,False,1.244690897835748,False,2025-07,96,2.096505994579941,1.054134129456009,2.096505994579941,1.7205840265211991,2.096505994579941,1.9694735397915646,4.070919685390987,1.9694735397915646,1.0,1.94594901112709,ambiguous,ambiguous,ambiguous,loss,loss,loss,loss,loss,2025
59848,58485,long,London,low,19.25729442970822,14.660246120920279,False,1.244690897835748,False,2025-05,96,1.5267388860178344,0.056106205475234774,1.5267388860178344,0.11518024549698093,1.5267388860178344,2.377942099059022,1.5267388860178344,2.377942099059022,10.0,1.5267388860178344,win,win,win,loss,loss,loss,loss,loss,2025
59939,32490,short,London,high,72.75132275132276,76.65952890792292,False,3.778887098822614,False,2024-04,96,0.029137528885411972,0.7189936438070095,0.029137528885411972,0.7189936438070095,1.7646625252557906,0.7189936438070095,1.7646625252557906,1.354928584584343,26.0,1.7646625252557906,win,win,win,loss,loss,loss,loss,loss,2024
59939,29900,short,London,high,79.94638069705093,76.65952890792292,False,3.778887098822614,False,2024-03,96,0.0662210631583661,0.5962413595401314,0.0662210631583661,1.0781695530197908,0.0662210631583661,1.0950395577027277,0.0662210631583661,2.92757529027587,7.0,0.0662210631583661,loss,loss,loss,loss,loss,loss,loss,loss,2024
59939,60658,short,London,high,78.19548872180451,76.65952890792292,False,3.778887098822614,False,2025-06,96,0.005954053087773215,0.4499873406637457,0.10499994350429322,0.4499873406637457,0.1770135636974433,0.4499873406637457,1.1546951568567443,0.4499873406637457,,1.1546951568567443,win,win,none,none,none,none,none,none,2025
59939,11790,short,London,high,80.64,76.65952890792292,False,3.778887098822614,False,2023-05,96,0.05358582555986889,0.3847683247675996,0.05358582555986889,0.6845543179342001,0.39047678041142625,0.6845543179342001,0.39047678041142625,0.7974344246978065,,0.39047678041142625,none,none,none,none,none,none,none,none,2023
59939,57656,short,London,high,71.74721189591078,76.65952890792292,False,3.778887098822614,False,2025-05,96,0.2559673386465716,0.2542462868585966,0.2559673386465716,0.2542462868585966,0.2559673386465716,0.8167485948672177,1.2619690464886633,0.9710487106210332,,1.999361508005321,win,win,win,none,none,none,none,none,2025
60043,44015,short,London,high,81.88097768331562,78.51063829787233,False,1.2643007811297957,False,2024-10,96,0.5496967398320207,0.37234288830040596,0.5496967398320207,1.1797538123920062,0.5496967398320207,2.90639876696466,6.768504333877768,2.90639876696466,7.0,0.5496967398320207,win,loss,loss,loss,loss,loss,loss,loss,2024
60043,12898,short,London,high,71.26130920702501,78.51063829787233,False,1.2643007811297957,False,2023-06,96,1.5271033481803928,1.4946266476588084,1.5271033481803928,6.111207087390026,1.5271033481803928,10.656897524907528,1.5271033481803928,10.819630239348848,3.0,1.5271033481803928,win,win,ambiguous,loss,loss,loss,loss,loss,2023
60043,67713,short,London,high,87.89978678038379,78.51063829787233,False,1.2643007811297957,False,2025-10,96,0.28956922339217767,0.8552925988104345,0.28956922339217767,1.6018467736200723,0.28956922339217767,2.112928272985766,2.549954215785184,3.338607720248172,4.0,0.28956922339217767,loss,loss,loss,loss,loss,loss,loss,loss,2025
60043,52421,short,London,high,78.50267379679144,78.51063829787233,False,1.2643007811297957,False,2025-02,96,0.9408747141890604,0.21490078604824564,1.4218617462350636,0.2354140428983022,1.429480955922268,0.2354140428983022,1.429480955922268,0.2725332695792724,55.0,2.1029018736568,win,win,win,win,loss,loss,loss,loss,2025
60043,63131,short,London,high,79.47481243301179,78.51063829787233,False,1.2643007811297957,False,2025-07,96,0.8965290223936474,0.5627075325157037,2.841708252441768,0.5627075325157037,2.841708252441768,0.5627075325157037,3.5736153903227676,0.5627075325157037,,4.986898670517919,win,win,win,win,win,win,win,win,2025
60211,27961,short,Asia,mid,54.84569572279372,48.497854077253216,False,0.7004971886628412,False,2024-02,96,0.4542195195749391,1.2892846363322321,1.519888392424122,1.2892846363322321,3.3165012921585433,1.2892846363322321,7.6008395606425045,1.2892846363322321,1.0,0.4542195195749391,loss,loss,loss,loss,loss,loss,loss,loss,2024
60211,31444,short,Asia,mid,40.73275862068966,48.497854077253216,False,0.7004971886628412,False,2024-03,96,0.11164726219235122,3.456771002495353,0.11164726219235122,3.742330346179649,0.11164726219235122,6.745355424123552,0.27267696727746066,6.745355424123552,0.0,0.11164726219235122,loss,loss,loss,loss,loss,loss,loss,loss,2024
60211,67238,short,Asia,mid,48.95217624932832,48.497854077253216,False,0.7004971886628412,False,2025-10,96,0.998910726192421,0.13042336196367138,1.6335976857948367,1.2200895151447324,1.6335976857948367,2.3016417725352722,1.6642501810028651,5.454040544424116,7.0,1.6335976857948367,win,win,win,loss,loss,loss,loss,loss,2025
60211,51942,short,Asia,mid,54.67314964883847,48.497854077253216,False,0.7004971886628412,False,2025-02,96,0.2954972757976975,0.8416640672871762,1.0017632105213432,3.5395633438419134,1.0017632105213432,9.435328649964925,1.0017632105213432,13.16838324405832,5.0,1.0017632105213432,win,win,loss,loss,loss,loss,loss,loss,2025
60211,32289,short,Asia,mid,57.127602776294715,48.497854077253216,False,0.7004971886628412,False,2024-04,96,0.2307740164917285,2.399187959834261,2.4619086987562224,2.399187959834261,4.818963643131536,2.399187959834261,4.818963643131536,5.636727170450862,0.0,0.1541685338389376,loss,loss,loss,loss,loss,loss,loss,loss,2024
60283,22932,short,Asia,low,14.115738236884804,19.414316702819956,False,2.2141898365840946,False,2023-11,96,0.7550214118799632,0.0036172628617834046,0.7550214118799632,1.0641329655242104,0.7550214118799632,1.6040916581665192,0.7550214118799632,3.2239677360936705,6.0,0.7550214118799632,win,loss,loss,loss,loss,loss,loss,loss,2023
60283,5258,short,Asia,low,25.858369098712448,19.414316702819956,False,2.2141898365840946,False,2023-02,96,0.11411104616137452,0.19575737855284303,1.1852043265848107,0.19575737855284303,1.9178408522578065,0.19575737855284303,1.9178408522578065,0.4942389260492528,39.0,1.9178408522578065,win,win,win,loss,loss,loss,loss,loss,2023
60283,10680,short,Asia,low,13.42964151952916,19.414316702819956,False,2.2141898365840946,False,2023-05,96,1.8097578873296085,0.013083272484244875,1.8097578873296085,0.16780719055859053,1.918974770676236,0.16780719055859053,3.153068668699652,2.2813245346959903,29.0,3.153068668699652,win,win,win,win,win,win,loss,loss,2023
60283,28407,short,Asia,low,18.54882705946536,19.414316702819956,False,2.2141898365840946,False,2024-02,96,0.34141924599509726,0.36984393251123376,0.7813558713927723,0.36984393251123376,1.1628280847515398,0.36984393251123376,1.1628280847515398,0.36984393251123376,,4.37320262206958,win,win,win,win,win,win,win,win,2024
60283,27587,short,Asia,low,26.670287887017924,19.414316702819956,False,2.2141898365840946,False,2024-01,96,0.1819538889977776,0.534660301454508,0.1819538889977776,0.6308281226665176,0.1819538889977776,1.3228539497407452,0.1819538889977776,2.731220763229669,15.0,0.1819538889977776,loss,loss,loss,loss,loss,loss,loss,loss,2024
60450,23031,short,Asia,low,21.174568965517242,26.87465790914067,False,1.4439529648636353,False,2023-11,96,0.15636693535566096,0.6021790489228714,0.291346295966697,0.6021790489228714,1.4643359508537503,0.6021790489228714,1.4643359508537503,3.6368382654763014,21.0,1.4643359508537503,win,win,loss,loss,loss,loss,loss,loss,2023
60450,61541,short,Asia,low,24.383561643835616,26.87465790914067,False,1.4439529648636353,False,2025-07,96,1.1622359257771517,0.3888822294345998,1.1958679900429974,0.3888822294345998,1.5830961835300938,0.3888822294345998,2.851006628175311,0.6581225253333471,,9.374708186889878,win,win,win,win,win,win,win,win,2025
60450,25849,short,Asia,low,25.283630470016206,26.87465790914067,False,1.4439529648636353,False,2024-01,96,0.3369195672633032,1.145443645653402,0.3369195672633032,1.297948443627484,0.3369195672633032,1.4802911368574179,3.3845290354742477,1.4802911368574179,2.0,0.3369195672633032,loss,loss,loss,loss,loss,loss,loss,loss,2024
60450,14596,short,Asia,low,21.203904555314534,26.87465790914067,False,1.4439529648636353,False,2023-07,96,1.970062101115427,0.9887948154889781,2.4211762121513805,0.9887948154889781,2.497526872183721,0.9887948154889781,2.686252799446628,8.679779611983216,27.0,2.686252799446628,win,win,win,win,win,loss,loss,loss,2023
60450,3777,short,Asia,low,23.523035230352303,26.87465790914067,False,1.4439529648636353,False,2023-01,96,0.07592930675806239,1.1441347644645117,0.07592930675806239,1.435063897726925,0.16184931177370718,1.4982051107152419,4.527384822430817,1.4982051107152419,2.0,0.07592930675806239,loss,loss,loss,loss,loss,loss,loss,loss,2023
60469,48289,short,Asia,mid,37.66375545851528,36.13217768147345,False,0.3824952195930165,False,2024-12,96,1.00717898096078,2.514289417363243,2.227336890906584,2.83294491416436,2.227336890906584,6.156066523663364,4.475809095376756,6.156066523663364,0.0,0.24143031262750542,loss,loss,loss,loss,loss,loss,loss,loss,2024
60469,11586,short,Asia,mid,45.39083557951483,36.13217768147345,False,0.3824952195930165,False,2023-05,96,1.1583515461362794,2.8295293734380564,2.557220000420167,2.8295293734380564,2.557220000420167,6.925228217354402,2.557220000420167,14.4959816996799,0.0,0.5722643676616047,ambiguous,loss,loss,loss,loss,loss,loss,loss,2023
60469,52211,short,Asia,mid,43.546637744034705,36.13217768147345,False,0.3824952195930165,False,2025-02,96,1.3303403941229588,8.10235291436982,1.3303403941229588,8.973089698031682,1.3303403941229588,12.111550510712306,1.3303403941229588,12.111550510712306,1.0,1.3303403941229588,win,win,loss,loss,loss,loss,loss,loss,2025
60469,24296,short,Asia,mid,36.824877250409166,36.13217768147345,False,0.3824952195930165,False,2023-12,96,1.2904903129707521,1.5908226039893947,1.2904903129707521,5.0493366427508395,1.2904903129707521,13.477411559461054,1.2904903129707521,14.273604976796927,0.0,0.9807726378576436,ambiguous,loss,loss,loss,loss,loss,loss,loss,2023
60469,69995,short,Asia,mid,36.27724986025713,36.13217768147345,False,0.3824952195930165,False,2025-11,96,0.8598607511333244,1.8167877851419756,0.8598607511333244,7.406035287450383,0.8598607511333244,10.210579334810358,0.8598607511333244,11.975476339798721,0.0,0.8598607511333244,ambiguous,loss,loss,loss,loss,loss,loss,loss,2025
60493,64714,short,Overlap,low,13.880126182965299,13.796791443850267,False,1.4452199480894405,False,2025-08,96,0.402409749480478,1.680511955119281,0.402409749480478,2.1989197656307082,0.402409749480478,2.1989197656307082,1.1469739627341837,2.1989197656307082,1.0,0.402409749480478,loss,loss,loss,loss,loss,loss,loss,loss,2025
60493,13090,short,Overlap,low,21.62162162162162,13.796791443850267,False,1.4452199480894405,False,2023-06,96,0.9545031431800397,0.25173190267941364,0.9545031431800397,0.3244649477312324,1.4220727185131756,0.6786843229836048,3.7037177876387446,0.6786843229836048,52.0,3.7037177876387446,win,win,win,win,win,win,win,loss,2023
60493,28927,short,Overlap,low,22.163865546218485,13.796791443850267,False,1.4452199480894405,False,2024-02,96,1.6914705663511307,0.5195460574289347,1.6914705663511307,0.5195460574289347,1.6914705663511307,1.1124713002885218,1.6914705663511307,1.4745466970121446,9.0,1.6914705663511307,win,win,win,loss,loss,loss,loss,loss,2024
60493,60324,short,Overlap,low,22.015915119363395,13.796791443850267,False,1.4452199480894405,False,2025-06,96,0.19558309697747395,1.1678926969197614,0.19558309697747395,1.9329402729153349,1.6515559924707623,1.9329402729153349,3.4203684117122934,1.9329402729153349,3.0,0.19558309697747395,loss,loss,loss,loss,loss,loss,loss,loss,2025
60493,5387,short,Overlap,low,12.046291425565492,13.796791443850267,False,1.4452199480894405,False,2023-02,96,1.4479028491335448,0.31297840358428003,1.696990488951685,0.31297840358428003,2.4468435745047716,0.31297840358428003,2.6363573940543845,0.31297840358428003,,6.893295377150943,win,win,win,win,win,win,win,win,2023
60582,33867,long,London,low,26.656067832538422,26.67380824852705,False,2.278419067084602,False,2024-05,96,0.1315414024759309,0.36503109101022424,0.18480901202743313,0.7743038910646498,1.6153402596507616,0.9823434994798652,1.6153402596507616,0.9823434994798652,84.0,1.6153402596507616,win,win,win,loss,loss,loss,loss,loss,2024
60582,18831,long,London,low,22.05018686599039,26.67380824852705,False,2.278419067084602,False,2023-09,96,0.9366319977529425,0.09430098420950529,0.9366319977529425,0.09430098420950529,1.4208926074861399,2.7807401334065607,2.2814460334371014,2.7807401334065607,9.0,1.4208926074861399,win,win,loss,loss,loss,loss,loss,loss,2023
60582,48862,long,London,low,23.475445223961145,26.67380824852705,False,2.278419067084602,False,2024-12,96,0.2794997019434263,0.18954759198539703,0.2794997019434263,0.8116241344895538,0.7803226972809074,0.8116241344895538,4.220951381159112,0.8116241344895538,,4.4383224728854715,win,win,win,win,win,win,win,win,2024
60582,36614,long,London,low,21.558164354322304,26.67380824852705,False,2.278419067084602,False,2024-06,96,0.11383437031145988,0.45477114109500677,0.11383437031145988,0.8572502082657554,0.8840569754038273,0.9744826194820401,1.0788779872801644,2.261018662056702,20.0,1.0788779872801644,win,win,loss,loss,loss,loss,loss,loss,2024
60582,8398,long,London,low,24.69528351881293,26.67380824852705,False,2.278419067084602,False,2023-04,96,0.26808856564264005,0.44080792022889104,0.29753435891815116,0.5473841123081827,0.29753435891815116,4.162624343417557,0.29753435891815116,4.162624343417557,10.0,0.29753435891815116,loss,loss,loss,loss,loss,loss,loss,loss,2023
60678,56753,short,Overlap,mid,59.10526315789474,63.12433581296493,False,1.3994212299366406,False,2025-04,96,2.3218123195422513,0.29527968938920945,2.3218123195422513,0.29527968938920945,2.3218123195422513,0.7103702844928185,2.3218123195422513,3.932375545992399,24.0,2.3218123195422513,win,win,win,win,loss,loss,loss,loss,2025
60678,11175,short,Overlap,mid,66.59663865546219,63.12433581296493,False,1.3994212299366406,False,2023-05,96,0.8341638261327581,2.393306148001607,0.8341638261327581,7.347174642645616,0.8341638261327581,7.347174642645616,0.8341638261327581,7.347174642645616,3.0,0.8341638261327581,win,loss,loss,loss,loss,loss,loss,loss,2023
60678,67278,short,Overlap,mid,66.49132035770647,63.12433581296493,False,1.3994212299366406,False,2025-10,96,4.885791625976209,0.4619185469339038,9.275779835084982,0.4619185469339038,10.087661318692394,0.4619185469339038,10.087661318692394,0.4619185469339038,,10.087661318692394,win,win,win,win,win,win,win,win,2025
60678,13716,short,Overlap,mid,55.30785562632696,63.12433581296493,False,1.3994212299366406,False,2023-06,96,1.7964327823466555,1.8144134562373349,1.7964327823466555,1.8144134562373349,1.7964327823466555,2.5663325462095212,1.7964327823466555,2.630899511544145,2.0,1.122566163127033,win,win,loss,loss,loss,loss,loss,loss,2023
60678,49874,short,Overlap,mid,67.59776536312849,63.12433581296493,False,1.3994212299366406,False,2025-01,96,0.040948016841316034,1.6673942462119256,0.17684143536941582,1.721391631057598,2.4289823616388304,2.220417462672494,2.4289823616388304,2.220417462672494,2.0,0.040948016841316034,loss,loss,loss,loss,loss,loss,loss,loss,2025
60708,69586,long,New York,low,20.528343423225095,18.985355648535567,False,1.112356747058083,False,2025-11,96,0.8357278648554796,0.5279283069123444,0.8357278648554796,0.938514330549134,0.8357278648554796,1.5074228623458696,1.745018592413288,1.5074228623458696,8.0,0.8357278648554796,win,loss,loss,loss,loss,loss,loss,loss,2025
60708,42591,long,New York,low,12.526096033402922,18.985355648535567,False,1.112356747058083,False,2024-09,96,0.4398812907693927,0.15772820205290544,0.4519074879932976,0.21970937236111118,0.8635734698909785,1.9241915558367695,1.7326974923471596,3.73182150781017,12.0,0.8635734698909785,win,loss,loss,loss,loss,loss,loss,loss,2024
60708,71599,long,New York,low,9.80083857442348,18.985355648535567,False,1.112356747058083,False,2025-12,96,0.8868238639874478,0.33746243230743794,0.9358158719265008,0.33746243230743794,1.2124665461277029,0.7285419921845453,1.4666768250842008,3.4498253422531246,24.0,1.4666768250842008,win,win,loss,loss,loss,loss,loss,loss,2025
60708,69858,long,New York,low,20.2426916712631,18.985355648535567,False,1.112356747058083,False,2025-11,96,0.24362335362511683,0.9407116336842053,1.455082398524316,0.9407116336842053,2.1741165069969925,0.9407116336842053,3.8415063017472515,0.9407116336842053,36.0,3.8415063017472515,win,win,win,win,win,win,win,loss,2025
60708,57511,long,New York,low,15.140478668054111,18.985355648535567,False,1.112356747058083,False,2025-05,96,1.6792612265621127,0.11274136106771397,3.3501419592440373,2.6518728842442365,3.3501419592440373,5.8487941157539245,3.3501419592440373,8.500825122524164,7.0,3.3501419592440373,win,win,win,win,win,win,loss,loss,2025
60751,58672,long,London,low,5.031779661016949,3.81105743424584,False,2.413857461250426,True,2025-05,96,0.47864214235320884,0.21798871271449902,2.3292560466351864,0.29653250570033485,3.1032432075377843,0.29653250570033485,3.2167330509665875,0.29653250570033485,,3.2167330509665875,win,win,win,win,win,win,none,none,2025
60751,35600,long,London,low,13.354700854700855,3.81105743424584,False,2.413857461250426,True,2024-05,96,0.4841249012351648,0.09954151275894443,0.565426838556785,0.09954151275894443,3.4261296116666107,0.09954151275894443,3.4261296116666107,3.528193618900913,18.0,3.4261296116666107,win,win,win,win,win,win,loss,loss,2024
60751,34050,long,London,low,12.142099681866384,3.81105743424584,False,2.413857461250426,True,2024-05,96,0.9912854605222408,0.21776105231149961,1.157798862289726,0.21776105231149961,1.3251415140660316,0.7272522577196492,1.6555147175728975,0.7272522577196492,,1.6555147175728975,win,win,win,none,none,none,none,none,2024
60751,35332,long,London,low,11.117021276595745,3.81105743424584,False,2.413857461250426,True,2024-05,96,1.908358804363003,0.28563415977069423,3.2934484179615318,0.28563415977069423,3.2934484179615318,0.28563415977069423,3.2934484179615318,0.28563415977069423,80.0,3.2934484179615318,win,win,win,win,win,win,loss,loss,2024
60751,71729,long,London,low,1.6720604099244876,3.81105743424584,False,2.413857461250426,True,2025-12,96,0.4064743023096682,0.7940474018963789,0.4064743023096682,1.08327518106467,0.4064743023096682,1.4525377405132807,0.4555977406367319,1.4525377405132807,7.0,0.4064743023096682,loss,loss,loss,loss,loss,loss,loss,loss,2025
60758,34053,short,London,low,15.14028586553732,5.88235294117647,False,1.2372907018554513,False,2024-05,96,0.39925143469748886,0.8149407748615847,0.8279014310948902,1.13389936362627,2.7780060238493736,1.13389936362627,2.7780060238493736,1.763597588422409,6.0,0.8279014310948902,win,loss,loss,loss,loss,loss,loss,loss,2024
60758,6458,short,London,low,9.635974304068522,5.88235294117647,False,1.2372907018554513,False,2023-03,96,0.2017204592091985,1.1150171469910033,0.5402600124906675,1.1150171469910033,0.5402600124906675,1.9464562571227793,0.6361503177379236,6.424650451566561,2.0,0.2017204592091985,loss,loss,loss,loss,loss,loss,loss,loss,2023
60758,22240,short,London,low,12.678288431061807,5.88235294117647,False,1.2372907018554513,False,2023-11,96,1.0980635508746417,1.1515998443300446,1.0980635508746417,2.114114056455614,3.13130363211021,2.114114056455614,3.5083358264457956,2.114114056455614,3.0,1.0980635508746417,win,win,loss,loss,loss,loss,loss,loss,2023
60758,59663,short,London,low,15.310492505353318,5.88235294117647,False,1.2372907018554513,False,2025-06,96,0.8183874233111602,0.25408741867490264,1.3339141196344868,0.25408741867490264,2.1835021151752985,0.25408741867490264,2.4334653202795895,1.3981084004288664,29.0,2.4334653202795895,win,win,win,win,loss,loss,loss,loss,2025
60758,22597,short,London,low,13.761955366631243,5.88235294117647,False,1.2372907018554513,False,2023-11,96,1.8300135909310349,0.35604038004821614,4.147955333851778,0.35604038004821614,6.525897522376814,0.35604038004821614,9.922149160355902,0.35604038004821614,,18.83391345841298,win,win,win,win,win,win,win,win,2023
60772,26631,short,Overlap,low,20.08434370057986,16.560509554140125,False,1.814493456479026,False,2024-01,96,0.1650313793021192,0.6725807156465536,1.1365368574582697,0.6725807156465536,1.1365368574582697,1.141726523474017,1.1365368574582697,1.349659141840099,15.0,1.1365368574582697,win,win,loss,loss,loss,loss,loss,loss,2024
60772,57396,short,Overlap,low,15.11321748288573,16.560509554140125,False,1.814493456479026,False,2025-05,96,0.8708240956745906,0.9692980148241538,0.9566731533947136,0.9692980148241538,1.2896781521755565,0.9692980148241538,1.2896781521755565,1.8609045746979096,23.0,1.2896781521755565,win,win,loss,loss,loss,loss,loss,loss,2025
60772,22796,short,Overlap,low,8.38165524512388,16.560509554140125,False,1.814493456479026,False,2023-11,96,3.5316623306701804,6.8439667526030865,3.5316623306701804,10.870259661798443,3.5316623306701804,10.870259661798443,3.5316623306701804,10.870259661798443,0.0,3.5316623306701804,ambiguous,ambiguous,ambiguous,ambiguous,ambiguous,ambiguous,ambiguous,loss,2023
60772,58408,short,Overlap,low,17.789473684210527,16.560509554140125,False,1.814493456479026,False,2025-05,96,0.05260446547895364,4.730713757150487,0.05260446547895364,4.730713757150487,0.05260446547895364,4.730713757150487,0.05260446547895364,6.4996602291423,1.0,0.05260446547895364,loss,loss,loss,loss,loss,loss,loss,loss,2025
60772,28932,short,Overlap,low,24.25353588266108,16.560509554140125,False,1.814493456479026,False,2024-02,96,0.14217572995411573,0.5097418082768119,0.14217572995411573,1.0826263672097596,0.2738973621175422,1.0826263672097596,0.3813654874063451,1.3653051714715112,4.0,0.14217572995411573,loss,loss,loss,loss,loss,loss,loss,loss,2024
60860,19113,short,London,low,10.643959552953698,9.361702127659575,False,1.8869273655236027,False,2023-09,96,0.5967877641202338,1.3251748813539526,1.5308371262199814,1.3251748813539526,2.55792417052119,1.3251748813539526,3.3401752090294607,1.3251748813539526,1.0,0.4590675108616541,loss,loss,loss,loss,loss,loss,loss,loss,2023
60860,14078,short,London,low,6.443024494142705,9.361702127659575,False,1.8869273655236027,False,2023-07,96,0.47812055744835746,0.7219124722265483,1.15677235718193,0.7219124722265483,1.15677235718193,0.7219124722265483,2.1215754801762152,0.7219124722265483,87.0,3.54061566434685,win,win,win,win,win,win,win,loss,2023
60860,59678,short,London,low,7.275624004248539,9.361702127659575,False,1.8869273655236027,False,2025-06,96,1.0101525270927305,0.23759777318246267,1.3069852021766795,0.23759777318246267,1.3069852021766795,1.5057512063348486,1.3069852021766795,2.3184540604227446,14.0,1.3069852021766795,win,win,loss,loss,loss,loss,loss,loss,2025
60860,58765,short,London,low,2.2751322751322753,9.361702127659575,False,1.8869273655236027,False,2025-05,96,0.04301575093893081,0.3893506753905651,0.3714468222971122,0.6418647592807986,0.3714468222971122,1.4071963496350381,0.3714468222971122,2.1103294893073086,10.0,0.3714468222971122,loss,loss,loss,loss,loss,loss,loss,loss,2025
60860,40359,short,London,low,13.054968287526428,9.361702127659575,False,1.8869273655236027,False,2024-08,96,0.04787693271476275,0.6598966610916945,0.04787693271476275,1.9082982738727794,0.970673034068005,2.575609504190192,0.970673034068005,2.575609504190192,5.0,0.04787693271476275,loss,loss,loss,loss,loss,loss,loss,loss,2024
61034,21671,short,London,mid,34.54157782515991,32.13903743315508,False,1.059162939376414,False,2023-10,96,0.3507836139995132,1.6042135670151176,0.3507836139995132,1.6042135670151176,3.0951820302980217,1.6042135670151176,5.103763479907969,1.6042135670151176,0.0,0.0839671013038458,loss,loss,loss,loss,loss,loss,loss,loss,2023
61034,11064,short,London,mid,41.69761273209549,32.13903743315508,False,1.059162939376414,False,2023-05,96,0.0024618819882293707,1.5869291295779915,0.576080385233134,1.5869291295779915,7.8903317721029484,1.5869291295779915,11.667351118362028,1.5869291295779915,0.0,0.0024618819882293707,loss,loss,loss,loss,loss,loss,loss,loss,2023
61034,29638,short,London,mid,32.35763704097924,32.13903743315508,False,1.059162939376414,False,2024-02,96,1.3560032352692757,0.4403004314859035,1.3560032352692757,10.797662227947304,1.3560032352692757,15.895074502342057,1.3560032352692757,15.895074502342057,5.0,1.3560032352692757,win,win,loss,loss,loss,loss,loss,loss,2024
61034,23672,short,London,mid,38.53211009174312,32.13903743315508,False,1.059162939376414,False,2023-11,96,0.6696600141667726,0.9279227238047362,0.8361635022627758,0.9279227238047362,2.0332871210547228,4.133418708133438,2.0332871210547228,17.191788984387163,14.0,2.0332871210547228,win,win,win,ambiguous,loss,loss,loss,loss,2023
61034,13889,short,London,mid,40.096102509343304,32.13903743315508,False,1.059162939376414,False,2023-06,96,0.4774141917011796,0.7212515285498389,0.6349427682296267,1.1992692780156182,0.6349427682296267,7.53481513172952,0.6349427682296267,10.468709424851582,7.0,0.6349427682296267,win,loss,loss,loss,loss,loss,loss,loss,2023
61094,17901,long,Asia,low,1.8250134192163179,5.114254624591948,False,1.8713270615989819,False,2023-08,96,0.5394005511337181,0.15690506686017452,0.5394005511337181,0.39698872338119556,0.7234016737166638,1.2035689867587058,0.7234016737166638,1.2035689867587058,10.0,0.5394005511337181,win,loss,loss,loss,loss,loss,loss,loss,2023
61094,16339,long,Asia,low,14.209115281501342,5.114254624591948,False,1.8713270615989819,False,2023-08,96,0.7029981979076098,0.07251432924676851,0.7911443586089033,0.19322680547798526,0.7911443586089033,1.2284014217916606,1.0933597667272856,4.151988121305033,13.0,0.7911443586089033,win,loss,loss,loss,loss,loss,loss,loss,2023
61094,58558,long,Asia,low,2.840300107181136,5.114254624591948,False,1.8713270615989819,False,2025-05,96,0.10397715491435087,1.391745995876751,0.10397715491435087,1.4657750382106025,0.10397715491435087,3.189866568080127,0.10397715491435087,6.239638781804164,3.0,0.10397715491435087,loss,loss,loss,loss,loss,loss,loss,loss,2025
61094,69789,long,Asia,low,1.261467889908257,5.114254624591948,False,1.8713270615989819,False,2025-11,96,1.2386023381946116,0.17650636878672854,1.2386023381946116,0.17650636878672854,2.0481697811722097,0.17650636878672854,2.0481697811722097,0.5105399269207215,57.0,2.0481697811722097,win,win,win,win,loss,loss,loss,loss,2025
61094,14942,long,Asia,low,0.32661948829613496,5.114254624591948,False,1.8713270615989819,False,2023-07,96,1.2250798960763118,0.06600380104740075,2.8511174620669055,0.06600380104740075,3.8109484380462155,0.06600380104740075,5.68928090710598,0.06600380104740075,,18.169551026651522,win,win,win,win,win,win,win,win,2023
61103,63488,long,Asia,low,11.858974358974358,9.095831077422847,False,1.3488286941105037,False,2025-08,96,0.8625876512541283,1.1078227066170094,0.8625876512541283,1.843527872705168,0.8625876512541283,4.617616156574818,0.8625876512541283,4.617616156574818,3.0,0.8625876512541283,win,loss,loss,loss,loss,loss,loss,loss,2025
61103,4974,long,Asia,low,2.3168103448275863,9.095831077422847,False,1.3488286941105037,False,2023-02,96,0.49900967362636933,0.6623316030540596,0.8373573841021903,0.6623316030540596,3.933026137653904,0.6623316030540596,3.933026137653904,0.6623316030540596,33.0,3.933026137653904,win,win,win,win,win,win,win,loss,2023
61103,40504,long,Asia,low,17.539125742039936,9.095831077422847,False,1.3488286941105037,False,2024-08,96,0.779970872417841,0.47051340238774614,1.0178159725246747,0.47051340238774614,1.6237889180203884,0.47051340238774614,2.571430520017753,0.47051340238774614,45.0,5.826485952917816,win,win,win,win,win,win,win,win,2024
61103,17886,long,Asia,low,5.140692640692641,9.095831077422847,False,1.3488286941105037,False,2023-08,96,1.3273322002357864,0.13312708714521146,2.132396597055509,0.13312708714521146,2.1772974489329355,0.15360817747531288,2.1772974489329355,1.339935948131261,25.0,2.1772974489329355,win,win,win,win,loss,loss,loss,loss,2023
61103,59834,long,Asia,low,9.865229110512129,9.095831077422847,False,1.3488286941105037,False,2025-06,96,0.421393046758068,0.6866142916970859,0.421393046758068,1.5015963881264378,1.3934496721846348,1.5015963881264378,3.602061986234287,2.6545595400532593,6.0,0.421393046758068,loss,loss,loss,loss,loss,loss,loss,loss,2025
61297,42606,long,Asia,low,2.718868950516585,5.115778136779752,False,1.9211252547518969,False,2024-09,96,2.1097728937623077,0.0006588922216466019,2.1618253792737376,0.7501487943624093,2.1618253792737376,1.730250974084876,2.3654230757673314,1.9381314700192478,12.0,2.1618253792737376,win,win,win,win,loss,loss,loss,loss,2024
61297,10041,long,Asia,low,1.6008537886872998,5.115778136779752,False,1.9211252547518969,False,2023-05,96,0.8293676436671572,1.6133070063192567,0.8293676436671572,1.6133070063192567,0.8293676436671572,1.6133070063192567,1.3934019645906226,3.6081311691290847,3.0,0.8293676436671572,win,loss,loss,loss,loss,loss,loss,loss,2023
61297,12400,long,Asia,low,12.927756653992395,5.115778136779752,False,1.9211252547518969,False,2023-06,96,0.6427680326101345,0.3169460321903617,0.6427680326101345,0.3169460321903617,0.9053487593956374,0.37131133759522056,1.3887191958866782,0.9371543122175464,,9.323095128923127,win,win,win,win,win,win,win,win,2023
61297,59190,long,Asia,low,6.46900269541779,5.115778136779752,False,1.9211252547518969,False,2025-06,96,1.0426349801212251,0.12798163786016017,3.66234566516258,0.12798163786016017,5.3369426557522415,0.12798163786016017,5.887877721460652,0.12798163786016017,,9.337362111235889,win,win,win,win,win,win,win,win,2025
61297,64501,long,Asia,low,2.1356113187399894,5.115778136779752,False,1.9211252547518969,False,2025-08,96,1.0599309153165744,0.011873418267255756,1.5841879988078538,0.011873418267255756,1.7456208202487513,0.011873418267255756,2.989133048773875,2.1550254155013646,16.0,1.7456208202487513,win,win,win,loss,loss,loss,loss,loss,2025
61380,29693,long,Asia,low,6.406080347448426,4.978354978354979,False,1.7642126872859807,False,2024-03,96,0.7649645849753861,0.02754097330182265,1.0195780728474375,0.02754097330182265,1.7586878665599766,0.8818732063383242,3.4263219030201175,3.338078376318362,23.0,2.1245893689985507,win,win,win,win,loss,loss,loss,loss,2024
61380,14298,long,Asia,low,11.306256860592754,4.978354978354979,False,1.7642126872859807,False,2023-07,96,0.19858007672752379,0.9943087529760787,0.19858007672752379,0.9943087529760787,0.19858007672752379,0.9943087529760787,2.1961172551569135,0.9943087529760787,,10.845382819289012,win,win,win,win,win,win,win,win,2023
61380,18085,long,Asia,low,6.5485775630703165,4.978354978354979,False,1.7642126872859807,False,2023-09,96,0.13702914813059955,0.407973145570581,0.5493623120508285,0.5462480132296109,0.8165691509053773,1.1479305454757902,0.8165691509053773,3.1796990963937564,14.0,0.8165691509053773,win,loss,loss,loss,loss,loss,loss,loss,2023
61380,70915,long,Asia,low,1.980728051391863,4.978354978354979,False,1.7642126872859807,False,2025-11,96,0.88488605138267,0.10161801199827171,1.2635930009646026,0.10161801199827171,1.5675477625167724,0.5624961637600534,1.5675477625167724,0.5624961637600534,,4.475014444302131,win,win,win,win,win,win,win,win,2025
61380,41432,long,Asia,low,9.779688339602364,4.978354978354979,False,1.7642126872859807,False,2024-08,96,0.8382018387946556,0.07132024064305581,0.8802883412237047,0.2303416959284753,1.6239845607916634,0.2303416959284753,2.4510977402636382,0.2303416959284753,36.0,2.4510977402636382,win,win,win,win,loss,loss,loss,loss,2024
61404,64429,short,London,low,5.388272583201268,7.852564102564102,False,1.320493222856652,False,2025-08,96,0.5770624575272448,2.225429301873325,0.5770624575272448,4.188394987287461,0.5770624575272448,5.7819453669020655,0.5770624575272448,5.7819453669020655,2.0,0.5770624575272448,win,loss,loss,loss,loss,loss,loss,loss,2025
61404,58763,short,London,low,6.038135593220339,7.852564102564102,False,1.320493222856652,False,2025-05,96,0.4210143724351407,0.25239184518915503,0.4439309326117742,0.46824106739381915,0.881358517065384,1.487563470387756,0.881358517065384,1.799879023606506,12.0,0.881358517065384,win,loss,loss,loss,loss,loss,loss,loss,2025
61404,60322,short,London,low,15.188528943175783,7.852564102564102,False,1.320493222856652,False,2025-06,96,0.46278055109757893,1.4967808051276128,0.46278055109757893,2.7305655063802208,1.3682207597668643,2.7305655063802208,3.3208377368105646,2.7305655063802208,2.0,0.46278055109757893,loss,loss,loss,loss,loss,loss,loss,loss,2025
61404,58308,short,London,low,16.120507399577168,7.852564102564102,False,1.320493222856652,False,2025-05,96,0.4827384998264992,0.937532466466911,1.8435445590082131,0.937532466466911,3.2134888778574195,0.937532466466911,3.2134888778574195,0.937532466466911,,4.8947962181310265,win,win,win,win,win,win,win,win,2025
61404,69745,short,London,low,6.305803571428571,7.852564102564102,False,1.320493222856652,False,2025-11,96,0.13872384939115084,1.446544228781276,2.612417621015633,1.446544228781276,2.612417621015633,1.446544228781276,2.612417621015633,2.72368033665182,1.0,0.13872384939115084,loss,loss,loss,loss,loss,loss,loss,loss,2025
61483,64781,short,London,mid,60.57538625466169,51.048951048951054,False,1.4280242771050167,False,2025-08,96,0.06281256412858953,1.5859254130123641,0.06281256412858953,1.654247851187273,0.679000144980515,1.654247851187273,0.679000144980515,2.324248535225394,0.0,0.06281256412858953,loss,loss,loss,loss,loss,loss,loss,loss,2025
61483,32950,short,London,mid,41.37566137566138,51.048951048951054,False,1.4280242771050167,False,2024-04,96,3.736642982824093,0.42729055219176065,4.203696488816484,0.42729055219176065,5.533928494608722,0.42729055219176065,6.92756629159644,0.42729055219176065,,14.067273315091034,win,win,win,win,win,win,win,win,2024
61483,50054,short,London,mid,43.61702127659575,51.048951048951054,False,1.4280242771050167,False,2025-01,96,3.882481003891353,1.4764860422307404,3.882481003891353,4.086750815972414,3.882481003891353,5.338377515991775,3.882481003891353,5.338377515991775,3.0,3.882481003891353,win,win,win,win,win,win,win,loss,2025
61483,44762,short,London,mid,58.42577918647649,51.048951048951054,False,1.4280242771050167,False,2024-10,96,0.197802399831779,1.3254847801161007,0.9032125994667377,1.9035872218286891,0.9032125994667377,2.6294037651742603,0.9032125994667377,2.890512208563047,3.0,0.197802399831779,loss,loss,loss,loss,loss,loss,loss,loss,2024
61483,20946,short,London,mid,58.134605193428726,51.048951048951054,False,1.4280242771050167,False,2023-10,96,0.18051440709628913,1.4636191122490247,0.3465046664950532,1.4636191122490247,1.6594876183397191,3.463386762356394,1.6594876183397191,3.463386762356394,0.0,0.18051440709628913,loss,loss,loss,loss,loss,loss,loss,loss,2023
61635,26769,short,Asia,mid,45.921123716909776,42.966611932129176,False,3.2806102805899786,False,2024-01,96,0.8791788113484714,0.16275120957880568,1.1585952444273586,0.16275120957880568,1.1585952444273586,0.30229828630677064,1.1585952444273586,0.5747857074926795,,3.7063768034872666,win,win,win,win,win,win,win,none,2024
61635,11946,short,Asia,mid,38.98213318895507,42.966611932129176,False,3.2806102805899786,False,2023-06,96,0.3109717375473652,0.0028809370781043638,0.39519678035993167,0.1062557381156291,1.7117850250495414,0.1062557381156291,2.0069963421108428,0.48484476355474426,37.0,2.0069963421108428,win,win,win,win,loss,loss,loss,loss,2023
61635,23132,short,Asia,mid,48.257372654155496,42.966611932129176,False,3.2806102805899786,False,2023-11,96,0.5934729299036434,0.04170075428626364,0.5934729299036434,0.04170075428626364,1.093881981339077,0.04170075428626364,2.0668995813523834,0.04170075428626364,75.0,2.8578577907012375,win,win,win,win,win,loss,loss,loss,2023
61635,19359,short,Asia,mid,35.64088696592753,42.966611932129176,False,3.2806102805899786,False,2023-09,96,0.24369778025650812,0.19889371630881447,0.24369778025650812,0.444710607698007,0.24369778025650812,1.3483601406990702,0.24369778025650812,1.3483601406990702,12.0,0.24369778025650812,loss,loss,loss,loss,loss,loss,loss,loss,2023
61635,52227,short,Asia,mid,49.46236559139785,42.966611932129176,False,3.2806102805899786,False,2025-02,96,0.2786671154819215,0.457631186877953,0.6264706744934534,0.457631186877953,0.6264706744934534,0.457631186877953,0.9772633963354094,0.5272497534447398,48.0,0.9772633963354094,win,loss,loss,loss,loss,loss,loss,loss,2025
61732,22761,short,Asia,low,1.8796992481203008,6.6593886462882095,False,1.1128713278811233,False,2023-11,96,0.8122160361159436,0.1862660791485805,0.8122160361159436,0.967304531201031,0.8122160361159436,1.3438338156602667,0.8122160361159436,2.6708797014400374,9.0,0.8122160361159436,win,loss,loss,loss,loss,loss,loss,loss,2023
61732,41344,short,Asia,low,10.509383378016086,6.6593886462882095,False,1.1128713278811233,False,2024-08,96,2.2424519116826502,0.12631308074947903,4.214514884885722,0.12631308074947903,4.214514884885722,0.12631308074947903,7.026559845073656,0.12631308074947903,89.0,8.051669441031983,win,win,win,win,win,win,win,win,2024
61732,47722,short,Asia,low,0.5503577325261421,6.6593886462882095,False,1.1128713278811233,False,2024-12,96,1.3326908979656773,0.6199354464658572,1.3326908979656773,3.134165399337011,1.3326908979656773,3.134165399337011,1.7635800956464571,4.543496668431633,4.0,1.3326908979656773,win,win,loss,loss,loss,loss,loss,loss,2024
61732,17902,short,Asia,low,1.984978540772532,6.6593886462882095,False,1.1128713278811233,False,2023-08,96,1.0650360779590846,0.18924629223368034,1.3730869869839262,0.18924629223368034,2.718838398422926,0.4962458329681208,2.718838398422926,1.3520596211802103,31.0,2.718838398422926,win,win,win,win,win,loss,loss,loss,2023
61732,54033,short,Asia,low,4.137180185084377,6.6593886462882095,False,1.1128713278811233,False,2025-03,96,0.2029372826315526,1.1536845519468852,0.5834446875657533,1.1536845519468852,0.5834446875657533,3.1139058042156043,1.8302579925011275,3.1139058042156043,3.0,0.2029372826315526,loss,loss,loss,loss,loss,loss,loss,loss,2025
61764,28924,short,Overlap,low,22.19884271436086,27.306866952789697,False,1.8556481615377467,False,2024-02,96,0.39769778342234385,0.34897459948466647,1.5000077653267918,0.34897459948466647,1.5000077653267918,0.6800423877786362,1.5000077653267918,0.961554117195844,40.0,1.5000077653267918,win,win,win,loss,loss,loss,loss,loss,2024
61764,41655,short,Overlap,low,25.57894736842105,27.306866952789697,False,1.8556481615377467,False,2024-09,96,0.33679350113688045,0.5028184664860538,0.45279536004319104,0.5858309491606895,0.45279536004319104,0.5858309491606895,2.1803174670271344,0.5858309491606895,58.0,2.1803174670271344,win,win,win,win,loss,loss,loss,loss,2024
61764,65077,short,Overlap,low,19.662625197680548,27.306866952789697,False,1.8556481615377467,False,2025-08,96,0.0,2.585330841260977,0.0,6.179566125724105,0.0,8.521280878396212,0.0,9.682313321411,0.0,0.0,loss,loss,loss,loss,loss,loss,loss,loss,2025
61764,59223,short,Overlap,low,26.27118644067797,27.306866952789697,False,1.8556481615377467,False,2025-06,96,0.5238756798107707,2.09570463702297,0.5238756798107707,2.378086652137786,0.5238756798107707,2.3968650056634915,0.5238756798107707,2.771321528388124,2.0,0.5238756798107707,ambiguous,loss,loss,loss,loss,loss,loss,loss,2025
61764,22243,short,Overlap,low,18.301687763713083,27.306866952789697,False,1.8556481615377467,False,2023-11,96,0.3337139415730933,1.6558702344015377,0.3337139415730933,1.6558702344015377,1.5930783933867778,1.6558702344015377,2.4742807465046206,1.6558702344015377,0.0,0.3337139415730933,loss,loss,loss,loss,loss,loss,loss,loss,2023
61809,61202,long,Asia,low,4.261057173678533,0.4402861860209136,False,1.5415559446696212,False,2025-07,96,0.21238787645407403,1.9458623592060347,0.21238787645407403,3.043563965762463,0.21238787645407403,3.043563965762463,1.6379098722988605,3.043563965762463,0.0,0.21238787645407403,loss,loss,loss,loss,loss,loss,loss,loss,2025
61809,60721,long,Asia,low,0.16366612111292964,0.4402861860209136,False,1.5415559446696212,False,2025-06,96,1.0524852440254937,0.5266889685963433,1.9226379086682788,0.5266889685963433,1.9226379086682788,0.5266889685963433,2.3437659102535906,0.5266889685963433,35.0,2.3437659102535906,win,win,win,win,loss,loss,loss,loss,2025
61809,64476,long,Asia,low,0.6493506493506493,0.4402861860209136,False,1.5415559446696212,False,2025-08,96,0.2880218609354498,1.1406627770239701,0.526135967261997,1.1406627770239701,0.526135967261997,1.5937410071176055,0.526135967261997,3.1011957156043013,3.0,0.2880218609354498,loss,loss,loss,loss,loss,loss,loss,loss,2025
61809,54040,long,Asia,low,3.7960954446854664,0.4402861860209136,False,1.5415559446696212,False,2025-03,96,2.0772018617258894,0.10272298541197046,2.3531740613400896,0.10272298541197046,2.3531740613400896,0.10272298541197046,2.7967738192384695,1.2825041387628051,22.0,2.3531740613400896,win,win,win,win,loss,loss,loss,loss,2025
61809,16785,long,Asia,low,5.024311183144246,0.4402861860209136,False,1.5415559446696212,False,2023-08,96,0.5439488983091197,2.0738426575000455,0.5439488983091197,2.0738426575000455,0.5439488983091197,2.0738426575000455,0.5439488983091197,2.437874610392619,1.0,0.13673687851653146,loss,loss,loss,loss,loss,loss,loss,loss,2023
61859,29095,long,Overlap,mid,51.059322033898304,53.668987680771295,False,1.7970389482695277,False,2024-02,96,0.5401237616338419,0.6026428308173447,0.5401237616338419,1.6039728405256992,0.5401237616338419,2.4843643229611794,0.5401237616338419,2.974267848693602,7.0,0.5401237616338419,win,loss,loss,loss,loss,loss,loss,loss,2024
61859,18195,long,Overlap,mid,47.368421052631575,53.668987680771295,False,1.7970389482695277,False,2023-09,96,1.5889493953308633,1.4255275344436136,1.5889493953308633,2.3734648660170943,1.5889493953308633,2.582155940446596,1.5889493953308633,2.582155940446596,0.0,0.048890750625541275,loss,loss,loss,loss,loss,loss,loss,loss,2023
61859,70212,long,Overlap,mid,57.39084692267228,53.668987680771295,False,1.7970389482695277,False,2025-11,96,0.8587868577393258,0.3177168434145859,0.8587868577393258,0.7942921085364522,0.8587868577393258,0.7942921085364522,0.8587868577393258,3.299409768398261,20.0,0.8587868577393258,win,loss,loss,loss,loss,loss,loss,loss,2025
61859,59129,long,Overlap,mid,55.77942735949099,53.668987680771295,False,1.7970389482695277,False,2025-05,96,0.5700945383799366,0.6889294322447554,0.5700945383799366,2.6276681322980395,0.5700945383799366,2.6276681322980395,0.5700945383799366,2.6276681322980395,4.0,0.5700945383799366,win,loss,loss,loss,loss,loss,loss,loss,2025
61859,22065,long,Overlap,mid,61.61934805467929,53.668987680771295,False,1.7970389482695277,False,2023-11,96,0.019697096732957813,1.1775328469975959,0.019697096732957813,1.6232427923012351,0.36111344010430313,1.6232427923012351,0.36111344010430313,1.6232427923012351,1.0,0.019697096732957813,loss,loss,loss,loss,loss,loss,loss,loss,2023
62128,12520,short,London,low,11.610486891385769,1.827956989247312,False,0.9994402243953804,False,2023-06,96,0.4644724880976397,1.1106950802334123,0.4644724880976397,2.1099466810357512,0.4644724880976397,7.854147500020226,4.255794617190326,7.854147500020226,1.0,0.11443525069072036,loss,loss,loss,loss,loss,loss,loss,loss,2023
62128,59667,short,London,low,9.56196581196581,1.827956989247312,False,0.9994402243953804,False,2025-06,96,0.6933473516902204,0.8920942009531323,1.8237946167653076,0.8920942009531323,1.8237946167653076,0.8920942009531323,2.1563913849195906,4.328291227464749,20.0,2.1563913849195906,win,win,win,win,loss,loss,loss,loss,2025
62128,69727,short,London,low,8.680947012401354,1.827956989247312,False,0.9994402243953804,False,2025-11,96,0.7388795426458227,0.8958234623244954,1.2044280410195143,1.0667524837567393,1.2044280410195143,1.6539713673862864,1.2044280410195143,4.120166366614815,5.0,1.2044280410195143,win,win,loss,loss,loss,loss,loss,loss,2025
62128,33965,short,London,low,11.568938193343898,1.827956989247312,False,0.9994402243953804,False,2024-05,96,2.4203066867282446,0.19911911407011434,2.4203066867282446,3.0453744424273466,2.4203066867282446,3.0453744424273466,2.4203066867282446,3.0453744424273466,6.0,2.4203066867282446,win,win,win,win,loss,loss,loss,loss,2024
62128,62485,short,London,low,7.4034334763948495,1.827956989247312,False,0.9994402243953804,False,2025-07,96,1.310223481706039,0.8042956026314266,1.4197691193404598,0.8042956026314266,1.4197691193404598,4.463984733601334,1.4197691193404598,15.234410928516711,13.0,1.4197691193404598,win,win,loss,loss,loss,loss,loss,loss,2025
62139,22428,short,Overlap,mid,43.64786505007907,47.83538214858364,False,1.989626925257789,False,2023-11,96,0.13144791752150156,0.9098997241553451,2.06788045658383,0.9098997241553451,3.244716423083134,0.9098997241553451,4.209835047016917,0.9098997241553451,,4.969700980066721,win,win,win,win,win,win,win,win,2023
62139,70207,short,Overlap,mid,45.094936708860764,47.83538214858364,False,1.989626925257789,False,2025-11,96,1.2404375661160056,0.20902400975987073,1.2404375661160056,0.20902400975987073,1.700366534767987,0.20902400975987073,4.163727815544702,0.20902400975987073,,4.643183096844036,win,win,win,win,win,win,win,win,2025
62139,33329,short,Overlap,mid,55.60231457127828,47.83538214858364,False,1.989626925257789,False,2024-04,96,0.6716725407109742,0.3876050005489084,1.697737579489534,0.3876050005489084,1.697737579489534,0.3876050005489084,1.697737579489534,0.3876050005489084,,2.814004755688929,win,win,win,win,win,none,none,none,2024
62139,22063,short,Overlap,mid,41.8421052631579,47.83538214858364,False,1.989626925257789,False,2023-11,96,2.4863542229882545,0.016474865044763268,2.4863542229882545,0.016474865044763268,2.9630449902676985,0.016474865044763268,2.9630449902676985,0.016474865044763268,89.0,2.9630449902676985,win,win,win,win,win,loss,loss,loss,2023
62139,13714,short,Overlap,mid,44.42082890541977,47.83538214858364,False,1.989626925257789,False,2023-06,96,0.7675478206635228,0.5613730457775132,1.2742277070822732,1.4407653046802442,1.2742277070822732,2.0061327946805614,1.2742277070822732,2.0546806552349786,4.0,0.7675478206635228,win,loss,loss,loss,loss,loss,loss,loss,2023
62277,59189,long,Asia,low,7.605177993527508,8.532608695652174,False,2.175603444506554,False,2025-06,96,0.6443099768338965,0.08495484499178264,2.524402137889465,0.08495484499178264,4.69406599620356,0.08495484499178264,5.150750089769041,0.08495484499178264,,8.136498477351592,win,win,win,win,win,win,win,win,2025
62277,45018,long,Asia,low,18.419647624132406,8.532608695652174,False,2.175603444506554,False,2024-10,96,0.22310668764034858,0.752733824516203,1.0749320409913852,0.752733824516203,1.3400471049531664,0.752733824516203,1.3400471049531664,5.666507872032421,23.0,1.3400471049531664,win,win,loss,loss,loss,loss,loss,loss,2024
62277,25131,long,Asia,low,0.7065217391304348,8.532608695652174,False,2.175603444506554,False,2023-12,96,1.0292681410029352,0.017432091210000108,1.0982217462337942,0.3354709108424824,1.0982217462337942,1.6637962610490002,1.0982217462337942,4.3014653510334,15.0,1.0982217462337942,win,win,loss,loss,loss,loss,loss,loss,2023
62277,47740,long,Asia,low,3.2152588555858315,8.532608695652174,False,2.175603444506554,False,2024-12,96,0.47813505985833693,0.21160836785706216,0.5294049638672139,0.38058782676276826,0.5294049638672139,2.31501858700909,0.5294049638672139,3.133032785802985,9.0,0.5294049638672139,win,loss,loss,loss,loss,loss,loss,loss,2024
62277,17543,long,Asia,low,4.644954618259477,8.532608695652174,False,2.175603444506554,False,2023-08,96,0.03976158134317891,1.012777750074717,0.4524593739052003,1.012777750074717,1.3619484184217099,1.012777750074717,3.276445708612416,2.552510710364179,1.0,0.03976158134317891,loss,loss,loss,loss,loss,loss,loss,loss,2023
62296,64974,long,London,low,19.406150583244962,17.374932759548145,False,1.853627383818938,False,2025-08,96,0.18925508110423186,1.135325665109003,1.692440189571742,1.135325665109003,1.9195872512001726,1.135325665109003,3.7586796464760415,1.135325665109003,1.0,0.18925508110423186,loss,loss,loss,loss,loss,loss,loss,loss,2025
62296,16909,long,London,low,7.700477960701009,17.374932759548145,False,1.853627383818938,False,2023-08,96,0.8748170110176668,0.06245207886804512,0.8748170110176668,0.06245207886804512,0.8748170110176668,2.65518916562099,0.8748170110176668,3.186519742864963,11.0,0.8748170110176668,win,loss,loss,loss,loss,loss,loss,loss,2023
62296,59570,long,London,low,13.711837171933583,17.374932759548145,False,1.853627383818938,False,2025-06,96,1.0480000344050022,0.7487789573607732,1.0654303884076086,0.7487789573607732,1.0654303884076086,0.7597939727373897,1.0654303884076086,5.169915623639733,19.0,1.0654303884076086,win,win,loss,loss,loss,loss,loss,loss,2025
62296,11703,long,London,low,18.617021276595743,17.374932759548145,False,1.853627383818938,False,2023-05,96,0.9827601007556013,0.11712726165571505,1.2520141904196362,0.11712726165571505,1.398943063029081,0.11712726165571505,2.466256571607231,0.11712726165571505,59.0,2.466256571607231,win,win,win,win,loss,loss,loss,loss,2023
62296,14072,long,London,low,9.882478632478632,17.374932759548145,False,1.853627383818938,False,2023-07,96,0.4139880804898279,0.4896205182716514,0.4139880804898279,0.9305885911866324,0.4139880804898279,1.596684797615872,0.4139880804898279,2.543638302240587,10.0,0.4139880804898279,loss,loss,loss,loss,loss,loss,loss,loss,2023
62405,54068,long,London,low,19.017094017094017,12.846481876332621,False,2.7882203747610705,False,2025-03,96,0.8984306990341481,0.05427174647712171,0.8984306990341481,0.05427174647712171,0.9340388584874582,0.08017975214830009,5.378796665558273,0.3201050748096208,,7.11389632498856,win,win,win,win,win,win,win,win,2025
62405,16730,long,London,low,20.97457627118644,12.846481876332621,False,2.7882203747610705,False,2023-08,96,0.33474957412347306,0.0687177575500457,0.33474957412347306,1.4330931512304543,0.33474957412347306,3.2160480805270204,0.33474957412347306,3.2160480805270204,7.0,0.33474957412347306,loss,loss,loss,loss,loss,loss,loss,loss,2023
62405,10334,long,London,low,7.773664727657324,12.846481876332621,False,2.7882203747610705,False,2023-05,96,0.30537752509994437,0.6029307579214936,0.648035501643899,0.6029307579214936,0.648035501643899,1.4346070018636266,1.2083929045213284,1.4346070018636266,10.0,0.648035501643899,win,loss,loss,loss,loss,loss,loss,loss,2023
62405,70846,long,London,low,10.576414595452142,12.846481876332621,False,2.7882203747610705,False,2025-11,96,0.11963648276254642,1.3507421324389917,0.11963648276254642,1.3507421324389917,0.11963648276254642,2.080062256792206,0.11963648276254642,2.080062256792206,3.0,0.11963648276254642,loss,loss,loss,loss,loss,loss,loss,loss,2025
62405,71376,long,London,low,17.442482611021937,12.846481876332621,False,2.7882203747610705,False,2025-12,96,0.09703879931476676,0.6990567958164113,0.09703879931476676,0.8963609040843835,0.814967632639148,0.8963609040843835,1.1741451206925169,0.8963609040843835,,1.8575563886395634,win,win,win,none,none,none,none,none,2025
62737,69329,short,Asia,low,18.405963302752294,15.92391304347826,False,1.4747955899740548,False,2025-11,96,0.039050401098376056,1.2057434483815217,0.38078295368885906,1.2057434483815217,0.38078295368885906,1.606716290297823,1.1031322880486376,1.7166390150916917,1.0,0.02176852146335247,loss,loss,loss,loss,loss,loss,loss,loss,2025
62737,13578,short,Asia,low,9.412404787812841,15.92391304347826,False,1.4747955899740548,False,2023-06,96,0.28268813601066967,2.6298562956143305,0.28268813601066967,2.6298562956143305,0.28268813601066967,2.6298562956143305,0.6323005466450748,2.6298562956143305,0.0,0.28268813601066967,loss,loss,loss,loss,loss,loss,loss,loss,2023
62737,50480,short,Asia,low,9.075342465753424,15.92391304347826,False,1.4747955899740548,False,2025-01,96,0.5995709195557781,0.08430941221756978,1.6243837349983883,0.08430941221756978,2.2897898927798748,0.08430941221756978,4.231929420439193,0.08430941221756978,,8.745002179627937,win,win,win,win,win,win,win,win,2025
62737,61830,short,Asia,low,21.381936887921654,15.92391304347826,False,1.4747955899740548,False,2025-07,96,0.49794217952231945,1.732031835198606,0.7394451064819837,1.732031835198606,0.7394451064819837,1.732031835198606,0.7394451064819837,4.719490934077897,2.0,0.49794217952231945,loss,loss,loss,loss,loss,loss,loss,loss,2025
62737,22472,short,Asia,low,25.581395348837212,15.92391304347826,False,1.4747955899740548,False,2023-11,96,1.6244804331752596,0.06901114095619407,2.202501019850929,0.06901114095619407,2.7077462215181467,0.06901114095619407,4.067893072364238,0.06901114095619407,52.0,4.067893072364238,win,win,win,win,win,win,win,win,2023
62759,48856,short,London,mid,30.481862479696805,30.075187969924812,False,1.5037300164480367,False,2024-12,96,0.5290996453068582,0.22970778251849028,0.8101058061347274,0.22970778251849028,1.5076275607584135,0.22970778251849028,1.5076275607584135,5.718180293680663,22.0,1.5076275607584135,win,win,win,loss,loss,loss,loss,loss,2024
62759,37789,short,London,mid,34.20770877944325,30.075187969924812,False,1.5037300164480367,False,2024-07,96,0.9332197471460965,0.111068844420988,0.9332197471460965,0.14638149332663689,0.9332197471460965,0.5109770478389598,0.9869432642844831,0.9401615499223138,51.0,1.371458774589782,win,win,loss,loss,loss,loss,loss,loss,2024
62759,35875,short,London,mid,39.01656867985035,30.075187969924812,False,1.5037300164480367,False,2024-06,96,0.5987225140150513,0.8753343836163162,0.5987225140150513,0.9777066269452537,0.5987225140150513,3.486343620037938,0.5987225140150513,6.628344239787311,9.0,0.5987225140150513,win,loss,loss,loss,loss,loss,loss,loss,2024
62759,60138,short,London,mid,36.537440254912376,30.075187969924812,False,1.5037300164480367,False,2025-06,96,0.6160846710123082,0.32437536791461474,1.6330343843459456,0.3583857152342585,4.392308649499406,0.3583857152342585,4.392308649499406,0.3583857152342585,,5.638727386053187,win,win,win,win,win,win,win,win,2025
62759,40911,short,London,mid,33.245243128964056,30.075187969924812,False,1.5037300164480367,False,2024-08,96,0.14403281868331383,1.1886766437228196,0.2637122622268309,1.2842346490328904,3.375145857454562,1.2842346490328904,3.375145857454562,2.5445797967381574,2.0,0.14403281868331383,loss,loss,loss,loss,loss,loss,loss,loss,2024
62869,24423,short,Overlap,mid,41.7558886509636,42.28723404255319,False,2.185018858699608,False,2023-12,96,6.370865711292314,0.321065209257724,6.370865711292314,0.321065209257724,8.414007952023445,0.321065209257724,8.414007952023445,0.321065209257724,,9.572812686553421,win,win,win,win,win,win,win,win,2023
62869,42558,short,Overlap,mid,49.76101964949549,42.28723404255319,False,2.185018858699608,False,2024-09,96,0.484232226501352,0.742072361073488,0.627101022378985,1.3460100402154733,0.8927186298628513,1.3460100402154733,0.8927186298628513,1.3460100402154733,5.0,0.484232226501352,loss,loss,loss,loss,loss,loss,loss,loss,2024
62869,33978,short,Overlap,mid,43.33683105981112,42.28723404255319,False,2.185018858699608,False,2024-05,96,1.1275808103618297,0.047996709245346214,1.1275808103618297,0.047996709245346214,1.2961846351466715,0.047996709245346214,1.2961846351466715,0.047996709245346214,,2.3146447219251303,win,win,win,win,none,none,none,none,2024
62869,5648,short,Overlap,mid,34.146341463414636,42.28723404255319,False,2.185018858699608,False,2023-02,96,1.9029449997151415,1.148835285936759,1.9029449997151415,1.148835285936759,1.9029449997151415,1.148835285936759,1.9029449997151415,1.148835285936759,3.0,1.9029449997151415,win,win,win,loss,loss,loss,loss,loss,2023
62869,30933,short,Overlap,mid,38.37638376383764,42.28723404255319,False,2.185018858699608,False,2024-03,96,1.300733564279812,0.4863956921899463,1.300733564279812,3.0222177942296,1.300733564279812,3.0222177942296,1.300733564279812,9.807140599943555,5.0,1.300733564279812,win,win,loss,loss,loss,loss,loss,loss,2024
63011,33107,short,Asia,low,22.758990874932906,17.79107725788901,False,2.1991628892210744,False,2024-04,96,0.4290413263727615,0.3506297780086449,0.5471348324110147,0.3506297780086449,1.149348222073692,0.5409444470138153,2.5650417440561704,0.5409444470138153,44.0,2.5650417440561704,win,win,win,win,win,loss,loss,loss,2024
63011,15233,short,Asia,low,9.881209503239742,17.79107725788901,False,2.1991628892210744,False,2023-07,96,0.5336794638740588,0.30202304474050695,0.8455854616493055,0.30202304474050695,2.393255906883905,0.7633592924005369,3.6187420831871395,0.7633592924005369,,5.378303041485812,win,win,win,win,win,win,win,win,2023
63011,27589,short,Asia,low,16.440586001085187,17.79107725788901,False,2.1991628892210744,False,2024-01,96,0.01916742786624401,0.6002889909015696,0.01916742786624401,0.7280718433431523,0.01916742786624401,1.6013514735517875,0.01916742786624401,2.897185763538765,13.0,0.01916742786624401,loss,loss,loss,loss,loss,loss,loss,loss,2024
63011,10943,short,Asia,low,17.618534482758623,17.79107725788901,False,2.1991628892210744,False,2023-05,96,0.32876929405902433,0.31714900004494917,0.32876929405902433,0.31714900004494917,1.2232485113439113,0.31714900004494917,2.319240632142527,0.31714900004494917,,4.853314992644351,win,win,win,win,win,win,win,win,2023
63011,60916,short,Asia,low,19.25162689804772,17.79107725788901,False,2.1991628892210744,False,2025-06,96,1.7757526914700705,0.23234249549743877,1.9407431976844884,0.23234249549743877,2.3993052805627233,0.23234249549743877,3.182381493622776,0.23234249549743877,,6.65614781101062,win,win,win,win,win,win,win,win,2025
63267,40846,long,New York,high,87.33715476810839,88.53403141361257,False,1.3069894219818803,False,2024-08,96,0.7737540891229431,0.19324604613917623,0.7737540891229431,0.19324604613917623,0.9917910622966437,0.19324604613917623,1.454503706637835,0.19324604613917623,74.0,1.454503706637835,win,win,loss,loss,loss,loss,loss,loss,2024
63267,46987,long,New York,high,79.84293193717278,88.53403141361257,False,1.3069894219818803,False,2024-11,96,0.9593503873007575,0.5058165069288566,1.6119879688071275,0.5058165069288566,1.6818175042769223,0.5058165069288566,2.553075246831107,0.5058165069288566,,8.2370203839833,win,win,win,win,win,win,win,win,2024
63267,65909,long,New York,high,96.1599158337717,88.53403141361257,False,1.3069894219818803,False,2025-09,96,0.09385304514678665,0.9595645078705891,0.09385304514678665,0.9595645078705891,0.09385304514678665,1.1288657988113318,0.43291288912393,1.1288657988113318,9.0,0.09385304514678665,loss,loss,loss,loss,loss,loss,loss,loss,2025
63267,7146,long,New York,high,96.86192468619247,88.53403141361257,False,1.3069894219818803,False,2023-03,96,0.1737197050861651,1.5599838964961363,0.7522031471602113,1.5599838964961363,0.7522031471602113,1.5599838964961363,0.7522031471602113,2.4549420846732652,1.0,0.1737197050861651,loss,loss,loss,loss,loss,loss,loss,loss,2023
63267,33251,long,New York,high,89.55613577023499,88.53403141361257,False,1.3069894219818803,False,2024-04,96,0.44767090701957574,0.338135797369651,0.814006446563733,0.338135797369651,0.9962603358024017,0.338135797369651,0.9962603358024017,0.338135797369651,,3.103538291533699,win,win,win,win,win,win,none,none,2024
63325,60133,long,London,mid,45.367412140575084,45.74749075541469,False,2.762453580711928,False,2025-06,96,0.5868842634415681,0.045398233581260515,0.5868842634415681,0.2426843844528553,0.5868842634415681,2.2107118220005595,0.5868842634415681,2.2107118220005595,13.0,0.5868842634415681,win,loss,loss,loss,loss,loss,loss,loss,2025
63325,43283,long,London,mid,41.55982905982906,45.74749075541469,False,2.762453580711928,False,2024-09,96,0.9112554313016428,0.07803329097729954,2.553711700279504,0.07803329097729954,2.553711700279504,1.2252671744380608,2.553711700279504,1.9106595801887123,14.0,2.553711700279504,win,win,win,win,win,loss,loss,loss,2024
63325,41270,long,London,mid,52.31014338821031,45.74749075541469,False,2.762453580711928,False,2024-08,96,0.3117339782936402,0.33819871514985417,0.3117339782936402,0.47808375281855514,0.3859727206436298,0.47808375281855514,1.0718791256579798,0.8693265076413293,,2.064134908826386,win,win,win,win,none,none,none,none,2024
63325,29354,long,London,mid,40.192410475681456,45.74749075541469,False,2.762453580711928,False,2024-02,96,0.47590138870557924,0.33909247771258083,0.47590138870557924,0.6669752867404809,0.47590138870557924,0.7355071248356669,0.47590138870557924,2.1695804208869247,17.0,0.47590138870557924,loss,loss,loss,loss,loss,loss,loss,loss,2024
63325,53791,long,London,mid,44.36130411544629,45.74749075541469,False,2.762453580711928,False,2025-03,96,1.4879068980740102,0.3707054779225931,1.4999712775330394,0.3707054779225931,1.4999712775330394,0.48078047728420986,1.4999712775330394,0.48078047728420986,35.0,1.4999712775330394,win,win,loss,loss,loss,loss,loss,loss,2025
63382,61288,short,Asia,low,3.6255411255411256,12.378902045209902,False,2.112258439557961,False,2025-07,96,0.007835839911160089,0.6536273254210757,0.007835839911160089,1.9262860038250758,0.007835839911160089,2.401019625613608,0.6588019366830852,2.401019625613608,7.0,0.007835839911160089,loss,loss,loss,loss,loss,loss,loss,loss,2025
63382,59837,short,Asia,low,5.651237890204521,12.378902045209902,False,2.112258439557961,False,2025-06,96,1.0160955814698984,0.2398445243381836,1.0160955814698984,0.2398445243381836,1.0160955814698984,0.9653093375219245,1.805197658967986,2.476910608119214,28.0,1.805197658967986,win,win,win,loss,loss,loss,loss,loss,2025
63382,45368,short,Asia,low,12.722371967654986,12.378902045209902,False,2.112258439557961,False,2024-10,96,0.35182456622823505,1.2474975740840835,0.7694107336205657,1.2474975740840835,0.7694107336205657,1.2474975740840835,1.2784055266311536,1.2474975740840835,0.0,0.0,loss,loss,loss,loss,loss,loss,loss,loss,2024
63382,42520,short,Asia,low,13.550135501355012,12.378902045209902,False,2.112258439557961,False,2024-09,96,0.36652015254487,0.8851988018380008,0.36652015254487,0.8851988018380008,0.36652015254487,1.034486383553341,2.402477396772424,1.034486383553341,12.0,0.36652015254487,loss,loss,loss,loss,loss,loss,loss,loss,2024
63382,60909,short,Asia,low,9.79858464888405,12.378902045209902,False,2.112258439557961,False,2025-06,96,0.24678371664664597,0.7102587113285841,1.5556761960785468,0.7102587113285841,3.5085983018608013,0.7102587113285841,4.470784736436269,0.7102587113285841,,8.825057723377098,win,win,win,win,win,win,win,win,2025
63469,62101,short,Asia,low,4.25531914893617,11.602806260118728,False,2.017252412488992,False,2025-07,96,0.044796010571665455,0.7644838548341034,0.044796010571665455,1.1855316286184296,0.044796010571665455,1.270609323115107,0.3746891116810873,1.3713135329274393,6.0,0.044796010571665455,loss,loss,loss,loss,loss,loss,loss,loss,2025
63469,27594,short,Asia,low,4.707792207792208,11.602806260118728,False,2.017252412488992,False,2024-01,96,0.3058258918297289,0.35259926352137877,0.3058258918297289,0.4590986329115252,0.3058258918297289,3.0399093647878552,0.36339311852712525,3.0399093647878552,8.0,0.3058258918297289,loss,loss,loss,loss,loss,loss,loss,loss,2024
63469,41796,short,Asia,low,1.992460958535272,11.602806260118728,False,2.017252412488992,False,2024-09,96,2.5393490399498524,0.06607872027678086,3.0128686144031924,0.06607872027678086,5.704439483654581,0.06607872027678086,5.704439483654581,0.06607872027678086,32.0,5.704439483654581,win,win,win,win,win,win,win,win,2024
63469,14497,short,Asia,low,14.425694066412628,11.602806260118728,False,2.017252412488992,False,2023-07,96,0.10742403692359545,1.1186638431513984,0.10742403692359545,1.3718776444712102,0.10742403692359545,4.555829174942582,0.10742403692359545,4.7585617559035756,2.0,0.10742403692359545,loss,loss,loss,loss,loss,loss,loss,loss,2023
63469,64112,short,Asia,low,7.127429805615551,11.602806260118728,False,2.017252412488992,False,2025-08,96,0.6092594426125787,0.6772423034012685,0.6092594426125787,0.8268784915504865,0.6092594426125787,2.2491612231071754,0.6092594426125787,2.2491612231071754,9.0,0.6092594426125787,win,loss,loss,loss,loss,loss,loss,loss,2025
63579,19734,short,Asia,mid,47.19827586206897,38.21485836451096,False,1.2507460871888898,False,2023-09,96,2.2804864810146235,0.4283259079997358,2.2804864810146235,0.8610599728573327,2.506771866373025,0.8610599728573327,4.253871367614178,1.830854481536172,26.0,2.506771866373025,win,win,win,win,win,loss,loss,loss,2023
63579,63291,short,Asia,mid,46.422807961269505,38.21485836451096,False,1.2507460871888898,False,2025-08,96,0.0,1.4548461263180925,0.0,1.735498534099333,0.1481949629874048,1.8443497016033121,0.5466601805772046,1.8443497016033121,3.0,0.0,loss,loss,loss,loss,loss,loss,loss,loss,2025
63579,32186,short,Asia,mid,47.475832438238456,38.21485836451096,False,1.2507460871888898,False,2024-04,96,0.32833075305666487,1.1926874595197487,0.32833075305666487,2.419545087909853,0.32833075305666487,2.419545087909853,2.1467780007551895,2.419545087909853,3.0,0.32833075305666487,loss,loss,loss,loss,loss,loss,loss,loss,2024
63579,24854,short,Asia,mid,32.2457857531267,38.21485836451096,False,1.2507460871888898,False,2023-12,96,0.4769967503141551,0.6667988760328707,0.4769967503141551,1.5089042500443388,0.4769967503141551,3.8214098629161715,4.023895662906949,4.1425786150270945,5.0,0.4769967503141551,loss,loss,loss,loss,loss,loss,loss,loss,2023
63579,27967,short,Asia,mid,41.12250404749055,38.21485836451096,False,1.2507460871888898,False,2024-02,96,0.6594990734498658,0.6992964313304141,1.601952988094698,0.6992964313304141,3.8979544042828334,0.6992964313304141,4.283245308599394,0.6992964313304141,,6.809721533612529,win,win,win,win,win,win,win,win,2024
63949,32101,long,Asia,mid,42.69662921348314,36.67912439935932,False,1.77425520543407,False,2024-04,96,0.6296121475080024,0.47959542993149096,2.7074009442312286,0.47959542993149096,4.615247138753286,0.47959542993149096,4.615247138753286,0.47959542993149096,41.0,4.615247138753286,win,win,win,win,win,win,win,win,2024
63949,3040,long,Asia,mid,44.3058568329718,36.67912439935932,False,1.77425520543407,False,2023-01,96,0.5668717806725521,0.3770189884093442,1.9573345265243334,0.3770189884093442,3.1274963907877935,0.3770189884093442,3.1274963907877935,1.5874797944267725,25.0,3.1274963907877935,win,win,win,win,win,win,loss,loss,2023
63949,70065,long,Asia,mid,44.20368364030336,36.67912439935932,False,1.77425520543407,False,2025-11,96,0.13769697502483336,0.8002916659414082,1.0809606652324766,0.8002916659414082,1.4962950020533794,0.8002916659414082,1.4962950020533794,1.7011730639683746,24.0,1.4962950020533794,win,win,loss,loss,loss,loss,loss,loss,2025
63949,47639,long,Asia,mid,36.418400876232205,36.67912439935932,False,1.77425520543407,False,2024-12,96,0.6182791526476309,0.1339860529310003,1.0202373114407868,0.1339860529310003,2.224066199226013,0.1339860529310003,2.224066199226013,0.1339860529310003,,3.1785037442146526,win,win,win,win,win,win,none,none,2024
63949,24939,long,Asia,mid,40.775109170305676,36.67912439935932,False,1.77425520543407,False,2023-12,96,0.5095616596416405,0.18497177173728116,0.7484835314688975,0.19445750362122183,0.8059907810154773,0.19445750362122183,1.5420242893866984,0.9957054186947625,,3.4317599381449075,win,win,win,win,win,win,none,none,2023
64408,49103,long,Asia,low,2.31023102310231,6.463675213675215,False,2.1125211993399833,False,2024-12,96,0.4514962376240789,0.32958516561253937,0.4514962376240789,0.6421594839676296,0.5604129124251268,0.8845640573858498,0.6327090132690707,0.8845640573858498,37.0,0.9029924752481578,win,loss,loss,loss,loss,loss,loss,loss,2024
64408,37304,long,Asia,low,1.1937059142702116,6.463675213675215,False,2.1125211993399833,False,2024-06,96,0.5018494589225235,0.12269481256741588,0.8364157648709192,0.12269481256741588,1.527073782481069,0.6113215222658414,5.136576814853925,0.6113215222658414,,9.999780977145246,win,win,win,win,win,win,win,win,2024
64408,71422,long,Asia,low,1.0422380691168405,6.463675213675215,False,2.1125211993399833,False,2025-12,96,0.23130204168422214,1.4895939894227999,0.23130204168422214,1.5039605758628267,0.657326585732407,1.5039605758628267,2.4621013792084403,1.5039605758628267,3.0,0.23130204168422214,loss,loss,loss,loss,loss,loss,loss,loss,2025
64408,71605,long,Asia,low,3.128430296377607,6.463675213675215,False,2.1125211993399833,False,2025-12,96,0.46861744234554364,0.41612402212251054,0.46861744234554364,0.41612402212251054,0.6219643628396972,0.702254495739922,0.6219643628396972,2.3438105462584042,21.0,0.6219643628396972,win,loss,loss,loss,loss,loss,loss,loss,2025
64408,10023,long,Asia,low,3.8254310344827585,6.463675213675215,False,2.1125211993399833,False,2023-05,96,0.45946183790357614,0.1568107115317339,0.6901607242104753,0.1568107115317339,0.6901607242104753,0.9563517468724004,0.6901607242104753,1.5119650087192833,21.0,0.6901607242104753,win,loss,loss,loss,loss,loss,loss,loss,2023
64519,71380,short,London,low,20.0747463961559,24.85457429931253,False,3.6056757767311636,False,2025-12,96,0.3331580166204656,0.19087989210198694,0.3331580166204656,0.9545368830383906,0.3331580166204656,1.2248011891102777,0.3331580166204656,1.2248011891102777,13.0,0.3331580166204656,loss,loss,loss,loss,loss,loss,loss,loss,2025
64519,36617,short,London,low,18.060735215769846,24.85457429931253,False,3.6056757767311636,False,2024-06,96,0.34242122149693727,0.1948618791869458,0.43886925123322024,0.5652960316136143,0.43886925123322024,0.8975195633422446,1.276185585822896,0.8975195633422446,,1.6999425980018876,win,win,win,none,none,none,none,none,2024
64519,36241,short,London,low,24.665596575708935,24.85457429931253,False,3.6056757767311636,False,2024-06,96,0.4089726795135435,0.24253979654252894,0.4089726795135435,0.44964850315284,0.4089726795135435,1.7419508885749102,0.4089726795135435,1.7419508885749102,12.0,0.4089726795135435,loss,loss,loss,loss,loss,loss,loss,loss,2024
64519,34321,short,London,low,26.953748006379584,24.85457429931253,False,3.6056757767311636,False,2024-05,96,0.2887855521254767,0.11129852202858785,0.460061045311284,0.11129852202858785,0.527776980488793,0.6343913927156462,1.1728603629693113,0.6343913927156462,,1.1728603629693113,win,win,none,none,none,none,none,none,2024
64519,19193,short,London,low,25.816818425281202,24.85457429931253,False,3.6056757767311636,False,2023-09,96,0.30486403942289664,0.12403213771202005,0.30486403942289664,0.7514376941289577,0.30486403942289664,1.1455585055502646,0.30486403942289664,4.580495253915154,14.0,0.30486403942289664,loss,loss,loss,loss,loss,loss,loss,loss,2023
64576,16989,short,Asia,low,5.665419561731695,4.202586206896552,False,1.6298284798381382,False,2023-08,96,0.4177125677839288,2.139572514768247,0.4177125677839288,2.321507025295506,0.4177125677839288,2.321507025295506,0.4177125677839288,5.673409502736322,2.0,0.4177125677839288,loss,loss,loss,loss,loss,loss,loss,loss,2023
64576,4339,short,Asia,low,10.512129380053908,4.202586206896552,False,1.6298284798381382,False,2023-02,96,0.2088846315879431,0.7691823181970873,0.2088846315879431,1.4362781623098306,1.7378259011435175,1.4362781623098306,2.0719627836273298,1.4362781623098306,6.0,0.2088846315879431,loss,loss,loss,loss,loss,loss,loss,loss,2023
64576,9938,short,Asia,low,1.2345679012345678,4.202586206896552,False,1.6298284798381382,False,2023-05,96,0.32105956253627116,0.3999640312950629,0.3564305312902514,0.986305859486289,0.7631966719611273,1.640215307476756,1.6406687814352328,3.6627091618716876,8.0,0.3564305312902514,loss,loss,loss,loss,loss,loss,loss,loss,2023
64576,4150,short,Asia,low,1.0810810810810811,4.202586206896552,False,1.6298284798381382,False,2023-02,96,1.1692264141949698,0.2045669378832563,1.390482962394969,0.2045669378832563,2.2654953890050074,0.5684004427897281,2.2659722350140474,1.678974797871306,28.0,2.2659722350140474,win,win,win,win,loss,loss,loss,loss,2023
64576,58374,short,Asia,low,3.804930332261522,4.202586206896552,False,1.6298284798381382,False,2025-05,96,0.9069902945250025,0.31964143303982995,1.0627923083084647,0.31964143303982995,1.145515758483939,2.31489642860293,1.145515758483939,4.16040837758531,11.0,1.145515758483939,win,win,loss,loss,loss,loss,loss,loss,2025
64597,22140,long,London,low,17.453580901856764,9.696323921150771,False,1.4475984416501264,False,2023-11,96,0.36747862956638555,0.5940904511323286,0.36747862956638555,1.0958401184249367,6.95147074263098,1.6781524083532784,6.95147074263098,1.6781524083532784,5.0,0.36747862956638555,loss,loss,loss,loss,loss,loss,loss,loss,2023
64597,28355,long,London,low,7.261078483715963,9.696323921150771,False,1.4475984416501264,False,2024-02,96,1.0234836785486296,0.20265882573028587,1.2318033653329585,0.20265882573028587,3.3246236969669103,3.4338783153075463,3.3246236969669103,6.288084458693677,9.0,1.2318033653329585,win,win,loss,loss,loss,loss,loss,loss,2024
64597,4176,long,London,low,14.072494669509595,9.696323921150771,False,1.4475984416501264,False,2023-02,96,1.6624405822742028,0.21047883851755766,2.236979363024079,0.21047883851755766,2.9355808737945006,0.21047883851755766,2.9355808737945006,2.4898106507555875,17.0,2.9355808737945006,win,win,win,win,win,loss,loss,loss,2023
64597,10515,long,London,low,17.796610169491526,9.696323921150771,False,1.4475984416501264,False,2023-05,96,0.645870906929444,0.47900708650164325,0.645870906929444,1.1888009495152663,7.268123123608142,2.2883588109909265,7.268123123608142,3.8100572331009794,7.0,0.645870906929444,win,loss,loss,loss,loss,loss,loss,loss,2023
64597,8296,long,London,low,18.433670751198722,9.696323921150771,False,1.4475984416501264,False,2023-04,96,0.4550795898656277,1.083762183851449,0.4550795898656277,2.0932887846492956,0.4550795898656277,2.211215101479309,1.8787015523847925,6.7538914832385775,2.0,0.4550795898656277,loss,loss,loss,loss,loss,loss,loss,loss,2023
64617,69752,short,Overlap,low,11.450806003335186,17.87032156035846,False,1.2505124876853704,False,2025-11,96,1.4205558917009689,0.9668404011644773,1.4205558917009689,0.9668404011644773,1.4205558917009689,3.375317455997822,1.4205558917009689,4.146442146619343,8.0,1.4205558917009689,win,win,loss,loss,loss,loss,loss,loss,2025
64617,5383,short,Overlap,low,12.546125461254611,17.87032156035846,False,1.2505124876853704,False,2023-02,96,0.7959064159659095,0.3654722919419012,1.5709853743177995,0.4517574734858571,2.4318536223655904,0.4517574734858571,2.849890450190708,0.4517574734858571,,7.826165144407454,win,win,win,win,win,win,win,win,2023
64617,28932,short,Overlap,low,24.25353588266108,17.87032156035846,False,1.2505124876853704,False,2024-02,96,0.20629696561397248,0.7396352973044221,0.20629696561397248,1.5708907175727596,0.39742503669758494,1.5708907175727596,0.5533612724704365,1.9810576256758912,4.0,0.20629696561397248,loss,loss,loss,loss,loss,loss,loss,loss,2024
64617,59588,short,Overlap,low,9.655172413793103,17.87032156035846,False,1.2505124876853704,False,2025-06,96,2.469564073121687,1.501595189360609,4.327859308096517,1.501595189360609,7.6393417964919115,1.501595189360609,9.388861551883501,1.501595189360609,1.0,2.469564073121687,ambiguous,ambiguous,ambiguous,ambiguous,loss,loss,loss,loss,2025
64617,6202,short,Overlap,low,27.595338983050848,17.87032156035846,False,1.2505124876853704,False,2023-03,96,2.412682770368036,0.579689017969006,3.778889293895464,0.579689017969006,3.778889293895464,0.6323448943965649,3.778889293895464,4.440171201464033,19.0,3.778889293895464,win,win,win,win,win,win,win,loss,2023
64661,48276,short,Asia,low,22.64980758658604,18.226068144943213,False,1.7076177608031073,False,2024-12,96,3.646791525461183,0.02308225185560732,3.646791525461183,0.02308225185560732,3.646791525461183,0.02308225185560732,3.646791525461183,0.46675172999944614,,8.788822728644805,win,win,win,win,win,win,win,win,2024
64661,22477,short,Asia,low,25.94390507011866,18.226068144943213,False,1.7076177608031073,False,2023-11,96,1.0469286143677257,0.167638362837778,1.0469286143677257,0.167638362837778,1.0469286143677257,0.167638362837778,2.219315616407683,0.167638362837778,47.0,2.219315616407683,win,win,win,win,loss,loss,loss,loss,2023
64661,45656,short,Asia,low,13.444027852169254,18.226068144943213,False,1.7076177608031073,False,2024-11,96,0.15977530164094428,0.7885598910460871,0.25368297065179785,1.4419456444454608,1.3676130951719778,1.4419456444454608,1.9551312159412608,2.0252313068931076,4.0,0.15977530164094428,loss,loss,loss,loss,loss,loss,loss,loss,2024
64661,59101,short,Asia,low,14.96232508073197,18.226068144943213,False,1.7076177608031073,False,2025-05,96,0.773965140417712,0.9456804973917278,1.1497927392682497,0.9456804973917278,1.1497927392682497,0.9456804973917278,1.6874860927231177,1.3393085824523814,26.0,1.6874860927231177,win,win,ambiguous,loss,loss,loss,loss,loss,2025
64661,13044,short,Asia,low,15.209125475285171,18.226068144943213,False,1.7076177608031073,False,2023-06,96,0.6336184535276107,0.10651526162298819,0.7397127062112921,0.10651526162298819,0.7561320548409072,0.7270824380347682,2.5845738778779017,1.2533436120610644,24.0,1.2828142378065102,win,win,loss,loss,loss,loss,loss,loss,2023
64849,13400,short,Asia,low,14.816839803171131,13.38370210469509,False,2.0887623734822616,False,2023-06,96,0.06410515283131243,0.7166168201977212,0.06410515283131243,2.420954375080783,0.06410515283131243,2.7235736719658905,0.06410515283131243,3.4376835867456066,5.0,0.06410515283131243,loss,loss,loss,loss,loss,loss,loss,loss,2023
64849,15128,short,Asia,low,10.386079390973354,13.38370210469509,False,2.0887623734822616,False,2023-07,96,0.08164293240339483,2.7439485047845023,0.08164293240339483,3.1948495730832676,0.08164293240339483,3.797432434577998,0.18525071464114432,3.797432434577998,2.0,0.08164293240339483,loss,loss,loss,loss,loss,loss,loss,loss,2023
64849,49549,short,Asia,low,14.402618657937808,13.38370210469509,False,2.0887623734822616,False,2025-01,96,0.8925109466093534,0.40100540935308265,1.015880370361176,0.7248775377814466,1.015880370361176,0.9878319045704235,2.37864137624475,0.9878319045704235,,5.286916672930159,win,win,win,win,win,win,win,win,2025
64849,49096,short,Asia,low,3.7548315847598013,13.38370210469509,False,2.0887623734822616,False,2024-12,96,0.08200242978876225,0.6673380835484363,0.11688233654404853,0.699446077184063,0.36981940870932645,0.699446077184063,0.6068179804367987,0.8059337395295199,41.0,0.6068179804367987,win,loss,loss,loss,loss,loss,loss,loss,2024
64849,69883,short,Asia,low,10.824742268041238,13.38370210469509,False,2.0887623734822616,False,2025-11,96,0.6781077722948635,0.06813101702747103,1.4446017288415656,0.06813101702747103,2.4969897650654156,0.06813101702747103,2.8811974627328225,0.06813101702747103,55.0,2.8811974627328225,win,win,win,win,win,loss,loss,loss,2025
64894,33421,long,Overlap,mid,30.405049973698056,33.9304531085353,False,1.5590068603544647,False,2024-04,96,1.0840690508988609,1.6878747539092989,1.1181288519031853,1.6878747539092989,2.568995759770934,1.6878747539092989,2.568995759770934,1.6878747539092989,0.0,0.5133154624724809,ambiguous,loss,loss,loss,loss,loss,loss,loss,2024
64894,60420,long,Overlap,mid,34.30386447856009,33.9304531085353,False,1.5590068603544647,False,2025-06,96,0.7817600548020828,0.7578587683447353,0.7817600548020828,0.7578587683447353,0.939803954579098,0.7578587683447353,0.939803954579098,1.4852366826117798,28.0,0.939803954579098,win,loss,loss,loss,loss,loss,loss,loss,2025
64894,70300,long,Overlap,mid,43.64786505007907,33.9304531085353,False,1.5590068603544647,False,2025-11,96,2.2365426886310407,0.0731830740520487,2.3381779829625127,0.0731830740520487,2.3381779829625127,0.6048573992734345,2.3562260331397646,0.6048573992734345,,5.0271251293698285,win,win,win,win,win,win,win,win,2025
64894,25159,long,Overlap,mid,43.308351177730195,33.9304531085353,False,1.5590068603544647,False,2023-12,96,2.514096825718375,1.0293966714235683,2.514096825718375,1.0293966714235683,2.514096825718375,1.0293966714235683,2.514096825718375,1.1235383690097307,0.0,0.3276131075997737,loss,loss,loss,loss,loss,loss,loss,loss,2023
64894,57668,long,Overlap,mid,40.58047493403694,33.9304531085353,False,1.5590068603544647,False,2025-05,96,1.0446373396281348,0.5971376723409361,1.5095806306928974,0.5971376723409361,1.5095806306928974,4.6437755191521735,1.5095806306928974,6.118940351581323,11.0,1.5095806306928974,win,win,win,loss,loss,loss,loss,loss,2025
64940,40424,short,Asia,low,18.98123324396783,28.185745140388768,False,2.5814568756158676,False,2024-08,96,0.22916861106402348,0.14212577742718902,0.3075218893969877,0.7331628186867547,0.3075218893969877,1.6396749016553114,0.3075218893969877,2.568868196772877,10.0,0.3075218893969877,loss,loss,loss,loss,loss,loss,loss,loss,2024
64940,36933,short,Asia,low,21.643835616438356,28.185745140388768,False,2.5814568756158676,False,2024-06,96,0.2757053111746836,0.35158256987787756,0.2757053111746836,0.4525728692866109,0.2757053111746836,1.0676629877107182,0.818505748139164,1.515392627718473,15.0,0.2757053111746836,loss,loss,loss,loss,loss,loss,loss,loss,2024
64940,51388,short,Asia,low,21.181716833890746,28.185745140388768,False,2.5814568756158676,False,2025-01,96,0.11559454887259524,0.22383619005046004,0.22315219863710706,0.22383619005046004,0.5203464677797641,1.006835360593851,0.7139160377852527,1.3118955309911948,13.0,0.5203464677797641,win,loss,loss,loss,loss,loss,loss,loss,2025
64940,57076,short,Asia,low,26.253369272237197,28.185745140388768,False,2.5814568756158676,False,2025-04,96,0.4606242832156175,0.026633190821964237,0.6844730041239522,0.026633190821964237,0.6844730041239522,0.1824048776293146,2.599009670209705,0.1831843856533826,,5.2520002710853895,win,win,win,win,win,win,win,win,2025
64940,40136,short,Asia,low,25.79600647598489,28.185745140388768,False,2.5814568756158676,False,2024-08,96,0.08498332895731905,0.6927897163925714,0.49655548407289496,0.6927897163925714,0.6755121139763852,0.6927897163925714,1.0116527853728494,0.6927897163925714,37.0,1.0116527853728494,win,win,loss,loss,loss,loss,loss,loss,2024
64963,64039,long,Asia,low,15.980758952431854,19.306666666666665,False,2.115360417603584,False,2025-08,96,0.5695882767927148,0.45142563650144163,1.2055440418992038,2.4112464787584718,1.2055440418992038,2.7508452733756723,1.2055440418992038,2.7508452733756723,6.0,1.2055440418992038,win,win,loss,loss,loss,loss,loss,loss,2025
64963,27314,long,Asia,low,16.21475054229935,19.306666666666665,False,2.115360417603584,False,2024-01,96,0.48121718071998404,0.028679819428115854,0.48121718071998404,0.12558741981155336,0.48121718071998404,0.20317387868543663,1.300554337855657,0.7671096964929079,42.0,2.3562735856460555,win,win,ambiguous,ambiguous,loss,loss,loss,loss,2024
64963,9482,long,Asia,low,28.81628280664167,19.306666666666665,False,2.115360417603584,False,2023-04,96,1.1491919812230629,0.0611614779922241,1.4428661225138277,0.0611614779922241,1.5201227262935593,1.0261261732790994,1.5201227262935593,3.7127740931821207,15.0,1.5201227262935593,win,win,win,loss,loss,loss,loss,loss,2023
64963,17263,long,Asia,low,11.342964151952915,19.306666666666665,False,2.115360417603584,False,2023-08,96,1.6283143198464618,0.5396795259978965,1.9209218128483836,0.5396795259978965,2.5550452558958687,0.5396795259978965,3.4746085732405954,0.9806988886491584,32.0,3.4746085732405954,win,win,win,win,win,win,loss,loss,2023
64963,46755,long,Asia,low,25.080558539205157,19.306666666666665,False,2.115360417603584,False,2024-11,96,0.18719284214296006,0.5801018904468817,0.18719284214296006,0.5801018904468817,0.49318456697797236,1.1391868871041733,2.2995687772672952,1.1391868871041733,9.0,0.44901346816592097,loss,loss,loss,loss,loss,loss,loss,loss,2024
65502,2595,short,Asia,mid,53.68477676169984,54.1890440386681,False,1.821792309578234,False,2023-01,96,0.0829148003831314,0.2016022069516666,0.6827298947935904,0.2651055156062589,0.9472807963504768,1.0462794041657868,1.8452009423056734,1.0462794041657868,13.0,0.6827298947935904,win,loss,loss,loss,loss,loss,loss,loss,2023
65502,69157,short,Asia,mid,48.23462414578587,54.1890440386681,False,1.821792309578234,False,2025-10,96,0.6651969422183789,0.757846847558871,0.7749296838929,0.757846847558871,0.7749296838929,0.757846847558871,0.7749296838929,1.2789277596851234,18.0,0.7749296838929,win,loss,loss,loss,loss,loss,loss,loss,2025
65502,8093,short,Asia,mid,53.0139935414424,54.1890440386681,False,1.821792309578234,False,2023-04,96,1.442222375176158,0.22172446296273096,1.442222375176158,0.22172446296273096,1.442222375176158,0.22172446296273096,1.442222375176158,2.9363290853783446,20.0,1.442222375176158,win,win,loss,loss,loss,loss,loss,loss,2023
65502,42983,short,Asia,mid,50.378787878787875,54.1890440386681,False,1.821792309578234,False,2024-09,96,0.0964805038418565,0.5494028690996324,0.31768473594095203,0.5494028690996324,2.842876384571863,0.6248555708221316,3.0026464496946663,0.6248555708221316,40.0,3.0026464496946663,win,win,win,win,win,win,loss,loss,2024
65502,23646,short,Asia,mid,57.08812260536399,54.1890440386681,False,1.821792309578234,False,2023-11,96,0.7091333435921946,0.1191921918771822,0.7091333435921946,0.13755260527237256,0.7091333435921946,0.13755260527237256,1.3023853895260746,0.13755260527237256,41.0,1.5103697445439987,win,win,win,loss,loss,loss,loss,loss,2023
65558,12743,short,New York,high,84.22431865828092,77.99791449426486,False,1.060729019183024,False,2023-06,96,0.17425800106586378,1.1249096929269178,0.17425800106586378,1.3525257640866282,0.17425800106586378,1.5402921373280494,0.17425800106586378,2.992442146210094,3.0,0.17425800106586378,loss,loss,loss,loss,loss,loss,loss,loss,2023
65558,66556,short,New York,high,72.42647058823529,77.99791449426486,False,1.060729019183024,False,2025-09,96,0.0,1.985807080861804,0.0,2.1368925999077164,0.0,2.283482689538265,0.0,4.341998454856791,2.0,0.0,loss,loss,loss,loss,loss,loss,loss,loss,2025
65558,18773,short,New York,high,78.23807026743577,77.99791449426486,False,1.060729019183024,False,2023-09,96,0.3909853012711448,0.1158474966729787,0.50293408411375,0.1158474966729787,0.9390330739930502,0.3670360591705503,0.9390330739930502,2.0824701445196965,19.0,0.9390330739930502,win,loss,loss,loss,loss,loss,loss,loss,2023
65558,14916,short,New York,high,80.8792372881356,77.99791449426486,False,1.060729019183024,False,2023-07,96,1.1196030463182176,0.049259194431668235,1.1196030463182176,0.29221556018747147,1.1196030463182176,0.49760135391920784,1.1196030463182176,1.795038441151475,30.0,1.1196030463182176,win,win,loss,loss,loss,loss,loss,loss,2023
65558,56039,short,New York,high,79.24037460978148,77.99791449426486,False,1.060729019183024,False,2025-04,96,1.0161096232939,0.12754923834142484,1.0161096232939,0.1986683434051393,2.7142771698493076,0.39305240337272424,2.7142771698493076,1.2233465335742038,25.0,2.7142771698493076,win,win,win,win,win,loss,loss,loss,2025
66123,44827,long,Asia,mid,36.28081457663451,30.342577487765087,False,1.6975779678968084,False,2024-10,96,0.07495956667455968,0.9961144797682551,0.07495956667455968,1.5083381853780335,0.6257785253638749,1.5083381853780335,2.0729889688703786,1.5083381853780335,4.0,0.07495956667455968,loss,loss,loss,loss,loss,loss,loss,loss,2024
66123,38313,long,Asia,mid,36.358695652173914,30.342577487765087,False,1.6975779678968084,False,2024-07,96,0.5251467371576034,1.4454924681393577,0.5251467371576034,2.2370179850144636,0.5251467371576034,2.2370179850144636,0.5251467371576034,4.756200158915147,3.0,0.5251467371576034,win,loss,loss,loss,loss,loss,loss,loss,2024
66123,24847,long,Asia,mid,39.79257641921398,30.342577487765087,False,1.6975779678968084,False,2023-12,96,0.3615216070592991,0.34722593718427724,0.3615216070592991,0.5908876881635967,1.099178172605471,0.5908876881635967,2.606259458975545,0.5908876881635967,36.0,2.7768544528163455,win,win,win,win,win,loss,loss,loss,2023
66123,21477,long,Asia,mid,36.38799571275456,30.342577487765087,False,1.6975779678968084,False,2023-10,96,0.043852889512627884,1.0195796811684175,0.8275464633832749,1.0195796811684175,0.8275464633832749,1.8931009480730256,1.147248174023661,1.8931009480730256,1.0,0.043852889512627884,loss,loss,loss,loss,loss,loss,loss,loss,2023
66123,11683,long,Asia,mid,34.03225806451613,30.342577487765087,False,1.6975779678968084,False,2023-05,96,0.0771605991577811,0.34365359360565434,0.19579077143112839,0.34365359360565434,1.1166192433181397,0.34365359360565434,1.1166192433181397,1.651304804882596,19.0,1.1166192433181397,win,win,loss,loss,loss,loss,loss,loss,2023
66148,71517,long,Asia,mid,45.39978094194962,39.48497854077253,False,2.658193673312391,False,2025-12,96,0.23941966089178435,0.4250194489574071,0.3298817700804053,0.4250194489574071,0.3811605724238246,0.4250194489574071,0.6618980393663567,0.4250194489574071,55.0,0.6618980393663567,win,loss,loss,loss,loss,loss,loss,loss,2025
66148,26758,long,Asia,mid,45.16304347826087,39.48497854077253,False,2.658193673312391,False,2024-01,96,0.5382527513344465,0.6572624014243953,0.5382527513344465,1.3763375722041697,0.5382527513344465,2.201377490450191,0.5382527513344465,2.5493753542883737,6.0,0.5382527513344465,win,loss,loss,loss,loss,loss,loss,loss,2024
66148,2511,long,Asia,mid,32.56561328334226,39.48497854077253,False,2.658193673312391,False,2023-01,96,0.6239318466661471,0.02734083373030464,0.8216271059468236,0.11356961703363443,0.8216271059468236,0.9113611243438068,3.594034382668542,0.9113611243438068,,9.986414781751689,win,win,win,win,win,win,win,win,2023
66148,56991,long,Asia,mid,42.588614393125674,39.48497854077253,False,2.658193673312391,False,2025-04,96,0.20046159175600953,0.4380786616732667,0.20046159175600953,0.5275187947320111,0.5759655334721138,0.5275187947320111,0.5759655334721138,0.5275187947320111,,0.8585807797852001,win,none,none,none,none,none,none,none,2025
66148,39949,long,Asia,mid,42.91891891891892,39.48497854077253,False,2.658193673312391,False,2024-08,96,0.6587093175416446,0.411228833064774,0.7665949541679817,0.411228833064774,1.4147758226703133,0.411228833064774,1.8989606143721705,0.411228833064774,,3.07282075020193,win,win,win,win,win,win,none,none,2024
66219,24300,short,Asia,mid,30.70223189983669,31.41616928920239,False,4.295949965900643,False,2023-12,96,0.004328483950744752,0.4367291048234972,0.004328483950744752,0.6610639799259065,0.004328483950744752,1.2831716042950763,0.004328483950744752,1.9849830365848822,10.0,0.004328483950744752,loss,loss,loss,loss,loss,loss,loss,loss,2023
66219,12970,short,Asia,mid,39.2684238838085,31.41616928920239,False,4.295949965900643,False,2023-06,96,0.2628460975061864,0.18913938504622096,0.2628460975061864,0.24637532377213198,0.2628460975061864,0.4908290572752722,1.0972280435845807,0.914951480927549,,1.158718932191786,win,win,none,none,none,none,none,none,2023
66219,28598,short,Asia,mid,35.980551053484604,31.41616928920239,False,4.295949965900643,False,2024-02,96,0.2538116967515888,0.10825186371867851,0.2538116967515888,0.10825186371867851,0.2538116967515888,0.10825186371867851,1.0077558167897056,0.10825186371867851,,1.2727305279817605,win,win,none,none,none,none,none,none,2024
66219,30614,short,Asia,mid,34.18339663591969,31.41616928920239,False,4.295949965900643,False,2024-03,96,0.2057476347800439,0.050963562909538934,0.2057476347800439,0.25055770247763914,0.2057476347800439,0.7081252951634629,0.2057476347800439,1.1480213118558908,17.0,0.2057476347800439,loss,loss,loss,loss,loss,loss,loss,loss,2024
66219,44263,short,Asia,mid,34.51995685005394,31.41616928920239,False,4.295949965900643,False,2024-10,96,0.07688687077496736,0.586768224335273,0.07688687077496736,0.7391031472508155,0.07688687077496736,0.917966288737844,0.07688687077496736,1.0167951436871594,18.0,0.07688687077496736,loss,loss,loss,loss,loss,loss,loss,loss,2024
66402,58190,long,Asia,mid,37.40621650589496,35.28773072747014,False,2.253562320868254,False,2025-05,96,0.18845831772354604,0.5110458479174438,0.8017268836297814,0.5110458479174438,0.8017268836297814,1.6251312157396047,0.8017268836297814,4.418067226316031,12.0,0.8017268836297814,win,loss,loss,loss,loss,loss,loss,loss,2025
66402,2504,long,Asia,mid,34.086021505376344,35.28773072747014,False,2.253562320868254,False,2023-01,96,0.21474154476914434,1.0475463173763837,0.21474154476914434,1.1211252730713892,0.21910177918065937,1.1211252730713892,0.21910177918065937,1.8018668705756091,3.0,0.21474154476914434,loss,loss,loss,loss,loss,loss,loss,loss,2023
66402,27052,long,Asia,mid,40.47362755651238,35.28773072747014,False,2.253562320868254,False,2024-01,96,0.07616943564193279,1.2240476823228637,0.504804444493408,1.2240476823228637,0.504804444493408,1.2240476823228637,1.4688087032232793,1.2240476823228637,2.0,0.07616943564193279,loss,loss,loss,loss,loss,loss,loss,loss,2024
66402,52659,long,Asia,mid,39.28377645143787,35.28773072747014,False,2.253562320868254,False,2025-02,96,1.0462252155795637,0.09376615851712371,1.0462252155795637,0.09376615851712371,1.5137374215610995,0.09376615851712371,2.6439126509380224,0.09376615851712371,45.0,2.6439126509380224,win,win,win,win,win,loss,loss,loss,2025
66402,35223,long,Asia,mid,34.35319377348363,35.28773072747014,False,2.253562320868254,False,2024-05,96,0.00753439515486276,0.8353132761677728,0.00753439515486276,0.948496634493961,0.00753439515486276,1.316509980057529,0.02980271861250057,1.316509980057529,12.0,0.00753439515486276,loss,loss,loss,loss,loss,loss,loss,loss,2024
66469,41303,long,New York,mid,59.44676409185804,52.12152959664746,False,1.5957533265907247,False,2024-08,96,1.010681903287574,0.11931661358260048,1.7888257005373798,0.11931661358260048,1.799907738950611,0.11931661358260048,2.3619517871421953,0.11931661358260048,42.0,2.3619517871421953,win,win,win,win,loss,loss,loss,loss,2024
66469,43692,long,New York,mid,58.32900882200312,52.12152959664746,False,1.5957533265907247,False,2024-10,96,0.2680886464514534,0.07465495068888428,0.36093682041745995,0.07465495068888428,0.9088246938204981,0.2559598309332768,0.9088246938204981,1.118569555279699,25.0,0.9088246938204981,win,loss,loss,loss,loss,loss,loss,loss,2024
66469,49617,long,New York,mid,54.615809839690435,52.12152959664746,False,1.5957533265907247,False,2025-01,96,0.31741329883809216,0.19120272690901927,0.31741329883809216,0.8985689556274572,0.31741329883809216,1.0197478768483252,1.2478493756170685,1.0197478768483252,11.0,0.31741329883809216,loss,loss,loss,loss,loss,loss,loss,loss,2025
66469,31418,long,New York,mid,62.01873048907388,52.12152959664746,False,1.5957533265907247,False,2024-03,96,0.4298923069097973,0.021750503623423793,1.1154170034642596,0.021750503623423793,1.1154170034642596,0.2871066478291475,1.429647808753135,0.9073798335133385,,8.8857204508596,win,win,win,win,win,win,win,win,2024
66469,14746,long,New York,mid,54.57413249211357,52.12152959664746,False,1.5957533265907247,False,2023-07,96,0.31354782846278456,0.05404675282796756,0.7110406134455779,0.05404675282796756,0.7110406134455779,0.6282455878367746,1.4213146062836854,0.6282455878367746,36.0,1.4213146062836854,win,win,loss,loss,loss,loss,loss,loss,2023
66766,21560,long,Asia,mid,52.50403877221325,53.69967355821545,False,2.0289004453085395,False,2023-10,96,0.24502598055916283,0.4349515913606658,0.8820935300128753,0.4349515913606658,1.0737257894352588,0.4349515913606658,2.0089692336390894,0.4349515913606658,40.0,2.0089692336390894,win,win,win,win,loss,loss,loss,loss,2023
66766,53038,long,Asia,mid,61.326860841423944,53.69967355821545,False,2.0289004453085395,False,2025-02,96,0.0434541390645072,1.475855774793953,0.0434541390645072,1.8764527467780163,0.0434541390645072,1.8764527467780163,0.0434541390645072,1.8764527467780163,2.0,0.0434541390645072,loss,loss,loss,loss,loss,loss,loss,loss,2025
66766,62822,long,Asia,mid,58.156028368794324,53.69967355821545,False,2.0289004453085395,False,2025-07,96,1.1839990357459829,0.25052807737150606,1.1839990357459829,0.25052807737150606,1.8489460569069363,0.25052807737150606,2.0260767344943975,0.25052807737150606,52.0,2.0260767344943975,win,win,win,win,loss,loss,loss,loss,2025
66766,67227,long,Asia,mid,55.4054054054054,53.69967355821545,False,2.0289004453085395,False,2025-10,96,0.6774331811694281,0.547826041244783,1.161001889440075,0.547826041244783,1.161001889440075,0.547826041244783,1.7154820903591517,0.547826041244783,55.0,3.8544468202881985,win,win,win,win,win,win,win,loss,2025
66766,66698,long,Asia,mid,56.12244897959183,53.69967355821545,False,2.0289004453085395,False,2025-09,96,0.6347385575648001,0.13117709909067546,0.876937080571057,0.13117709909067546,0.876937080571057,1.2645208015619336,0.876937080571057,1.9643522773153548,15.0,0.876937080571057,win,loss,loss,loss,loss,loss,loss,loss,2025
66882,26499,long,Asia,mid,54.92730210016155,53.329752953813106,False,2.2061815262803277,True,2024-01,96,0.0,0.4284811037639117,0.07548707986551073,0.4284811037639117,0.7697951783421265,0.4284811037639117,2.7289985291212884,0.4284811037639117,,5.948554929689558,win,win,win,win,win,win,win,win,2024
66882,32181,long,Asia,mid,48.519116855142705,53.329752953813106,False,2.2061815262803277,True,2024-04,96,0.6496930676793868,0.07000284464479525,0.6496930676793868,0.07000284464479525,1.6187324456907928,0.07000284464479525,1.6187324456907928,0.9175372851655685,40.0,1.6187324456907928,win,win,win,loss,loss,loss,loss,loss,2024
66882,29793,long,Asia,mid,50.810810810810814,53.329752953813106,False,2.2061815262803277,True,2024-03,96,0.22198752558560284,0.026700597482951484,0.7656241092223242,0.026700597482951484,2.4015014131528907,0.026700597482951484,2.4015014131528907,0.026700597482951484,,12.223906094202297,win,win,win,win,win,win,win,win,2024
66882,71802,long,Asia,mid,58.147138964577664,53.329752953813106,False,2.2061815262803277,True,2025-12,96,0.3037113414157683,0.12697036414610116,0.3037113414157683,0.24597743019248208,0.3037113414157683,0.48244314321027737,0.7149825078594972,0.48244314321027737,,4.03258097730855,win,win,win,win,win,win,win,win,2025
66882,32561,long,Asia,mid,56.768325307651146,53.329752953813106,False,2.2061815262803277,True,2024-04,96,0.1300174757606136,0.9000590582065645,0.1300174757606136,2.513671198038387,0.1300174757606136,3.2716368539430856,0.1300174757606136,3.2716368539430856,4.0,0.1300174757606136,loss,loss,loss,loss,loss,loss,loss,loss,2024
67042,29139,long,Asia,mid,35.81521739130435,35.15413737155219,False,1.7671949176383979,False,2024-02,96,0.5231104124313631,0.2189480058267199,0.5231104124313631,0.3889690829770327,1.1909629888637212,0.6331960019532559,3.1826967103971584,0.6331960019532559,46.0,3.1826967103971584,win,win,win,win,win,win,loss,loss,2024
67042,53404,long,Asia,mid,34.61123110151188,35.15413737155219,False,1.7671949176383979,False,2025-03,96,0.5521644415530625,0.4757557102677318,0.5521644415530625,1.1742274534299222,4.707702975313981,1.1742274534299222,5.881587788693304,1.1742274534299222,6.0,0.5521644415530625,win,loss,loss,loss,loss,loss,loss,loss,2025
67042,23842,long,Asia,mid,33.170201196302344,35.15413737155219,False,1.7671949176383979,False,2023-11,96,1.564729661627652,0.15318764509580993,1.564729661627652,0.16426605334463712,1.564729661627652,1.9761588231444922,1.564729661627652,3.8678925351513582,10.0,1.564729661627652,win,win,win,loss,loss,loss,loss,loss,2023
67042,52301,long,Asia,mid,32.30184581976113,35.15413737155219,False,1.7671949176383979,False,2025-02,96,0.5372122902997076,0.3105191820523793,0.5372122902997076,0.9162431672889673,1.1761845980792163,0.9162431672889673,2.4134252066464232,0.9162431672889673,44.0,2.4773022869258683,win,win,win,win,loss,loss,loss,loss,2025
67042,2492,long,Asia,mid,37.391774891774894,35.15413737155219,False,1.7671949176383979,False,2023-01,96,1.9108920441860904,0.3232980491053294,2.4323843757608516,0.3232980491053294,2.5622475248231575,0.3232980491053294,2.5622475248231575,0.3232980491053294,,14.677935402914153,win,win,win,win,win,win,win,win,2023
67069,31569,short,London,high,77.87188988883007,83.2089552238806,False,2.614983798548307,False,2024-04,96,0.5432332576355279,0.0840340625305496,0.7894811128592201,0.11928202199542316,2.348319071063101,0.9596226473005309,2.6298148857516668,0.9596226473005309,69.0,2.6298148857516668,win,win,win,win,win,loss,loss,loss,2024
67069,24225,short,London,high,82.03883495145631,83.2089552238806,False,2.614983798548307,False,2023-12,96,0.0351534129292089,0.36783510706161554,0.15308744340135408,0.36783510706161554,0.15308744340135408,1.5147152038768221,0.15308744340135408,1.6787172150021945,13.0,0.15308744340135408,loss,loss,loss,loss,loss,loss,loss,loss,2023
67069,7477,short,London,high,74.9204665959703,83.2089552238806,False,2.614983798548307,False,2023-03,96,0.021693882913774918,0.6207882314029872,0.021693882913774918,0.6207882314029872,1.1108003437720189,0.6207882314029872,1.1108003437720189,2.7814744567540406,16.0,1.1108003437720189,win,win,loss,loss,loss,loss,loss,loss,2023
67069,66984,short,London,high,91.45299145299145,83.2089552238806,False,2.614983798548307,False,2025-09,96,0.6702348471470969,0.056470610169085694,0.6933776122364366,0.056470610169085694,0.6933776122364366,0.7135214371063311,0.6933776122364366,0.8392505912102531,56.0,0.6933776122364366,win,loss,loss,loss,loss,loss,loss,loss,2025
67069,30283,short,London,high,73.67021276595744,83.2089552238806,False,2.614983798548307,False,2024-03,96,0.22048365841564088,0.3126444232789728,0.23259621608337347,0.5261063091336116,0.5336547146366369,1.302363265753102,0.5336547146366369,1.4011947145493138,10.0,0.5336547146366369,win,loss,loss,loss,loss,loss,loss,loss,2024
67323,23726,short,Asia,mid,58.95316804407713,62.67529665587917,False,0.25995332852513736,False,2023-11,96,1.0211526902300672,18.27884112919052,1.0211526902300672,18.27884112919052,1.0211526902300672,18.27884112919052,4.714772197050275,18.27884112919052,0.0,1.0211526902300672,ambiguous,ambiguous,loss,loss,loss,loss,loss,loss,2023
67323,58266,short,Asia,mid,66.32432432432432,62.67529665587917,False,0.25995332852513736,False,2025-05,96,15.399299594806275,0.2001098863929141,15.399299594806275,0.2001098863929141,19.237069681074708,0.2001098863929141,19.237069681074708,0.2001098863929141,43.0,19.237069681074708,win,win,win,win,win,win,win,win,2025
67323,57554,short,Asia,mid,66.79124399359317,62.67529665587917,False,0.25995332852513736,False,2025-05,96,4.154769116427883,2.3813862299701847,6.799320972694145,2.3813862299701847,11.117911885527835,2.3813862299701847,11.117911885527835,2.7224030306517855,0.0,2.297326066216546,ambiguous,ambiguous,ambiguous,ambiguous,loss,loss,loss,loss,2025
67323,7264,short,Asia,mid,60.31233171782445,62.67529665587917,False,0.25995332852513736,False,2023-03,96,0.9994560208142176,7.031173106426428,0.9994560208142176,8.053949767726133,5.861809562074062,8.053949767726133,29.395667332174416,8.053949767726133,0.0,0.9994560208142176,ambiguous,loss,loss,loss,loss,loss,loss,loss,2023
67323,55323,short,Asia,mid,55.729729729729726,62.67529665587917,False,0.25995332852513736,False,2025-04,96,0.3368223183243709,15.548015722524738,0.3368223183243709,15.886963102794324,2.734954723554997,15.886963102794324,12.886375636081794,15.886963102794324,0.0,0.3368223183243709,loss,loss,loss,loss,loss,loss,loss,loss,2025
67548,49686,long,London,high,80.96304591265397,75.8839050131926,False,1.7628384701185205,False,2025-01,96,0.5204907068995137,3.5494117849882247,0.5204907068995137,4.623428364273983,0.5204907068995137,4.623428364273983,0.5204907068995137,4.623428364273983,2.0,0.5204907068995137,win,loss,loss,loss,loss,loss,loss,loss,2025
67548,56819,long,London,high,74.59978655282818,75.8839050131926,False,1.7628384701185205,False,2025-04,96,0.3582125451452623,0.860736832204143,0.3582125451452623,1.0740672332938348,0.3582125451452623,1.0740672332938348,0.3582125451452623,2.776717627017706,4.0,0.3582125451452623,loss,loss,loss,loss,loss,loss,loss,loss,2025
67548,31667,long,London,high,78.52242744063325,75.8839050131926,False,1.7628384701185205,False,2024-04,96,0.16733555265176484,1.299038217704511,1.110450871279361,1.299038217704511,2.929532983671129,1.7458616464502454,3.345639534021868,1.7458616464502454,1.0,0.16733555265176484,loss,loss,loss,loss,loss,loss,loss,loss,2024
67548,68366,long,London,high,79.81037367540435,75.8839050131926,False,1.7628384701185205,False,2025-10,96,2.871204850865091,0.39030506476628496,2.871204850865091,0.39030506476628496,4.5861144699433325,0.39030506476628496,6.129958544055669,0.39030506476628496,76.0,6.129958544055669,win,win,win,win,win,win,win,win,2025
67548,55267,long,London,high,82.50265111346765,75.8839050131926,False,1.7628384701185205,False,2025-04,96,0.7292110575357954,0.3420837792333099,0.7292110575357954,0.48572934886802654,0.7292110575357954,0.6662735656856053,0.7292110575357954,3.9893731353801347,17.0,0.7292110575357954,win,loss,loss,loss,loss,loss,loss,loss,2025
68040,55292,short,New York,high,97.854526425955,89.93253762324858,False,0.9436162391196127,False,2025-04,96,2.3233406384337156,0.5520382428083066,2.3233406384337156,0.5520382428083066,2.3233406384337156,0.9565428276264422,2.3233406384337156,1.8050859860056216,17.0,2.3233406384337156,win,win,win,win,loss,loss,loss,loss,2025
68040,38735,short,New York,high,84.18019905709797,89.93253762324858,False,0.9436162391196127,False,2024-07,96,0.7918622309324941,0.3387981983716011,0.7918622309324941,0.732729661739516,3.9098911813756208,0.732729661739516,6.44859235247857,0.732729661739516,,14.07497979086435,win,win,win,win,win,win,win,win,2024
68040,55024,short,New York,high,84.99218342886921,89.93253762324858,False,0.9436162391196127,False,2025-03,96,0.03941817295452032,1.0633845048766668,0.03941817295452032,1.124324094099417,0.03941817295452032,1.124324094099417,0.03941817295452032,5.5912639464979295,2.0,0.03941817295452032,loss,loss,loss,loss,loss,loss,loss,loss,2025
68040,71310,short,New York,high,81.74142480211081,89.93253762324858,False,0.9436162391196127,False,2025-12,96,1.0193140336161024,0.21643337784843308,1.0193140336161024,0.8637962658434235,1.0193140336161024,0.8637962658434235,1.8813883034150245,1.3045196284934497,21.0,1.0193140336161024,win,win,loss,loss,loss,loss,loss,loss,2025
68040,10265,short,New York,high,93.8871473354232,89.93253762324858,False,0.9436162391196127,False,2023-05,96,0.9152405300242821,0.032005026994650604,1.2474217376219319,0.032005026994650604,1.2474217376219319,0.15873460969118275,1.2474217376219319,0.15873460969118275,38.0,1.2474217376219319,win,win,loss,loss,loss,loss,loss,loss,2023
69212,21512,short,Overlap,high,71.75170962651237,72.22528989508558,False,2.423360761020428,False,2023-10,96,0.5445566313023104,1.671158131820527,2.6346591470089358,1.671158131820527,2.6346591470089358,1.671158131820527,2.6346591470089358,1.671158131820527,1.0,0.2297265005787499,loss,loss,loss,loss,loss,loss,loss,loss,2023
69212,30851,short,Overlap,high,82.17094913476664,72.22528989508558,False,2.423360761020428,False,2024-03,96,0.6406359069275048,0.11616093084259155,0.6406359069275048,0.1735563055839495,0.6406359069275048,0.43556543006641535,0.6406359069275048,0.7124943071341631,88.0,0.8052099124855875,win,loss,loss,loss,loss,loss,loss,loss,2024
69212,40829,short,Overlap,high,80.17875920084123,72.22528989508558,False,2.423360761020428,False,2024-08,96,0.5305879297408509,0.507371684866201,1.9471658045130673,0.507371684866201,2.423389027505637,0.507371684866201,2.423389027505637,0.507371684866201,,3.1184253584424564,win,win,win,win,win,win,none,none,2024
69212,31579,short,Overlap,high,81.35860979462876,72.22528989508558,False,2.423360761020428,False,2024-04,96,1.6600118283124023,0.6826016954895919,3.0204338617932818,0.6826016954895919,3.0204338617932818,0.6826016954895919,3.0204338617932818,0.6826016954895919,72.0,3.0204338617932818,win,win,win,win,win,win,loss,loss,2024
69212,65993,short,Overlap,high,71.89646064447966,72.22528989508558,False,2.423360761020428,False,2025-09,96,0.9300880352501667,0.21163844928184217,0.9300880352501667,0.21163844928184217,0.9300880352501667,0.21163844928184217,1.193556308845908,0.21163844928184217,89.0,2.3411641918816097,win,win,win,win,loss,loss,loss,loss,2025
69273,57020,short,London,low,21.946060285563192,28.707865168539325,False,2.844580231902578,False,2025-04,96,0.8127502015931611,0.13067185219959734,0.8127502015931611,0.2678991484894771,0.858263713419988,0.49515454361924865,0.858263713419988,1.036883956679902,21.0,0.858263713419988,win,loss,loss,loss,loss,loss,loss,loss,2025
69273,44932,short,London,low,22.61841405002661,28.707865168539325,False,2.844580231902578,False,2024-10,96,0.32282487924208536,0.7021145496335932,0.5628741484220459,0.7021145496335932,0.6180086172669644,0.8515540885134962,0.6180086172669644,1.5651980981200162,22.0,0.6180086172669644,win,loss,loss,loss,loss,loss,loss,loss,2024
69273,8390,short,London,low,29.32410856838744,28.707865168539325,False,2.844580231902578,False,2023-04,96,0.25875687842079653,0.5489593244841764,0.25875687842079653,0.6767487589466576,0.25875687842079653,0.7635585972791674,2.631391862518394,0.7635585972791674,,4.629690780742813,win,win,win,win,win,win,win,win,2023
69273,57012,short,London,low,26.81890600106214,28.707865168539325,False,2.844580231902578,False,2025-04,96,0.5334365669529617,0.05173839395327513,0.5334365669529617,0.05388670096863905,0.8784188685029222,0.1544990795213346,0.921922085563987,0.88951845474896,,2.5814295797350377,win,win,win,win,win,none,none,none,2025
69273,40722,short,London,low,27.027027027027028,28.707865168539325,False,2.844580231902578,False,2024-08,96,1.3515753162990507,0.023411697684033558,1.7261624792439971,0.023411697684033558,1.8394905323190784,0.023411697684033558,1.8394905323190784,0.9750586178306506,56.0,1.8394905323190784,win,win,win,loss,loss,loss,loss,loss,2024
69295,26631,long,Overlap,low,20.08434370057986,21.69811320754717,False,1.7520551805130329,False,2024-01,96,0.6965495842073304,0.17091262945823413,0.6965495842073304,1.1770398066466183,1.1824144176358269,1.1770398066466183,1.397757164605319,1.1770398066466183,7.0,0.6965495842073304,win,loss,loss,loss,loss,loss,loss,loss,2024
69295,54725,long,Overlap,low,24.841772151898734,21.69811320754717,False,1.7520551805130329,False,2025-03,96,0.43702471634737805,0.7301760505966848,0.43702471634737805,1.3343697096151088,0.43702471634737805,3.831653803028928,0.43702471634737805,4.448147518029886,5.0,0.43702471634737805,loss,loss,loss,loss,loss,loss,loss,loss,2025
69295,69931,long,Overlap,low,18.78483835005574,21.69811320754717,False,1.7520551805130329,False,2025-11,96,1.0346636250328833,0.22224118097714,3.059676923604609,0.22224118097714,6.446924590922996,0.22224118097714,7.225272291973778,0.22224118097714,,10.037613581008957,win,win,win,win,win,win,win,win,2025
69295,36809,long,Overlap,low,21.16710875331565,21.69811320754717,False,1.7520551805130329,False,2024-06,96,0.576910367513426,1.424393252404951,0.576910367513426,1.424393252404951,0.576910367513426,1.424393252404951,2.5445220072985855,1.424393252404951,3.0,0.576910367513426,win,loss,loss,loss,loss,loss,loss,loss,2024
69295,6293,long,Overlap,low,28.881822999470057,21.69811320754717,False,1.7520551805130329,False,2023-03,96,1.1698578591018327,0.04738060676428691,1.2093985093511903,0.37461357434522996,1.2093985093511903,0.4288115346008576,1.2093985093511903,1.8096664842574488,20.0,1.2093985093511903,win,win,loss,loss,loss,loss,loss,loss,2023
69452,18470,long,London,low,14.840425531914894,6.535211267605634,False,0.9990355635466287,False,2023-09,96,3.2700502591710663,2.862230570547685,6.005974469462785,3.0249302888436373,7.068874602803734,4.072844921815338,7.068874602803734,6.209349117332483,3.0,3.2700502591710663,win,win,win,win,win,win,loss,loss,2023
69452,41717,long,London,low,16.363636363636363,6.535211267605634,False,0.9990355635466287,False,2024-09,96,0.05252244862742317,2.499630867595627,0.05252244862742317,5.1879048631784705,0.05252244862742317,8.67845926154577,0.05252244862742317,13.640079908554098,0.0,0.02188435359485917,loss,loss,loss,loss,loss,loss,loss,loss,2024
69452,49852,long,London,low,5.995475113122172,6.535211267605634,False,0.9990355635466287,False,2025-01,96,2.2991151007853596,0.22845542058467666,2.2991151007853596,0.22845542058467666,2.3653922777462304,2.329743190138778,8.73051176511423,2.329743190138778,12.0,2.3653922777462304,win,win,win,win,loss,loss,loss,loss,2025
69452,58677,long,London,low,16.164817749603806,6.535211267605634,False,0.9990355635466287,False,2025-05,96,4.773399600108751,0.7528689571125351,5.542880032126873,0.7528689571125351,5.542880032126873,0.7528689571125351,5.789837292390828,0.7528689571125351,82.0,5.789837292390828,win,win,win,win,win,win,win,win,2025
69452,14067,long,London,low,12.961971076593464,6.535211267605634,False,0.9990355635466287,False,2023-07,96,2.5978924558416985,0.048655646240754497,2.6457504685375404,0.048655646240754497,2.6457504685375404,0.8941472038680208,2.6457504685375404,2.4279965107711514,29.0,2.6457504685375404,win,win,win,win,win,loss,loss,loss,2023
69539,54064,long,Other,low,6.1563169164882225,0.7344632768361582,False,3.15982184409006,True,2025-03,96,1.1654970114179286,0.05885983044310765,1.6412002312287801,0.05885983044310765,1.6412002312287801,0.05885983044310765,5.214643256922548,0.05885983044310765,,7.077170924346292,win,win,win,win,win,win,win,win,2025
69539,9093,long,Other,low,0.4875406283856988,0.7344632768361582,False,3.15982184409006,True,2023-04,96,0.32224145918393515,0.16013377259604963,0.6533655313316645,0.6898829401825634,0.6533655313316645,0.8517438875215184,0.6533655313316645,4.596258730229139,23.0,0.6533655313316645,win,loss,loss,loss,loss,loss,loss,loss,2023
69539,49115,long,Other,low,6.174863387978142,0.7344632768361582,False,3.15982184409006,True,2024-12,96,0.6600357268102067,0.14885343197475404,0.6600357268102067,0.14885343197475404,0.8051752508015451,0.14885343197475404,1.6908680266833729,0.42799075600731856,,2.1656540232815,win,win,win,win,none,none,none,none,2024
69539,59351,long,Other,low,0.16375545851528384,0.7344632768361582,False,3.15982184409006,True,2025-06,96,0.5083959313938349,0.20239723714097937,0.5083959313938349,0.8154004650361788,1.7355199865058029,1.18957271790638,1.7355199865058029,1.18957271790638,8.0,0.5083959313938349,win,loss,loss,loss,loss,loss,loss,loss,2025
69539,45171,long,Other,low,10.369163952225842,0.7344632768361582,False,3.15982184409006,True,2024-10,96,0.08907034533253153,0.09039755246497247,0.08907034533253153,0.4457941290402944,0.08907034533253153,1.2938794866686452,0.08907034533253153,1.6351191871646196,13.0,0.08907034533253153,loss,loss,loss,loss,loss,loss,loss,loss,2024
69558,59674,long,London,low,9.739222990952634,0.9502515371716043,False,1.7209130970886608,False,2025-06,96,1.1250339152360609,0.12494234144636497,1.3041547941237461,0.12494234144636497,1.913248708674799,0.317607854694443,3.488987242778773,0.317607854694443,56.0,3.488987242778773,win,win,win,win,win,win,loss,loss,2025
69558,49040,long,London,low,2.1115322144017323,0.9502515371716043,False,1.7209130970886608,False,2024-12,96,0.3898645755135345,0.8014365327369891,0.3898645755135345,1.5545379621995032,0.3898645755135345,1.7542458739324793,0.3898645755135345,2.4462772028506286,4.0,0.3898645755135345,loss,loss,loss,loss,loss,loss,loss,loss,2024
69558,65074,long,London,low,7.391763463569166,0.9502515371716043,False,1.7209130970886608,False,2025-08,96,1.5537099743297411,0.3778885185332546,4.55712854046723,0.3778885185332546,9.97024904242146,0.3778885185332546,10.605616711858966,0.3778885185332546,,20.647051166589318,win,win,win,win,win,win,win,win,2025
69558,25426,long,London,low,1.3241525423728813,0.9502515371716043,False,1.7209130970886608,False,2023-12,96,0.43770495354488176,0.24739845200352786,0.43770495354488176,0.9343585063474176,0.43770495354488176,4.026607075292556,0.43770495354488176,4.026607075292556,9.0,0.43770495354488176,loss,loss,loss,loss,loss,loss,loss,loss,2023
69558,28728,long,London,low,9.42297511911064,0.9502515371716043,False,1.7209130970886608,False,2024-02,96,0.9753702904959382,0.20821948073857366,2.009945156238113,0.20821948073857366,6.001236648468194,0.3211095606571558,6.001236648468194,0.3211095606571558,,6.001236648468194,win,win,win,win,win,win,win,win,2024
69569,37813,short,Overlap,low,14.217758985200845,8.277777777777779,False,1.39644909093113,False,2024-07,96,1.293505732057011,0.7091926540480493,1.293505732057011,0.7091926540480493,1.784544558827154,0.7091926540480493,1.784544558827154,1.6430914588080765,26.0,1.784544558827154,win,win,win,loss,loss,loss,loss,loss,2024
69569,71754,short,Overlap,low,16.285258116019158,8.277777777777779,False,1.39644909093113,False,2025-12,96,1.0529804672572034,0.7104365730559362,1.0529804672572034,0.7104365730559362,1.0529804672572034,1.1220525524231477,2.027902772249331,5.623540696934059,9.0,1.0529804672572034,win,win,loss,loss,loss,loss,loss,loss,2025
69569,58777,short,Overlap,low,1.8927444794952681,8.277777777777779,False,1.39644909093113,False,2025-05,96,0.08936995108799661,1.0479768352038255,0.08936995108799661,1.0479768352038255,0.08936995108799661,1.3769169653946802,0.08936995108799661,2.4146195179004124,1.0,0.08936995108799661,loss,loss,loss,loss,loss,loss,loss,loss,2025
69569,58948,short,Overlap,low,16.781365802011646,8.277777777777779,False,1.39644909093113,False,2025-05,96,1.3424584161125397,0.5320102576202135,1.6522240929154688,0.5320102576202135,2.5819425732244987,0.5320102576202135,4.296541251400949,0.5320102576202135,89.0,8.645061323852769,win,win,win,win,win,win,win,win,2025
69569,69656,short,Overlap,low,7.520891364902507,8.277777777777779,False,1.39644909093113,False,2025-11,96,0.6174008919837153,1.2127683186261047,1.4591952336271676,1.2127683186261047,1.5043058547732493,3.545416504623929,1.5043058547732493,3.545416504623929,3.0,0.6174008919837153,win,loss,loss,loss,loss,loss,loss,loss,2025
69718,70803,long,Asia,low,15.043290043290044,9.858356940509914,False,2.1791857539814026,False,2025-11,96,0.9520652771065723,0.0,2.0525172971931607,0.0,2.0704432124525183,0.0,2.0704432124525183,0.0,,2.36735896758124,win,win,win,win,none,none,none,none,2025
69718,59741,long,Asia,low,16.666666666666664,9.858356940509914,False,2.1791857539814026,False,2025-06,96,1.009238793089576,0.07537797411038717,2.341983329861256,0.07537797411038717,3.2335085743399863,0.07537797411038717,4.034063962392305,0.07537797411038717,,4.71205269939105,win,win,win,win,win,win,win,win,2025
69718,61992,long,Asia,low,0.22026431718061676,9.858356940509914,False,2.1791857539814026,False,2025-07,96,0.5679051476476074,0.1198951420322291,0.7494815043022645,0.1467209957289383,2.633678371095822,0.1467209957289383,3.4702070333119113,0.1467209957289383,52.0,3.602876391390311,win,win,win,win,win,win,win,loss,2025
69718,19171,long,Asia,low,7.479674796747967,9.858356940509914,False,2.1791857539814026,False,2023-09,96,0.3660170308092843,0.2105851410136719,0.3660170308092843,0.5983292101814937,0.8713099485323152,0.7487471680483297,1.087466125022532,1.6044582172464208,16.0,0.8713099485323152,win,loss,loss,loss,loss,loss,loss,loss,2023
69718,70340,long,Asia,low,18.80758807588076,9.858356940509914,False,2.1791857539814026,False,2025-11,96,0.17528375545990743,0.9418813454813758,0.17528375545990743,1.2960109879347166,0.3857183560523476,1.2960109879347166,1.5944235164017726,1.2960109879347166,5.0,0.17528375545990743,loss,loss,loss,loss,loss,loss,loss,loss,2025
69769,71598,long,New York,low,13.581541688515994,12.665198237885464,False,0.6659753267536261,False,2025-12,96,0.9257200187747022,0.6279928422617481,1.3874954118539535,0.6279928422617481,1.8254092461599434,0.6279928422617481,2.2278018963830655,5.554591266724005,16.0,1.8254092461599434,win,win,win,loss,loss,loss,loss,loss,2025
69769,64370,long,New York,low,17.133956386292834,12.665198237885464,False,0.6659753267536261,False,2025-08,96,0.7222576534082884,0.5704137207413068,0.8036739725684052,0.5704137207413068,0.8036739725684052,1.6268279233401892,2.407525511360431,2.2736630970355893,12.0,0.8036739725684052,win,loss,loss,loss,loss,loss,loss,loss,2025
69769,57053,long,New York,low,22.2972972972973,12.665198237885464,False,0.6659753267536261,False,2025-04,96,0.5217999103241369,0.9707597316437243,0.5217999103241369,1.4507096999217022,1.7031337174540384,2.808448958968233,1.7031337174540384,5.360765677691013,4.0,0.5217999103241369,win,loss,loss,loss,loss,loss,loss,loss,2025
69769,59248,long,New York,low,10.559330893883951,12.665198237885464,False,0.6659753267536261,False,2025-06,96,0.8582961444965371,0.4083032826803579,2.2687405317447045,0.4083032826803579,4.0069732129608235,0.4083032826803579,4.0069732129608235,6.339043716064395,16.0,4.0069732129608235,win,win,win,win,win,win,win,win,2025
69769,63546,long,New York,low,14.922279792746112,12.665198237885464,False,0.6659753267536261,False,2025-08,96,3.727002603969985,0.21277643848444822,3.727002603969985,0.21277643848444822,7.616871123817084,1.3186885446808583,8.661314481118158,1.3186885446808583,9.0,3.727002603969985,win,win,win,win,win,win,win,loss,2025
69824,41448,long,London,low,13.74533830580714,11.07363687464868,False,1.4694930111113982,False,2024-08,96,0.6096464110950509,0.8959330703594487,0.6096464110950509,0.8959330703594487,1.8707200201461371,0.8959330703594487,2.237331713304735,4.2751748808941405,19.0,1.8707200201461371,win,win,win,loss,loss,loss,loss,loss,2024
69824,59587,long,London,low,9.288747346072187,11.07363687464868,False,1.4694930111113982,False,2025-06,96,0.9951014047463798,2.410186716616285,0.9951014047463798,2.5798081240669104,0.9951014047463798,6.8432959192106075,0.9951014047463798,7.642730402886252,2.0,0.9951014047463798,ambiguous,loss,loss,loss,loss,loss,loss,loss,2025
69824,72376,long,London,low,13.139472267097469,11.07363687464868,False,1.4694930111113982,False,2025-12,96,1.0556356490212806,0.2460748428469532,1.0556356490212806,0.5408843704139135,1.0556356490212806,0.7742458172468121,4.067862944582569,0.9022273371202487,,13.310925626558998,win,win,win,win,win,win,win,win,2025
69824,40262,long,London,low,13.937466878643349,11.07363687464868,False,1.4694930111113982,False,2024-08,96,0.5442584941571551,0.35873448257420804,0.5442584941571551,0.8367734917710151,4.038841314107389,0.8367734917710151,7.083843085339445,0.8367734917710151,,9.374161635412598,win,win,win,win,win,win,win,win,2024
69824,71380,long,London,low,20.0747463961559,11.07363687464868,False,1.4694930111113982,False,2025-12,96,0.4683594940656837,0.8174654668440252,2.342134662188661,0.8174654668440252,3.005278654266203,0.8174654668440252,3.005278654266203,0.8174654668440252,,5.20242081649204,win,win,win,win,win,win,win,win,2025
69845,33416,short,Overlap,low,19.303797468354432,12.277777777777779,False,1.1638027087641816,False,2024-04,96,2.2022530270534904,0.23197344224164776,3.0051920294515106,0.8181846796587209,3.0051920294515106,2.5197218358944933,3.0051920294515106,3.3089098352729573,8.0,3.0051920294515106,win,win,win,win,win,win,loss,loss,2024
69845,8408,short,Overlap,low,18.661043753294678,12.277777777777779,False,1.1638027087641816,False,2023-04,96,3.4544443577939665,1.8589496884669068,7.401655721614895,1.8589496884669068,7.401655721614895,1.8589496884669068,7.401655721614895,1.8589496884669068,0.0,1.8492604495843732,ambiguous,ambiguous,ambiguous,loss,loss,loss,loss,loss,2023
69845,54727,short,Overlap,low,20.758693361433085,12.277777777777779,False,1.1638027087641816,False,2025-03,96,1.563619762598922,0.5589710028906876,4.973083430050596,0.5589710028906876,5.936220160663217,0.5589710028906876,6.88984371794147,0.5589710028906876,95.0,6.88984371794147,win,win,win,win,win,win,win,win,2025
69845,59404,short,Overlap,low,21.379310344827587,12.277777777777779,False,1.1638027087641816,False,2025-06,96,0.6699485326730077,2.5257371608146166,0.6699485326730077,3.3396917024506494,0.6699485326730077,6.314949425539922,0.6699485326730077,6.314949425539922,0.0,0.6699485326730077,ambiguous,loss,loss,loss,loss,loss,loss,loss,2025
69845,26636,short,Overlap,low,18.874868559411144,12.277777777777779,False,1.1638027087641816,False,2024-01,96,1.700072353356329,0.18018698333693273,1.700072353356329,1.3375209004795434,1.700072353356329,2.211781611171258,1.700072353356329,2.211781611171258,5.0,1.700072353356329,win,win,win,loss,loss,loss,loss,loss,2024
69905,42525,long,Asia,low,16.054054054054053,17.816742081447963,False,1.6421553878687976,False,2024-09,96,0.23503318266865125,0.3305246518537996,1.0784918872648772,0.3305246518537996,1.0844046717345261,1.9308197685656439,1.0844046717345261,3.162748412818257,11.0,1.0844046717345261,win,win,loss,loss,loss,loss,loss,loss,2024
69905,19442,long,Asia,low,17.98913043478261,17.816742081447963,False,1.6421553878687976,False,2023-09,96,0.17471277044394237,0.6553402385618711,0.3996303599810084,0.6553402385618711,0.3996303599810084,1.2685084290854756,2.38305541295212,1.8475373426258233,14.0,0.3996303599810084,loss,loss,loss,loss,loss,loss,loss,loss,2023
69905,69420,long,Asia,low,8.376362593230063,17.816742081447963,False,1.6421553878687976,False,2025-11,96,0.7903486688581997,0.7488667286582346,0.862921769716769,0.7488667286582346,2.1562491107447683,0.7488667286582346,3.91829802264239,0.7488667286582346,,4.196494909266986,win,win,win,win,win,win,win,win,2025
69905,7813,long,Asia,low,25.24271844660194,17.816742081447963,False,1.6421553878687976,False,2023-03,96,1.0021225508745655,0.09821292063173043,1.015802207676839,0.45388399749100367,1.015802207676839,1.0561396572220212,1.015802207676839,3.034779247520781,15.0,1.015802207676839,win,win,loss,loss,loss,loss,loss,loss,2023
69905,54227,long,Asia,low,13.914455874390905,17.816742081447963,False,1.6421553878687976,False,2025-03,96,0.1392602247585333,0.669908199840151,0.1392602247585333,1.0705227447156362,0.5156276118563711,1.3269418026301185,2.1740902885265228,1.3269418026301185,6.0,0.1392602247585333,loss,loss,loss,loss,loss,loss,loss,loss,2025
69940,60419,long,Overlap,mid,37.12923728813559,43.92678868552412,False,3.4844624948801513,False,2025-06,96,0.2944097617553192,0.38521623548376394,0.2944097617553192,0.38521623548376394,0.2944097617553192,0.38521623548376394,0.36417426539653314,0.62503542132269,37.0,0.36417426539653314,loss,loss,loss,loss,loss,loss,loss,loss,2025
69940,12353,long,Overlap,mid,48.621420996818664,43.92678868552412,False,3.4844624948801513,False,2023-06,96,1.7348372103438516,0.08141274388504227,1.7348372103438516,0.8520371898196306,1.7348372103438516,2.8134006989886204,1.7348372103438516,2.9703222091486854,8.0,1.7348372103438516,win,win,win,loss,loss,loss,loss,loss,2023
69940,27263,long,Overlap,mid,52.83819628647215,43.92678868552412,False,3.4844624948801513,False,2024-01,96,0.3554943319282084,0.4235707768682995,0.3554943319282084,2.1719696206998287,0.3554943319282084,3.22060593747267,0.3554943319282084,3.313437453300073,5.0,0.3554943319282084,loss,loss,loss,loss,loss,loss,loss,loss,2024
69940,30565,long,Overlap,mid,49.36373276776246,43.92678868552412,False,3.4844624948801513,False,2024-03,96,0.5169626199900599,1.17175947177656,0.5169626199900599,1.6213214894210992,0.5169626199900599,2.470400577468636,0.5169626199900599,2.470400577468636,1.0,0.5169626199900599,win,loss,loss,loss,loss,loss,loss,loss,2024
69940,32775,long,Overlap,mid,43.18062137967351,43.92678868552412,False,3.4844624948801513,False,2024-04,96,0.6726061648621212,0.9073795143377141,0.6726061648621212,1.4409882580899696,0.6726061648621212,1.4409882580899696,0.6726061648621212,1.4409882580899696,6.0,0.6726061648621212,win,loss,loss,loss,loss,loss,loss,loss,2024
70084,51008,short,Asia,mid,33.582089552238806,30.777479892761395,False,1.933399840893785,False,2025-01,96,2.7201944830185885,0.1786819292716229,3.4734075387175865,0.1786819292716229,3.4734075387175865,0.1786819292716229,4.886369256342806,0.1786819292716229,,8.42554020334848,win,win,win,win,win,win,win,win,2025
70084,29134,short,Asia,mid,36.23978201634878,30.777479892761395,False,1.933399840893785,False,2024-02,96,0.24684865873730868,0.7931773719187881,0.24684865873730868,0.7931773719187881,0.3387682794082843,0.8339481714099019,0.3387682794082843,3.1300854700252256,17.0,0.3387682794082843,loss,loss,loss,loss,loss,loss,loss,loss,2024
70084,35575,short,Asia,mid,31.51055766107201,30.777479892761395,False,1.933399840893785,False,2024-05,96,0.028933491797473895,1.0086886162153537,0.028933491797473895,1.0086886162153537,0.028933491797473895,1.3198284845304775,0.22308141501839795,1.3198284845304775,1.0,0.028933491797473895,loss,loss,loss,loss,loss,loss,loss,loss,2024
70084,32742,short,Asia,mid,30.22508038585209,30.777479892761395,False,1.933399840893785,False,2024-04,96,0.1980396825534349,0.3916538973402498,0.1980396825534349,0.9105399929690211,0.1980396825534349,1.146011757047912,0.1980396825534349,2.346973072197365,8.0,0.1980396825534349,loss,loss,loss,loss,loss,loss,loss,loss,2024
70084,52945,short,Asia,mid,31.89422558014031,30.777479892761395,False,1.933399840893785,False,2025-02,96,0.4224353120745184,0.3397886994368205,0.9580756481821667,0.3397886994368205,1.6527586254161328,0.594500003511363,2.6025001613995022,0.594500003511363,37.0,2.6025001613995022,win,win,win,win,win,loss,loss,loss,2025
70361,23033,long,Asia,low,16.307857911733045,25.348338692390136,False,1.8382865147676064,False,2023-11,96,0.3285014976806128,0.3728828821682571,0.3285014976806128,0.7643900953267716,0.3285014976806128,1.394447250106329,2.8586366758361117,1.394447250106329,11.0,0.3285014976806128,loss,loss,loss,loss,loss,loss,loss,loss,2023
70361,5801,long,Asia,low,15.74123989218329,25.348338692390136,False,1.8382865147676064,False,2023-02,96,0.8982016758181183,0.3978634528795804,0.8982016758181183,0.6041884932665531,1.639940196009372,0.6041884932665531,1.9879417641288444,0.6041884932665531,,3.8510568788234534,win,win,win,win,win,win,win,none,2023
70361,58550,long,Asia,low,19.860064585575888,25.348338692390136,False,1.8382865147676064,False,2025-05,96,0.41195698958824123,0.6106066615338147,0.41195698958824123,0.8177423388829529,0.41195698958824123,1.5103160980642245,0.41195698958824123,5.080899303467416,11.0,0.41195698958824123,loss,loss,loss,loss,loss,loss,loss,loss,2025
70361,42974,long,Asia,low,26.644915715062535,25.348338692390136,False,1.8382865147676064,False,2024-09,96,0.694676053193917,0.20455328911507858,3.070563764280504,0.20455328911507858,3.115852315376161,0.20455328911507858,3.183030332834566,1.2441771398203818,24.0,3.183030332834566,win,win,win,win,win,win,loss,loss,2024
70361,50918,long,Asia,low,24.942660550458715,25.348338692390136,False,1.8382865147676064,False,2025-01,96,3.4619182185380724,0.04976063147796816,4.4232462276146025,0.04976063147796816,4.4232462276146025,0.04976063147796816,4.643377783057597,0.04976063147796816,94.0,6.453243036527363,win,win,win,win,win,win,win,win,2025
70549,50113,short,Asia,high,71.19224187107815,71.55080213903743,False,1.5984557908700345,False,2025-01,96,0.4333923054009172,0.24465694659724926,0.4333923054009172,1.1296937423039712,0.4333923054009172,1.1296937423039712,4.103052332180572,1.1296937423039712,6.0,0.4333923054009172,loss,loss,loss,loss,loss,loss,loss,loss,2025
70549,56719,short,Asia,high,72.93676312968917,71.55080213903743,False,1.5984557908700345,False,2025-04,96,0.41184029037552566,0.6860384583875699,0.8228117193790045,0.6860384583875699,0.8228117193790045,1.1240169950404708,0.8228117193790045,1.3457214551547283,15.0,0.8228117193790045,win,loss,loss,loss,loss,loss,loss,loss,2025
70549,32547,short,Asia,high,75.2021563342318,71.55080213903743,False,1.5984557908700345,False,2024-04,96,0.608459027120274,0.6323230361242712,0.608459027120274,0.825870397494118,0.608459027120274,0.825870397494118,3.0343892675877635,0.825870397494118,52.0,3.0343892675877635,win,win,win,win,win,win,loss,loss,2024
70549,66951,short,Asia,high,70.52746057640022,71.55080213903743,False,1.5984557908700345,False,2025-09,96,1.788233262635194,0.702443724723755,1.788233262635194,1.902808687247117,1.788233262635194,2.8428506704859857,1.788233262635194,4.393366697010391,6.0,1.788233262635194,win,win,win,loss,loss,loss,loss,loss,2025
70549,34750,short,Asia,high,74.75675675675676,71.55080213903743,False,1.5984557908700345,False,2024-05,96,0.16737567845243198,2.670446762078223,0.16737567845243198,2.670446762078223,0.16737567845243198,2.670446762078223,0.16737567845243198,4.1800466311972695,1.0,0.16737567845243198,loss,loss,loss,loss,loss,loss,loss,loss,2024
70574,31934,long,London,high,81.70731707317073,71.71503957783642,False,2.1147181415518426,False,2024-04,96,0.5159234003986092,0.2048403076697836,0.5159234003986092,0.2048403076697836,0.9316674997489699,1.5865237729172386,5.048245883614469,1.5865237729172386,11.0,0.5159234003986092,win,loss,loss,loss,loss,loss,loss,loss,2024
70574,38510,long,London,high,70.64220183486239,71.71503957783642,False,2.1147181415518426,False,2024-07,96,1.190925567555792,0.26079169011070197,1.191099197176328,0.26079169011070197,1.2975341545917014,1.2529113421028002,4.988899888114975,1.2529113421028002,15.0,1.2975341545917014,win,win,loss,loss,loss,loss,loss,loss,2024
70574,21031,long,London,high,72.7127659574468,71.71503957783642,False,2.1147181415518426,False,2023-10,96,0.38991451498063096,0.2040145052249964,1.80012798727971,0.2040145052249964,2.4807801545454877,0.2040145052249964,5.527185430125487,0.2040145052249964,,5.527185430125487,win,win,win,win,win,win,win,win,2023
70574,65703,long,London,high,80.5747738158595,71.71503957783642,False,2.1147181415518426,False,2025-09,96,0.38028356782563294,0.15391019788168683,0.49618515365826554,0.6446655498186782,2.385163810661362,1.4078982244967637,2.385163810661362,2.326324504736106,15.0,2.385163810661362,win,win,win,win,loss,loss,loss,loss,2025
70574,9141,long,London,high,78.77507919746569,71.71503957783642,False,2.1147181415518426,False,2023-04,96,1.389542165077889,0.09957242719071757,3.153226234719727,0.09957242719071757,3.816098366032906,0.09957242719071757,3.94965659172586,0.09957242719071757,,6.118934335598216,win,win,win,win,win,win,win,win,2023
70605,12654,short,New York,mid,56.14861329147044,56.59397715472482,False,2.492805133885598,False,2023-06,96,0.20894737951643902,0.1714866939457071,0.2368347787746085,0.1714866939457071,0.2368347787746085,0.6249691042706859,0.4124837711170531,0.8930211210208254,39.0,0.4124837711170531,loss,loss,loss,loss,loss,loss,loss,loss,2023
70605,72506,short,New York,mid,54.14248021108179,56.59397715472482,False,2.492805133885598,False,2025-12,14,0.33199379077979757,0.17933513235543944,0.33199379077979757,0.2567983609069574,,,,,,0.33199379077979757,truncated,truncated,truncated,truncated,truncated,truncated,truncated,truncated,2025
70605,47365,short,New York,mid,61.66666666666667,56.59397715472482,False,2.492805133885598,False,2024-11,96,0.5134708190089922,0.02115809404960964,0.5134708190089922,0.037362097785185865,0.5134708190089922,0.037362097785185865,1.8396188699530611,0.037362097785185865,57.0,1.8396188699530611,win,win,win,loss,loss,loss,loss,loss,2024
70605,36009,short,New York,mid,50.70569785676947,56.59397715472482,False,2.492805133885598,False,2024-06,96,0.05161450124104331,0.6001232009163264,0.05161450124104331,0.6426702897771761,0.05161450124104331,1.020153642096936,0.45727658126541254,2.0987572193830526,15.0,0.05161450124104331,loss,loss,loss,loss,loss,loss,loss,loss,2024
70605,33814,short,New York,mid,62.35721703011423,56.59397715472482,False,2.492805133885598,False,2024-05,96,0.0,0.4173139735034349,0.0,0.4173139735034349,0.683461463510089,0.4173139735034349,0.683461463510089,1.5487951024771927,21.0,0.683461463510089,win,loss,loss,loss,loss,loss,loss,loss,2024
70652,33213,long,London,low,22.69579115610016,26.953748006379584,False,0.7495717066691525,False,2024-04,96,3.1246617232756027,0.27678189496073446,3.1246617232756027,0.27678189496073446,3.7898532526523714,0.27678189496073446,10.456408249954203,4.258781256511495,22.0,5.833921858742425,win,win,win,win,win,win,win,win,2024
70652,50314,long,London,low,21.525423728813557,26.953748006379584,False,0.7495717066691525,False,2025-01,96,2.8193593140647213,0.6184361611020587,3.134388614724951,0.6184361611020587,3.134388614724951,0.6184361611020587,7.411446615146168,4.465463873437475,17.0,3.134388614724951,win,win,win,win,win,win,loss,loss,2025
70652,42726,long,London,low,24.20996250669523,26.953748006379584,False,0.7495717066691525,False,2024-09,96,0.8514802617612126,1.1495292713246794,3.3682011516438513,1.1495292713246794,6.754334712576509,1.1495292713246794,6.754334712576509,1.1495292713246794,2.0,0.6313444787642599,win,loss,loss,loss,loss,loss,loss,loss,2024
70652,33307,long,London,low,27.727514635444383,26.953748006379584,False,0.7495717066691525,False,2024-04,96,2.1087615487516786,0.6117905595705663,3.0344122898327757,0.6117905595705663,3.0344122898327757,0.9278034172233893,3.0344122898327757,7.24676896459514,16.0,3.0344122898327757,win,win,win,win,win,win,loss,loss,2024
70652,16632,long,London,low,18.437832093517535,26.953748006379584,False,0.7495717066691525,False,2023-08,96,1.112062625136894,1.8047004789891297,1.112062625136894,1.8047004789891297,2.299899191142196,4.191045997037508,2.299899191142196,6.286035376254263,2.0,1.112062625136894,win,win,loss,loss,loss,loss,loss,loss,2023
70666,23437,long,London,low,18.796198521647305,16.83377308707124,False,1.4947078863722734,False,2023-11,96,0.4073323427882063,0.3204283030277332,0.666102472354573,0.3204283030277332,1.1525708960420482,1.20354812606919,1.165679326620475,1.3195820115595374,13.0,1.1525708960420482,win,win,loss,loss,loss,loss,loss,loss,2023
70666,27617,long,London,low,18.22554783538215,16.83377308707124,False,1.4947078863722734,False,2024-01,96,0.01361482951747903,0.9560163101827389,0.01361482951747903,2.6663792683200205,0.01361482951747903,2.6663792683200205,4.80603481968132,3.5041167470693764,6.0,0.01361482951747903,loss,loss,loss,loss,loss,loss,loss,loss,2024
70666,59306,long,London,low,9.952102182011709,16.83377308707124,False,1.4947078863722734,False,2025-06,96,0.348843807426382,0.5912705737239458,0.8350093309395381,1.2144662597864773,0.835883991551535,3.5435416928208894,0.835883991551535,3.5435416928208894,5.0,0.4538030808685386,loss,loss,loss,loss,loss,loss,loss,loss,2025
70666,18011,long,London,low,19.457735247208934,16.83377308707124,False,1.4947078863722734,False,2023-09,96,1.5339283098113679,0.08507819302568749,1.5339283098113679,0.08507819302568749,2.762835542404743,0.08507819302568749,6.505645826697923,4.836222616882726,21.0,6.505645826697923,win,win,win,win,win,win,win,win,2023
70666,29089,long,London,low,26.142401700318814,16.83377308707124,False,1.4947078863722734,False,2024-02,96,1.3613822223252556,0.7323589845284612,1.3613822223252556,0.7323589845284612,1.3613822223252556,3.0555585418169136,1.3613822223252556,4.751324642027481,8.0,1.3613822223252556,win,win,loss,loss,loss,loss,loss,loss,2024
70676,9971,long,Overlap,mid,32.01476793248945,35.69553805774278,False,0.8663068303927026,False,2023-05,96,0.15261762358693795,1.892220067440531,6.955428962454032,1.892220067440531,18.864969065560363,1.892220067440531,18.864969065560363,1.892220067440531,1.0,0.15082913581057142,loss,loss,loss,loss,loss,loss,loss,loss,2023
70676,64903,long,Overlap,mid,44.72994231777661,35.69553805774278,False,0.8663068303927026,False,2025-08,96,1.3776873441286728,0.42714473349798454,4.256033130482014,0.42714473349798454,4.256033130482014,0.42714473349798454,4.4886163494436015,0.42714473349798454,,9.275240652490496,win,win,win,win,win,win,win,win,2025
70676,70207,long,Overlap,mid,45.094936708860764,35.69553805774278,False,0.8663068303927026,False,2025-11,96,0.4800606243114401,2.8488843606680083,0.4800606243114401,2.8488843606680083,0.4800606243114401,3.9051926196265723,0.4800606243114401,9.562737682094948,0.0,0.4800606243114401,loss,loss,loss,loss,loss,loss,loss,loss,2025
70676,61143,long,Overlap,mid,34.60519342872284,35.69553805774278,False,0.8663068303927026,False,2025-07,96,1.8869608877891069,0.6641648195226616,1.8869608877891069,2.1320877636812554,1.8869608877891069,2.6264699681122954,1.8869608877891069,2.6631099853508733,5.0,1.8869608877891069,win,win,win,loss,loss,loss,loss,loss,2025
70676,29001,long,Overlap,mid,36.267232237539766,35.69553805774278,False,0.8663068303927026,False,2024-02,96,2.03582895297514,0.7007934245373492,2.03582895297514,2.3268907528688363,2.03582895297514,2.3268907528688363,2.03582895297514,3.8455437804131236,4.0,2.03582895297514,win,win,win,win,loss,loss,loss,loss,2024
70690,54202,long,New York,mid,45.03657262277952,38.301198540906725,False,3.0640011015791457,False,2025-03,96,0.0,0.24664469758645935,0.5649905674824105,0.24664469758645935,0.891496800978842,0.24664469758645935,0.891496800978842,0.24664469758645935,,1.5683485324224187,win,win,win,none,none,none,none,none,2025
70690,69228,long,New York,mid,34.4280240831965,38.301198540906725,False,3.0640011015791457,False,2025-10,96,0.16831031966832097,0.4996033067674183,0.16831031966832097,1.440966838865869,0.16831031966832097,1.440966838865869,0.6032931914726442,1.440966838865869,6.0,0.16831031966832097,loss,loss,loss,loss,loss,loss,loss,loss,2025
70690,60080,long,New York,mid,46.42670839853938,38.301198540906725,False,3.0640011015791457,False,2025-06,96,1.1367297790377862,0.11413745479523095,1.1367297790377862,0.11413745479523095,1.1367297790377862,0.11413745479523095,1.1367297790377862,0.6783839825431536,35.0,1.1367297790377862,win,win,loss,loss,loss,loss,loss,loss,2025
70690,64917,long,New York,mid,33.52420614263404,38.301198540906725,False,3.0640011015791457,False,2025-08,96,0.10641120510798117,0.16741602249424456,0.11100526315984625,0.16741602249424456,0.40192666025736923,0.16741602249424456,0.44776040221655566,1.1427452307584511,24.0,0.44776040221655566,loss,loss,loss,loss,loss,loss,loss,loss,2025
70690,11569,long,New York,mid,46.52849740932643,38.301198540906725,False,3.0640011015791457,False,2023-05,96,0.5291866130224198,0.016815589864059406,0.5291866130224198,0.016815589864059406,0.8984569664375237,0.57744735593232,1.9728050028532387,0.57744735593232,,2.893794859708625,win,win,win,win,win,none,none,none,2023
70826,56977,short,Asia,low,21.536796536796537,15.980758952431854,False,1.2705409503415266,False,2025-04,96,1.2753923041229505,1.0148480785665612,1.4301612381083153,1.0148480785665612,3.5190462464819774,1.0148480785665612,3.934217805901182,1.0148480785665612,3.0,1.2753923041229505,win,win,loss,loss,loss,loss,loss,loss,2025
70826,5689,short,Asia,low,6.811989100817439,15.980758952431854,False,1.2705409503415266,False,2023-02,96,0.3374724641043362,1.3026217262657935,0.3374724641043362,1.6593312200829615,0.3374724641043362,1.6593312200829615,2.754742654871173,1.6593312200829615,0.0,0.11047551349344514,loss,loss,loss,loss,loss,loss,loss,loss,2023
70826,41431,short,Asia,low,8.870967741935484,15.980758952431854,False,1.2705409503415266,False,2024-08,96,0.15420078592743838,1.8256524242136123,0.15420078592743838,1.8847155692822606,0.15420078592743838,2.9284002465109724,0.15420078592743838,4.089150199294535,1.0,0.15420078592743838,loss,loss,loss,loss,loss,loss,loss,loss,2024
70826,8385,short,Asia,low,20.277481323372466,15.980758952431854,False,1.2705409503415266,False,2023-04,96,0.2427498897196452,2.2499777193404,0.2427498897196452,2.287546154654113,0.2427498897196452,3.4001498158691925,4.9239420657932165,3.455470368968577,1.0,0.2427498897196452,loss,loss,loss,loss,loss,loss,loss,loss,2023
70826,14682,short,Asia,low,19.368879216539717,15.980758952431854,False,1.2705409503415266,False,2023-07,96,3.2203454644280645,1.009389858780807,3.2489541726868234,1.009389858780807,3.2489541726868234,1.7718741267200226,3.2489541726868234,1.7718741267200226,1.0,0.2587222312093302,loss,loss,loss,loss,loss,loss,loss,loss,2023
70896,27594,short,Asia,low,4.707792207792208,2.2714981070849105,False,2.2794263246884734,False,2024-01,96,0.27065056300050977,0.31204417851827393,0.27065056300050977,0.40629425692788895,0.27065056300050977,2.690266596225377,0.321596551330049,2.690266596225377,8.0,0.27065056300050977,loss,loss,loss,loss,loss,loss,loss,loss,2024
70896,60839,short,Asia,low,7.477138246369015,2.2714981070849105,False,2.2794263246884734,False,2025-06,96,0.031331774435906345,1.1871261202939485,0.031331774435906345,1.246428406007856,0.031331774435906345,1.5945592330735368,3.258024360883528,1.5945592330735368,2.0,0.031331774435906345,loss,loss,loss,loss,loss,loss,loss,loss,2025
70896,12312,short,Asia,low,9.59349593495935,2.2714981070849105,False,2.2794263246884734,False,2023-06,96,0.12210376456764921,0.2408984840251415,0.16048868784637227,0.4050271214928369,2.546972021347968,0.5675012364053785,2.7700016617778105,1.0271276022170084,27.0,2.7700016617778105,win,win,win,win,win,loss,loss,loss,2023
70896,27123,short,Asia,low,0.38105606967882416,2.2714981070849105,False,2.2794263246884734,False,2024-01,96,0.9340785624946101,0.0567773243869183,0.9340785624946101,0.7395704383045711,0.9340785624946101,2.5077262113091052,0.9340785624946101,5.787257728961799,9.0,0.9340785624946101,win,loss,loss,loss,loss,loss,loss,loss,2024
70896,14222,short,Asia,low,9.84766050054407,2.2714981070849105,False,2.2794263246884734,False,2023-07,96,0.37017696894292595,0.47735271192743955,0.37017696894292595,1.1782015977917315,0.37017696894292595,1.2923273036318121,0.6796332097786316,3.5247285303697837,5.0,0.37017696894292595,loss,loss,loss,loss,loss,loss,loss,loss,2023
70928,35601,short,London,low,13.187399893219434,5.369484316852738,False,2.0831269350861343,False,2024-05,96,0.40715978318709045,0.2128130503937327,0.40715978318709045,0.3071714293513313,1.3419608119534367,3.627280214488098,4.443851770813584,3.627280214488098,9.0,0.40715978318709045,loss,loss,loss,loss,loss,loss,loss,loss,2024
70928,35245,short,London,low,14.058355437665782,5.369484316852738,False,2.0831269350861343,False,2024-05,96,0.4894033409277397,0.20327125476157956,0.4894033409277397,0.22592687448737445,0.4894033409277397,1.462546117851675,0.4894033409277397,2.88922083780427,11.0,0.4894033409277397,loss,loss,loss,loss,loss,loss,loss,loss,2024
70928,48954,short,London,low,13.545601726929304,5.369484316852738,False,2.0831269350861343,False,2024-12,96,1.5983940689448766,0.10003987212040868,2.6257194099349497,0.10003987212040868,2.935936508715825,0.10003987212040868,3.860043140527404,0.10003987212040868,,3.860043140527404,win,win,win,win,win,win,win,none,2024
70928,16456,short,London,low,10.105820105820106,5.369484316852738,False,2.0831269350861343,False,2023-08,96,1.0837118538752337,0.10043368451451679,1.5482176447551848,0.1595599665272133,2.6614926396366747,0.6447194586581204,4.21092520799483,0.6447194586581204,,4.779509454198393,win,win,win,win,win,win,win,win,2023
70928,10059,short,London,low,3.5940803382663846,5.369484316852738,False,2.0831269350861343,False,2023-05,96,0.621544786711998,0.1743975584248544,2.8549150697968924,0.1743975584248544,2.8549150697968924,2.3303704754645733,2.8549150697968924,6.7021387278408175,9.0,2.8549150697968924,win,win,win,win,win,loss,loss,loss,2023
71027,42281,long,Overlap,mid,38.31030818278427,38.66525423728814,False,2.7114680860289404,False,2024-09,96,0.6868253150273423,2.5482128199105416,0.6868253150273423,2.746556168641611,0.6868253150273423,2.746556168641611,0.6868253150273423,2.746556168641611,1.0,0.6868253150273423,ambiguous,loss,loss,loss,loss,loss,loss,loss,2024
71027,64984,long,Overlap,mid,40.03164556962025,38.66525423728814,False,2.7114680860289404,False,2025-08,96,0.24817602662035437,1.4297046288276376,0.6058070461133642,1.4297046288276376,0.9296065223548522,1.4297046288276376,1.947596488152348,1.4297046288276376,2.0,0.24817602662035437,loss,loss,loss,loss,loss,loss,loss,loss,2025
71027,51242,long,Overlap,mid,33.14732142857143,38.66525423728814,False,2.7114680860289404,False,2025-01,96,0.5351278579797185,0.15995096683770121,0.5351278579797185,1.4062732366890374,0.5351278579797185,1.4062732366890374,0.5351278579797185,1.9290508316925352,6.0,0.5351278579797185,win,loss,loss,loss,loss,loss,loss,loss,2025
71027,48978,long,Overlap,mid,47.78902503995738,38.66525423728814,False,2.7114680860289404,False,2024-12,96,0.4089412533786384,0.4863759293025667,0.47991359178033705,0.4863759293025667,0.47991359178033705,0.4863759293025667,0.5343332761778296,0.4863759293025667,,1.0320466397299146,win,win,none,none,none,none,none,none,2024
71027,59497,long,Overlap,mid,34.252386002120886,38.66525423728814,False,2.7114680860289404,False,2025-06,96,0.37655747842491993,1.6598967855994113,0.37655747842491993,1.9109818615467506,0.37655747842491993,3.8876105474193774,0.37655747842491993,3.8876105474193774,1.0,0.37655747842491993,loss,loss,loss,loss,loss,loss,loss,loss,2025
71172,23913,short,Asia,mid,41.914191419141915,32.55813953488372,False,2.1537023613217285,False,2023-12,96,0.1746796883085979,0.45070246851189993,0.5399190365901639,0.45070246851189993,0.9112216467800157,0.45070246851189993,0.9112216467800157,1.2204480040998955,31.0,0.9112216467800157,win,loss,loss,loss,loss,loss,loss,loss,2023
71172,35654,short,Asia,mid,41.33042529989095,32.55813953488372,False,2.1537023613217285,False,2024-06,96,0.23140823067647823,1.0105231138542197,0.23140823067647823,1.0105231138542197,0.8851842222200491,1.0105231138542197,1.8424122671938294,1.0105231138542197,3.0,0.23140823067647823,loss,loss,loss,loss,loss,loss,loss,loss,2024
71172,18796,short,Asia,mid,36.56147986942329,32.55813953488372,False,2.1537023613217285,False,2023-09,96,1.0207234229914353,0.4020499061717989,1.0207234229914353,0.4020499061717989,1.0207234229914353,0.4020499061717989,2.601240922991446,0.4020499061717989,92.0,4.46780704475963,win,win,win,win,win,win,win,win,2023
71172,42417,short,Asia,mid,35.05997818974918,32.55813953488372,False,2.1537023613217285,False,2024-09,96,0.10188466163969473,1.8601228225072544,0.10188466163969473,1.8601228225072544,0.10188466163969473,2.261063224312117,0.10188466163969473,2.4632800194141766,3.0,0.10188466163969473,loss,loss,loss,loss,loss,loss,loss,loss,2024
71172,39401,short,Asia,mid,37.35725938009788,32.55813953488372,False,2.1537023613217285,False,2024-07,96,0.2742093511523605,0.4739558778234092,0.2742093511523605,0.9752768436437668,0.2742093511523605,1.9123914897408834,0.2742093511523605,2.3090921871649557,8.0,0.2742093511523605,loss,loss,loss,loss,loss,loss,loss,loss,2024
71184,16086,short,London,mid,54.44915254237288,49.97313272434175,False,2.3449777005292125,False,2023-08,96,0.7719990897987093,0.40988374827638097,0.8903928291191457,0.40988374827638097,1.6215576357249388,0.6505235177845385,1.6215576357249388,0.7352739168642225,,1.6215576357249388,win,win,win,none,none,none,none,none,2023
71184,44392,short,London,mid,46.58910629296669,49.97313272434175,False,2.3449777005292125,False,2024-10,96,0.7314807220185412,0.1585051182395064,1.0072403414533824,0.1585051182395064,1.678733902422281,0.8059735945562614,1.7962906059402082,0.8059735945562614,,2.6976090332983573,win,win,win,win,win,none,none,none,2024
71184,35497,short,London,mid,59.699086512627616,49.97313272434175,False,2.3449777005292125,False,2024-05,96,0.6199084670508062,0.1348384687250389,0.6520766902058457,0.15132468309201802,0.8233724785066205,0.5680372072132956,0.8233724785066205,2.0316913607689386,21.0,0.8233724785066205,win,loss,loss,loss,loss,loss,loss,loss,2024
71184,46600,short,London,mid,57.32416710735061,49.97313272434175,False,2.3449777005292125,False,2024-11,96,0.683568707433762,0.03554149634253031,1.221149763223987,0.6295558241031803,1.221149763223987,0.6705750421042522,1.4499401841243278,0.6705750421042522,48.0,1.4499401841243278,win,win,loss,loss,loss,loss,loss,loss,2024
71184,41280,short,London,mid,42.04965662968833,49.97313272434175,False,2.3449777005292125,False,2024-08,96,0.24786917593704041,0.4008748400957319,1.1957756953199572,0.4008748400957319,1.1957756953199572,1.273298565160436,1.1957756953199572,2.0832085474403015,15.0,1.1957756953199572,win,win,loss,loss,loss,loss,loss,loss,2024
71261,6900,short,Asia,low,25.783783783783782,18.147345612134345,False,2.1688187578986327,False,2023-03,96,0.44380054646437533,0.12380321502571366,1.3449934004699462,0.12380321502571366,1.58639489611669,0.12380321502571366,5.3950427282911395,2.6190732648870583,27.0,5.3950427282911395,win,win,win,win,win,win,win,win,2023
71261,43078,short,Asia,low,26.202052944354403,18.147345612134345,False,2.1688187578986327,False,2024-09,96,0.2080186887141001,0.9264716052908231,2.4612304664683853,0.9264716052908231,2.8684113888216882,0.9264716052908231,2.8684113888216882,0.9264716052908231,40.0,2.8684113888216882,win,win,win,win,win,loss,loss,loss,2024
71261,44457,short,Asia,low,25.21459227467811,18.147345612134345,False,2.1688187578986327,False,2024-10,96,0.7156921304361427,0.07654253512269994,1.3645552454353251,0.07654253512269994,1.3645552454353251,1.8822858446787434,1.3645552454353251,2.2947218905300115,11.0,1.3645552454353251,win,win,loss,loss,loss,loss,loss,loss,2024
71261,45663,short,Asia,low,21.344717182497334,18.147345612134345,False,2.1688187578986327,False,2024-11,96,0.9302353340812017,0.3667953247675059,0.9302353340812017,0.6499872207757357,1.3661114262741232,0.7263293188680815,2.3756326411505237,2.059862883231399,23.0,1.3661114262741232,win,win,loss,loss,loss,loss,loss,loss,2024
71261,70812,short,Asia,low,21.647819063004846,18.147345612134345,False,2.1688187578986327,False,2025-11,96,0.48721683992890075,0.34785814728655284,0.5216862363698923,0.34785814728655284,1.1886555928954747,0.34785814728655284,1.1886555928954747,0.34785814728655284,,1.8690895574058148,win,win,win,none,none,none,none,none,2025
71275,10325,short,London,low,13.443145589798085,12.473118279569892,False,1.3694307228739369,False,2023-05,96,0.10343367416768032,1.002068971530826,0.10343367416768032,1.3472899096717637,0.23471487599594407,1.7358292241735196,1.832190510363987,3.2444579845769783,3.0,0.10343367416768032,loss,loss,loss,loss,loss,loss,loss,loss,2023
71275,37326,short,London,low,14.959785522788206,12.473118279569892,False,1.3694307228739369,False,2024-06,96,0.2906243089398903,2.5767454652509834,0.2906243089398903,4.108724306516713,0.2906243089398903,6.115327815375804,0.2906243089398903,10.06189486416548,2.0,0.2906243089398903,loss,loss,loss,loss,loss,loss,loss,loss,2024
71275,28258,short,London,low,14.721627408993577,12.473118279569892,False,1.3694307228739369,False,2024-02,96,0.522147393384537,2.7364294186900344,0.522147393384537,4.060389910641916,3.7314946618501117,4.060389910641916,5.567651894754928,4.060389910641916,2.0,0.522147393384537,ambiguous,loss,loss,loss,loss,loss,loss,loss,2024
71275,8488,short,London,low,14.907161803713528,12.473118279569892,False,1.3694307228739369,False,2023-04,96,0.13911344102640416,0.5815659325431838,0.2200304282137783,0.9399125900868679,5.464088967307529,1.009668613524172,7.559958517212913,1.009668613524172,9.0,0.2200304282137783,loss,loss,loss,loss,loss,loss,loss,loss,2023
71275,35242,short,London,low,20.403825717321997,12.473118279569892,False,1.3694307228739369,False,2024-05,96,0.2693368310595997,0.6026563934798316,0.546290653947978,0.6026563934798316,0.546290653947978,1.7263150280367612,0.546290653947978,4.3608801617171915,14.0,0.546290653947978,win,loss,loss,loss,loss,loss,loss,loss,2024
71353,45091,short,Asia,mid,40.88457389428263,35.37378114842903,False,2.6260813405901517,False,2024-10,96,0.7785017546308141,0.0218311525766771,0.7785017546308141,0.0218311525766771,0.7785017546308141,0.42535075706638925,0.7785017546308141,1.9339832812070874,18.0,0.7785017546308141,win,loss,loss,loss,loss,loss,loss,loss,2024
71353,9395,short,Asia,mid,31.303418803418804,35.37378114842903,False,2.6260813405901517,False,2023-04,96,0.702075233942321,0.061609490121018656,0.702075233942321,0.3618582710905035,0.702075233942321,1.0947382500933116,1.4113642372975077,1.0947382500933116,12.0,0.702075233942321,win,loss,loss,loss,loss,loss,loss,loss,2023
71353,70721,short,Asia,mid,30.462863293864373,35.37378114842903,False,2.6260813405901517,False,2025-11,96,0.27734684391105824,0.1774066056625419,0.27734684391105824,0.1774066056625419,0.7150039177030774,0.36602478119964443,1.814346538437126,0.36602478119964443,86.0,1.814346538437126,win,win,win,loss,loss,loss,loss,loss,2025
71353,3042,short,Asia,mid,41.9284940411701,35.37378114842903,False,2.6260813405901517,False,2023-01,96,0.08843577823942206,0.7837595078470964,0.08843577823942206,1.5953484563988662,0.08843577823942206,2.197288951641764,1.4265165161235123,2.197288951641764,4.0,0.08843577823942206,loss,loss,loss,loss,loss,loss,loss,loss,2023
71353,63191,short,Asia,mid,35.55070883315158,35.37378114842903,False,2.6260813405901517,False,2025-08,96,0.9923948614735898,0.3679627952055266,0.9923948614735898,0.3679627952055266,0.9923948614735898,0.778632507217692,0.9923948614735898,1.1577560433486684,19.0,0.9923948614735898,win,loss,loss,loss,loss,loss,loss,loss,2025
71536,12597,long,Asia,low,10.302049622437973,12.357723577235772,False,1.9300493587160297,False,2023-06,96,1.3231328312085038,0.35594930699583566,1.3231328312085038,0.35594930699583566,2.7042483549593173,0.35594930699583566,3.263942401027369,0.8302799445988289,32.0,3.263942401027369,win,win,win,win,win,win,loss,loss,2023
71536,19171,long,Asia,low,7.479674796747967,12.357723577235772,False,1.9300493587160297,False,2023-09,96,0.41326357569672867,0.23776808464755833,0.41326357569672867,0.6755632881253661,0.9837811756311954,0.8453976343021118,1.2278394212482575,1.811566359218811,16.0,0.9837811756311954,win,loss,loss,loss,loss,loss,loss,loss,2023
71536,17257,long,Asia,low,14.117015566290927,12.357723577235772,False,1.9300493587160297,False,2023-08,96,0.12823736013400264,1.0109980610560896,0.1905498801990573,1.0109980610560896,2.5421702026555657,1.0109980610560896,3.784356743953126,1.0109980610560896,3.0,0.12823736013400264,loss,loss,loss,loss,loss,loss,loss,loss,2023
71536,29711,long,Asia,low,7.150537634408602,12.357723577235772,False,1.9300493587160297,False,2024-03,96,1.0464356642205486,0.7743933054278009,1.0464356642205486,3.9611016181825636,4.300639334933577,3.9611016181825636,5.537195511265313,3.9611016181825636,4.0,1.0464356642205486,win,win,loss,loss,loss,loss,loss,loss,2024
71536,60830,long,Asia,low,3.3513513513513513,12.357723577235772,False,1.9300493587160297,False,2025-06,96,0.04120954585308587,0.4107011505883183,0.39242022423245293,0.7433210564024058,1.8130650944305429,0.7433210564024058,2.2626519443013047,0.7433210564024058,33.0,2.2626519443013047,win,win,win,win,loss,loss,loss,loss,2025
71662,49414,short,Overlap,low,23.96386822529224,19.212346993081425,False,1.4970804917061236,False,2024-12,96,0.6630060854957686,2.3401669416358555,0.6630060854957686,2.876781481616466,0.6630060854957686,5.343614732996917,0.6630060854957686,5.448025140161634,0.0,0.6630060854957686,ambiguous,loss,loss,loss,loss,loss,loss,loss,2024
71662,10341,short,Overlap,low,28.34562697576396,19.212346993081425,False,1.4970804917061236,False,2023-05,96,2.793357452021928,0.4229128966801895,2.793357452021928,0.4229128966801895,2.793357452021928,1.2882850844248879,2.793357452021928,1.2882850844248879,11.0,2.793357452021928,win,win,win,win,win,loss,loss,loss,2023
71662,61140,short,Overlap,low,22.770700636942674,19.212346993081425,False,1.4970804917061236,False,2025-07,96,1.6140800914119835,0.14124197145589773,1.7631334134337233,0.14124197145589773,2.8155933406931495,0.14124197145589773,2.8490705574039223,0.14124197145589773,,4.316966802512236,win,win,win,win,win,win,win,win,2025
71662,59404,short,Overlap,low,21.379310344827587,19.212346993081425,False,1.4970804917061236,False,2025-06,96,0.5208056089014136,1.9634613941381978,0.5208056089014136,2.5962146132302237,0.5208056089014136,4.909124985508695,0.5208056089014136,4.909124985508695,0.0,0.5208056089014136,ambiguous,loss,loss,loss,loss,loss,loss,loss,2025
71662,23442,short,Overlap,low,11.11111111111111,19.212346993081425,False,1.4970804917061236,False,2023-11,96,0.36679982404724315,1.109307467868499,0.502515758944722,1.109307467868499,1.5588992522007536,1.109307467868499,1.5588992522007536,1.1234554610817717,3.0,0.36679982404724315,loss,loss,loss,loss,loss,loss,loss,loss,2023
71702,22949,long,Asia,low,6.109324758842444,3.8314176245210727,False,2.2277704489683625,True,2023-11,96,1.3360343301766147,0.32468609884759353,1.7492369408909656,0.32468609884759353,2.0471797531745817,0.32468609884759353,3.6917035438572463,0.3887193201980685,,9.357136969340056,win,win,win,win,win,win,win,win,2023
71702,19541,long,Asia,low,6.821873308067136,3.8314176245210727,False,2.2277704489683625,True,2023-09,96,0.27512143379709814,0.2633784457691957,0.8879935708736103,0.2633784457691957,0.8879935708736103,2.259127220610473,1.1362738891783055,2.259127220610473,11.0,0.8879935708736103,win,loss,loss,loss,loss,loss,loss,loss,2023
71702,12029,long,Asia,low,3.917301414581066,3.8314176245210727,False,2.2277704489683625,True,2023-06,96,1.923881710621559,0.256936546672151,3.2030190508888015,0.256936546672151,3.2030190508888015,0.256936546672151,3.2030190508888015,0.256936546672151,44.0,3.2030190508888015,win,win,win,win,win,win,loss,loss,2023
71702,19553,long,Asia,low,7.046799354491662,3.8314176245210727,False,2.2277704489683625,True,2023-09,96,0.7043364965764046,1.3172662662883075,2.087774503785207,1.3172662662883075,2.087774503785207,1.3172662662883075,2.087774503785207,4.070122844070183,1.0,0.02859965073674523,loss,loss,loss,loss,loss,loss,loss,loss,2023
71702,18147,long,Asia,low,0.0,3.8314176245210727,False,2.2277704489683625,True,2023-09,96,0.4854604998524603,0.20714860225929455,0.9716255867872582,1.7748548608537176,0.9716255867872582,1.7748548608537176,1.1893429952841785,2.0933282221502143,6.0,0.9716255867872582,win,loss,loss,loss,loss,loss,loss,loss,2023
71720,19553,long,Asia,low,7.046799354491662,3.035230352303523,False,1.5019042688011262,False,2023-09,96,1.044740377797403,1.9538974103871865,3.0967901485192075,1.9538974103871865,3.0967901485192075,1.9538974103871865,3.0967901485192075,6.037201960234432,0.0,0.0424217828563705,loss,loss,loss,loss,loss,loss,loss,loss,2023
71720,13852,long,Asia,low,4.62962962962963,3.035230352303523,False,1.5019042688011262,False,2023-06,96,0.5504483691178041,0.9055043151209222,0.5504483691178041,0.9055043151209222,0.5504483691178041,1.0830322881224177,0.6481445806753375,4.6235429949636755,14.0,0.5504483691178041,win,loss,loss,loss,loss,loss,loss,loss,2023
71720,71622,long,Asia,low,0.9244154431756388,3.035230352303523,False,1.5019042688011262,False,2025-12,96,0.3046770943558618,1.6881681181122241,0.3046770943558618,3.8542547109800878,0.3046770943558618,3.8542547109800878,3.147950416429948,3.8542547109800878,1.0,0.3046770943558618,loss,loss,loss,loss,loss,loss,loss,loss,2025
71720,36763,long,Asia,low,3.3713974986405653,3.035230352303523,False,1.5019042688011262,False,2024-06,96,0.500473199625485,0.2419194873911708,0.7875943849597086,0.49685706378996186,0.7875943849597086,1.0067322165877084,1.9454810794690287,1.0067322165877084,15.0,0.7875943849597086,win,loss,loss,loss,loss,loss,loss,loss,2024
71720,22743,long,Asia,low,1.6268980477223427,3.035230352303523,False,1.5019042688011262,False,2023-11,96,0.8084033337065115,0.5304406038616537,0.9251595336625886,1.4461174004720563,0.9251595336625886,1.7264508145799269,0.9251595336625886,1.7940153160774097,7.0,0.9251595336625886,win,loss,loss,loss,loss,loss,loss,loss,2023
71903,35859,long,Asia,low,12.452830188679245,12.79826464208243,False,1.8471455186813444,False,2024-06,96,0.19597341370149382,2.7249260278783978,0.19597341370149382,2.7249260278783978,0.19597341370149382,2.7249260278783978,1.792471882040952,2.7249260278783978,1.0,0.19597341370149382,loss,loss,loss,loss,loss,loss,loss,loss,2024
71903,19449,long,Asia,low,13.048186247969682,12.79826464208243,False,1.8471455186813444,False,2023-09,96,0.008081942784188603,0.7454037998694116,0.008081942784188603,1.3229518649891274,1.9862928612031572,1.9427747077496056,1.9862928612031572,1.9427747077496056,7.0,0.008081942784188603,loss,loss,loss,loss,loss,loss,loss,loss,2023
71903,18706,long,Asia,low,15.380434782608695,12.79826464208243,False,1.8471455186813444,False,2023-09,96,0.24919851611761937,1.4710940703831894,0.24919851611761937,1.877217123773028,0.7276126484754387,1.877217123773028,0.7276126484754387,1.8854453766636436,2.0,0.24919851611761937,loss,loss,loss,loss,loss,loss,loss,loss,2023
71903,11600,long,Asia,low,18.566078116639915,12.79826464208243,False,1.8471455186813444,False,2023-05,96,1.075925974930618,0.5793714106550758,1.4026886784280574,0.5793714106550758,2.9737831616278987,0.5793714106550758,2.9737831616278987,1.530205831012405,28.0,2.9737831616278987,win,win,win,win,win,loss,loss,loss,2023
71903,54794,long,Asia,low,7.154297917778964,12.79826464208243,False,1.8471455186813444,False,2025-03,96,0.3853968360663449,0.7972680043400171,0.3853968360663449,1.3504079452933917,1.7624961162900197,1.3504079452933917,4.1660182763526485,1.3504079452933917,5.0,0.3853968360663449,loss,loss,loss,loss,loss,loss,loss,loss,2025
71996,30796,long,Asia,low,17.818574514038875,24.607046070460704,False,2.403463518753426,False,2024-03,96,0.6268707523580892,0.7581456428570975,0.6268707523580892,0.7581456428570975,0.6268707523580892,0.817816047629511,0.6268707523580892,4.54787935039678,18.0,0.6268707523580892,win,loss,loss,loss,loss,loss,loss,loss,2024
71996,46924,long,Asia,low,15.05143475906876,24.607046070460704,False,2.403463518753426,False,2024-11,96,0.3272720096084184,1.1097707546916247,0.3272720096084184,1.1097707546916247,0.3272720096084184,1.356718396830231,1.9596490311646484,1.356718396830231,3.0,0.3272720096084184,loss,loss,loss,loss,loss,loss,loss,loss,2024
71996,2326,long,Asia,low,15.809217577706324,24.607046070460704,False,2.403463518753426,False,2023-01,96,1.0150215267356983,0.08822525727856247,3.686206433589773,0.08822525727856247,5.64555432976308,0.08822525727856247,5.64555432976308,0.08822525727856247,,5.64555432976308,win,win,win,win,win,win,win,win,2023
71996,6911,long,Asia,low,18.37721655024181,24.607046070460704,False,2.403463518753426,False,2023-03,96,0.8501539801687094,0.21551205160172224,0.8501539801687094,2.9327763553055592,1.978406297621181,3.906970123386989,8.77369102585183,3.906970123386989,7.0,0.8501539801687094,win,loss,loss,loss,loss,loss,loss,loss,2023
71996,25026,long,Asia,low,16.529830322933773,24.607046070460704,False,2.403463518753426,False,2023-12,96,0.198048665318468,0.8129270284420751,0.198048665318468,0.8704866267646547,0.4162841091955214,0.8704866267646547,0.9615999245833461,0.8704866267646547,,6.022752662397317,win,win,win,win,win,win,win,win,2023
72114,8204,long,London,low,17.90090570058604,27.3650454302512,False,2.50928241073824,False,2023-04,96,0.6919096061268737,0.5724381729585699,0.6919096061268737,0.5724381729585699,0.7154312723061853,0.6371809768977434,10.15227716589992,0.6371809768977434,,10.981823452343544,win,win,win,win,win,win,win,win,2023
72114,8307,long,London,low,25.31779661016949,27.3650454302512,False,2.50928241073824,False,2023-04,96,0.13282884289285904,0.5453607174966039,0.13282884289285904,0.5453607174966039,1.5770916996039797,1.060222969555611,1.5770916996039797,2.9027717071463357,15.0,1.5770916996039797,win,win,win,loss,loss,loss,loss,loss,2023
72114,24954,long,London,low,17.975094748240387,27.3650454302512,False,2.50928241073824,False,2023-12,96,0.8883570784015307,0.18327940871470993,0.9831831424375255,0.39816750544141816,0.9831831424375255,1.1990908742614286,0.9831831424375255,1.1990908742614286,9.0,0.9831831424375255,win,loss,loss,loss,loss,loss,loss,loss,2023
72114,41370,long,London,low,26.33527234267583,27.3650454302512,False,2.50928241073824,False,2024-08,96,0.021134475753781787,0.7182636431349205,0.021134475753781787,1.8277464870838918,0.8231646906717834,1.8277464870838918,0.8231646906717834,1.8277464870838918,4.0,0.021134475753781787,loss,loss,loss,loss,loss,loss,loss,loss,2024
72114,59576,long,London,low,18.25947677522691,27.3650454302512,False,2.50928241073824,False,2025-06,96,0.018904399600518068,0.6708507209596858,0.30953825472051927,0.6708507209596858,0.32699502011740733,1.4543614449441948,0.32699502011740733,3.7733862842301655,13.0,0.32699502011740733,loss,loss,loss,loss,loss,loss,loss,loss,2025
72347,2410,short,Asia,mid,58.50376749192681,63.7855579868709,False,1.4712902204054787,False,2023-01,96,1.78992979623264,0.10211008904676531,1.78992979623264,0.10211008904676531,1.78992979623264,0.10211008904676531,4.000646593406609,0.10211008904676531,,10.276412752569003,win,win,win,win,win,win,win,win,2023
72347,67604,short,Asia,mid,66.86390532544378,63.7855579868709,False,1.4712902204054787,False,2025-10,96,0.33279324631910956,0.6033400252630157,0.33279324631910956,1.9134393532872096,0.33279324631910956,3.0956349812253388,0.33279324631910956,4.63900629559693,4.0,0.33279324631910956,loss,loss,loss,loss,loss,loss,loss,loss,2025
72347,19829,short,Asia,mid,67.83216783216784,63.7855579868709,False,1.4712902204054787,False,2023-09,96,0.16981102970204243,2.15614657594974,0.16981102970204243,2.15614657594974,0.16981102970204243,2.15614657594974,5.495931456855264,5.005142308695785,3.0,0.16981102970204243,loss,loss,loss,loss,loss,loss,loss,loss,2023
72347,39217,short,Asia,mid,67.2648178357803,63.7855579868709,False,1.4712902204054787,False,2024-07,96,0.1858356952224025,1.4536149156725267,0.1858356952224025,2.064461753125944,0.3366805132733268,2.064461753125944,0.9577685830697082,2.064461753125944,3.0,0.1858356952224025,loss,loss,loss,loss,loss,loss,loss,loss,2024
72347,55243,short,Asia,mid,55.26315789473685,63.7855579868709,False,1.4712902204054787,False,2025-04,96,0.2513796133916412,0.7147547778070802,0.47411627233393394,0.9256196858920258,3.4503453682170275,0.9256196858920258,3.7772896180180653,0.9256196858920258,,8.170214316208957,win,win,win,win,win,win,win,win,2025
72486,28091,long,Overlap,mid,39.89389920424403,38.080000000000005,False,0.5668987562964753,False,2024-02,96,1.3990775514130744,2.8474751028402023,7.074903675455681,2.8474751028402023,9.888156737470071,2.8474751028402023,9.888156737470071,2.8474751028402023,0.0,0.8857469390240668,ambiguous,loss,loss,loss,loss,loss,loss,loss,2024
72486,8960,long,Overlap,mid,38.323668950975225,38.080000000000005,False,0.5668987562964753,False,2023-04,96,0.0,8.055049139245865,0.0,13.822852047022346,0.0,21.809479290455155,0.0,21.809479290455155,0.0,0.0,loss,loss,loss,loss,loss,loss,loss,loss,2023
72486,71934,long,Overlap,mid,42.82666666666667,38.080000000000005,False,0.5668987562964753,False,2025-12,96,2.5438744891042013,0.9695379352247089,4.402511640530412,9.480708520854252,4.402511640530412,19.882943116516607,4.402511640530412,19.882943116516607,4.0,2.5438744891042013,win,win,win,win,win,loss,loss,loss,2025
72486,49148,long,Overlap,mid,30.16639828234031,38.080000000000005,False,0.5668987562964753,False,2024-12,96,2.027351354758876,2.971972005272991,2.027351354758876,5.170658002159569,2.027351354758876,5.3289633939353624,2.027351354758876,7.430581475700206,1.0,2.027351354758876,win,win,win,win,loss,loss,loss,loss,2024
72486,35335,long,Overlap,mid,40.78597981943707,38.080000000000005,False,0.5668987562964753,False,2024-05,96,5.819466497433662,1.9354703493989596,5.819466497433662,4.736516983216825,5.819466497433662,4.736516983216825,5.819466497433662,4.736516983216825,0.0,0.2467479905811378,loss,loss,loss,loss,loss,loss,loss,loss,2024
