direction,structure_id,compression_index,displacement_index,signal_index,entry_index,compression_time,displacement_time,signal_time,entry_time,box_high,box_low,box_width,box_width_atr,compression_pct,compression_duration,bars_since_expansion,bars_compression_to_displacement,disp_range_atr,disp_body_range,disp_close_location,dist_beyond_atr,disp_tv_ratio,two_sided,acceptance_shape,signal_close,entry,stop,risk,risk_atr,spread_px,spread_risk,er_h1,regime,atr_pct,vol_regime,tvwap_dist_atr,tvwap_slope,toward_tvwap,tv_ratio,session,hour,dow,pdh_dist_atr,pdl_dist_atr,atr,month,bars_available,mfe_4,mae_4,mfe_8,mae_8,mfe_16,mae_16,mfe_32,mae_32,stop_bar,mfe_to_stop,r_0.5,r_1.0,r_1.5,r_2.0,r_2.5,r_3.0,r_3.5,r_4.0,year,lookback_contains_hole
long,24,2419,2420,2421,2422,2023-01-05 05:45:00+00:00,2023-01-05 06:00:00+00:00,2023-01-05 06:15:00+00:00,2023-01-05 06:30:00+00:00,1853.46,1850.267,3.1929999999999836,1.731935497697807,17.675415104445634,1,16,1,1.609349396075539,0.8833838894506172,0.9774182676103774,0.9714677345370135,1.4112211221122113,False,stalls,1854.012,1854.008,1852.351,1.6569999999999254,0.8642753493839255,0.2,0.12070006035003561,0.15699863107461123,neutral,52.220438737292675,mid,-0.3506277767044052,-0.11985129209007928,True,1.108910891089109,Asia,6,Thursday,5.776092467759856,9.298392669564231,1.9172130747233178,2023-01,96,0.2365721182861016,2.1430295715148406,0.6415208207603635,5.4441762220883305,0.6415208207603635,6.255884127942337,0.6415208207603635,13.800241400121298,1.0,0.05552202776093844,loss,loss,loss,loss,loss,loss,loss,loss,2023,False
short,32,2768,2769,2770,2771,2023-01-11 01:00:00+00:00,2023-01-11 01:15:00+00:00,2023-01-11 01:30:00+00:00,2023-01-11 01:45:00+00:00,1878.396,1875.728,2.6679999999998927,1.9275790934441024,8.874458874458876,2,1,1,2.28954203415472,0.8236036604607283,1.0,1.5872905803212474,0.8729874776386404,False,stalls,1874.037,1874.027,1876.7,2.673000000000002,1.7261911135896928,0.2,0.07482229704451922,0.16476021695934728,neutral,21.62162162162162,low,-1.300207733829384,-0.4774626324248306,True,1.0241502683363148,Asia,1,Wednesday,4.315154890013598,4.034882932176758,1.5484959799389635,2023-01,96,0.6662925551814246,0.9296670407781138,0.6662925551814246,1.1466517022072773,0.6662925551814246,3.938645716423499,0.6662925551814246,4.69472502805835,6.0,0.6662925551814246,win,loss,loss,loss,loss,loss,loss,loss,2023,False
long,34,2862,2863,2864,2865,2023-01-12 01:30:00+00:00,2023-01-12 01:45:00+00:00,2023-01-12 02:00:00+00:00,2023-01-12 02:15:00+00:00,1878.76,1875.822,2.938000000000102,2.0532619668001404,12.378378378378379,3,11,1,1.849193725035023,0.7588813303099282,0.7887377173091542,1.2181196760151103,1.124634858812074,False,continues,1880.761,1880.73,1878.416,2.314000000000078,1.5557099336144387,0.2,0.08643042350907228,0.07230485289327888,range,16.792656587473,low,1.8402031738124356,0.5296926677075653,True,0.9627016129032258,Asia,2,Thursday,3.9094439342989364,9.323502748212709,1.4874238121137893,2023-01,96,1.7203975799480813,0.22601555747618549,1.7203975799480813,0.22601555747618549,1.8284356093344216,0.22601555747618549,1.9956784788244522,0.37986171132233176,45.0,7.7765773552287305,win,win,win,win,win,win,win,win,2023,False
short,35,2884,2885,2886,2887,2023-01-12 07:00:00+00:00,2023-01-12 07:15:00+00:00,2023-01-12 07:30:00+00:00,2023-01-12 07:45:00+00:00,1884.961,1882.015,2.9459999999999127,2.3712716011638073,12.980769230769232,12,19,1,1.8005887887996552,0.7755923111310081,0.9727313366115693,0.9932617636919834,0.8600441501103753,False,continues,1880.525,1880.555,1882.957,2.4020000000000437,1.7542530957325562,0.2,0.0832639467110726,0.04405849521374371,range,9.178228388473853,low,-0.4696943127731741,0.0948008978721982,True,1.0949227373068433,Other,7,Thursday,4.419227927675847,9.955861032900032,1.3692437002637843,2023-01,96,0.09367194005001346,1.1407160699416983,0.09367194005001346,1.99542048293081,0.09367194005001346,2.3588676103246615,3.049125728559507,8.679850124895735,1.0,0.09367194005001346,loss,loss,loss,loss,loss,loss,loss,loss,2023,False
short,45,3451,3453,3454,3455,2023-01-20 13:15:00+00:00,2023-01-20 13:45:00+00:00,2023-01-20 14:00:00+00:00,2023-01-20 14:15:00+00:00,1929.488,1926.703,2.785000000000082,1.263044853590885,8.691043985161633,2,18,2,1.8479011956276825,0.805600933488899,0.9444574095682493,1.1190906890673968,1.0108820160366552,False,stalls,1924.829,1924.797,1928.155,3.3579999999999472,1.372103414855915,0.2,0.05955926146515877,0.0634400344640267,range,72.5925925925926,high,-1.7806218402813687,-0.14527311915075777,False,0.7754116355653129,Overlap,14,Friday,4.208655501195975,9.757134438161042,2.447337397197989,2023-01,96,1.255807027992902,0.5949970220369502,1.255807027992902,1.8216200119118695,1.255807027992902,1.8216200119118695,1.255807027992902,1.835020845741552,4.0,1.255807027992902,win,win,loss,loss,loss,loss,loss,loss,2023,False
long,46,3587,3588,3589,3590,2023-01-24 01:15:00+00:00,2023-01-24 01:30:00+00:00,2023-01-24 01:45:00+00:00,2023-01-24 02:00:00+00:00,1932.823,1930.77,2.053000000000111,1.3912690466020068,2.1207177814029365,3,48,1,1.8615762644985898,0.9450309428467188,0.9468511103020816,1.3675503828750228,0.765295887662989,False,continues,1935.738,1935.77,1932.24,3.5299999999999727,2.276919667279773,0.2,0.05665722379603443,0.003496723130717031,range,15.697990222705052,low,2.1045699217657146,0.44034304461971624,True,0.7257646448937273,Asia,1,Tuesday,-0.17544536813044526,15.765572381771292,1.5503401594388482,2023-01,96,0.3487252124645904,0.49376770538242254,0.3487252124645904,0.6614730878187123,0.3487252124645904,1.1240793201133443,1.8767705382436406,1.1240793201133443,8.0,0.3487252124645904,loss,loss,loss,loss,loss,loss,loss,loss,2023,False
long,48,3606,3607,3608,3609,2023-01-24 06:00:00+00:00,2023-01-24 06:15:00+00:00,2023-01-24 06:30:00+00:00,2023-01-24 06:45:00+00:00,1935.598,1932.026,3.571999999999889,2.519594319113895,19.429494079655544,4,4,1,1.532776723245988,0.6019328117809442,0.8596410492406519,0.6630511366089789,0.8617977528089887,False,continues,1938.912,1938.88,1934.67,4.210000000000036,2.6869916781824768,0.2,0.047505938242279874,0.2358961268014175,neutral,17.634408602150536,low,3.2076830719845013,0.2980625828673036,False,1.1921348314606741,Asia,6,Tuesday,-2.1993760862273426,17.625644224391117,1.5668079786714286,2023-01,96,0.5945368171021158,0.29952494061762086,0.8349168646080386,0.30356294536817313,0.8349168646080386,1.0928741092636753,0.8349168646080386,2.696199524940621,11.0,0.8349168646080386,win,loss,loss,loss,loss,loss,loss,loss,2023,False
short,53,3792,3794,3795,3796,2023-01-26 06:30:00+00:00,2023-01-26 07:00:00+00:00,2023-01-26 07:15:00+00:00,2023-01-26 07:30:00+00:00,1948.919,1945.195,3.72400000000016,2.2371062403851383,18.978494623655916,8,5,2,3.1228930904748324,0.9732787204992849,0.9732787204992849,2.7324553157537,1.2332049636285836,False,stalls,1940.951,1940.92,1945.699,4.778999999999996,2.3380788269388657,0.2,0.041849759363883694,0.40063714272894535,trend,46.645195920558244,mid,-2.26942450324047,-0.35054750625437053,True,1.6481012658227847,Other,7,Thursday,3.4104933045806347,10.383633610159105,2.0439858335558823,2023-01,96,0.2148985143335519,0.6183301946013663,1.1353839715421976,0.8621050428959812,1.4812722326847005,0.8621050428959812,2.4000836995187353,0.8621050428959812,,4.720652856246116,win,win,win,win,win,win,win,win,2023,False
long,59,3965,3966,3967,3968,2023-01-30 03:45:00+00:00,2023-01-30 04:00:00+00:00,2023-01-30 04:15:00+00:00,2023-01-30 04:30:00+00:00,1927.697,1924.385,3.311999999999898,1.8367612049600646,11.249323958896701,1,53,1,2.4473512069713266,0.9163834126444276,0.9712213913437163,1.450220576983917,2.4973302822273076,False,continues,1931.391,1931.421,1926.026,5.394999999999982,2.662068670777492,0.2,0.03707136237256732,0.0954308134326044,range,42.84170718530524,mid,1.9514412001110235,0.1461697668757592,True,1.9984984984984986,Asia,4,Monday,1.7931339294912838,7.369908742675283,2.0266193953683027,2023-01,96,0.5568118628359435,0.0216867469879448,0.5568118628359435,0.3831325301204846,0.5568118628359435,1.90750695088044,0.5568118628359435,2.000741427247476,12.0,0.5568118628359435,win,loss,loss,loss,loss,loss,loss,loss,2023,False
long,62,4047,4048,4049,4050,2023-01-31 01:15:00+00:00,2023-01-31 01:30:00+00:00,2023-01-31 01:45:00+00:00,2023-01-31 02:00:00+00:00,1924.343,1921.099,3.244000000000142,2.322929511621783,9.9510603588907,3,21,1,2.8435120501386266,0.8121380005036278,0.973558297658016,1.5309566263400027,1.3854047890535919,False,stalls,1925.148,1925.179,1922.615,2.564000000000078,1.525590000973578,0.2,0.07800312012480262,0.07064601435587693,range,15.100488864747419,low,1.0734536673891573,0.6475793116869811,False,1.3157599551318004,Asia,1,Tuesday,5.519851185269704,2.690012634321869,1.6806612512954484,2023-01,96,0.45397815912634626,0.3845553822153173,0.45397815912634626,1.7106084243369972,0.45397815912634626,3.2016380655225465,0.45397815912634626,8.793291731669017,6.0,0.45397815912634626,loss,loss,loss,loss,loss,loss,loss,loss,2023,False
short,66,4163,4164,4165,4166,2023-02-01 07:15:00+00:00,2023-02-01 07:30:00+00:00,2023-02-01 07:45:00+00:00,2023-02-01 08:00:00+00:00,1929.214,1925.495,3.719000000000051,2.5314842348609075,17.122920021470748,1,12,1,1.7439264882262162,0.8836846213895341,0.9574551131928463,0.8746860020962229,0.8764331210191083,False,stalls,1924.947,1924.956,1926.663,1.7070000000001073,1.128801926601248,0.2,0.11716461628587431,0.6140117208311165,trend,7.613941018766757,low,-1.0662305138711676,-0.06375116898173384,True,0.9402919062361786,Other,7,Wednesday,4.060909567227835,16.010207056204365,1.5122227910611188,2023-02,96,0.9876977152898745,1.2308142940831757,0.9876977152898745,1.2308142940831757,0.9876977152898745,3.072056239015707,1.2893966022259262,4.81546572934945,2.0,0.9876977152898745,win,loss,loss,loss,loss,loss,loss,loss,2023,False
long,68,4253,4254,4255,4256,2023-02-02 06:45:00+00:00,2023-02-02 07:00:00+00:00,2023-02-02 07:15:00+00:00,2023-02-02 07:30:00+00:00,1954.426,1951.198,3.227999999999838,1.7268126601837304,10.693175711982805,14,39,1,4.024415006989685,0.9747441180380394,0.9747441180380394,2.6768805921809324,1.5173357664233578,False,stalls,1957.009,1957.001,1952.097,4.903999999999996,2.052937001716331,0.2,0.04078303425774881,0.48397493285587617,trend,68.76006441223832,mid,1.4450133919852415,0.13758123815013662,True,1.469890510948905,Other,7,Thursday,-1.0344223758648174,15.28609188777979,2.388772765993341,2023-02,96,0.5275285481239785,0.4533034257748691,0.5275285481239785,0.677406199021185,0.5275285481239785,1.1115415986949482,0.5275285481239785,8.163539967373554,13.0,0.5275285481239785,win,loss,loss,loss,loss,loss,loss,loss,2023,False
short,69,4268,4269,4270,4271,2023-02-02 10:30:00+00:00,2023-02-02 10:45:00+00:00,2023-02-02 11:00:00+00:00,2023-02-02 11:15:00+00:00,1957.416,1953.679,3.7369999999998527,1.6750008311481015,17.590618336886994,1,14,1,1.9358652902672915,0.7432275989812083,0.7432275989812083,0.45718513453869425,1.230093355299286,False,stalls,1953.398,1953.371,1955.869,2.49799999999982,1.0821755207925388,0.2,0.08006405124099857,0.38598376510656346,trend,64.27050053248136,mid,-0.4159854674814147,-0.0036501553154631877,True,1.03964265773311,London,11,Thursday,0.4938671311864257,14.254564986453268,2.3083131636265364,2023-02,96,0.13771016813453793,1.2766212970376625,0.29063250600486995,1.2766212970376625,14.573258606886558,1.2766212970376625,16.66132906325185,1.2766212970376625,1.0,0.13771016813453793,loss,loss,loss,loss,loss,loss,loss,loss,2023,False
long,81,4714,4718,4719,4720,2023-02-09 07:00:00+00:00,2023-02-09 08:00:00+00:00,2023-02-09 08:15:00+00:00,2023-02-09 08:30:00+00:00,1881.506,1877.727,3.7789999999999964,2.4769226323912625,17.561761546723954,14,8,4,1.9744084640435544,0.646750218595169,0.8230836490819109,0.7095440501794141,0.9870732515744116,False,continues,1884.598,1884.631,1879.915,4.716000000000122,2.363242981543101,0.2,0.04240882103477414,0.007065283216922414,range,36.582753079807176,mid,2.986763895447993,0.33958350372981605,False,1.1088777219430486,London,8,Thursday,0.8739388803671326,7.827866542553757,1.995562892530317,2023-02,96,0.16200169635281522,1.0031806615775811,0.16200169635281522,1.0031806615775811,0.3121289228159334,1.0031806615775811,1.142705682781967,4.037743850720876,3.0,0.16200169635281522,loss,loss,loss,loss,loss,loss,loss,loss,2023,False
long,91,4987,4988,4989,4990,2023-02-14 06:15:00+00:00,2023-02-14 06:30:00+00:00,2023-02-14 06:45:00+00:00,2023-02-14 07:00:00+00:00,1860.723,1857.788,2.9349999999999454,2.365908282236535,7.651150347779562,11,19,1,1.720220877101497,0.9165885660731573,0.963448922211821,0.7859490886476959,0.963882618510158,False,continues,1862.208,1862.199,1859.642,2.5570000000000164,1.7411782008283603,0.2,0.07821666014861116,0.08871447595840103,range,5.23784072688402,low,3.2242381049495985,0.5658801848593208,False,1.6144437973209085,Asia,6,Tuesday,2.945090230184706,8.02903096048782,1.4685458379754188,2023-02,96,0.7661321861555808,1.6714900273758653,0.7661321861555808,1.7176378568635216,0.7661321861555808,1.7176378568635216,3.1611263199060637,7.4536566288618875,1.0,0.7661321861555808,win,loss,loss,loss,loss,loss,loss,loss,2023,False
short,96,5079,5080,5081,5082,2023-02-15 06:15:00+00:00,2023-02-15 06:30:00+00:00,2023-02-15 06:45:00+00:00,2023-02-15 07:00:00+00:00,1848.405,1844.532,3.8730000000000473,2.145518563779518,19.154628143392188,1,12,1,1.640853598222265,0.8477380148548199,0.850438892640113,1.1528076765362552,1.7154899894625921,False,stalls,1843.548,1843.511,1844.97,1.45900000000006,0.7660583730703717,0.2,0.13708019191226303,0.2717468314571365,neutral,27.792624265098876,low,-3.9232557493316484,-0.7635776958433902,False,1.1767728674203495,Asia,6,Wednesday,14.03687768722578,0.21422331474477282,1.9045546022196318,2023-02,96,5.914324880054524,0.7347498286498096,8.017820424948173,0.7347498286498096,8.017820424948173,0.7347498286498096,8.074023303632273,0.7347498286498096,,9.080877313227882,win,win,win,win,win,win,win,win,2023,False
long,100,5150,5151,5152,5153,2023-02-16 01:00:00+00:00,2023-02-16 01:15:00+00:00,2023-02-16 01:30:00+00:00,2023-02-16 01:45:00+00:00,1837.828,1834.459,3.3689999999999145,2.184865566298401,12.283549783549784,2,38,1,1.5480184347743513,0.7574361122747646,0.9706744868034526,0.3132354017578033,0.8421052631578947,False,continues,1840.845,1840.823,1835.994,4.829000000000178,2.783022190651097,0.2,0.04141644232760253,0.4052733763386963,trend,17.675675675675677,low,2.1026742772317437,0.3807936832681806,True,1.6655189375307426,Asia,1,Thursday,11.077338895527598,6.099135192308906,1.7351640300325517,2023-02,96,0.3634292814246877,0.09650031062333914,0.3634292814246877,0.2936425761027268,0.3634292814246877,0.8676744667632843,0.8181818181817454,1.3592876371919311,16.0,0.3634292814246877,loss,loss,loss,loss,loss,loss,loss,loss,2023,False
short,101,5166,5167,5168,5169,2023-02-16 05:00:00+00:00,2023-02-16 05:15:00+00:00,2023-02-16 05:30:00+00:00,2023-02-16 05:45:00+00:00,1841.636,1839.308,2.3279999999999745,1.6016372584912741,3.0579399141630903,7,15,1,2.0233742170201623,0.7772866371982435,0.8153689221353666,0.9170886879592035,0.8715083798882681,False,continues,1837.718,1837.728,1840.373,2.644999999999982,1.6708854242295852,0.2,0.07561436672967917,0.12859408398262354,range,9.753483386923902,low,-0.8787972858581989,-0.005188646881548037,True,1.0738671632526382,Asia,5,Thursday,14.117560476628714,4.710064923650696,1.5829930416800082,2023-02,96,1.3115311909263043,0.09565217391301732,1.3115311909263043,0.9652173913043105,1.3115311909263043,2.6638941398865295,3.186011342155082,2.6638941398865295,8.0,1.3115311909263043,win,win,loss,loss,loss,loss,loss,loss,2023,False
short,111,5422,5423,5424,5425,2023-02-21 02:45:00+00:00,2023-02-21 03:00:00+00:00,2023-02-21 03:15:00+00:00,2023-02-21 03:30:00+00:00,1843.347,1840.065,3.2819999999999254,2.3891270668587565,12.744034707158352,9,11,1,2.425524493227853,0.7827130852340526,0.96698679471785,0.9805466663798812,1.3089005235602094,False,continues,1838.514,1838.483,1841.94,3.4570000000001073,2.3447728760632915,0.2,0.05785363031530049,0.0637257043022527,range,6.771397616468039,low,-2.0938772970521473,-0.22293524950825683,False,1.1371141421392679,Asia,3,Tuesday,6.0203077951801,0.8356263185738552,1.4743432232993785,2023-02,96,0.40497541220706396,0.11831067399482002,0.41654613827017933,0.21174428695399136,1.3349725195255615,0.35001446340757847,2.1501301706681404,0.35001446340757847,43.0,2.3948510269018626,win,win,win,win,loss,loss,loss,loss,2023,False
long,114,5533,5534,5535,5536,2023-02-22 07:30:00+00:00,2023-02-22 07:45:00+00:00,2023-02-22 08:00:00+00:00,2023-02-22 08:15:00+00:00,1837.958,1834.926,3.032000000000153,2.306573042660995,10.359634997316157,28,25,1,2.1643140852144667,0.9458699472759244,0.9827768014059832,1.463669701213549,0.9794826048171276,False,stalls,1838.84,1838.845,1837.086,1.7590000000000146,1.1749197419050181,0.2,0.11370096645821397,0.19374059932894003,neutral,9.008042895442358,low,1.5903548749774423,0.22485808254846035,False,1.0553129548762736,London,8,Wednesday,3.313687799653645,5.768395048943498,1.4971235372621854,2023-02,96,0.15520181921541137,3.413871517907936,0.15520181921541137,3.4144400227402136,0.6918703808981584,3.880045480386577,3.966458214894715,4.055144968732223,0.0,0.15520181921541137,loss,loss,loss,loss,loss,loss,loss,loss,2023,False
long,116,5620,5621,5622,5623,2023-02-23 06:15:00+00:00,2023-02-23 06:30:00+00:00,2023-02-23 06:45:00+00:00,2023-02-23 07:00:00+00:00,1830.944,1827.603,3.3409999999998945,2.317284120561096,15.123789020452099,10,58,1,1.931648092116887,0.7554757630161308,0.7554757630161308,1.368453028993441,1.719887955182073,False,stalls,1832.081,1832.05,1830.813,1.2369999999998527,0.7859268707770712,0.2,0.16168148746970398,0.15373721479149938,neutral,12.688172043010754,low,2.6734102158589175,0.4568769434102892,False,1.4719887955182074,Asia,6,Thursday,8.730332361640267,5.469085289935161,1.5739377873373777,2023-02,96,1.3524656426840753,2.6507679870657936,1.3524656426840753,4.426030719483073,1.3524656426840753,6.227970897332957,1.3524656426840753,12.014551333873584,1.0,1.3524656426840753,win,win,loss,loss,loss,loss,loss,loss,2023,False
short,120,5732,5733,5734,5735,2023-02-24 11:15:00+00:00,2023-02-24 11:30:00+00:00,2023-02-24 11:45:00+00:00,2023-02-24 12:00:00+00:00,1824.169,1820.839,3.3300000000001546,1.7659382588108352,15.708200212992546,2,11,1,2.0570794312092326,0.8257282804846746,0.8257282804846746,1.5967687979817178,1.7902411665731912,False,stalls,1819.104,1819.07,1821.031,1.9610000000000127,0.9579647335707691,0.2,0.1019887812340636,0.11130574922047154,range,43.351063829787236,mid,-2.287186194233832,-0.213363441060297,False,1.2484576556365676,London,11,Friday,7.141502519159052,0.9359818610512617,2.0470482172036504,2023-02,96,2.0397756246812717,0.03722590515048052,3.8179500254970953,0.03722590515048052,5.170321264660801,0.03722590515048052,5.18001019887804,0.03722590515048052,,6.574706782253924,win,win,win,win,win,win,win,win,2023,False
long,126,5832,5834,5835,5836,2023-02-27 13:15:00+00:00,2023-02-27 13:45:00+00:00,2023-02-27 14:00:00+00:00,2023-02-27 14:15:00+00:00,1813.311,1810.07,3.2409999999999854,1.8862524626633739,15.37645811240721,3,6,2,1.667058701528627,0.6810506566604762,0.6863664790494148,0.9753179582740306,1.1161853593015447,False,stalls,1815.08,1815.112,1812.987,2.125,1.045518483009829,0.2,0.09411764705882353,0.1083287165281648,range,42.50926416093171,mid,1.978172092427641,0.16334786756700667,False,0.687772424868089,Overlap,14,Monday,6.23621024571754,3.03470964856683,2.0324843936594688,2023-02,96,2.0512941176470227,0.27435294117651,2.3416470588234755,0.6668235294118323,2.3416470588234755,1.1901176470588217,2.3416470588234755,1.1901176470588217,9.0,2.3416470588234755,win,win,win,win,loss,loss,loss,loss,2023,False
long,129,5879,5880,5881,5882,2023-02-28 02:00:00+00:00,2023-02-28 02:15:00+00:00,2023-02-28 02:30:00+00:00,2023-02-28 02:45:00+00:00,1818.099,1815.355,2.7439999999999145,2.208736728285626,9.722976643128735,6,39,1,1.9769159638008214,0.9592833876221852,0.9702768729641305,0.7518076181555287,0.7628330084470435,False,wick_inside,1818.46,1818.447,1816.65,1.796999999999798,1.352044251383529,0.2,0.11129660545354618,0.32255979314804406,neutral,3.906673901247965,low,0.829361201165216,0.15250022365791768,True,1.0240415854450942,Asia,2,Tuesday,1.2248903957999646,9.24160241499495,1.3290985100235824,2023-02,96,0.5058430717864261,1.4624373956595573,0.5058430717864261,2.508069003895571,0.5058430717864261,3.496382860323098,0.5058430717864261,7.837506956038628,1.0,0.5058430717864261,win,loss,loss,loss,loss,loss,loss,loss,2023,False
long,131,5896,5897,5898,5899,2023-02-28 06:15:00+00:00,2023-02-28 06:30:00+00:00,2023-02-28 06:45:00+00:00,2023-02-28 07:00:00+00:00,1814.769,1812.164,2.605000000000018,2.1355409927503692,7.588805166846072,3,17,1,2.1060287179944623,0.8987933047879456,0.984040482678108,1.4788928794325624,1.0759837177747626,False,stalls,1815.716,1815.714,1814.045,1.668999999999869,1.277486248476336,0.2,0.11983223487118976,0.1276646139270464,range,3.978494623655914,low,-0.24497380776295619,-0.164638023679428,True,1.065359477124183,Asia,6,Tuesday,3.346416943282846,7.301342914449796,1.3064719890257084,2023-02,96,0.06411024565606908,3.32594367884983,0.06411024565606908,6.801078490114306,0.06411024565606908,6.801078490114306,1.9334931096467,6.801078490114306,0.0,0.06411024565606908,loss,loss,loss,loss,loss,loss,loss,loss,2023,False
long,132,5925,5926,5927,5928,2023-02-28 13:30:00+00:00,2023-02-28 13:45:00+00:00,2023-02-28 14:00:00+00:00,2023-02-28 14:15:00+00:00,1810.52,1807.228,3.2919999999999163,1.8702852487453032,16.79915209326974,7,23,1,3.0610865492830497,0.9328136599851785,0.9599109131403308,1.9435740692460317,1.1620773788776577,False,stalls,1813.069,1813.081,1808.769,4.311999999999898,2.136407594398958,0.2,0.046382189239333196,0.12063776132758157,range,43.938591847538376,mid,0.3288298301970876,-0.07880286409606377,True,0.7441330599225336,Overlap,14,Tuesday,3.477607816578537,3.4146848656303526,2.0183414491245553,2023-02,96,3.00231910946207,0.009972170686431747,3.5514842300557605,0.009972170686431747,4.179730983302543,0.009972170686431747,4.179730983302543,0.009972170686431747,,7.257189239332296,win,win,win,win,win,win,win,win,2023,False
long,142,6170,6171,6172,6173,2023-03-03 05:45:00+00:00,2023-03-03 06:00:00+00:00,2023-03-03 06:15:00+00:00,2023-03-03 06:30:00+00:00,1839.9,1837.823,2.076999999999998,1.6697748933304468,3.6099137931034484,14,62,1,1.5909891737607256,0.8019201616979196,0.8519454269833823,0.5635590756979686,1.0359897172236503,False,continues,1842.352,1842.34,1838.915,3.4249999999999545,2.546866816206407,0.2,0.05839416058394238,0.18464549804263386,neutral,5.166846071044134,low,2.3194924770152348,0.12276761068150031,True,1.1168996188055909,Asia,6,Friday,-2.5431487624602083,9.224491344537638,1.3447895972438555,2023-03,96,0.7106569343065697,0.08642335766418267,0.7494890510949026,0.10014598540141657,1.4639416058394716,0.10014598540141657,1.9821897810219204,0.10014598540141657,,4.146277372262835,win,win,win,win,win,win,win,win,2023,False
long,151,6358,6360,6361,6362,2023-03-07 06:45:00+00:00,2023-03-07 07:15:00+00:00,2023-03-07 07:30:00+00:00,2023-03-07 07:45:00+00:00,1849.51,1846.81,2.7000000000000455,2.1516979504943716,10.75268817204301,9,6,2,3.1221407175479676,0.9348182883939007,0.9781946072684473,1.3652502785994962,0.9953358208955224,False,stalls,1849.808,1849.84,1847.203,2.6369999999999436,1.6594946961786916,0.2,0.07584376185058941,0.2080131723380876,neutral,24.10091250670961,low,1.3093064507757979,0.12283549845712857,False,0.8998109640831758,Other,7,Tuesday,5.232725976005387,2.984195619749511,1.5890379198391822,2023-03,96,0.02502844141070623,1.508153204398918,0.02502844141070623,1.8957148274554914,0.02502844141070623,3.122487675388737,0.02502844141070623,11.390974592340028,1.0,0.02502844141070623,loss,loss,loss,loss,loss,loss,loss,loss,2023,False
long,157,6480,6481,6482,6483,2023-03-08 14:15:00+00:00,2023-03-08 14:30:00+00:00,2023-03-08 14:45:00+00:00,2023-03-08 15:00:00+00:00,1815.253,1812.159,3.0939999999998236,1.8377702901002155,17.40740740740741,2,90,1,2.6889418562649685,0.7331566158604141,0.7331566158604141,0.830976288251635,1.6707797322131792,False,continues,1820.369,1820.381,1813.333,7.048000000000002,3.3026708610152893,0.2,0.028376844494892164,0.31546208530805986,neutral,62.73784355179705,mid,3.132063006385073,0.22587681776061794,False,1.5773168810711473,Overlap,14,Wednesday,14.572894595163874,3.6077274345851564,2.134030394367952,2023-03,96,0.5468217934165456,0.6225879682179549,0.5468217934165456,0.6225879682179549,0.5468217934165456,1.0078036322361044,0.5468217934165456,1.0708002270147592,15.0,0.5468217934165456,win,loss,loss,loss,loss,loss,loss,loss,2023,False
long,160,6533,6534,6535,6536,2023-03-09 04:30:00+00:00,2023-03-09 04:45:00+00:00,2023-03-09 05:00:00+00:00,2023-03-09 05:15:00+00:00,1813.977,1812.617,1.3600000000001273,1.3288121367246468,0.3241491085899514,6,52,1,1.5476753121850906,0.8175505050503764,0.8573232323231665,0.3067992727436043,1.0595882990249188,False,wick_inside,1815.838,1815.823,1812.933,2.8900000000001,2.5451970668020096,0.2,0.06920415224913255,0.003138145155907499,range,0.7555315704263357,low,1.551021514913029,-0.008933967703691485,True,0.9129746835443038,Asia,5,Thursday,7.395162550150716,5.694548177834241,1.1354719984929609,2023-03,96,0.06401384083042873,0.437716262975798,0.06401384083042873,1.0622837370242413,1.0764705882352141,1.0629757785467162,1.551903114186763,1.0629757785467162,7.0,0.06401384083042873,loss,loss,loss,loss,loss,loss,loss,loss,2023,False
long,162,6548,6549,6550,6551,2023-03-09 08:15:00+00:00,2023-03-09 08:30:00+00:00,2023-03-09 08:45:00+00:00,2023-03-09 09:00:00+00:00,1815.729,1812.751,2.9780000000000655,2.2999898133845087,16.934619506966776,4,5,1,3.415230004965122,0.8177295341474365,0.9296698326549254,2.23511434517617,1.0480854853072128,False,stalls,1817.088,1817.057,1814.512,2.5450000000000728,1.6343970828052137,0.2,0.07858546168958519,0.022302516820331072,range,26.070663811563172,low,1.6427893103549862,0.19008443467811714,True,0.8806767586821015,London,8,Thursday,4.5897980160347425,4.955209387396658,1.5571491327137814,2023-03,96,0.7925343811394873,0.3300589390962256,0.7925343811394873,0.3300589390962256,1.2774066797641979,0.3300589390962256,7.2066797642433675,0.641650294695478,,7.854223968565604,win,win,win,win,win,win,win,win,2023,False
long,167,6818,6819,6820,6821,2023-03-14 05:45:00+00:00,2023-03-14 06:00:00+00:00,2023-03-14 06:15:00+00:00,2023-03-14 06:30:00+00:00,1904.387,1901.454,2.9329999999999927,1.5125159391082712,15.86021505376344,2,18,1,3.7346199901200374,0.9486329743165085,0.9866059099696244,3.3586826837410224,2.4420041180507894,False,stalls,1908.139,1908.09,1903.755,4.334999999999809,1.6277295972272776,0.2,0.04613610149942533,0.2856417905857384,neutral,80.50483351235232,high,0.24509203484414868,-0.010422591928269625,True,3.641729581331503,Asia,6,Tuesday,2.417375581764669,13.758914793818093,2.663218760280685,2023-03,96,0.9663206459054816,0.36585928489044584,1.2011534025375632,0.36585928489044584,1.2011534025375632,1.740484429065785,1.2011534025375632,2.967012687428009,8.0,1.2011534025375632,win,win,loss,loss,loss,loss,loss,loss,2023,False
short,168,6886,6887,6888,6889,2023-03-14 23:45:00+00:00,2023-03-15 00:00:00+00:00,2023-03-15 00:15:00+00:00,2023-03-15 00:30:00+00:00,1904.913,1902.938,1.974999999999909,1.1680327185267925,2.941176470588235,1,38,1,1.9362729723833054,0.8509468540012097,0.8949297495418329,1.578470544682666,1.2111990261716372,False,stalls,1901.13,1901.126,1903.199,2.0730000000000928,1.1591900256785357,0.2,0.09647853352628609,0.020693239775198678,range,44.940152339499456,mid,-0.9352529946172027,-0.8348466199384572,False,1.35,Asia,0,Wednesday,7.259895853055327,3.300308505332591,1.7883176649890993,2023-03,96,0.2339604438011955,1.4910757356488102,0.2339604438011955,2.1765557163529867,0.2339604438011955,2.1765557163529867,6.7848528702360955,2.1765557163529867,2.0,0.2339604438011955,loss,loss,loss,loss,loss,loss,loss,loss,2023,False
long,179,7718,7720,7721,7722,2023-03-28 00:45:00+00:00,2023-03-28 01:15:00+00:00,2023-03-28 01:30:00+00:00,2023-03-28 01:45:00+00:00,1960.709,1957.129,3.5800000000001546,2.1319663191440084,18.36844948676391,5,40,2,1.7694194991418897,0.8586025049439445,0.9729729729729385,1.4049214151062783,0.933522929257021,False,stalls,1963.02,1963.032,1960.166,2.8659999999999854,1.5831753065927785,0.2,0.06978367062107503,0.2399237687231262,neutral,28.53290183387271,low,2.015679496989076,0.7934423644177483,False,0.8553146107358692,Asia,1,Tuesday,8.656643485560236,10.537561810385217,1.8102859412126826,2023-03,96,0.17515701325896113,1.3035589672016383,0.17515701325896113,1.3070481507326888,0.17515701325896113,2.226099092812252,0.17515701325896113,4.846824842986713,2.0,0.17515701325896113,loss,loss,loss,loss,loss,loss,loss,loss,2023,False
short,181,7737,7739,7740,7741,2023-03-28 05:30:00+00:00,2023-03-28 06:00:00+00:00,2023-03-28 06:15:00+00:00,2023-03-28 06:30:00+00:00,1960.272,1956.652,3.619999999999891,2.250609508608281,18.77005347593583,1,19,2,3.2853690473966948,0.8270975056689384,0.8270975056689384,0.9424017789018059,1.1907756813417192,False,wick_inside,1955.717,1955.724,1959.511,3.7870000000000346,1.9988394909787228,0.2,0.052812252442566196,0.13684080141207017,range,31.55365723438334,mid,-1.864072784859866,-0.1853227865792266,False,1.2165631469979297,Asia,6,Tuesday,12.126046597767264,6.213978697463049,1.8945993498186025,2023-03,96,0.8191180353841652,0.21520992870347164,1.0168999207815819,0.291787694745183,1.7383152891470284,0.333773435437051,1.7383152891470284,3.032215473989984,22.0,1.7383152891470284,win,win,win,loss,loss,loss,loss,loss,2023,False
long,189,7919,7920,7921,7922,2023-03-30 05:00:00+00:00,2023-03-30 05:15:00+00:00,2023-03-30 05:30:00+00:00,2023-03-30 05:45:00+00:00,1961.62,1957.907,3.7129999999999654,2.243862785658812,18.468950749464668,6,8,1,1.5210887776739566,0.6523639253079135,0.6690504568931004,0.4574748528801172,0.7913669064748201,False,continues,1963.857,1963.892,1960.693,3.199000000000069,1.7845701999076993,0.2,0.06251953735542222,0.018164457680677853,range,26.524064171122998,low,1.7943330676236338,0.18468569262985848,True,1.6352201257861636,Asia,5,Thursday,5.894269688097655,2.8963702650580143,1.7925884900271933,2023-03,96,1.6980306345732725,0.2972804001250395,2.370115661144019,0.2972804001250395,2.370115661144019,0.2972804001250395,3.5629884338854843,0.2972804001250395,,6.364176305095181,win,win,win,win,win,win,win,win,2023,False
long,192,7995,7997,7998,7999,2023-03-31 01:00:00+00:00,2023-03-31 01:30:00+00:00,2023-03-31 01:45:00+00:00,2023-03-31 02:00:00+00:00,1981.38,1977.633,3.747000000000071,2.3678001675699343,18.736501079913605,6,34,2,1.637234917147002,0.6208221283134633,0.6922781406070262,0.8786850477349969,1.2667498959633792,False,wick_inside,1982.355,1982.322,1980.975,1.34699999999998,0.812454628562067,0.2,0.14847809948032886,0.4398037626754935,trend,19.67654986522911,low,1.3747827511073119,0.6594282158756243,False,0.9679567207657095,Asia,1,Friday,1.143588697664193,16.29131367294859,1.6579387360793116,2023-03,96,0.7230883444693204,1.141054194506184,0.7230883444693204,1.1447661469932733,0.7230883444693204,3.1440237564958893,2.0007423904975528,6.792873051224944,0.0,0.43429844097998893,loss,loss,loss,loss,loss,loss,loss,loss,2023,False
long,193,8012,8018,8019,8020,2023-03-31 05:15:00+00:00,2023-03-31 06:45:00+00:00,2023-03-31 07:00:00+00:00,2023-03-31 07:15:00+00:00,1982.04,1978.407,3.633000000000038,2.6735832997152102,16.693418940609952,10,21,6,2.3893345408994535,0.607122507122533,0.7621082621082511,1.4581067198309883,0.9927567106945037,False,stalls,1982.859,1982.828,1981.507,1.3209999999999127,0.8005868045757187,0.2,0.15140045420137263,0.3841723988208141,trend,19.776119402985074,low,1.2353636241713957,0.18488029941681391,True,0.8487632508833922,London,7,Friday,0.8436160726491418,16.674750447462298,1.6500396864522313,2023-03,96,0.0,6.428463285390253,0.0,7.309613928842231,0.0,7.309613928842231,3.5700227100684585,7.309613928842231,0.0,0.0,loss,loss,loss,loss,loss,loss,loss,loss,2023,False
long,203,8276,8277,8278,8279,2023-04-05 02:15:00+00:00,2023-04-05 02:30:00+00:00,2023-04-05 02:45:00+00:00,2023-04-05 03:00:00+00:00,2021.869,2019.342,2.5269999999998163,1.574453349426236,4.792676359719978,4,46,1,2.0386273681531124,0.9804400977995562,0.9920537897311001,1.6971946671300477,1.191025641025641,False,stalls,2023.939,2023.943,2021.347,2.5960000000000036,1.5190203481929077,0.2,0.07704160246533118,0.6814617917983335,trend,15.169445938676706,low,1.470592086385767,0.1570220809577812,True,1.0379436964504285,Asia,2,Wednesday,0.6102997777985506,27.57057040298674,1.7089961981670079,2023-04,96,0.038135593220313006,0.7846687211094113,0.038135593220313006,0.7846687211094113,0.9021571648690658,0.7846687211094113,1.7030046224961644,0.8451463790446675,43.0,3.1213405238829175,win,win,win,win,win,win,loss,loss,2023,False
long,206,8315,8316,8317,8318,2023-04-05 12:00:00+00:00,2023-04-05 12:15:00+00:00,2023-04-05 12:30:00+00:00,2023-04-05 12:45:00+00:00,2024.848,2021.468,3.3799999999998818,1.8325566630868195,12.5,6,15,1,3.4265556540559134,0.8924050632911641,0.8981012658227829,2.167621757106937,2.1107567410843724,False,continues,2029.822,2029.854,2023.17,6.683999999999969,2.9560900171209217,0.2,0.02992220227408751,0.2413695328560275,neutral,36.670179135932564,mid,2.677865994457681,0.24309260034853877,True,1.395187010727747,Overlap,12,Wednesday,-2.140555907071377,23.440413973283455,2.2610948791437138,2023-04,96,0.3279473369240002,0.943746259724719,0.3279473369240002,3.012417713943759,0.3279473369240002,3.012417713943759,0.3279473369240002,3.012417713943759,4.0,0.3279473369240002,loss,loss,loss,loss,loss,loss,loss,loss,2023,False
short,209,8362,8363,8364,8365,2023-04-06 00:45:00+00:00,2023-04-06 01:00:00+00:00,2023-04-06 01:15:00+00:00,2023-04-06 01:30:00+00:00,2021.04,2016.995,4.045000000000073,2.5912368497077867,19.016747703943814,5,39,1,2.6053301032784666,0.6946151954757906,0.702729284484864,1.7879213961765505,1.749406739439962,False,stalls,2014.603,2014.634,2017.062,2.4279999999998836,1.39767614354957,0.2,0.08237232289950971,0.14849516614061428,range,14.193200215866163,low,-1.9558901145899688,-1.2020103014862655,False,0.9530137636449929,Asia,1,Thursday,10.041048176250532,2.811470463384039,1.7371692370978586,2023-04,96,1.732701812191231,0.2570016474464801,2.8698517298189494,0.2570016474464801,2.8698517298189494,0.2570016474464801,2.8698517298189494,2.055189456342771,24.0,2.8698517298189494,win,win,win,win,win,loss,loss,loss,2023,False
short,216,8498,8499,8500,8501,2023-04-10 11:45:00+00:00,2023-04-10 12:00:00+00:00,2023-04-10 12:15:00+00:00,2023-04-10 12:30:00+00:00,2002.935,1999.85,3.0850000000000364,1.7886964003180124,6.54353562005277,4,54,1,2.520989286412495,0.788408463661487,0.8884544618215491,1.0158172101643552,0.8605392867497825,False,stalls,1999.116,1999.141,2001.961,2.8199999999999363,1.3757890505221533,0.2,0.07092198581560444,0.28243686138422325,neutral,25.619399051133367,low,0.6370841160674685,0.12285539517453893,True,1.2705131922296318,Overlap,12,Monday,10.864342683006571,-0.7288754757021368,2.0497328416225304,2023-04,96,4.413829787234183,0.8159574468085046,4.74042553191506,0.8159574468085046,6.278368794326438,0.8159574468085046,6.278368794326438,0.8159574468085046,71.0,6.278368794326438,win,win,win,win,win,win,win,win,2023,False
long,219,8542,8543,8544,8545,2023-04-10 23:45:00+00:00,2023-04-11 00:00:00+00:00,2023-04-11 00:15:00+00:00,2023-04-11 00:30:00+00:00,1992.486,1990.342,2.1440000000000055,1.677056315022097,1.2994044396318354,1,41,1,2.1651547947673513,0.9830202312138638,1.0,2.0267037836856647,0.991462113127001,False,stalls,1994.023,1993.991,1992.309,1.6820000000000164,1.2165882173519356,0.2,0.11890606420927352,0.03994872890407876,range,0.8112493239588967,low,1.0002129584722963,1.0739409713528971,True,0.8964401294498382,Asia,0,Tuesday,9.020979932706997,9.104159269803002,1.3825548990282932,2023-04,96,0.8269916765755427,2.5237812128417656,1.6664684898930342,3.1022592152199904,2.919738406658746,3.1022592152199904,7.426278240190169,3.1022592152199904,2.0,0.8269916765755427,win,loss,loss,loss,loss,loss,loss,loss,2023,False
long,221,8571,8572,8573,8574,2023-04-11 07:00:00+00:00,2023-04-11 07:15:00+00:00,2023-04-11 07:30:00+00:00,2023-04-11 07:45:00+00:00,2001.831,1997.754,4.076999999999998,2.2500393825123597,18.336886993603414,5,21,1,1.5966063118980438,0.6301417213964213,0.7020394054614341,0.040839566913433954,0.9266992447800977,False,wick_inside,2003.35,2003.377,1999.874,3.502999999999929,1.8130529627019214,0.2,0.05709391949757467,0.04083025305657922,range,19.435569755058573,low,3.436233128164704,0.3571834105138561,False,1.0262105730786317,London,7,Tuesday,1.6277623658857052,11.342061839751839,1.9321002044968096,2023-04,96,0.8863831001998519,0.6140451041963698,1.15129888666863,0.6140451041963698,1.15129888666863,1.151013417071084,1.15129888666863,2.2911789894376255,15.0,1.15129888666863,win,win,loss,loss,loss,loss,loss,loss,2023,False
long,224,8639,8640,8641,8642,2023-04-12 01:00:00+00:00,2023-04-12 01:15:00+00:00,2023-04-12 01:30:00+00:00,2023-04-12 01:45:00+00:00,2005.663,2003.479,2.183999999999969,1.919124676122869,2.1058315334773217,6,1,1,4.941921785034438,0.969238975817923,0.9946657183499338,3.623841650334647,1.521186440677966,False,continues,2012.957,2012.933,2004.193,8.740000000000009,5.381111027957194,0.2,0.022883295194507988,0.2967032967032937,neutral,7.389428263214672,low,4.10166900964742,1.2432445341131593,False,1.413456599897278,Asia,1,Wednesday,-3.4152200082469863,14.889792803217127,1.6241999012084936,2023-04,96,0.7136155606407407,0.12745995423341322,0.7136155606407407,0.12745995423341322,0.9312356979404905,0.12745995423341322,0.9312356979404905,0.4998855835240172,48.0,1.7255148741418636,win,win,win,loss,loss,loss,loss,loss,2023,False
short,225,8659,8660,8661,8662,2023-04-12 06:00:00+00:00,2023-04-12 06:15:00+00:00,2023-04-12 06:30:00+00:00,2023-04-12 06:45:00+00:00,2021.072,2017.024,4.048000000000002,2.1346544739820907,19.230769230769234,3,13,1,1.6531970790350377,0.7859649122806854,0.9923444976076189,1.221836565270759,1.1068773234200744,False,stalls,2015.054,2015.022,2017.818,2.796000000000049,1.3801842429241873,0.2,0.07153075822603594,0.38774005049215127,trend,27.321237993596586,low,0.6880258585610497,0.2661147337825774,True,1.188539741219963,Asia,6,Wednesday,-3.7732934023291524,12.973040804109504,2.025816491047733,2023-04,96,1.2195994277538607,0.5472103004291652,1.8683834048640346,0.5472103004291652,2.8115164520742986,0.5472103004291652,5.069742489270281,4.646638054363281,23.0,3.1477110157366868,win,win,win,win,win,win,loss,loss,2023,False
long,227,8684,8685,8686,8687,2023-04-12 12:15:00+00:00,2023-04-12 12:30:00+00:00,2023-04-12 12:45:00+00:00,2023-04-12 13:00:00+00:00,2010.244,2006.221,4.022999999999911,2.115143540128931,18.71375856615709,2,9,1,11.037337394463709,0.7282903825084568,0.7282903825084568,6.343853332139277,5.162820512820513,False,stalls,2022.212,2022.246,2007.021,15.225000000000136,4.470958596264241,0.2,0.013136288998357847,0.13332488274812512,range,77.56714060031595,high,2.4742153110595377,0.3784269696311332,True,2.6596153846153845,Overlap,12,Wednesday,-4.346740830338409,9.819664006599604,3.4053099960982762,2023-04,96,0.10180623973727032,1.4055172413793053,0.10180623973727032,1.4055172413793053,0.10180623973727032,1.4055172413793053,0.10180623973727032,1.4055172413793053,2.0,0.10180623973727032,loss,loss,loss,loss,loss,loss,loss,loss,2023,False
long,228,8751,8752,8753,8754,2023-04-13 06:00:00+00:00,2023-04-13 06:15:00+00:00,2023-04-13 06:30:00+00:00,2023-04-13 06:45:00+00:00,2019.263,2015.276,3.9869999999998527,2.211762058200682,19.284188034188034,21,1,1,1.821222682987933,0.71063052086504,0.7946999695400553,0.7566700394747714,1.1161710037174721,False,continues,2022.736,2022.768,2018.018,4.75,2.406291997589896,0.2,0.042105263157894736,0.11048277306524142,range,25.34685165421558,low,2.4954560048488967,0.11524961265065078,True,1.0139405204460967,Asia,6,Thursday,2.673770350163994,11.088700112683268,1.9739915208783994,2023-04,96,0.6002105263157653,0.574315789473698,1.332631578947353,0.574315789473698,1.332631578947353,0.574315789473698,5.437684210526354,0.574315789473698,,5.437684210526354,win,win,win,win,win,win,win,win,2023,False
long,230,8774,8777,8778,8779,2023-04-13 11:45:00+00:00,2023-04-13 12:30:00+00:00,2023-04-13 12:45:00+00:00,2023-04-13 13:00:00+00:00,2028.615,2024.954,3.661000000000058,1.9815671942355697,13.984168865435356,6,23,3,6.2406095722346615,0.7381053345772073,0.92926808582817,4.543773486356885,3.160625,False,continues,2044.946,2045.012,2026.243,18.769000000000005,6.232364266846619,0.2,0.01065586871969737,0.6044434520486862,trend,67.19325961032122,mid,6.919421363555029,0.9513873938212045,False,2.5475,Overlap,12,Thursday,-5.622376885622411,14.643349768430314,3.011537708064123,2023-04,96,0.1065586871969737,0.2893601150833842,0.19100644680058942,0.6146837870957447,0.19100644680058942,0.6146837870957447,0.19100644680058942,0.6146837870957447,90.0,0.19100644680058942,loss,loss,loss,loss,loss,loss,loss,loss,2023,False
long,231,8820,8821,8822,8823,2023-04-14 00:15:00+00:00,2023-04-14 00:30:00+00:00,2023-04-14 00:45:00+00:00,2023-04-14 01:00:00+00:00,2040.565,2038.594,1.9710000000000036,1.342282339721147,1.4061654948620876,3,36,1,2.4087532397735845,0.9103760248798405,0.9346904156064483,1.703901782842334,1.187611673615247,False,stalls,2041.871,2041.841,2039.761,2.0799999999999272,1.2760749382904937,0.2,0.09615384615384952,0.3293818542867006,neutral,7.13128038897893,low,0.8156371245167537,0.44420011409049415,True,1.3015312131919905,Asia,0,Friday,4.1263846321838,17.09081520716252,1.6299983156055236,2023-04,96,1.9875000000000764,0.34855769230766076,2.6687500000001694,0.34855769230766076,2.6687500000001694,0.34855769230766076,2.6687500000001694,4.881250000000071,19.0,2.6687500000001694,win,win,win,win,win,loss,loss,loss,2023,False
short,233,8914,8915,8916,8917,2023-04-17 00:45:00+00:00,2023-04-17 01:00:00+00:00,2023-04-17 01:15:00+00:00,2023-04-17 01:30:00+00:00,2004.897,2001.189,3.7079999999998563,1.7990509450965182,14.748784440842789,1,8,1,3.320093208547917,0.7442642116031256,0.754639777875216,2.017867551417718,2.117241379310345,False,stalls,2000.541,2000.574,2002.194,1.6199999999998909,0.6434138320864622,0.2,0.12345679012346511,0.5853502229373189,trend,52.23961144090664,mid,-0.36005348682129706,-0.43695789351856745,True,1.6817733990147783,Asia,1,Monday,18.607766325361077,3.2476511759082074,2.5178196663048964,2023-04,96,0.1500000000001123,3.5179012345680407,0.1500000000001123,3.5179012345680407,0.1500000000001123,3.5179012345680407,0.1500000000001123,8.90370370370429,0.0,0.1500000000001123,loss,loss,loss,loss,loss,loss,loss,loss,2023,False
long,234,8933,8934,8935,8936,2023-04-17 05:30:00+00:00,2023-04-17 05:45:00+00:00,2023-04-17 06:00:00+00:00,2023-04-17 06:15:00+00:00,2007.692,2003.709,3.9829999999999472,2.2134103854258402,19.144385026737968,9,18,1,3.6021406272485375,0.6925331687750533,0.7696698549830114,2.0216889234695294,2.9722735674676524,False,continues,2012.573,2012.542,2006.341,6.201000000000022,2.8287978780604672,0.2,0.032252862441541574,0.33166730048351406,neutral,39.52991452991453,mid,3.837482951873766,0.560368571916125,False,1.6889507892293407,Asia,6,Monday,15.88387571620496,9.219025369734553,2.1920972325713373,2023-04,96,0.39606515078215165,0.31752943073694834,0.39606515078215165,0.5070149975810344,0.39606515078215165,0.8200290275761637,0.39606515078215165,3.331881954523425,19.0,0.39606515078215165,loss,loss,loss,loss,loss,loss,loss,loss,2023,False
long,236,9008,9009,9010,9011,2023-04-18 01:15:00+00:00,2023-04-18 01:30:00+00:00,2023-04-18 01:45:00+00:00,2023-04-18 02:00:00+00:00,1997.088,1993.311,3.7770000000000437,2.562628841968204,16.567728008634646,7,38,1,1.9696350352748422,0.804340337581882,0.8945918015846247,1.086250668782456,0.9796437659033079,False,stalls,1997.602,1997.625,1996.092,1.5329999999999018,0.9530007002112227,0.2,0.13046314416178267,0.1805464565108508,neutral,7.008086253369273,low,1.1009957533468513,0.7323108379917367,False,1.016109045848823,Asia,1,Tuesday,10.814351063845697,10.383542528133898,1.6086032252233688,2023-04,96,2.0926288323550484,0.9823874755382792,2.690802348336767,0.9823874755382792,2.690802348336767,0.9823874755382792,4.885192433137973,0.9823874755382792,45.0,5.340508806262506,win,win,win,win,win,win,win,win,2023,False
short,241,9116,9117,9118,9119,2023-04-19 05:15:00+00:00,2023-04-19 05:30:00+00:00,2023-04-19 05:45:00+00:00,2023-04-19 06:00:00+00:00,2004.728,2002.13,2.5979999999999563,1.8951381450953073,5.8855002675227395,4,18,1,2.433479927651299,0.6196043165467624,0.7514988009592483,0.2888663223472309,1.1116252168883747,False,continues,2000.4,2000.437,2004.241,3.8040000000000873,2.388145390162771,0.2,0.052576235541534025,0.04254920337394327,range,7.429182255478353,low,-2.36270280962113,-0.23514194493886945,False,1.6622325043377675,Asia,5,Wednesday,7.170086356742365,5.856731951847635,1.5928678445079152,2023-04,96,3.584647739221781,0.21398527865406403,3.584647739221781,0.21398527865406403,7.325184016824229,0.21398527865406403,8.217928496319466,0.21398527865406403,,8.217928496319466,win,win,win,win,win,win,win,win,2023,False
short,243,9190,9196,9197,9198,2023-04-20 00:45:00+00:00,2023-04-20 02:15:00+00:00,2023-04-20 02:30:00+00:00,2023-04-20 02:45:00+00:00,1996.644,1993.126,3.518000000000029,2.343543066515325,14.154511075094545,5,47,6,1.7934500323203209,0.7454436809082479,0.7454436809082479,0.1039525862772849,1.2209567198177675,False,wick_inside,1992.901,1992.904,1995.427,2.522999999999911,1.2926732493768407,0.2,0.07927070947285259,0.11247824835920438,range,28.31001076426265,low,-0.9630730225830413,-0.05567903664764255,True,1.4055224688684353,Asia,2,Thursday,7.775509010124272,12.155637273668967,1.951769328572533,2023-04,96,0.9623464130003843,0.4308363059849495,0.9623464130003843,0.5659928656362114,0.9623464130003843,3.1617122473247607,0.9623464130003843,4.692826000792841,13.0,0.9623464130003843,win,loss,loss,loss,loss,loss,loss,loss,2023,False
long,244,9210,9211,9212,9213,2023-04-20 05:45:00+00:00,2023-04-20 06:00:00+00:00,2023-04-20 06:15:00+00:00,2023-04-20 06:30:00+00:00,1995.218,1991.383,3.8350000000000364,2.3466649202816137,19.668626402993052,7,15,1,1.8687652324744852,0.9495743287491802,0.9495743287491802,1.1919956361690285,1.232394366197183,False,stalls,1997.109,1997.074,1994.266,2.8079999999999927,1.5683325452339294,0.2,0.0712250712250714,0.2592794561384361,neutral,18.526428190069407,low,1.5969205054006053,0.12445331345294498,True,1.1550619393421615,Asia,6,Thursday,6.1258801125804485,15.601222573368752,1.790436606402985,2023-04,96,1.4547720797720964,0.30876068376067095,1.4547720797720964,0.9245014245014281,2.6531339031338455,1.6883903133903126,5.439102564102546,1.6883903133903126,10.0,1.4547720797720964,win,win,loss,loss,loss,loss,loss,loss,2023,False
short,248,9300,9301,9302,9303,2023-04-21 05:15:00+00:00,2023-04-21 05:30:00+00:00,2023-04-21 05:45:00+00:00,2023-04-21 06:00:00+00:00,2002.625,1998.868,3.757000000000062,2.478363185991214,19.20813269127876,9,23,1,3.025225863975393,0.9760139555167625,0.9760139555167625,2.6802208210491947,1.4231200897867564,False,stalls,1994.939,1994.97,1999.281,4.310999999999922,2.4766968929201467,0.2,0.04639294827186352,0.09396212933190021,range,16.729021913415288,low,-4.053426147632417,-0.5095420436068704,False,1.3120089786756453,Asia,5,Friday,10.00100661376814,2.564021858757302,1.7406247863124833,2023-04,96,3.0289955926699674,0.705172813732317,3.0289955926699674,0.705172813732317,3.0289955926699674,0.705172813732317,5.221526327998237,0.705172813732317,,5.424727441428994,win,win,win,win,win,win,win,win,2023,False
long,261,9744,9745,9746,9747,2023-04-28 01:15:00+00:00,2023-04-28 01:30:00+00:00,2023-04-28 01:45:00+00:00,2023-04-28 02:00:00+00:00,1987.654,1984.863,2.79099999999994,1.9217104415718893,8.148947652455478,7,48,1,3.9377506325152165,0.8595908375589957,0.8595908375589957,2.126894859912426,2.50452577725305,False,stalls,1990.452,1990.484,1985.827,4.656999999999925,2.615044219395223,0.2,0.042946102641186,0.3136508079601516,neutral,18.005390835579515,low,1.5924926727069426,0.4493553049889013,True,1.0735930735930737,Asia,1,Friday,7.184212098549125,9.22930358384805,1.780849427118652,2023-04,96,0.057977238565597194,0.438694438479692,0.1269057333047308,0.695941593300416,0.1269057333047308,1.5181447283659115,0.1269057333047308,2.323384152888149,15.0,0.1269057333047308,loss,loss,loss,loss,loss,loss,loss,loss,2023,False
long,264,9846,9847,9848,9849,2023-05-01 03:45:00+00:00,2023-05-01 04:00:00+00:00,2023-05-01 04:15:00+00:00,2023-05-01 04:30:00+00:00,1983.722,1980.451,3.270999999999958,2.1770609285560325,13.150831991411701,3,49,1,2.1191568317098515,0.6061557788944549,0.8702889447236226,1.0276313279397027,1.2222222222222223,False,continues,1985.396,1985.383,1982.495,2.8880000000001473,1.7492652781006983,0.2,0.06925207756232334,0.09137314956610021,range,12.117962466487937,low,0.2543257411693025,-0.15920179113481145,True,2.01294033069734,Asia,4,Monday,5.813520823826028,5.628781935383924,1.6509788630434912,2023-05,96,0.08829639889192131,1.9283240997228794,0.08829639889192131,1.9916897506924027,0.08829639889192131,2.2247229916896214,4.331024930747715,2.8840027700829385,2.0,0.08829639889192131,loss,loss,loss,loss,loss,loss,loss,loss,2023,False
short,278,10244,10245,10246,10247,2023-05-05 11:15:00+00:00,2023-05-05 11:30:00+00:00,2023-05-05 11:45:00+00:00,2023-05-05 12:00:00+00:00,2039.728,2036.157,3.57100000000014,1.9189116255419505,17.010036978341258,1,16,1,1.5325499736896104,0.7948807854137384,0.8467741935483479,0.2299899680010359,1.0264255910987483,False,wick_inside,2035.442,2035.436,2038.144,2.7080000000000837,1.4043239701809256,0.2,0.07385524372230201,0.09581803192685474,range,31.45118733509235,mid,-4.8236518693140695,-0.3777983796229758,False,1.0783495595734818,London,11,Friday,23.012140390242482,2.6525543232921804,1.9283299705061643,2023-05,96,10.3120384047264,1.0483751846381393,12.717872968980341,1.0483751846381393,13.28840472673515,1.0483751846381393,13.28840472673515,1.0483751846381393,0.0,0.08862629246676576,loss,loss,loss,loss,loss,loss,loss,loss,2023,False
long,281,10299,10300,10301,10302,2023-05-08 02:00:00+00:00,2023-05-08 02:15:00+00:00,2023-05-08 02:30:00+00:00,2023-05-08 02:45:00+00:00,2018.612,2015.15,3.461999999999989,1.9890694867749155,15.355603448275861,5,51,1,1.6311289061103083,0.8848185980979201,0.8848185980979201,0.4021804277129068,1.2438452520515826,False,continues,2020.276,2020.311,2016.8,3.5109999999999673,1.890997773586226,0.2,0.056963827969240065,0.42351725341243107,trend,24.865446716899893,low,1.7448853974365235,0.2458828640626592,False,1.3018867924528301,Asia,2,Monday,17.601736895064562,11.216185882920424,1.8566917682517685,2023-05,96,0.7091996582170413,0.2418114497294049,1.2093420677869935,0.2418114497294049,1.2418114497294697,0.2418114497294049,1.343491882654555,0.2418114497294049,,2.565935630874423,win,win,win,win,win,none,none,none,2023,False
short,288,10408,10409,10410,10411,2023-05-09 06:15:00+00:00,2023-05-09 06:30:00+00:00,2023-05-09 06:45:00+00:00,2023-05-09 07:00:00+00:00,2028.697,2025.11,3.586999999999989,2.414272430956972,18.953550453817407,1,4,1,2.2971596896727617,0.7154995605038887,0.9586873718136314,0.6596004968880219,1.0118539592223803,False,wick_inside,2024.124,2024.156,2027.402,3.2460000000000946,2.0182700459201093,0.2,0.061614294516325996,0.12966239127229917,range,13.226666666666667,low,0.26900545272504756,0.24537846201580887,True,1.0681399631675874,Asia,6,Tuesday,3.2307243248922997,6.186625679884347,1.6083080688641325,2023-05,96,0.7951324707331572,0.4759704251386407,0.8558225508317742,0.5899568699938101,0.8558225508317742,2.1386321626616773,0.8558225508317742,2.6531115218730217,10.0,0.8558225508317742,win,loss,loss,loss,loss,loss,loss,loss,2023,False
short,291,10496,10497,10498,10499,2023-05-10 05:15:00+00:00,2023-05-10 05:30:00+00:00,2023-05-10 05:45:00+00:00,2023-05-10 06:00:00+00:00,2031.756,2029.582,2.173999999999978,1.9154449831383928,3.9058319957196366,7,22,1,2.173598331831746,0.6574787190920778,0.8617754357519609,1.341868771536369,1.0990379173740803,False,stalls,2028.965,2028.945,2030.185,1.240000000000009,1.0003648954159798,0.2,0.161290322580644,0.15903620831018775,neutral,1.2827365045430252,low,-3.393665382769224,-0.5261054662463613,False,0.9362416107382551,Asia,5,Wednesday,6.934787613706212,7.649564466398566,1.2395476947283144,2023-05,96,1.2346774193547885,3.219354838709623,1.2346774193547885,3.219354838709623,2.182258064516035,3.219354838709623,3.2040322580644576,15.362903225806303,2.0,1.2346774193547885,win,win,loss,loss,loss,loss,loss,loss,2023,False
short,295,10592,10593,10594,10595,2023-05-11 06:15:00+00:00,2023-05-11 06:30:00+00:00,2023-05-11 06:45:00+00:00,2023-05-11 07:00:00+00:00,2033.109,2030.018,3.0909999999998945,2.1822910170109617,14.095034703683929,11,58,1,2.6997996923488685,0.8049163179916106,0.8637552301255365,0.44549518982017156,1.3716651333946641,False,wick_inside,2027.392,2027.371,2032.69,5.31899999999996,3.168517170138617,0.2,0.03760105282947951,0.05968199343593852,range,19.466666666666665,low,-2.813063299557224,-0.24064402774398652,False,1.361545538178473,Asia,6,Thursday,12.273163988788477,3.625417465212222,1.6787032275312754,2023-05,96,1.0550855423952101,0.18142507990222323,1.0550855423952101,0.18142507990222323,1.0838503478097656,0.3859748072945853,3.0582816318857255,2.522466629065617,16.0,1.0838503478097656,win,win,loss,loss,loss,loss,loss,loss,2023,False
short,297,10663,10664,10665,10666,2023-05-12 01:00:00+00:00,2023-05-12 01:15:00+00:00,2023-05-12 01:30:00+00:00,2023-05-12 01:45:00+00:00,2017.486,2014.929,2.5570000000000164,1.829812121643508,7.181425485961124,6,42,1,3.533677065575031,0.845889023896317,1.0,2.5862107968790204,1.1065989847715736,False,stalls,2012.998,2013.009,2016.253,3.2439999999999145,1.8549987389194749,0.2,0.0616522811344036,0.22058256044496924,neutral,23.8403451995685,low,-1.2175457702485408,-0.5624796487816546,True,1.460083064143978,Asia,1,Friday,15.891003376872224,1.0830356385676905,1.748788250869391,2023-05,96,1.393958076448845,0.0,1.393958076448845,0.0,1.4608508014797033,0.0,3.7056103575833155,0.0,45.0,3.734278668310836,win,win,win,win,win,win,win,loss,2023,False
long,300,10753,10754,10755,10756,2023-05-15 00:30:00+00:00,2023-05-15 00:45:00+00:00,2023-05-15 01:00:00+00:00,2023-05-15 01:15:00+00:00,2011.296,2008.637,2.6590000000001055,1.9542779091826137,7.837837837837839,4,45,1,1.6522063707568386,0.8696619217082355,0.990213523131702,0.4938979898347928,1.1555869872701556,False,continues,2015.311,2015.324,2009.742,5.582000000000107,3.3770549882785645,0.2,0.03582945180938663,0.0070093457943939345,range,18.736501079913605,low,2.5308550332897863,0.43935353248883735,True,1.3548684817720351,Asia,1,Monday,4.325679535326331,8.721537927449418,1.6529194873564974,2023-05,96,0.621103547115694,0.1619491221784269,0.621103547115694,0.3817628090290298,0.621103547115694,0.3817628090290298,0.9881762809028561,0.3817628090290298,,1.2108563238982237,win,win,none,none,none,none,none,none,2023,False
long,301,10771,10772,10773,10774,2023-05-15 05:00:00+00:00,2023-05-15 05:15:00+00:00,2023-05-15 05:30:00+00:00,2023-05-15 05:45:00+00:00,2015.332,2013.224,2.1080000000001746,1.4517073533046452,2.9443254817987152,5,13,1,1.559139206774964,0.6404593639575823,0.665194346289754,0.9827259929627241,1.109292811221508,False,stalls,2016.112,2016.081,2015.253,0.8279999999999745,0.5041971736505927,0.2,0.2415458937198142,0.09165024340121744,range,18.074866310160427,low,1.3749071639741566,0.23889683383046742,False,1.653179190751445,Asia,5,Monday,3.866120598439224,9.26614540029149,1.6422146796359798,2023-05,96,1.0881642512078442,2.681159420289696,4.716183574879614,2.681159420289696,5.747584541062996,2.681159420289696,5.747584541062996,5.588164251207845,1.0,1.0386473429953549,win,win,loss,loss,loss,loss,loss,loss,2023,False
short,302,10794,10797,10798,10799,2023-05-15 10:45:00+00:00,2023-05-15 11:30:00+00:00,2023-05-15 11:45:00+00:00,2023-05-15 12:00:00+00:00,2017.717,2014.287,3.4300000000000637,2.0711443213682355,18.878900052882074,1,25,3,2.1527264738107434,0.6892189218922189,0.7241474147414911,0.8282905216890825,1.0887740723344292,False,stalls,2013.035,2013.033,2015.521,2.4880000000000564,1.3607216947312415,0.2,0.08038585209003034,0.12903760930871747,range,32.031662269129285,mid,-1.1914146953133156,-0.07084598851919731,True,0.9443929564411492,London,11,Monday,5.155210086228416,6.6395343143235666,1.8284414878028865,2023-05,96,0.6346463022507698,2.473874598070764,0.6346463022507698,3.6374598070739457,0.6346463022507698,3.6374598070739457,0.6346463022507698,3.6374598070739457,2.0,0.6346463022507698,win,loss,loss,loss,loss,loss,loss,loss,2023,False
long,304,10846,10847,10848,10849,2023-05-16 00:45:00+00:00,2023-05-16 01:00:00+00:00,2023-05-16 01:15:00+00:00,2023-05-16 01:30:00+00:00,2015.868,2013.765,2.102999999999838,1.9325450749719595,3.2414910858995136,5,28,1,2.4223437078584946,0.8482549317146829,0.9905159332321354,1.84616407780266,0.9196141479099679,False,stalls,2017.648,2017.646,2015.266,2.3799999999998818,1.99857596664794,0.2,0.08403361344538234,0.04204281661077924,range,0.7555315704263357,low,1.6302209404676633,0.44622750134889255,True,0.7588424437299035,Asia,1,Tuesday,3.7242371479346215,7.566877325825805,1.1908479035658952,2023-05,96,0.2659663865546511,1.2113445378152023,0.2659663865546511,1.2113445378152023,0.2659663865546511,1.2113445378152023,0.2659663865546511,6.341176470588496,2.0,0.2659663865546511,loss,loss,loss,loss,loss,loss,loss,loss,2023,False
short,305,10864,10865,10866,10867,2023-05-16 05:15:00+00:00,2023-05-16 05:30:00+00:00,2023-05-16 05:45:00+00:00,2023-05-16 06:00:00+00:00,2017.682,2015.678,2.0039999999999054,1.9024099589040095,2.6217228464419478,8,14,1,4.099104891490953,0.6498378879110817,0.6498378879110817,1.388835214509513,1.5415704387990763,False,continues,2012.749,2012.783,2017.021,4.238000000000056,3.1173843182660503,0.2,0.04719207173194841,0.05909249845343172,range,5.18439337252806,low,-2.402128200358985,-0.19370711518655864,True,1.2309468822170901,Asia,5,Tuesday,6.865895523052174,3.02470134891696,1.359473060529577,2023-05,96,2.4136385087304575,0.050967437470533034,2.4136385087304575,0.050967437470533034,2.4136385087304575,0.050967437470533034,2.733364794714412,0.4891458235016671,,6.457999056158459,win,win,win,win,win,win,win,win,2023,False
short,309,10955,10956,10957,10958,2023-05-17 05:00:00+00:00,2023-05-17 05:15:00+00:00,2023-05-17 05:30:00+00:00,2023-05-17 05:45:00+00:00,1992.446,1990.764,1.6820000000000164,1.4249521873743445,0.9100642398286938,14,15,1,2.1357339264985895,0.8980563268544868,0.902816342721184,1.3851348551468594,0.8877492877492877,False,stalls,1989.884,1989.885,1991.405,1.5199999999999818,1.1242646335448923,0.2,0.13157894736842263,0.3814483821263405,trend,5.18716577540107,low,-1.0061555948094367,-0.1274043147243995,True,1.2148148148148148,Asia,5,Wednesday,21.002298861518145,3.3062255999643155,1.3519948548121679,2023-05,96,2.1059210526316186,0.0,2.1059210526316186,0.4342105263158485,3.8690789473685236,0.4342105263158485,6.6276315789474936,0.4342105263158485,,9.9677631578949,win,win,win,win,win,win,win,win,2023,False
short,312,11039,11040,11041,11042,2023-05-18 03:00:00+00:00,2023-05-18 03:15:00+00:00,2023-05-18 03:30:00+00:00,2023-05-18 03:45:00+00:00,1985.973,1982.932,3.04099999999994,2.511068493783172,14.24731182795699,1,51,1,1.507797129117937,0.7699890470975396,0.7995618838992187,1.0189603818902675,1.2363907531692766,False,stalls,1982.259,1982.228,1983.158,0.9299999999998363,0.7498473875730722,0.2,0.21505376344089808,0.08756837626817116,range,2.8464017185821695,low,-1.0245284366087208,-0.12232851091899694,True,0.871606749816581,Asia,3,Thursday,8.64178956990286,6.067313539234871,1.2402523705654815,2023-05,96,2.574193548387556,0.5268817204302101,4.392473118280382,0.5268817204302101,6.743010752689314,0.5268817204302101,10.840860215055788,0.5268817204302101,,32.570967741941395,win,win,win,win,win,win,win,win,2023,False
short,314,11123,11124,11125,11126,2023-05-19 01:00:00+00:00,2023-05-19 01:15:00+00:00,2023-05-19 01:30:00+00:00,2023-05-19 01:45:00+00:00,1960.308,1957.127,3.18100000000004,2.398722659884115,17.386609071274297,6,1,1,3.6482301881543915,0.6023150062009112,0.6438610996279519,0.07314558252395732,1.2823798627002287,False,wick_inside,1955.779,1955.745,1960.145,4.400000000000091,2.5967871085399454,0.2,0.04545454545454452,0.5867555979037563,trend,26.537216828478964,low,-1.320660191556762,-0.3882768753831928,True,1.2869565217391303,Asia,1,Friday,17.819861353466678,2.267467288866027,1.6944015108246628,2023-05,96,0.1086363636363246,0.9736363636363675,0.1086363636363246,1.7874999999999652,0.1086363636363246,1.9106818181818135,0.1086363636363246,2.947045454545416,4.0,0.1086363636363246,loss,loss,loss,loss,loss,loss,loss,loss,2023,False
long,315,11140,11143,11144,11145,2023-05-19 05:15:00+00:00,2023-05-19 06:00:00+00:00,2023-05-19 06:15:00+00:00,2023-05-19 06:30:00+00:00,1964.152,1961.499,2.65300000000002,1.7910740380141206,8.98876404494382,3,13,3,2.447182179561898,0.6659619450317291,0.9516384778012689,0.6803476883982487,1.1948051948051948,False,continues,1968.53,1968.497,1961.603,6.8940000000000055,3.706112811870896,0.2,0.02901073397156946,0.3072721065209962,neutral,39.2418579818473,mid,4.243419309656079,0.4774932346050593,False,1.3297025555090072,Asia,6,Friday,9.377099764645187,8.920152290016537,1.8601700352774262,2023-05,96,0.031186539019425294,0.6240208877284785,0.031186539019425294,0.6240208877284785,0.031186539019425294,0.7219321148825188,0.031186539019425294,1.5587467362924408,24.0,0.031186539019425294,loss,loss,loss,loss,loss,loss,loss,loss,2023,False
short,320,11305,11306,11307,11308,2023-05-23 00:30:00+00:00,2023-05-23 00:45:00+00:00,2023-05-23 01:00:00+00:00,2023-05-23 01:15:00+00:00,1971.736,1969.586,2.150000000000091,1.7025763016691216,4.27027027027027,4,27,1,2.7985603023714423,0.7518392756083322,0.7900396151669024,1.8221525907629605,1.199424046076314,False,continues,1966.669,1966.636,1970.077,3.441000000000031,2.2017088975671277,0.2,0.058122638767799537,0.26771134438865674,neutral,17.17062634989201,low,-1.8679522385000018,-0.7789845558102086,False,1.5357612988152698,Asia,1,Tuesday,10.148591928018492,-1.2931280679985566,1.562876910658948,2023-05,96,1.8578901482127206,0.14094739901195089,1.8578901482127206,0.14094739901195089,1.8578901482127206,0.14094739901195089,3.604766056378926,0.14094739901195089,49.0,3.604766056378926,win,win,win,win,win,win,win,loss,2023,False
short,330,11628,11629,11630,11631,2023-05-26 12:15:00+00:00,2023-05-26 12:30:00+00:00,2023-05-26 12:45:00+00:00,2023-05-26 13:00:00+00:00,1953.848,1950.991,2.856999999999971,1.6650748981437578,13.12598840274117,10,2,1,5.059916088793938,0.8850495277585757,0.9460953697304684,3.67283934480291,2.6782316731952993,False,stalls,1947.335,1947.366,1952.903,5.537000000000035,2.3065697218749976,0.2,0.03612064294744424,0.17192048573567625,neutral,70.51079515534492,high,-0.5495610915151679,0.0020656051474309436,True,1.4948367289980464,Overlap,12,Friday,7.238388204316354,3.5500428336316516,2.4005344158853514,2023-05,96,0.22900487628680175,0.5468665342243094,1.5726927939317372,0.7993498284269285,1.5726927939317372,0.7993498284269285,1.5726927939317372,0.7993498284269285,,1.5726927939317372,win,win,win,none,none,none,none,none,2023,False
short,333,11670,11671,11672,11673,2023-05-28 23:45:00+00:00,2023-05-29 00:00:00+00:00,2023-05-29 00:15:00+00:00,2023-05-29 00:30:00+00:00,1946.248,1943.227,3.020999999999958,1.92198786097241,14.943151055766107,1,34,1,1.5135415826725196,0.8352248844051037,0.9571248423707089,0.9714913815640498,1.1374592833876223,False,stalls,1942.528,1942.554,1943.977,1.4230000000000018,0.9023026932604192,0.2,0.1405481377371748,0.06423421455101881,range,19.95673336938886,low,-0.84102576945011,-0.3817203210648233,True,0.749185667752443,Asia,0,Monday,9.315340032810141,3.7740728252185574,1.5770760861392008,2023-05,96,1.6050597329586105,2.5214335910048917,1.6050597329586105,2.537596626844604,1.6050597329586105,2.537596626844604,1.6050597329586105,4.441321152494679,2.0,1.6050597329586105,win,win,ambiguous,loss,loss,loss,loss,loss,2023,False
long,335,11720,11721,11722,11723,2023-05-29 12:15:00+00:00,2023-05-29 12:30:00+00:00,2023-05-29 12:45:00+00:00,2023-05-29 13:00:00+00:00,1947.064,1944.228,2.8360000000000127,2.21386254664472,12.75698471270427,9,44,1,1.5862371984421317,0.7042322834646124,0.9557086614173614,0.7127138593394373,0.4947339994598974,False,continues,1948.849,1948.881,1946.035,2.8460000000000036,2.06450018182267,0.2,0.0702740688685874,0.19213696892834148,neutral,9.26803580832017,low,2.7751233947128893,0.13800302878548246,False,0.5308400781468043,Overlap,12,Monday,6.0716326499845295,8.90288500755777,1.3785418984499078,2023-05,96,0.24771609276174503,1.3879128601546171,0.24771609276174503,1.3879128601546171,0.24771609276174503,2.0094869992972746,0.24771609276174503,2.772312016865808,2.0,0.24771609276174503,loss,loss,loss,loss,loss,loss,loss,loss,2023,False
short,340,11845,11846,11847,11848,2023-05-31 01:15:00+00:00,2023-05-31 01:30:00+00:00,2023-05-31 01:45:00+00:00,2023-05-31 02:00:00+00:00,1960.452,1957.391,3.060999999999922,2.5047964686256448,16.702937976060937,7,4,1,2.992499407306119,0.7098714793546778,0.9165983046213173,0.5294359082656777,1.531877729257642,False,continues,1954.85,1954.805,1960.096,5.29099999999994,3.5953470366232962,0.2,0.03780003780003823,0.34961863891447226,neutral,16.25,low,-2.416868255049341,-0.2910693701408793,False,1.1672987779182469,Asia,1,Wednesday,5.863589034024429,15.498521113457768,1.4716242816351823,2023-05,96,0.22302022302023758,0.4492534492534454,0.22302022302023758,0.7563787563787561,0.22302022302023758,1.9620109620109574,0.22302022302023758,1.9620109620109574,12.0,0.22302022302023758,loss,loss,loss,loss,loss,loss,loss,loss,2023,False
short,347,12072,12074,12075,12076,2023-06-02 12:00:00+00:00,2023-06-02 12:30:00+00:00,2023-06-02 12:45:00+00:00,2023-06-02 13:00:00+00:00,1980.813,1977.842,2.9710000000000036,1.7993817208193437,15.204678362573098,2,28,2,4.251807279960493,0.8810398802232168,0.8936981080712973,3.210701890461534,4.533565217391304,False,continues,1970.88,1970.847,1978.86,8.01299999999992,3.3502871823814484,0.2,0.0249594409085239,0.06536715620827602,range,75.47770700636943,high,-2.855243530770093,-0.3866399108196727,True,2.592695652173913,Overlap,12,Friday,5.087937691551206,7.334423780523704,2.391735264409222,2023-06,96,1.1171845750655294,0.7170847373019034,1.2305004367902157,0.7170847373019034,2.3224759765381364,0.7170847373019034,2.903656558093134,0.7170847373019034,,4.093223511793374,win,win,win,win,win,win,win,win,2023,False
long,351,12215,12216,12217,12218,2023-06-06 01:45:00+00:00,2023-06-06 02:00:00+00:00,2023-06-06 02:15:00+00:00,2023-06-06 02:30:00+00:00,1961.628,1959.007,2.620999999999867,1.986993922239414,10.380434782608695,2,44,1,3.476670784963922,0.7354993458351587,0.8464893153074686,1.6503951807385313,1.2518440463645943,False,stalls,1962.473,1962.483,1959.923,2.5599999999999454,1.6501236387230078,0.2,0.07812500000000167,0.40406838467780604,trend,23.289902280130292,low,0.8011874295353433,0.06607880299401366,True,1.0284510010537409,Asia,2,Tuesday,0.9862067059555512,15.74385542023838,1.5513989012248013,2023-06,96,0.32070312500006154,1.1882812499999926,0.32070312500006154,1.353515624999997,0.32070312500006154,1.8628906250000419,0.37460937500003144,2.201953125000025,0.0,0.32070312500006154,loss,loss,loss,loss,loss,loss,loss,loss,2023,False
short,353,12256,12258,12259,12260,2023-06-06 12:00:00+00:00,2023-06-06 12:30:00+00:00,2023-06-06 12:45:00+00:00,2023-06-06 13:00:00+00:00,1964.896,1961.966,2.9300000000000637,1.6681201204518579,14.779372674109517,3,18,2,1.900239388343456,0.819519094766582,0.8729844413012564,0.8160009594073331,1.297391304347826,False,wick_inside,1961.859,1961.829,1963.534,1.7050000000001546,0.816909551043247,0.2,0.11730205278591312,0.21322531562282834,neutral,63.1104033970276,mid,0.4236442942019313,0.10754957836579399,True,1.0031304347826087,Overlap,12,Tuesday,1.027245793217928,11.408465290257435,2.0871343685757595,2023-06,96,4.389442815248824,1.6551319648093024,4.389442815248824,1.6551319648093024,4.389442815248824,2.615249266861968,4.389442815248824,2.615249266861968,0.0,0.5348973607037841,ambiguous,loss,loss,loss,loss,loss,loss,loss,2023,False
short,357,12324,12325,12326,12327,2023-06-07 06:00:00+00:00,2023-06-07 06:15:00+00:00,2023-06-07 06:30:00+00:00,2023-06-07 06:45:00+00:00,1964.989,1962.713,2.2760000000000673,1.882584515922566,7.162089391491653,11,3,1,2.5782143831855855,0.8995829323066713,0.8995829323066713,2.158851312195766,0.8933966335779024,False,continues,1958.842,1958.808,1962.907,4.098999999999933,2.830651606400865,0.2,0.048792388387412365,0.11695002575991763,range,16.51425497579344,low,-3.3592808558761487,-0.3409686249322462,False,1.108190976784932,Asia,6,Wednesday,5.202763894272779,3.105498969013198,1.4480764749469666,2023-06,96,0.9526713832642197,0.05781898023910318,0.9526713832642197,0.26323493535007775,0.9526713832642197,1.8467919004635425,0.9526713832642197,2.760429373017868,10.0,0.9526713832642197,win,loss,loss,loss,loss,loss,loss,loss,2023,False
short,366,12580,12581,12582,12583,2023-06-12 01:00:00+00:00,2023-06-12 01:15:00+00:00,2023-06-12 01:30:00+00:00,2023-06-12 01:45:00+00:00,1960.497,1957.64,2.856999999999971,2.2377921819857836,16.98421339139902,6,4,1,1.8430259027694225,0.8542286442839478,0.9473013174670496,1.2806406081717792,1.0515463917525774,False,wick_inside,1956.872,1956.869,1958.234,1.365000000000009,0.9774646440474053,0.2,0.14652014652014556,0.20197483202791547,neutral,16.31321370309951,low,-1.247340836740022,-0.5983610564315247,False,1.2037309769268532,Asia,1,Monday,11.385135806380575,0.209098663781671,1.3964699473404267,2023-06,96,1.9362637362635782,0.20219780219785016,1.9362637362635782,0.20219780219785016,1.9362637362635782,3.3567765567766132,1.9362637362635782,6.32234432234436,8.0,1.9362637362635782,win,win,win,loss,loss,loss,loss,loss,2023,False
short,391,13224,13229,13230,13231,2023-06-21 04:45:00+00:00,2023-06-21 06:00:00+00:00,2023-06-21 06:15:00+00:00,2023-06-21 06:30:00+00:00,1937.691,1935.426,2.2650000000001,1.7334403764794382,6.58682634730539,2,62,5,3.1710349130683624,0.7614201718679715,0.7890094979647247,2.377917632685375,1.7618621307072515,False,stalls,1934.084,1934.116,1935.599,1.4829999999999472,0.8750103683762441,0.2,0.13486176668914843,0.5151778977305679,trend,45.63212154096581,mid,-1.3895619184220727,-0.320429983073762,False,1.199469261388766,Asia,6,Wednesday,13.359986359503726,2.655122493387214,1.6948370597618734,2023-06,96,0.9413351314902278,1.563722184760649,0.9413351314902278,2.171948752528738,1.3708698583951275,2.171948752528738,10.322319622387415,2.171948752528738,2.0,0.9413351314902278,win,loss,loss,loss,loss,loss,loss,loss,2023,False
short,392,13253,13254,13255,13256,2023-06-21 12:00:00+00:00,2023-06-21 12:15:00+00:00,2023-06-21 12:30:00+00:00,2023-06-21 12:45:00+00:00,1935.597,1932.665,2.9320000000000164,1.7573479791190687,17.470525187566988,1,24,1,4.248922177344784,0.6384539427281851,0.6686415573423682,1.7681366092773887,1.7852044127190136,False,wick_inside,1928.99,1929.021,1934.455,5.433999999999969,2.215511567287047,0.2,0.03680529996319491,0.01538008683494425,range,78.26552462526767,high,-2.42044172129399,-0.26253897424354844,False,2.0018885741265344,Overlap,12,Wednesday,11.308731016165137,-0.24218142638362647,2.452706670655774,2023-06,96,1.8794626426205416,0.4722119985277964,1.8794626426205416,0.8621641516378307,1.8794626426205416,1.0303643724696292,1.8794626426205416,1.5693779904306346,8.0,1.8794626426205416,win,win,win,loss,loss,loss,loss,loss,2023,False
short,404,13594,13595,13596,13597,2023-06-27 05:15:00+00:00,2023-06-27 05:30:00+00:00,2023-06-27 05:45:00+00:00,2023-06-27 06:00:00+00:00,1929.581,1928.135,1.4459999999999127,1.1750945463471196,0.2696871628910464,7,15,1,2.0576344338526966,0.7650078988941371,0.953396524486595,1.197036145760277,1.0391923990498813,False,continues,1925.029,1925.041,1929.076,4.035000000000082,2.9727651907529364,0.2,0.04956629491945377,0.012036137841731503,range,16.91810344827586,low,-0.9874792509584223,0.11970485294705953,True,1.2494061757719714,Asia,5,Tuesday,6.078881186840622,2.7701603760175435,1.357322136491414,2023-06,96,0.21957868649317205,0.629987608426293,0.21957868649317205,1.1335811648079248,0.3209417596034248,1.1335811648079248,1.390830235439836,1.3873605947955001,4.0,0.21957868649317205,loss,loss,loss,loss,loss,loss,loss,loss,2023,False
short,407,13689,13690,13691,13692,2023-06-28 06:00:00+00:00,2023-06-28 06:15:00+00:00,2023-06-28 06:30:00+00:00,2023-06-28 06:45:00+00:00,1916.741,1914.996,1.7449999999998909,1.6479142905793116,1.938610662358643,8,61,1,3.3383249382223448,0.8823196605374944,0.9154172560113181,1.9132804313547307,1.0535291331122691,False,continues,1909.81,1909.859,1916.206,6.34699999999998,4.347024573153052,0.2,0.03151095005514427,0.33369059182101013,neutral,27.218934911242602,low,-3.5833839803392533,-0.21491532743041494,True,1.280909521553766,Asia,6,Wednesday,14.265664854924374,-0.6780454273549039,1.4600791629287417,2023-06,96,0.10839766818967649,0.33795493934141935,0.28028990074050764,0.33795493934141935,0.5898849850322871,0.33795493934141935,1.159445407279021,0.33795493934141935,,1.159445407279021,win,win,none,none,none,none,none,none,2023,False
short,414,13870,13873,13874,13875,2023-06-30 05:15:00+00:00,2023-06-30 06:00:00+00:00,2023-06-30 06:15:00+00:00,2023-06-30 06:30:00+00:00,1909.309,1906.761,2.548000000000002,2.282756814061862,13.592233009708737,23,1,3,2.3924229694609833,0.793474488024988,0.793474488024988,1.6143249748809156,1.0341555977229602,False,stalls,1905.143,1905.169,1907.103,1.933999999999969,1.4520469122963249,0.2,0.10341261633919505,0.021758700186628253,range,17.007534983853606,low,-2.1941315992263535,-0.22525761213565051,False,0.9421252371916509,Asia,6,Friday,5.784162053945705,9.237841369645498,1.3319128904323514,2023-06,96,0.20734229576012084,1.1504653567734977,1.5351602895553766,1.1907962771457707,2.456049638055882,1.1907962771457707,2.456049638055882,7.139607032058022,0.0,0.20734229576012084,loss,loss,loss,loss,loss,loss,loss,loss,2023,False
long,423,14056,14057,14058,14059,2023-07-04 05:45:00+00:00,2023-07-04 06:00:00+00:00,2023-07-04 06:15:00+00:00,2023-07-04 06:30:00+00:00,1924.62,1922.696,1.9239999999999782,2.1673723534416025,4.256465517241379,4,58,1,1.889128605364557,0.7131782945736308,0.8807394156231029,0.2782437480770456,0.7831900668576887,False,continues,1926.032,1926.048,1923.39,2.6579999999999018,2.6780562195489703,0.2,0.07524454477050692,0.331689342403624,neutral,1.3455328310010763,low,3.556594466592925,0.37922212406794864,False,0.9593336599706026,Asia,6,Tuesday,4.633702239919713,16.149948511343876,0.992510904213786,2023-07,96,0.5925507900677591,0.06960120391269838,0.8844996237772658,0.06960120391269838,1.729495861550094,0.13920240782539675,1.729495861550094,0.13920240782539675,63.0,1.729495861550094,win,win,win,loss,loss,loss,loss,loss,2023,False
short,430,14137,14138,14139,14140,2023-07-05 05:45:00+00:00,2023-07-05 06:00:00+00:00,2023-07-05 06:15:00+00:00,2023-07-05 06:30:00+00:00,1926.412,1924.165,2.247000000000071,2.4742373840065075,9.159891598915989,10,18,1,2.419180922412929,0.7801547564862338,0.8798361401912109,0.3886986188493243,0.9603135717785399,False,continues,1922.342,1922.303,1925.745,3.44199999999978,3.2529033161541094,0.2,0.0581057524694982,0.1020169229950588,range,3.4650785056848945,low,-2.630606372902437,-0.14397531301579888,False,1.0916217540421362,Asia,6,Wednesday,7.846849574093237,2.5299309056785435,1.0581316643832004,2023-07,96,0.4340499709471927,0.5752469494479714,0.4340499709471927,1.6650203370134693,0.4340499709471927,2.1072051133063314,0.4340499709471927,3.6211504938991106,4.0,0.4340499709471927,loss,loss,loss,loss,loss,loss,loss,loss,2023,False
long,432,14211,14212,14213,14214,2023-07-06 01:15:00+00:00,2023-07-06 01:30:00+00:00,2023-07-06 01:45:00+00:00,2023-07-06 02:00:00+00:00,1918.547,1916.06,2.48700000000008,1.8617298035396113,13.464696223316913,7,40,1,1.7217444906076826,0.8582608695651203,0.926956521739084,0.029943382445321402,1.2179137083560896,False,wick_inside,1919.461,1919.492,1916.455,3.0370000000000346,2.1518964603837927,0.2,0.06585446163977535,0.207964601769911,neutral,31.656642974302894,mid,1.5211289733005973,0.3315583300678011,False,1.0553745928338762,Asia,1,Thursday,10.845218051575252,3.327397358565027,1.411313255963246,2023-07,96,0.06717155087255468,0.46394468225217717,0.06717155087255468,0.4751399407309737,0.5403358577543819,0.8534738228514459,0.6430688179123979,1.1320381955876968,26.0,0.6430688179123979,win,loss,loss,loss,loss,loss,loss,loss,2023,False
long,439,14317,14318,14319,14320,2023-07-07 04:45:00+00:00,2023-07-07 05:00:00+00:00,2023-07-07 05:15:00+00:00,2023-07-07 05:30:00+00:00,1912.281,1910.212,2.06899999999996,1.983844506674308,5.594785442694188,12,18,1,1.5648304663570112,0.8743872549018709,1.0,1.1784170607553672,1.0710455764075066,False,stalls,1913.285,1913.288,1911.878,1.4100000000000819,1.3315330490308757,0.2,0.14184397163119744,0.13704743250610796,range,3.5811177428106347,low,1.8519630064138504,0.21274100243903987,False,0.9980582524271845,Asia,5,Friday,13.469259488174588,10.120595522314323,1.0589297809966614,2023-07,96,1.375886524822654,0.23333333333328496,1.4751773049644017,0.9049645390070874,2.221985815602735,0.9049645390070874,10.299999999999338,0.9049645390070874,,15.288652482268628,win,win,win,win,win,win,win,win,2023,False
short,444,14435,14439,14440,14441,2023-07-10 11:15:00+00:00,2023-07-10 12:15:00+00:00,2023-07-10 12:30:00+00:00,2023-07-10 12:45:00+00:00,1924.921,1922.662,2.2590000000000146,1.6393464573316077,8.67702196036422,1,24,4,4.581640084074669,0.7738058551617762,0.7785824345146188,2.9318260815350023,1.5875190258751903,False,continues,1914.729,1914.697,1923.562,8.865000000000009,4.557859265501425,0.2,0.022560631697687513,0.34118887173887597,neutral,69.81837606837607,mid,-4.473168984091889,-0.23381656730032943,False,1.256281407035176,Overlap,12,Monday,10.342458768733955,2.653995434689057,1.9449920420096036,2023-07,96,0.2705019740552632,0.9874788494077974,0.2705019740552632,1.1590524534687061,0.2705019740552632,1.1847715736040774,0.2705019740552632,1.3645798082346525,4.0,0.2705019740552632,loss,loss,loss,loss,loss,loss,loss,loss,2023,False
long,446,14482,14483,14484,14485,2023-07-11 00:00:00+00:00,2023-07-11 00:15:00+00:00,2023-07-11 00:30:00+00:00,2023-07-11 00:45:00+00:00,1925.573,1924.362,1.2110000000000127,1.2613591227043408,0.5488474204171241,2,40,1,1.6227890282191024,0.8401797175867796,0.8440308087291789,1.312396775068077,1.0229120473022912,False,stalls,1925.914,1925.915,1925.518,0.3969999999999345,0.3853781725030553,0.2,0.5037783375315693,0.005032425421535227,range,3.125,low,0.45061022863244693,0.3589055856035133,True,1.0899854862119014,Asia,0,Tuesday,2.160835798468479,13.216432792518809,1.0301569427801132,2023-07,96,4.758186397985983,2.1939546599496498,4.758186397985983,2.7304785894212564,8.130982367759692,2.7304785894212564,30.193954659954805,2.7304785894212564,3.0,4.758186397985983,win,win,win,win,win,win,win,win,2023,False
long,448,14575,14576,14577,14578,2023-07-12 00:15:00+00:00,2023-07-12 00:30:00+00:00,2023-07-12 00:45:00+00:00,2023-07-12 01:00:00+00:00,1934.811,1932.428,2.382999999999811,2.655782923082774,13.32967635765222,3,39,1,1.6917660416450055,0.6837944664031561,0.7378129117258692,1.0186259302130987,1.282420749279539,False,stalls,1935.664,1935.669,1934.605,1.0640000000000782,1.118477049061369,0.2,0.18796992481201627,0.14974294807279387,range,1.808219178082192,low,1.6970189074838002,1.0452771060217043,False,1.091814946619217,Asia,0,Wednesday,2.880288641379639,11.880665045573833,0.9512935476798491,2023-07,96,3.0733082706764487,0.07048872180454883,4.944548872180057,0.07048872180454883,4.944548872180057,0.07048872180454883,4.944548872180057,1.8562030075187888,23.0,4.944548872180057,win,win,win,win,win,win,win,win,2023,False
long,451,14619,14624,14625,14626,2023-07-12 11:15:00+00:00,2023-07-12 12:30:00+00:00,2023-07-12 12:45:00+00:00,2023-07-12 13:00:00+00:00,1935.739,1933.343,2.395999999999958,1.9900414635841994,13.28334226031066,6,24,5,11.313004195901899,0.7784260425644863,0.7989126831532265,8.118541232940546,3.6171779141104294,False,stalls,1943.15,1943.181,1934.513,8.66800000000012,3.357476893200134,0.2,0.023073373327180114,0.14671992625595515,range,87.18633208756006,high,2.131209461187037,0.5003675075794303,True,2.375257731958763,Overlap,12,Wednesday,-1.8383231812561067,7.277373773585981,2.58170056733833,2023-07,96,1.6083294877710934,0.28264882325796165,1.6850484540839632,0.28264882325796165,1.8694047069681272,0.28264882325796165,1.896285186894286,0.28264882325796165,,2.3214120904475997,win,win,win,win,none,none,none,none,2023,False
long,470,15240,15242,15243,15244,2023-07-21 05:30:00+00:00,2023-07-21 06:00:00+00:00,2023-07-21 06:15:00+00:00,2023-07-21 06:30:00+00:00,1970.974,1968.618,2.3559999999999945,2.232715655346913,15.438407746100054,7,58,2,2.0861080079455543,0.7978436657681632,0.9317160826594557,0.08996692217555756,0.9669187145557656,False,wick_inside,1971.761,1971.795,1968.996,2.798999999999978,2.412645109262462,0.2,0.07145409074669581,0.3874357113558172,trend,11.009667024704619,low,0.4988562408627941,-0.18621988297934264,True,0.930835734870317,Asia,6,Friday,13.498400289764433,5.55192824178625,1.160137472873341,2023-07,96,0.12361557699178505,0.8731689889246085,0.12361557699178505,3.7302608074312658,0.12361557699178505,3.836727402643843,0.12361557699178505,4.933547695605601,4.0,0.12361557699178505,loss,loss,loss,loss,loss,loss,loss,loss,2023,False
long,477,15405,15406,15407,15408,2023-07-25 00:45:00+00:00,2023-07-25 01:00:00+00:00,2023-07-25 01:15:00+00:00,2023-07-25 01:30:00+00:00,1955.581,1953.174,2.4069999999999254,2.1822514779738165,16.57608695652174,5,24,1,2.369016664705393,0.9598163030998791,0.9598163030998791,2.0099923251634046,1.0338028169014084,False,continues,1959.448,1959.415,1955.29,4.125,3.2398681870473807,0.2,0.048484848484848485,0.1343751719584002,range,25.787187839305105,low,3.0632150613934477,0.8347827737770798,True,1.0387453874538746,Asia,1,Tuesday,6.563776591310271,4.730600264384684,1.2731999457543595,2023-07,96,0.8637575757576005,0.057212121212091224,0.9898181818182021,0.057212121212091224,0.9898181818182021,0.057212121212091224,1.1352727272727254,0.057212121212091224,38.0,1.1352727272727254,win,win,loss,loss,loss,loss,loss,loss,2023,False
short,482,15498,15499,15500,15501,2023-07-26 01:00:00+00:00,2023-07-26 01:15:00+00:00,2023-07-26 01:30:00+00:00,2023-07-26 01:45:00+00:00,1966.026,1964.251,1.775000000000091,1.5595910867779115,4.617055947854427,6,45,1,1.9435580191281951,0.636075949367058,0.8508137432188386,0.8276815795744951,0.981044845122515,False,continues,1962.565,1962.554,1965.191,2.6369999999999436,2.1421956124477473,0.2,0.07584376185058941,0.11621602835892304,range,20.401519262072707,low,-1.6718884877358706,-0.4125154368892901,True,1.1126760563380282,Asia,1,Wednesday,2.4817624558314972,8.755625449739233,1.2309800210013573,2023-07,96,0.11869548729621106,0.5737580583996785,0.11869548729621106,0.8009101251421683,0.11869548729621106,0.8009101251421683,0.11869548729621106,3.746302616609828,17.0,0.11869548729621106,loss,loss,loss,loss,loss,loss,loss,loss,2023,False
long,485,15683,15684,15685,15686,2023-07-28 01:15:00+00:00,2023-07-28 01:30:00+00:00,2023-07-28 01:45:00+00:00,2023-07-28 02:00:00+00:00,1948.528,1946.054,2.4739999999999327,1.5919530618762239,17.96959826275787,2,30,1,1.6080398955654118,0.9123649459783718,0.9975990396158122,1.3828242239175095,1.3427495291902072,False,continues,1950.974,1950.972,1948.184,2.788000000000011,1.7577788847299336,0.2,0.07173601147776155,0.4494205802910114,trend,54.17570498915401,mid,2.091368435794157,0.49101806036960294,False,0.9971751412429378,Asia,1,Friday,19.64513352557388,5.646580951090765,1.5860925536310337,2023-07,96,0.45050215208037325,0.8963414634146392,1.4160688665710464,0.8963414634146392,2.0530846484935115,0.8963414634146392,2.0530846484935115,1.1309182209469182,24.0,2.0530846484935115,win,win,win,win,loss,loss,loss,loss,2023,False
short,487,15783,15784,15785,15786,2023-07-31 03:15:00+00:00,2023-07-31 03:30:00+00:00,2023-07-31 03:45:00+00:00,2023-07-31 04:00:00+00:00,1958.39,1955.979,2.411000000000058,1.7457652434196036,16.054054054054053,2,11,1,1.5683647935490108,0.8559556786704031,0.9810710987996578,0.609678280779528,0.984006092916984,False,continues,1954.551,1954.539,1957.262,2.7229999999999563,1.8888540461050571,0.2,0.07344840249724686,0.16788321167882747,neutral,42.60259179265658,mid,-2.0582085795749636,-0.19836495560433762,False,1.246001523229246,Asia,3,Monday,6.179875393591782,6.315140373022693,1.4416148275802272,2023-07,96,0.4208593463092092,0.4667645978699885,0.5446199045170661,0.4667645978699885,0.5446199045170661,0.8916636063166177,1.4032317297098693,2.387807565185478,24.0,1.4032317297098693,win,win,loss,loss,loss,loss,loss,loss,2023,False
short,490,15868,15869,15870,15871,2023-08-01 01:30:00+00:00,2023-08-01 01:45:00+00:00,2023-08-01 02:00:00+00:00,2023-08-01 02:15:00+00:00,1964.628,1962.127,2.5009999999999764,2.3796046393164447,17.254476397178514,2,44,1,1.9419324545560843,0.8054875061244752,0.8780009799117927,1.1902780502938202,0.8502139800285307,False,continues,1960.159,1960.155,1962.668,2.51299999999992,2.2068104250061045,0.2,0.07958615200955288,0.1605269033266349,neutral,10.13550135501355,low,-2.7916384103997935,-0.7767820728975289,False,1.1411969785008715,Asia,2,Tuesday,10.684545340648604,8.290687314955576,1.138747565955045,2023-08,96,0.47075208913650235,0.35773975328298574,0.47075208913650235,0.9864703541584245,1.610027855153274,0.9864703541584245,2.3095901313171687,0.9864703541584245,,7.539196179864909,win,win,win,win,win,win,win,win,2023,False
short,508,16351,16353,16354,16355,2023-08-08 07:15:00+00:00,2023-08-08 07:45:00+00:00,2023-08-08 08:00:00+00:00,2023-08-08 08:15:00+00:00,1934.813,1932.157,2.6560000000001764,2.006111001501943,18.593500266382527,13,26,2,1.65271022195745,0.8766439909297309,0.8952380952380943,1.322168177565926,0.903954802259887,False,wick_inside,1931.421,1931.422,1932.367,0.9449999999999363,0.6533377155427614,0.2,0.21164021164022592,0.1548598611468246,neutral,38.08510638297872,mid,-1.7258086087813762,-0.21686770274235234,False,1.0544147843942504,London,8,Tuesday,10.527379253513448,0.044247210364857834,1.4464188696268299,2023-08,96,0.14179894179896674,4.324867724868005,0.14179894179896674,4.324867724868005,8.458201058201563,4.324867724868005,9.432804232804855,4.324867724868005,0.0,0.14179894179896674,loss,loss,loss,loss,loss,loss,loss,loss,2023,False
long,510,16418,16419,16420,16421,2023-08-09 01:00:00+00:00,2023-08-09 01:15:00+00:00,2023-08-09 01:30:00+00:00,2023-08-09 01:45:00+00:00,1926.495,1924.188,2.306999999999789,2.2605730850699315,12.36501079913607,6,2,1,1.8960593496361484,0.9617571059431157,1.0,1.0337687926957693,1.260289210233593,False,continues,1927.916,1927.951,1925.615,2.3360000000000127,2.032297350990581,0.2,0.08561643835616392,0.31573810174521477,neutral,6.68824163969795,low,1.6134843078241918,0.4714461147336072,True,1.208839779005525,Asia,1,Wednesday,8.799951928625699,4.704907565991782,1.1494380971669333,2023-08,96,0.7538527397260093,0.226455479452052,1.1934931506849298,0.226455479452052,1.7838184931506393,0.226455479452052,1.8206335616437954,0.354023972602737,33.0,1.8206335616437954,win,win,win,loss,loss,loss,loss,loss,2023,False
long,511,16433,16434,16435,16436,2023-08-09 04:45:00+00:00,2023-08-09 05:00:00+00:00,2023-08-09 05:15:00+00:00,2023-08-09 05:30:00+00:00,1931.006,1928.489,2.5170000000000528,2.2289911208596505,15.58650241028388,3,15,1,1.5869495782998533,0.6015624999999376,0.7349330357142309,0.3799114782870313,0.888346552776083,False,continues,1931.449,1931.448,1930.118,1.3300000000001546,1.1402199278236242,0.2,0.1503759398496066,0.0024579610627795765,range,8.774745853397539,low,2.7207505557075504,0.3759776550090573,False,0.9836888331242158,Asia,5,Wednesday,5.642802680401568,7.66519276290968,1.1664416377450708,2023-08,96,0.5684210526314062,2.198496240601403,0.5684210526314062,2.198496240601403,0.5684210526314062,3.1669172932327063,0.5684210526314062,7.132330827066918,3.0,0.5684210526314062,win,loss,loss,loss,loss,loss,loss,loss,2023,False
long,521,16619,16620,16621,16622,2023-08-11 05:15:00+00:00,2023-08-11 05:30:00+00:00,2023-08-11 05:45:00+00:00,2023-08-11 06:00:00+00:00,1914.875,1912.584,2.29099999999994,2.1793010450592645,11.663991439272339,2,58,1,1.7331673959399114,0.7936333699231876,0.8671789242590854,0.4527923603005163,1.2839838492597577,False,continues,1915.653,1915.622,1913.771,1.8510000000001128,1.7015101123490683,0.2,0.10804970286331055,0.14724507604088583,range,4.436130411544629,low,1.483763959426272,0.05964957384760588,True,0.9475100942126514,Asia,5,Friday,12.74156221894586,3.269730669705724,1.0878571843717473,2023-08,96,1.0367368989733938,0.15883306320911858,1.2658022690436004,0.15883306320911858,2.240410588870709,0.15883306320911858,2.8417071853050624,1.5045921123716435,27.0,2.8417071853050624,win,win,win,win,win,loss,loss,loss,2023,False
short,527,16737,16738,16739,16740,2023-08-14 11:45:00+00:00,2023-08-14 12:00:00+00:00,2023-08-14 12:15:00+00:00,2023-08-14 12:30:00+00:00,1914.918,1913.162,1.7559999999998581,1.4675098676838896,3.4828496042216357,2,18,1,4.395843908894004,0.7821292775665475,0.7927756653992547,2.802977275747281,1.1147214854111407,False,continues,1907.509,1907.54,1913.978,6.438000000000102,3.8485427471521865,0.2,0.031065548306927128,0.2809927360774815,neutral,58.30258302583026,mid,-3.09533444539856,-0.161778990996316,True,1.240339302544769,Overlap,12,Monday,7.994184864502261,-1.903946668170132,1.6728409746167017,2023-08,96,0.34296365330845313,0.6879465672569147,0.7882882882882829,0.6879465672569147,0.7882882882882829,0.8721652687169804,0.7882882882882829,0.8721652687169804,,1.7601739670704724,win,win,win,none,none,none,none,none,2023,False
short,529,16803,16804,16805,16806,2023-08-15 05:15:00+00:00,2023-08-15 05:30:00+00:00,2023-08-15 05:45:00+00:00,2023-08-15 06:00:00+00:00,1907.619,1905.801,1.8179999999999836,1.662990769000642,4.5478865703584805,6,19,1,1.7215338983824748,0.8352816153029037,0.8411264612114939,1.2330646626033075,1.262002743484225,False,stalls,1905.106,1905.137,1906.036,0.8990000000001146,0.7710029682659957,0.2,0.22246941045603394,0.29667760304709473,neutral,13.254943880277924,low,-0.9859583163702123,-0.10999464332701629,True,1.299039780521262,Asia,5,Tuesday,9.476732813501815,2.264982023570961,1.1660136692106222,2023-08,96,1.352614015572569,2.116796440489185,1.844271412680412,2.116796440489185,2.4983314794211133,2.116796440489185,9.93214682980948,2.517241379310188,0.0,0.36040044493859896,loss,loss,loss,loss,loss,loss,loss,loss,2023,False
short,538,17000,17001,17002,17003,2023-08-17 08:30:00+00:00,2023-08-17 08:45:00+00:00,2023-08-17 09:00:00+00:00,2023-08-17 09:15:00+00:00,1897.499,1895.191,2.3079999999999927,1.9235377159797942,12.274176408076515,1,9,1,1.5351631164796278,0.7470141150922384,0.8735070575461809,1.0376102497379025,0.9319562575941677,False,stalls,1894.009,1894.039,1895.555,1.5160000000000764,1.2402554499152951,0.2,0.13192612137202503,0.2762048647831963,neutral,21.125265392781316,low,0.23370690342072764,0.10936479079189383,True,0.9567462879276953,London,9,Thursday,10.747517048506822,1.928286342645229,1.2223288356472157,2023-08,96,0.2869393139841184,2.6240105540896206,0.2869393139841184,3.4036939313982995,0.2869393139841184,5.674142480210855,5.379287598944302,6.183377308706828,3.0,0.2869393139841184,loss,loss,loss,loss,loss,loss,loss,loss,2023,False
long,541,17097,17098,17099,17100,2023-08-18 09:45:00+00:00,2023-08-18 10:00:00+00:00,2023-08-18 10:15:00+00:00,2023-08-18 10:30:00+00:00,1893.483,1891.35,2.133000000000038,1.8256162513366572,9.062003179650238,13,35,1,2.083239547938719,0.8796220213640524,0.8808545603944259,1.1665799111917121,1.2169014084507042,False,continues,1895.401,1895.401,1892.702,2.699000000000069,2.17823538719771,0.2,0.07410151908113927,0.25181462869904386,neutral,23.980942297511913,low,2.2444940777465363,0.07021270109942529,True,1.0340041637751562,London,10,Friday,6.466106677372168,8.39738392137515,1.239076371572643,2023-08,96,0.03593923675434513,0.8128936643200829,0.03593923675434513,2.2189699888847274,0.42534271952570635,2.584660985550179,0.42534271952570635,3.214894405335277,7.0,0.03593923675434513,loss,loss,loss,loss,loss,loss,loss,loss,2023,False
short,542,17106,17107,17108,17109,2023-08-18 12:00:00+00:00,2023-08-18 12:15:00+00:00,2023-08-18 12:30:00+00:00,2023-08-18 12:45:00+00:00,1895.498,1893.207,2.29099999999994,1.868066041326906,12.447257383966246,1,9,1,3.5224990390800204,0.8664351851851836,0.8937499999999845,2.720152035734066,0.9112017571383747,False,stalls,1891.154,1891.168,1893.732,2.564000000000078,1.6526054347984103,0.2,0.07800312012480262,0.06576919957830017,range,52.89778714436248,mid,-0.968410608262469,-0.06493821849395272,True,1.0241606526513962,Overlap,12,Friday,7.901439167392012,3.969089027881489,1.5514895122639134,2023-08,96,0.7160686427456042,1.5144305772230575,0.7160686427456042,2.0986739469578475,0.7160686427456042,2.0986739469578475,1.7332293291730985,2.0986739469578475,1.0,0.7160686427456042,win,loss,loss,loss,loss,loss,loss,loss,2023,False
short,544,17153,17154,17155,17156,2023-08-21 00:45:00+00:00,2023-08-21 01:00:00+00:00,2023-08-21 01:15:00+00:00,2023-08-21 01:30:00+00:00,1891.111,1888.8,2.311000000000149,2.231848540510259,12.857914640734739,5,27,1,1.9228085002836897,0.8809643395279486,0.9326971371170188,0.6499498346011733,0.9134474327628361,False,wick_inside,1887.591,1887.565,1889.984,2.418999999999869,2.1206911832849977,0.2,0.08267879288962829,0.12659559866404482,range,12.951969778737183,low,-1.7521584443023281,-0.3794823942789859,False,1.1168704156479217,Asia,1,Monday,7.853307821359328,0.7600823711897939,1.1406658447331235,2023-08,96,1.2476229847045028,0.7871021083092598,1.2476229847045028,2.4456386936751797,1.2476229847045028,2.666391070690531,1.2476229847045028,2.666391070690531,4.0,1.2476229847045028,win,win,loss,loss,loss,loss,loss,loss,2023,False
long,548,17333,17334,17335,17336,2023-08-22 23:45:00+00:00,2023-08-23 00:00:00+00:00,2023-08-23 00:15:00+00:00,2023-08-23 00:30:00+00:00,1898.569,1897.333,1.2359999999998763,1.713582537818034,1.0828370330265296,1,36,1,1.9312463391430503,0.7975592246947977,0.8291457286431791,1.4113487245137404,0.9706666666666667,False,continues,1899.787,1899.787,1898.432,1.3550000000000182,1.7383620316369373,0.2,0.14760147601475818,0.10564054774663213,range,0.16224986479177933,low,1.4484686700316958,0.9059702058118055,True,1.075799086757991,Asia,0,Wednesday,5.930957691702978,14.064695906151607,0.7794693943723999,2023-08,96,1.2036900369002481,0.7749077490774469,2.1793357933578856,0.7749077490774469,2.1793357933578856,0.7749077490774469,3.8450184501844773,0.7749077490774469,,15.132841328412994,win,win,win,win,win,win,win,win,2023,False
long,549,17351,17352,17353,17354,2023-08-23 04:15:00+00:00,2023-08-23 04:30:00+00:00,2023-08-23 04:45:00+00:00,2023-08-23 05:00:00+00:00,1902.045,1900.106,1.9390000000000782,2.127044175979842,6.970509383378016,2,4,1,2.3234035919159317,0.6175637393767851,0.7322946175637282,0.4508587706690665,1.6857142857142857,False,continues,1903.298,1903.291,1900.905,2.3859999999999673,2.3810759143211633,0.2,0.08382229673093158,0.07960330773078914,range,2.9994643813604713,low,2.669764247114741,0.255711555563412,False,1.2533333333333334,Asia,4,Wednesday,1.1097051201698913,14.4441294148721,1.002068008688504,2023-08,96,0.26613579212070393,0.40234702430848684,0.5758591785415098,0.43755238893540793,0.8172673931266019,0.6906957250628388,2.073763621123286,0.8616932103939934,,7.981139983235701,win,win,win,win,win,win,win,win,2023,False
long,566,17631,17634,17635,17636,2023-08-28 05:15:00+00:00,2023-08-28 06:00:00+00:00,2023-08-28 06:15:00+00:00,2023-08-28 06:30:00+00:00,1916.994,1914.631,2.362999999999829,2.3684526722910415,16.746923488496524,14,19,3,1.7373155129124238,0.9625489100055854,0.9625489100055854,0.33309067687484356,0.8271461716937355,False,wick_inside,1917.056,1917.086,1915.615,1.4710000000000036,1.37654061158272,0.2,0.13596193065941503,0.00886088743640442,range,9.823812066203951,low,1.11608771128692,0.11612486361302753,False,0.7889800703399765,Asia,6,Monday,4.73694668649325,12.73229881794319,1.068620851155765,2023-08,96,0.28416043507810446,1.851801495581187,0.28416043507810446,2.4534330387490924,0.28416043507810446,2.4534330387490924,1.8721957851800806,2.98572399728079,2.0,0.28416043507810446,loss,loss,loss,loss,loss,loss,loss,loss,2023,False
long,569,17712,17713,17714,17715,2023-08-29 02:30:00+00:00,2023-08-29 02:45:00+00:00,2023-08-29 03:00:00+00:00,2023-08-29 03:15:00+00:00,1923.01,1921.308,1.7019999999999982,2.0234740553088586,5.705059203444564,12,35,1,2.0020742121859687,0.6864608076008398,0.850950118764742,0.7703943524324097,1.0178189593727727,False,continues,1924.568,1924.58,1922.225,2.355000000000018,2.506399649161882,0.2,0.08492569002123077,0.3462465564738308,neutral,3.494623655913978,low,2.620536366026304,0.42131421343152625,False,1.6188077246011754,Asia,3,Tuesday,1.5144826754808218,12.637362817047991,0.939594769248994,2023-08,96,0.5023354564755769,0.0403397027600962,0.5023354564755769,0.567728237791923,0.5023354564755769,1.2717622080678843,0.5023354564755769,2.2284501061570188,15.0,0.5023354564755769,win,loss,loss,loss,loss,loss,loss,loss,2023,False
short,572,17742,17743,17744,17745,2023-08-29 10:00:00+00:00,2023-08-29 10:15:00+00:00,2023-08-29 10:30:00+00:00,2023-08-29 10:45:00+00:00,1924.407,1922.516,1.890999999999849,1.7718065314692462,8.633474576271187,2,10,1,1.9863722087336388,0.935377358490489,0.9655660377358072,1.3145661362514998,1.145644599303136,False,stalls,1921.227,1921.223,1923.16,1.9370000000001255,1.7557703221349303,0.2,0.10325245224573415,0.29710144927536897,neutral,17.195767195767196,low,-1.7125910559867623,-0.053032119531979276,True,1.0034843205574913,London,10,Tuesday,4.318270425735717,7.7346350845516865,1.103219467592338,2023-08,96,1.688177594217744,0.29426948890030946,3.5446566855960455,0.29426948890030946,3.5446566855960455,6.9860609189464515,3.5446566855960455,8.717604543107317,13.0,3.5446566855960455,win,win,win,win,win,win,win,loss,2023,False
short,574,17816,17817,17818,17819,2023-08-30 05:30:00+00:00,2023-08-30 05:45:00+00:00,2023-08-30 06:00:00+00:00,2023-08-30 06:15:00+00:00,1937.077,1935.627,1.4500000000000455,1.7857611698563045,3.5294117647058822,24,58,1,1.7377303521843246,0.7023387668319947,0.9291282778172183,0.354689115116289,1.1612903225806452,False,wick_inside,1935.501,1935.49,1936.65,1.1600000000000819,1.3034799043358238,0.2,0.17241379310343613,0.34834525565729585,neutral,2.5106837606837606,low,-1.0349932934913855,-0.08875073123916893,False,1.0300842358604092,Asia,6,Wednesday,2.9429429909096294,23.759292325236828,0.8899254956992599,2023-08,96,0.29224137931027405,1.1560344827584481,0.4741379310344101,1.2043103448274448,0.4741379310344101,2.756896551724023,0.4741379310344101,11.146551724137199,0.0,0.29224137931027405,loss,loss,loss,loss,loss,loss,loss,loss,2023,False
long,574,17830,17831,17832,17833,2023-08-30 09:00:00+00:00,2023-08-30 09:15:00+00:00,2023-08-30 09:30:00+00:00,2023-08-30 09:45:00+00:00,1936.887,1934.94,1.946999999999889,1.9479465322621388,11.305732484076433,38,14,1,1.891919307913746,0.9122157588576623,0.955050237969311,1.382671858031099,1.1974340698503207,False,stalls,1937.647,1937.644,1936.463,1.18100000000004,1.1260264646134643,0.2,0.1693480101608749,0.6773607325085421,trend,12.61930010604454,low,1.210379015034581,0.08192780991955387,True,1.060584461867427,London,9,Wednesday,0.4509826568688412,22.205890229336713,1.0488208200376947,2023-08,96,0.8839966130398484,0.854360711261626,1.209991532599525,0.854360711261626,8.073666384419779,0.854360711261626,9.620660457239369,0.854360711261626,,9.620660457239369,win,win,win,win,win,win,win,win,2023,False
long,581,17933,17934,17935,17936,2023-08-31 11:45:00+00:00,2023-08-31 12:00:00+00:00,2023-08-31 12:15:00+00:00,2023-08-31 12:30:00+00:00,1945.869,1943.781,2.0879999999999654,2.289344938636274,15.356200527704486,10,20,1,2.3430699874835583,0.6700982686008676,1.0,1.3135226228383687,0.8068705488060327,False,wick_inside,1946.33,1946.315,1944.93,1.384999999999991,1.3222751289593493,0.2,0.14440433212996487,0.04818312790139319,range,15.287295730100158,low,1.0852953205146392,0.06841647763140259,True,1.054468085106383,Overlap,12,Thursday,2.554807397180831,10.874161529853371,1.047437079974428,2023-08,96,0.8483754512635107,3.0144404332129833,0.8483754512635107,4.35379061371842,0.8483754512635107,5.25776173285213,0.8483754512635107,5.25776173285213,0.0,0.8483754512635107,ambiguous,loss,loss,loss,loss,loss,loss,loss,2023,False
long,583,17981,17982,17983,17984,2023-09-01 00:45:00+00:00,2023-09-01 01:00:00+00:00,2023-09-01 01:15:00+00:00,2023-09-01 01:30:00+00:00,1940.235,1938.638,1.59699999999998,2.1443779884236083,6.0507833603457595,5,48,1,5.086351797212745,0.8558606124604488,0.8582365364308855,3.1004187697373795,1.3195342820181113,False,continues,1942.769,1942.769,1939.293,3.4760000000001128,3.4481030905572845,0.2,0.05753739930954935,0.3259176863181377,neutral,13.00593631948192,low,2.3559367805944236,0.6499912773332329,True,1.1374045801526718,Asia,1,Friday,4.85174689755909,3.706016440253727,1.0080905091031718,2023-09,96,0.08055235903336123,0.25345224395858945,0.08055235903336123,1.1760644418871786,0.08055235903336123,1.3170310701955772,0.48130034522438075,1.3170310701955772,6.0,0.08055235903336123,loss,loss,loss,loss,loss,loss,loss,loss,2023,False
long,586,18023,18026,18027,18028,2023-09-01 11:15:00+00:00,2023-09-01 12:00:00+00:00,2023-09-01 12:15:00+00:00,2023-09-01 12:30:00+00:00,1945.291,1943.433,1.8579999999999472,2.146407473420302,10.935023771790808,4,22,3,2.2154702427470774,0.7443946188340995,0.8515196811160806,0.7009584475059741,0.7514893617021277,False,wick_inside,1945.461,1945.534,1944.217,1.3170000000000073,1.252396044054629,0.2,0.1518602885345474,0.07864009378663256,range,18.766473379019505,low,3.5113312750572847,0.3317761343116391,False,0.9625531914893617,Overlap,12,Friday,2.0911305245832956,6.1126816789546305,1.0515842861785345,2023-09,96,5.16097190584644,0.19362186788163077,5.16097190584644,7.411541381928733,5.16097190584644,8.504176157934687,5.16097190584644,8.504176157934687,4.0,5.16097190584644,win,win,win,win,win,win,win,win,2023,False
short,589,18097,18098,18099,18100,2023-09-04 06:45:00+00:00,2023-09-04 07:00:00+00:00,2023-09-04 07:15:00+00:00,2023-09-04 07:30:00+00:00,1946.232,1944.044,2.1879999999998745,2.3390441425676753,19.040000000000003,12,63,1,1.5009222925800714,0.7279202279203452,0.8290598290598221,0.013897428635158205,1.030644152595372,False,wick_inside,1943.44,1943.407,1945.195,1.788000000000011,1.8387456414287637,0.2,0.11185682326621857,0.028787574479485382,range,13.052743740010655,low,-0.18196672024809735,0.161935552742974,True,1.0154225786551512,London,7,Monday,9.143337526813625,9.364439491526964,0.972402033056991,2023-09,96,0.18400447427290206,0.5648769574943986,0.747203579418347,0.5648769574943986,2.0083892617448953,0.5648769574943986,3.757829977628514,0.5648769574943986,,7.548098434004354,win,win,win,win,win,win,win,win,2023,False
short,591,18106,18107,18108,18109,2023-09-04 09:00:00+00:00,2023-09-04 09:15:00+00:00,2023-09-04 09:30:00+00:00,2023-09-04 09:45:00+00:00,1944.417,1942.645,1.7719999999999345,1.9819250322407354,10.40339702760085,1,9,1,2.3387162767583365,0.6484935437589266,0.8469631755140387,0.2840908341924255,1.1280532938564027,False,wick_inside,1941.515,1941.545,1944.162,2.616999999999962,2.602783492502587,0.2,0.07642338555598124,0.02040156487439289,range,15.959703075291623,low,-2.0415891921332405,-0.06772301343699687,False,1.0547045951859957,London,9,Monday,10.75724350588761,7.141990164180914,1.0054620399807845,2023-09,96,0.2946121513183786,0.43790599923575657,0.6606801681314739,0.43790599923575657,1.4081008788690206,0.43790599923575657,1.8559419182269934,0.43790599923575657,,6.109285441345162,win,win,win,win,win,win,win,win,2023,False
short,592,18121,18123,18124,18125,2023-09-04 12:45:00+00:00,2023-09-04 13:15:00+00:00,2023-09-04 13:30:00+00:00,2023-09-04 13:45:00+00:00,1941.91,1939.816,2.094000000000051,2.2737632827717285,16.903633491311215,3,7,2,2.139481613390199,0.6901131333005842,0.7132316773242083,1.2586424051230207,0.5371364021462863,False,continues,1938.238,1938.268,1940.07,1.8019999999999072,1.7620491272862904,0.2,0.110987791342958,0.053839196458329075,range,18.19137749737119,low,-4.3689908231149275,-0.32873252999482067,False,0.45862750635413724,Overlap,13,Monday,13.780554023777304,3.8174471658856968,1.022672961891332,2023-09,96,0.8768035516093278,0.9056603773585715,0.8768035516093278,0.9056603773585715,0.8768035516093278,0.9056603773585715,1.9689234184240758,0.9056603773585715,,7.211986681465462,win,win,win,win,win,win,win,win,2023,False
short,598,18241,18242,18243,18244,2023-09-06 00:30:00+00:00,2023-09-06 00:45:00+00:00,2023-09-06 01:00:00+00:00,2023-09-06 01:15:00+00:00,1926.883,1925.81,1.0730000000000928,1.4079897598925701,1.416893732970027,4,42,1,1.8856302748980662,0.8114126652747655,0.8176757132914766,1.4959071074344938,1.4978632478632479,False,stalls,1925.304,1925.305,1925.845,0.5399999999999636,0.6532590568540633,0.2,0.37037037037039533,0.45902621722847003,trend,3.5383777898747955,low,-0.7468515605268846,-0.49755286590387227,True,0.9791921664626683,Asia,1,Wednesday,16.4802743176359,0.038711647813761574,0.8266245899451777,2023-09,96,2.066666666666779,0.27592592592573567,2.066666666666779,2.574074074074012,2.066666666666779,4.905555555555678,5.494444444444997,5.78333333333381,5.0,2.066666666666779,win,win,win,win,loss,loss,loss,loss,2023,False
short,600,18263,18265,18266,18267,2023-09-06 06:00:00+00:00,2023-09-06 06:30:00+00:00,2023-09-06 06:45:00+00:00,2023-09-06 07:00:00+00:00,1928.428,1926.418,2.0100000000002183,2.5097578194704626,17.501346257404414,2,2,2,1.9243882678848343,0.6817617866004206,0.7816377171215436,0.31874172923380223,1.0044219835754895,False,wick_inside,1926.066,1926.061,1927.411,1.3500000000001364,1.5091367258783468,0.2,0.14814814814813318,0.22275367270242824,neutral,9.13978494623656,low,-0.15277130565289002,0.10714070693199135,True,0.8894504106127605,Asia,6,Wednesday,14.377042541866127,0.8875959706277272,0.8945511542132872,2023-09,96,2.4592592592589635,0.3837037037036865,2.757777777777467,0.3837037037036865,2.757777777777467,1.1037037037035988,8.07999999999911,2.2355555555553512,12.0,2.757777777777467,win,win,win,win,win,loss,loss,loss,2023,False
short,616,18812,18814,18815,18816,2023-09-14 05:15:00+00:00,2023-09-14 05:45:00+00:00,2023-09-14 06:00:00+00:00,2023-09-14 06:15:00+00:00,1910.645,1908.938,1.70699999999988,1.7466631239923904,12.62135922330097,6,15,2,2.3394361699907518,0.840034587116436,0.8512753999136005,0.9345607527332697,1.4120202751629254,False,continues,1907.989,1907.989,1909.983,1.9939999999999145,1.8305808625111017,0.2,0.10030090270812868,0.21439280359820845,neutral,41.35702746365105,mid,-1.8290331846478127,-0.16443999328512884,False,1.1277842907385698,Asia,6,Thursday,6.936744732765572,2.6476405253170863,1.0892717392798712,2023-09,96,1.0015045135407004,0.12286860581740289,1.4157472417252828,0.12286860581740289,1.4157472417252828,0.12286860581740289,3.5461384152459594,1.0792377131394864,24.0,1.4157472417252828,win,win,loss,loss,loss,loss,loss,loss,2023,False
long,625,18996,18997,18998,18999,2023-09-18 05:15:00+00:00,2023-09-18 05:30:00+00:00,2023-09-18 05:45:00+00:00,2023-09-18 06:00:00+00:00,1929.448,1927.613,1.8350000000000364,2.0529875138658755,16.558791801510246,3,18,1,2.403170125222687,0.9930167597765953,0.9930167597765953,0.5694662913121198,1.1229331416247303,False,stalls,1929.828,1929.832,1927.824,2.008000000000038,2.053882551931401,0.2,0.09960159362549612,0.32927618800984826,neutral,25.969827586206897,low,3.4647016573745395,0.4002329230145513,False,1.0395398993529834,Asia,5,Monday,0.5564303327942524,20.55212256770767,0.9776605766049202,2023-09,96,0.231075697211122,0.8615537848605505,0.231075697211122,1.7036852589641356,0.231075697211122,2.3849601593626115,0.231075697211122,3.2181274900398873,6.0,0.231075697211122,loss,loss,loss,loss,loss,loss,loss,loss,2023,False
long,631,19093,19095,19096,19097,2023-09-19 06:30:00+00:00,2023-09-19 07:00:00+00:00,2023-09-19 07:15:00+00:00,2023-09-19 07:30:00+00:00,1931.854,1929.968,1.8859999999999673,2.357912353285022,18.93491124260355,1,68,2,2.3639720553787504,0.8389830508474045,0.8389830508474045,0.2704544300643974,1.0040721349621873,False,continues,1932.508,1932.515,1930.486,2.0289999999999964,2.3272320477192445,0.2,0.09857072449482522,0.19486707455735983,neutral,11.117078410311493,low,0.3424811320379375,-0.21103274072733202,True,0.8526682134570766,London,7,Tuesday,1.9154645242441175,11.425115045505898,0.8718511770188434,2023-09,96,1.1675702316411625,0.0,1.2661409561360102,0.0,2.0847708230654503,0.0,2.380482996549993,0.7461803844258879,42.0,2.380482996549993,win,win,win,win,loss,loss,loss,loss,2023,False
short,634,19158,19159,19160,19161,2023-09-19 23:45:00+00:00,2023-09-20 00:00:00+00:00,2023-09-20 00:15:00+00:00,2023-09-20 00:30:00+00:00,1932.307,1930.868,1.4390000000000782,2.04015704038773,7.5873362445414845,1,34,1,1.6502729638715512,0.7697594501717938,0.9192439862542509,0.633738844373203,0.8678537956888472,False,stalls,1930.74,1930.742,1931.491,0.7490000000000236,1.0537324427368744,0.2,0.2670226969292306,0.08899066612557947,range,1.1995637949836424,low,-0.8729916166178917,-0.5371840572137212,False,0.7656702025072324,Asia,0,Wednesday,9.292260059114625,1.4307688841968265,0.7108066237902244,2023-09,96,3.3511348464618314,0.5527369826434902,3.3511348464618314,0.5527369826434902,3.3511348464618314,0.8437917222964512,3.8785046728970376,2.054739652870412,21.0,3.3511348464618314,win,win,win,win,win,win,loss,loss,2023,False
long,640,19344,19345,19346,19347,2023-09-22 00:15:00+00:00,2023-09-22 00:30:00+00:00,2023-09-22 00:45:00+00:00,2023-09-22 01:00:00+00:00,1921.763,1920.068,1.6949999999999363,1.9200500437416101,13.685932388222465,2,38,1,2.0752399292829096,0.8253275109170539,0.8526200873362448,1.6209980015306338,1.117878192534381,False,continues,1923.392,1923.361,1921.632,1.7290000000000418,1.8767726352074696,0.2,0.11567379988432341,0.168673931052055,neutral,19.389978213507625,low,2.3258648641776696,0.8005138887928241,False,1.024390243902439,Asia,0,Friday,8.74452304755991,10.584389800987594,0.9212623668763733,2023-09,96,0.46905725853088615,0.7611336032388659,1.231347599768568,0.7611336032388659,1.231347599768568,0.7611336032388659,3.047426257952503,0.7611336032388659,,3.1723539618275116,win,win,win,win,win,win,none,none,2023,False
long,645,19484,19485,19486,19487,2023-09-25 12:15:00+00:00,2023-09-25 12:30:00+00:00,2023-09-25 12:45:00+00:00,2023-09-25 13:00:00+00:00,1925.298,1923.614,1.683999999999969,1.4376127229188893,13.018065887353881,1,15,1,2.2938630561062827,0.7093412727949465,0.9460364719017539,0.8699093614337191,1.1313969571230982,False,stalls,1925.866,1925.835,1923.775,2.0599999999999454,1.5924570322229246,0.2,0.09708737864077928,0.23319577138335354,neutral,68.20594479830149,mid,1.6628690293047457,0.12688651920996438,False,1.033656062701706,Overlap,12,Monday,2.303651434963335,5.053345446427956,1.2935984822927207,2023-09,96,0.20582524271844146,1.7548543689320897,0.20582524271844146,5.2689320388351115,0.20582524271844146,5.2689320388351115,0.20582524271844146,5.2689320388351115,1.0,0.20582524271844146,loss,loss,loss,loss,loss,loss,loss,loss,2023,False
short,651,19715,19716,19717,19718,2023-09-28 01:00:00+00:00,2023-09-28 01:15:00+00:00,2023-09-28 01:30:00+00:00,2023-09-28 01:45:00+00:00,1877.853,1876.113,1.740000000000009,1.3065128625649167,14.207947740881874,6,33,1,1.9777901609172366,0.9711465451784277,0.9798785117691303,1.4867215332635317,1.274920634920635,False,continues,1873.863,1873.878,1876.714,2.8360000000000127,2.0514136920954553,0.2,0.0705218617771506,0.6264014069026164,trend,70.52746057640022,high,-1.794294683853943,-0.38434883033460465,True,1.0615873015873016,Asia,1,Thursday,21.59120144406094,0.992432858094181,1.3824612806903551,2023-09,96,0.013046544428785048,0.4777856135402017,0.05500705218615951,0.4777856135402017,0.06664315937935472,1.121297602256717,0.10296191819461037,1.5133991537377025,15.0,0.06664315937935472,loss,loss,loss,loss,loss,loss,loss,loss,2023,False
long,653,20173,20174,20175,20176,2023-10-05 00:30:00+00:00,2023-10-05 00:45:00+00:00,2023-10-05 01:00:00+00:00,2023-10-05 01:15:00+00:00,1823.985,1821.775,2.209999999999809,1.6346225008624573,19.027027027027028,1,35,1,1.7463093776182774,0.9042778483693785,0.9711986446421063,1.1723423818403973,1.1656891495601174,False,continues,1827.102,1827.08,1823.277,3.8029999999998836,2.6258815414246186,0.2,0.05259006047857116,0.09687881639271839,range,60.043196544276455,mid,2.4802423631718096,0.6144599526676503,False,1.2566709021601017,Asia,1,Thursday,2.3752386280569318,7.281763538223772,1.4482755371884153,2023-10,96,0.33920589008677443,0.3420983434130872,0.33920589008677443,0.3420983434130872,0.5503549829082668,0.3420983434130872,0.5503549829082668,1.9592427031291744,20.0,0.5503549829082668,win,loss,loss,loss,loss,loss,loss,loss,2023,False
long,660,20538,20539,20540,20541,2023-10-10 23:45:00+00:00,2023-10-11 00:00:00+00:00,2023-10-11 00:15:00+00:00,2023-10-11 00:30:00+00:00,1860.688,1859.329,1.359000000000151,1.321108558454547,3.356794802382242,1,22,1,1.6107997655328499,0.834037417018669,0.8955944477972324,0.31788263327048305,0.7834394904458599,False,wick_inside,1860.729,1860.721,1859.531,1.1900000000000546,1.1242856093962212,0.2,0.1680672268907486,0.11429365962180227,range,21.416982152514873,low,0.4065303081218445,0.22946858578854365,True,0.8331210191082803,Asia,0,Wednesday,4.297794316927018,7.330531128827644,1.058449908150229,2023-10,96,1.1336134453780427,0.3966386554621499,1.1336134453780427,0.8252100840335511,1.1336134453780427,0.8789915966386564,7.257983193276931,1.790756302520998,16.0,1.1336134453780427,win,win,loss,loss,loss,loss,loss,loss,2023,False
long,662,20564,20565,20566,20567,2023-10-11 06:15:00+00:00,2023-10-11 06:30:00+00:00,2023-10-11 06:45:00+00:00,2023-10-11 07:00:00+00:00,1860.694,1858.59,2.104000000000042,2.0499586970655668,15.002669514148426,7,18,1,3.874850636040548,0.7156147850138553,0.9034448076439457,2.353944967732979,1.1594963273871983,False,stalls,1862.54,1862.514,1859.517,2.9969999999998436,2.415879808279711,0.2,0.06673340006673689,0.038682123245882466,range,38.72,mid,1.5108078126916875,0.129077639876657,True,0.9928644240570846,Asia,6,Wednesday,2.207100071761872,7.714370959372001,1.2405418472096648,2023-10,96,1.8715382048716862,0.0407073740406573,2.432766099432949,0.0407073740406573,4.070070070070313,0.0407073740406573,4.1671671671673955,0.0407073740406573,,6.699366032699783,win,win,win,win,win,win,win,win,2023,False
long,665,20649,20650,20651,20652,2023-10-12 04:30:00+00:00,2023-10-12 04:45:00+00:00,2023-10-12 05:00:00+00:00,2023-10-12 05:15:00+00:00,1878.061,1875.894,2.1669999999999163,1.984257244884343,15.112540192926044,1,13,1,1.639049593144204,0.7932960893854308,0.899441340782098,0.7352831415054957,1.297752808988764,False,continues,1879.221,1879.22,1877.254,1.9660000000001219,1.7487429949315818,0.2,0.1017293997965349,0.4199608910701246,trend,25.963597430406853,low,2.363272402650219,0.20296846585254139,False,0.8890625,Asia,5,Thursday,-1.840360761196922,18.35112753226418,1.1242360974129535,2023-10,96,0.4308240081383151,0.3392675483214013,1.7151576805696145,0.3392675483214013,1.7151576805696145,0.3392675483214013,2.898270600203211,2.070701932858539,29.0,2.898270600203211,win,win,win,win,win,loss,loss,loss,2023,False
long,669,20739,20740,20741,20742,2023-10-13 04:00:00+00:00,2023-10-13 04:15:00+00:00,2023-10-13 04:30:00+00:00,2023-10-13 04:45:00+00:00,1874.304,1872.464,1.8400000000001455,1.8659084549613225,8.798283261802576,2,41,1,2.289794180055424,0.7914083259522516,0.856067316209103,1.823317066315324,1.3738317757009346,False,continues,1876.254,1876.248,1874.169,2.078999999999951,1.8767737384995216,0.2,0.09620009620009848,0.28403552113240477,neutral,22.132904608788852,low,3.5061183517965766,0.4280555372149462,False,1.2953929539295392,Asia,4,Friday,7.821244670687934,7.556745052900248,1.107752073333096,2023-10,96,0.723424723424695,0.17267917267924937,0.8489658489658077,0.27465127465134853,4.164983164983204,0.27465127465134853,20.581529581530063,0.27465127465134853,,27.101972101972756,win,win,win,win,win,win,win,win,2023,False
long,670,20750,20751,20752,20753,2023-10-13 06:45:00+00:00,2023-10-13 07:00:00+00:00,2023-10-13 07:15:00+00:00,2023-10-13 07:30:00+00:00,1878.013,1875.677,2.3360000000000127,1.9500311709433689,17.706666666666667,2,11,1,1.5551832497720832,0.8400429414922207,0.9205582393987473,0.3756481279642979,1.098515519568151,False,continues,1881.269,1881.238,1876.748,4.490000000000009,3.276748724430126,0.2,0.044543429844097905,0.14153627311521474,range,46.830047948854556,mid,5.1149444482446,0.590063756817929,False,1.064327485380117,London,7,Friday,2.6629969032171794,9.76894396998251,1.370260699737019,2023-10,96,0.8171492204899469,0.05278396436527384,1.2035634743875245,0.05278396436527384,2.7144766146992985,0.05278396436527384,9.160579064587923,0.05278396436527384,,11.437639198218244,win,win,win,win,win,win,win,win,2023,False
short,672,20837,20838,20839,20840,2023-10-16 05:30:00+00:00,2023-10-16 05:45:00+00:00,2023-10-16 06:00:00+00:00,2023-10-16 06:15:00+00:00,1920.362,1918.71,1.6520000000000437,1.161359652664088,5.347593582887701,4,26,1,3.8405010789973995,0.8059674171700618,0.8700347794252168,2.637664295881046,2.2525651144435677,False,stalls,1915.019,1915.05,1919.711,4.661000000000058,2.5214027549188995,0.2,0.04290924694271562,0.41633585949717333,trend,67.41452991452992,mid,-3.442546970249131,-0.49722090216137194,False,1.7142857142857142,Asia,6,Monday,9.506786529702717,24.81750572568393,1.8485741680527268,2023-10,96,1.4816562969319593,0.1115640420510567,1.4816562969319593,0.1115640420510567,1.4816562969319593,0.384037760137297,1.4816562969319593,2.0330401201458903,24.0,1.4816562969319593,win,win,loss,loss,loss,loss,loss,loss,2023,False
long,690,21967,21968,21969,21970,2023-11-01 12:00:00+00:00,2023-11-01 12:15:00+00:00,2023-11-01 12:30:00+00:00,2023-11-01 12:45:00+00:00,1985.128,1981.978,3.1499999999998636,1.9114110551394847,15.50632911392405,2,14,1,2.3834992459010897,0.6031059063136068,0.6405295315682294,0.5588601846932176,1.3059045226130652,False,stalls,1985.61,1985.615,1983.533,2.0820000000001073,1.0869991390778764,0.2,0.09606147934677699,0.42079314040729127,trend,45.626975763962065,mid,2.3545116651918203,0.35079053898779655,False,1.605095541401274,Overlap,12,Wednesday,11.610842389025784,3.5523257167556856,1.9153649024656179,2023-11,96,0.8535062439961345,2.1964457252641005,3.3635926993273624,2.1964457252641005,3.3635926993273624,5.305955811719239,3.3635926993273624,7.585014409221471,2.0,0.8535062439961345,win,loss,loss,loss,loss,loss,loss,loss,2023,False
long,692,22044,22045,22046,22047,2023-11-02 08:15:00+00:00,2023-11-02 08:30:00+00:00,2023-11-02 08:45:00+00:00,2023-11-02 09:00:00+00:00,1986.503,1983.639,2.8640000000000327,1.9235539539393334,11.961722488038278,19,23,1,1.5790067547875482,0.8860059549127961,0.9519353466609737,1.0813274671237905,1.1261213720316623,False,stalls,1986.82,1986.814,1985.875,0.9390000000000782,0.5985698199747045,0.2,0.21299254526089814,0.06526303842006322,range,23.04832713754647,low,0.9827723443005101,0.09039470974601985,True,0.9055408970976253,London,8,Thursday,3.6959614656156003,10.83481494154325,1.5687392993515112,2023-11,96,2.9361022364213043,0.18423855165067882,2.9361022364213043,1.0894568690096411,4.37699680511135,1.0894568690096411,4.379126730563908,8.536741214056878,5.0,2.9361022364213043,win,win,win,win,win,loss,loss,loss,2023,False
long,696,22151,22153,22154,22155,2023-11-03 12:00:00+00:00,2023-11-03 12:30:00+00:00,2023-11-03 12:45:00+00:00,2023-11-03 13:00:00+00:00,1989.424,1986.838,2.5860000000000127,1.9587512851714695,9.018987341772151,7,18,2,9.55348557847243,0.9633245382585722,0.9702506596306051,8.763243433656886,2.608303249097473,False,stalls,2000.156,2000.13,1988.621,11.509000000000015,4.262056538043938,0.2,0.017377704405248044,0.13604218102690263,range,76.82991047919958,high,4.211130808782766,0.7311616400609038,False,1.4993983152827919,Overlap,12,Friday,-3.4180886129242833,7.909375579072212,2.7003395889445536,2023-11,96,0.13693631071333673,1.20175514814494,0.13693631071333673,1.20175514814494,0.13693631071333673,1.20175514814494,0.13693631071333673,1.20175514814494,1.0,0.13693631071333673,loss,loss,loss,loss,loss,loss,loss,loss,2023,False
long,697,22222,22223,22224,22225,2023-11-06 07:45:00+00:00,2023-11-06 08:00:00+00:00,2023-11-06 08:15:00+00:00,2023-11-06 08:30:00+00:00,1985.272,1982.265,3.0069999999998345,1.8484686980556926,14.346666666666666,10,19,1,2.0175172155036245,0.6645338208409319,0.8388177940280404,0.22744709620248169,1.261716692996314,False,continues,1986.997,1987.025,1982.889,4.136000000000195,2.2963388289342084,0.2,0.048355899419726935,0.11701334217287204,range,36.65423548215237,mid,0.1133593631863465,-0.16036889491197678,True,1.2238020010531858,London,8,Monday,9.441306041108342,2.0981296988737808,1.8011279293308042,2023-11,96,0.0560928433268762,0.3890232108317397,0.3210831721469807,0.3890232108317397,0.3210831721469807,0.5340909090908985,0.4888781431334234,1.7379110251450105,28.0,0.4888781431334234,loss,loss,loss,loss,loss,loss,loss,loss,2023,False
long,706,22399,22400,22401,22402,2023-11-08 06:00:00+00:00,2023-11-08 06:15:00+00:00,2023-11-08 06:30:00+00:00,2023-11-08 06:45:00+00:00,1967.909,1964.95,2.95900000000006,2.903061205284398,14.721627408993577,8,57,1,2.867741771897982,0.6897023605883844,0.7430721861100913,0.43266305898270474,1.2820153953813855,False,wick_inside,1968.055,1968.032,1966.178,1.8539999999998145,1.606660771212804,0.2,0.10787486515642936,0.027484352967367464,range,5.240641711229946,low,-0.0455789442132778,-0.18334900131258425,True,1.0952707333790268,Asia,6,Wednesday,8.858299030927126,9.906008239339517,1.1539461429685023,2023-11,96,0.5215749730313889,1.3425026968717808,0.5215749730313889,1.3425026968717808,0.5215749730313889,4.644552319309999,0.5215749730313889,4.644552319309999,2.0,0.5215749730313889,win,loss,loss,loss,loss,loss,loss,loss,2023,False
short,710,22498,22499,22500,22501,2023-11-09 07:45:00+00:00,2023-11-09 08:00:00+00:00,2023-11-09 08:15:00+00:00,2023-11-09 08:30:00+00:00,1950.469,1948.641,1.8279999999999745,1.5165668460098565,1.44,13,24,1,2.4847471027349113,0.9055091819699793,0.9579298831385706,1.704893254130413,1.0359640359640359,False,continues,1946.269,1946.261,1949.455,3.19399999999996,2.25810820929897,0.2,0.06261740763932452,0.3751927868074543,trend,14.651038891848694,low,-2.704008927012849,-0.22883858443440824,False,1.2860611947547353,London,8,Thursday,17.476654644292832,-0.7536453823145906,1.4144583447537873,2023-11,96,0.09173450219157682,1.0682529743268872,0.32811521603006105,1.0682529743268872,0.32811521603006105,1.0682529743268872,0.45522855353787384,5.842830306825381,1.0,0.09173450219157682,loss,loss,loss,loss,loss,loss,loss,loss,2023,False
short,715,22586,22587,22588,22589,2023-11-10 06:45:00+00:00,2023-11-10 07:00:00+00:00,2023-11-10 07:15:00+00:00,2023-11-10 07:30:00+00:00,1958.22,1955.639,2.581000000000131,2.050686715795798,7.69641902725815,5,44,1,1.6240231100684217,0.7866927592954361,0.8683953033268137,0.23835955627222588,1.050647820965842,False,wick_inside,1954.832,1954.834,1957.114,2.2799999999999727,1.6623152795197342,0.2,0.08771929824561508,0.2438582505978718,neutral,11.158569140416445,low,-2.4710784707258577,-0.22667089765538867,False,1.0623906705539359,Other,7,Friday,7.93682637405789,7.522705725475953,1.3715809678767412,2023-11,96,0.4907894736842786,0.9460526315789259,0.5263157894737105,1.0197368421052952,2.885964912280804,1.0197368421052952,6.153508771929887,1.0197368421052952,4.0,0.4907894736842786,loss,loss,loss,loss,loss,loss,loss,loss,2023,False
long,723,22779,22780,22781,22782,2023-11-14 09:00:00+00:00,2023-11-14 09:15:00+00:00,2023-11-14 09:30:00+00:00,2023-11-14 09:45:00+00:00,1946.429,1944.296,2.133000000000038,1.9621949962693992,2.9787234042553195,24,5,1,1.852724201822195,0.6137040714995172,0.6137040714995172,0.5317152873153504,1.2837312604108828,False,wick_inside,1947.119,1947.119,1945.771,1.3479999999999563,1.1152953381906403,0.2,0.14836795252226,0.26486020268813526,neutral,5.472901168969182,low,1.2452719510695431,0.08663642123605952,True,1.1482509716823988,London,9,Tuesday,1.7110020470165435,21.292377988380526,1.2086484663217871,2023-11,96,0.7195845697329812,0.5126112759642626,0.7195845697329812,1.3382789317506814,8.853857566765994,7.15801186943635,17.68175074184036,7.15801186943635,6.0,0.7195845697329812,win,loss,loss,loss,loss,loss,loss,loss,2023,False
long,727,22859,22860,22861,22862,2023-11-15 06:00:00+00:00,2023-11-15 06:15:00+00:00,2023-11-15 06:30:00+00:00,2023-11-15 06:45:00+00:00,1967.925,1965.87,2.0550000000000637,1.8806208966039935,3.1049250535331905,5,22,1,1.9593232796248998,0.9495562821110832,0.962634283045235,1.4440972140345314,0.9111111111111111,False,stalls,1969.003,1969.008,1967.442,1.566000000000031,1.2945347817556236,0.2,0.12771392081736657,0.5127193191003748,trend,7.005347593582887,low,3.394541879992795,0.45433167942488767,False,1.4022681787858573,Asia,6,Wednesday,1.6127952485346104,26.066772205044153,1.2097009845314866,2023-11,96,1.2796934865899527,1.1155810983397423,2.2266922094506922,1.1155810983397423,3.2068965517240327,1.1155810983397423,4.005108556832574,5.100893997445657,2.0,1.0970625798212266,win,win,loss,loss,loss,loss,loss,loss,2023,False
short,729,22884,22889,22890,22891,2023-11-15 12:15:00+00:00,2023-11-15 13:30:00+00:00,2023-11-15 13:45:00+00:00,2023-11-15 14:00:00+00:00,1973.606,1970.425,3.18100000000004,2.1406512629544787,19.440042260961437,3,21,5,7.899559459301204,0.622390572390579,0.9478114478114564,4.25897965798186,2.614853195164076,True,stalls,1965.536,1965.578,1975.28,9.701999999999998,4.150280734340374,0.2,0.02061430632859205,0.3591545785354524,trend,68.35176408636124,mid,-1.1205995490632057,0.00715526672902676,True,1.4025093251949814,Overlap,13,Wednesday,2.317689241254968,12.005955379302934,2.3376731891227087,2023-11,96,1.0478251906823275,0.11028653885796089,1.0478251906823275,0.11028653885796089,1.0478251906823275,0.11028653885796089,1.0478251906823275,0.11028653885796089,94.0,1.0478251906823275,win,win,loss,loss,loss,loss,loss,loss,2023,False
short,735,22974,22975,22976,22977,2023-11-16 11:45:00+00:00,2023-11-16 12:00:00+00:00,2023-11-16 12:15:00+00:00,2023-11-16 12:30:00+00:00,1966.69,1964.605,2.0850000000000364,1.7110255219881452,3.5430988894764677,2,15,1,1.8374034262500942,0.9209468512728307,0.9656096471639137,0.9322422028673588,0.9509594882729211,False,stalls,1963.502,1963.47,1965.631,2.161000000000058,1.6018492110872593,0.2,0.09254974548819742,0.29400653832184015,neutral,14.104595879556259,low,0.13921024911058238,0.07281396543001142,True,1.033049040511727,London,12,Thursday,8.730485889951535,5.996742303422234,1.3490658078442188,2023-11,96,0.10550670985657536,1.3873206848681012,0.10550670985657536,5.218417399352031,0.10550670985657536,11.324849606663257,0.10550670985657536,11.324849606663257,2.0,0.10550670985657536,loss,loss,loss,loss,loss,loss,loss,loss,2023,False
short,737,23044,23045,23046,23047,2023-11-17 06:15:00+00:00,2023-11-17 06:30:00+00:00,2023-11-17 06:45:00+00:00,2023-11-17 07:00:00+00:00,1986.47,1983.674,2.796000000000049,2.414249429873889,14.178705189941146,7,23,1,1.5766879323854421,0.9167579408543035,0.9874041621028817,0.8090671372645022,0.8552803129074316,False,wick_inside,1983.483,1983.445,1984.54,1.0950000000000273,0.9047033132770308,0.2,0.18264840182647948,0.39138857498673635,trend,7.536076964190272,low,-0.7343765552999724,-0.06047738367096482,True,0.9841059602649007,Asia,6,Friday,3.684910298826931,22.34658494447787,1.2103415384140694,2023-11,96,0.5744292237441916,3.8575342465753923,0.5744292237441916,5.158904109589018,0.5744292237441916,9.099543378995362,3.763470319634488,9.099543378995362,0.0,0.3552511415524079,loss,loss,loss,loss,loss,loss,loss,loss,2023,False
long,748,23401,23402,23403,23404,2023-11-23 03:30:00+00:00,2023-11-23 03:45:00+00:00,2023-11-23 04:00:00+00:00,2023-11-23 04:15:00+00:00,1995.308,1992.761,2.5470000000000255,2.0328302542396965,11.194833153928956,1,45,1,2.402363197982492,0.8162790697674045,0.823588039867126,1.912313030686368,1.484941610325753,False,stalls,1996.613,1996.606,1995.225,1.3810000000000855,1.0025569211197187,0.2,0.14482259232439365,0.07189542483660463,range,18.9247311827957,low,2.4875725200487007,0.5035419458257947,False,1.0466867469879517,Asia,4,Thursday,7.100658396431073,7.086865071665484,1.3774778976715831,2023-11,96,0.5524981897175038,2.382331643736249,0.6741491672700813,2.382331643736249,1.4163649529325,2.382331643736249,1.4163649529325,3.242577842143221,2.0,0.5524981897175038,win,loss,loss,loss,loss,loss,loss,loss,2023,False
short,750,23448,23451,23452,23453,2023-11-23 15:15:00+00:00,2023-11-23 16:00:00+00:00,2023-11-23 16:15:00+00:00,2023-11-23 16:30:00+00:00,1994.854,1991.95,2.9039999999999964,2.3100168073893315,17.84776902887139,1,35,3,1.7101211459354153,0.8500948766603231,0.8500948766603231,1.3004384235932882,0.6893389377149408,False,stalls,1991.106,1991.104,1992.139,1.0349999999998545,0.8012869115196646,0.2,0.19323671497587258,0.16502289538569628,neutral,12.414876898899948,low,-2.141796248826201,-0.10195534685453812,False,0.43512043512043513,Overlap,16,Thursday,11.83582058291243,3.2941795251367707,1.2916721652634335,2023-11,96,1.2966183574882,1.326570048309411,1.2966183574882,2.7835748792273076,1.2966183574882,3.6492753623193956,1.2966183574882,3.6492753623193956,2.0,1.2966183574882,win,win,loss,loss,loss,loss,loss,loss,2023,False
long,755,23511,23512,23513,23514,2023-11-24 11:45:00+00:00,2023-11-24 12:00:00+00:00,2023-11-24 12:15:00+00:00,2023-11-24 12:30:00+00:00,1996.297,1994.244,2.053000000000111,1.7075565022583914,3.9445628997867805,2,61,1,1.5778054967286321,0.7580390089614782,0.7670005271481167,0.30774276952527246,0.8932642487046633,False,wick_inside,1996.318,1996.281,1995.212,1.06899999999996,0.826045070398459,0.199,0.18615528531338396,0.07410279131591845,range,15.175718849840255,low,1.993561249406357,0.13373074549983152,False,0.8787564766839379,London,12,Friday,1.7339991936147245,5.218997572938561,1.2941182488799394,2023-11,96,1.6361085126287083,1.830682881197337,5.2619270346119835,1.830682881197337,6.866230121609374,1.830682881197337,7.43592142188996,1.830682881197337,0.0,0.26473339569704374,loss,loss,loss,loss,loss,loss,loss,loss,2023,False
long,764,23943,23945,23946,23947,2023-12-01 08:15:00+00:00,2023-12-01 08:45:00+00:00,2023-12-01 09:00:00+00:00,2023-12-01 09:15:00+00:00,2041.962,2039.206,2.7560000000000855,1.9472594248713828,17.153679653679653,1,4,2,2.9811262712634807,0.7906021897809952,0.8275547445255285,2.25624474636226,1.0331588132635252,False,continues,2045.903,2045.914,2041.652,4.261999999999944,2.5089647260213495,0.199,0.04669169404035726,0.279359736200328,neutral,48.83846569421934,mid,2.778484226103881,0.1924422044644678,True,1.3636844891476971,London,9,Friday,0.7988421241696254,8.61183598708755,1.6987086170631467,2023-12,96,0.9242139840450798,0.17104645706242408,0.9242139840450798,1.0239324260910583,0.9242139840450798,2.836461755044604,3.691459408728333,2.836461755044604,7.0,0.9242139840450798,win,loss,loss,loss,loss,loss,loss,loss,2023,False
short,770,24492,24493,24494,24495,2023-12-11 07:30:00+00:00,2023-12-11 07:45:00+00:00,2023-12-11 08:00:00+00:00,2023-12-11 08:15:00+00:00,2000.553,1997.41,3.143000000000029,1.7232671319475281,18.97018970189702,3,1,1,3.8105970623720293,0.7595683453237355,0.7854676258992841,2.5489878766860268,1.6246913580246913,False,stalls,1994.648,1994.597,1998.22,3.6230000000000473,1.5792793166425783,0.199,0.054926856196521504,0.5932274180334447,trend,68.81429344883595,mid,-2.370377845772609,-0.32322833431945486,False,1.0379576755122606,London,8,Monday,17.155428315148907,0.05666748859049014,2.2940843724226414,2023-12,96,0.4372067347502179,0.8865581010212386,0.7573833839359312,0.8865581010212386,0.9497653878001617,0.8865581010212386,3.8711012972674324,0.8865581010212386,,5.176925200110362,win,win,win,win,win,win,win,win,2023,False
long,772,24575,24576,24577,24578,2023-12-12 05:15:00+00:00,2023-12-12 05:30:00+00:00,2023-12-12 05:45:00+00:00,2023-12-12 06:00:00+00:00,1986.571,1984.639,1.9320000000000164,1.3540854865522398,2.505446623093682,1,43,1,1.9028685797045493,0.7340699815837931,0.9208103130755342,0.44154961518015096,1.0245854774156662,False,wick_inside,1987.517,1987.465,1984.701,2.7639999999998963,1.8053135308426602,0.199,0.07199710564399692,0.15579088995464238,neutral,25.78890097932535,low,1.9821016434430216,0.20073503974746937,False,1.2070938215102975,Asia,5,Tuesday,13.253117530510016,7.626208678046301,1.5310359961184987,2023-12,96,0.450795947901643,0.11830680173661738,0.5839363241679064,0.7250361794500654,0.5839363241679064,1.7547033285094396,3.327424023155015,1.7547033285094396,10.0,0.5839363241679064,win,loss,loss,loss,loss,loss,loss,loss,2023,False
long,773,24605,24606,24607,24608,2023-12-12 12:45:00+00:00,2023-12-12 13:00:00+00:00,2023-12-12 13:15:00+00:00,2023-12-12 13:30:00+00:00,1989.081,1985.862,3.2189999999998236,1.9768519533572668,19.667738478027864,3,20,1,2.903558880234032,0.8331218274112125,0.9234348561760015,1.938162399750303,0.7852825229960578,False,wick_inside,1990.524,1990.37,1987.871,2.4989999999997963,1.244311468824043,0.199,0.07963185274110293,0.17548402283293565,neutral,57.01284796573876,mid,2.3092128849269553,0.20099717206592446,False,1.0,Overlap,13,Tuesday,8.606114216549278,7.311014524507765,2.008339601949918,2023-12,96,2.5178071228494026,3.08963585434199,2.5178071228494026,4.144457783113571,2.5178071228494026,4.924769907963502,2.5178071228494026,5.304121648659849,0.0,2.5178071228494026,ambiguous,ambiguous,ambiguous,ambiguous,ambiguous,loss,loss,loss,2023,False
short,775,24653,24654,24655,24656,2023-12-13 01:45:00+00:00,2023-12-13 02:00:00+00:00,2023-12-13 02:15:00+00:00,2023-12-13 02:30:00+00:00,1982.516,1979.642,2.8740000000000236,2.1257359384542722,12.56860592755214,5,43,1,1.7662691096132883,0.7005862646566406,0.8237018425460372,0.92603388828971,1.0826901874310915,False,continues,1978.367,1978.367,1980.357,1.990000000000009,1.454144716276143,0.199,0.09999999999999955,0.1786595661774312,neutral,12.719298245614036,low,-1.6595015771791763,-0.38493668979445983,True,0.7618522601984564,Asia,2,Wednesday,13.368631951895487,0.9148689370741979,1.368502032656086,2023-12,96,0.2517587939698362,0.8809045226130257,0.3894472361808342,0.8809045226130257,2.4376884422109866,0.8809045226130257,2.680402010050269,2.253266331658357,20.0,2.680402010050269,win,win,win,win,win,loss,loss,loss,2023,False
short,776,24669,24670,24671,24672,2023-12-13 05:45:00+00:00,2023-12-13 06:00:00+00:00,2023-12-13 06:15:00+00:00,2023-12-13 06:30:00+00:00,1979.972,1977.592,2.3799999999998818,2.133399973429633,5.223068552774755,10,16,1,1.995356445737124,0.6482479784366837,0.7421383647798299,0.29222201316728635,1.0361702127659576,False,wick_inside,1973.716,1973.763,1978.918,5.154999999999973,3.679558374527423,0.2,0.0387972841901069,0.18605254381739303,neutral,15.434782608695652,low,-4.071566094162473,-0.3041430090086975,False,1.3736842105263158,Asia,6,Wednesday,16.378495918895673,-2.4261530388010084,1.4009833450901688,2023-12,96,0.1416100872938937,0.8531522793404775,0.1416100872938937,1.4195926285160083,0.1416100872938937,1.7629485935984948,0.1416100872938937,2.511154219204701,4.0,0.1416100872938937,loss,loss,loss,loss,loss,loss,loss,loss,2023,False
long,786,25061,25062,25063,25064,2023-12-19 11:45:00+00:00,2023-12-19 12:00:00+00:00,2023-12-19 12:15:00+00:00,2023-12-19 12:30:00+00:00,2027.14,2024.27,2.8700000000001182,2.176954871848511,11.063372717508056,7,15,1,1.7385298140335887,0.9537521815009725,0.9895287958115672,1.2052896485599356,0.982010582010582,False,stalls,2027.869,2027.914,2026.461,1.4529999999999745,1.0285832271998774,0.199,0.1369580178940148,0.07106411753857365,range,10.568669527896995,low,1.655258619867825,0.09611785247843396,False,1.0269687162891046,London,12,Tuesday,4.120704036841524,8.476431908115265,1.4126226848511727,2023-12,96,3.2697866483138744,1.202339986235445,3.2697866483138744,1.202339986235445,12.534067446662291,1.202339986235445,13.111493461803349,1.202339986235445,0.0,1.4487267721954955,ambiguous,ambiguous,loss,loss,loss,loss,loss,loss,2023,False
long,797,25246,25247,25248,25249,2023-12-21 12:00:00+00:00,2023-12-21 12:15:00+00:00,2023-12-21 12:30:00+00:00,2023-12-21 12:45:00+00:00,2036.07,2032.984,3.0860000000000127,2.3423365486415992,14.975845410628018,3,21,1,2.3096986770954757,0.9280315478146427,0.9510351626683836,0.27552435747149356,0.8722772277227723,False,continues,2037.828,2037.795,2033.539,4.2560000000000855,2.707058880299005,0.199,0.04675751879699155,0.12549057145592055,range,23.16353887399464,low,1.5940080272554427,0.015505281362173572,True,1.2139650872817955,London,12,Thursday,3.5727325494922706,6.641071844267254,1.5721859731141103,2023-12,96,1.9318609022555955,1.3594924812029938,1.9318609022555955,1.3594924812029938,1.9318609022555955,1.3594924812029938,1.9318609022555955,1.3594924812029938,3.0,1.9318609022555955,ambiguous,ambiguous,ambiguous,loss,loss,loss,loss,loss,2023,False
short,802,25403,25404,25405,25406,2023-12-26 05:15:00+00:00,2023-12-26 05:30:00+00:00,2023-12-26 05:45:00+00:00,2023-12-26 06:00:00+00:00,2064.877,2063.236,1.6410000000000764,1.226552445255188,0.32171581769436997,7,15,1,2.033042444298422,0.815441176470592,0.9147058823529456,1.2534603599588432,1.021356783919598,False,stalls,2062.56,2062.645,2064.047,1.4020000000000437,0.9752542344866323,0.368,0.2624821683309476,0.2563190072086879,neutral,8.19496518478843,low,1.4232476693681044,0.2903831574984113,True,0.757537688442211,Asia,5,Tuesday,5.600407875785709,11.052649452038171,1.4375738657910546,2023-12,96,0.43580599144069704,1.6718972895862896,0.43580599144069704,1.6718972895862896,1.6205420827388473,1.6718972895862896,2.797432239657563,1.6718972895862896,1.0,0.43580599144069704,loss,loss,loss,loss,loss,loss,loss,loss,2023,False
short,804,25436,25437,25438,25439,2023-12-26 13:30:00+00:00,2023-12-26 13:45:00+00:00,2023-12-26 14:00:00+00:00,2023-12-26 14:15:00+00:00,2063.91,2060.682,3.2280000000000655,2.463198337209186,15.226554267650158,14,33,1,2.1304986857149015,0.9340974212035289,1.0,1.4948592139381307,0.5997938852627963,False,stalls,2060.08,2060.032,2061.515,1.4829999999997199,1.0135679265672228,0.275,0.18543492919760754,0.16245162451624146,neutral,11.894736842105264,low,-1.114711755977953,-0.06428147207861058,True,0.4462254395036194,Overlap,14,Tuesday,7.197494156899115,9.164485723089907,1.4631481138342464,2023-12,96,3.7673634524619315,1.2346594740391248,3.7673634524619315,1.2346594740391248,3.7673634524619315,1.2346594740391248,3.7673634524619315,6.077545515847351,0.0,0.010114632501908463,loss,loss,loss,loss,loss,loss,loss,loss,2023,False
short,809,25514,25515,25516,25517,2023-12-27 10:00:00+00:00,2023-12-27 10:15:00+00:00,2023-12-27 10:30:00+00:00,2023-12-27 10:45:00+00:00,2069.259,2066.447,2.811999999999898,2.3085194776664975,8.65180467091295,1,16,1,3.50218495438329,0.959681200187524,0.9796061884669509,2.2231403789193793,1.2776412776412776,False,stalls,2064.274,2064.28,2067.918,3.63799999999992,2.3580226511779347,0.2,0.05497526113249159,0.20351601601602098,neutral,18.981972428419937,low,-1.0691258384540947,-0.02162692802422829,True,1.7154912597950573,London,10,Wednesday,3.092393092020509,7.361853015964517,1.5428180887840839,2023-12,96,0.1797691039032465,0.9945024738867558,0.1797691039032465,1.6489829576690291,0.1797691039032465,2.2006597031335993,0.1797691039032465,5.53738317757021,4.0,0.1797691039032465,loss,loss,loss,loss,loss,loss,loss,loss,2023,False
short,811,25596,25598,25599,25600,2023-12-28 07:30:00+00:00,2023-12-28 08:00:00+00:00,2023-12-28 08:15:00+00:00,2023-12-28 08:30:00+00:00,2087.6,2084.267,3.3330000000000837,2.061052099607164,17.28922091782284,16,25,2,2.8267954245380427,0.8680377035132885,0.9241645244215381,1.315901126289711,1.2310991957104558,False,continues,2077.489,2077.536,2086.408,8.871999999999844,4.266175328135241,0.2,0.02254283137962168,0.5737108298322269,trend,52.69046350559403,mid,-3.349566008372373,-0.14269631292395907,True,1.9924932975871315,London,8,Thursday,3.335233552293417,7.703350851750191,2.0796144831388874,2023-12,96,0.5519612263300294,0.13007213706041668,0.5519612263300294,0.19623534715960506,0.7072813345356403,0.19623534715960506,0.7072813345356403,0.40554553651938907,,1.4743011722272494,win,win,none,none,none,none,none,none,2023,False
long,813,25680,25681,25682,25683,2023-12-29 05:30:00+00:00,2023-12-29 05:45:00+00:00,2023-12-29 06:00:00+00:00,2023-12-29 06:15:00+00:00,2071.011,2068.85,2.161000000000058,1.5468457023593336,2.465166130760986,7,15,1,1.7179221127544846,0.9016666666665325,0.9587499999999348,0.8625400607787294,0.9907692307692307,False,continues,2072.506,2072.505,2069.915,2.5900000000001455,1.7665573414800761,0.199,0.07683397683397251,0.1345594347464744,range,12.473233404710921,low,2.4173385093251696,0.255133643183643,False,1.1644498186215235,Asia,6,Friday,10.898772107918543,5.490651196491633,1.4661284630761908,2023-12,96,0.8586872586870967,0.28764478764472934,0.8586872586870967,0.518146718146727,0.8586872586870967,3.07644787644782,0.8586872586870967,5.56370656370637,10.0,0.8586872586870967,win,loss,loss,loss,loss,loss,loss,loss,2023,False
long,814,25685,25686,25687,25688,2023-12-29 06:45:00+00:00,2023-12-29 07:00:00+00:00,2023-12-29 07:15:00+00:00,2023-12-29 07:30:00+00:00,2073.154,2069.774,3.380000000000109,2.473529611573926,19.401389631213256,1,5,1,1.7585478273998338,0.7748647523929425,0.936329588015062,1.0406387892479503,1.0558375634517767,False,wick_inside,2073.183,2073.201,2072.326,0.875,0.5988585243831656,0.199,0.22742857142857145,0.11046390680258174,range,12.439935931660438,low,2.46125711330091,0.34863316480109596,False,0.9227298364354202,Other,7,Friday,10.472837874412892,5.972843819762061,1.4611130415172178,2023-12,96,1.0640000000000458,2.3291428571428696,1.0640000000000458,6.346285714285581,1.0640000000000458,13.050285714285565,1.0640000000000458,17.264000000000255,1.0,1.0640000000000458,win,win,loss,loss,loss,loss,loss,loss,2023,False
short,818,25869,25870,25871,25872,2024-01-03 06:45:00+00:00,2024-01-03 07:00:00+00:00,2024-01-03 07:15:00+00:00,2024-01-03 07:30:00+00:00,2065.982,2063.377,2.605000000000018,1.8762610401699578,6.360235168359166,12,6,1,1.6753102416258472,0.8852106620809016,0.9075666380052929,0.8412563896041154,1.1838616714697405,False,continues,2061.487,2061.488,2064.32,2.8320000000003347,1.922343747268202,0.2,0.07062146892654533,0.2611799458439288,neutral,12.06620395088094,low,-0.9824992099771337,0.021894797706384785,True,1.3565714285714285,Other,7,Wednesday,11.804222374643302,3.658698021812902,1.4732016602258697,2024-01,96,0.9300847457626071,1.019774011299447,1.280014124293634,1.019774011299447,3.524717514123867,1.019774011299447,10.524717514122983,1.019774011299447,2.0,0.17443502824845647,loss,loss,loss,loss,loss,loss,loss,loss,2024,False
long,823,26029,26030,26031,26032,2024-01-05 00:45:00+00:00,2024-01-05 01:00:00+00:00,2024-01-05 01:15:00+00:00,2024-01-05 01:30:00+00:00,2044.679,2042.485,2.1940000000001874,1.6637510293157232,3.140227395776936,1,36,1,2.599516193479488,0.7966744457409295,0.8739789964994159,1.7532326252404076,1.138863841298467,False,stalls,2046.264,2046.229,2043.995,2.234000000000151,1.459666019005321,0.199,0.08907788719784537,0.014472408837193577,range,16.00865332612223,low,0.9899980562266798,0.7337532298971567,True,1.4002677376171353,Asia,1,Friday,3.06699744548379,6.592672395596496,1.5304870915077509,2024-01,96,0.7009847806624553,0.38137869292749843,0.7009847806624553,0.6427931960609007,0.7009847806624553,1.4006266786033668,0.7009847806624553,2.4082363473588835,14.0,0.7009847806624553,win,loss,loss,loss,loss,loss,loss,loss,2024,False
short,824,26050,26051,26052,26053,2024-01-05 06:00:00+00:00,2024-01-05 06:15:00+00:00,2024-01-05 06:30:00+00:00,2024-01-05 06:45:00+00:00,2046.377,2043.1,3.2770000000000437,2.5715108501163244,17.93361884368308,12,21,1,1.837802383574185,0.7890691716481122,0.8078565328778708,0.44728751436256386,1.1956018518518519,False,continues,2041.319,2041.32,2044.422,3.102000000000089,2.2488002416793247,0.2,0.06447453255963709,0.08754782740462733,range,6.310160427807486,low,-2.7065601030209168,-0.21892721601735898,False,1.2615740740740742,Asia,6,Friday,6.987809648467655,3.7298766097484695,1.3794021996740915,2024-01,96,0.11508704061894283,1.8275306254029444,0.11508704061894283,1.8275306254029444,1.2930367504835112,1.8275306254029444,5.481302385557524,2.54803352675693,1.0,0.11508704061894283,loss,loss,loss,loss,loss,loss,loss,loss,2024,False
short,833,26316,26317,26318,26319,2024-01-10 03:30:00+00:00,2024-01-10 03:45:00+00:00,2024-01-10 04:00:00+00:00,2024-01-10 04:15:00+00:00,2032.824,2029.843,2.9809999999999945,1.8287371950787832,12.217438105489773,1,9,1,1.652059465396559,0.6728555514296831,0.7215001856665412,0.639229841419778,1.0493898895990703,False,stalls,2029.635,2029.632,2030.744,1.1119999999998527,0.6612548418311335,0.2,0.1798561151079375,0.12472660296995584,range,30.268817204301072,mid,-0.44045890015797806,-0.042094221339911315,True,1.0236220472440944,Asia,4,Wednesday,7.355270808102803,2.149078235951488,1.6816512026142973,2024-01,96,0.8336330935254114,0.9154676258994281,4.787769784173358,0.9154676258994281,5.281474820144627,4.432553956834994,5.281474820144627,9.560251798562291,13.0,5.281474820144627,win,win,win,win,win,win,win,win,2024,False
long,835,26400,26401,26402,26403,2024-01-11 01:30:00+00:00,2024-01-11 01:45:00+00:00,2024-01-11 02:00:00+00:00,2024-01-11 02:15:00+00:00,2028.905,2025.775,3.1299999999998818,1.9824812258706446,14.864864864864865,1,37,1,1.8684727208684542,0.7454237288136287,0.7542372881356089,0.45033359475850054,0.9014598540145985,False,wick_inside,2030.449,2030.4,2027.391,3.0090000000000146,1.793128783999013,0.2,0.0664672648720502,0.002727648436421907,range,30.615550755939523,mid,1.656383015651047,0.4165387220154996,False,1.0891089108910892,Asia,2,Thursday,5.848376831560639,6.016426787389151,1.6780724434579544,2024-01,96,0.5214356929212205,0.5224327018943532,0.5586573612495196,0.5500166168162819,1.5350614822199709,0.5500166168162819,1.741442339647718,0.5500166168162819,45.0,5.799933532735099,win,win,win,win,win,win,ambiguous,ambiguous,2024,False
long,840,26526,26528,26529,26530,2024-01-12 10:00:00+00:00,2024-01-12 10:30:00+00:00,2024-01-12 10:45:00+00:00,2024-01-12 11:00:00+00:00,2040.031,2036.909,3.1219999999998436,1.7488380093865799,14.70276008492569,2,13,2,1.7057423833892686,0.7299412915851924,0.9200913242009437,1.1966901065462057,1.2479338842975207,False,continues,2045.803,2045.835,2039.361,6.473999999999933,3.186148637180422,0.199,0.03073833796725395,0.10896588204178514,range,52.19925808161102,mid,4.899533027783182,0.3001478548742212,False,1.4146341463414633,London,10,Friday,1.0084057086164169,16.040983731890627,2.031920270276245,2024-01,96,0.2389558232931791,0.2639789928946676,1.2293790546802463,0.2639789928946676,2.538152610441761,0.2639789928946676,2.538152610441761,0.6855112758727445,,2.538152610441761,win,win,win,win,win,none,none,none,2024,False
short,847,26686,26693,26694,26695,2024-01-16 06:45:00+00:00,2024-01-16 08:30:00+00:00,2024-01-16 08:45:00+00:00,2024-01-16 09:00:00+00:00,2050.52,2047.355,3.1649999999999636,2.314027914179595,16.182795698924732,13,2,7,3.425908873745524,0.7729320598305692,0.7765363128491687,2.508464183461506,1.7314049586776858,False,continues,2043.129,2043.134,2047.601,4.467000000000098,2.3502635341175067,0.199,0.044548914260128865,0.3499759499759429,neutral,47.26980728051392,mid,-3.4687089060618455,-0.4217785359356159,False,1.3231404958677686,London,8,Tuesday,8.153578237792455,-1.3863766313855994,1.9006379221542908,2024-01,96,1.0132079695545035,0.1681217819565614,1.0132079695545035,0.1681217819565614,1.6888291918513387,0.1681217819565614,2.661741661070033,0.43743004253411866,,5.727333781061002,win,win,win,win,win,win,win,win,2024,False
long,852,26863,26867,26868,26869,2024-01-18 05:00:00+00:00,2024-01-18 06:00:00+00:00,2024-01-18 06:15:00+00:00,2024-01-18 06:30:00+00:00,2009.187,2006.129,3.0579999999999927,1.9570632078109722,13.707501349163516,3,2,4,1.9034212804621493,0.6746753246753323,0.7948051948051699,1.2582356256562137,1.0753027909426014,False,continues,2012.0,2011.991,2008.775,3.2159999999998945,1.850916377993679,0.199,0.061878109452738354,0.24338267391563462,neutral,35.79117330462863,mid,1.742723213451827,0.09016239954261555,True,1.0647709320695102,Asia,6,Thursday,12.04879800164765,5.9055512918512765,1.7375177172973706,2024-01,96,0.6287313432835824,0.2985074626865883,0.6287313432835824,0.7496890547264109,0.6287313432835824,1.212375621890552,1.6302860696517756,1.4406094527363775,10.0,0.6287313432835824,win,loss,loss,loss,loss,loss,loss,loss,2024,False
long,856,26959,26960,26961,26962,2024-01-19 06:00:00+00:00,2024-01-19 06:15:00+00:00,2024-01-19 06:30:00+00:00,2024-01-19 06:45:00+00:00,2022.321,2020.31,2.0109999999999673,1.5701246517006764,0.8077544426494345,5,19,1,1.5100055079010986,0.7900723888314604,0.8123061013444495,0.6855143929355852,0.9281711665817626,False,wick_inside,2023.383,2023.336,2021.628,1.7080000000000837,1.280714868945384,0.2,0.11709601873535727,0.3715593454134988,trend,4.195804195804196,low,0.4714989038065555,-0.06848932804324186,True,0.9302088639836984,Asia,6,Friday,-0.08773046818884875,13.511991767209992,1.3336301790628475,2024-01,96,3.0187353629974805,0.17798594847779414,3.675058548009213,0.17798594847779414,4.388173302107449,0.17798594847779414,9.30679156908617,0.17798594847779414,89.0,9.30679156908617,win,win,win,win,win,win,win,win,2024,False
short,865,27218,27219,27220,27221,2024-01-24 01:45:00+00:00,2024-01-24 02:00:00+00:00,2024-01-24 02:15:00+00:00,2024-01-24 02:30:00+00:00,2029.279,2026.401,2.877999999999929,1.9149593909271103,9.891304347826086,5,55,1,1.6221928405422534,0.7559474979491376,0.905660377358487,0.7026397209239593,1.0062464508801816,False,stalls,2025.848,2025.855,2027.553,1.6980000000000928,1.1013685991749915,0.2,0.11778563015311488,0.010626582975442311,range,15.200868621064062,low,-1.0845494973465744,-0.30891483363735944,False,0.9645714285714285,Asia,2,Wednesday,7.822441287426156,4.079215029570747,1.5417181870556536,2024-01,96,1.2603062426383882,0.1690223792697402,1.3003533568904375,0.1690223792697402,1.837455830388662,0.1978798586572405,1.837455830388662,4.881625441695839,16.0,1.837455830388662,win,win,win,loss,loss,loss,loss,loss,2024,False
short,873,27430,27431,27432,27433,2024-01-26 08:45:00+00:00,2024-01-26 09:00:00+00:00,2024-01-26 09:15:00+00:00,2024-01-26 09:30:00+00:00,2022.779,2019.771,3.008000000000038,2.161145451325029,12.901498929336189,4,7,1,1.945605678918978,0.76144756277698,0.8759231905465279,0.898800850933353,1.218172740888667,False,wick_inside,2019.743,2019.738,2020.892,1.1539999999999964,0.7788935661872347,0.199,0.17244367417677697,0.08267410367112336,range,9.572192513368984,low,-1.1697069108000928,-0.13213682865827117,False,0.8816774837743385,London,9,Friday,3.710881132493472,6.915548942074808,1.4815888204712575,2024-01,96,0.1499133448873504,2.8110918544193457,0.1499133448873504,3.952339688041539,0.1499133448873504,4.254766031195728,3.365684575389971,6.1360485268630205,0.0,0.1499133448873504,loss,loss,loss,loss,loss,loss,loss,loss,2024,False
long,877,27602,27603,27604,27605,2024-01-30 05:45:00+00:00,2024-01-30 06:00:00+00:00,2024-01-30 06:15:00+00:00,2024-01-30 06:30:00+00:00,2033.279,2031.153,2.1259999999999764,1.7111260713506937,1.9396551724137931,12,36,1,2.5964688175811816,0.9683818970861483,1.0,1.6242015108117536,1.0201096892138939,False,continues,2035.497,2035.517,2032.071,3.44600000000014,2.443501452802691,0.2,0.058038305281483425,0.012005749802605166,range,7.104413347685684,low,2.394232176913096,0.22937454999818566,False,1.3577087141986595,Asia,6,Tuesday,1.463548171382526,11.497787596399993,1.410271312115483,2024-01,96,0.16453859547300762,0.5533952408589887,1.4320951828205877,0.5533952408589887,1.4320951828205877,0.5533952408589887,3.783807312826308,1.3128264654671882,19.0,1.4320951828205877,win,win,loss,loss,loss,loss,loss,loss,2024,False
long,882,27693,27694,27695,27696,2024-01-31 05:30:00+00:00,2024-01-31 05:45:00+00:00,2024-01-31 06:00:00+00:00,2024-01-31 06:15:00+00:00,2034.78,2033.197,1.5830000000000837,1.6469040154362755,0.215633423180593,9,55,1,1.6791554522514607,0.7490706319702822,0.9058240396530108,0.15917644621716348,1.061764705882353,False,continues,2035.091,2035.044,2033.471,1.5730000000000928,1.5765200217007396,0.199,0.1265098537825736,0.07387014359968266,range,0.10770059235325795,low,0.1863109106771573,-0.10855572802265283,True,0.8940600122473974,Asia,6,Wednesday,13.495131654290804,6.136701902652749,0.9977672204271473,2024-01,96,1.066751430387657,0.9122695486332411,2.2193261284168972,0.9122695486332411,3.4284806102984637,0.9122695486332411,5.99046408137282,0.9122695486332411,55.0,13.302606484423853,win,win,win,win,win,win,win,win,2024,False
short,889,27889,27890,27891,27892,2024-02-02 08:30:00+00:00,2024-02-02 08:45:00+00:00,2024-02-02 09:00:00+00:00,2024-02-02 09:15:00+00:00,2056.882,2054.06,2.8220000000001164,1.9095866204570606,11.033743974290305,17,3,1,1.6118480970689755,0.8245172124264865,0.848026868177972,0.05616431236643844,0.9201339072214252,False,wick_inside,2053.506,2053.472,2055.997,2.524999999999636,1.6392229533225462,0.2,0.07920792079209063,0.5182007999798733,trend,18.673087212413055,low,-0.9162686526730296,-0.0008160849672143086,True,1.0171606864274572,London,9,Friday,7.759205044797729,15.316509757522438,1.5403639845828816,2024-02,96,0.3180198019803778,0.5829702970296889,0.3180198019803778,0.8368316831683696,0.3180198019803778,1.285148514851627,10.190495049506506,1.6439603960397775,9.0,0.3180198019803778,loss,loss,loss,loss,loss,loss,loss,loss,2024,False
short,891,27907,27908,27909,27910,2024-02-02 13:00:00+00:00,2024-02-02 13:15:00+00:00,2024-02-02 13:30:00+00:00,2024-02-02 13:45:00+00:00,2056.717,2053.699,3.018000000000029,2.0473736713967985,15.278514588859416,6,18,1,4.173440300342304,0.6323146944083712,0.8299739921976895,0.8018541019189833,1.1088208548044862,True,continues,2038.832,2038.794,2057.623,18.82899999999995,6.063271893910301,0.199,0.010568803441499842,0.12587977385486046,range,88.71224165341812,high,-4.570717224623264,-0.5931340327714963,True,4.609676461858118,Overlap,13,Friday,8.57404415780211,2.872076160273339,3.10541904263126,2024-02,96,0.5870200223060248,0.0,0.5870200223060248,0.0,0.5870200223060248,0.0,0.5870200223060248,0.0,,1.2737266981783546,win,win,none,none,none,none,none,none,2024,False
short,897,28152,28153,28154,28155,2024-02-07 05:15:00+00:00,2024-02-07 05:30:00+00:00,2024-02-07 05:45:00+00:00,2024-02-07 06:00:00+00:00,2035.443,2034.11,1.3330000000000837,1.5864801813012002,0.0,19,86,1,1.5067396170497485,0.7788309636649422,0.7827804107424373,0.15591065547653346,1.0048780487804878,False,wick_inside,2033.384,2033.337,2034.97,1.6330000000000382,1.8332971416570314,0.2,0.12247397428046254,0.451967709384471,trend,0.26939655172413796,low,-1.7009605808713457,-0.10406535564637234,False,0.8694074969770254,Asia,5,Wednesday,6.170117018093682,11.847388080775508,0.8907448568452171,2024-02,96,0.5682792406612749,0.5486834047764465,0.5682792406612749,1.7360685854255786,1.2988364972443631,1.7360685854255786,1.7323943661971124,2.0220453153703795,5.0,0.5682792406612749,win,loss,loss,loss,loss,loss,loss,loss,2024,False
long,897,28159,28160,28161,28162,2024-02-07 07:00:00+00:00,2024-02-07 07:15:00+00:00,2024-02-07 07:30:00+00:00,2024-02-07 07:45:00+00:00,2035.296,2032.409,2.8869999999999436,3.1410064648106926,14.454594304137562,26,7,1,1.887650230844149,0.8564841498559047,0.9446685878962555,0.45912875931770636,0.8807711821410451,False,wick_inside,2035.357,2035.39,2034.079,1.3110000000001492,1.3351947368677723,0.2,0.15255530129670272,0.5187811925400617,trend,0.966183574879227,low,0.6944341213501336,-0.024445770255074904,True,0.8712160082093381,Other,7,Wednesday,3.588017588089101,12.75716954538818,0.9818792448775063,2024-02,96,0.0,3.1838291380623422,0.0,3.1838291380623422,0.27459954233398853,3.1838291380623422,6.96948893973982,3.7238749046525603,1.0,0.0,loss,loss,loss,loss,loss,loss,loss,loss,2024,False
short,898,28178,28179,28180,28181,2024-02-07 11:45:00+00:00,2024-02-07 12:00:00+00:00,2024-02-07 12:15:00+00:00,2024-02-07 12:30:00+00:00,2035.75,2032.634,3.1159999999999854,2.661347483083099,18.138297872340424,6,3,1,1.6893919517132763,0.8225480283113745,0.8705763397370693,0.12555137356002669,0.9941520467836257,False,wick_inside,2031.79,2031.742,2034.209,2.4670000000000982,1.9783060068494318,0.199,0.0806647750303981,0.17823967154221815,neutral,4.994686503719448,low,-1.9434555305098065,-0.07084876856068663,False,0.9931398416886543,London,12,Wednesday,5.68552476228707,7.184290034602138,1.2470264920890273,2024-02,96,0.5002026753140959,1.3607620591811258,0.5002026753140959,2.5370895824887576,0.5002026753140959,5.18240778273189,0.5002026753140959,5.18240778273189,3.0,0.5002026753140959,win,loss,loss,loss,loss,loss,loss,loss,2024,False
long,910,28458,28459,28460,28461,2024-02-12 12:45:00+00:00,2024-02-12 13:00:00+00:00,2024-02-12 13:15:00+00:00,2024-02-12 13:30:00+00:00,2022.498,2020.171,2.326999999999998,2.0873272061414045,9.023354564755838,6,17,1,5.241191605279068,0.8750641793599163,0.9489988019852819,3.552133964899031,0.9314599040438657,False,stalls,2023.58,2023.559,2020.913,2.645999999999958,1.5857776999922157,0.2,0.07558578987150535,0.05592170960654469,range,41.993637327677625,mid,0.13628420611580472,0.009665546491006418,True,1.2816997943797122,Overlap,13,Monday,8.147037813187682,2.0298673733460433,1.6685819204122663,2024-02,96,0.5049130763416606,3.5865457294029324,0.5049130763416606,3.9168556311414195,0.5049130763416606,4.4164777021920285,0.5049130763416606,4.4164777021920285,1.0,0.5049130763416606,win,loss,loss,loss,loss,loss,loss,loss,2024,False
short,913,28510,28511,28512,28513,2024-02-13 02:45:00+00:00,2024-02-13 03:00:00+00:00,2024-02-13 03:15:00+00:00,2024-02-13 03:30:00+00:00,2021.187,2018.904,2.2829999999999018,2.247849691840944,8.62533692722372,4,45,1,1.7447173254238668,0.7437923250563562,0.8527088036116418,1.263246235055556,1.0917573872472783,False,continues,2017.579,2017.577,2019.132,1.5550000000000637,1.4747702107694647,0.199,0.12797427652732596,0.15123785647132698,neutral,3.769520732364028,low,-1.5153716480288584,-0.21027149105547968,True,0.9502332814930016,Asia,3,Tuesday,9.459394265089566,5.411600529035421,1.054401552624757,2024-02,96,0.25916398713826594,1.276527331189594,0.25916398713826594,1.6971061093246227,0.25916398713826594,4.679742765273148,0.25916398713826594,7.390353697748869,2.0,0.25916398713826594,loss,loss,loss,loss,loss,loss,loss,loss,2024,False
long,916,28541,28544,28545,28546,2024-02-13 10:30:00+00:00,2024-02-13 11:15:00+00:00,2024-02-13 11:30:00+00:00,2024-02-13 11:45:00+00:00,2027.274,2024.96,2.313999999999851,2.194176853052763,9.384941675503713,8,18,3,1.7390704298020772,0.8330749354005816,0.8330749354005816,1.3229517688212353,1.0858496151568975,False,stalls,2028.166,2028.157,2027.134,1.0229999999999109,0.8554419896729017,0.2,0.19550342130988996,0.2459717198290017,neutral,9.682539682539684,low,4.609481836680582,0.4710308732410431,False,1.0526939017169923,London,11,Tuesday,-0.5125962264607901,13.624356146375083,1.195873025114279,2024-02,96,0.6089931573803534,0.8787878787878451,3.948191593353215,17.025415444771685,3.948191593353215,37.33333333333659,3.948191593353215,37.33333333333659,7.0,3.948191593353215,win,win,win,ambiguous,ambiguous,ambiguous,ambiguous,loss,2024,False
short,917,28552,28553,28554,28555,2024-02-13 13:15:00+00:00,2024-02-13 13:30:00+00:00,2024-02-13 13:45:00+00:00,2024-02-13 14:00:00+00:00,2029.899,2027.258,2.640999999999849,2.0855386941115435,15.603584607274644,2,9,1,16.94332382463447,0.8342654735272265,0.9612695749440759,12.387673417088191,4.334754797441365,True,continues,2004.328,2004.305,2032.196,27.89099999999985,8.678751522431893,0.199,0.007134918073930698,0.5765422696115668,trend,94.102159031069,high,-5.284785290563959,-0.6103288870577601,True,3.5842618384401113,Overlap,13,Tuesday,7.226847517424366,-2.3477530471029944,3.2137110882723428,2024-02,96,0.42508336022373017,0.05697178301243951,0.5141443476390314,0.05697178301243951,0.5141443476390314,0.05697178301243951,0.5141443476390314,0.05697178301243951,,0.6576673478900066,win,none,none,none,none,none,none,none,2024,False
short,920,28618,28621,28622,28623,2024-02-14 06:45:00+00:00,2024-02-14 07:30:00+00:00,2024-02-14 07:45:00+00:00,2024-02-14 08:00:00+00:00,1993.297,1990.935,2.36200000000008,2.390279952219335,11.17049706039551,14,62,3,1.880528122378144,0.8969534050180136,0.990591397849481,0.6066219749607226,1.1053240740740742,False,continues,1989.439,1989.497,1992.426,2.92899999999986,2.295048888064017,0.199,0.06794127688631257,0.6828060686802911,trend,16.21333333333333,low,-1.900663759224316,-0.1313842549519853,True,1.0665901262916189,Other,7,Wednesday,33.50269897813502,-0.41215285596495843,1.276225537169542,2024-02,96,1.2068965517242236,0.36701946056670176,1.2068965517242236,0.6937521338340807,1.2068965517242236,1.3147832024582007,1.8228064185730366,1.3147832024582007,11.0,1.2068965517242236,win,win,loss,loss,loss,loss,loss,loss,2024,False
short,923,28697,28698,28699,28700,2024-02-15 03:30:00+00:00,2024-02-15 03:45:00+00:00,2024-02-15 04:00:00+00:00,2024-02-15 04:15:00+00:00,1993.462,1991.756,1.7059999999999036,1.508703254514378,2.583423035522067,11,48,1,1.7067979374050468,0.698963730570008,0.698963730570008,0.887004316692991,1.1438297872340426,False,stalls,1991.58,1991.583,1992.102,0.5190000000000055,0.4362961931415066,0.2,0.38535645472061253,0.05016987168915028,range,10.161290322580644,low,-1.0604831157576275,-0.23973139310919278,False,1.067750677506775,Asia,4,Thursday,3.772827196183209,6.239287756254796,1.189558855104828,2024-02,96,1.1868978805394585,1.9633911368015313,1.1868978805394585,2.7379576107896084,1.1868978805394585,7.40077071290916,1.1868978805394585,12.566473988439048,3.0,1.1868978805394585,win,win,loss,loss,loss,loss,loss,loss,2024,False
long,924,28712,28715,28716,28717,2024-02-15 07:15:00+00:00,2024-02-15 08:00:00+00:00,2024-02-15 08:15:00+00:00,2024-02-15 08:30:00+00:00,1993.956,1991.559,2.3969999999999345,2.2076560861362617,12.493326214628937,10,17,3,1.7656412136139903,0.724172517552669,0.8495486459378297,1.0342371802915953,0.973697270471464,False,continues,1995.32,1995.305,1993.43,1.875,1.5944598715839942,0.2,0.10666666666666667,0.034925890886163234,range,10.229088971763451,low,2.0185361996562854,0.22692254588050242,False,1.0025265285497726,London,8,Thursday,0.6360831914372816,9.49192591286432,1.1759468102118538,2024-02,96,0.16853333333334983,0.8005333333333208,0.8111999999999777,0.8005333333333208,1.5461333333332732,0.8005333333333208,6.888533333333301,0.8005333333333208,,6.888533333333301,win,win,win,win,win,win,win,win,2024,False
long,929,28816,28817,28818,28819,2024-02-16 10:15:00+00:00,2024-02-16 10:30:00+00:00,2024-02-16 10:45:00+00:00,2024-02-16 11:00:00+00:00,2006.414,2003.862,2.5519999999999072,2.441155710596213,17.188328912466844,6,5,1,1.664424348133851,0.7752873563217964,0.9408045977011121,0.6007232704758246,1.0241785492870428,False,continues,2007.14,2007.088,2005.405,1.6829999999999927,1.550002689663626,0.199,0.11824123588829523,0.28216686437326916,neutral,8.05511393746688,low,2.4789600841075137,0.17240876659051457,False,1.083694978301302,London,10,Friday,0.9955751084529042,15.627121591332525,1.085804567452221,2024-02,96,0.4076054664289511,0.5145573380867434,0.5692216280452096,0.5145573380867434,0.5692216280452096,7.140819964349424,4.7635175282234625,7.140819964349424,10.0,0.5692216280452096,win,loss,loss,loss,loss,loss,loss,loss,2024,False
short,930,28828,28829,28830,28831,2024-02-16 13:15:00+00:00,2024-02-16 13:30:00+00:00,2024-02-16 13:45:00+00:00,2024-02-16 14:00:00+00:00,2008.046,2005.527,2.5190000000000055,2.3497311371025895,16.552451238798103,5,12,1,10.816785337769582,0.7036909279061617,0.7118834080717384,6.637827221763382,2.8566073102155576,False,stalls,2001.458,2001.501,2006.666,5.164999999999964,2.414297695617693,0.199,0.03852855759922583,0.3166164100936303,neutral,69.98420221169036,mid,-1.3219430542857706,-0.29314406862130504,True,1.9475164011246486,Overlap,13,Friday,3.161257563497073,5.275462496174563,2.139338495569623,2024-02,96,1.2046466602129766,0.3564375605034143,1.2046466602129766,1.8453049370764794,1.2046466602129766,2.5031945788964527,1.2046466602129766,2.6379477250726224,5.0,1.2046466602129766,win,win,loss,loss,loss,loss,loss,loss,2024,False
long,936,28952,28953,28954,28955,2024-02-20 01:00:00+00:00,2024-02-20 01:15:00+00:00,2024-02-20 01:30:00+00:00,2024-02-20 01:45:00+00:00,2016.951,2014.957,1.9939999999999145,1.872618597532773,7.6755579749591725,2,34,1,2.8023540095475883,0.944705093833791,0.9658176943699425,1.2772122831717618,1.1720569210866754,False,stalls,2017.308,2017.297,2015.429,1.8679999999999382,1.4699778278619853,0.199,0.10653104925053887,0.17395539105872362,neutral,22.838499184339316,low,0.7175048006651061,0.2740354923605341,True,1.1059399877526026,Asia,1,Tuesday,4.444558228996058,15.363943849667121,1.2707674664160464,2024-02,96,0.6937901498929829,0.3602783725910193,0.712526766595261,0.3602783725910193,1.2751605995718098,0.3602783725910193,4.205032119914496,0.3602783725910193,,7.268736616702583,win,win,win,win,win,win,win,win,2024,False
long,938,28974,28977,28978,28979,2024-02-20 06:30:00+00:00,2024-02-20 07:15:00+00:00,2024-02-20 07:30:00+00:00,2024-02-20 07:45:00+00:00,2020.268,2017.728,2.5399999999999636,2.4531117365837467,18.28940290478752,6,24,3,2.56188104502417,0.7704799711295645,0.7957416095272323,1.879575663852026,1.1175785797438882,False,stalls,2021.956,2021.941,2020.096,1.8450000000000273,1.5478321601067861,0.2,0.1084010840108385,0.08572438578919053,range,16.317767042404725,low,3.1843299685724333,0.3983682118449885,False,1.0307246376811594,Other,7,Tuesday,0.8389334201120668,20.27869863094871,1.1919897050548034,2024-02,96,0.3642276422764312,0.6531165311652626,1.740379403794019,0.6531165311652626,3.04498644986442,0.6531165311652626,4.842276422764139,0.6531165311652626,,5.587533875338654,win,win,win,win,win,win,win,win,2024,False
long,941,29044,29045,29046,29047,2024-02-21 01:00:00+00:00,2024-02-21 01:15:00+00:00,2024-02-21 01:30:00+00:00,2024-02-21 01:45:00+00:00,2024.696,2022.867,1.8289999999999509,1.8404048649417244,5.498094719651606,2,38,1,1.5355154860037463,0.770642201835047,0.8519003931848564,0.5745605127840407,0.9778554778554779,False,continues,2025.893,2025.899,2023.967,1.931999999999789,1.874607194584905,0.199,0.10300207039338599,0.21821114005706674,neutral,5.872756933115824,low,1.691513907419824,0.3555660036384647,True,0.8167354154390101,Asia,1,Wednesday,4.834002610467372,10.611130579701145,1.0306159101387597,2024-02,96,1.3716356107662424,0.3178053830227083,2.236542443064499,0.3178053830227083,3.040372670807798,0.3178053830227083,3.287267080745759,0.3178053830227083,57.0,3.287267080745759,win,win,win,win,win,win,loss,loss,2024,False
short,942,29062,29069,29070,29071,2024-02-21 05:30:00+00:00,2024-02-21 07:15:00+00:00,2024-02-21 07:30:00+00:00,2024-02-21 07:45:00+00:00,2031.773,2029.399,2.3740000000000236,2.1151373841944747,14.824797843665769,2,5,7,1.5907053731200578,0.9480949751518194,0.9574820541137484,0.5718107111545819,0.8943952802359882,False,stalls,2028.89,2028.903,2030.482,1.5789999999999509,1.3596306645048624,0.2,0.12666244458518444,0.23687355589195863,neutral,15.351583467525495,low,0.6997442103700698,0.18925678080870303,True,1.0910179640718562,Other,7,Wednesday,1.7092253762141227,11.997298320802297,1.1613447984236045,2024-02,96,1.6922102596580801,0.30018999366684446,1.8765041165294856,0.30018999366684446,1.8765041165294856,0.7435085497150188,1.8765041165294856,1.6675110829639772,21.0,1.8765041165294856,win,win,win,loss,loss,loss,loss,loss,2024,False
short,949,29245,29246,29247,29248,2024-02-23 05:15:00+00:00,2024-02-23 05:30:00+00:00,2024-02-23 05:45:00+00:00,2024-02-23 06:00:00+00:00,2026.438,2025.0,1.4380000000001019,1.401604787979447,1.5102481121898599,5,18,1,2.8636403804474733,0.8464942137508488,0.8464942137508488,2.236914456476151,1.3388804841149773,False,continues,2022.418,2022.374,2025.192,2.8179999999999836,2.470841790424536,0.199,0.07061745919091596,0.21695540583894057,neutral,14.493534482758621,low,-2.512785646767152,-0.22516845615643963,True,1.2430398796087283,Asia,5,Friday,10.88555742658668,2.517312555113043,1.1405019985175981,2024-02,96,1.4996451383960743,0.10078069552870113,1.4996451383960743,0.10078069552870113,2.268630234208682,0.10078069552870113,2.268630234208682,2.4254790631653926,25.0,2.268630234208682,win,win,win,win,loss,loss,loss,loss,2024,False
long,952,29395,29396,29397,29398,2024-02-26 19:45:00+00:00,2024-02-26 20:00:00+00:00,2024-02-26 20:15:00+00:00,2024-02-26 20:30:00+00:00,2030.139,2028.139,2.0,1.2667852271620426,8.002092050209205,1,24,1,1.5505451180462548,0.8676470588235867,0.8676470588235867,1.0305297822964357,1.122071516646116,False,continues,2032.86,2032.894,2029.642,3.2519999999999527,1.965250754334556,0.2,0.061500615006150956,0.1709131905298796,neutral,54.70219435736677,mid,0.9449365830301356,-0.019914049290753418,True,1.0468557336621456,New York,20,Monday,5.127056395994746,10.20032825412462,1.6547506687517322,2024-02,96,0.2361623616236286,0.475399753997562,0.2361623616236286,0.7776752767527777,0.2361623616236286,0.7776752767527777,0.5092250922509143,0.7776752767527777,89.0,2.022447724477274,win,win,win,win,loss,loss,loss,loss,2024,False
short,957,29526,29527,29528,29529,2024-02-28 06:30:00+00:00,2024-02-28 06:45:00+00:00,2024-02-28 07:00:00+00:00,2024-02-28 07:15:00+00:00,2032.019,2029.992,2.0270000000000437,2.133651818680969,9.628832705755782,9,17,1,2.1673355178411224,0.6542010684799551,0.6580864497328988,0.6957789107785962,1.1961509992598076,False,continues,2028.677,2028.695,2030.686,1.9909999999999854,1.9621342287197174,0.199,0.09994977398292389,0.37030594495037544,trend,6.018269747447609,low,-2.191379043838529,-0.15028699728773035,False,1.0011614401858304,Other,7,Wednesday,10.63750721486739,0.0,1.0147114151813674,2024-02,96,0.5580110497236989,0.3229532898041355,1.626820693119064,0.3229532898041355,2.1190356604720515,0.3229532898041355,2.1190356604720515,4.634354595680641,23.0,2.1190356604720515,win,win,win,win,loss,loss,loss,loss,2024,False
long,958,29597,29598,29599,29600,2024-02-29 01:15:00+00:00,2024-02-29 01:30:00+00:00,2024-02-29 01:45:00+00:00,2024-02-29 02:00:00+00:00,2035.512,2033.935,1.5769999999999982,1.4059132514708026,2.50272034820457,3,46,1,1.69030534228826,0.6909282700421806,0.824894514767872,0.5670011591219946,1.12,False,wick_inside,2036.378,2036.395,2034.584,1.8109999999999218,1.5436242046146567,0.2,0.1104362230811754,0.11111111111111455,range,21.684782608695652,low,1.1408265704615255,0.27068279265996537,True,1.0293333333333334,Asia,1,Thursday,1.3160440485506801,10.144790327622392,1.1732130103855243,2024-02,96,0.35394809497520935,0.5229155162893042,0.35394809497520935,0.6703478741027025,0.35394809497520935,1.1154058531198614,0.7973495306460643,1.3390392048592266,13.0,0.35394809497520935,loss,loss,loss,loss,loss,loss,loss,loss,2024,False
short,966,30353,30354,30355,30356,2024-03-12 05:15:00+00:00,2024-03-12 05:30:00+00:00,2024-03-12 05:45:00+00:00,2024-03-12 06:00:00+00:00,2179.157,2177.12,2.037000000000262,1.4189729875749304,7.265877287405813,3,28,1,3.072003375162041,0.7496598639455347,0.9061224489795497,1.772148885807547,1.167899829254411,False,stalls,2176.153,2176.104,2178.572,2.468000000000302,1.4577007005758085,0.199,0.08063209076174055,0.09181334800146534,range,51.075268817204304,mid,-2.310377450917639,-0.34310976594774895,False,1.3488901536710303,Asia,5,Tuesday,7.595045911143671,0.8977735270968117,1.6930773230920544,2024-03,96,1.0384927066447867,0.41369529983795,1.0384927066447867,0.49837925445699666,1.0384927066447867,1.192868719610859,8.09967585089033,2.381280388978804,12.0,1.0384927066447867,win,win,loss,loss,loss,loss,loss,loss,2024,False
long,974,30629,30630,30631,30632,2024-03-15 05:15:00+00:00,2024-03-15 05:30:00+00:00,2024-03-15 05:45:00+00:00,2024-03-15 06:00:00+00:00,2165.512,2163.475,2.037000000000262,1.6310124849335559,5.974165769644779,1,16,1,2.7231583020416252,0.8291678917965067,0.8406351073214144,1.0473069859071207,1.4060052219321149,False,continues,2169.047,2169.038,2163.961,5.0770000000002256,3.4106052025359013,0.199,0.03919637581248595,0.1502850790690899,neutral,35.537634408602145,mid,3.7655387271136136,0.37579311354499245,False,1.6383812010443863,Asia,5,Friday,5.323150605651606,11.015777843447252,1.4885921115188891,2024-03,96,0.21902698443963572,0.3744337207011533,0.21902698443963572,0.4717352767382067,0.723655702186294,0.7441402402993155,0.723655702186294,2.4819775457946727,24.0,0.723655702186294,win,loss,loss,loss,loss,loss,loss,loss,2024,False
short,975,30702,30704,30705,30706,2024-03-18 00:30:00+00:00,2024-03-18 01:00:00+00:00,2024-03-18 01:15:00+00:00,2024-03-18 01:30:00+00:00,2156.756,2153.813,2.9429999999997563,1.7289183176000489,18.107667210440457,3,37,2,2.222150594097498,0.9182373241306159,0.9182373241306159,0.4259072813747637,1.5125448028673836,False,continues,2151.551,2151.543,2156.55,5.007000000000062,2.5681923437439313,0.2,0.03994407829039296,0.18340762639444813,neutral,59.71769815418024,mid,-1.6172523864423318,-0.2156822846055165,True,1.4910394265232976,Asia,1,Monday,10.853908165760895,-1.8162510663466302,1.94962032816468,2024-03,96,0.03854603555027134,0.3768723786698009,1.1014579588576512,0.3768723786698009,1.1014579588576512,0.3768723786698009,1.1014579588576512,0.8627920910724297,36.0,1.1014579588576512,win,win,loss,loss,loss,loss,loss,loss,2024,False
short,983,30902,30903,30904,30905,2024-03-20 04:30:00+00:00,2024-03-20 04:45:00+00:00,2024-03-20 05:00:00+00:00,2024-03-20 05:15:00+00:00,2160.176,2158.186,1.9899999999997817,1.6808882311335496,3.858520900321544,7,16,1,1.6817328985865527,0.8759417378202685,0.9829231541938193,1.1166503726427095,1.1518987341772151,False,stalls,2157.302,2157.333,2158.821,1.487999999999829,1.2146142503689474,0.2,0.13440860215055309,0.03899257614654244,range,14.293361884368307,low,-0.6698803523301915,-0.015796515751695626,True,0.9066171923314781,Asia,5,Wednesday,4.517254880068617,8.281906037799047,1.2250803080466401,2024-03,96,0.563844086021531,0.5786290322580478,0.6740591397851288,0.7372311827956174,1.955645161290755,1.4469086021505646,5.230510752688707,1.4469086021505646,8.0,0.6740591397851288,win,loss,loss,loss,loss,loss,loss,loss,2024,False
short,984,30913,30916,30917,30918,2024-03-20 07:15:00+00:00,2024-03-20 08:00:00+00:00,2024-03-20 08:15:00+00:00,2024-03-20 08:30:00+00:00,2159.02,2156.33,2.6900000000000546,2.147966599257694,13.585508790623335,6,13,3,2.76085571292476,0.8962575674188357,0.9312052834342325,1.0339913663429394,0.9608102157639806,False,wick_inside,2156.296,2156.235,2158.353,2.117999999999938,1.3637147622613865,0.199,0.09395656279509246,0.1545328162727755,neutral,33.811802232854866,mid,-0.9763959849937488,-0.0846645117917724,False,0.8542492294143549,London,8,Wednesday,4.210903940127327,5.884963610514289,1.55311070805434,2024-03,96,0.8503305004721358,0.2865911237015999,1.8597733711050144,0.2865911237015999,1.8748819641171481,0.2865911237015999,3.1562795089707936,4.057129367327714,21.0,3.1562795089707936,win,win,win,win,win,win,loss,loss,2024,False
long,989,31114,31116,31117,31118,2024-03-22 11:30:00+00:00,2024-03-22 12:00:00+00:00,2024-03-22 12:15:00+00:00,2024-03-22 12:30:00+00:00,2168.631,2165.444,3.186999999999898,1.3517833982730094,19.58817317845829,1,21,2,2.4709108667758035,0.9188139781150618,0.9689375220614296,1.1486726479152545,1.0263391535957385,False,continues,2172.782,2172.818,2165.775,7.04300000000012,2.68100091990243,0.199,0.028255004969472756,0.2681496461071784,neutral,73.1681602530311,high,0.07549438410366074,-0.12668742997143567,True,1.3406333234684817,Overlap,12,Friday,15.143106289171746,2.468972308176594,2.6270039475616582,2024-03,96,0.48260684367454626,0.13999716030105272,1.028255004969418,0.13999716030105272,1.028255004969418,1.0958398409768806,1.028255004969418,2.2486156467414053,13.0,1.028255004969418,win,win,loss,loss,loss,loss,loss,loss,2024,False
short,992,31255,31258,31259,31260,2024-03-26 00:45:00+00:00,2024-03-26 01:30:00+00:00,2024-03-26 01:45:00+00:00,2024-03-26 02:00:00+00:00,2174.403,2171.226,3.17699999999968,2.3166164305979886,18.962722852512158,5,44,3,1.8670521542311354,0.6591129815474576,0.7766267400453002,1.1224072031101422,0.8913119943721421,False,stalls,2169.428,2169.471,2171.768,2.2970000000000255,1.2858421096659858,0.199,0.08663474096647705,0.11070842450766989,range,36.38814016172507,mid,-1.3804684791609625,-0.47980602300490505,True,1.1143158635244461,Asia,1,Tuesday,6.623458355057991,3.366028996700646,1.7863779563081046,2024-03,96,0.10970831519370915,0.9164127122333456,0.10970831519370915,1.2816717457553015,0.10970831519370915,1.6843709185895077,0.10970831519370915,11.203308663473939,6.0,0.10970831519370915,loss,loss,loss,loss,loss,loss,loss,loss,2024,False
short,1000,31850,31851,31852,31853,2024-04-04 11:30:00+00:00,2024-04-04 11:45:00+00:00,2024-04-04 12:00:00+00:00,2024-04-04 12:15:00+00:00,2295.18,2291.539,3.6409999999996217,1.649810136417542,16.367476240760297,1,49,1,1.9692597783222707,0.7300966405890995,0.8828808099401716,1.0322074954023508,1.1046054980364155,False,continues,2285.071,2285.057,2293.098,8.041000000000167,3.087835245597948,0.199,0.024748165651037914,0.13969108206029418,range,53.744725738396625,mid,-4.326399593862877,-0.2881809395869407,False,1.1236594440796672,Overlap,12,Thursday,6.188342865664795,7.574239818949352,2.6040897134856875,2024-04,96,0.2928740206441381,0.5019276209426656,0.2928740206441381,1.1126725531650206,0.2928740206441381,1.780499937818643,0.6516602412634838,2.546946897152045,7.0,0.2928740206441381,loss,loss,loss,loss,loss,loss,loss,loss,2024,False
long,1005,32267,32268,32269,32270,2024-04-11 00:45:00+00:00,2024-04-11 01:00:00+00:00,2024-04-11 01:15:00+00:00,2024-04-11 01:30:00+00:00,2337.205,2333.319,3.8859999999999673,1.2902084512495968,17.01782820097245,5,28,1,1.8416845803092143,0.6172705967189404,0.8139534883720664,0.4455634950018271,0.8618149146451033,False,continues,2340.727,2340.761,2334.032,6.7289999999998145,2.1164218740921155,0.199,0.029573487888245726,0.2194059513762209,neutral,63.84241770102537,mid,1.461676499301161,0.3032217891885537,False,0.6612758310871518,Asia,1,Thursday,6.086639338301742,6.7660079291826785,3.179422818471087,2024-04,96,0.22157824342398968,0.3159459057809195,0.9152920196166259,0.3159459057809195,0.9152920196166259,0.3159459057809195,0.9152920196166259,2.254123941150325,19.0,0.9152920196166259,win,loss,loss,loss,loss,loss,loss,loss,2024,False
long,1012,32764,32765,32766,32767,2024-04-18 10:00:00+00:00,2024-04-18 10:15:00+00:00,2024-04-18 10:30:00+00:00,2024-04-18 10:45:00+00:00,2380.816,2377.573,3.242999999999938,1.4038778047040128,4.343220338983051,2,50,1,2.2861173871853104,0.7278924446127794,0.8390456352963611,0.342419779069112,0.8414012738853504,True,continues,2382.783,2382.821,2377.176,5.644999999999982,2.2282591583728957,0.199,0.035252435783879654,0.04768096532175135,range,21.11111111111111,low,3.418585429180804,0.1981019647424789,False,0.7980327868852459,London,10,Thursday,5.051773376236833,11.140506328920875,2.5333677991576327,2024-04,96,0.4497785651018995,0.6924712134632627,0.8341895482728614,0.6924712134632627,1.7684676705049083,2.3636846767050295,1.7684676705049083,2.3636846767050295,11.0,1.7684676705049083,win,win,win,loss,loss,loss,loss,loss,2024,False
short,1013,32815,32816,32817,32818,2024-04-18 23:45:00+00:00,2024-04-19 00:00:00+00:00,2024-04-19 00:15:00+00:00,2024-04-19 00:30:00+00:00,2381.468,2378.021,3.4469999999996617,1.3777511331524355,4.168922577152139,1,15,1,1.6887144002234151,0.9699408284023806,0.9699408284023806,0.9001147524978679,0.956338028169014,False,continues,2375.005,2375.036,2379.867,4.831000000000131,1.8434384998193145,0.2,0.041399296211963275,0.1386062661498729,range,20.930232558139537,low,-1.2870729082942614,-0.4928109085375081,False,1.026056338028169,Asia,0,Friday,6.791836443445053,4.39853355152489,2.6206461460328856,2024-04,96,0.06665286690128497,4.631753260194399,0.06665286690128497,8.871455185261553,0.06665286690128497,8.871455185261553,0.06665286690128497,8.871455185261553,2.0,0.06665286690128497,loss,loss,loss,loss,loss,loss,loss,loss,2024,False
short,1018,33005,33006,33007,33008,2024-04-23 01:15:00+00:00,2024-04-23 01:30:00+00:00,2024-04-23 01:45:00+00:00,2024-04-23 02:00:00+00:00,2334.376,2329.655,4.721000000000004,1.5025057774700354,10.145709660010793,1,1,1,7.907489630802897,0.9691700877404783,0.9859534733961136,7.654154617274856,4.238061297220242,False,continues,2298.946,2298.976,2330.102,31.12599999999975,5.686914573709429,0.199,0.0063933688877466305,0.47054679594738713,trend,86.90026954177897,high,-3.439813188070114,-2.45279546825196,True,4.890801993656547,Asia,1,Tuesday,16.379432134501062,-4.678010690267266,5.473266671508493,2024-04,96,0.022007325065859763,0.4911970699736517,0.022007325065859763,0.4911970699736517,0.022007325065859763,0.5072608108976382,0.2455824712459132,0.5072608108976382,47.0,0.2455824712459132,loss,loss,loss,loss,loss,loss,loss,loss,2024,False
short,1021,33115,33120,33121,33122,2024-04-24 05:45:00+00:00,2024-04-24 07:00:00+00:00,2024-04-24 07:15:00+00:00,2024-04-24 07:30:00+00:00,2330.075,2324.419,5.655999999999949,2.066121544310791,16.034206306787812,2,65,5,1.6332018688324967,0.6754140675413958,0.6754140675413958,0.2648815248654717,0.9005510364733665,False,continues,2322.007,2322.082,2326.805,4.722999999999956,1.6080953943379845,0.2,0.04234596654668682,0.3652663754435701,trend,24.77357485348961,low,-0.5302530544862555,0.06325447282392957,True,0.8244555234846497,London,7,Wednesday,4.211418999061389,10.444278259859924,2.937014816800906,2024-04,96,1.2221045945373676,0.4190133389795231,2.089561719246195,0.4190133389795231,2.196908744442059,0.4190133389795231,2.196908744442059,3.233538005504992,28.0,2.196908744442059,win,win,win,win,loss,loss,loss,loss,2024,False
short,1024,33195,33196,33197,33198,2024-04-25 02:45:00+00:00,2024-04-25 03:00:00+00:00,2024-04-25 03:15:00+00:00,2024-04-25 03:30:00+00:00,2322.041,2315.988,6.053000000000338,2.567834184175788,17.859064012910167,13,35,1,6.723118478575169,0.8258455325592993,0.8780918727915037,3.9122033448648863,1.8315132605304212,False,stalls,2310.096,2310.063,2320.682,10.618999999999687,3.1317062002694063,0.2,0.018834165175629147,0.15025733013696582,neutral,38.63514239656099,mid,-1.7874749584990277,-0.5193851364184825,True,1.7891832229580573,Asia,3,Thursday,8.03880286344716,-0.47481372845223574,3.3908033898857384,2024-04,96,0.1370185516526952,0.4468405687917912,0.1370185516526952,0.7620303230059645,0.1370185516526952,1.2740371033054332,0.1370185516526952,1.9057350032960425,9.0,0.1370185516526952,loss,loss,loss,loss,loss,loss,loss,loss,2024,False
long,1029,33282,33284,33285,33286,2024-04-26 01:30:00+00:00,2024-04-26 02:00:00+00:00,2024-04-26 02:15:00+00:00,2024-04-26 02:30:00+00:00,2332.222,2326.218,6.00400000000036,2.566183094225182,16.50485436893204,8,4,2,1.7957411455603465,0.6835024781685464,0.9126740618362322,1.1633961398543455,0.8070175438596491,False,stalls,2334.604,2334.597,2331.1,3.4970000000002983,1.419914186583812,0.199,0.056905919359446104,0.27069004488359205,neutral,6.462035541195476,low,1.447771959345935,0.34997587138809283,True,0.6877596676254394,Asia,2,Friday,4.169196130352124,12.087745305861153,2.4628248897306753,2024-04,96,0.2150414641120642,0.8981984558192189,1.0683442951099678,0.8981984558192189,1.8770374606803806,0.8981984558192189,5.135258793250814,0.8981984558192189,49.0,5.135258793250814,win,win,win,win,win,win,win,win,2024,False
short,1034,33371,33372,33373,33374,2024-04-29 00:45:00+00:00,2024-04-29 01:00:00+00:00,2024-04-29 01:15:00+00:00,2024-04-29 01:30:00+00:00,2336.829,2330.584,6.245000000000346,2.6585077733351365,18.31442463533225,5,38,1,3.3596386464626535,0.6891789153573202,0.6891789153573202,1.704084326126368,1.9382171226831422,False,stalls,2329.074,2329.125,2332.02,2.894999999999982,0.9452832809225294,0.199,0.06873920552677074,0.04672388452395677,range,25.526173772261195,low,-0.9431486198416873,-1.0521630222345684,False,1.5481023830538394,Asia,1,Monday,7.667080041223431,0.9325488947547395,3.0625740012820994,2024-04,96,3.2203799654576595,0.8265975820380118,3.2203799654576595,0.8265975820380118,3.2203799654576595,2.548186528497409,3.2203799654576595,4.192746113989636,11.0,3.2203799654576595,win,win,win,win,win,win,loss,loss,2024,False
long,1035,33397,33398,33399,33400,2024-04-29 07:15:00+00:00,2024-04-29 07:30:00+00:00,2024-04-29 07:45:00+00:00,2024-04-29 08:00:00+00:00,2333.877,2327.461,6.416000000000167,2.112065571302976,19.17954182205647,1,23,1,1.5889869876371066,0.6123886471928719,0.6123886471928719,0.7100569571852748,1.9096313912009513,False,continues,2337.312,2337.241,2333.078,4.163000000000011,1.3305316984354099,0.2,0.048042277203939346,0.33614021018161105,neutral,27.142096860031934,low,2.1259425169919446,0.17350684162528596,False,0.8590963139120095,London,7,Monday,4.871797905176751,3.5457407308293214,3.1288243676534266,2024-04,96,0.9661301945712044,0.2615901993754357,1.7064616862838808,0.2615901993754357,1.7064616862838808,0.4475138121546539,1.7064616862838808,2.7994234926735446,18.0,1.7064616862838808,win,win,win,loss,loss,loss,loss,loss,2024,False
short,1037,33467,33468,33469,33470,2024-04-30 01:45:00+00:00,2024-04-30 02:00:00+00:00,2024-04-30 02:15:00+00:00,2024-04-30 02:30:00+00:00,2336.113,2331.678,4.434999999999945,1.8783424982450765,5.876010781671159,9,36,1,2.05749444339891,0.8999588307945854,0.9857966241251618,0.8597599259159129,1.0562706877528503,False,wick_inside,2330.588,2330.538,2334.437,3.8989999999998872,1.5355513966645078,0.2,0.05129520389843698,0.028151042705047737,range,7.592891760904685,low,-1.1852636555921028,-0.10818583828360477,False,0.8186833394630378,Asia,2,Tuesday,6.348967444377711,4.247873137836356,2.5391530420077193,2024-04,96,0.9525519363939597,0.2849448576557857,1.141831238779265,0.2849448576557857,2.951013080277043,0.2849448576557857,5.099512695563064,0.2849448576557857,,11.72993075147511,win,win,win,win,win,win,win,win,2024,False
long,1045,33590,33591,33592,33593,2024-05-01 09:30:00+00:00,2024-05-01 09:45:00+00:00,2024-05-01 10:00:00+00:00,2024-05-01 10:15:00+00:00,2289.848,2283.523,6.324999999999818,2.619611401430815,19.936373276776244,11,9,1,1.5431892619338803,0.6390230810520091,0.6760601180890236,0.8465590046678888,0.9944,False,wick_inside,2291.505,2291.473,2289.373,2.099999999999909,0.8287740645041782,0.2,0.09523809523809937,0.23158686551544105,neutral,9.004237288135593,low,1.553862626188176,0.09398576696994818,True,1.081032947462155,London,10,Wednesday,17.616184722511605,2.567620982697465,2.5338630755249967,2024-05,96,1.364761904761957,0.6466666666667779,3.1261904761906374,0.6466666666667779,9.024761904762403,0.6466666666667779,9.038571428571926,0.6466666666667779,,17.53380952381024,win,win,win,win,win,win,win,win,2024,False
long,1049,33753,33754,33755,33756,2024-05-03 04:15:00+00:00,2024-05-03 04:30:00+00:00,2024-05-03 04:45:00+00:00,2024-05-03 05:00:00+00:00,2303.786,2300.221,3.5650000000000546,1.8036652264258106,2.1983914209115283,6,53,1,2.1573151544122755,0.8714821763601751,0.8935272045027756,1.160619363091307,1.1466227347611202,False,continues,2307.37,2307.422,2302.27,5.152000000000044,2.381721309158608,0.199,0.0386257763975152,0.1923070353732915,neutral,0.3749330476700589,low,2.045700597659745,0.12543526549984677,True,0.9555189456342669,Asia,4,Friday,8.840383655869523,10.160223395319797,2.1631414138122205,2024-05,96,0.26416925465835883,0.31851708074535373,0.26416925465835883,1.7750388198757578,0.26416925465835883,1.8833462732919046,2.5795807453415858,2.4889363354036793,5.0,0.26416925465835883,loss,loss,loss,loss,loss,loss,loss,loss,2024,False
long,1052,33856,33857,33858,33859,2024-05-06 07:00:00+00:00,2024-05-06 07:15:00+00:00,2024-05-06 07:30:00+00:00,2024-05-06 07:45:00+00:00,2314.785,2310.407,4.377999999999702,1.6203367067003018,5.970149253731343,12,25,1,1.696949246281738,0.6988004362049505,0.9070883315158282,0.6362171765230907,1.2025701724721,False,continues,2323.111,2323.103,2312.345,10.758000000000266,3.364474647312405,0.199,0.01849786205614381,0.17416438356164304,neutral,33.75931842385517,mid,4.913469797048601,0.35074471337253404,False,1.3439296584376057,London,7,Monday,-0.7502672131345864,14.397687240966418,3.197527438226923,2024-05,96,0.08319390221230337,0.5397843465328221,0.08319390221230337,0.6990146867447291,0.08319390221230337,0.6990146867447291,0.8354712771890321,0.7964305633017289,93.0,0.8354712771890321,win,loss,loss,loss,loss,loss,loss,loss,2024,False
short,1057,33951,33952,33953,33954,2024-05-07 07:45:00+00:00,2024-05-07 08:00:00+00:00,2024-05-07 08:15:00+00:00,2024-05-07 08:30:00+00:00,2322.0,2317.68,4.320000000000164,1.7405979128773597,6.01383714741884,18,1,1,3.3047185373655474,0.6297244574494157,0.7047061692270065,1.4581536682181437,1.0561959654178674,False,stalls,2315.486,2315.523,2319.841,4.317999999999756,1.4879653165436622,0.2,0.04631773969430553,0.0004411292909836138,range,27.11323763955343,low,-2.4679295799131724,-0.25792729574224293,False,1.3342939481268012,London,8,Tuesday,5.722015766838567,8.173471362459747,2.9019493613129868,2024-05,96,0.2352941176470898,0.39092172301985695,0.7758221398797019,0.39092172301985695,1.2987494210283677,0.39092172301985695,1.2987494210283677,1.8987957387680714,18.0,1.2987494210283677,win,win,loss,loss,loss,loss,loss,loss,2024,False
long,1068,34181,34182,34183,34184,2024-05-09 19:15:00+00:00,2024-05-09 19:30:00+00:00,2024-05-09 19:45:00+00:00,2024-05-09 20:00:00+00:00,2337.871,2332.109,5.762000000000171,1.7438019359643027,17.506493506493506,1,22,1,1.6254703571787845,0.6479240364922653,0.7002420405883264,0.9230468421885611,1.5133819951338199,False,continues,2343.75,2343.697,2337.16,6.537000000000262,1.8742293793535505,0.2,0.030595074193053694,0.4568917638603038,trend,49.50700570835495,mid,6.531539076646646,0.24782402683178542,False,1.978588807785888,New York,19,Thursday,-6.426338887689949,11.516031398365001,3.487833491466754,2024-05,96,0.5338840446687535,0.08903166590183745,0.5542297690071749,0.08903166590183745,0.8201009637447852,0.08903166590183745,1.8536025699861174,0.08903166590183745,,5.320330426801071,win,win,win,win,win,win,win,win,2024,False
short,1074,34291,34292,34293,34294,2024-05-13 00:45:00+00:00,2024-05-13 01:00:00+00:00,2024-05-13 01:15:00+00:00,2024-05-13 01:30:00+00:00,2364.489,2359.738,4.751000000000204,2.290835179284859,9.7784981091302,5,37,1,2.583036004089328,0.8357289527721375,0.8635430278141177,0.11283002145915785,1.284154617881381,False,wick_inside,2356.52,2356.479,2364.13,7.651000000000295,3.0984231931010897,0.199,0.026009671938307718,0.15572467888436684,neutral,15.21856449001619,low,-1.801131377589795,-0.17675786054421794,True,1.1625848332841546,Asia,1,Monday,8.89151478600514,4.699673396410511,2.469320529563526,2024-05,96,0.2223238792314673,0.42987844726180735,0.2223238792314673,0.44033459678473563,0.5946935041170504,0.44033459678473563,2.0609070709710395,0.44033459678473563,,3.195660697947834,win,win,win,win,win,win,none,none,2024,False
short,1078,34381,34382,34383,34384,2024-05-14 00:15:00+00:00,2024-05-14 00:30:00+00:00,2024-05-14 00:45:00+00:00,2024-05-14 01:00:00+00:00,2339.61,2337.214,2.3960000000001855,1.4951862024523894,0.3785830178474851,3,34,1,2.155414500530225,0.9047481181238676,0.9649681528662165,1.2742780573486718,0.9477124183006536,False,stalls,2336.401,2336.348,2338.505,2.157000000000153,1.223063470649849,0.199,0.09225776541492162,0.4722126416959794,trend,1.0264721772015126,low,-0.6691508808187177,-0.17256862457070024,True,1.0461880912632164,Asia,0,Tuesday,15.926475087441245,2.4790141370795413,1.763604303261609,2024-05,96,0.0,2.6536856745478694,0.0,3.743625405655654,0.0,3.9471488178022813,0.12331942512751858,4.439499304589404,0.0,0.0,loss,loss,loss,loss,loss,loss,loss,loss,2024,False
long,1080,34414,34415,34416,34417,2024-05-14 08:30:00+00:00,2024-05-14 08:45:00+00:00,2024-05-14 09:00:00+00:00,2024-05-14 09:15:00+00:00,2341.197,2336.082,5.1150000000002365,2.2167650624727577,15.037194473963869,2,1,1,1.6221606312484889,0.7317659631311101,0.9441624365481525,1.103398601965784,0.8182456140350877,False,continues,2347.076,2347.045,2340.209,6.83600000000024,2.724090889183611,0.199,0.029110590988881368,0.017517003083515763,range,21.072186836518046,low,2.532277722177533,0.06159906798781655,True,1.214225232853514,London,9,Tuesday,6.938940118980776,5.996108193321303,2.509461056216423,2024-05,96,0.1696898771210962,0.35371562317145044,0.1696898771210962,0.6474546518431503,0.8017846693972461,1.5348156816851697,1.4662083089525726,1.5348156816851697,13.0,0.18943826799298233,loss,loss,loss,loss,loss,loss,loss,loss,2024,False
long,1083,34499,34500,34501,34502,2024-05-15 06:45:00+00:00,2024-05-15 07:00:00+00:00,2024-05-15 07:15:00+00:00,2024-05-15 07:30:00+00:00,2359.679,2355.649,4.0300000000002,2.2900341301994533,8.533333333333333,29,65,1,2.38549957284803,0.7651262505954607,0.8356360171510239,1.2785550354710955,1.1248610596517228,False,continues,2363.172,2363.215,2358.421,4.794000000000324,2.502327244680537,0.199,0.04151022110971768,0.29847009735745594,neutral,4.208843899840171,low,2.7490483733398943,0.20508726932772745,False,0.989996294924046,London,7,Wednesday,-1.8686548886014882,14.843801039678882,1.9158165704311614,2024-05,96,1.1948268669169124,0.37129745515229035,2.3149770546514823,0.37129745515229035,2.3149770546514823,0.37129745515229035,4.695244055068522,2.3919482686690285,19.0,2.3149770546514823,win,win,win,win,loss,loss,loss,loss,2024,False
long,1095,34939,34940,34941,34942,2024-05-22 01:45:00+00:00,2024-05-22 02:00:00+00:00,2024-05-22 02:15:00+00:00,2024-05-22 02:30:00+00:00,2423.359,2419.281,4.0779999999999745,1.976870977859104,10.134770889487871,9,1,1,2.2250705709594736,0.7540305010893287,0.7540305010893287,0.995706961383717,1.0630477806050325,False,stalls,2424.142,2424.094,2421.952,2.1419999999998254,0.9549044458045791,0.199,0.09290382819795343,0.17764515589268243,neutral,13.301023155627355,low,0.9342587482586941,0.15454183433610502,True,0.5255279337075648,Asia,2,Wednesday,4.3626026641664,8.071216149063181,2.24315638010778,2024-05,96,0.26097105508860285,3.841269841270185,0.26097105508860285,5.519607843137642,0.26097105508860285,5.926704014939869,0.26097105508860285,6.307189542484276,0.0,0.26097105508860285,loss,loss,loss,loss,loss,loss,loss,loss,2024,False
short,1099,35027,35028,35029,35030,2024-05-23 00:45:00+00:00,2024-05-23 01:00:00+00:00,2024-05-23 01:15:00+00:00,2024-05-23 01:30:00+00:00,2383.687,2378.842,4.8449999999998,1.911828159109417,16.099405726634252,5,23,1,2.7681061994125367,0.6882394868139343,0.9066286528866473,1.3230876816293633,1.47693817468106,False,continues,2371.298,2371.247,2381.849,10.602000000000317,3.2299517601855077,0.199,0.018770043388039434,0.4980505245192596,trend,59.740960604425254,mid,-2.2277216325621,-0.8351975577793889,False,1.8822374877330716,Asia,1,Thursday,16.83035795507294,-1.1080300463869923,3.2824019636105666,2024-05,96,0.4241652518392482,0.41907187323147316,0.4241652518392482,0.41907187323147316,0.4241652518392482,0.41907187323147316,1.5387662705149372,0.41907187323147316,,4.311167704206613,win,win,win,win,win,win,win,win,2024,False
short,1100,35045,35046,35047,35048,2024-05-23 05:15:00+00:00,2024-05-23 05:30:00+00:00,2024-05-23 05:45:00+00:00,2024-05-23 06:00:00+00:00,2373.988,2369.401,4.586999999999989,1.6252291599747233,13.269127875869449,1,18,1,2.3926689595179527,0.6687398193395937,0.7248630238412851,1.011560769942855,2.079905063291139,False,continues,2360.013,2360.045,2371.441,11.39599999999973,3.2014000959286744,0.199,0.017462267462267877,0.5837313041196611,trend,66.59540352752539,mid,-3.6040228408442605,-0.40861054289505155,False,3.055379746835443,Asia,5,Thursday,18.68953553720988,-4.191935085244725,3.559692527807567,2024-05,96,0.4485784485784662,0.6303966303966226,0.4485784485784662,0.6303966303966226,0.4485784485784662,0.6303966303966226,0.8278343278343646,0.8613548613548645,,3.044401544401613,win,win,win,win,win,win,none,none,2024,False
long,1107,35256,35257,35258,35259,2024-05-27 12:00:00+00:00,2024-05-27 12:15:00+00:00,2024-05-27 12:30:00+00:00,2024-05-27 12:45:00+00:00,2346.006,2343.162,2.844000000000051,1.363086691892206,2.5316455696202533,9,17,1,2.491323707614408,0.7772220084648073,0.8264717198922533,1.4047844915386916,1.1024327784891166,False,stalls,2347.898,2347.868,2344.641,3.2269999999998618,1.4099162448063778,0.2,0.061977068484663334,0.1442351168048267,range,14.69968387776607,low,2.4950445332390094,0.22089764135361384,False,0.6094750320102432,Overlap,12,Monday,-0.22413605007300585,9.851063393756057,2.2887884382401893,2024-05,96,1.6132630926558271,1.0068174775332928,3.290362565850757,1.0068174775332928,3.290362565850757,1.0068174775332928,3.290362565850757,1.0068174775332928,1.0,0.29036256585061615,loss,loss,loss,loss,loss,loss,loss,loss,2024,False
long,1109,35290,35291,35292,35293,2024-05-28 01:15:00+00:00,2024-05-28 01:30:00+00:00,2024-05-28 01:45:00+00:00,2024-05-28 02:00:00+00:00,2353.544,2349.143,4.40099999999984,2.1481369027211277,12.132752992383026,7,30,1,2.037337748683996,0.7510781025395866,0.784139913751834,0.4431966161489709,0.9473421512353382,False,continues,2354.744,2354.722,2351.179,3.54300000000012,1.6056468929350114,0.199,0.05616709003669017,0.3394971543208595,neutral,13.586956521739129,low,1.0783881361800154,0.08375997118855816,True,0.8424518743667679,Asia,1,Tuesday,1.6958314065374491,10.224385986877166,2.2065872736961247,2024-05,96,0.3084956251763506,0.9040361275755915,0.3084956251763506,1.3005927180355683,0.3084956251763506,1.4501834603443975,0.3084956251763506,4.090601185436044,5.0,0.3084956251763506,loss,loss,loss,loss,loss,loss,loss,loss,2024,False
short,1110,35308,35309,35310,35311,2024-05-28 05:45:00+00:00,2024-05-28 06:00:00+00:00,2024-05-28 06:15:00+00:00,2024-05-28 06:30:00+00:00,2353.668,2349.584,4.084000000000287,2.0304312934173807,9.967672413793103,8,18,1,1.938455341095392,0.8971531161836749,0.8971531161836749,1.3493120789261177,1.2770416024653313,False,continues,2342.635,2342.643,2350.368,7.724999999999909,3.2369038491849755,0.199,0.025760517799353056,0.16987122949374142,neutral,22.38966630785791,low,-3.66792023685762,-0.40328554614065093,False,1.8970724191063175,Asia,6,Tuesday,6.641833386851851,4.379562334198381,2.3865398417518633,2024-05,96,0.17294498381880336,0.30058252427186327,0.3124919093851447,0.3033009708737702,0.3124919093851447,0.3633656957928572,0.3124919093851447,2.778770226537236,22.0,0.3124919093851447,loss,loss,loss,loss,loss,loss,loss,loss,2024,False
long,1123,35610,35611,35612,35613,2024-05-31 12:15:00+00:00,2024-05-31 12:30:00+00:00,2024-05-31 12:45:00+00:00,2024-05-31 13:00:00+00:00,2345.029,2341.777,3.2519999999999527,1.6365991549536034,4.675876726886291,13,38,1,4.655651532126796,0.9253053723921475,1.0,3.8106792131946667,2.1376912378303197,False,continues,2354.75,2354.736,2343.35,11.385999999999967,4.089933761195775,0.199,0.017477604075180096,0.007491330703864734,range,48.354564755838645,mid,3.756754500659633,0.30490300950800714,True,1.6522948539638387,Overlap,12,Friday,-1.0427786499868716,11.57724970343758,2.7839081669310555,2024-05,96,0.4352713859125369,1.0133497277358199,0.4352713859125369,1.8090637625153712,0.4352713859125369,2.375373265413657,0.4352713859125369,3.0045670121201593,3.0,0.4352713859125369,loss,loss,loss,loss,loss,loss,loss,loss,2024,False
short,1131,35770,35772,35773,35774,2024-06-04 06:15:00+00:00,2024-06-04 06:45:00+00:00,2024-06-04 07:00:00+00:00,2024-06-04 07:15:00+00:00,2351.77,2347.16,4.610000000000127,2.084448509039035,16.41550053821313,3,3,2,1.9526863081602115,0.7419206967683262,0.9454503781801883,1.1819950813319893,0.9509074680154715,False,continues,2343.657,2343.701,2348.644,4.942999999999756,2.078434708413329,0.2,0.04046125834513653,0.4006059304849762,trend,25.953788285867812,low,-1.8189249845307522,-0.10026352188460888,True,1.0909710391822829,London,7,Tuesday,4.662707360225859,12.185943007187968,2.378232032014721,2024-06,96,1.7960752579406423,0.14566053004245103,3.436779283835862,0.14566053004245103,3.436779283835862,0.14566053004245103,5.695731337244869,0.14566053004245103,,5.695731337244869,win,win,win,win,win,win,win,win,2024,False
long,1137,35932,35933,35934,35935,2024-06-06 00:45:00+00:00,2024-06-06 01:00:00+00:00,2024-06-06 01:15:00+00:00,2024-06-06 01:30:00+00:00,2357.23,2354.489,2.7409999999999854,1.6413139456087094,3.376906318082789,5,39,1,5.089809754715105,0.9242352941176196,0.9408235294117463,3.7796328437366147,1.698125,False,continues,2367.194,2367.159,2355.545,11.614000000000033,4.622463269280807,0.199,0.01713449285345268,0.4290060150722577,trend,35.310119695321,mid,3.2862444869123526,1.315721175449166,False,1.73625,Asia,1,Thursday,-3.902467053151148,16.46439108492659,2.5125132042005416,2024-06,96,0.5310831754778804,0.17719993111761553,0.6715171344928497,0.17719993111761553,0.6715171344928497,0.17719993111761553,0.6715171344928497,0.637334251765113,45.0,0.6715171344928497,win,loss,loss,loss,loss,loss,loss,loss,2024,False
short,1141,36024,36025,36026,36027,2024-06-07 00:45:00+00:00,2024-06-07 01:00:00+00:00,2024-06-07 01:15:00+00:00,2024-06-07 01:30:00+00:00,2379.245,2376.007,3.237999999999829,1.690300800457511,5.28322440087146,5,36,1,3.712606328861825,0.6511529808773631,0.8693757030371095,1.1614945278004964,1.4018977655341291,True,continues,2372.843,2372.785,2379.965,7.180000000000291,3.0059399122446866,0.199,0.027715877437324784,0.25655661832767945,neutral,25.40805223068553,low,-1.3858535323552879,-0.25008574163081226,True,1.12825221916131,Asia,1,Friday,2.3775393818436137,8.166694967709597,2.388603967348976,2024-06,96,0.4750696378829972,0.07242339832868534,0.4750696378829972,0.8311977715877521,0.4750696378829972,2.076880222841178,4.932172701949662,2.076880222841178,8.0,0.4750696378829972,loss,loss,loss,loss,loss,loss,loss,loss,2024,False
long,1146,36252,36253,36254,36255,2024-06-11 11:45:00+00:00,2024-06-11 12:00:00+00:00,2024-06-11 12:15:00+00:00,2024-06-11 12:30:00+00:00,2308.862,2305.212,3.650000000000091,1.5808292602102711,8.297872340425531,1,9,1,2.1256739750990854,0.7447025264874232,0.7587612061940169,1.0394493765766302,0.7489469250210615,False,continues,2314.449,2314.404,2307.538,6.8659999999999854,2.595187466260157,0.2,0.02912904165452963,0.11764286223870929,range,39.42614240170032,mid,3.4400856018086707,0.18166143151317538,False,0.9696714406065712,Overlap,12,Tuesday,-0.261181843749846,10.106716816243893,2.645666291651124,2024-06,96,0.8077483250800807,0.5457325953975898,0.8077483250800807,0.7547334692688319,0.8077483250800807,1.1284590736964846,0.8077483250800807,1.2548791144771343,15.0,0.8077483250800807,win,loss,loss,loss,loss,loss,loss,loss,2024,False
long,1151,36346,36347,36348,36349,2024-06-12 12:15:00+00:00,2024-06-12 12:30:00+00:00,2024-06-12 12:45:00+00:00,2024-06-12 13:00:00+00:00,2316.119,2311.563,4.55600000000004,2.2606493532015524,16.20616365568544,10,23,1,7.770858103707053,0.9298895345124862,0.9298895345124862,6.638548660334305,3.4911242603550297,False,continues,2335.921,2335.876,2314.935,20.94100000000026,6.216730860997931,0.199,0.009502889069289793,0.06763355440566027,range,65.71125265392782,mid,5.760108018117011,0.7640814496835093,True,2.103834554071521,Overlap,12,Wednesday,-4.74129261167073,11.368889979120993,3.3684906855753343,2024-06,96,0.27462871878132267,0.5214650685258554,0.27462871878132267,0.7554080511914532,0.27462871878132267,0.7554080511914532,0.27462871878132267,0.9582636932333585,44.0,0.27462871878132267,loss,loss,loss,loss,loss,loss,loss,loss,2024,False
long,1157,36502,36503,36504,36505,2024-06-14 05:15:00+00:00,2024-06-14 05:30:00+00:00,2024-06-14 05:45:00+00:00,2024-06-14 06:00:00+00:00,2307.431,2303.447,3.9839999999999236,2.128915191325749,10.733549083063647,1,17,1,2.2502163330003544,0.756589883637975,0.813583471859353,1.4486669386756423,1.4935543278084715,False,stalls,2309.88,2309.825,2306.716,3.1089999999999236,1.5007210454146438,0.199,0.06400771952396427,0.1592737039100537,neutral,12.284482758620689,low,2.149328944932686,0.26725822441766695,False,1.1887661141804788,Asia,5,Friday,8.145599112696281,6.959117179718021,2.071670820835939,2024-06,96,0.9459633322612836,0.767127693792159,2.2232229012545615,0.767127693792159,4.142489546478185,0.767127693792159,8.599871341267525,0.767127693792159,,8.599871341267525,win,win,win,win,win,win,win,win,2024,False
short,1159,36572,36573,36574,36575,2024-06-16 23:45:00+00:00,2024-06-17 00:00:00+00:00,2024-06-17 00:15:00+00:00,2024-06-17 00:30:00+00:00,2331.483,2327.411,4.072000000000116,2.020485558357859,10.753275109170305,1,46,1,1.705404927327003,0.6514402094850449,0.6514402094850449,0.3632110581330677,1.356268221574344,False,continues,2325.947,2325.916,2328.918,3.0019999999999527,1.4321181947307162,0.199,0.06628914057295242,0.4562093108954475,trend,11.613958560523447,low,-1.0767666115512085,-0.42758878219012725,True,1.2128279883381925,Asia,0,Monday,5.06393558862974,11.660647912659478,2.0961956988224872,2024-06,96,1.0579613590940824,1.0096602265156551,1.0579613590940824,1.0096602265156551,1.4813457694870709,1.0096602265156551,3.489673550966115,1.0096602265156551,3.0,1.0579613590940824,win,win,loss,loss,loss,loss,loss,loss,2024,False
long,1165,36666,36667,36668,36669,2024-06-18 00:15:00+00:00,2024-06-18 00:30:00+00:00,2024-06-18 00:45:00+00:00,2024-06-18 01:00:00+00:00,2323.211,2319.148,4.062999999999647,2.399831408046673,11.450381679389313,3,32,1,1.9698345424160566,0.9196401799100371,0.9196401799100371,1.1647717294287345,1.4572098475967175,False,stalls,2324.096,2324.083,2322.116,1.9670000000000982,1.0872183696982627,0.199,0.1011692933401068,0.042862626348791066,range,2.1241830065359477,low,1.2792355715691013,0.8354082315868,False,1.0423679628554847,Asia,0,Tuesday,4.0830107254503565,7.818354773452535,1.8092041624958957,2024-06,96,0.6939501779357974,2.4865277071681913,0.7849517031010635,2.4865277071681913,0.7849517031010635,2.4865277071681913,0.7849517031010635,6.818505338078085,0.0,0.6939501779357974,ambiguous,loss,loss,loss,loss,loss,loss,loss,2024,False
short,1166,36684,36685,36686,36687,2024-06-18 04:45:00+00:00,2024-06-18 05:00:00+00:00,2024-06-18 05:15:00+00:00,2024-06-18 05:30:00+00:00,2325.098,2321.901,3.1970000000001164,1.7472377004370798,5.291576673866091,6,10,1,1.625362815483255,0.7844653665097371,0.8184263618023084,0.8930204574645323,1.0093642188270084,False,stalls,2320.719,2320.713,2322.701,1.987999999999829,1.046897828212567,0.2,0.10060362173039095,0.1204480590545337,range,4.314994606256742,low,-0.9800858151006293,-0.0833121144988672,True,1.1056201550387597,Asia,5,Tuesday,5.668414599034793,5.67052103329674,1.898943666158964,2024-06,96,0.40140845070437514,1.539235412474954,1.6026156941652028,1.539235412474954,5.051307847083116,1.539235412474954,7.14839034205305,1.739436619718273,0.0,0.29678068410472647,loss,loss,loss,loss,loss,loss,loss,loss,2024,False
long,1172,36788,36789,36790,36791,2024-06-19 07:45:00+00:00,2024-06-19 08:00:00+00:00,2024-06-19 08:15:00+00:00,2024-06-19 08:30:00+00:00,2332.68,2328.387,4.292999999999665,2.6998953619192365,15.236051502145923,1,28,1,1.8496138503155282,0.9024141448487499,0.9024141448487499,1.1238558145238198,1.0252587991718427,False,stalls,2333.844,2333.821,2331.813,2.007999999999811,1.1955524715918076,0.2,0.0996015936255074,0.5677742552213183,trend,1.5005359056806002,low,2.5098025984304284,0.2509826928787882,False,0.863768115942029,London,8,Wednesday,-0.4554769127329018,16.27928071626813,1.6795582358056416,2024-06,96,0.0,2.2913346613548535,0.0,3.2101593625500597,0.0,4.0164342629486125,0.0,5.057270916335011,2.0,0.0,loss,loss,loss,loss,loss,loss,loss,loss,2024,False
long,1174,36837,36838,36839,36840,2024-06-20 00:45:00+00:00,2024-06-20 01:00:00+00:00,2024-06-20 01:15:00+00:00,2024-06-20 01:30:00+00:00,2330.415,2327.736,2.6790000000000873,1.8237668994715863,3.844041735310269,5,32,1,3.448750695305422,0.8385313857086124,0.8385313857086124,2.3826741874394712,1.46702249332825,False,stalls,2332.287,2332.289,2329.667,2.6220000000002983,1.4182106644579424,0.199,0.0758962623951096,0.009182952672471536,range,6.308283049917717,low,1.0198734706301003,0.532212867512026,True,1.1605032405642395,Asia,1,Thursday,1.445795997748274,4.663003103848215,1.8488085484834926,2024-06,96,2.5518688024405196,0.0,2.5518688024405196,0.0,3.8054919908461007,0.0,5.102212051868108,0.27917620137312826,,12.669336384437765,win,win,win,win,win,win,win,win,2024,False
long,1175,36850,36851,36852,36853,2024-06-20 04:00:00+00:00,2024-06-20 04:15:00+00:00,2024-06-20 04:30:00+00:00,2024-06-20 04:45:00+00:00,2336.671,2332.349,4.321999999999662,2.2775173323001408,15.59432933478735,1,11,1,1.9950672420382094,0.8048071843634386,0.9437400950871132,0.8225831919762003,1.4981905910735827,False,continues,2339.191,2339.227,2334.659,4.567999999999756,2.2395070090394764,0.2,0.04378283712784822,0.17598123534010848,neutral,14.760348583877997,low,2.7893881471538204,0.30647074780221734,False,1.6646562123039808,Asia,4,Thursday,-2.0742894385389685,7.61128421964512,2.039734629792014,2024-06,96,1.2346760070053915,0.054509632224126435,1.2655429071804416,0.054509632224126435,1.4098073555167248,1.442206654991263,1.4098073555167248,1.6790718038529953,13.0,1.4098073555167248,win,win,loss,loss,loss,loss,loss,loss,2024,False
short,1186,37114,37115,37116,37117,2024-06-25 01:00:00+00:00,2024-06-25 01:15:00+00:00,2024-06-25 01:30:00+00:00,2024-06-25 01:45:00+00:00,2331.44,2328.207,3.2330000000001746,2.128980287004595,8.274360370168754,6,42,1,2.434531432432976,0.7040843927507516,0.7684609142547485,0.6855145310148629,1.0260809883321895,False,continues,2324.82,2324.79,2330.007,5.217000000000098,2.9723826828805024,0.199,0.03814452750622892,0.11924664602683407,range,4.730831973898858,low,-2.7221069080674614,-0.71961267062248,False,0.9320716458262926,Asia,1,Tuesday,5.588671983203667,4.066871303508097,1.7551575811713325,2024-06,96,0.31435691010156064,0.4264903201073159,0.31435691010156064,0.7151619704811485,0.4025301897642073,1.0126509488211237,0.4025301897642073,1.783592102740974,15.0,0.4025301897642073,loss,loss,loss,loss,loss,loss,loss,loss,2024,False
short,1194,37387,37389,37390,37391,2024-06-28 00:15:00+00:00,2024-06-28 00:45:00+00:00,2024-06-28 01:00:00+00:00,2024-06-28 01:15:00+00:00,2328.259,2324.108,4.15099999999984,2.507008168905232,17.557251908396946,3,59,2,2.03293375715025,0.7495662232504441,0.916714864083284,1.4379861104656269,1.2377740303541316,False,continues,2320.048,2320.043,2324.832,4.78899999999976,2.4711607607679618,0.199,0.04155356024222384,0.4501168363103489,trend,13.718018508437671,low,-2.474965724283295,-1.123315921082173,False,1.245484949832776,Asia,1,Friday,5.6182915772069,12.18758530143676,1.9379556668387223,2024-06,96,0.22113176028403625,0.9225307997494021,0.22113176028403625,0.9862184172061377,0.22113176028403625,1.0327834621006808,0.22113176028403625,2.485696387554937,8.0,0.22113176028403625,loss,loss,loss,loss,loss,loss,loss,loss,2024,False
short,1199,37495,37496,37497,37498,2024-07-01 04:15:00+00:00,2024-07-01 04:30:00+00:00,2024-07-01 04:45:00+00:00,2024-07-01 05:00:00+00:00,2327.588,2324.081,3.507000000000062,1.9049600324098703,12.054054054054054,6,4,1,1.605663488965743,0.7615020297701117,0.7686062246279376,1.0858326503529347,1.4790996784565917,False,stalls,2323.578,2323.532,2324.354,0.8219999999996617,0.4242086758127865,0.2,0.24330900243319017,0.06514860858516386,range,14.308855291576675,low,-0.870564707212001,-0.1233000120616689,True,1.0642902609802674,Asia,4,Monday,8.376315105985723,2.3708207502247745,1.937725574387899,2024-07,96,6.187347931876318,0.546228710462596,6.187347931876318,6.620437956207113,6.187347931876318,6.620437956207113,6.187347931876318,18.182481751832196,4.0,6.187347931876318,win,win,win,win,win,win,win,win,2024,False
short,1202,37581,37582,37583,37584,2024-07-02 02:45:00+00:00,2024-07-02 03:00:00+00:00,2024-07-02 03:15:00+00:00,2024-07-02 03:30:00+00:00,2334.305,2331.086,3.219000000000051,2.0386951996805065,9.761388286334057,13,50,1,2.7461268672923578,0.7303966789668065,0.8205719557195962,1.250830388123253,1.3584693303320203,False,stalls,2329.698,2329.738,2332.669,2.93100000000004,1.6578401935160632,0.2,0.06823609689525666,0.21993581272418092,neutral,7.963163596966413,low,-1.386201334642349,-0.21112259824846694,True,1.096229600450197,Asia,3,Tuesday,4.96616748518293,6.364386850031528,1.7679629263806005,2024-07,96,1.663254861821881,0.038553394745916826,1.663254861821881,0.038553394745916826,2.2026612077787746,0.6963493688161513,2.490276356192384,0.9273285568066411,40.0,3.6622313203683987,win,win,win,win,win,win,win,loss,2024,False
short,1217,37869,37870,37871,37872,2024-07-05 09:30:00+00:00,2024-07-05 09:45:00+00:00,2024-07-05 10:00:00+00:00,2024-07-05 10:15:00+00:00,2368.002,2364.025,3.9769999999998618,2.072729322392203,17.564655172413794,1,7,1,1.762627751654715,0.7980484920165641,0.8489059727971738,0.8323230394420148,1.1141181777176365,False,stalls,2363.07,2363.012,2365.299,2.286999999999807,1.13137031562108,0.2,0.08745080891998988,0.2064083134877337,neutral,26.426264800861144,low,0.5047300129661693,0.09738091790454315,True,0.9956101843722563,London,10,Friday,-0.2621890106162874,6.302430179717551,2.0214424653207645,2024-07,96,0.38303454306964474,1.2763445561871951,0.38303454306964474,2.095321381722921,6.8373414954094835,9.678618277219776,6.8373414954094835,11.75207695671282,1.0,0.38303454306964474,loss,loss,loss,loss,loss,loss,loss,loss,2024,False
long,1226,38111,38112,38113,38114,2024-07-10 01:00:00+00:00,2024-07-10 01:15:00+00:00,2024-07-10 01:30:00+00:00,2024-07-10 01:45:00+00:00,2366.536,2363.304,3.231999999999971,2.122550460688847,10.702524698133917,6,38,1,2.642023670591162,0.7454635843898799,0.7812577678350178,0.39600802221396203,1.1029900332225913,False,continues,2368.959,2368.965,2363.996,4.969000000000051,2.766289679232827,0.199,0.0400482994566307,0.050090343304559366,range,13.103070175438598,low,1.9038635246534412,0.2950102535150125,False,1.1282679738562091,Asia,1,Wednesday,1.460805819743924,10.929321590399923,1.796268856910929,2024-07,96,0.15657073857914766,0.6347353592272015,0.2602133226000507,0.6347353592272015,0.2761118937411611,0.6347353592272015,1.2008452404909604,0.6347353592272015,,3.560474944656838,win,win,win,win,win,win,win,none,2024,False
long,1227,38133,38134,38135,38136,2024-07-10 06:30:00+00:00,2024-07-10 06:45:00+00:00,2024-07-10 07:00:00+00:00,2024-07-10 07:15:00+00:00,2370.337,2367.113,3.22400000000016,1.7760337079666093,10.574837310195226,12,2,1,1.6289490305387067,0.6780520798105295,0.6976665539397129,0.851658843832483,1.062280701754386,False,continues,2372.358,2372.316,2369.82,2.49599999999964,1.3093123391155528,0.2,0.0801282051282167,0.13615542286782895,range,20.422535211267608,low,2.472058611145763,0.2628500252163619,False,0.9270919635459818,London,7,Wednesday,-0.4065372847815781,12.0812389752302,1.9063442124785144,2024-07,96,1.0480769230770686,0.37900641025642995,1.0480769230770686,0.37900641025642995,1.193910256410436,0.37900641025642995,5.745592948718918,0.37900641025642995,,5.745592948718918,win,win,win,win,win,win,win,win,2024,False
long,1228,38152,38153,38154,38155,2024-07-10 11:15:00+00:00,2024-07-10 11:30:00+00:00,2024-07-10 11:45:00+00:00,2024-07-10 12:00:00+00:00,2375.296,2371.71,3.5859999999997854,2.074849121643924,15.24422973698336,11,17,1,2.1870969547724415,0.9272486772486482,0.930952380952385,0.9390630575650833,1.182193666819642,False,continues,2378.346,2378.387,2373.4,4.98700000000008,2.68600268375674,0.2,0.040104271104872025,0.10171482264505102,range,17.908847184986595,low,4.583428779020123,0.26674904695611357,False,0.9725274725274725,London,11,Wednesday,-3.6425578805386656,15.629659490662721,1.8566623295495306,2024-07,96,0.687186685381918,0.2386204130739995,1.6583116101864546,0.4457589733306438,1.6583116101864546,0.9019450571485813,1.6583116101864546,1.7102466412672668,21.0,1.6583116101864546,win,win,win,loss,loss,loss,loss,loss,2024,False
long,1237,38389,38390,38391,38392,2024-07-15 01:30:00+00:00,2024-07-15 01:45:00+00:00,2024-07-15 02:00:00+00:00,2024-07-15 02:15:00+00:00,2408.857,2404.881,3.9760000000001128,1.8999522838533933,19.353070175438596,5,3,1,1.6954302573217355,0.7691657271702333,0.9098083427282457,0.5500113377049521,1.0177828225501324,False,wick_inside,2410.694,2410.697,2406.78,3.9169999999999163,1.7550261271085952,0.18,0.0459535358692887,0.026058876539499343,range,46.22124863088718,mid,1.2634761694745495,0.061061622905494925,True,1.1637630662020906,Asia,2,Monday,3.3814608581283876,8.666253599830315,2.23187560543795,2024-07,96,0.04876180750569508,0.5284656624968619,0.5338269083482101,0.5284656624968619,0.8345672708705254,1.2366607097268711,0.8345672708705254,2.3995404646414458,15.0,0.8345672708705254,win,loss,loss,loss,loss,loss,loss,loss,2024,False
long,1241,38478,38479,38480,38481,2024-07-16 00:45:00+00:00,2024-07-16 01:00:00+00:00,2024-07-16 01:15:00+00:00,2024-07-16 01:30:00+00:00,2422.874,2419.914,2.9599999999995816,1.5928744266176376,8.182317408017573,5,37,1,2.2015031348967002,0.8579809337568965,0.8731361525298977,1.0057710484287201,1.325766174801362,False,stalls,2424.715,2424.766,2421.171,3.5950000000002547,1.784889164932846,0.179,0.04979137691237477,0.14440675940175338,range,30.22490400438837,mid,1.2229952300447369,0.3299144909029228,True,1.0783200908059023,Asia,1,Tuesday,7.469723918334602,11.626355931913812,2.014130664598164,2024-07,96,1.174965229485231,0.33852573018081,1.8589707927675994,0.33852573018081,1.8589707927675994,0.33852573018081,4.560222531293078,0.33852573018081,,16.021974965228267,win,win,win,win,win,win,win,win,2024,False
long,1244,38658,38663,38664,38665,2024-07-17 23:45:00+00:00,2024-07-18 01:00:00+00:00,2024-07-18 01:15:00+00:00,2024-07-18 01:30:00+00:00,2461.832,2457.996,3.8359999999997854,1.6382282038259832,17.139737991266376,1,4,5,2.212333169681089,0.7121904761904825,0.9459047619047418,0.2991917238997435,1.2819444444444446,True,continues,2462.973,2462.99,2457.576,5.41399999999976,2.1221725982576918,0.179,0.033062430735132604,0.16087996293838192,neutral,58.8683351468988,mid,1.0907974626006505,0.15711365835389535,True,1.0835561497326203,Asia,1,Thursday,8.14688498008682,4.533625465727583,2.5511591302444794,2024-07,96,0.11008496490580533,0.6640192094569559,1.002216475803588,0.6640192094569559,1.2772441817511497,0.6640192094569559,2.2120428518656525,0.6640192094569559,48.0,2.2120428518656525,win,win,win,win,loss,loss,loss,loss,2024,False
long,1245,38678,38679,38680,38681,2024-07-18 04:45:00+00:00,2024-07-18 05:00:00+00:00,2024-07-18 05:15:00+00:00,2024-07-18 05:30:00+00:00,2468.851,2465.069,3.782000000000153,1.5394437625422777,16.30669546436285,1,10,1,1.662371318408818,0.8966699314397545,1.0,0.04884538643704332,1.3200508690122934,True,wick_inside,2468.985,2468.972,2464.887,4.085000000000036,1.6108250752065332,0.179,0.043818849449204014,0.11505254522014322,range,57.76699029126213,mid,2.231047433254074,0.27765856366545794,False,1.12012987012987,Asia,5,Thursday,5.824995841113976,6.931476908685471,2.5359674758454296,2024-07,96,0.16474908200728725,1.082252141982922,1.4673194614442189,1.082252141982922,1.4673194614442189,1.083965728274247,1.4673194614442189,2.1392900856793036,2.0,0.16474908200728725,loss,loss,loss,loss,loss,loss,loss,loss,2024,False
long,1260,39437,39438,39439,39440,2024-07-30 10:30:00+00:00,2024-07-30 10:45:00+00:00,2024-07-30 11:00:00+00:00,2024-07-30 11:15:00+00:00,2391.251,2387.795,3.456000000000131,1.714516254930432,7.893333333333333,12,75,1,2.268658227371626,0.6304395364093365,0.8198119396457264,0.18107593548877599,1.0897784687135639,False,wick_inside,2391.763,2391.761,2387.867,3.893999999999778,1.7994998300757825,0.18,0.0462249614792014,0.005557263461586975,range,23.867874267448055,low,2.755169764945882,0.16176554269841315,False,0.7324324324324324,London,11,Tuesday,5.27649950174799,10.29051417979709,2.1639346305666445,2024-07,96,0.1037493579866511,1.5059065228557695,0.1037493579866511,1.5562403697997664,1.5503338469440553,1.5562403697997664,4.958654340010606,2.1676938880329444,2.0,0.1037493579866511,loss,loss,loss,loss,loss,loss,loss,loss,2024,False
long,1263,39581,39583,39584,39585,2024-08-01 00:30:00+00:00,2024-08-01 01:00:00+00:00,2024-08-01 01:15:00+00:00,2024-08-01 01:30:00+00:00,2448.127,2444.084,4.04300000000012,1.4565479225290479,12.26158038147139,3,19,2,2.5518509394951816,0.642346208869761,0.8549356223175838,1.424509637469238,1.689711264741765,False,continues,2457.713,2457.714,2446.053,11.661000000000058,3.4563818107377116,0.179,0.015350313009175809,0.4477571155312112,trend,68.60718171926007,mid,2.563863350987442,0.7712528011123055,True,1.456283041886946,Asia,1,Thursday,-2.0042924109603706,15.957273918435412,3.373759219474424,2024-08,96,0.02229654403569308,0.8364634250921753,0.02229654403569308,1.7519938255723981,0.02229654403569308,1.7519938255723981,0.02229654403569308,2.247663150673176,4.0,0.02229654403569308,loss,loss,loss,loss,loss,loss,loss,loss,2024,False
long,1272,40172,40173,40174,40175,2024-08-09 10:15:00+00:00,2024-08-09 10:30:00+00:00,2024-08-09 10:45:00+00:00,2024-08-09 11:00:00+00:00,2425.571,2422.205,3.3659999999999854,1.3463545749575174,2.4880889359449445,5,13,1,2.155127287543565,0.96046770601333,0.96046770601333,1.791139568229316,1.1758513931888546,False,continues,2430.438,2430.438,2424.874,5.564000000000306,2.0822945557575867,0.179,0.0321710999281075,0.29784702767012033,neutral,21.998942358540454,low,2.645864237599366,0.1292676986202062,False,1.010077059869591,London,10,Friday,-1.031791173656269,18.545295545651687,2.6720523206554674,2024-08,96,0.3957584471602534,0.954349388928766,0.3957584471602534,1.2187275341480188,0.9999999999999183,1.704349388928766,1.191588785046683,1.704349388928766,5.0,0.3957584471602534,loss,loss,loss,loss,loss,loss,loss,loss,2024,False
short,1279,40316,40317,40318,40319,2024-08-13 00:15:00+00:00,2024-08-13 00:30:00+00:00,2024-08-13 00:45:00+00:00,2024-08-13 01:00:00+00:00,2476.963,2472.386,4.5770000000002256,2.1249316885212486,9.518658734451055,2,30,1,2.5613388956894867,0.8087728838136905,0.8468370491209305,1.1926916119315565,1.1168448212311095,False,wick_inside,2472.175,2472.132,2474.489,2.356999999999971,0.9238427106715814,0.169,0.07170131523122703,0.8835929517629607,trend,15.613182063749326,low,-0.44542060975974596,-0.06335752945997045,True,0.9627718392922964,Asia,0,Tuesday,0.39744442453147616,18.951122215092003,2.551300099869344,2024-08,96,4.799321170980075,0.6703436571913224,4.799321170980075,0.6703436571913224,5.094611794654397,0.6703436571913224,5.786593126856297,0.6703436571913224,51.0,5.786593126856297,win,win,win,win,win,win,win,win,2024,False
long,1284,40410,40411,40412,40413,2024-08-14 00:45:00+00:00,2024-08-14 01:00:00+00:00,2024-08-14 01:15:00+00:00,2024-08-14 01:30:00+00:00,2467.423,2462.942,4.480999999999767,2.310629862166194,8.806050783360346,5,42,1,1.7166004934503505,0.7834184439772879,0.923100030039087,0.4413968225875647,0.9760281504288542,False,continues,2471.001,2471.041,2465.206,5.835000000000036,2.642978346529275,0.169,0.028963153384747035,0.06907804446612568,range,4.155423637344846,low,2.04517987683136,0.6935522687366634,True,1.2010759919300604,Asia,1,Wednesday,2.7005033251083823,5.665530961163439,2.207736589163692,2024-08,96,0.1885175664095805,1.8301628106255392,0.1885175664095805,2.702656383890297,0.1885175664095805,2.702656383890297,1.3278491859468722,2.702656383890297,1.0,0.1885175664095805,loss,loss,loss,loss,loss,loss,loss,loss,2024,False
long,1285,40431,40432,40433,40434,2024-08-14 06:00:00+00:00,2024-08-14 06:15:00+00:00,2024-08-14 06:30:00+00:00,2024-08-14 06:45:00+00:00,2463.155,2459.259,3.8960000000001855,1.6342789725421498,5.288461538461538,7,17,1,2.0571109038363233,0.9282218597062976,0.9718597063621697,1.2718516028611573,1.2190823457915527,False,stalls,2465.619,2465.635,2461.421,4.2140000000003965,1.6689531118130472,0.169,0.040104413858562914,0.04415584415585234,range,13.767342582710778,low,0.9290405057050275,0.012311354377957422,True,1.2871467639015497,Asia,6,Wednesday,4.492786924633486,2.8222496143281903,2.5249361232339047,2024-08,96,1.2672045562409084,0.0016611295681208322,3.1214997626954815,0.0016611295681208322,3.1214997626954815,0.0016611295681208322,3.4240626483147305,4.454912197436728,26.0,3.4240626483147305,win,win,win,win,win,win,loss,loss,2024,False
long,1290,40522,40523,40524,40525,2024-08-15 05:45:00+00:00,2024-08-15 06:00:00+00:00,2024-08-15 06:15:00+00:00,2024-08-15 06:30:00+00:00,2455.482,2450.28,5.201999999999771,2.510790447729906,15.980758952431854,13,21,1,2.544093896575429,0.6843103775374395,0.9028647315499615,0.9595254536883591,1.2907930720145853,False,wick_inside,2457.289,2457.307,2452.711,4.596000000000004,1.9257302304563095,0.169,0.03677110530896429,0.4032922614282064,trend,10.197544046983449,low,2.2551937999869636,0.2591705723520827,False,1.4658158614402916,Asia,6,Thursday,9.542755874378093,8.084212155444872,2.386627123213911,2024-08,96,0.09029590948660096,0.8089643167971811,0.09029590948660096,0.8241949521322907,0.6453437771976386,0.8241949521322907,2.782419495213229,5.485857267188798,24.0,2.782419495213229,win,win,win,win,win,loss,loss,loss,2024,False
long,1291,40538,40539,40540,40541,2024-08-15 09:45:00+00:00,2024-08-15 10:00:00+00:00,2024-08-15 10:15:00+00:00,2024-08-15 10:30:00+00:00,2457.282,2453.519,3.7630000000003747,1.8940939704425592,4.822469528351881,8,16,1,1.7632238050650866,0.8566942620611104,0.8566942620611104,1.2528301600933092,1.1430646332607117,False,stalls,2459.573,2459.559,2456.77,2.7890000000002146,1.3738169990443663,0.169,0.060595195410536755,0.2645992219609255,neutral,1.7998941238750663,low,3.0829954948466947,0.1773250828184631,False,0.8874364560639071,London,10,Thursday,10.09354038272353,10.628979277654006,2.030110270829562,2024-08,96,0.351380423090693,0.7533166009322162,3.7776980996768708,0.7533166009322162,3.7776980996768708,9.847615632842608,3.7776980996768708,9.847615632842608,8.0,3.7776980996768708,win,win,win,win,win,win,win,loss,2024,False
long,1296,40620,40622,40623,40624,2024-08-16 07:15:00+00:00,2024-08-16 07:45:00+00:00,2024-08-16 08:00:00+00:00,2024-08-16 08:15:00+00:00,2457.815,2452.432,5.383000000000266,2.669345338448916,18.75332978156633,5,1,2,4.153003098526106,0.7153829273644896,0.7210884353741099,1.8924096848999337,1.9253530598520512,False,stalls,2460.073,2460.077,2455.396,4.68100000000004,1.7159795328145901,0.169,0.036103396710104374,0.049814771025458136,range,26.75531914893617,low,1.519882987782396,0.13466435567488638,True,1.036764705882353,London,8,Friday,3.67390448149275,10.256652712800403,2.7278880140966213,2024-08,96,0.9074983977781577,0.2067934202094197,1.082674642170415,0.2067934202094197,3.111301004058903,0.2067934202094197,8.639820551164155,0.2067934202094197,,10.61503952146965,win,win,win,win,win,win,win,win,2024,False
short,1301,40778,40782,40783,40784,2024-08-20 00:45:00+00:00,2024-08-20 01:45:00+00:00,2024-08-20 02:00:00+00:00,2024-08-20 02:15:00+00:00,2506.908,2502.398,4.5099999999997635,2.4280913300146403,10.588870880605079,5,44,4,1.7969978289123039,0.69806295399517,0.7985472154963803,0.17317315639404485,0.7455853499018966,False,continues,2500.21,2500.125,2505.298,5.1729999999997744,2.0535056522051045,0.179,0.034602745022232324,0.026299719089685685,range,18.426724137931032,low,-1.3669539964024975,-0.1787714329155364,True,1.217586649550706,Asia,2,Tuesday,2.8867375029646314,5.798880836538534,2.5191067745271996,2024-08,96,0.2613570462014152,0.32321670210711356,0.2613570462014152,0.45254204523487274,0.5493910690122216,0.6928281461434349,0.5493910690122216,4.846317417359609,17.0,0.5493910690122216,win,loss,loss,loss,loss,loss,loss,loss,2024,False
short,1308,40964,40965,40966,40967,2024-08-22 01:15:00+00:00,2024-08-22 01:30:00+00:00,2024-08-22 01:45:00+00:00,2024-08-22 02:00:00+00:00,2514.701,2510.498,4.2029999999999745,1.8394035676620135,9.01241230437129,7,2,1,2.0105210539708387,0.8302133217239461,0.858293426208035,0.7216693987805071,0.8626214867349619,False,continues,2507.645,2507.664,2512.792,5.127999999999702,2.0854715907763426,0.18,0.035101404056164284,0.06858481097357176,range,14.070080862533693,low,-1.7251700373095462,-0.41805312449561227,False,0.84760366182014,Asia,1,Thursday,5.000983648942713,5.693971868654777,2.45891625792454,2024-08,96,1.5234009360375989,0.1967628705147462,1.5234009360375989,0.1967628705147462,1.6536661466459657,0.1967628705147462,1.6536661466459657,0.57488299531982,,7.188767550702453,win,win,win,win,win,win,win,win,2024,False
long,1309,40981,40982,40983,40984,2024-08-22 05:30:00+00:00,2024-08-22 05:45:00+00:00,2024-08-22 06:00:00+00:00,2024-08-22 06:15:00+00:00,2503.812,2499.184,4.627999999999702,1.9651200941963427,12.192513368983956,6,14,1,2.1863447201852635,0.6995533113225754,0.8463779374635493,0.7146277265628012,1.3206924979389942,False,continues,2507.245,2507.212,2501.137,6.074999999999818,2.354370753459644,0.179,0.029465020576132567,0.03004262805332412,range,19.764957264957264,low,0.32620119452534513,-0.16480776474735215,True,0.9517078916372202,Asia,6,Thursday,4.9207317624161755,5.271077632560632,2.5803072821359483,2024-08,96,0.5596707818930359,0.6079012345679542,0.5596707818930359,0.6079012345679542,0.5596707818930359,1.0144855967078512,0.5596707818930359,5.309958847736754,11.0,0.5596707818930359,win,loss,loss,loss,loss,loss,loss,loss,2024,False
long,1313,41082,41083,41084,41085,2024-08-23 07:45:00+00:00,2024-08-23 08:00:00+00:00,2024-08-23 08:15:00+00:00,2024-08-23 08:30:00+00:00,2494.638,2490.54,4.097999999999956,1.8631560522998891,8.46194784459819,13,68,1,1.565814896076333,0.6570847851335501,0.7578397212544011,0.4378280327879872,1.025844930417495,False,continues,2496.536,2496.576,2492.991,3.5850000000000364,1.5474010136693415,0.179,0.04993026499302599,0.239419103783046,neutral,11.057947900053163,low,2.2946715812636733,0.17446208933139398,False,0.8959575878064944,London,8,Friday,7.840596768006485,11.108483260193466,2.316787935597218,2024-08,96,1.423988842398875,0.05104602510459996,1.477545327754525,0.10264993026497474,1.6529986052998245,0.2730822873081742,6.073640167363924,0.5921896792189751,,8.145606694560524,win,win,win,win,win,win,win,win,2024,False
long,1319,41167,41168,41169,41170,2024-08-26 06:00:00+00:00,2024-08-26 06:15:00+00:00,2024-08-26 06:30:00+00:00,2024-08-26 06:45:00+00:00,2511.331,2508.646,2.6849999999999454,1.3453691699611605,0.9615384615384616,7,19,1,1.9707027729822504,0.9145690312737755,0.9956775997965217,1.1960507294960796,1.0101071975497702,False,stalls,2513.54,2513.531,2509.802,3.7289999999998145,1.7579292512494846,0.159,0.04263877715205361,0.3594831564374733,trend,3.9487726787620065,low,0.36427905462670535,-0.06293703437343937,True,1.0811638591117918,Asia,6,Monday,2.2675354514642923,13.751353247237905,2.1212457767281307,2024-08,96,2.2228479485118333,0.04076159828373591,3.2051488334676375,0.04076159828373591,3.5068382944491487,0.04076159828373591,3.614373826763405,0.7919013140252404,69.0,3.614373826763405,win,win,win,win,win,win,win,loss,2024,False
short,1322,41236,41237,41238,41239,2024-08-27 00:15:00+00:00,2024-08-27 00:30:00+00:00,2024-08-27 00:45:00+00:00,2024-08-27 01:00:00+00:00,2517.705,2514.612,3.092999999999847,1.8628789060176876,2.1633315305570577,3,39,1,1.511744602038211,0.8713147410358981,0.9856573705179037,0.3679983871893414,0.9128105211885046,False,continues,2513.229,2513.191,2516.475,3.2840000000001055,1.9278515003269787,0.159,0.04841656516443206,0.08109094226033221,range,0.2701242571582928,low,-1.5407943570425695,-0.6833983977243775,False,1.0345835362883584,Asia,0,Tuesday,8.08946214205399,2.690421262484027,1.7034507063656683,2024-08,96,1.5109622411692538,0.2758830694276415,2.2457369062118646,0.2758830694276415,2.2457369062118646,0.2758830694276415,2.9454933008524553,1.3306942752741184,20.0,2.2457369062118646,win,win,win,win,loss,loss,loss,loss,2024,False
short,1325,41330,41331,41332,41333,2024-08-28 00:45:00+00:00,2024-08-28 01:00:00+00:00,2024-08-28 01:15:00+00:00,2024-08-28 01:30:00+00:00,2529.041,2523.878,5.163000000000011,2.764209519159095,17.396002160994055,5,44,1,2.412994829140071,0.6838251608608471,0.6838251608608471,1.3829078419500598,1.1144594237377743,False,continues,2520.372,2520.357,2524.377,4.019999999999982,1.965967452718789,0.159,0.03955223880597033,0.28205597889801143,neutral,3.3998920669185106,low,-1.9828205447019656,-0.6363156131367766,True,0.7174200370076659,Asia,1,Wednesday,2.7513763405463574,8.282493726180338,2.0447947876454498,2024-08,96,1.1823383084577557,0.2711442786070026,1.7883084577114137,0.2711442786070026,3.020398009950219,0.2711442786070026,4.26318407960199,0.2711442786070026,,6.681343283582101,win,win,win,win,win,win,win,win,2024,False
long,1332,41457,41458,41459,41460,2024-08-29 09:30:00+00:00,2024-08-29 09:45:00+00:00,2024-08-29 10:00:00+00:00,2024-08-29 10:15:00+00:00,2520.16,2515.043,5.116999999999734,1.8969855974422636,17.073170731707318,5,8,1,2.3036678722897648,0.7677824267782065,0.7677824267782065,1.0287541592540017,1.5440147329650091,False,continues,2523.541,2523.507,2518.164,5.342999999999847,1.7983290112102706,0.16,0.029945723376381166,0.4443738080101643,trend,45.33898305084746,mid,2.726978894130169,0.19325285414402277,False,1.431966270601763,London,10,Thursday,1.851171544386444,10.111772128727665,2.9710914780849933,2024-08,96,0.17574396406510906,0.45498783454989883,0.17574396406510906,1.30563353921024,0.17574396406510906,3.7336702227214373,0.9661239004304614,3.7336702227214373,7.0,0.17574396406510906,loss,loss,loss,loss,loss,loss,loss,loss,2024,False
long,1336,41535,41536,41537,41538,2024-08-30 06:00:00+00:00,2024-08-30 06:15:00+00:00,2024-08-30 06:30:00+00:00,2024-08-30 06:45:00+00:00,2516.314,2512.453,3.8609999999998763,1.9061535847202602,7.6923076923076925,7,20,1,4.154437300031452,0.7932263814616466,0.7945335710041264,2.9917872891491952,1.6194308709399252,False,stalls,2520.465,2520.43,2515.688,4.741999999999734,1.8373736472604814,0.159,0.03353015605230049,0.06708944590499238,range,29.829242262540024,low,1.4643186213367612,0.1578612487947865,True,1.4421768707482994,Asia,6,Friday,3.178788148908757,6.5509228709900835,2.5808577406506523,2024-08,96,0.20012652889078916,0.6347532686629971,1.3355124420076843,0.6347532686629971,1.3673555461832014,0.7606495149726219,1.3673555461832014,2.972163644032231,16.0,1.3673555461832014,win,win,loss,loss,loss,loss,loss,loss,2024,False
short,1337,41605,41606,41607,41608,2024-09-02 00:30:00+00:00,2024-09-02 00:45:00+00:00,2024-09-02 01:00:00+00:00,2024-09-02 01:15:00+00:00,2504.98,2501.942,3.038000000000011,1.4003469525129069,2.864864864864865,4,38,1,1.7649534171071475,0.8869156437712133,0.8869156437712133,0.1696272806203625,1.0535894843276037,False,wick_inside,2501.899,2501.872,2504.97,3.0979999999999563,1.2297481598922553,0.16,0.051646223369916804,0.22355311765364722,neutral,27.32181425485961,low,-0.39651011079829857,-0.10970653727236244,True,1.4088853418462357,Asia,1,Monday,9.929680509911426,3.101362935196401,2.5192149913616366,2024-09,96,2.789218850871447,0.8237572627502164,3.8395739186572464,0.8237572627502164,3.8395739186572464,0.8237572627502164,3.8395739186572464,1.7553260167850802,29.0,3.8395739186572464,win,win,win,win,win,win,win,loss,2024,False
long,1339,41636,41637,41638,41639,2024-09-02 08:15:00+00:00,2024-09-02 08:30:00+00:00,2024-09-02 08:45:00+00:00,2024-09-02 09:00:00+00:00,2501.291,2496.138,5.153000000000247,1.8219132168255403,18.660287081339714,1,10,1,2.3688761018302023,0.834328358208943,0.9340298507462702,1.3983440272743126,1.0164935858277337,False,continues,2506.24,2506.215,2498.988,7.2270000000003165,2.3317954232831437,0.159,0.022000830220007338,0.3410381667262385,neutral,56.18693574083908,mid,2.513592502328163,0.15341462269692885,False,1.0532110091743119,London,8,Monday,6.670477180151462,3.9214946138898683,3.0993284950464375,2024-09,96,0.0535491905354503,1.1091739310917013,0.0535491905354503,1.1224574512245364,0.0535491905354503,1.2637332226373137,0.0535491905354503,1.2637332226373137,2.0,0.0535491905354503,loss,loss,loss,loss,loss,loss,loss,loss,2024,False
short,1343,41684,41685,41686,41687,2024-09-03 00:45:00+00:00,2024-09-03 01:00:00+00:00,2024-09-03 01:15:00+00:00,2024-09-03 01:30:00+00:00,2498.51,2494.952,3.5579999999999927,2.348183957051676,5.606967882416984,5,48,1,2.9065211205327692,0.8203905540418454,0.8465031789282627,1.8690435543482702,1.1811652035115723,False,continues,2491.923,2491.96,2495.848,3.88799999999992,2.1085235811742975,0.16,0.04115226337448644,0.13196120395246602,range,1.4138118542686242,low,-1.8941677574185871,-1.2320169954029083,False,1.229582335727587,Asia,1,Tuesday,8.344612228274162,1.0553464220589206,1.843944281540632,2024-09,96,0.5095164609054174,0.9125514403291789,0.5095164609054174,1.1460905349794812,0.5095164609054174,1.28343621399174,0.5095164609054174,3.674639917695499,4.0,0.5095164609054174,win,loss,loss,loss,loss,loss,loss,loss,2024,False
long,1345,41782,41783,41784,41785,2024-09-04 02:15:00+00:00,2024-09-04 02:30:00+00:00,2024-09-04 02:45:00+00:00,2024-09-04 03:00:00+00:00,2494.574,2491.291,3.2829999999999018,1.6356086319619325,4.557786218122626,11,48,1,1.8054967049131547,0.6950883002207284,0.6950883002207284,0.6332191810000725,1.0068381634646695,False,stalls,2495.291,2495.255,2493.326,1.9290000000000873,0.9287446197715706,0.159,0.08242612752721244,0.04015165641121074,range,6.829268292682928,low,0.864541024697445,0.1328227644724425,True,0.8577010745685445,Asia,2,Wednesday,5.2749227860116985,10.596547608373037,2.076997227154365,2024-09,96,0.6459305339554371,0.9056505961639291,0.7662001036806628,0.9056505961639291,0.7662001036806628,5.994815966822075,0.7662001036806628,12.128045619491406,11.0,0.7662001036806628,win,loss,loss,loss,loss,loss,loss,loss,2024,False
long,1350,41886,41887,41888,41889,2024-09-05 05:15:00+00:00,2024-09-05 05:30:00+00:00,2024-09-05 05:45:00+00:00,2024-09-05 06:00:00+00:00,2496.901,2493.759,3.1419999999998254,2.101120616578895,4.528301886792453,2,56,1,2.588618047987459,0.6406613278223324,0.897184190131821,0.674070522441821,1.1741176470588235,False,continues,2501.914,2501.878,2494.436,7.442000000000007,3.9609149252157505,0.16,0.021499596882558432,0.20408336300893254,neutral,3.392568659127625,low,2.8912016559656206,0.14010673961630998,True,1.6737254901960785,Asia,5,Thursday,-0.8664834047637537,15.99587975845665,1.8788588345140087,2024-09,96,0.6732061273850791,0.15197527546362696,0.771969900564349,0.15197527546362696,2.0745767266863524,0.15197527546362696,2.9153453372749114,0.15197527546362696,,2.9153453372749114,win,win,win,win,win,none,none,none,2024,False
long,1351,41908,41914,41915,41916,2024-09-05 10:45:00+00:00,2024-09-05 12:15:00+00:00,2024-09-05 12:30:00+00:00,2024-09-05 12:45:00+00:00,2517.317,2513.308,4.0090000000000146,1.5444447038817004,12.360149174214172,3,16,6,2.4638767527850582,0.6971930374784296,0.6971930374784296,0.6328728431961358,2.5557737627651216,False,wick_inside,2521.902,2521.856,2514.509,7.347000000000207,2.3306995516780313,0.159,0.021641486320946715,0.43346129238642606,trend,67.67515923566879,mid,4.68699637879241,0.7137615286924197,False,1.7758200562324273,Overlap,12,Thursday,-6.857275283662838,15.87489682388302,3.1522724560145883,2024-09,96,0.0,1.2892337008302628,0.0,1.9405199401115638,0.0,2.458010072138245,0.0,2.458010072138245,1.0,0.0,loss,loss,loss,loss,loss,loss,loss,loss,2024,False
short,1355,42002,42003,42004,42005,2024-09-06 11:15:00+00:00,2024-09-06 11:30:00+00:00,2024-09-06 11:45:00+00:00,2024-09-06 12:00:00+00:00,2520.364,2517.15,3.213999999999942,1.6970440256376391,5.481639169771155,12,80,1,1.6753953619628859,0.7683580208004809,0.9479987393633937,0.560225174611643,1.039650327817671,False,stalls,2516.249,2516.27,2519.097,2.8270000000002256,1.415815345194399,0.16,0.056597099398651304,0.11005101337376945,range,8.825093035619352,low,-0.7425548361984401,-0.010800568831950262,True,1.1003294399520815,London,11,Friday,3.6684992584182994,11.263419566119273,1.9967293119090068,2024-09,96,3.1216837637067965,4.582596391934522,4.996816413158499,4.582596391934522,5.612663600990069,4.582596391934522,11.04174036080568,4.582596391934522,2.0,3.1216837637067965,win,win,ambiguous,ambiguous,ambiguous,ambiguous,loss,loss,2024,False
short,1356,42070,42071,42072,42073,2024-09-09 05:15:00+00:00,2024-09-09 05:30:00+00:00,2024-09-09 05:45:00+00:00,2024-09-09 06:00:00+00:00,2500.54,2496.576,3.963999999999942,2.222903783056854,14.123989218328841,23,50,1,3.635490722895352,0.957581366651296,0.9685330865340533,3.241267372873171,2.0731182795698926,False,continues,2487.82,2487.839,2497.075,9.235999999999876,4.0451312999876015,0.16,0.01732351667388503,0.29055923601119,neutral,23.69413031771675,low,-3.8578674878978503,-0.403558106822775,True,2.7561290322580647,Asia,5,Monday,18.13432887353701,1.210999138638717,2.2832386182441557,2024-09,96,0.2529233434386982,0.621048072758765,0.2529233434386982,0.9563663923776745,0.2529233434386982,1.0659376353400158,0.2529233434386982,1.8896708531832187,14.0,0.2529233434386982,loss,loss,loss,loss,loss,loss,loss,loss,2024,False
long,1360,42190,42191,42192,42193,2024-09-10 12:15:00+00:00,2024-09-10 12:30:00+00:00,2024-09-10 12:45:00+00:00,2024-09-10 13:00:00+00:00,2507.935,2504.211,3.72400000000016,1.7771889475197495,12.48008497079129,1,11,1,1.8664301755503612,0.9322423932497256,0.9884939913065528,1.1811339004057544,0.9224704336399474,False,continues,2513.784,2513.817,2506.544,7.273000000000138,3.0086890966488005,0.159,0.021861680186992572,0.22016350315407984,neutral,33.633952254641905,mid,3.7294833859711525,0.20078459452575748,False,0.9469756480754125,Overlap,12,Tuesday,-2.718699950938525,11.699262524724729,2.417331856621909,2024-09,96,0.21201704936063345,1.0412484531829673,0.21201704936063345,1.7823456620376663,0.6323387872954864,1.7823456620376663,0.6323387872954864,1.7823456620376663,3.0,0.21201704936063345,loss,loss,loss,loss,loss,loss,loss,loss,2024,False
long,1364,42256,42257,42258,42259,2024-09-11 05:45:00+00:00,2024-09-11 06:00:00+00:00,2024-09-11 06:15:00+00:00,2024-09-11 06:30:00+00:00,2522.486,2518.516,3.9699999999998,2.2229345585300395,16.10123855681206,9,21,1,2.994522422926739,0.6750186985789374,0.753365744203446,1.330401136289192,1.3233963268565345,False,continues,2524.904,2524.857,2520.833,4.023999999999887,1.9626056680770174,0.159,0.039512922465209856,0.4331863562632816,trend,14.846691769768693,low,2.6547903380547058,0.35939693389524685,False,1.0065689742294088,Asia,6,Wednesday,-3.1643602322275624,12.12094335562901,2.0503354624174945,2024-09,96,1.044483101391673,0.14413518886678517,1.044483101391673,1.0372763419483337,1.044483101391673,1.2609343936382236,1.044483101391673,5.967445328031957,5.0,1.044483101391673,win,win,loss,loss,loss,loss,loss,loss,2024,False
short,1367,42365,42368,42369,42370,2024-09-12 10:00:00+00:00,2024-09-12 10:45:00+00:00,2024-09-12 11:00:00+00:00,2024-09-12 11:15:00+00:00,2520.223,2516.343,3.880000000000109,2.0572271360126977,15.26147278548559,4,2,3,1.9242408491748926,0.8435739887353086,0.9751664106502282,1.5301311002398479,1.3134628265237775,False,wick_inside,2515.593,2515.563,2517.046,1.4829999999997199,0.6576353075717731,0.159,0.10721510451788943,0.09911149011085905,range,27.95527156549521,low,-0.09567002937745812,0.012792946305692008,True,1.3422425032594525,London,11,Thursday,5.971931683796903,6.54043368265528,2.2550492391831742,2024-09,96,0.47336480107913564,3.709372892785427,0.47336480107913564,18.091706001351987,0.47336480107913564,26.747134187462713,0.47336480107913564,29.19824679703851,0.0,0.47336480107913564,loss,loss,loss,loss,loss,loss,loss,loss,2024,False
long,1377,42732,42734,42735,42736,2024-09-18 09:45:00+00:00,2024-09-18 10:15:00+00:00,2024-09-18 10:30:00+00:00,2024-09-18 10:45:00+00:00,2571.954,2567.958,3.9960000000000946,1.843636313699347,16.337426588360916,6,22,2,1.8342043080357282,0.9697355035604948,1.0,1.544052965309711,0.9550281074328545,False,continues,2576.246,2576.205,2571.332,4.873000000000047,2.136559742277731,0.159,0.03262877077775466,0.10429890363530622,range,31.503198294243067,mid,2.075824527191015,0.09203442118008111,True,1.3290488431876606,London,10,Wednesday,4.695783878472061,6.8332205178325855,2.2807693618738076,2024-09,96,0.7956084547506496,0.24399753745122907,0.9306382105478782,0.5589985635131703,0.9306382105478782,1.6909501333879955,4.911348245433975,1.9090909090908668,12.0,0.9306382105478782,win,loss,loss,loss,loss,loss,loss,loss,2024,False
long,1382,42900,42901,42902,42903,2024-09-20 05:45:00+00:00,2024-09-20 06:00:00+00:00,2024-09-20 06:15:00+00:00,2024-09-20 06:30:00+00:00,2595.237,2591.258,3.979000000000269,2.1274506207793293,16.370490037695205,6,14,1,2.0135659808631754,0.7153478491768204,0.7843866171004031,1.0490218944379839,0.8485175202156334,False,continues,2599.47,2599.51,2594.245,5.265000000000327,2.5148964371108886,0.159,0.03019943019942832,0.17153491669620474,neutral,21.732114039806348,low,4.1921283114491255,0.4466541707288685,False,0.9146131805157593,Asia,6,Friday,-2.1528277762691514,23.202964734870083,2.09352557119559,2024-09,96,1.9538461538459957,0.38062678062682537,1.9538461538459957,0.38062678062682537,2.512820512820274,0.38062678062682537,3.761823361823049,0.38062678062682537,,6.056030389363301,win,win,win,win,win,win,win,win,2024,False
long,1387,43064,43065,43066,43067,2024-09-24 00:45:00+00:00,2024-09-24 01:00:00+00:00,2024-09-24 01:15:00+00:00,2024-09-24 01:30:00+00:00,2627.507,2623.745,3.762000000000171,2.521437328270583,15.187806205770277,5,45,1,3.2741151910155875,0.7834186284545365,0.8458546571136667,0.9785482454213118,1.4688589935226706,False,wick_inside,2627.934,2627.967,2624.835,3.132000000000062,1.7336901183087736,0.159,0.050766283524903213,0.07866141194158927,range,10.386079390973354,low,0.5623939060917761,0.2348678182509195,True,1.2347740667976423,Asia,1,Tuesday,3.8454486755715918,7.82430070954483,1.8065512209617651,2024-09,96,0.6969987228607757,0.39367816091958824,1.3544061302680876,0.39367816091958824,3.8713282247764242,0.39367816091958824,3.8713282247764242,1.737867177522383,18.0,3.8713282247764242,win,win,win,win,win,win,win,loss,2024,False
short,1400,43626,43627,43628,43629,2024-10-02 03:15:00+00:00,2024-10-02 03:30:00+00:00,2024-10-02 03:45:00+00:00,2024-10-02 04:00:00+00:00,2662.081,2658.155,3.925999999999931,1.7348184145898016,14.723267060720044,1,53,1,1.5399496115246525,0.7446197991392137,0.9704447632711444,0.8024529396066182,1.0375454178441663,False,continues,2655.376,2655.351,2659.721,4.369999999999891,1.8773521734351952,0.159,0.03638443935926865,0.26541945892281,neutral,31.77670424047236,mid,-1.7602830722290586,-0.15557802546884633,True,1.2757367783609204,Asia,3,Wednesday,7.666642308266668,9.81464250670516,2.327746526110563,2024-10,96,0.6432494279176704,0.2803203661327093,2.4842105263159024,0.2803203661327093,2.4842105263159024,0.2803203661327093,2.4842105263159024,0.2803203661327093,38.0,2.6677345537757877,win,win,win,win,win,loss,loss,loss,2024,False
long,1404,43805,43806,43807,43808,2024-10-04 02:00:00+00:00,2024-10-04 02:15:00+00:00,2024-10-04 02:30:00+00:00,2024-10-04 02:45:00+00:00,2659.205,2655.452,3.7529999999997017,2.13713878127447,12.661637931034484,10,35,1,1.7840809490365082,0.8509415895307825,0.9163740823491386,1.1798964974157482,0.90847711927982,False,continues,2663.18,2663.158,2658.406,4.751999999999953,2.4637550973666857,0.159,0.03345959595959629,0.061073228579895555,range,11.894510226049515,low,2.944475784245703,0.5099467436606036,False,1.014630288651641,Asia,2,Friday,-0.10991500013504119,13.02492751600297,1.9287631327801176,2024-10,96,0.09111952861952799,0.40845959595955866,0.5778619528619785,0.5319865319864936,0.9896885521885567,0.5319865319864936,0.9896885521885567,1.3415404040404173,25.0,0.9896885521885567,win,loss,loss,loss,loss,loss,loss,loss,2024,False
short,1409,43937,43938,43939,43940,2024-10-07 12:00:00+00:00,2024-10-07 12:15:00+00:00,2024-10-07 12:30:00+00:00,2024-10-07 12:45:00+00:00,2659.613,2655.054,4.558999999999742,1.7336216357171998,19.936708860759495,2,19,1,3.2771114842315345,0.8840798329078373,0.8840798329078373,2.1066602022096443,1.5632703368940017,False,continues,2643.181,2643.148,2657.133,13.984999999999673,4.074474114151788,0.159,0.011369324276010277,0.02107191937700586,range,71.86512118018967,high,-1.8742706563312248,0.05873238427527219,True,2.1244864420706655,Overlap,12,Monday,7.862263742903269,3.251421602712508,3.4323447905647155,2024-10,96,0.38755809796211654,0.7592420450482793,0.38755809796211654,0.7592420450482793,0.38755809796211654,0.7592420450482793,0.38755809796211654,0.7592420450482793,,1.0483375044691028,win,win,none,none,none,none,none,none,2024,False
long,1415,44092,44093,44094,44095,2024-10-09 04:45:00+00:00,2024-10-09 05:00:00+00:00,2024-10-09 05:15:00+00:00,2024-10-09 05:30:00+00:00,2618.9,2614.848,4.052000000000135,1.661801328584952,12.426352437064809,1,52,1,2.174859932252288,0.8917593814821738,0.9422968131246425,0.7168876412553006,1.70269371466578,False,continues,2621.661,2621.7,2615.651,6.048999999999978,2.294503959492589,0.159,0.026285336419242945,0.22646681588411657,neutral,38.57677902621723,mid,0.7069501401508019,-0.0494100196058711,True,1.0565669700910274,Asia,5,Wednesday,11.87383988163275,6.438949365578877,2.636299656391818,2024-10,96,0.4332947594643915,1.3504711522565545,0.4332947594643915,2.076541577120142,0.4332947594643915,2.076541577120142,0.4332947594643915,2.076541577120142,3.0,0.4332947594643915,loss,loss,loss,loss,loss,loss,loss,loss,2024,False
short,1421,44209,44210,44211,44212,2024-10-10 11:00:00+00:00,2024-10-10 11:15:00+00:00,2024-10-10 11:30:00+00:00,2024-10-10 11:45:00+00:00,2618.912,2614.43,4.481999999999971,2.0353326837856005,16.807610993657505,5,16,1,2.0148976166792862,0.7254901960784595,0.7953572233491272,0.10035888512196073,1.034355828220859,False,continues,2612.608,2612.649,2617.738,5.088999999999942,2.1123364711057446,0.159,0.03124385930438236,0.1916347352384516,neutral,29.883843717001056,low,-0.23735597981436166,0.08101121017171306,True,1.3337367624810892,London,11,Thursday,4.8618190383299895,3.1097710437266297,2.4091805778158077,2024-10,96,2.0603261937511874,2.3377873845549364,2.0603261937511874,2.973472194930288,2.0603261937511874,3.3666732167420834,2.0603261937511874,3.679111809785846,3.0,2.0603261937511874,ambiguous,ambiguous,ambiguous,ambiguous,loss,loss,loss,loss,2024,False
long,1426,44356,44359,44360,44361,2024-10-14 01:45:00+00:00,2024-10-14 02:30:00+00:00,2024-10-14 02:45:00+00:00,2024-10-14 03:00:00+00:00,2648.438,2643.556,4.882000000000062,1.8748216785440823,19.730458221024257,1,50,3,2.1141817362575477,0.7909284195606161,0.872253720765409,1.5163372906396904,1.4493122771268467,False,continues,2655.131,2655.124,2647.563,7.560999999999694,2.5741683153629444,0.159,0.02102896442269626,0.007429712303206207,range,52.33996772458311,mid,2.3888810124294153,0.16668604279693164,True,1.0991347342398021,Asia,2,Monday,2.155410607666155,9.212669569332622,2.9372593683461727,2024-10,96,0.3082925538950172,0.1810607062557522,0.6938235683111105,0.1810607062557522,1.549265970109889,0.1810607062557522,1.549265970109889,0.1810607062557522,45.0,1.549265970109889,win,win,win,loss,loss,loss,loss,loss,2024,False
long,1431,44536,44537,44538,44539,2024-10-16 00:45:00+00:00,2024-10-16 01:00:00+00:00,2024-10-16 01:15:00+00:00,2024-10-16 01:30:00+00:00,2662.613,2658.722,3.8909999999996217,2.108377042050818,8.914100486223662,5,39,1,2.7391020168510862,0.7125618199802133,0.72878338278929,0.6263900952482332,1.313637336758724,False,wick_inside,2663.663,2663.689,2660.085,3.6039999999998145,1.7061685516609233,0.159,0.0441176470588258,0.2740889613590702,neutral,10.955207771181867,low,0.9023925886568724,0.29577220080516053,True,1.0421751230999785,Asia,1,Wednesday,2.4934488794667726,12.160948322715935,2.1123352651714202,2024-10,96,1.8010543840178468,0.7161487236403465,1.8010543840178468,0.7161487236403465,1.8010543840178468,0.7161487236403465,5.076026637070274,0.7161487236403465,,6.022475027747237,win,win,win,win,win,win,win,win,2024,False
long,1438,44720,44721,44722,44723,2024-10-18 00:45:00+00:00,2024-10-18 01:00:00+00:00,2024-10-18 01:15:00+00:00,2024-10-18 01:30:00+00:00,2695.827,2692.303,3.524000000000342,1.965295622134184,8.26580226904376,5,38,1,3.1804996972276145,0.7431176573732856,0.7832719621251383,0.7969374131750154,1.1090664272890485,False,continues,2699.785,2699.816,2692.789,7.026999999999589,3.17572777953536,0.159,0.02262701010388634,0.3077657007090425,neutral,16.351861845655694,low,2.1341640047461357,0.7057328782497704,False,1.0812387791741471,Asia,1,Friday,-1.354440893022276,12.045349723631741,2.21272114231016,2024-10,96,1.4482709548883919,0.03600398463066977,1.7287604952327948,0.03600398463066977,1.8115838907073805,0.03600398463066977,2.035292443432613,0.03600398463066977,,4.284616479294427,win,win,win,win,win,win,win,win,2024,False
long,1441,44812,44813,44814,44815,2024-10-21 00:45:00+00:00,2024-10-21 01:00:00+00:00,2024-10-21 01:15:00+00:00,2024-10-21 01:30:00+00:00,2725.83,2721.425,4.404999999999745,1.8652901393969261,14.58670988654781,5,42,1,3.30670844462016,0.8419772057881486,0.9212447176334715,1.0179699194348384,2.262205387205387,True,wick_inside,2727.303,2727.327,2721.04,6.287000000000262,2.267239929071585,0.159,0.025290281533321676,0.23542360900737302,neutral,43.98273070696168,mid,1.035972581431962,0.5261377431448462,False,1.5505050505050506,Asia,1,Monday,-1.6841117335396893,12.621822414108824,2.7729751577614166,2024-10,96,0.413074598377548,0.4098934308891551,0.8046763162079738,0.4098934308891551,0.8746620009542814,0.4098934308891551,1.4146651821217444,0.6001272466995358,54.0,2.10354700174954,win,win,win,win,loss,loss,loss,loss,2024,False
long,1443,44904,44906,44907,44908,2024-10-22 00:45:00+00:00,2024-10-22 01:15:00+00:00,2024-10-22 01:30:00+00:00,2024-10-22 01:45:00+00:00,2725.184,2720.38,4.804000000000087,2.308308180970254,17.07185305240411,5,39,2,1.5971017094859372,0.9615153337341685,0.9741431148526039,1.4996237638977445,0.9435270132517839,False,continues,2730.014,2729.992,2725.067,4.925000000000182,2.247286349135714,0.159,0.03228426395938967,0.11009688262045068,range,13.430420711974108,low,2.572255346879908,1.1096648492564574,False,1.038532110091743,Asia,1,Tuesday,4.808508334455087,7.214131407072935,2.191532023453216,2024-10,96,0.13928934010145566,0.4726903553299266,0.6341116751267974,0.4726903553299266,1.2190862944161793,0.4726903553299266,1.7005076142131352,0.4726903553299266,,3.8408121827409167,win,win,win,win,win,win,win,none,2024,False
long,1444,44914,44917,44918,44919,2024-10-22 03:15:00+00:00,2024-10-22 04:00:00+00:00,2024-10-22 04:15:00+00:00,2024-10-22 04:30:00+00:00,2732.504,2727.664,4.839999999999691,2.184606554678636,17.302525523911875,1,4,3,1.9396992442645418,0.9273743016759863,0.9273743016759863,1.075150273357245,1.291346153846154,False,stalls,2733.765,2733.807,2730.968,2.838999999999942,1.2343300686984098,0.16,0.056357872490314646,0.013758040709224786,range,19.142091152815013,low,2.702746547706947,0.4778188464703714,False,1.9125,Asia,4,Tuesday,2.95082711386284,8.504660258474713,2.3000330883891067,2024-10,96,0.7710461430082249,0.22261359633660446,1.1743571680170326,1.6879182810848943,1.6061993659741083,1.6879182810848943,1.9623106727722726,1.6879182810848943,5.0,0.7710461430082249,win,loss,loss,loss,loss,loss,loss,loss,2024,False
short,1446,44997,44998,44999,45000,2024-10-23 01:00:00+00:00,2024-10-23 01:15:00+00:00,2024-10-23 01:30:00+00:00,2024-10-23 01:45:00+00:00,2748.111,2744.616,3.494999999999891,1.9661082958725855,6.749460043196544,6,42,1,1.8552861687520572,0.7625833838689199,0.8420254699817619,0.9073913251050767,0.7588175331294598,False,continues,2738.814,2738.86,2745.78,6.920000000000073,3.250256123275729,0.16,0.02312138728323675,0.2148253354285048,neutral,9.870550161812297,low,-2.7816255299762744,-0.9016694193792368,True,1.1754098360655738,Asia,1,Wednesday,4.74105279022327,9.444060674957269,2.1290629838198227,2024-10,96,0.14754335260118134,0.21618497109827728,0.14754335260118134,0.7403179190751435,0.14754335260118134,2.025289017341001,0.14754335260118134,2.8393063583814273,8.0,0.14754335260118134,loss,loss,loss,loss,loss,loss,loss,loss,2024,False
short,1454,45183,45184,45185,45186,2024-10-25 01:30:00+00:00,2024-10-25 01:45:00+00:00,2024-10-25 02:00:00+00:00,2024-10-25 02:15:00+00:00,2735.192,2731.251,3.9409999999998035,2.0541623142113776,9.978425026968717,8,42,1,1.734127891241087,0.9293657950104769,0.9293657950104769,0.6400688459405816,0.787660862982589,False,continues,2729.138,2729.191,2733.115,3.923999999999978,1.9025931236943758,0.16,0.04077471967380247,0.09336314990815908,range,7.758620689655173,low,-1.8591972608987035,-0.44740718803162116,False,0.952514619883041,Asia,2,Friday,6.821989105601511,6.779321369901849,2.062448324411327,2024-10,96,1.2079510703363425,0.24592252803265824,1.228083588175328,0.24592252803265824,1.3577981651376156,0.24592252803265824,3.1174821610600887,0.860346585117284,47.0,3.1174821610600887,win,win,win,win,win,win,loss,loss,2024,False
long,1461,45452,45453,45454,45455,2024-10-29 23:45:00+00:00,2024-10-30 00:00:00+00:00,2024-10-30 00:15:00+00:00,2024-10-30 00:30:00+00:00,2775.399,2772.938,2.4609999999997854,1.270802716166675,1.8408229561451002,1,31,1,2.0711863854309285,0.861381201695229,0.9025180752929356,1.5486133058856197,1.244150110375276,False,stalls,2777.405,2777.469,2774.778,2.6910000000002583,1.3091395160938648,0.16,0.05945745076179288,0.32661973086176044,neutral,7.9502433747971875,low,1.016175344082825,0.5403218361570926,True,0.8520102651839179,Asia,0,Wednesday,-1.2906529677432232,18.307034236389413,2.055548676759456,2024-10,96,0.8636194723150673,0.21367521367529455,1.7395020438497177,0.21367521367529455,1.7395020438497177,0.5221107395020681,4.590115198810359,0.5221107395020681,47.0,4.590115198810359,win,win,win,win,win,win,win,win,2024,False
short,1467,45571,45572,45573,45574,2024-10-31 06:30:00+00:00,2024-10-31 06:45:00+00:00,2024-10-31 07:00:00+00:00,2024-10-31 07:15:00+00:00,2786.563,2782.129,4.4340000000001965,1.9043310752006035,15.314834578441836,5,17,1,2.0619516220201985,0.8156634034576596,0.9635492605707707,0.9732102427615069,0.961224993825636,False,stalls,2781.088,2781.034,2784.489,3.4549999999999272,1.3356010741691406,0.16,0.04630969609262037,0.09939440138906235,range,36.88699360341152,mid,-1.628709679780165,-0.22416073226424507,False,1.3845262242828165,Other,7,Thursday,3.4741090748358374,3.965440179110763,2.5868502705040397,2024-10,96,0.6037626628076075,0.8732272069464223,1.198552821997153,0.8732272069464223,2.2555716353112256,0.8732272069464223,14.332561505065492,0.8732272069464223,,14.332561505065492,win,win,win,win,win,win,win,win,2024,False
short,1473,45826,45827,45828,45829,2024-11-05 02:15:00+00:00,2024-11-05 02:30:00+00:00,2024-11-05 02:45:00+00:00,2024-11-05 03:00:00+00:00,2736.677,2732.886,3.7910000000001673,1.8939284357499702,9.498111171073933,7,48,1,4.574703953089423,0.847766735830539,0.9211532161188445,3.311252353508453,2.272176308539945,False,stalls,2728.384,2728.351,2734.693,6.342000000000098,2.406842913451873,0.16,0.02522863450015729,0.12894430780376848,range,38.2210242587601,mid,-1.7362988002275246,-0.8087163883552189,False,1.4517906336088153,Asia,2,Tuesday,7.526033083674498,-1.2743895464162227,2.6349870880872976,2024-11,96,0.10548722800383371,1.2067171239356156,0.10548722800383371,1.2639545884578922,0.10548722800383371,1.656102175969653,0.10548722800383371,2.630558183538274,3.0,0.10548722800383371,loss,loss,loss,loss,loss,loss,loss,loss,2024,False
short,1478,46116,46117,46118,46119,2024-11-08 05:45:00+00:00,2024-11-08 06:00:00+00:00,2024-11-08 06:15:00+00:00,2024-11-08 06:30:00+00:00,2696.337,2693.237,3.099999999999909,1.0780153052896617,3.85645420460632,3,20,1,2.3657219748018252,0.6601499338527212,0.7458474202557924,0.885015790955596,1.260100343279641,False,continues,2687.059,2687.1,2695.766,8.666000000000167,2.6257006118926713,0.159,0.018347565197322516,0.46000293915939944,trend,66.02461209202782,mid,-3.5066767400658176,-0.4115692241406394,False,1.5336678109321362,Asia,6,Friday,7.059941144439161,13.286360204489222,3.300452443339873,2024-11,96,0.7862912531732886,0.23794138010614566,0.7862912531732886,0.23794138010614566,0.7862912531732886,0.5468497576736604,0.7862912531732886,1.9571890145395698,28.0,0.7862912531732886,win,loss,loss,loss,loss,loss,loss,loss,2024,False
short,1480,46188,46189,46190,46191,2024-11-11 00:45:00+00:00,2024-11-11 01:00:00+00:00,2024-11-11 01:15:00+00:00,2024-11-11 01:30:00+00:00,2686.141,2681.526,4.6150000000002365,1.9368430222430784,14.45587439090417,1,36,1,3.6520927366324685,0.7188002757986086,0.8244081820270963,1.6031940075769484,1.496073745305565,False,continues,2675.691,2675.624,2684.88,9.256000000000313,3.0692166009675215,0.159,0.017178046672428116,0.20988492737219014,neutral,54.624121146565706,mid,-1.6423388572888553,-0.9830328582706301,True,1.3144417890064868,Asia,1,Monday,11.515199319554503,-1.523665760743957,3.0157532697700473,2024-11,96,0.4669403630077264,0.29742869490061186,0.9917891097665866,0.29742869490061186,0.9917891097665866,0.29742869490061186,1.2120786516853086,0.29742869490061186,,7.032627484874395,win,win,win,win,win,win,win,win,2024,False
long,1484,46372,46373,46374,46375,2024-11-13 00:45:00+00:00,2024-11-13 01:00:00+00:00,2024-11-13 01:15:00+00:00,2024-11-13 01:30:00+00:00,2599.935,2597.66,2.275000000000091,0.9978427888700753,1.2994044396318354,1,42,1,2.323328902261364,0.6747215404946294,0.6747215404946294,1.3281177866807534,0.7570987200235398,False,continues,2608.268,2608.327,2599.389,8.938000000000102,3.2730006027575826,0.159,0.017789214589393396,0.25617001230076825,neutral,35.69497025419145,mid,2.3193659242971676,1.1641570235020997,True,1.151160902743952,Asia,1,Wednesday,6.918049606992054,6.837487945254975,2.73082748364593,2024-11,96,0.3199820989035176,0.35500111881854923,0.5580666815842216,0.35500111881854923,0.5580666815842216,0.35500111881854923,0.5580666815842216,0.8162899977623845,54.0,1.1763257999551968,win,win,loss,loss,loss,loss,loss,loss,2024,False
short,1494,46763,46765,46766,46767,2024-11-19 06:30:00+00:00,2024-11-19 07:00:00+00:00,2024-11-19 07:15:00+00:00,2024-11-19 07:30:00+00:00,2625.134,2620.826,4.307999999999993,1.8153104878611335,9.411764705882353,9,18,2,2.812422834101751,0.8770341021650366,0.8968444884675515,0.7322566880922069,1.1431595660227574,True,continues,2618.596,2618.562,2625.324,6.762000000000171,2.4181423995369706,0.159,0.02351375332741733,0.668299986388998,trend,31.927389215162837,mid,-0.4192370609531868,0.11522384184217056,True,1.1407524335701131,Other,7,Tuesday,-1.2455471720774147,18.08385729106505,2.7963613728021013,2024-11,96,0.09923099674649583,0.5198166223011296,0.09923099674649583,1.9773735581188636,0.09923099674649583,2.6492162082223842,0.09923099674649583,3.09242827565802,4.0,0.09923099674649583,loss,loss,loss,loss,loss,loss,loss,loss,2024,False
short,1499,46852,46853,46854,46855,2024-11-20 05:45:00+00:00,2024-11-20 06:00:00+00:00,2024-11-20 06:15:00+00:00,2024-11-20 06:30:00+00:00,2638.805,2634.888,3.9169999999999163,1.7913163692655871,6.588109266202463,2,57,1,2.8783623252891526,0.944709246901817,0.9866539561486671,1.8347616220304266,1.332821300563236,False,stalls,2631.184,2631.225,2637.086,5.860999999999876,2.2822866196505007,0.159,0.027128476369220843,0.16606835038667034,neutral,20.38523274478331,low,-2.4140246522094566,-0.3652298991305043,False,1.4268323611463354,Asia,6,Wednesday,3.2277552960728295,8.108912569118443,2.5680385406182697,2024-11,96,0.9481317181368207,0.06329977819486476,2.114314963316855,0.06329977819486476,2.114314963316855,0.06329977819486476,2.114314963316855,1.8532673605187355,27.0,2.114314963316855,win,win,win,win,loss,loss,loss,loss,2024,False
long,1500,46875,46876,46877,46878,2024-11-20 11:30:00+00:00,2024-11-20 11:45:00+00:00,2024-11-20 12:00:00+00:00,2024-11-20 12:15:00+00:00,2626.2,2620.871,5.3289999999997235,1.8483407600846549,17.77777777777778,7,18,1,1.7768905449266779,0.8571149716962787,0.9910208861995273,0.6538041532670592,1.0188976377952756,False,continues,2628.472,2628.483,2623.008,5.475000000000364,1.8269345689887582,0.159,0.02904109589040903,0.09142228005204546,range,39.37632135306554,mid,-0.8141554433291013,-0.1788732597855995,True,1.0850356294536818,London,12,Wednesday,3.6708871586198235,6.043733134889925,2.9968232540648003,2024-11,96,1.2927853881277633,0.25899543378995904,2.190136986301222,0.25899543378995904,3.9227397260271113,0.25899543378995904,4.922374429223384,0.25899543378995904,,8.226301369862423,win,win,win,win,win,win,win,win,2024,False
long,1505,47016,47017,47018,47019,2024-11-22 00:45:00+00:00,2024-11-22 01:00:00+00:00,2024-11-22 01:15:00+00:00,2024-11-22 01:30:00+00:00,2673.589,2668.146,5.442999999999756,2.3116211382505685,17.81266919328641,1,48,1,2.243245058284108,0.8606588413480017,0.8759939416888061,1.730636806608877,1.6124643405749397,False,stalls,2675.952,2675.989,2673.037,2.9520000000002256,1.1356842311130575,0.16,0.054200542005415915,0.32847100889846714,neutral,18.38831800973499,low,1.0253609733774274,1.133494283806527,True,0.8948869870528857,Asia,1,Friday,-0.9348620195138378,10.380430868526645,2.5993140691114816,2024-11,96,1.9457994579944793,0.07859078590784321,4.922086720866746,0.07859078590784321,5.552506775067353,0.07859078590784321,8.291327913278538,0.07859078590784321,,15.395663956638344,win,win,win,win,win,win,win,win,2024,False
long,1508,47310,47311,47312,47313,2024-11-27 05:15:00+00:00,2024-11-27 05:30:00+00:00,2024-11-27 05:45:00+00:00,2024-11-27 06:00:00+00:00,2640.656,2636.555,4.101000000000113,1.5704754429618255,5.683646112600536,5,14,1,2.2628479376886945,0.9099678456592167,0.9099678456592167,1.7408879209228716,1.400268456375839,False,stalls,2642.024,2642.075,2639.825,2.25,0.7782738682325304,0.159,0.07066666666666667,0.35882691201839984,trend,25.334761649705413,low,2.244761610225172,0.4529517413029299,False,1.1135394456289978,Asia,5,Wednesday,-0.010722884406741691,12.767842232977339,2.8910131662389973,2024-11,96,2.634222222222282,1.3991111111109704,2.8568888888890394,1.3991111111109704,5.264444444444558,1.3991111111109704,7.1622222222223275,1.3991111111109704,0.0,0.5217777777777681,ambiguous,loss,loss,loss,loss,loss,loss,loss,2024,False
long,1515,47461,47462,47463,47464,2024-11-29 00:45:00+00:00,2024-11-29 01:00:00+00:00,2024-11-29 01:15:00+00:00,2024-11-29 01:30:00+00:00,2639.268,2635.615,3.6530000000002474,1.6704532034396333,3.002183406113537,1,39,1,3.5224475844770273,0.6880436193690438,0.9601453978968915,0.9589215350704244,0.9374001452432825,True,continues,2644.926,2644.925,2633.969,10.956000000000131,4.0537060291307965,0.159,0.01451259583789687,0.007723458439441641,range,14.285714285714285,low,2.0012081351580617,0.5727528200227147,True,0.9666969421737814,Asia,1,Friday,1.7567539454466032,8.910309291121413,2.7027120174151693,2024-11,96,1.6317086527929663,0.11710478276746451,1.6317086527929663,0.11710478276746451,1.7699890470974438,0.11710478276746451,1.9585615188024255,0.11710478276746451,74.0,1.9585615188024255,win,win,win,loss,loss,loss,loss,loss,2024,False
short,1517,47487,47490,47491,47492,2024-11-29 07:15:00+00:00,2024-11-29 08:00:00+00:00,2024-11-29 08:15:00+00:00,2024-11-29 08:30:00+00:00,2666.383,2660.332,6.050999999999931,1.8843689315142491,19.106566200215287,1,24,3,1.9387758964575745,0.6266732771442199,0.9542224425714715,1.142887724783299,0.843358653253952,False,stalls,2659.826,2659.778,2662.539,2.761000000000422,0.8250196913497536,0.159,0.05758783049618823,0.3545988617587619,trend,43.340494092373795,mid,1.460777620681887,0.15938580884665807,True,0.7275080906148867,London,8,Friday,-3.033538539145764,11.648285986306105,3.3465867893205727,2024-11,96,1.9221296631651494,0.8018833755885759,1.9221296631651494,1.9699384281055683,1.9221296631651494,2.223469757334004,3.3469757334294,2.223469757334004,5.0,1.9221296631651494,win,win,win,loss,loss,loss,loss,loss,2024,False
long,1524,47651,47652,47653,47654,2024-12-03 05:45:00+00:00,2024-12-03 06:00:00+00:00,2024-12-03 06:15:00+00:00,2024-12-03 06:30:00+00:00,2643.004,2637.08,5.923999999999978,2.194918422022151,15.288356909684438,4,17,1,2.001881200909228,0.8004812141403063,0.8004812141403063,0.9285053284247496,1.0729241877256317,False,continues,2649.257,2649.285,2641.185,8.099999999999909,2.6642346027931256,0.16,0.019753086419753308,0.24957744068123128,neutral,26.25,low,2.8978014314055716,0.2913419824278346,False,1.750661853188929,Asia,6,Tuesday,0.8344645910229287,9.025176946424816,3.040272801617412,2024-12,96,0.0674074074074423,0.5055555555555366,0.0674074074074423,1.2488888888889011,0.0674074074074423,1.2488888888889011,0.6579012345679306,1.4324691358024932,6.0,0.0674074074074423,loss,loss,loss,loss,loss,loss,loss,loss,2024,False
short,1525,47676,47677,47678,47679,2024-12-03 12:00:00+00:00,2024-12-03 12:15:00+00:00,2024-12-03 12:30:00+00:00,2024-12-03 12:45:00+00:00,2645.584,2641.644,3.9400000000000546,1.5058869046496397,3.1669350509930223,6,14,1,1.7352097835302576,0.7662995594713309,0.870044052863403,1.0793463499314577,0.9541036717062635,False,stalls,2640.412,2640.377,2642.77,2.393000000000029,0.8728711686903023,0.159,0.0664437944003335,0.05364409914909875,range,13.083109919571045,low,-0.686339277272413,-0.023235513594618343,True,0.8900789177001127,London,12,Tuesday,4.151700644393211,6.782351237203064,2.7415271415031395,2024-12,96,1.1262014208107525,3.085666527371469,1.1262014208107525,6.388633514416977,2.1776013372334817,6.388633514416977,2.1776013372334817,6.388633514416977,1.0,1.1262014208107525,win,ambiguous,loss,loss,loss,loss,loss,loss,2024,False
short,1532,47770,47771,47772,47773,2024-12-04 12:30:00+00:00,2024-12-04 12:45:00+00:00,2024-12-04 13:00:00+00:00,2024-12-04 13:15:00+00:00,2647.678,2641.419,6.2590000000000146,2.343513806652927,18.65951742627346,1,21,1,2.977786436221541,0.7582044511505368,0.8908587954231182,1.6253704161495584,1.9681978798586572,False,continues,2634.74,2634.733,2644.163,9.429999999999836,2.8732475149668097,0.159,0.016861081654295097,0.06024226110363398,range,36.31494376004285,mid,-2.5850928074155766,-0.18468438390159503,True,1.4411134903640257,Overlap,13,Wednesday,6.375684438036274,0.2154173905706495,3.282000576309127,2024-12,96,0.010392364793208701,1.6445387062566363,0.010392364793208701,1.9923647932131852,0.010392364793208701,2.376882290562052,0.010392364793208701,2.376882290562052,0.0,0.010392364793208701,loss,loss,loss,loss,loss,loss,loss,loss,2024,False
long,1535,47833,47834,47835,47836,2024-12-05 05:15:00+00:00,2024-12-05 05:30:00+00:00,2024-12-05 05:45:00+00:00,2024-12-05 06:00:00+00:00,2649.653,2645.5,4.152999999999793,1.8356249277582006,4.411764705882353,19,12,1,2.658628447018034,0.6555278470490175,0.6917705735660336,1.3220212277690886,1.7327478042659974,False,continues,2653.204,2653.159,2648.483,4.675999999999931,1.8259869133778879,0.159,0.03400342172797313,0.08793888749417476,range,8.54189336235038,low,1.7518837339564364,0.21899514892682345,True,1.2685069008782937,Asia,5,Thursday,1.5397490161353022,8.151336789959592,2.5608069618362226,2024-12,96,0.21535500427717638,1.409965782720359,0.21535500427717638,1.6753635585971778,0.21535500427717638,2.4247219846023014,0.2904191616765911,2.4247219846023014,2.0,0.21535500427717638,loss,loss,loss,loss,loss,loss,loss,loss,2024,False
short,1537,47863,47865,47866,47867,2024-12-05 12:45:00+00:00,2024-12-05 13:15:00+00:00,2024-12-05 13:30:00+00:00,2024-12-05 13:45:00+00:00,2653.397,2647.51,5.886999999999716,2.169993094304178,15.809217577706324,4,18,2,2.298302211906958,0.7790244662615422,0.8172043010753016,0.07592957284171754,0.9564821834723275,False,wick_inside,2644.992,2644.951,2652.542,7.5909999999998945,2.309309942279488,0.159,0.020945856935845372,0.03419977789907662,range,39.325842696629216,mid,-1.032437510815157,0.03877931286372913,True,1.418347232752085,Overlap,13,Thursday,3.697755545831508,3.851993477689881,3.287129138025935,2024-12,96,0.08523251218547537,0.6996443156369678,1.7357396917402337,0.6996443156369678,2.8076669740482676,0.6996443156369678,2.833223554208979,0.6996443156369678,,4.218153076011122,win,win,win,win,win,win,win,win,2024,False
short,1539,47907,47908,47909,47910,2024-12-06 00:45:00+00:00,2024-12-06 01:00:00+00:00,2024-12-06 01:15:00+00:00,2024-12-06 01:30:00+00:00,2633.832,2628.215,5.616999999999734,2.421949199959859,14.85148514851485,1,1,1,7.578454537741953,0.7386208466090097,0.8475762403277148,5.435048898966621,2.5195563339171043,False,stalls,2618.512,2618.517,2630.507,11.990000000000236,3.3623979036970084,0.16,0.013344453711425926,0.2946224090447865,neutral,52.69230769230769,mid,-1.477360895976412,-2.4542544291654766,False,1.485503016151002,Asia,1,Friday,10.377722837715476,-1.383098120186206,3.5659075289147206,2024-12,96,0.17047539616345528,0.4733944954128669,0.17047539616345528,1.657047539616347,0.17047539616345528,2.1734778982485308,0.17047539616345528,2.269891576313579,7.0,0.17047539616345528,loss,loss,loss,loss,loss,loss,loss,loss,2024,False
long,1543,48049,48050,48051,48052,2024-12-09 13:15:00+00:00,2024-12-09 13:30:00+00:00,2024-12-09 13:45:00+00:00,2024-12-09 14:00:00+00:00,2658.669,2653.322,5.346999999999753,1.6619588990706071,12.901498929336189,1,44,1,1.991118142406343,0.7858257883233984,0.80799250702466,0.8914340980988626,0.9892857142857143,False,continues,2665.491,2665.517,2656.361,9.155999999999949,2.5767343656088286,0.159,0.017365661861074803,0.2214859151584212,neutral,52.51336898395722,mid,5.18094950552628,0.4302503707725322,False,0.85003885003885,Overlap,13,Monday,-5.560410397083773,14.791738560113656,3.553334842040102,2024-12,96,1.0619266055045884,0.3160768894713624,1.1920052424639882,0.3160768894713624,1.1920052424639882,0.3160768894713624,1.1920052424639882,0.9685452162516369,,2.8680646570555224,win,win,win,win,win,none,none,none,2024,False
short,1550,48193,48194,48195,48196,2024-12-11 03:15:00+00:00,2024-12-11 03:30:00+00:00,2024-12-11 03:45:00+00:00,2024-12-11 04:00:00+00:00,2704.348,2698.292,6.05600000000004,2.1230745958181587,18.927789934354486,2,13,1,2.897141423355583,0.792473378509237,0.8115924491771823,1.5621566048490638,2.4515441959531414,False,wick_inside,2695.704,2695.65,2700.543,4.893000000000029,1.4579836907619823,0.159,0.03249540159411385,0.5217089989258145,trend,46.666666666666664,mid,-0.9749911312069397,-0.19466508949412348,True,2.3768395657418577,Asia,3,Wednesday,-0.05423115301840069,11.24730275730668,3.356004618572114,2024-12,96,2.59636215001024,0.12528101369299516,4.10463928060498,0.12528101369299516,4.10463928060498,0.5297363580625553,4.10463928060498,0.8401798487635095,38.0,4.10463928060498,win,win,win,win,win,win,win,win,2024,False
long,1551,48232,48234,48235,48236,2024-12-11 13:00:00+00:00,2024-12-11 13:30:00+00:00,2024-12-11 13:45:00+00:00,2024-12-11 14:00:00+00:00,2698.09,2693.739,4.351000000000113,1.2492220850597022,6.695232994108196,3,12,2,2.1879700274530713,0.6740994854202127,0.8000490075961763,0.5701803783867225,0.30974865610925467,True,wick_inside,2700.991,2701.259,2693.687,7.572000000000116,1.8624610126803904,0.167,0.022054939249867598,0.13436486067858922,range,70.26737967914438,high,1.8810046321131015,0.025098445214133083,False,0.27635711081202335,Overlap,13,Wednesday,-1.3451927203313516,10.584691595176153,4.065588459810362,2024-12,96,0.7431325937664905,0.616877971473818,1.9377971473850435,0.616877971473818,2.4642102482831243,0.616877971473818,2.6147649234019643,0.616877971473818,92.0,3.2946381405176615,win,win,win,win,win,win,loss,loss,2024,False
long,1560,48488,48489,48490,48491,2024-12-16 08:00:00+00:00,2024-12-16 08:15:00+00:00,2024-12-16 08:30:00+00:00,2024-12-16 08:45:00+00:00,2655.868,2651.693,4.174999999999727,1.6832052639152248,5.5224688684353005,21,28,1,1.6239403121079328,0.7835153922542482,0.9575471698113628,1.036935075159386,0.8959731543624161,False,continues,2658.512,2658.5,2654.583,3.9169999999999163,1.4486292313606275,0.16,0.040847587439367734,0.22461421879306115,neutral,17.847485127095727,low,2.0205960448844573,0.29177199265095766,False,2.4133489461358315,London,8,Monday,12.672639581772728,4.610317078923276,2.7039354965389366,2024-12,96,0.4153689047740586,0.6428389073270572,0.515700791422013,0.6926219045188284,1.5182537656370292,0.6926219045188284,1.5182537656370292,2.5516977278529756,24.0,1.5182537656370292,win,win,win,loss,loss,loss,loss,loss,2024,False
long,1563,48551,48552,48553,48554,2024-12-17 00:45:00+00:00,2024-12-17 01:00:00+00:00,2024-12-17 01:15:00+00:00,2024-12-17 01:30:00+00:00,2655.483,2651.122,4.361000000000331,2.293905410778947,7.755775577557755,1,1,1,1.6069435977823379,0.6854337152210027,0.9780687397708638,0.9562760919044371,2.189518263631551,False,stalls,2656.055,2656.073,2654.313,1.7599999999997635,0.8922016382598228,0.159,0.09034090909092123,0.03622555634938779,range,0.6043956043956045,low,1.06286548550638,0.9178413123569898,False,1.6611964002117523,Asia,1,Tuesday,4.254179629703232,6.361499067343182,1.9726482495958213,2024-12,96,1.4500000000002713,0.6306818181817169,1.4500000000002713,2.718181818181985,1.4500000000002713,4.0187500000004635,1.4500000000002713,8.523863636364755,5.0,1.4500000000002713,win,win,loss,loss,loss,loss,loss,loss,2024,False
short,1565,48567,48573,48574,48575,2024-12-17 04:45:00+00:00,2024-12-17 06:15:00+00:00,2024-12-17 06:30:00+00:00,2024-12-17 06:45:00+00:00,2656.214,2650.882,5.33199999999988,2.572316827874112,15.485278080697928,2,1,6,2.2917880536574278,0.6400000000000209,0.7751196172249287,1.3162977892873735,2.64625,False,continues,2647.171,2647.213,2651.931,4.717999999999847,1.840443015165067,0.159,0.03370072064434192,0.09914774728241875,range,12.982074959261272,low,-2.561398747154679,-0.2707476998491744,False,2.17375,Asia,6,Tuesday,6.739188963542448,1.4296786033446633,2.5635132199823616,2024-12,96,0.1687155574396571,2.094107672742682,0.3113607460788678,2.094107672742682,1.9497668503604,2.094107672742682,3.019711742263832,2.094107672742682,1.0,0.1687155574396571,loss,loss,loss,loss,loss,loss,loss,loss,2024,False
short,1574,48715,48716,48717,48718,2024-12-18 18:45:00+00:00,2024-12-18 19:00:00+00:00,2024-12-18 19:15:00+00:00,2024-12-18 19:30:00+00:00,2639.991,2634.536,5.454999999999927,2.0377373142117987,16.402116402116402,1,7,1,8.10836409574375,0.93960195337694,0.93960195337694,6.700438901011423,10.692118226600986,False,stalls,2619.955,2619.922,2636.994,17.072000000000116,3.9272918533178003,0.159,0.009313495782567884,0.2295846943537006,neutral,83.61522198731501,high,-4.922705867221706,-0.6039898608514411,False,7.199507389162561,New York,19,Wednesday,8.895757730072551,-2.993087763795538,4.347015866818654,2024-12,96,1.411082474226803,0.2647024367385044,1.9186972820993227,0.2647024367385044,2.1397024367385042,0.2647024367385044,2.1397024367385042,0.2647024367385044,,2.1397024367385042,win,win,win,win,none,none,none,none,2024,False
long,1576,48805,48806,48807,48808,2024-12-19 18:15:00+00:00,2024-12-19 18:30:00+00:00,2024-12-19 18:45:00+00:00,2024-12-19 19:00:00+00:00,2596.64,2590.658,5.981999999999971,1.5395402559600637,19.385593220338983,1,24,1,1.7757986904253815,0.8476811594203019,0.94362318840578,0.6130365913903352,1.477346278317152,False,continues,2599.69,2599.636,2592.511,7.125,1.790824812758505,0.16,0.022456140350877195,0.001681562701559291,range,69.31216931216932,mid,-1.1899149324327543,-0.09656213242036164,True,1.6253002401921537,New York,18,Thursday,13.081692495388344,4.013961018912811,3.978613624983772,2024-12,96,0.18905263157897648,0.4197894736842085,0.18905263157897648,0.4475789473684001,0.18905263157897648,1.0286315789473934,0.6136140350876973,1.4095438596491396,15.0,0.18905263157897648,loss,loss,loss,loss,loss,loss,loss,loss,2024,False
long,1578,48827,48828,48829,48830,2024-12-20 00:45:00+00:00,2024-12-20 01:00:00+00:00,2024-12-20 01:15:00+00:00,2024-12-20 01:30:00+00:00,2595.912,2590.526,5.385999999999967,2.0262506794313135,15.456545654565456,1,22,1,3.6913426785333985,0.7972890338360766,0.9299836934365748,1.0556367260461161,2.066687837408701,True,stalls,2598.456,2598.418,2589.593,8.825000000000273,2.7936469728384488,0.159,0.018016997167138254,0.28547691231343086,neutral,40.05494505494506,mid,1.0907063376917314,0.3506344666947656,True,1.5483668341708543,Asia,1,Friday,8.855465203193148,4.768351767916662,3.158953184064537,2024-12,96,0.6334277620396054,0.33495750708215744,0.6334277620396054,0.33495750708215744,0.6334277620396054,0.33495750708215744,1.0512181303115873,0.33495750708215744,,3.791161473087688,win,win,win,win,win,win,win,none,2024,False
long,1581,48877,48878,48879,48880,2024-12-20 13:15:00+00:00,2024-12-20 13:30:00+00:00,2024-12-20 13:45:00+00:00,2024-12-20 14:00:00+00:00,2606.195,2600.768,5.427000000000135,2.1011876034077175,16.220556745182012,1,46,1,3.7830669012153555,0.7968478149626724,0.8608126087401791,0.989614061969795,1.779539448848622,True,continues,2609.566,2609.527,2600.34,9.186999999999898,2.7688092498622217,0.159,0.01730706433003176,0.28468949330911614,neutral,48.288770053475936,mid,2.2953235366532105,0.1969004611226328,False,1.2724972894831947,Overlap,13,Friday,5.082529573274966,7.888107597327104,3.3180328332322104,2024-12,96,0.9597256993577996,0.12060520300426547,2.359203221944075,0.12060520300426547,2.432567758789616,0.12060520300426547,2.432567758789616,0.12060520300426547,,2.5822357679329726,win,win,win,win,win,none,none,none,2024,False
long,1585,48941,48942,48943,48944,2024-12-23 06:15:00+00:00,2024-12-23 06:30:00+00:00,2024-12-23 06:45:00+00:00,2024-12-23 07:00:00+00:00,2629.291,2624.475,4.816000000000258,1.9537692990176263,10.652173913043478,3,18,1,1.777297196635275,0.8950011412919308,0.9223921479114,1.2344933506872227,0.4610410604591012,False,stalls,2631.564,2631.588,2628.293,3.2950000000000728,1.2536727084158956,0.159,0.04825493171471821,0.37405985099192113,trend,16.558089033659066,low,2.602158139186784,0.2730388626748244,False,0.4610410604591012,Asia,6,Monday,0.11832844076404309,15.96901282091727,2.6282776819506095,2024-12,96,0.5044006069802035,0.6491654021244542,0.5044006069802035,1.6843702579666342,0.5044006069802035,3.8224582701062144,0.5044006069802035,5.634901365705493,4.0,0.5044006069802035,win,loss,loss,loss,loss,loss,loss,loss,2024,False
short,1594,49133,49134,49135,49136,2024-12-26 11:45:00+00:00,2024-12-26 12:00:00+00:00,2024-12-26 12:15:00+00:00,2024-12-26 12:30:00+00:00,2630.019,2626.742,3.276999999999589,1.8410540221320972,2.002164502164502,10,16,1,1.8758862923099593,0.6711590296496031,0.8517520215633724,0.6337225929098426,0.8711169861202908,False,stalls,2626.159,2626.162,2628.458,2.2960000000002765,1.2123798147918687,0.159,0.06925087108013103,0.4262086513994926,trend,1.027027027027027,low,0.005321330710371291,0.04385776371199284,True,0.8565763384005287,London,12,Thursday,-2.4749234285403663,8.528901902663744,1.893795963927719,2024-12,96,0.21777003484317936,2.1781358885015685,1.9355400696861607,2.1781358885015685,1.9355400696861607,5.668554006968101,1.9355400696861607,5.668554006968101,2.0,0.21777003484317936,loss,loss,loss,loss,loss,loss,loss,loss,2024,False
long,1597,49202,49203,49204,49205,2024-12-27 06:00:00+00:00,2024-12-27 06:15:00+00:00,2024-12-27 06:30:00+00:00,2024-12-27 06:45:00+00:00,2634.236,2631.256,2.980000000000018,1.5735888406432832,1.4794520547945205,6,14,1,1.7314757746541236,0.8401951814577957,0.8401951814577957,1.1981453286644141,1.1967611336032389,False,wick_inside,2635.067,2635.046,2633.75,1.2959999999998217,0.6281639871979917,0.16,0.12345679012347377,0.09349318379580485,range,5.747126436781609,low,1.1812275704054434,0.13953804393078895,False,1.2995951417004048,Asia,6,Friday,1.9920941260680407,9.546541583220131,2.0631555237364063,2024-12,96,2.5216049382719743,0.9305555555554337,2.5216049382719743,5.8456790123465,2.5216049382719743,8.945987654321906,2.5216049382719743,18.10725308642197,4.0,2.5216049382719743,win,win,win,win,win,loss,loss,loss,2024,False
long,1600,49282,49283,49284,49285,2024-12-30 03:00:00+00:00,2024-12-30 03:15:00+00:00,2024-12-30 03:30:00+00:00,2024-12-30 03:45:00+00:00,2626.833,2622.36,4.472999999999956,1.9779316960926834,10.722100656455142,2,25,1,1.6135642206666776,0.6072896684024165,0.7092354069608859,0.10789522330581268,1.1413905739617358,False,wick_inside,2626.926,2626.932,2624.489,2.4429999999997563,1.067500537269874,0.159,0.06508391322145553,0.12638125096366146,range,15.40983606557377,low,1.1114607493346358,0.11430436502313128,False,0.8978068128791414,Asia,3,Monday,4.976134309631786,6.706070710389738,2.288523438356025,2024-12,96,0.1837904216128178,2.228407695456612,0.1837904216128178,2.641424478100949,0.1837904216128178,4.23495702005773,0.1837904216128178,7.302496930004695,1.0,0.1837904216128178,loss,loss,loss,loss,loss,loss,loss,loss,2024,False
short,1602,49295,49296,49297,49298,2024-12-30 06:15:00+00:00,2024-12-30 06:30:00+00:00,2024-12-30 06:45:00+00:00,2024-12-30 07:00:00+00:00,2624.674,2620.479,4.195000000000164,1.9529857049085406,7.658881042911461,2,13,1,1.5344555145120262,0.8868325242718242,0.8868325242718242,0.14897626354472948,1.170954356846473,False,continues,2619.131,2619.098,2623.082,3.9839999999999236,1.808154717747475,0.159,0.039909638554217634,0.04451276080985352,range,12.316874660879002,low,-2.063809444410124,-0.16914211512199784,False,1.3261410788381742,Asia,6,Monday,8.706283120118089,3.4275061316336886,2.2033512734811915,2024-12,96,0.8245481927710636,0.23067269076302377,2.475903614457887,0.23067269076302377,2.475903614457887,0.23067269076302377,3.451054216867485,0.8878012048193599,,5.779116465863536,win,win,win,win,win,win,win,win,2024,False
long,1623,49730,49731,49732,49733,2025-01-07 00:45:00+00:00,2025-01-07 01:00:00+00:00,2025-01-07 01:15:00+00:00,2025-01-07 01:30:00+00:00,2636.27,2632.927,3.342999999999847,1.664569886700168,2.3014959723820483,1,35,1,1.6217481666116653,0.6880564937058468,0.7789376727050088,0.500416612663454,1.3042959427207637,False,wick_inside,2637.507,2637.455,2634.738,2.7170000000000982,1.2402053035094422,0.159,0.05852042694147746,0.0648428685521623,range,16.091954022988507,low,0.8971418069147001,0.467411102893847,False,1.1766109785202863,Asia,1,Tuesday,5.4620157018010005,10.53101823970011,2.190766312893301,2025-01,96,1.3584836216415623,0.39896945160095454,1.3584836216415623,0.39896945160095454,2.5344129554654833,0.39896945160095454,3.423629002576297,0.39896945160095454,,9.867132867132582,win,win,win,win,win,win,win,win,2025,True
long,1624,49747,49748,49749,49750,2025-01-07 05:00:00+00:00,2025-01-07 05:15:00+00:00,2025-01-07 05:30:00+00:00,2025-01-07 05:45:00+00:00,2640.202,2637.02,3.1820000000002437,1.6542761479561303,1.5954415954415955,8,17,1,2.7247207075541766,0.7649303568021419,0.7887807670291979,1.576293300000661,1.2556794712928543,False,continues,2644.319,2644.357,2639.1,5.257000000000062,2.3738966607455447,0.16,0.03043560966330571,0.15693526714596687,neutral,17.75754126351736,low,2.7827126345191693,0.35095146831198437,False,1.536220153783893,Asia,5,Tuesday,2.3273850845505772,13.49422748964387,2.2145024621034057,2025-01,96,0.4565341449496029,0.32033479170632995,0.4565341449496029,1.0814152558493206,0.4565341449496029,1.2132394902035537,3.367129541563594,1.2132394902035537,7.0,0.4565341449496029,loss,loss,loss,loss,loss,loss,loss,loss,2025,True
long,1628,49839,49840,49841,49842,2025-01-08 05:00:00+00:00,2025-01-08 05:15:00+00:00,2025-01-08 05:30:00+00:00,2025-01-08 05:45:00+00:00,2648.652,2645.202,3.449999999999818,1.917217945732625,3.361823361823362,9,53,1,1.697154668483453,0.6738703339881905,0.7184020956122781,0.2572962054706522,0.8406725380304243,False,continues,2649.516,2649.551,2646.921,2.630000000000109,1.409260356279998,0.159,0.060456273764256045,0.11446673706441286,range,1.4228799089356858,low,0.5731587430095838,-0.021253809382394923,True,1.212169735788631,Asia,5,Wednesday,7.90257480396069,8.889057053356591,1.8662271937759451,2025-01,96,1.177946768060771,0.25323193916337833,1.8634980988593504,0.25323193916337833,2.0817490494295368,0.25323193916337833,3.730798479087259,1.423574144486687,26.0,2.131939163497999,win,win,win,win,loss,loss,loss,loss,2025,True
short,1630,49863,49864,49865,49866,2025-01-08 11:00:00+00:00,2025-01-08 11:15:00+00:00,2025-01-08 11:30:00+00:00,2025-01-08 11:45:00+00:00,2655.158,2650.846,4.311999999999898,2.1271373346461173,11.242270938729623,3,11,1,1.6841481587387537,0.7451669595782214,0.9317516110135512,0.918536576324521,1.2076923076923076,False,stalls,2649.783,2649.827,2652.165,2.337999999999738,1.0845381377041532,0.159,0.06800684345595287,0.23227201550966156,neutral,16.170690623245367,low,-0.28497637621087957,0.011433834178968661,True,2.1500375093773445,London,11,Wednesday,6.717363888834835,7.819065376023525,2.1557563710475174,2025-01,96,1.719418306245033,0.6343028229255286,1.719418306245033,4.07869974337069,1.719418306245033,7.7023096663823045,1.719418306245033,8.650983746792953,4.0,1.719418306245033,win,win,win,loss,loss,loss,loss,loss,2025,True
long,1635,50011,50012,50013,50014,2025-01-10 02:00:00+00:00,2025-01-10 02:15:00+00:00,2025-01-10 02:30:00+00:00,2025-01-10 02:45:00+00:00,2672.178,2668.953,3.224999999999909,1.7249186743617135,2.753872633390706,6,46,1,1.5740885763244175,0.6707441386340023,0.6836561331973778,0.670712563612244,0.8962439568612868,False,stalls,2673.387,2673.35,2671.42,1.9299999999998363,0.9874585911718067,0.159,0.08238341968912616,0.28873526799645793,neutral,5.329512893982808,low,1.234613573297123,0.310244096214547,False,1.087933003425961,Asia,2,Friday,2.5397639619571017,9.183876534474457,1.9545123382941312,2025-01,96,0.7362694300520192,0.42746113989631507,0.7362694300520192,0.7647668393783617,1.9062176165805178,0.9295336787564876,4.837823834197296,0.9295336787564876,43.0,5.045595854922855,win,win,win,win,win,win,win,win,2025,True
long,1640,50204,50205,50206,50207,2025-01-14 04:15:00+00:00,2025-01-14 04:30:00+00:00,2025-01-14 04:45:00+00:00,2025-01-14 05:00:00+00:00,2672.324,2668.406,3.91800000000012,1.7090520557259439,8.333333333333332,8,16,1,1.543294071760649,0.795647258338057,1.0,0.15398044299932404,1.257918552036199,False,wick_inside,2673.528,2673.573,2669.139,4.433999999999742,1.8648148764006707,0.16,0.036084799278306115,0.37886752778612126,trend,31.641961231470923,mid,1.5035593516744372,0.06260823786182693,False,1.679866146123815,Asia,4,Tuesday,8.339095482470784,7.048781535515702,2.3777159095587677,2025-01,96,0.3969327920614165,1.399864682002761,0.3969327920614165,1.399864682002761,0.3969327920614165,1.4409111411817865,0.3969327920614165,2.056833558863424,2.0,0.3969327920614165,loss,loss,loss,loss,loss,loss,loss,loss,2025,True
long,1641,50219,50220,50221,50222,2025-01-14 08:00:00+00:00,2025-01-14 08:15:00+00:00,2025-01-14 08:30:00+00:00,2025-01-14 08:45:00+00:00,2670.869,2667.184,3.6849999999999454,1.5296480943216244,6.112054329371817,4,15,1,1.5155346519318276,0.7871815940838178,0.8088195015064888,0.9007697054757355,1.2554982351344013,False,continues,2673.123,2673.095,2670.086,3.0090000000000146,1.1959833215673026,0.159,0.0528414755732799,0.21380373208930886,neutral,41.26625211984172,mid,1.2358163323930602,0.0724554139266586,True,1.5262757044935262,London,8,Tuesday,8.041984229069898,6.500600606258944,2.515921372596404,2025-01,96,0.16749750747768619,2.7414423396476426,0.16749750747768619,2.7962778331670717,0.16749750747768619,2.8720505151212308,0.4543037554005259,4.4273845131271505,0.0,0.16749750747768619,loss,loss,loss,loss,loss,loss,loss,loss,2025,True
short,1648,50394,50395,50396,50397,2025-01-16 05:45:00+00:00,2025-01-16 06:00:00+00:00,2025-01-16 06:15:00+00:00,2025-01-16 06:30:00+00:00,2698.06,2693.736,4.324000000000069,2.1326662331770225,12.457337883959044,9,17,1,2.2929614519055455,0.7083243708323823,0.8905140890514032,1.177306729554317,1.2238442822384428,False,stalls,2691.861,2691.894,2695.489,3.5950000000002547,1.5897604017777796,0.16,0.0445062586926255,0.18093046083027262,neutral,25.738636363636363,low,-2.048388923155705,-0.24426616354471756,False,1.1411447407851363,Asia,6,Thursday,2.5117772133790295,9.94053520766617,2.2613470532918534,2025-01,96,0.12127955493731948,1.9477051460361368,0.12127955493731948,3.1560500695408065,0.12127955493731948,4.647009735743796,0.12127955493731948,7.347705146035757,2.0,0.12127955493731948,loss,loss,loss,loss,loss,loss,loss,loss,2025,True
short,1650,50466,50467,50468,50469,2025-01-17 00:45:00+00:00,2025-01-17 01:00:00+00:00,2025-01-17 01:15:00+00:00,2025-01-17 01:30:00+00:00,2716.068,2712.401,3.667000000000371,1.8010653056000778,6.444188722669736,1,35,1,2.231808221610496,0.8199823943662456,0.8450704225352677,0.6807407999894727,1.1086580086580087,False,wick_inside,2710.26,2710.294,2714.855,4.561000000000149,1.9759212535309345,0.159,0.03486077614558097,0.3358529660041396,neutral,26.89655172413793,low,-1.3094223267229994,-0.42908123506265805,False,1.2143435980551054,Asia,1,Friday,6.261777197661619,8.8173482291414,2.30829036928963,2025-01,96,0.05875904406928751,1.3911422933567303,0.05875904406928751,1.544836658627504,0.05875904406928751,1.544836658627504,1.010962508221821,1.544836658627504,2.0,0.05875904406928751,loss,loss,loss,loss,loss,loss,loss,loss,2025,True
short,1653,50499,50500,50501,50502,2025-01-17 09:00:00+00:00,2025-01-17 09:15:00+00:00,2025-01-17 09:30:00+00:00,2025-01-17 09:45:00+00:00,2713.34,2708.585,4.755000000000109,2.2670783412021054,19.311123658949747,1,33,1,2.2046204520962847,0.8700259515570633,0.8700259515570633,1.0970656704743993,1.217741935483871,False,stalls,2706.433,2706.431,2710.307,3.875999999999749,1.6653870647101578,0.159,0.041021671826628046,0.1251853420885462,range,29.103214890016922,low,-2.716848590223287,-0.2373168255870919,False,1.193184434722542,London,9,Friday,7.85473192207644,7.100667345562845,2.3273868772808823,2025-01,96,0.936016511868006,0.20098039215687483,0.936016511868006,0.20227038183698562,0.936016511868006,1.461816305469694,0.9509803921569628,2.7948916408670756,9.0,0.936016511868006,win,loss,loss,loss,loss,loss,loss,loss,2025,True
long,1664,50843,50844,50845,50846,2025-01-23 05:45:00+00:00,2025-01-23 06:00:00+00:00,2025-01-23 06:15:00+00:00,2025-01-23 06:30:00+00:00,2753.605,2749.757,3.8479999999999563,2.154382429639541,8.801817149346961,6,63,1,1.742877469716112,0.6042402826856461,0.8628332797945059,0.13772819066827882,1.4831659775546366,False,wick_inside,2754.693,2754.751,2751.165,3.58600000000024,1.8673787736260563,0.16,0.04461795872838519,0.029070369986523046,range,5.672149744753262,low,0.845868735610826,-0.0355196367983568,True,1.3650324867099823,Asia,6,Thursday,4.549717887665661,6.6186235953111145,1.920338846433915,2025-01,96,0.10652537646391007,0.7094255437814148,0.10652537646391007,0.8622420524260712,0.10652537646391007,3.8706079196874454,0.10652537646391007,5.2930842163968075,11.0,0.10652537646391007,loss,loss,loss,loss,loss,loss,loss,loss,2025,True
short,1664,50856,50857,50858,50859,2025-01-23 09:00:00+00:00,2025-01-23 09:15:00+00:00,2025-01-23 09:30:00+00:00,2025-01-23 09:45:00+00:00,2754.789,2751.659,3.130000000000109,1.7415978201892999,2.818489289740699,19,13,1,5.699420598146411,0.833056721663615,0.8624426437567452,4.347873919156309,1.9092175990443958,False,continues,2743.224,2743.263,2752.679,9.416000000000167,3.7395679241391444,0.159,0.016886151231945326,0.12362155180979145,range,42.8490990990991,mid,-3.6035199572320624,-0.32895663710155654,True,1.4099143937885725,London,9,Thursday,8.024820462526868,0.49286361447074567,2.5179379519273604,2025-01,96,0.06616397621070903,0.7110237892948221,0.06616397621070903,1.1879779099405214,0.7957731520815425,1.1879779099405214,0.7957731520815425,1.647939677145285,5.0,0.06616397621070903,loss,loss,loss,loss,loss,loss,loss,loss,2025,True
short,1674,51209,51210,51211,51212,2025-01-29 05:15:00+00:00,2025-01-29 05:30:00+00:00,2025-01-29 05:45:00+00:00,2025-01-29 06:00:00+00:00,2764.356,2761.457,2.899000000000342,1.9939310640591452,2.558271745309835,19,40,1,1.614265680354148,0.811674478056914,0.9224541968469417,0.806788940372767,0.594273127753304,False,stalls,2760.739,2760.774,2762.449,1.675000000000182,1.1160740751010223,0.159,0.09492537313431805,0.717279400566554,trend,0.3975014196479273,low,-1.8378938071894475,-0.21375046913051932,False,0.7250694269123958,Asia,5,Wednesday,2.8738074542748064,17.308809700833407,1.5007964411757955,2025-01,96,0.9194029850745054,0.8101492537312379,2.005970149253318,0.8101492537312379,2.005970149253318,3.162985074626659,5.116417910447032,3.162985074626659,8.0,2.005970149253318,win,win,win,win,loss,loss,loss,loss,2025,True
long,1675,51219,51221,51222,51223,2025-01-29 07:45:00+00:00,2025-01-29 08:15:00+00:00,2025-01-29 08:30:00+00:00,2025-01-29 08:45:00+00:00,2762.131,2757.414,4.7169999999996435,2.824295505042528,19.276427360090448,2,11,2,1.7334037717758812,0.9623298512186964,0.9854384298827873,1.2653463430563843,0.7788605697151424,False,stalls,2763.141,2763.096,2761.324,1.7719999999999345,0.8818226261713348,0.159,0.0897291196388295,0.5083670672234248,trend,9.367945823927764,low,0.3568716365550383,-0.03354031986889176,True,0.8238492911244902,London,8,Wednesday,0.9509949427841615,14.122598368011936,2.0094744083552714,2025-01,96,0.7974040632054532,1.5372460496615468,0.7974040632054532,3.151805869074629,0.7974040632054532,4.214446952596006,0.7974040632054532,8.406320541761138,1.0,0.7974040632054532,win,loss,loss,loss,loss,loss,loss,loss,2025,True
long,1678,51306,51307,51308,51309,2025-01-30 06:30:00+00:00,2025-01-30 06:45:00+00:00,2025-01-30 07:00:00+00:00,2025-01-30 07:15:00+00:00,2762.63,2758.633,3.9970000000002983,2.1757217292525803,11.281179138321995,2,41,1,2.8044329119611087,0.7666925465838091,0.8278338509316453,1.5938236735678826,1.0643659271432484,False,continues,2766.304,2766.4,2761.293,5.106999999999971,2.462534044884624,0.159,0.031133738006657707,0.06408591998111887,range,12.627406568516422,low,2.454651848388738,0.2615983888353103,True,1.2421353670162059,Other,7,Thursday,-0.015912203540425135,10.40320579956662,2.073879957358822,2025-01,96,1.0890934012140063,0.23575484628944293,2.0025455257489564,0.23575484628944293,2.524182494615263,0.23575484628944293,4.631877814764026,0.23575484628944293,,6.78735069512438,win,win,win,win,win,win,win,win,2025,True
long,1680,51400,51401,51402,51403,2025-01-31 07:00:00+00:00,2025-01-31 07:15:00+00:00,2025-01-31 07:30:00+00:00,2025-01-31 07:45:00+00:00,2796.408,2792.132,4.27599999999984,1.9436207338226568,14.894795127353266,21,1,1,1.8240762406058133,0.9598803887365908,0.9713431348118019,1.5472602848298793,1.3542364767831498,False,stalls,2797.857,2797.88,2795.914,1.9659999999998945,0.8121878084803668,0.159,0.08087487283825459,0.40104358369237697,trend,31.581858407079643,mid,0.7424656232204236,0.06759778691072604,True,1.6938388625592418,Other,7,Friday,0.2557193557728836,16.399088120772277,2.4206223972733016,2025-01,96,0.9333672431333341,2.758392675483479,0.9333672431333341,3.1688708036624376,0.9333672431333341,3.4994913530012606,9.849440488301664,3.4994913530012606,1.0,0.9333672431333341,win,loss,loss,loss,loss,loss,loss,loss,2025,False
short,1682,51743,51744,51745,51746,2025-02-06 00:45:00+00:00,2025-02-06 01:00:00+00:00,2025-02-06 01:15:00+00:00,2025-02-06 01:30:00+00:00,2870.985,2866.07,4.914999999999964,1.669505162467832,19.444444444444446,1,32,1,2.420188053424902,0.617403508771914,0.750175438596527,0.20890044250622974,1.34359153698199,False,wick_inside,2865.789,2865.789,2870.8,5.010999999999967,1.554687207076284,0.16,0.031929754540012185,0.23274645073648634,neutral,62.94885745375408,mid,-0.565582342472838,-0.2577627991389416,False,1.2457024303497333,Asia,1,Thursday,5.161400194955334,8.094860091763747,3.223156386179803,2025-02,96,0.028537218120141695,1.5028936340051882,0.30033925364201136,1.5028936340051882,0.30033925364201136,1.5028936340051882,3.369586908800704,1.5028936340051882,1.0,0.028537218120141695,loss,loss,loss,loss,loss,loss,loss,loss,2025,False
short,1683,51765,51767,51768,51769,2025-02-06 06:15:00+00:00,2025-02-06 06:45:00+00:00,2025-02-06 07:00:00+00:00,2025-02-06 07:15:00+00:00,2870.35,2865.406,4.94399999999996,1.848464423758377,19.321851453175455,1,14,2,3.3849877312851766,0.8714603881642188,0.8801569625623398,2.2286566800105505,1.4467684190691539,False,stalls,2859.637,2859.659,2867.497,7.837999999999738,2.4031950133136464,0.159,0.020285787190610527,0.15652639287927408,neutral,64.7501343363783,mid,-2.6089516731119065,-0.18239499267266496,False,0.8035380166695016,Other,7,Thursday,6.986987492139988,6.113460751526299,3.2614914547414564,2025-02,96,0.7743046695585817,0.28017351365143994,1.3721612656290467,0.28017351365143994,1.3721612656290467,0.28017351365143994,3.2665220719572496,1.3578719060985436,19.0,1.3721612656290467,win,win,loss,loss,loss,loss,loss,loss,2025,False
long,1686,51836,51837,51838,51839,2025-02-07 01:00:00+00:00,2025-02-07 01:15:00+00:00,2025-02-07 01:30:00+00:00,2025-02-07 01:45:00+00:00,2860.484,2856.242,4.241999999999734,1.946828612264904,11.75830157866086,2,38,1,2.687559724993762,0.7399248633880219,0.78125,1.123947022969633,0.7347043701799486,False,continues,2865.953,2865.992,2858.358,7.6340000000000146,2.964455282583326,0.16,0.02095886822111602,0.15888528012991793,neutral,31.103860793909732,mid,2.226733074654425,0.7497149019320174,True,0.7141388174807198,Asia,1,Friday,2.8607731290007705,12.38632828773382,2.575177991333197,2025-02,96,0.4403982184961513,0.09051611212997865,0.6095100864553031,0.09051611212997865,0.6095100864553031,0.4284778621954649,0.6126539166884557,0.9228451663610243,47.0,0.6357086717316743,win,loss,loss,loss,loss,loss,loss,loss,2025,False
long,1696,52442,52443,52444,52445,2025-02-17 14:30:00+00:00,2025-02-17 14:45:00+00:00,2025-02-17 15:00:00+00:00,2025-02-17 15:15:00+00:00,2900.329,2895.528,4.801000000000386,1.4923741279532325,13.167636171337914,3,33,1,1.5088489933522458,0.6293778327153704,0.7970745776679624,0.8153504140014757,0.5711742332281298,False,wick_inside,2900.426,2900.452,2899.083,1.3690000000001419,0.395425282696474,0.159,0.11614317019721222,0.2213812284658747,neutral,58.84838880084522,mid,1.119618692701487,0.09021074467280639,False,0.7028312081262157,Overlap,15,Monday,11.432094422090717,6.769022279029135,3.4620952678207426,2025-02,96,1.1212563915264393,1.8458728999267946,1.1212563915264393,2.854638422205954,1.1212563915264393,2.854638422205954,3.4243973703427035,6.171658144630529,0.0,1.1212563915264393,ambiguous,ambiguous,loss,loss,loss,loss,loss,loss,2025,False
long,1698,52470,52475,52476,52477,2025-02-18 01:15:00+00:00,2025-02-18 02:30:00+00:00,2025-02-18 02:45:00+00:00,2025-02-18 03:00:00+00:00,2900.388,2894.862,5.52599999999984,2.562860298564757,18.879216539717085,3,32,5,3.4347249440347567,0.7509615384615704,0.7962740384615663,1.2620137204225308,1.1073375262054508,False,stalls,2903.051,2903.024,2896.82,6.2039999999997235,2.2084710158389207,0.159,0.02562862669245762,0.07786716395255362,range,28.74186550976139,low,1.531030817719074,0.5462513845476105,True,1.2431865828092243,Asia,2,Tuesday,1.2234872471693237,8.764468871852467,2.8091833469877083,2025-02,96,1.263539651837571,0.046905222437093094,1.2840103159252498,0.046905222437093094,2.0317537072857155,0.046905222437093094,2.0317537072857155,0.046905222437093094,,5.904094132817785,win,win,win,win,win,win,win,win,2025,False
short,1714,52950,52955,52956,52957,2025-02-25 06:15:00+00:00,2025-02-25 07:30:00+00:00,2025-02-25 07:45:00+00:00,2025-02-25 08:00:00+00:00,2940.964,2935.379,5.585000000000036,1.9795644358085036,16.146393972012916,3,15,5,1.74974490825539,0.7272554605887825,0.9392212725545785,0.48653875511597905,1.442438591299201,False,continues,2931.736,2931.762,2938.86,7.097999999999956,2.1828975952162493,0.159,0.02240067624683023,0.10789206943891923,range,44.527896995708154,mid,-3.499540434797042,-0.4272152273747792,False,2.0117577895355674,Other,7,Tuesday,7.523277524905024,3.204535494808906,3.2516413117843905,2025-02,96,0.3203719357566013,1.503099464637917,0.3203719357566013,1.503099464637917,0.3203719357566013,1.503099464637917,4.40462102000568,1.857847280924201,2.0,0.3203719357566013,loss,loss,loss,loss,loss,loss,loss,loss,2025,False
short,1715,52973,52974,52975,52976,2025-02-25 12:00:00+00:00,2025-02-25 12:15:00+00:00,2025-02-25 12:30:00+00:00,2025-02-25 12:45:00+00:00,2941.546,2937.126,4.419999999999618,1.4830916748873522,8.187134502923977,7,15,1,2.33536607629342,0.8948275862069013,0.9931034482758292,0.9116651766220429,1.09486931268151,False,continues,2925.936,2925.895,2941.321,15.42599999999993,4.063608890140414,0.159,0.010307273434461346,0.0016975526948649088,range,67.39245884227297,mid,-3.881308567528275,-0.2707662293496543,False,3.089685020437605,London,12,Tuesday,7.972059888650304,1.2170279445384549,3.7961330475056863,2025-02,96,0.11882535978219187,0.6225204200700187,0.11882535978219187,1.2351873460391658,2.4417217684429104,1.2351873460391658,2.4417217684429104,1.2351873460391658,6.0,0.11882535978219187,loss,loss,loss,loss,loss,loss,loss,loss,2025,False
short,1716,53071,53072,53073,53074,2025-02-26 13:30:00+00:00,2025-02-26 13:45:00+00:00,2025-02-26 14:00:00+00:00,2025-02-26 14:15:00+00:00,2915.471,2909.367,6.1039999999998145,1.8155564120910086,18.282988871224166,11,20,1,1.8658232917836655,0.766140602582486,0.9129603060736068,1.0032555337456166,0.7274308071294016,False,continues,2896.196,2896.157,2911.721,15.56399999999985,3.615287104784737,0.159,0.010215882806476582,0.12493354598618024,range,78.98358920063525,high,-4.291970155608509,-0.394826243645121,False,1.7460724591215133,Overlap,14,Wednesday,13.40610896720304,1.8506163173876016,4.305052281850951,2025-02,96,0.3526085839116125,0.7322025186327319,0.3526085839116125,1.3193909020817303,0.3526085839116125,1.3193909020817303,0.3526085839116125,1.4558596761757818,4.0,0.3526085839116125,loss,loss,loss,loss,loss,loss,loss,loss,2025,False
short,1720,53229,53230,53231,53232,2025-02-28 07:00:00+00:00,2025-02-28 07:15:00+00:00,2025-02-28 07:30:00+00:00,2025-02-28 07:45:00+00:00,2866.996,2861.805,5.191000000000258,1.45227000994171,9.027404621171414,3,16,1,1.6237671234253002,0.6295658166781922,0.6815988973121858,0.7383048653892317,1.0890342052313884,False,stalls,2859.593,2859.627,2863.122,3.494999999999891,0.9561011544995105,0.159,0.04549356223176108,0.28697138592288873,neutral,51.690821256038646,mid,-2.655730141412832,-0.25309182137342484,False,1.2153293413173654,Other,7,Friday,16.74148167469619,-2.2287141933355343,3.655470954670498,2025-02,96,2.1190271816881774,0.3948497854077689,2.45464949928482,1.320171673819793,2.45464949928482,1.494992846924198,7.739341917024556,1.534477825464949,6.0,2.45464949928482,win,win,win,win,loss,loss,loss,loss,2025,False
short,1721,53250,53251,53252,53253,2025-02-28 12:15:00+00:00,2025-02-28 12:30:00+00:00,2025-02-28 12:45:00+00:00,2025-02-28 13:00:00+00:00,2864.99,2859.119,5.87099999999964,1.7491612797183282,13.974495217853347,6,15,1,2.019683923558383,0.9572208290308358,0.9784629001327355,0.810674134238438,1.3703344643722735,False,continues,2856.224,2856.273,2863.031,6.757999999999811,1.8682471195267483,0.159,0.023527670908553486,0.1590177387791166,neutral,50.21231422505308,mid,-2.6902299631550894,-0.13147256556236725,False,1.01510989010989,London,12,Friday,17.849528228246072,-3.183594825165719,3.6172944838858907,2025-02,96,1.18363421130519,0.8839893459603244,3.3805859721812137,0.8839893459603244,3.5062148564665327,0.8839893459603244,3.5062148564665327,0.8839893459603244,36.0,3.5062148564665327,win,win,win,win,win,win,win,loss,2025,False
short,1725,53371,53372,53373,53374,2025-03-03 19:30:00+00:00,2025-03-03 19:45:00+00:00,2025-03-03 20:00:00+00:00,2025-03-03 20:15:00+00:00,2892.964,2886.628,6.335999999999785,1.6515724908119582,15.698587127158556,7,18,1,2.0691575808184877,0.7520786092214315,0.7620307382212019,1.3074948885595312,2.5043128234617598,False,stalls,2883.449,2883.416,2887.661,4.244999999999891,0.9819545244679144,0.16,0.03769140164899979,0.14887992399730482,range,74.07213800313643,high,2.0198055457635435,0.1353438508441753,True,2.3216995447647952,New York,20,Monday,0.366642619854351,11.767493195337726,4.323010785351901,2025-03,96,0.2591283863369593,2.1585394581861594,0.2591283863369593,2.791755005889273,0.2591283863369593,2.791755005889273,0.3467608951708469,2.791755005889273,2.0,0.2591283863369593,loss,loss,loss,loss,loss,loss,loss,loss,2025,False
short,1726,53388,53389,53390,53391,2025-03-04 00:45:00+00:00,2025-03-04 01:00:00+00:00,2025-03-04 01:15:00+00:00,2025-03-04 01:30:00+00:00,2893.734,2890.176,3.5579999999999927,1.0985425049615258,0.9803921568627451,1,13,1,3.2545633908936624,0.7005027985959489,0.8162413433260727,1.7657573316118704,0.9998044965786901,False,continues,2884.133,2884.102,2893.061,8.959000000000287,2.3901839202489086,0.159,0.01774751646389049,0.3739651175626529,trend,55.11425462459195,mid,-1.3978395240269148,-0.7088434658013715,True,1.10682261208577,Asia,1,Tuesday,2.9704551588403314,6.750622137968067,3.7482471219483884,2025-03,96,0.06083268221900383,0.5959370465453477,0.06083268221900383,0.9792387543252435,0.06083268221900383,1.1570487777653369,0.06083268221900383,4.078915057483977,15.0,0.06083268221900383,loss,loss,loss,loss,loss,loss,loss,loss,2025,False
long,1729,53499,53500,53501,53502,2025-03-05 05:30:00+00:00,2025-03-05 05:45:00+00:00,2025-03-05 06:00:00+00:00,2025-03-05 06:15:00+00:00,2913.503,2908.576,4.927000000000135,1.3873144830961783,5.768194070080863,3,55,1,1.6579069771605366,0.9161005434783128,0.9889605978261548,1.4481344401387235,0.9839024390243902,False,continues,2919.385,2919.38,2912.823,6.557000000000244,1.8130540629032998,0.159,0.024248894311422006,0.05300177539551007,range,46.849757673667206,mid,2.4626231247573984,0.1737413685106449,False,0.8423926532638372,Asia,6,Wednesday,2.351965511522745,10.352685247698703,3.6165496297999606,2025-03,96,0.34268720451422297,0.8959890193685804,0.34604239743780596,0.9655330181485277,0.4800976056122566,0.9655330181485277,0.4800976056122566,3.825834985511561,18.0,0.4800976056122566,loss,loss,loss,loss,loss,loss,loss,loss,2025,False
long,1731,53574,53575,53576,53577,2025-03-06 01:15:00+00:00,2025-03-06 01:30:00+00:00,2025-03-06 01:45:00+00:00,2025-03-06 02:00:00+00:00,2920.314,2915.899,4.414999999999964,1.6972651789546973,2.883569096844396,3,34,1,1.565405166184322,0.8968565815324016,0.8968565815324016,0.8568978672458682,0.7004204625087597,False,continues,2924.606,2924.617,2918.891,5.726000000000113,2.064971867377662,0.159,0.027768075445336514,0.09564365660499125,range,10.271739130434783,low,1.891184996917313,0.4669323143151984,True,0.7757533286615277,Asia,1,Thursday,1.9603889401089971,10.931440315045613,2.7729191329234157,2025-03,96,0.34352078239601896,0.30108278030040625,0.34352078239601896,0.792176039119799,0.34352078239601896,1.7670275934334951,0.34352078239601896,5.843171498428122,8.0,0.34352078239601896,loss,loss,loss,loss,loss,loss,loss,loss,2025,False
short,1753,54053,54054,54055,54056,2025-03-13 05:00:00+00:00,2025-03-13 05:15:00+00:00,2025-03-13 05:30:00+00:00,2025-03-13 05:45:00+00:00,2947.123,2943.436,3.686999999999898,1.6054080694475106,0.9693053311793215,3,26,1,1.7499688177676611,0.733266981836234,0.7912416023886568,1.2518438295800707,0.8952590959206174,False,continues,2939.9,2939.882,2943.741,3.8589999999999236,1.5456172284276308,0.159,0.04120238403731618,0.48117555133868867,trend,3.2275416890801503,low,-0.28149937689357285,0.10209644348432692,True,1.1725468577728777,Asia,5,Thursday,0.2699523223529956,13.589736346346465,2.496737179829262,2025-03,96,1.164291267167667,0.17310183985491923,1.6467996890386483,0.17310183985491923,1.810572687224726,2.1326768592900183,1.810572687224726,3.2018657683337683,11.0,1.810572687224726,win,win,win,loss,loss,loss,loss,loss,2025,False
long,1754,54080,54087,54088,54089,2025-03-13 11:45:00+00:00,2025-03-13 13:30:00+00:00,2025-03-13 13:45:00+00:00,2025-03-13 14:00:00+00:00,2948.548,2942.084,6.463999999999942,2.2546614148057498,19.21443736730361,1,17,7,1.9333096942137906,0.9390293362173819,0.9575503582533658,0.8823649489882667,0.9571814591561006,False,wick_inside,2950.358,2950.318,2944.841,5.4770000000003165,1.323451270358945,0.159,0.029030491144785616,0.2302529262503094,neutral,69.13319238900634,mid,1.9351400458129655,0.17511897328823256,False,0.8629175829929836,Overlap,13,Thursday,-2.364186092603854,10.72582709306006,4.138422110936394,2025-03,96,3.8062808106625066,0.09056052583532334,5.1429614752598205,0.09056052583532334,6.395837137118445,0.09056052583532334,7.234800073032264,0.09056052583532334,,9.969326273506793,win,win,win,win,win,win,win,win,2025,False
long,1757,54139,54140,54141,54142,2025-03-14 03:30:00+00:00,2025-03-14 03:45:00+00:00,2025-03-14 04:00:00+00:00,2025-03-14 04:15:00+00:00,2988.558,2983.871,4.686999999999898,1.4745402607951017,3.565640194489465,1,10,1,1.6315267319146114,0.8951021982259336,0.9365599691476728,1.2813745428244894,1.1437578814627996,False,stalls,2992.587,2992.584,2987.774,4.809999999999945,1.4834223102421114,0.16,0.03326403326403364,0.628661701647494,trend,33.998920669185104,mid,1.6710709015265397,0.1442292166329433,True,1.524,Asia,4,Friday,-1.0680023826130511,18.409240029724142,3.2425021295620793,2025-03,96,0.24968814968815706,1.7444906444905857,0.24968814968815706,2.228898128898155,0.24968814968815706,2.4459459459459474,2.564656964657044,2.4459459459459474,2.0,0.24968814968815706,loss,loss,loss,loss,loss,loss,loss,loss,2025,False
long,1764,54241,54242,54243,54244,2025-03-17 06:00:00+00:00,2025-03-17 06:15:00+00:00,2025-03-17 06:30:00+00:00,2025-03-17 06:45:00+00:00,2986.858,2982.158,4.700000000000273,2.0400090250511815,3.707684040838259,3,35,1,1.8538039459560571,0.8848044954342852,0.9487239522360006,1.3937168041358565,0.8809782608695652,False,continues,2990.258,2990.159,2986.017,4.14200000000028,1.6853336530317298,0.159,0.03838725253500465,0.1327361563517974,range,3.0059044551798175,low,0.698713178928529,-0.03624073888874948,True,0.8838495575221239,Asia,6,Monday,5.965804447308062,4.82651564274756,2.4576735844260145,2025-03,96,0.08739739256399216,0.9053597295991662,0.08739739256399216,1.715596330275167,2.0074843070978976,1.715596330275167,2.6697247706420195,1.715596330275167,4.0,0.08739739256399216,loss,loss,loss,loss,loss,loss,loss,loss,2025,False
short,1766,54264,54265,54266,54267,2025-03-17 11:45:00+00:00,2025-03-17 12:00:00+00:00,2025-03-17 12:15:00+00:00,2025-03-17 12:30:00+00:00,3001.217,2994.722,6.494999999999891,2.451346296766335,19.63906581740977,2,23,1,3.0427642562787187,0.8330439096998238,0.881915157529176,1.4806207116574375,1.0260315211616788,False,stalls,2992.827,2992.883,2997.909,5.026000000000295,1.4334790997993598,0.159,0.0316354954237944,0.2228972394054136,neutral,43.90243902439025,mid,0.724603746199478,0.15784784234561736,True,1.652795141989641,Overlap,12,Monday,3.4490773485619624,4.1159046735382825,3.506155060582167,2025-03,96,1.6245523278948437,0.24413052128934432,1.6245523278948437,1.0395941106247628,1.6245523278948437,1.5179068842021315,1.6245523278948437,1.7144846796656752,7.0,1.6245523278948437,win,win,win,loss,loss,loss,loss,loss,2025,False
long,1769,54313,54314,54315,54316,2025-03-18 01:00:00+00:00,2025-03-18 01:15:00+00:00,2025-03-18 01:30:00+00:00,2025-03-18 01:45:00+00:00,3003.557,2999.49,4.067000000000007,1.9391394908900106,2.429805615550756,6,41,1,2.1160317336046344,0.6340694006308667,0.8053177106804837,0.28131111375101703,1.3117805535145726,False,wick_inside,3004.185,3004.221,3000.573,3.6480000000001382,1.5631889931845584,0.16,0.04385964912280536,0.21842558609842716,neutral,2.26537216828479,low,1.0175404865105613,0.2535933010314206,False,1.0306147440607396,Asia,1,Tuesday,-0.9555678330047865,9.438696259011795,2.3336909458199058,2025-03,96,1.1666666666665835,0.39939692982451336,2.969572368420963,0.39939692982451336,3.533168859649023,0.39939692982451336,6.666392543859385,0.39939692982451336,,9.351151315789073,win,win,win,win,win,win,win,win,2025,False
short,1771,54404,54405,54406,54407,2025-03-19 00:45:00+00:00,2025-03-19 01:00:00+00:00,2025-03-19 01:15:00+00:00,2025-03-19 01:30:00+00:00,3035.117,3030.515,4.6020000000003165,2.200250793153952,3.6736898973527823,5,3,1,1.7049314055599785,0.6556365675827324,1.0,0.6583540508849803,0.7780716518393844,False,stalls,3029.769,3029.768,3032.704,2.936000000000149,1.3450419678807435,0.16,0.05449591280653674,0.30289271108972127,neutral,1.457096600107933,low,-1.0915538856695386,-0.3290278970340518,True,0.46645828324116373,Asia,1,Wednesday,3.9238026072541063,13.871432474611362,2.1828315176114015,2025-03,96,0.8337874659399663,0.8882833787466083,0.8337874659399663,2.0129427792914014,0.8337874659399663,3.2442098092641714,2.394414168937276,5.308242506811732,4.0,0.8337874659399663,win,loss,loss,loss,loss,loss,loss,loss,2025,False
long,1773,54422,54423,54424,54425,2025-03-19 05:15:00+00:00,2025-03-19 05:30:00+00:00,2025-03-19 05:45:00+00:00,2025-03-19 06:00:00+00:00,3039.293,3033.934,5.358999999999924,2.304158063030139,8.881754949170679,2,12,1,2.5406363117084396,0.6711795566085333,0.7197495346082383,0.9145258817064875,1.4768759571209802,False,continues,3044.56,3044.503,3037.167,7.33600000000024,2.73668612183533,0.16,0.02181025081788369,0.3045650485141074,neutral,10.636023516835918,low,3.815089259409496,0.5269772392062442,False,1.1571209800918836,Asia,5,Wednesday,-2.3226019349163733,16.813310184175947,2.6806143172460084,2025-03,96,0.03148854961828784,1.362731733914936,0.03148854961828784,1.362731733914936,0.03148854961828784,2.9668756815702855,0.03148854961828784,2.9668756815702855,0.0,0.03148854961828784,loss,loss,loss,loss,loss,loss,loss,loss,2025,False
short,1774,54451,54455,54456,54457,2025-03-19 12:30:00+00:00,2025-03-19 13:30:00+00:00,2025-03-19 13:45:00+00:00,2025-03-19 14:00:00+00:00,3040.232,3033.732,6.5,1.909344105355768,19.704952581664912,2,13,4,2.0276422327564476,0.6520695013419789,0.7515185760700706,1.2290737139084669,1.227044098724997,False,wick_inside,3033.38,3033.329,3034.761,1.431999999999789,0.3614290793724228,0.159,0.11103351955308899,0.0785435288266031,range,63.53126642143984,mid,-0.3345031002906268,-0.07899250415155808,True,0.890162592116037,Overlap,13,Wednesday,1.250362890510577,8.553653282076349,3.962049767789247,2025-03,96,5.2262569832412575,0.0,5.2262569832412575,0.0,5.2262569832412575,3.5041899441346147,5.2262569832412575,13.000000000001906,8.0,5.2262569832412575,win,win,win,win,win,win,win,win,2025,False
short,1778,54589,54591,54592,54593,2025-03-21 01:00:00+00:00,2025-03-21 01:30:00+00:00,2025-03-21 01:45:00+00:00,2025-03-21 02:00:00+00:00,3047.435,3041.905,5.529999999999745,2.5402053916750584,10.205183585313176,6,46,2,2.048334163440004,0.7374131944444205,1.0,1.42601041586721,0.7950367647058824,False,continues,3035.896,3035.896,3043.305,7.408999999999651,2.9979357475529085,0.16,0.021595356998246395,0.11552097537498857,range,5.336927223719677,low,-2.6531414333492185,-0.8369199124149702,True,1.2440490502524646,Asia,1,Friday,8.735245906083742,4.158427004670377,2.4713671752462716,2025-03,96,0.2810095829397264,0.15481171548117,0.7992981508975981,0.15481171548117,1.935888783911591,0.15481171548117,1.935888783911591,0.15481171548117,,4.924416250506391,win,win,win,win,win,win,win,win,2025,False
long,1781,54630,54631,54632,54633,2025-03-21 11:15:00+00:00,2025-03-21 11:30:00+00:00,2025-03-21 11:45:00+00:00,2025-03-21 12:00:00+00:00,3033.487,3028.398,5.088999999999942,1.7003687455594634,6.4447966191230845,3,12,1,1.6131617810102457,0.7056752278375551,1.0,0.46944745284154854,1.131578947368421,False,wick_inside,3034.332,3034.359,3030.064,4.295000000000073,1.3203636930400566,0.159,0.03701979045401567,0.04356081037347657,range,31.29287598944591,mid,0.33115095618538926,-0.01016708829771817,True,1.4357405140758874,London,11,Friday,7.117359772121754,2.6785398969633234,3.252891625724044,2025-03,96,0.8775320139697715,0.20861466821879293,0.8775320139697715,7.034691501746083,0.8775320139697715,8.136903376018457,0.8775320139697715,8.136903376018457,5.0,0.8775320139697715,win,loss,loss,loss,loss,loss,loss,loss,2025,False
long,1788,54757,54758,54759,54760,2025-03-24 20:00:00+00:00,2025-03-24 20:15:00+00:00,2025-03-24 20:30:00+00:00,2025-03-24 20:45:00+00:00,3008.193,3003.377,4.816000000000258,1.5251070498657475,4.979253112033195,3,23,1,1.608392588510795,0.8131521953140312,0.8489860208702897,1.0326773441885146,1.3714285714285714,False,continues,3012.854,3012.84,3007.142,5.69800000000032,1.775571531085667,0.16,0.028080028080026503,0.27904044194914257,neutral,31.295336787564764,mid,-1.926135778323541,-0.07124199138753973,True,0.9821428571428571,New York,20,Monday,10.775893140833666,4.189015109228299,3.209107546636715,2025-03,96,0.3053703053702499,0.5554580554580179,0.3053703053702499,0.6753246753246297,0.3664443664442999,0.6765531765531417,1.4336609336608301,0.9385749385748782,,4.0544050544048025,win,win,win,win,win,win,win,win,2025,False
long,1789,54771,54772,54773,54774,2025-03-25 00:30:00+00:00,2025-03-25 00:45:00+00:00,2025-03-25 01:00:00+00:00,2025-03-25 01:15:00+00:00,3012.403,3008.985,3.4179999999996653,1.3820588119108719,1.0810810810810811,4,14,1,1.595958493450052,0.7707119331138022,0.7998479858120012,0.7015424337816775,0.9206057824690225,False,stalls,3012.734,3012.734,3010.981,1.7529999999997017,0.6897077633732969,0.159,0.09070165430691789,0.04387451980652117,range,8.04535637149028,low,0.4603798724764582,0.27144773313483284,True,0.8974972796517954,Asia,1,Tuesday,8.05537749418562,4.050901957611266,2.5416561812004854,2025-03,96,1.0444951511696763,2.3017683970339653,1.0444951511696763,2.990302338848047,3.6075299486600945,2.990302338848047,5.2475755847128545,2.990302338848047,0.0,0.43183114660592736,loss,loss,loss,loss,loss,loss,loss,loss,2025,False
short,1794,54862,54863,54864,54865,2025-03-26 00:15:00+00:00,2025-03-26 00:30:00+00:00,2025-03-26 00:45:00+00:00,2025-03-26 01:00:00+00:00,3022.232,3020.344,1.88799999999992,1.0838029368446946,0.05408328826392645,3,37,1,1.9374125592431142,0.7220740740740439,0.9431111111111089,1.292756469160119,1.0793650793650793,False,stalls,3018.125,3018.142,3021.275,3.1330000000002656,1.7255238207241197,0.16,0.05106926268751562,0.21250289914542417,neutral,0.1620745542949757,low,-1.3303866151231056,-0.35646726069656365,True,0.9510032664489034,Asia,0,Wednesday,9.812849637356862,5.85620644294851,1.8156805269054446,2025-03,96,0.5604851579954386,2.3533354612190944,0.5604851579954386,2.862112990743485,1.240344717523025,2.862112990743485,1.5716565592082863,4.4366421959779485,2.0,0.5604851579954386,win,loss,loss,loss,loss,loss,loss,loss,2025,False
long,1794,54866,54867,54868,54869,2025-03-26 01:15:00+00:00,2025-03-26 01:30:00+00:00,2025-03-26 01:45:00+00:00,2025-03-26 02:00:00+00:00,3022.232,3016.386,5.846000000000004,3.025592204620409,14.031300593631949,7,4,1,2.3651995167833997,0.8938730853391444,0.9849015317286745,0.20339680746081218,0.9190292583352234,False,wick_inside,3024.766,3024.79,3018.124,6.666000000000167,2.9972261892424994,0.159,0.023852385238523253,0.054438116142215914,range,2.4797843665768196,low,1.9817356871427518,-0.08185446752943265,True,0.7747788614198231,Asia,1,Wednesday,5.025052488894858,7.766889467892783,2.224056370495312,2025-03,96,0.34788478847883314,0.2913291329132851,0.34788478847883314,1.2469246924692003,0.34788478847883314,1.73597359735971,1.0879087908790535,1.73597359735971,6.0,0.34788478847883314,loss,loss,loss,loss,loss,loss,loss,loss,2025,False
long,1795,54883,54884,54885,54886,2025-03-26 05:30:00+00:00,2025-03-26 05:45:00+00:00,2025-03-26 06:00:00+00:00,2025-03-26 06:15:00+00:00,3019.489,3013.218,6.2710000000001855,2.700548172683476,17.967914438502675,2,1,1,2.2582801176129617,0.6605644546148262,0.7637299771166844,1.4443690912421638,1.47223113964687,False,continues,3024.668,3024.642,3018.838,5.803999999999633,2.2542464622344367,0.16,0.02756719503790664,0.027152306074052637,range,11.538461538461538,low,1.653562092860706,0.04294810530123864,True,1.5587229190421892,Asia,6,Wednesday,4.378768886153066,6.671078090169018,2.57469628864212,2025-03,96,0.5151619572709211,0.2512060647828603,1.2749827705031977,0.2512060647828603,1.2749827705031977,1.3363197794625,1.2749827705031977,1.670744314266071,13.0,1.2749827705031977,win,win,loss,loss,loss,loss,loss,loss,2025,False
long,1799,54991,54992,54993,54994,2025-03-27 09:30:00+00:00,2025-03-27 09:45:00+00:00,2025-03-27 10:00:00+00:00,2025-03-27 10:15:00+00:00,3038.379,3032.481,5.8979999999996835,1.905053218292332,14.528101802757156,1,29,1,1.9328312068941644,0.7159090909090416,0.8186831550802055,0.49871179536169363,0.9935285053929122,False,continues,3045.999,3045.999,3035.024,10.974999999999909,3.084138016661178,0.159,0.01448747152619602,0.24484792767945615,neutral,53.230932203389834,mid,4.280943571864394,0.25087407132805256,False,1.8742331288343559,London,10,Thursday,-3.9221243096619633,9.462894175220892,3.558530759878642,2025-03,96,0.9019589977221343,0.0,0.909066059225549,0.0,0.909066059225549,1.1476993166287115,1.2592255125284992,1.1476993166287115,13.0,0.909066059225549,win,loss,loss,loss,loss,loss,loss,loss,2025,False
short,1804,55250,55252,55253,55254,2025-04-01 05:15:00+00:00,2025-04-01 05:45:00+00:00,2025-04-01 06:00:00+00:00,2025-04-01 06:15:00+00:00,3147.911,3141.602,6.3090000000001965,1.8657861125194175,18.45906902086677,4,19,2,4.5278190187551415,0.8446023087656818,0.9001014842065035,2.737483882200459,3.459399944949078,False,continues,3130.83,3130.835,3146.261,15.42599999999993,3.4296914829315845,0.159,0.010307273434461346,0.098509719652202,range,80.98290598290599,high,-1.2011223081497264,-0.037830715052899165,True,4.006550218340611,Asia,6,Tuesday,-0.5925144432783993,12.005031849628873,4.49778065367393,2025-04,96,0.050758459743284405,0.4718008556981606,0.43835083625049925,0.4718008556981606,0.43835083625049925,0.4718008556981606,0.43835083625049925,0.5291067029690032,,1.949565668352146,win,win,win,none,none,none,none,none,2025,False
long,1809,56151,56152,56153,56154,2025-04-15 00:45:00+00:00,2025-04-15 01:00:00+00:00,2025-04-15 01:15:00+00:00,2025-04-15 01:30:00+00:00,3215.2,3210.452,4.7479999999995925,1.354628750250881,4.702702702702703,5,43,1,2.1851519793960676,0.7584541062801491,1.0,0.6950032930942778,0.5570726379027854,True,continues,3223.11,3223.109,3209.977,13.132000000000062,3.185693036932295,0.159,0.012107828205909173,0.1874292392534968,neutral,41.252699784017274,mid,2.0459431957959047,0.4537769851953203,False,0.5735538498061249,Asia,1,Tuesday,5.4939377252059955,7.170477824066731,4.122179961395682,2025-04,96,0.21862625647274453,0.4523301858056676,0.37884556807796876,0.4523301858056676,0.7306579348157333,0.4523301858056676,0.7306579348157333,0.4523301858056676,,3.9837800791958426,win,win,win,win,win,win,win,none,2025,True
long,1818,56868,56869,56870,56871,2025-04-25 19:15:00+00:00,2025-04-25 19:30:00+00:00,2025-04-25 19:45:00+00:00,2025-04-25 20:00:00+00:00,3297.008,3286.161,10.846999999999753,1.7685350455104076,16.06864274570983,2,25,1,2.292068375567979,0.9809361217811902,0.9809361217811902,1.8719047531580941,1.2441457068516912,False,stalls,3304.818,3304.856,3294.699,10.157000000000153,1.491798397228851,0.16,0.01575268287880256,0.4553363799386846,trend,48.51948051948052,mid,-0.5357726013784604,-0.034686582591185976,True,1.561937419631376,New York,19,Friday,9.213107203049068,1.4456799866027183,6.808560740424235,2025-04,96,1.4161661908043068,0.02825637491387788,2.4967017820222055,0.02825637491387788,2.4967017820222055,0.615339174953225,2.4967017820222055,3.6210495224967456,17.0,2.4967017820222055,win,win,win,win,loss,loss,loss,loss,2025,True
long,1820,56937,56940,56941,56942,2025-04-28 13:30:00+00:00,2025-04-28 14:15:00+00:00,2025-04-28 14:30:00+00:00,2025-04-28 14:45:00+00:00,3302.284,3289.991,12.29300000000012,1.864935952158306,19.473684210526315,1,3,3,2.5273016505777797,0.7296285289747456,0.7296285289747456,1.3488956209324303,1.0382752694891424,False,continues,3329.996,3329.953,3298.988,30.965000000000146,3.739938600909835,0.159,0.005134829646374915,0.04374738135806355,range,66.91176470588235,mid,4.291429588221952,0.18311458763233018,False,1.2354995444883086,Overlap,14,Monday,4.926959965991108,7.842578174483357,8.279547688955942,2025-04,96,0.19670595834005702,0.35062166962699565,0.3003390925238217,0.35062166962699565,0.6424673017923507,0.35062166962699565,0.7440658808331941,0.35062166962699565,,0.7440658808331941,win,none,none,none,none,none,none,none,2025,True
long,1821,56955,56956,56957,56958,2025-04-28 18:00:00+00:00,2025-04-28 18:15:00+00:00,2025-04-28 18:30:00+00:00,2025-04-28 18:45:00+00:00,3340.193,3331.36,8.833000000000084,1.292042988199903,6.777893639207508,1,9,1,1.834721521679088,0.8073826038427694,0.8678147173722124,1.1696112004580392,1.8976377952755905,False,stalls,3347.292,3347.257,3337.304,9.952999999999975,1.4257283143463924,0.159,0.015975082889581074,0.08803491306412443,range,47.5,mid,6.527666623208118,0.1974884135923731,False,1.5078740157480315,New York,18,Monday,3.3658533308748813,11.7789825741374,6.9809934332143815,2025-04,96,0.48176429217322264,0.16798955088918213,0.5763086506580821,0.21541243846078953,0.5763086506580821,1.5006530694263225,0.5763086506580821,3.855119059580025,10.0,0.5763086506580821,win,loss,loss,loss,loss,loss,loss,loss,2025,True
short,1831,57098,57099,57100,57101,2025-04-30 07:45:00+00:00,2025-04-30 08:00:00+00:00,2025-04-30 08:15:00+00:00,2025-04-30 08:30:00+00:00,3314.67,3303.125,11.545000000000073,2.219615205734231,13.905167820990943,6,25,1,4.345985424480037,0.9769077637690805,0.9988940499889365,3.4541019303785805,1.9694178334561532,False,stalls,3285.659,3285.618,3307.739,22.121000000000095,3.2905875797801007,0.16,0.0072329460693458395,0.0650729806410481,range,42.043640234167114,mid,-3.4838566239018864,-0.43948720930111174,False,2.5375829034635227,London,8,Wednesday,9.37418055705355,-2.0810686786819175,6.722507595886072,2025-04,96,0.3351114325753799,0.1545138104064059,0.6228470683965343,0.1545138104064059,0.8461190723746674,0.29890149631572044,0.8461190723746674,1.544460015370002,18.0,0.8461190723746674,win,loss,loss,loss,loss,loss,loss,loss,2025,True
short,1835,57205,57206,57207,57208,2025-05-01 11:30:00+00:00,2025-05-01 11:45:00+00:00,2025-05-01 12:00:00+00:00,2025-05-01 12:15:00+00:00,3227.153,3213.618,13.534999999999854,2.1452187438292722,19.291754756871036,2,1,1,1.8361550903038393,0.759085023737578,0.8128614587828992,1.2863387753910993,2.0913917330299583,False,stalls,3206.782,3206.762,3214.919,8.156999999999698,1.2011646410939296,0.159,0.019492460463406386,0.6773231114483856,trend,39.38753959873284,mid,-4.9134810395822734,-0.3639853413119739,False,1.2300731869594146,Overlap,12,Thursday,17.84738929760812,-8.852864663225237,6.790909190076492,2025-05,96,0.3796738997180731,3.179232560990677,0.3796738997180731,3.2558538678436895,0.3796738997180731,3.2558538678436895,0.3796738997180731,3.5533897266152685,0.0,0.3796738997180731,loss,loss,loss,loss,loss,loss,loss,loss,2025,True
long,1841,57346,57347,57348,57349,2025-05-05 00:45:00+00:00,2025-05-05 01:00:00+00:00,2025-05-05 01:15:00+00:00,2025-05-05 01:30:00+00:00,3252.3,3238.886,13.414000000000215,2.5319271352772628,18.442401297998916,4,34,1,2.3869651522823223,0.985370868258742,1.0,1.3050353521176463,0.9353500200776336,False,continues,3265.129,3265.174,3246.568,18.605999999999767,3.0400034922806953,0.159,0.008545630441793076,0.0641733152533842,range,24.905456509994597,low,2.851407103082139,0.5559615689228148,False,1.136431784107946,Asia,1,Monday,0.6720162508734558,6.92897280988074,6.1203877058841885,2025-05,96,0.3200580457916802,0.29667849080941905,0.3898204880146322,0.42029452864668715,0.3898204880146322,0.6485542298183467,1.988068365043572,0.6485542298183467,,6.55299365795989,win,win,win,win,win,win,win,win,2025,True
long,1842,57375,57376,57377,57378,2025-05-05 08:00:00+00:00,2025-05-05 08:15:00+00:00,2025-05-05 08:30:00+00:00,2025-05-05 08:45:00+00:00,3267.748,3256.795,10.952999999999975,2.1009276790982816,8.626198083067091,13,21,1,2.037053953439566,0.7955743879472411,0.8389830508474525,0.8098344436366699,1.3477311332200923,False,continues,3277.105,3277.151,3263.06,14.090999999999894,2.4253981103333873,0.159,0.011283798169044155,0.03516198476599485,range,17.872340425531917,low,3.2931306135785614,0.20825372355766875,False,1.5518789884188136,London,8,Monday,-1.35341035707552,9.360787086251646,5.809767864485964,2025-05,96,2.001277411113511,0.047548080334938826,2.944574551131964,0.047548080334938826,3.120786317507678,0.047548080334938826,3.66808601234836,0.047548080334938826,,7.802710950252015,win,win,win,win,win,win,win,win,2025,True
short,1845,57435,57436,57437,57438,2025-05-06 00:00:00+00:00,2025-05-06 00:15:00+00:00,2025-05-06 00:30:00+00:00,2025-05-06 00:45:00+00:00,3335.117,3327.401,7.716000000000349,1.5725093756129531,1.7334777898158178,2,9,1,1.954427800949592,0.8547445255474849,0.8580813347236788,0.4860594687449911,1.190876350540216,False,wick_inside,3326.844,3326.916,3333.245,6.3289999999997235,1.2240736020263332,0.159,0.025122452204140774,0.5234722153901618,trend,7.792207792207792,low,-0.7329290901571104,-0.18192084372731912,False,0.9065340421883039,Asia,0,Tuesday,2.09440559904304,17.280925318542824,5.170440723109042,2025-05,96,0.5854005372097557,8.673724127034623,0.5854005372097557,9.509085163533358,0.5854005372097557,9.509085163533358,0.5854005372097557,9.509085163533358,1.0,0.5854005372097557,win,loss,loss,loss,loss,loss,loss,loss,2025,True
long,1845,57438,57439,57440,57441,2025-05-06 00:45:00+00:00,2025-05-06 01:00:00+00:00,2025-05-06 01:15:00+00:00,2025-05-06 01:30:00+00:00,3335.117,3323.211,11.906000000000404,2.244003866808217,13.899405083829098,5,3,1,6.6245798681818275,0.9275634459997648,0.9275634459997648,5.112054164239567,4.525418994413408,False,stalls,3357.372,3357.334,3329.638,27.695999999999913,3.688380347408805,0.159,0.0057409012131715955,0.6765066762901436,trend,54.889249054565106,mid,2.098281263593168,1.3939240805225053,True,2.132122905027933,Asia,1,Tuesday,-2.6233898203208597,15.964603527104021,7.508986978378508,2025-05,96,1.074703928365122,0.06203061813979826,1.074703928365122,0.17789572501443152,1.074703928365122,0.17789572501443152,1.074703928365122,0.2593154246100452,,2.804809358752184,win,win,win,win,win,none,none,none,2025,True
long,1847,57484,57485,57486,57487,2025-05-06 12:15:00+00:00,2025-05-06 12:30:00+00:00,2025-05-06 12:45:00+00:00,2025-05-06 13:00:00+00:00,3385.089,3373.128,11.960999999999785,1.9503871678895652,14.195250659630606,10,40,1,2.7870593991780988,0.7870933770184821,0.8446056634682931,0.7549780609755925,1.037037037037037,False,continues,3390.953,3391.005,3375.283,15.722000000000207,2.2927503452894853,0.159,0.01011321714794542,0.47017675392373454,trend,41.80284659989457,mid,3.8700587268995443,0.19818242866114674,False,0.962979683972912,Overlap,12,Tuesday,-7.769859966735952,22.379034171083457,6.857266440849725,2025-05,96,0.41915786795570564,0.2023279480982062,0.4456812110418502,0.8127464699147742,1.3160539371580926,0.8127464699147742,2.7993257855234313,0.8127464699147742,42.0,2.7993257855234313,win,win,win,win,win,loss,loss,loss,2025,True
long,1853,57619,57620,57621,57622,2025-05-08 00:00:00+00:00,2025-05-08 00:15:00+00:00,2025-05-08 00:30:00+00:00,2025-05-08 00:45:00+00:00,3378.789,3367.175,11.614000000000033,2.0348416546954975,13.109425785482124,2,17,1,1.5183345771991967,0.7749826909762018,0.8084468036002974,1.1379625062206815,0.9525398028809704,False,stalls,3382.483,3382.448,3378.278,4.170000000000073,0.7103354959985789,0.159,0.038129496402877036,0.10591552252907603,range,20.346320346320347,low,1.160179490207587,0.7593862662708737,False,0.934227330779055,Asia,0,Thursday,7.2087980468017525,3.818266221296845,5.870465468064425,2025-05,96,3.620623501198967,1.1261390887289762,7.770503597122226,1.1261390887289762,7.770503597122226,1.1261390887289762,7.770503597122226,14.927817745803049,0.0,0.8549160671462811,ambiguous,loss,loss,loss,loss,loss,loss,loss,2025,True
short,1865,57899,57900,57901,57902,2025-05-13 01:00:00+00:00,2025-05-13 01:15:00+00:00,2025-05-13 01:30:00+00:00,2025-05-13 01:45:00+00:00,3243.423,3233.882,9.540999999999713,1.7483006931687828,5.297297297297297,2,5,1,1.68306696014628,0.6610778443113443,1.0,0.7316806066264596,0.6237946892152499,False,continues,3217.412,3217.458,3239.074,21.615999999999985,3.4463765180122423,0.159,0.007355662472242788,0.25644634746404327,neutral,30.99352051835853,mid,-2.634976609496001,-0.46564680933803854,True,1.0591193051957946,Asia,1,Tuesday,11.990730884074207,1.5495620548926543,6.272094731096702,2025-05,96,0.07346410066618217,0.9976406365655103,0.07346410066618217,1.1065414507771967,0.07346410066618217,2.002636935603247,0.07346410066618217,2.2298760177646213,4.0,0.07346410066618217,loss,loss,loss,loss,loss,loss,loss,loss,2025,True
short,1866,57942,57943,57944,57945,2025-05-13 11:45:00+00:00,2025-05-13 12:00:00+00:00,2025-05-13 12:15:00+00:00,2025-05-13 12:30:00+00:00,3258.576,3248.781,9.795000000000073,1.9147393793319456,6.12783940834654,12,28,1,1.8451480348662261,0.7969064519546235,0.8830384574636897,1.4004280667211328,1.1413903149715554,False,continues,3240.528,3240.578,3249.952,9.374000000000251,1.7294261958276038,0.159,0.01696180925965391,0.114194194981035,range,12.559366754617415,low,-0.5801069530402833,0.04659089497147288,True,1.07875830283313,Overlap,12,Tuesday,9.610362701819277,6.05778847237008,5.420294906261897,2025-05,96,0.45924898655853647,0.8965222957115182,1.611051845530132,0.8965222957115182,1.611051845530132,1.839129507147405,1.611051845530132,1.839129507147405,12.0,1.611051845530132,win,win,win,loss,loss,loss,loss,loss,2025,True
short,1868,57986,57987,57988,57989,2025-05-13 23:45:00+00:00,2025-05-14 00:00:00+00:00,2025-05-14 00:15:00+00:00,2025-05-14 00:30:00+00:00,3257.165,3249.432,7.733000000000175,2.062380778109355,2.4377031419284942,1,37,1,2.877411899007083,0.8449346556677917,0.8688479006395462,1.1094664472952829,1.001095633119424,False,stalls,3246.897,3246.878,3254.646,7.768000000000029,1.784493496578527,0.159,0.02046858908341908,0.23832138283054527,neutral,3.8419913419913416,low,-0.8771787686248274,-0.5257510245745615,False,0.8540779302729137,Asia,0,Wednesday,4.3100755642129895,7.12763642100178,4.353055931497589,2025-05,96,1.0588311019567884,0.4782440782697833,1.6726313079299548,0.6345262615859442,3.1373583934088574,0.6345262615859442,3.2579814624098735,0.6345262615859442,,10.158084449021635,win,win,win,win,win,win,win,win,2025,False
short,1870,58033,58034,58035,58036,2025-05-14 11:30:00+00:00,2025-05-14 11:45:00+00:00,2025-05-14 12:00:00+00:00,2025-05-14 12:15:00+00:00,3239.183,3229.611,9.572000000000116,1.780598134336756,6.7617538298996305,7,40,1,2.2359788523534805,0.9173044925124673,0.9420965058236345,1.7632981315689067,1.6713135676418613,False,continues,3213.654,3213.611,3231.456,17.845000000000255,2.908514943986711,0.159,0.00891005884001108,0.21646077885151327,neutral,31.29287598944591,mid,-3.4572145741253673,-0.17151350216263725,False,1.423407022106632,Overlap,12,Wednesday,8.476173699188964,-0.36118067334682835,6.135433492234376,2025-05,96,2.1393107312972477,0.19938358083496452,2.1706920706079758,0.19938358083496452,2.1706920706079758,0.19938358083496452,2.5576351919304807,0.19938358083496452,,5.207621182403951,win,win,win,win,win,win,win,win,2025,False
short,1872,58084,58085,58086,58087,2025-05-15 01:15:00+00:00,2025-05-15 01:30:00+00:00,2025-05-15 01:45:00+00:00,2025-05-15 02:00:00+00:00,3192.72,3180.193,12.526999999999589,2.412868473186775,16.144708423326133,7,3,1,2.1909777985551586,0.7635164835164787,1.0,0.4464779373231929,0.6603112840466926,False,continues,3172.483,3172.451,3189.25,16.798999999999978,2.8684616268084993,0.16,0.009524376450979238,0.2724296620288987,neutral,20.819848975188783,low,-1.7751646238813281,-0.1219015607200957,True,1.0169260700389104,Asia,1,Thursday,14.459614708101496,0.7706034479307011,5.856449269879493,2025-05,96,1.3337103399011982,0.1844157390320829,1.436097386749213,0.1844157390320829,2.9235073516280816,0.1844157390320829,3.0817310554199686,0.1844157390320829,43.0,3.0817310554199686,win,win,win,win,win,win,loss,loss,2025,False
long,1885,58384,58385,58386,58387,2025-05-20 07:15:00+00:00,2025-05-20 07:30:00+00:00,2025-05-20 07:45:00+00:00,2025-05-20 08:00:00+00:00,3219.267,3207.946,11.320999999999913,2.1181040833197446,11.886993603411513,10,26,1,1.6920884488599628,0.7121848739496187,0.8544891640867069,0.587478740537474,0.8120721841941506,False,continues,3222.843,3222.819,3214.679,8.139999999999873,1.4600098507450923,0.159,0.019533169533169838,0.39368935001525773,trend,14.643237486687966,low,1.0136172805224015,0.0011464953252600856,True,0.9203484754200373,London,7,Tuesday,4.837224283138217,2.916253091310178,5.5753048486938335,2025-05,96,1.6108108108108459,0.5582309582309509,2.035872235872282,0.5582309582309509,2.3085995085995346,0.5582309582309509,7.7477886977888195,0.5582309582309509,,12.031449631449838,win,win,win,win,win,win,win,win,2025,False
long,1889,58448,58449,58450,58451,2025-05-21 00:15:00+00:00,2025-05-21 00:30:00+00:00,2025-05-21 00:45:00+00:00,2025-05-21 01:00:00+00:00,3298.122,3288.505,9.616999999999734,1.9229021553244818,6.331168831168831,2,10,1,1.6825643794380671,0.7478312537136241,0.7478312537136241,0.7967937079097969,1.0405940594059406,False,continues,3303.386,3303.426,3295.814,7.61200000000008,1.4905199489270848,0.159,0.02088807146610593,0.6353072017068034,trend,7.027027027027027,low,1.4466189077922262,0.2550412247975673,True,1.006316438145124,Asia,0,Wednesday,-1.490911572665627,19.35894045594776,5.106942718532145,2025-05,96,1.4784550709405921,2.3654755648974866,1.4784550709405921,2.3654755648974866,1.4784550709405921,2.3654755648974866,2.27653704676826,2.3654755648974866,1.0,1.4784550709405921,win,win,loss,loss,loss,loss,loss,loss,2025,False
long,1890,58468,58469,58470,58471,2025-05-21 05:15:00+00:00,2025-05-21 05:30:00+00:00,2025-05-21 05:45:00+00:00,2025-05-21 06:00:00+00:00,3309.762,3298.404,11.358000000000175,2.0271636053790614,13.383297644539615,4,12,1,2.2938111160707817,0.7717086834733797,0.9440553999377503,0.4983131525108367,1.5434578562042425,False,continues,3316.441,3316.415,3300.421,15.994000000000142,2.536888264869965,0.159,0.009941227960485095,0.5620446233663169,trend,32.72727272727273,mid,2.6912677197920876,0.20901051916646465,False,1.6935933147632312,Asia,5,Wednesday,-3.278413376678536,17.75219048419676,6.304574080569512,2025-05,96,0.2713517569088475,0.3550081280480076,0.2713517569088475,0.5423908965862264,0.2713517569088475,0.7796048518194285,0.2713517569088475,1.6082280855320448,25.0,0.2713517569088475,loss,loss,loss,loss,loss,loss,loss,loss,2025,False
short,1892,58495,58496,58497,58498,2025-05-21 12:00:00+00:00,2025-05-21 12:15:00+00:00,2025-05-21 12:30:00+00:00,2025-05-21 12:45:00+00:00,3318.322,3306.475,11.847000000000207,2.108465421169946,16.200527704485488,13,27,1,3.7120168219245993,0.669655271611455,0.7547585942369569,1.898455359805794,1.438076339442045,False,stalls,3298.835,3298.794,3311.55,12.756000000000313,1.863863242629754,0.159,0.012464722483536854,0.2465516201569802,neutral,47.75962045334739,mid,-0.7553448673260302,-0.04620253582662506,True,1.907785689272791,Overlap,12,Wednesday,-0.4475551201140629,13.780840221494044,6.843849756918148,2025-05,96,0.13005644402630998,0.842035120727479,0.27626215114454383,0.842035120727479,0.27626215114454383,1.286923800564422,0.27626215114454383,2.0463311382878193,9.0,0.27626215114454383,loss,loss,loss,loss,loss,loss,loss,loss,2025,False
short,1898,58571,58572,58573,58574,2025-05-22 08:00:00+00:00,2025-05-22 08:15:00+00:00,2025-05-22 08:30:00+00:00,2025-05-22 08:45:00+00:00,3333.957,3322.607,11.349999999999909,2.2997611679220142,14.369345396487493,1,28,1,1.8450771097003118,0.8942455523830255,0.8942455523830255,0.7772584881188038,1.3848133848133848,False,continues,3314.926,3314.869,3326.914,12.045000000000073,2.224385386662351,0.159,0.013200498132004902,0.1636146783331099,neutral,14.300903774587987,low,-2.881469293510447,-0.21194895574442188,False,1.589630446773304,London,8,Thursday,1.841373739344971,5.448959337389674,5.41497892956102,2025-05,96,0.8703196347032056,0.049564134495620506,2.016687422166876,0.049564134495620506,2.6477376504773837,0.049564134495620506,2.9569946035699437,0.07521793275217464,81.0,2.9569946035699437,win,win,win,win,win,loss,loss,loss,2025,False
short,1904,58747,58748,58749,58750,2025-05-26 06:00:00+00:00,2025-05-26 06:15:00+00:00,2025-05-26 06:30:00+00:00,2025-05-26 06:45:00+00:00,3351.906,3344.289,7.616999999999734,1.640996121365134,2.02991452991453,6,22,1,1.5929533046310367,0.8143088991073838,0.8143088991073838,0.9052731655477096,0.9187145557655955,False,stalls,3342.715,3342.749,3346.108,3.3590000000003783,0.6896549589944969,0.159,0.0473355165227693,0.1941022425494257,neutral,5.3361792956243335,low,-0.46688830616743,-0.017555450677761257,True,0.7392150502757054,Asia,6,Monday,4.765374098916492,11.444905144157747,4.870551507231577,2025-05,96,3.1631437927951187,0.07055671330754788,3.4974694849652486,0.07055671330754788,5.727299791603948,0.07055671330754788,5.727299791603948,0.07055671330754788,46.0,5.727299791603948,win,win,win,win,win,win,win,win,2025,False
short,1909,58808,58809,58810,58811,2025-05-27 01:00:00+00:00,2025-05-27 01:15:00+00:00,2025-05-27 01:30:00+00:00,2025-05-27 01:45:00+00:00,3350.029,3340.676,9.353000000000065,2.673492651177339,8.799565453557848,6,4,1,1.6698967249201504,0.6923998630605965,0.7079767203012491,0.36616530376970075,0.5795831359545239,False,wick_inside,3332.086,3332.132,3343.531,11.398999999999887,2.7996246846169726,0.159,0.013948591981752924,0.003168413356086963,range,2.441671188279978,low,-2.932695304074382,-0.5668482925769448,False,0.7003789673140691,Asia,1,Tuesday,6.084314616371378,2.1060427818747494,4.071617193059372,2025-05,96,0.03526625142556782,0.88858671813317,0.03526625142556782,1.3244144223177385,0.7316431265900718,1.3244144223177385,3.471444863584552,1.3244144223177385,4.0,0.03526625142556782,loss,loss,loss,loss,loss,loss,loss,loss,2025,False
short,1928,59263,59264,59265,59266,2025-06-02 23:45:00+00:00,2025-06-03 00:00:00+00:00,2025-06-03 00:15:00+00:00,2025-06-03 00:30:00+00:00,3392.238,3382.953,9.284999999999854,2.395681144209704,11.27450980392157,1,38,1,2.130698426374108,0.6518527488496475,0.8049164446597344,0.23969712256015713,1.0842176563558366,False,continues,3379.795,3379.836,3388.671,8.835000000000036,2.0290462908200846,0.159,0.017996604414261385,0.7721945954280947,trend,7.616974972796518,low,-1.3728593479200237,-0.5458418447178954,False,1.3652694610778444,Asia,0,Tuesday,0.7266443083366422,18.354888246171157,4.354262413810763,2025-06,96,1.883305036785467,0.18856819468026717,1.883305036785467,0.18856819468026717,2.275947934351968,0.18856819468026717,3.2469722693831105,0.18856819468026717,,5.295189586870369,win,win,win,win,win,win,win,win,2025,False
long,1941,59475,59476,59477,59478,2025-06-05 06:45:00+00:00,2025-06-05 07:00:00+00:00,2025-06-05 07:15:00+00:00,2025-06-05 07:30:00+00:00,3370.062,3361.149,8.913000000000011,2.1031037891421445,11.534334763948499,4,26,1,1.7432661050355633,0.7005955603681628,0.7797780184082336,0.23713893280467657,0.7974659243616817,False,continues,3372.392,3372.498,3365.306,7.192000000000007,1.6335307337773337,0.16,0.022246941045606206,0.028918472451653507,range,11.468381564844588,low,0.04724135676839269,-0.09171522125805615,True,0.8362449606450374,London,7,Thursday,2.7812268958709674,6.5095927183061875,4.40273320316993,2025-06,96,0.20147385984428082,0.4502224694104318,2.184788654060028,0.4502224694104318,4.3234149054505036,0.4502224694104318,4.3234149054505036,1.6516963292547127,29.0,4.3234149054505036,win,win,win,win,win,win,win,win,2025,False
long,1943,59484,59485,59486,59487,2025-06-05 09:00:00+00:00,2025-06-05 09:15:00+00:00,2025-06-05 09:30:00+00:00,2025-06-05 09:45:00+00:00,3378.864,3369.26,9.603999999999814,2.3977142132818763,15.75013347570742,1,9,1,2.6431279025422416,0.8723906678001214,0.9722300935109219,2.2601527252021,2.1206448257930317,False,stalls,3385.36,3385.33,3377.624,7.706000000000131,1.624962892623779,0.159,0.020633272774461107,0.2989869451697097,neutral,18.293333333333333,low,2.4763572578458932,0.3051273802087993,False,2.6797927461139897,London,9,Thursday,-0.15245888546157557,8.778089189481154,4.74226213717255,2025-06,96,1.737607059434161,0.08422008824291152,2.3698416818063666,0.08422008824291152,2.3698416818063666,1.8423306514404199,2.3698416818063666,5.964183752919706,12.0,2.3698416818063666,win,win,win,win,loss,loss,loss,loss,2025,False
short,1950,59632,59634,59635,59636,2025-06-09 00:00:00+00:00,2025-06-09 00:30:00+00:00,2025-06-09 00:45:00+00:00,2025-06-09 01:00:00+00:00,3318.848,3309.24,9.608000000000175,1.8949745933404105,16.548720740337508,1,2,2,1.9727805034072523,0.7085880640465724,0.8834546336729755,1.2198503025434593,1.7360527894421116,False,stalls,3305.496,3305.423,3311.972,6.549000000000433,1.1437711090122225,0.159,0.024278515803937927,0.4117065809094341,trend,53.47826086956522,mid,-0.998283590527499,-0.7836187417335014,False,1.8888222355528894,Asia,0,Monday,12.258383015796825,-0.27192725862447265,5.725795964243445,2025-06,96,1.5799358680713191,0.6158192090395618,1.8315773400517785,0.6158192090395618,1.8315773400517785,1.2342342342341655,1.8315773400517785,3.546953733394218,11.0,1.8315773400517785,win,win,win,loss,loss,loss,loss,loss,2025,False
short,1957,59725,59726,59727,59728,2025-06-10 00:15:00+00:00,2025-06-10 00:30:00+00:00,2025-06-10 00:45:00+00:00,2025-06-10 01:00:00+00:00,3327.913,3319.205,8.708000000000084,2.4105000155957446,11.860718171926006,3,38,1,1.9291197299823963,0.6616444253120738,0.9578131726216291,0.8631073781152171,1.583678541839271,False,stalls,3316.578,3316.651,3322.762,6.111000000000331,1.5841692249098154,0.159,0.026018654884632855,0.3035310936383095,neutral,6.086956521739131,low,-1.3683723714389353,-0.7797142755923353,False,1.187655343827672,Asia,0,Tuesday,5.6154923498599665,6.001230168002026,3.8575424291228875,2025-06,96,2.2408771068563604,0.542137129765983,2.411062019309299,0.542137129765983,2.411062019309299,0.542137129765983,2.411062019309299,2.975454099165277,21.0,2.411062019309299,win,win,win,win,loss,loss,loss,loss,2025,False
long,1962,59846,59847,59848,59849,2025-06-11 07:30:00+00:00,2025-06-11 07:45:00+00:00,2025-06-11 08:00:00+00:00,2025-06-11 08:15:00+00:00,3341.372,3332.496,8.875999999999749,2.141472686391193,13.176218532404926,1,6,1,2.126996755658503,0.6211433756806074,0.6784255898366494,1.043232074803507,1.1266127268751367,False,stalls,3345.07,3345.067,3339.715,5.351999999999862,1.244690897835748,0.159,0.029708520179372967,0.11003405536398521,range,14.660246120920279,low,2.485721104874871,0.21688818933097126,False,1.2046902880448636,London,8,Wednesday,0.9495651972838246,10.035901777710713,4.299862728413816,2025-06,96,0.3082959641255855,2.0624065769806235,0.3082959641255855,2.5838938714500252,0.3082959641255855,3.5420403587444635,2.93292227204793,3.5420403587444635,3.0,0.3082959641255855,loss,loss,loss,loss,loss,loss,loss,loss,2025,False
short,1963,59932,59938,59939,59940,2025-06-12 06:00:00+00:00,2025-06-12 07:30:00+00:00,2025-06-12 07:45:00+00:00,2025-06-12 08:00:00+00:00,3375.783,3367.772,8.010999999999967,1.904243776073873,8.490059108006449,12,25,6,7.228514474341529,0.865590388586452,0.8850197109067102,5.773177178728384,3.7312939231087228,False,stalls,3346.168,3346.192,3370.532,24.340000000000146,3.778887098822614,0.16,0.006573541495480651,0.39398974417738747,trend,76.65952890792292,high,-3.1514999118301845,-0.4921281852271009,True,2.960992198439688,London,7,Thursday,2.266090225736013,4.7580753047500295,6.441049802092194,2025-06,96,0.0,0.6148315529991806,0.0,0.8944124897288354,0.0,1.7415365653245634,0.0,2.170419063270323,9.0,0.0,loss,loss,loss,loss,loss,loss,loss,loss,2025,False
short,1965,60040,60042,60043,60044,2025-06-13 10:00:00+00:00,2025-06-13 10:30:00+00:00,2025-06-13 10:45:00+00:00,2025-06-13 11:00:00+00:00,3427.684,3418.733,8.951000000000022,1.4164159683767448,13.905167820990943,1,30,2,1.591531652228577,0.7245068210815753,0.9259986259691907,0.6240228629555215,1.9548519495749048,False,stalls,3415.818,3415.858,3424.173,8.3149999999996,1.2643007811297957,0.16,0.01924233313289329,0.29437275141513936,neutral,78.51063829787233,high,-0.5095977386634204,-0.0037911042593319266,True,1.7151351351351352,London,10,Friday,-2.5541460639109586,11.745605140194735,6.576757781142243,2025-06,96,0.40024052916417735,0.8685508117859411,0.40024052916417735,2.683824413710268,0.40024052916417735,3.7235117257969064,0.40024052916417735,3.7235117257969064,4.0,0.40024052916417735,loss,loss,loss,loss,loss,loss,loss,loss,2025,False
short,1971,60209,60210,60211,60212,2025-06-17 06:15:00+00:00,2025-06-17 06:30:00+00:00,2025-06-17 06:45:00+00:00,2025-06-17 07:00:00+00:00,3396.289,3386.818,9.471000000000004,1.9334436001204933,18.15252416756176,3,15,1,1.6543793617755371,0.8044175715696424,0.8968410661402018,1.0019365631287156,1.0005090785677924,False,wick_inside,3385.569,3385.529,3389.178,3.6489999999998872,0.7004971886628412,0.16,0.04384762948753219,0.17177963638712146,neutral,48.497854077253216,mid,-1.4073007248579534,-0.15499732337866387,False,0.9802913453299057,Asia,6,Tuesday,12.60914136556394,0.5440419382489547,5.209157237255096,2025-06,96,0.6566182515758453,1.7615785146615737,2.126335982461018,1.7615785146615737,2.6889558783228833,3.612496574404,5.330227459578081,4.02137571937529,0.0,0.6566182515758453,ambiguous,loss,loss,loss,loss,loss,loss,loss,2025,False
short,1973,60281,60282,60283,60284,2025-06-18 01:15:00+00:00,2025-06-18 01:30:00+00:00,2025-06-18 01:45:00+00:00,2025-06-18 02:00:00+00:00,3389.992,3382.502,7.4900000000002365,1.8364386787117883,6.5689467969598265,4,39,1,2.156160446006883,0.8367068455764668,0.9615647032067114,0.5482345641654476,0.688037746322509,False,wick_inside,3379.022,3378.963,3388.722,9.759000000000015,2.2141898365840946,0.16,0.016395122451070783,0.01740372620820122,range,19.414316702819956,low,-1.6864664830533083,-0.3381053518235537,False,0.688037746322509,Asia,1,Wednesday,5.501328104073585,2.9365979152482176,4.4074811647837535,2025-06,96,0.8513167332718496,0.0771595450353213,0.8513167332718496,1.2871195819243442,0.8513167332718496,2.156778358438338,0.8513167332718496,2.156778358438338,6.0,0.8513167332718496,win,loss,loss,loss,loss,loss,loss,loss,2025,False
short,1982,60448,60449,60450,60451,2025-06-20 00:45:00+00:00,2025-06-20 01:00:00+00:00,2025-06-20 01:15:00+00:00,2025-06-20 01:30:00+00:00,3370.411,3363.661,6.75,1.657258741189104,4.493150684931506,5,27,1,2.323108475426857,0.9382794335235375,0.9538152610441875,1.0795506200012417,1.1021181332874117,False,stalls,3361.771,3361.748,3368.289,6.541000000000167,1.4439529648636353,0.16,0.02446109157621096,0.14226417959555818,range,26.87465790914067,low,-0.8442690035252451,-0.2503503909528219,True,0.9702083692095747,Asia,1,Friday,5.777136384418257,3.149720364267522,4.529925945765061,2025-06,96,0.9151505885949738,0.4114049839473681,2.6106099984711184,0.4114049839473681,2.6106099984711184,0.4114049839473681,3.2721296437853082,0.4114049839473681,49.0,3.2721296437853082,win,win,win,win,win,win,loss,loss,2025,False
short,1983,60466,60468,60469,60470,2025-06-20 05:15:00+00:00,2025-06-20 05:45:00+00:00,2025-06-20 06:00:00+00:00,2025-06-20 06:15:00+00:00,3357.665,3349.211,8.454000000000178,1.9556549233560836,11.611502984264787,1,11,2,1.6226092873036333,0.6816800221055973,0.7217463387676545,1.002305350032429,1.3825149700598802,False,stalls,3348.134,3348.139,3349.964,1.824999999999818,0.3824952195930165,0.16,0.08767123287672107,0.22415927494917698,neutral,36.13217768147345,mid,-2.050475953062151,-0.3481320127312454,False,0.7147786083956297,Asia,6,Friday,8.343006688405833,0.1322490320894045,4.771301460817364,2025-06,96,4.270684931507453,3.455890410959133,4.270684931507453,3.9282191780825118,4.270684931507453,6.08054794520595,4.270684931507453,14.431780821919103,3.0,4.270684931507453,win,win,win,win,win,win,win,win,2025,False
short,1985,60491,60492,60493,60494,2025-06-20 11:30:00+00:00,2025-06-20 11:45:00+00:00,2025-06-20 12:00:00+00:00,2025-06-20 12:15:00+00:00,3359.236,3351.098,8.13799999999992,2.101740936244126,9.796573875802999,3,19,1,1.9480746967424245,0.6221662468514034,0.9318573511865152,1.045188691199326,2.274473067915691,False,stalls,3348.015,3348.04,3354.08,6.039999999999964,1.4452199480894405,0.16,0.026490066225165722,0.31358236004833023,neutral,13.796791443850267,low,-1.6423712303544253,-0.11499013748247315,False,0.9273356401384083,Overlap,12,Friday,9.55328669659259,0.1225087108313556,4.179294651990346,2025-06,96,1.018708609271495,0.8544701986755114,1.018708609271495,4.376986754966897,1.018708609271495,4.376986754966897,1.018708609271495,4.376986754966897,4.0,1.018708609271495,win,win,loss,loss,loss,loss,loss,loss,2025,False
long,1989,60580,60581,60582,60583,2025-06-23 10:45:00+00:00,2025-06-23 11:00:00+00:00,2025-06-23 11:15:00+00:00,2025-06-23 11:30:00+00:00,3368.98,3361.571,7.4090000000001055,1.839628703352713,7.399463806970509,1,36,1,1.7283918752920089,0.9479959775894171,0.9479959775894171,1.3529675805869776,1.1484777517564402,False,continues,3377.994,3378.045,3367.83,10.215000000000146,2.278419067084602,0.16,0.015663240332843633,0.03537529964388943,range,26.67380824852705,low,2.9212315849109527,0.12747665870636243,False,1.6557377049180328,London,11,Monday,-0.7844542201602612,8.39747424930668,4.483371890435836,2025-06,96,0.32207537934409364,1.7777777777777382,0.32207537934409364,2.171023005384221,1.0805677924620514,2.171023005384221,1.5193343122858307,2.171023005384221,3.0,0.32207537934409364,loss,loss,loss,loss,loss,loss,loss,loss,2025,False
short,1990,60673,60677,60678,60679,2025-06-24 11:00:00+00:00,2025-06-24 12:00:00+00:00,2025-06-24 12:15:00+00:00,2025-06-24 12:30:00+00:00,3327.663,3317.893,9.769999999999982,1.950991038239093,18.9664358018114,1,24,4,1.7989890630899967,0.840826245443519,0.840826245443519,0.8592542481830742,1.0843684465236327,False,wick_inside,3313.679,3313.517,3321.181,7.664000000000215,1.3994212299366406,0.16,0.02087682672233762,0.5307093284676287,trend,63.12433581296493,mid,-4.266821315602086,-0.2782185911016716,False,1.4698377697275162,Overlap,12,Tuesday,14.586921238872037,-6.079009862610806,5.476549759322435,2025-06,96,1.1745824634655142,0.57881002087683,2.364300626304721,0.57881002087683,2.364300626304721,0.57881002087683,2.364300626304721,1.5223121085595048,20.0,2.364300626304721,win,win,win,win,loss,loss,loss,loss,2025,False
long,1991,60706,60707,60708,60709,2025-06-24 19:15:00+00:00,2025-06-24 19:30:00+00:00,2025-06-24 19:45:00+00:00,2025-06-24 20:00:00+00:00,3321.223,3315.667,5.55600000000004,1.289634616013171,1.3089005235602094,9,17,1,1.5052700656669398,0.9084040092521142,0.9084040092521142,0.7815334327063642,1.0894621295279912,False,stalls,3323.479,3323.526,3318.699,4.826999999999771,1.112356747058083,0.16,0.03314688212140203,0.31416211964803503,neutral,18.985355648535567,low,-0.9648280678536428,-0.037446213070397597,True,1.1163556531284302,New York,19,Tuesday,16.15094986002005,-5.413607769192032,4.339435179195909,2025-06,96,0.190180236171569,0.3996270975760771,0.190180236171569,0.5560389475864655,1.3579863269112498,0.5560389475864655,2.420343898902123,0.5560389475864655,63.0,2.8112699399214436,win,win,win,win,win,loss,loss,loss,2025,False
long,1993,60749,60750,60751,60752,2025-06-25 07:00:00+00:00,2025-06-25 07:15:00+00:00,2025-06-25 07:30:00+00:00,2025-06-25 07:45:00+00:00,3333.966,3327.597,6.368999999999687,2.009494535036447,4.030091348737238,18,25,1,2.341728440735012,0.8313123147399692,1.0,0.06625747407092913,0.7860952004740273,True,wick_inside,3335.189,3335.214,3326.754,8.460000000000036,2.413857461250426,0.16,0.018912529550827343,0.16153598094907734,neutral,3.81105743424584,low,1.7034468661042899,0.13194720155489287,False,0.7817499506221608,London,7,Wednesday,8.798596044040076,11.353689846108315,3.504763697031882,2025-06,96,0.2224586288416139,1.0270685579195997,0.2224586288416139,1.6332151300236346,0.2224586288416139,1.6332151300236346,0.2224586288416139,2.7565011820331042,2.0,0.2224586288416139,loss,loss,loss,loss,loss,loss,loss,loss,2025,False
short,1993,60751,60757,60758,60759,2025-06-25 07:30:00+00:00,2025-06-25 09:00:00+00:00,2025-06-25 09:15:00+00:00,2025-06-25 09:30:00+00:00,3335.957,3326.754,9.202999999999975,2.6258546354476966,16.10305958132045,20,5,6,1.5071595586316189,0.9087258123402713,0.9218692953632104,1.2328554184424703,1.2545155993431856,False,stalls,3322.76,3322.72,3327.323,4.6030000000000655,1.2372907018554513,0.16,0.03475993917010596,0.08150780624771127,range,5.88235294117647,low,-1.655723081428354,-0.10845895492244353,True,0.8234217749313815,London,9,Wednesday,11.629941235384907,7.355199972815682,3.7202251605846297,2025-06,96,0.2874212470127844,1.4879426461003828,0.2874212470127844,1.4879426461003828,1.944166847707905,1.4879426461003828,2.3519443840972993,2.7586356723876038,2.0,0.2874212470127844,loss,loss,loss,loss,loss,loss,loss,loss,2025,False
short,1994,60770,60771,60772,60773,2025-06-25 12:15:00+00:00,2025-06-25 12:30:00+00:00,2025-06-25 12:45:00+00:00,2025-06-25 13:00:00+00:00,3329.523,3321.65,7.873000000000047,2.0338107287001614,9.032943676939425,10,14,1,2.312545871119547,0.9296246648792954,0.9480563002680815,0.47738882594154536,0.8512684463604709,False,wick_inside,3320.609,3320.611,3328.289,7.678000000000338,1.814493456479026,0.16,0.020838760093773504,0.320813605007889,neutral,16.560509554140125,low,-1.7041814380680644,-0.10124711124442712,False,0.8208689458689459,Overlap,12,Wednesday,10.733114002722603,5.958193412965247,4.231483983909913,2025-06,96,1.1353216983589105,0.13154467309197365,1.1353216983589105,0.7498046366240959,1.1353216983589105,1.890596509507611,1.1353216983589105,2.01315446730915,12.0,1.1353216983589105,win,win,loss,loss,loss,loss,loss,loss,2025,False
short,2002,60858,60859,60860,60861,2025-06-26 11:15:00+00:00,2025-06-26 11:30:00+00:00,2025-06-26 11:45:00+00:00,2025-06-26 12:00:00+00:00,3344.121,3337.838,6.282999999999902,1.8424736279819687,4.10010649627263,2,10,1,2.129562865892978,0.7502065546680993,0.8453594051225529,1.1855993757649907,1.2701949860724233,False,continues,3332.921,3332.88,3339.934,7.054000000000087,1.8869273655236027,0.16,0.022682166146866745,0.3228105677346857,neutral,9.361702127659575,low,-1.3681913560540737,-0.02555850160701365,True,1.1603526328329758,London,11,Thursday,1.1168020628099358,5.624669934060729,3.738352693847691,2025-06,96,1.5971080238162656,1.5843493053586324,3.251063226538093,1.5843493053586324,3.251063226538093,1.5843493053586324,3.251063226538093,1.5843493053586324,1.0,0.10688970796709613,loss,loss,loss,loss,loss,loss,loss,loss,2025,False
short,2010,61032,61033,61034,61035,2025-06-30 08:45:00+00:00,2025-06-30 09:00:00+00:00,2025-06-30 09:15:00+00:00,2025-06-30 09:30:00+00:00,3296.85,3288.128,8.721999999999753,2.073515840073482,14.346895074946467,6,28,1,1.8745324924306719,0.7993658845909587,0.7993658845909587,1.246439297122844,1.2040907069808804,False,stalls,3284.471,3284.427,3289.188,4.760999999999967,1.059162939376414,0.16,0.03360638521319074,0.09828935923456135,range,32.13903743315508,mid,1.810566853740609,0.19413419363955958,True,0.8955091151622944,London,9,Monday,9.203660988225588,6.370327823785771,4.495059091477486,2025-06,96,1.468599033816475,0.9172442764124689,2.057971014492816,0.9172442764124689,2.0875866414619564,0.9565217391304597,2.0875866414619564,2.9693341734929244,20.0,2.0875866414619564,win,win,win,win,loss,loss,loss,loss,2025,False
long,2012,61092,61093,61094,61095,2025-07-01 00:45:00+00:00,2025-07-01 01:00:00+00:00,2025-07-01 01:15:00+00:00,2025-07-01 01:30:00+00:00,3314.839,3308.556,6.282999999999902,1.8820222956833708,3.7037037037037033,3,45,1,1.5291618366168696,0.8039177277178844,0.9588638589617952,1.1766009195359186,0.987785657998424,False,continues,3320.227,3320.271,3313.872,6.399000000000342,1.8713270615989819,0.16,0.02500390686044561,0.43239090722123114,trend,5.114254624591948,low,2.3372356240528926,0.6446015572387239,False,0.9507084414288565,Asia,1,Tuesday,-3.1528015394745195,21.145206206589908,3.419498457171151,2025-07,96,0.10439131114230811,0.926238474761653,0.2733239568682142,0.926238474761653,1.5397718393497553,0.926238474761653,3.8565400843879614,0.926238474761653,,5.8984216283790705,win,win,win,win,win,win,win,win,2025,False
long,2013,61101,61102,61103,61104,2025-07-01 03:00:00+00:00,2025-07-01 03:15:00+00:00,2025-07-01 03:30:00+00:00,2025-07-01 03:45:00+00:00,3320.968,3314.344,6.623999999999796,1.9193452848199337,5.149051490514905,2,9,1,1.5180329026527786,0.7306737927085227,0.8341286505057957,0.05302539056794153,1.0674809160305343,False,wick_inside,3321.608,3321.619,3316.781,4.838000000000193,1.3488286941105037,0.16,0.033071517155848204,0.3501116402730935,trend,9.095831077422847,low,1.9200258467130955,0.21713271747039328,False,0.9031877213695395,Asia,3,Tuesday,-3.3907512562570576,20.543848694278047,3.5868157469697457,2025-07,96,0.3077718065316191,0.5634559735427871,2.221785861926285,0.5634559735427871,3.776973956180024,0.5634559735427871,6.502893757750833,0.5634559735427871,,7.522943365026515,win,win,win,win,win,win,win,win,2025,False
long,2023,61295,61296,61297,61298,2025-07-03 05:30:00+00:00,2025-07-03 05:45:00+00:00,2025-07-03 06:00:00+00:00,2025-07-03 06:15:00+00:00,3354.167,3345.487,8.679999999999836,3.1569040247968223,15.95687331536388,10,26,1,2.9197725243166723,0.8239910313901286,0.8521425012456492,1.8592273473228011,1.3342175066312998,False,stalls,3358.779,3358.744,3352.438,6.30600000000004,1.9211252547518969,0.16,0.025372660957817792,0.27023250438638213,neutral,5.115778136779752,low,2.3653462495333493,0.2872497622004918,True,1.1105349988215885,Asia,6,Thursday,0.4249872709132325,9.509966056507237,3.282451253192456,2025-07,96,0.6933079606723463,0.3577545195052805,0.6933079606723463,0.985093561687274,0.6933079606723463,2.3701236917222124,0.6933079606723463,7.486362194735171,8.0,0.6933079606723463,win,loss,loss,loss,loss,loss,loss,loss,2025,False
long,2027,61378,61379,61380,61381,2025-07-04 03:15:00+00:00,2025-07-04 03:30:00+00:00,2025-07-04 03:45:00+00:00,2025-07-04 04:00:00+00:00,3333.041,3326.143,6.898000000000138,2.2480439166719473,7.475622968580716,15,9,1,1.68293690717515,0.94519752130125,0.9604957397366054,1.5307425741674636,0.9090909090909091,False,continues,3338.35,3338.307,3332.778,5.528999999999996,1.7642126872859807,0.16,0.028938325194429394,0.3117230342889503,neutral,4.978354978354979,low,2.6147987546272793,0.24239814964501857,False,0.9628167160250082,Asia,3,Friday,8.742249811224736,8.556224129060173,3.13397587481681,2025-07,96,0.7135105805751792,0.06040875384334109,0.7160426840297143,0.06040875384334109,1.2282510399710926,0.34780249593050744,1.2282510399710926,1.2372942665943025,26.0,1.2282510399710926,win,win,loss,loss,loss,loss,loss,loss,2025,False
short,2028,61402,61403,61404,61405,2025-07-04 09:15:00+00:00,2025-07-04 09:30:00+00:00,2025-07-04 09:45:00+00:00,2025-07-04 10:00:00+00:00,3344.247,3337.145,7.101999999999862,2.277843550558978,8.930481283422461,16,8,1,1.840684896741524,0.696811291165748,0.7684265551490301,0.9115222994493051,1.399607265586647,False,stalls,3334.403,3334.373,3338.713,4.3400000000001455,1.320493222856652,0.16,0.03686635944700337,0.040099113133714295,range,7.852564102564102,low,-0.38572843789855144,0.04758219554357512,True,0.7069219440353461,London,9,Friday,9.53706453235961,6.957843092231526,3.286650718745325,2025-07,96,0.6698156682027777,0.8516129032257578,0.6698156682027777,0.8516129032257578,0.6963133640552611,0.8516129032257578,0.8237327188940444,1.7398617511519994,27.0,0.8161290322580179,win,loss,loss,loss,loss,loss,loss,loss,2025,False
short,2032,61481,61482,61483,61484,2025-07-07 10:15:00+00:00,2025-07-07 10:30:00+00:00,2025-07-07 10:45:00+00:00,2025-07-07 11:00:00+00:00,3312.749,3306.103,6.645999999999731,1.697557504148912,7.431340872374798,2,32,1,2.9177248525268467,0.8499518515276219,0.8968747264291423,1.9243752988652723,2.6096005370929842,False,stalls,3302.079,3302.114,3308.814,6.699999999999818,1.4280242771050167,0.16,0.023880597014926022,0.4501368479791709,trend,51.048951048951054,mid,-2.4335124422357466,-0.226654178642548,False,2.4760039177277178,London,10,Monday,9.168981548773441,-4.589286378302331,4.69179698652077,2025-07,96,0.3492537313433148,0.8183582089552721,0.3492537313433148,1.583432835820927,0.3492537313433148,2.8674626865672406,0.3492537313433148,5.026567164179224,6.0,0.3492537313433148,loss,loss,loss,loss,loss,loss,loss,loss,2025,False
short,2043,61633,61634,61635,61636,2025-07-09 02:15:00+00:00,2025-07-09 02:30:00+00:00,2025-07-09 02:45:00+00:00,2025-07-09 03:00:00+00:00,3307.286,3298.635,8.65099999999984,2.2968676718674037,19.561643835616437,2,6,1,2.3632434570907144,0.9160768452982971,0.9667453095158042,1.1204232545695536,1.3679775280898876,False,continues,3288.57,3288.536,3303.02,14.483999999999924,3.2806102805899786,0.16,0.01104667219000282,0.33415996532961,neutral,42.966611932129176,mid,-2.8689028344869882,-0.46444360390305595,False,2.18774157923799,Asia,2,Wednesday,12.968648359275173,0.3399748709725388,4.41503219254533,2025-07,96,0.25041425020712316,0.42971554819112073,0.25041425020712316,0.5399061032863991,0.25041425020712316,0.6447804473902231,0.40803645401821914,0.6447804473902231,43.0,0.40803645401821914,loss,loss,loss,loss,loss,loss,loss,loss,2025,False
short,2050,61730,61731,61732,61733,2025-07-10 03:30:00+00:00,2025-07-10 03:45:00+00:00,2025-07-10 04:00:00+00:00,2025-07-10 04:15:00+00:00,3324.62,3316.718,7.902000000000044,2.574148287854882,15.628415300546447,1,12,1,1.5124994305884871,0.8643118673272344,0.9170794744777598,0.3163120713119572,0.8283687943262411,False,wick_inside,3316.576,3316.556,3320.005,3.449000000000069,1.1128713278811233,0.16,0.04639025804580945,0.2639553518396067,neutral,6.6593886462882095,low,-1.0400751737644671,-0.11550266657431844,True,0.8187403993855606,Asia,4,Thursday,0.09615414778437723,10.954474219067317,3.099190277969396,2025-07,96,0.2968976514931478,2.220063786604813,0.2968976514931478,2.589446216294538,0.2968976514931478,3.748912728326929,0.2968976514931478,3.9956509133081104,2.0,0.2968976514931478,loss,loss,loss,loss,loss,loss,loss,loss,2025,False
short,2053,61762,61763,61764,61765,2025-07-10 11:30:00+00:00,2025-07-10 11:45:00+00:00,2025-07-10 12:00:00+00:00,2025-07-10 12:15:00+00:00,3330.337,3322.246,8.090999999999894,2.3080198107191943,17.024704618689583,5,12,1,2.227291890013062,0.6772540983606578,0.7336065573770583,0.5234478250735213,1.2495329597010942,False,continues,3319.211,3319.236,3326.139,6.903000000000247,1.8556481615377467,0.16,0.023178328263073197,0.12557493440345777,range,27.306866952789697,low,-0.9083600028839893,0.03228796148377656,True,0.7637906647807637,Overlap,12,Thursday,-0.628226822180724,9.834693320274555,3.719993985433014,2025-07,96,0.190352020860467,1.4828335506301555,1.3286976676806745,1.4828335506301555,1.3286976676806745,1.4828335506301555,1.3286976676806745,1.4828335506301555,3.0,0.190352020860467,loss,loss,loss,loss,loss,loss,loss,loss,2025,False
long,2056,61807,61808,61809,61810,2025-07-10 23:45:00+00:00,2025-07-11 00:00:00+00:00,2025-07-11 00:15:00+00:00,2025-07-11 00:30:00+00:00,3326.476,3321.84,4.635999999999967,1.8870892962595822,1.6528925619834711,1,35,1,1.591977186727897,0.7077473791869879,0.7402198926106559,0.022794866391417788,0.9844644317252658,False,wick_inside,3327.608,3327.631,3323.637,3.993999999999687,1.5415559446696212,0.16,0.04006009013520594,0.06414018381131634,range,0.4402861860209136,low,0.9463958437740173,0.2745389051031302,True,1.0825838103025347,Asia,0,Friday,1.053306503005368,6.771421505579983,2.590888779489389,2025-07,96,2.1339509263897862,0.5961442163244979,2.1339509263897862,0.5961442163244979,2.1339509263897862,0.5961442163244979,4.055082623936314,0.5961442163244979,,11.620681021533212,win,win,win,win,win,win,win,win,2025,False
long,2058,61857,61858,61859,61860,2025-07-11 12:15:00+00:00,2025-07-11 12:30:00+00:00,2025-07-11 12:45:00+00:00,2025-07-11 13:00:00+00:00,3350.305,3342.034,8.27099999999973,1.9738241067220121,18.71313672922252,2,15,1,1.8122621528772276,0.7185936265472536,0.7185936265472536,0.5211983858156696,1.5629244906112665,False,continues,3355.081,3355.127,3347.032,8.0949999999998,1.7970389482695277,0.16,0.019765287214330324,0.4591790708164162,trend,53.668987680771295,mid,4.038417142645969,0.37379530885099727,False,1.453938322529955,Overlap,12,Friday,-5.4930119500904935,9.993490096881017,4.504632472098026,2025-07,96,0.5066090179123179,0.6260654725138828,1.0815318097591509,0.6260654725138828,1.6827671402100284,0.6260654725138828,1.6827671402100284,0.7340333539221933,,2.464607782581904,win,win,win,win,none,none,none,none,2025,False
short,2070,62126,62127,62128,62129,2025-07-16 10:30:00+00:00,2025-07-16 10:45:00+00:00,2025-07-16 11:00:00+00:00,2025-07-16 11:15:00+00:00,3343.072,3336.951,6.121000000000095,2.4008161852463745,7.373519913885899,18,30,1,1.8438550705508892,0.6632631355031324,0.799617102744077,0.7726854901053429,1.0587484035759898,False,stalls,3336.007,3336.072,3338.74,2.6679999999996653,0.9994402243953804,0.16,0.05997001499251127,0.17318805682638924,neutral,1.827956989247312,low,0.3648535575132589,0.061288777161256046,True,0.8531073446327684,London,11,Wednesday,11.368819853890317,5.914603336949346,2.6694943177954378,2025-07,96,0.8815592203900343,1.848575712144081,1.9194152923540992,1.848575712144081,6.200524737632008,6.700149925038228,6.200524737632008,15.546476761621165,2.0,0.8815592203900343,win,loss,loss,loss,loss,loss,loss,loss,2025,False
short,2071,62132,62138,62139,62140,2025-07-16 12:00:00+00:00,2025-07-16 13:30:00+00:00,2025-07-16 13:45:00+00:00,2025-07-16 14:00:00+00:00,3341.004,3333.72,7.2840000000001055,2.4968035410892235,16.95278969957082,2,5,6,2.2724962917255116,0.9265206812652276,0.9425790754258194,1.818549952186219,1.0769414290826673,False,continues,3326.819,3326.855,3334.89,8.034999999999854,1.989626925257789,0.16,0.019912881144991026,0.09996727153714924,range,47.83538214858364,mid,-1.903086397831062,-0.17694091337618376,True,1.120362638673506,Overlap,13,Wednesday,9.790153048403129,1.6345398050562696,4.038445548759745,2025-07,96,0.9117610454262793,1.9641568139390715,0.9117610454262793,6.309271935283271,0.9117610454262793,6.309271935283271,0.9117610454262793,6.309271935283271,3.0,0.9117610454262793,win,loss,loss,loss,loss,loss,loss,loss,2025,False
long,2079,62273,62276,62277,62278,2025-07-18 01:15:00+00:00,2025-07-18 02:00:00+00:00,2025-07-18 02:15:00+00:00,2025-07-18 02:30:00+00:00,3343.035,3336.103,6.931999999999789,2.6505107414770697,16.39433551198257,7,14,3,2.5732225084664644,0.7984904585588185,0.9091426943890735,0.08721545955792573,1.3166666666666667,False,wick_inside,3343.261,3343.245,3336.889,6.355999999999767,2.175603444506554,0.16,0.025173064820642837,0.06605459121793554,range,8.532608695652174,low,1.063531801850462,-0.03937885983584467,True,0.92,Asia,2,Friday,3.075829539385831,11.424998705277337,2.92148829606278,2025-07,96,0.0601006922592945,1.3601321585903554,0.0601006922592945,1.4485525487728472,0.0601006922592945,1.8066393958464664,1.830868470736406,1.8066393958464664,2.0,0.0601006922592945,loss,loss,loss,loss,loss,loss,loss,loss,2025,False
long,2080,62291,62295,62296,62297,2025-07-18 05:45:00+00:00,2025-07-18 06:45:00+00:00,2025-07-18 07:00:00+00:00,2025-07-18 07:15:00+00:00,3340.402,3333.335,7.067000000000007,2.5219900212923556,17.637540453074433,6,3,4,1.5589384833210613,0.7612231620039714,0.8512253307309232,0.5548076450076013,0.9617662897145934,False,continues,3343.999,3343.971,3338.118,5.8530000000000655,1.853627383818938,0.16,0.027336408679309452,0.22913471459245482,neutral,17.374932759548145,low,1.6427449199007829,0.07734798720194991,True,0.8944906444906445,London,7,Friday,2.6121166345017115,10.804433935821997,3.1575925404929093,2025-07,96,1.1062702887407887,0.049205535622758874,1.8153083888603931,0.049205535622758874,1.8641722193746688,0.049205535622758874,2.956090893558849,0.049205535622758874,,4.581240389543747,win,win,win,win,win,win,win,win,2025,False
long,2087,62403,62404,62405,62406,2025-07-21 10:45:00+00:00,2025-07-21 11:00:00+00:00,2025-07-21 11:15:00+00:00,2025-07-21 11:30:00+00:00,3368.04,3362.674,5.3659999999999854,1.9802954349103856,4.695837780149413,8,23,1,1.6832142151743736,0.7406270554703756,0.9070379302784463,0.5007940561262286,0.9931892212022505,False,continues,3373.498,3373.503,3365.26,8.242999999999938,2.7882203747610705,0.16,0.019410408831736163,0.2186233125757477,neutral,12.846481876332621,low,4.435724095527836,0.22761599322209192,False,1.1772713820657,London,11,Monday,-4.135144253482238,14.117331743422124,2.95636602996501,2025-07,96,1.2086618949411394,0.33761979861705416,1.9663957297100514,0.33761979861705416,3.405556229528069,0.33761979861705416,3.405556229528069,0.33761979861705416,,3.552104816207687,win,win,win,win,win,win,win,none,2025,False
short,2100,62730,62736,62737,62738,2025-07-25 00:30:00+00:00,2025-07-25 02:00:00+00:00,2025-07-25 02:15:00+00:00,2025-07-25 02:30:00+00:00,3373.023,3366.659,6.364000000000033,2.454419372893819,14.675395526459356,4,46,6,1.8724720512558801,0.8435465338950505,0.8559938720796652,0.1850240479602112,1.1094117647058823,False,stalls,3366.275,3366.23,3370.613,4.382999999999811,1.4747955899740548,0.16,0.03650467716176293,0.15770760357133168,neutral,15.92391304347826,low,-0.8975552138433324,-0.14289783303609935,True,0.8141176470588235,Asia,2,Friday,9.139829479914898,5.033753599364103,2.971937283916694,2025-07,96,1.2096737394479498,0.12731006160164654,1.7321469313256732,0.12731006160164654,2.557608943646023,0.12731006160164654,5.290212183436208,0.12731006160164654,,9.682409308693117,win,win,win,win,win,win,win,win,2025,False
short,2102,62757,62758,62759,62760,2025-07-25 07:15:00+00:00,2025-07-25 07:30:00+00:00,2025-07-25 07:45:00+00:00,2025-07-25 08:00:00+00:00,3360.171,3354.664,5.506999999999607,1.75196412983479,6.881720430107527,2,14,1,2.0226961934793346,0.8189682290028613,0.8505819440075822,0.34294848955198665,1.061486693178342,False,wick_inside,3354.008,3354.041,3358.994,4.9529999999999745,1.5037300164480367,0.16,0.03230365435089861,0.06104546307117049,range,30.075187969924812,mid,-2.8243041730044887,-0.2673992237322283,False,0.8228816151728358,London,7,Friday,11.97094176227475,0.817594373974201,3.293809357945427,2025-07,96,1.9263072885120567,0.26589945487583566,2.220472440944903,0.26589945487583566,3.1171007470220844,0.26589945487583566,5.877851806985753,0.26589945487583566,,6.107207752877127,win,win,win,win,win,win,win,win,2025,False
short,2106,62867,62868,62869,62870,2025-07-28 11:45:00+00:00,2025-07-28 12:00:00+00:00,2025-07-28 12:15:00+00:00,2025-07-28 12:30:00+00:00,3338.836,3334.181,4.654999999999745,1.5023152563877216,3.407880724174654,5,41,1,1.701440608308572,0.6217754172989924,0.9470789074355084,0.27173994540895346,0.9356862745098039,False,wick_inside,3330.532,3330.604,3338.332,7.7280000000000655,2.185018858699608,0.16,0.020703933747411835,0.07700739928746951,range,42.28723404255319,mid,-1.5293007778175212,-0.04500748462964474,True,1.2505882352941176,Overlap,12,Monday,12.170849093113631,1.5844779611999338,3.5368115790997368,2025-07,96,0.6563146997929113,0.1093426501035517,3.730201863353976,0.1093426501035517,3.730201863353976,0.1093426501035517,3.730201863353976,0.1093426501035517,,3.730201863353976,win,win,win,win,win,win,win,none,2025,False
short,2113,63006,63010,63011,63012,2025-07-30 00:30:00+00:00,2025-07-30 01:30:00+00:00,2025-07-30 01:45:00+00:00,2025-07-30 02:00:00+00:00,3330.609,3326.111,4.498000000000047,1.8416557272909553,2.8368794326241136,4,41,4,2.514562158233086,0.9854235820464553,0.9992783951507996,1.1395187150889696,1.0666099170036178,False,stalls,3323.295,3323.351,3329.895,6.543999999999869,2.1991628892210744,0.16,0.024449877750611738,0.2194041366951222,neutral,17.79107725788901,low,-1.5611091699983775,-0.216822104405648,True,0.8103851883379443,Asia,1,Wednesday,3.645220027411511,5.192766651015467,2.975677714495128,2025-07,96,0.0,1.3750000000000346,0.0,1.3750000000000346,0.0,1.3750000000000346,0.04889975550124849,1.6352383863081046,0.0,0.0,loss,loss,loss,loss,loss,loss,loss,loss,2025,False
long,2119,63265,63266,63267,63268,2025-08-01 19:15:00+00:00,2025-08-01 19:30:00+00:00,2025-08-01 19:45:00+00:00,2025-08-01 20:00:00+00:00,3351.349,3345.882,5.467000000000098,1.2014566254346994,6.60377358490566,3,26,1,2.2587472464271756,0.902121035220872,0.9214827787507487,1.9541526089930392,3.2486920125566794,False,stalls,3357.185,3357.239,3350.77,6.469000000000051,1.3069894219818803,0.16,0.02473334363889299,0.5118690897770058,trend,88.53403141361257,high,6.916116213641273,0.3059577526200784,False,1.9972499140598143,New York,19,Friday,-8.560992854790205,16.76599322828001,4.949542736306657,2025-08,96,0.9780491575204392,0.03261709692382724,1.1329417220590694,0.03261709692382724,1.1329417220590694,1.101561292317228,1.1329417220590694,1.891018704591139,15.0,1.1329417220590694,win,win,loss,loss,loss,loss,loss,loss,2025,False
long,2121,63320,63324,63325,63326,2025-08-04 10:00:00+00:00,2025-08-04 11:00:00+00:00,2025-08-04 11:15:00+00:00,2025-08-04 11:30:00+00:00,3361.764,3356.173,5.591000000000349,1.6490766119070077,7.838983050847458,1,15,4,2.1034104074637505,0.8435794311979398,0.8740304510198285,0.5930759307455901,1.305263157894737,False,continues,3367.626,3367.67,3357.642,10.028000000000247,2.762453580711928,0.16,0.01595532508974831,0.23393759286775104,neutral,45.74749075541469,mid,2.9217202691786435,0.10815554756463702,False,1.0787615426398696,London,11,Monday,-1.1184245649871616,23.700683712617245,3.630106246858951,2025-08,96,0.3846230554447423,0.39449541284404005,0.9771639409652709,0.6614479457519049,1.762863980853555,0.6614479457519049,1.762863980853555,0.6614479457519049,86.0,1.762863980853555,win,win,win,loss,loss,loss,loss,loss,2025,False
short,2124,63380,63381,63382,63383,2025-08-05 02:00:00+00:00,2025-08-05 02:15:00+00:00,2025-08-05 02:30:00+00:00,2025-08-05 02:45:00+00:00,3382.398,3376.649,5.749000000000251,2.2616881087793423,9.536637931034484,5,13,1,2.297094602046078,0.7717074841581696,0.9386881315293457,0.26672891594226195,0.8388312912346843,False,wick_inside,3375.448,3375.448,3381.452,6.00400000000036,2.112258439557961,0.16,0.02664890073284317,0.2743022399257979,neutral,12.378902045209902,low,-1.0270867496167195,-0.012790335427982398,True,1.105874960728872,Asia,2,Tuesday,3.4829044889444956,10.70975539923711,2.842455206975921,2025-08,96,0.5136575616255242,0.11708860759492544,0.7080279813456852,0.11708860759492544,1.5106595602929989,0.11708860759492544,3.4861758827446345,0.11708860759492544,46.0,4.271319120586017,win,win,win,win,win,win,win,win,2025,False
short,2129,63467,63468,63469,63470,2025-08-06 00:45:00+00:00,2025-08-06 01:00:00+00:00,2025-08-06 01:15:00+00:00,2025-08-06 01:30:00+00:00,3385.34,3378.903,6.437000000000353,2.588277325189782,18.80064829821718,2,39,1,2.4298523964766394,0.8849908985603595,0.9306635776932166,0.3361503563551318,0.8756428237494156,False,wick_inside,3378.123,3378.075,3383.691,5.6159999999999854,2.017252412488992,0.16,0.028490028490028563,0.11899773910518678,range,11.602806260118728,low,-1.090863889055223,-0.20775050961660224,True,0.8833652007648184,Asia,1,Wednesday,4.413098849686598,10.17246943050013,2.783984773165134,2025-08,96,0.8954772079772096,0.6273148148148411,0.8954772079772096,0.6273148148148411,1.3233618233617892,0.6273148148148411,2.5,0.6273148148148411,94.0,3.558404558404554,win,win,win,win,win,win,win,loss,2025,False
short,2134,63577,63578,63579,63580,2025-08-07 05:15:00+00:00,2025-08-07 05:30:00+00:00,2025-08-07 05:45:00+00:00,2025-08-07 06:00:00+00:00,3380.976,3376.838,4.13799999999992,1.3936426789350018,2.3006955591225253,6,18,1,2.500339112714747,0.9838362068965051,0.9979795258620249,1.502763082022253,1.5546762589928058,False,stalls,3375.564,3375.589,3379.785,4.195999999999913,1.2507460871888898,0.16,0.03813155386082062,0.05828102222353978,range,38.21485836451096,mid,-0.03873089245913647,0.034953703795896233,True,1.5463991400931565,Asia,5,Thursday,2.9140356883601544,5.208361864025708,3.3547976227777925,2025-08,96,0.14561487130597928,2.91897044804583,0.14561487130597928,5.222831267874266,0.7550047664442769,5.222831267874266,0.9187321258341512,5.222831267874266,1.0,0.14561487130597928,loss,loss,loss,loss,loss,loss,loss,loss,2025,False
long,2139,63947,63948,63949,63950,2025-08-13 05:45:00+00:00,2025-08-13 06:00:00+00:00,2025-08-13 06:15:00+00:00,2025-08-13 06:30:00+00:00,3352.329,3345.692,6.637000000000171,1.990277311089775,19.615179048637092,7,2,1,1.573149732405601,0.7990850171559846,0.8692337018681392,0.3325625339759457,0.7415195397738544,False,continues,3355.031,3354.995,3348.878,6.116999999999734,1.77425520543407,0.16,0.02615661271865407,0.02010703993412846,range,36.67912439935932,mid,1.563026104985459,0.06845482199034073,True,0.7811942074985122,Asia,6,Wednesday,1.2248945124322912,6.947063335843271,3.4476438233152686,2025-08,96,0.9615824750695303,0.21186856302106882,0.9823442864149543,0.3509890469184286,1.917933627595305,0.3509890469184286,2.573156776197633,0.3509890469184286,,3.2429295406246283,win,win,win,win,win,win,none,none,2025,False
long,2162,64406,64407,64408,64409,2025-08-20 05:30:00+00:00,2025-08-20 05:45:00+00:00,2025-08-20 06:00:00+00:00,2025-08-20 06:15:00+00:00,3321.438,3317.07,4.367999999999938,1.7695635016486038,3.8502673796791447,3,17,1,1.687324172245072,0.7654261704682184,0.8465786314526592,0.794034904585938,0.961212976022567,False,continues,3325.371,3325.414,3319.872,5.542000000000371,2.1125211993399833,0.16,0.02887044388307277,0.2753224225054745,neutral,6.463675213675215,low,3.355660473530828,0.31702771708126287,False,1.164316370324954,Asia,6,Wednesday,7.607287184270114,4.0092923086713315,2.623405626287614,2025-08,96,0.10754240346444673,0.6863948033200709,0.39299891735830705,0.6863948033200709,0.39299891735830705,0.817033561891004,4.138217250089896,0.817033561891004,,4.813785636953825,win,win,win,win,win,win,win,win,2025,False
short,2170,64517,64518,64519,64520,2025-08-21 10:15:00+00:00,2025-08-21 10:30:00+00:00,2025-08-21 10:45:00+00:00,2025-08-21 11:00:00+00:00,3342.234,3337.849,4.3849999999997635,1.819750505328344,4.393859184753838,8,16,1,4.371551156928165,0.8528574140877433,0.8528574140877433,3.04647399307109,1.8520732162868883,False,continues,3328.409,3328.391,3339.492,11.101000000000113,3.6056757767311636,0.16,0.01441311593550116,0.05087727012883741,range,24.85457429931253,low,-4.030821047973918,-0.2865022540023565,False,1.8005229734777737,London,10,Thursday,7.094096445327823,5.49994666493002,3.078757128313979,2025-08,96,0.2918655976939198,0.5404918475812935,0.2918655976939198,1.508963156472352,0.2918655976939198,1.7765066210251153,0.2918655976939198,1.7765066210251153,4.0,0.2918655976939198,loss,loss,loss,loss,loss,loss,loss,loss,2025,False
short,2172,64574,64575,64576,64577,2025-08-22 01:30:00+00:00,2025-08-22 01:45:00+00:00,2025-08-22 02:00:00+00:00,2025-08-22 02:15:00+00:00,3340.225,3335.057,5.16800000000012,2.415737011889499,9.439050701186623,8,43,1,2.1334024230385173,0.856923751095571,0.9187116564416944,0.43331815209379654,0.8023694130317717,False,wick_inside,3334.483,3334.484,3338.323,3.838999999999942,1.6298284798381382,0.16,0.04167752018754947,0.07333826482087678,range,4.202586206896552,low,-1.3870650559137565,-0.313992861876469,False,1.1702925731432858,Asia,2,Friday,7.475813936303747,3.961854486546049,2.3554625824069544,2025-08,96,0.7585308674133502,0.3633758791351922,0.7851002865329955,0.3633758791351922,1.9101328470956487,0.3633758791351922,2.3839541547278413,0.3633758791351922,47.0,3.3951549882782763,win,win,win,win,win,win,loss,loss,2025,False
long,2174,64595,64596,64597,64598,2025-08-22 06:45:00+00:00,2025-08-22 07:00:00+00:00,2025-08-22 07:15:00+00:00,2025-08-22 07:30:00+00:00,3331.361,3325.692,5.668999999999869,2.4739561416724674,13.813333333333333,5,1,1,2.215170466595482,0.7352245862884071,0.8443656422379905,0.7698110132140834,1.0485074626865671,False,stalls,3332.432,3332.471,3328.839,3.632000000000062,1.4475984416501264,0.16,0.0440528634361226,0.1914140980510002,neutral,9.696323921150771,low,-0.538384587720992,-0.22340338719696798,True,1.1075870646766168,London,7,Friday,7.835843987566478,2.901972536799096,2.508983082255824,2025-08,96,0.04350220264314402,1.9655837004405292,0.04350220264314402,1.9655837004405292,0.04350220264314402,1.9655837004405292,12.55258810572663,3.034416299559471,0.0,0.04350220264314402,loss,loss,loss,loss,loss,loss,loss,loss,2025,False
short,2175,64615,64616,64617,64618,2025-08-22 11:45:00+00:00,2025-08-22 12:00:00+00:00,2025-08-22 12:15:00+00:00,2025-08-22 12:30:00+00:00,3331.714,3327.647,4.067000000000007,1.6299695409314003,3.4828496042216357,10,18,1,1.8215420613556235,0.7911991199119793,0.8433443344334483,0.7618815090509776,0.9669064748201439,False,wick_inside,3326.078,3326.103,3329.579,3.4760000000001128,1.2505124876853704,0.16,0.04602991944763948,0.4569429827276714,trend,17.87032156035846,low,-2.0695458075941766,-0.17684519389490003,False,1.5107913669064748,Overlap,12,Friday,9.358697311463269,0.33349398046158485,2.7796603666341606,2025-08,96,1.3386075949367366,0.9223245109321137,1.3386075949367366,11.979861910241219,1.3386075949367366,15.180092059838424,1.3386075949367366,15.180092059838424,4.0,1.3386075949367366,win,win,loss,loss,loss,loss,loss,loss,2025,False
short,2178,64659,64660,64661,64662,2025-08-24 23:45:00+00:00,2025-08-25 00:00:00+00:00,2025-08-25 00:15:00+00:00,2025-08-25 00:30:00+00:00,3370.998,3365.862,5.135999999999967,1.916633154779365,9.853817000541419,1,35,1,1.9867902873920436,0.6968444778362112,0.8127347858753136,0.18360270875230064,1.0960922485586162,False,wick_inside,3364.965,3364.925,3369.697,4.7719999999999345,1.7076177608031073,0.16,0.03352891869237263,0.3751762894699973,trend,18.226068144943213,low,-0.8233530024319374,-0.08989867674287677,True,0.7347853939782191,Asia,0,Monday,4.975422746480873,15.571455754683317,2.79453640594346,2025-08,96,0.3589689857502549,0.6146269907795543,1.0716680637049671,0.6146269907795543,1.0716680637049671,0.654861693210403,1.0716680637049671,1.0400251466889787,26.0,1.0716680637049671,win,win,loss,loss,loss,loss,loss,loss,2025,False
short,2186,64847,64848,64849,64850,2025-08-27 00:45:00+00:00,2025-08-27 01:00:00+00:00,2025-08-27 01:15:00+00:00,2025-08-27 01:30:00+00:00,3393.554,3389.001,4.552999999999884,1.9131657212300113,7.023230686115613,5,45,1,1.5912933420379396,0.8743068391866702,0.9794032215474071,1.128234122886773,1.2431646305991855,False,continues,3384.789,3384.819,3390.025,5.206000000000131,2.0887623734822616,0.16,0.030733768728389545,0.2992180233559549,neutral,13.38370210469509,low,-2.0502119381225716,-0.4577280963622073,True,0.8667830133798721,Asia,1,Wednesday,3.5283473515947503,13.473841341967006,2.492384996059171,2025-08,96,0.2806377257010658,0.5827890895121071,0.5879754129850312,0.5827890895121071,2.109104878985736,0.5827890895121071,2.1252401075681084,0.5827890895121071,54.0,2.136189012677644,win,win,win,win,loss,loss,loss,loss,2025,False
long,2189,64892,64893,64894,64895,2025-08-27 12:00:00+00:00,2025-08-27 12:15:00+00:00,2025-08-27 12:30:00+00:00,2025-08-27 12:45:00+00:00,3378.38,3373.698,4.682000000000244,1.66362521438317,8.122362869198312,2,10,1,2.238894163995663,0.7470242818600114,0.8214569116013312,1.1860702617706742,0.910025706940874,False,stalls,3381.29,3381.311,3376.542,4.769000000000233,1.5590068603544647,0.16,0.03355001048437664,0.039435131370377845,range,33.9304531085353,mid,-0.15749185020703324,-0.08517108770251398,True,1.173817112037264,Overlap,12,Wednesday,4.018635213742228,9.83426365695978,3.058998726224929,2025-08,96,0.7309708534283301,0.8154749423359056,0.7309708534283301,1.214091004403372,3.0721325225412297,1.214091004403372,3.6720486475149636,1.214091004403372,4.0,0.7309708534283301,win,loss,loss,loss,loss,loss,loss,loss,2025,False
short,2191,64938,64939,64940,64941,2025-08-28 00:30:00+00:00,2025-08-28 00:45:00+00:00,2025-08-28 01:00:00+00:00,2025-08-28 01:15:00+00:00,3399.502,3394.581,4.920999999999822,1.958120541323711,10.162162162162163,4,4,1,2.729272260300685,0.7982213150605001,0.9001312144627566,1.056056069228472,1.2448377581120944,False,continues,3390.655,3390.697,3398.101,7.403999999999996,2.5814568756158676,0.16,0.021609940572663435,0.1895729824090306,neutral,28.185745140388768,low,-1.6909169509913549,-0.5055107177786267,True,1.6017396707051879,Asia,1,Thursday,2.8478308698040995,5.912177774151695,2.8681478547781656,2025-08,96,0.8110480821177893,0.036061588330608525,0.821447866018414,0.23811453268502442,0.821447866018414,0.23811453268502442,0.821447866018414,1.4592112371691104,29.0,0.821447866018414,win,loss,loss,loss,loss,loss,loss,loss,2025,False
long,2192,64961,64962,64963,64964,2025-08-28 06:15:00+00:00,2025-08-28 06:30:00+00:00,2025-08-28 06:45:00+00:00,2025-08-28 07:00:00+00:00,3392.418,3387.608,4.809999999999945,1.968459334185302,9.663641217298451,8,23,1,2.4247653960599598,0.8545147679324804,0.9304641350211317,1.1913066781317243,1.0355521936459908,False,continues,3395.334,3395.378,3389.816,5.562000000000353,2.115360417603584,0.16,0.028766630708376456,0.08076398833658431,range,19.306666666666665,low,1.4122307768342464,0.041211011891595,True,1.0771558245083208,Asia,6,Thursday,1.32694938817305,8.228683566211465,2.6293391677912474,2025-08,96,0.4167565623875601,0.29629629629630233,1.0224739302408374,0.29629629629630233,1.124775260697494,0.29629629629630233,3.253865516001224,0.29629629629630233,,4.98975188780977,win,win,win,win,win,win,win,win,2025,False
short,2201,65500,65501,65502,65503,2025-09-05 05:45:00+00:00,2025-09-05 06:00:00+00:00,2025-09-05 06:15:00+00:00,2025-09-05 06:30:00+00:00,3561.15,3555.763,5.387000000000171,1.5805054373587273,13.440860215053762,3,26,1,2.039371318930796,0.945043878578613,0.9942454323119028,1.3378698337396475,0.9033887602609977,False,stalls,3551.412,3551.338,3558.114,6.77599999999984,1.821792309578234,0.16,0.023612750885478716,0.23722013718130963,neutral,54.1890440386681,mid,-0.21135992216426122,0.10148575423392546,True,1.0524100189433803,Asia,6,Friday,3.444897411839824,10.818908284744609,3.7194140980694788,2025-09,96,0.4563164108618907,0.44613341204246676,0.9765348288076071,0.44613341204246676,0.9765348288076071,0.44613341204246676,0.9765348288076071,6.8750000000001,24.0,0.9765348288076071,win,loss,loss,loss,loss,loss,loss,loss,2025,False
short,2202,65556,65557,65558,65559,2025-09-05 19:45:00+00:00,2025-09-05 20:00:00+00:00,2025-09-05 20:15:00+00:00,2025-09-05 20:30:00+00:00,3597.288,3592.558,4.730000000000018,0.9699358952904124,8.194154488517745,4,23,1,1.6351519723141381,0.6191371958866634,0.6904941058440184,0.5581745257887301,2.3940520446096656,False,stalls,3590.159,3590.172,3595.342,5.170000000000073,1.060729019183024,0.16,0.03094777562862626,0.5022340526666154,trend,77.99791449426486,high,3.7964352583730054,0.12764798972898192,True,1.1217472118959109,New York,20,Friday,-5.320879377851521,16.205764610872034,4.874006373448724,2025-09,96,0.7398452611218113,1.2657640232107885,0.7398452611218113,1.2657640232107885,1.0181818181818278,1.354738878143096,2.054932301740832,1.354738878143096,2.0,0.7398452611218113,win,loss,loss,loss,loss,loss,loss,loss,2025,False
long,2214,66121,66122,66123,66124,2025-09-16 00:00:00+00:00,2025-09-16 00:15:00+00:00,2025-09-16 00:30:00+00:00,2025-09-16 00:45:00+00:00,3680.471,3676.096,4.375,1.518734834693911,4.246053347849755,2,27,1,1.5905926885868154,0.8745089480576532,0.9613705805325874,1.058775141900961,0.819614711033275,False,continues,3684.19,3684.199,3679.116,5.083000000000084,1.6975779678968084,0.16,0.03147747393271638,0.41884890071418807,trend,30.342577487765087,mid,1.5235981695894778,0.34281843561108877,True,0.9441760601180891,Asia,0,Tuesday,0.4785813944513228,19.25313245549504,2.9942660049350187,2025-09,96,1.03895337399171,1.400354121581708,1.03895337399171,1.5512492622467222,1.03895337399171,1.8662207357858982,2.557544757033206,1.8662207357858982,2.0,1.03895337399171,win,win,loss,loss,loss,loss,loss,loss,2025,False
long,2215,66145,66147,66148,66149,2025-09-16 06:00:00+00:00,2025-09-16 06:30:00+00:00,2025-09-16 06:45:00+00:00,2025-09-16 07:00:00+00:00,3685.511,3680.179,5.33199999999988,1.8215868682468748,11.55292853304675,5,22,2,1.8525098342722188,0.831729055258478,1.0,1.4278524997135509,0.9503943017044009,False,continues,3693.352,3693.322,3684.225,9.097000000000207,2.658193673312391,0.16,0.017588215895349715,0.41894035711472877,trend,39.48497854077253,mid,3.425504925127564,0.2578883125542619,False,1.21996879875195,Asia,6,Tuesday,-2.2584565132494787,19.52254342175105,3.4222487591223483,2025-09,96,0.09321754424534869,0.769814224469605,0.42618445641418756,0.7960866219632873,0.6043750687039597,0.7960866219632873,1.07595910739802,0.9016159173353895,32.0,1.07595910739802,win,win,loss,loss,loss,loss,loss,loss,2025,False
short,2218,66217,66218,66219,66220,2025-09-17 01:00:00+00:00,2025-09-17 01:15:00+00:00,2025-09-17 01:30:00+00:00,2025-09-17 01:45:00+00:00,3695.378,3689.993,5.385000000000218,2.234570580795377,11.950027159152635,6,44,1,2.1636120721014844,0.9618335251247379,1.0,1.6980246641809715,0.6584776480064438,False,continues,3677.712,3677.746,3691.115,13.368999999999687,4.295949965900643,0.16,0.011967985638417514,0.12270406946232944,range,31.41616928920239,mid,-3.626094439403564,-1.3672538273679524,False,2.2103960396039604,Asia,1,Wednesday,8.161308791528738,0.9636886788641975,3.1120008627001976,2025-09,96,0.26389408332712466,0.3003964395242853,0.26389408332712466,0.4551574538110688,0.26389408332712466,0.6075248709701574,1.1412222305333546,0.6075248709701574,65.0,1.9645448425462442,win,win,ambiguous,loss,loss,loss,loss,loss,2025,False
long,2224,66400,66401,66402,66403,2025-09-19 00:45:00+00:00,2025-09-19 01:00:00+00:00,2025-09-19 01:15:00+00:00,2025-09-19 01:30:00+00:00,3642.743,3636.241,6.501999999999953,2.2518136286953885,16.630434782608695,5,41,1,4.029852873500409,0.7057408044001385,0.7492265383293117,1.9335397553070799,1.1862556197816314,False,stalls,3647.546,3647.577,3639.608,7.969000000000051,2.253562320868254,0.16,0.02007780148073773,0.16277347160127986,neutral,35.28773072747014,mid,1.5354058007641929,0.5733421421910202,True,0.8455362877328195,Asia,1,Friday,7.2123043583165245,5.599829473940539,3.536179109051553,2025-09,96,0.10277324632952124,1.929100263521138,0.9392646505207208,1.929100263521138,1.7122600075291623,1.929100263521138,1.7122600075291623,1.929100263521138,1.0,0.10277324632952124,loss,loss,loss,loss,loss,loss,loss,loss,2025,False
long,2226,66467,66468,66469,66470,2025-09-19 17:30:00+00:00,2025-09-19 17:45:00+00:00,2025-09-19 18:00:00+00:00,2025-09-19 18:15:00+00:00,3673.361,3666.602,6.7590000000000146,1.6552932065296002,19.140010487676978,2,16,1,1.5487607986526535,0.8603731815306364,0.8603731815306364,1.284021642526198,1.7301293900184842,False,continues,3679.719,3679.682,3673.163,6.518999999999778,1.5957533265907247,0.16,0.024543641662832558,0.3717252465568868,trend,52.12152959664746,mid,6.069541540407704,0.2227395337415127,False,1.4329152413530977,New York,18,Friday,-1.6324710745564806,12.722699670126644,4.085217866302313,2025-09,96,0.7309403282712823,0.018867924528240026,0.8469090351281444,0.018867924528240026,1.9315845988649374,0.018867924528240026,2.6519404816690595,0.018867924528240026,,10.601472618500182,win,win,win,win,win,win,win,win,2025,False
long,2230,66764,66765,66766,66767,2025-09-24 23:45:00+00:00,2025-09-25 00:00:00+00:00,2025-09-25 00:15:00+00:00,2025-09-25 00:30:00+00:00,3745.319,3738.898,6.420999999999822,1.5050534564867286,10.784313725490197,1,14,1,2.02775540446454,0.8143567217662933,1.0,1.1040027690473047,1.6510474090407938,False,continues,3750.476,3750.471,3741.378,9.092999999999847,2.0289004453085395,0.16,0.017595952930826206,0.12583075271297808,range,53.69967355821545,mid,1.4009803366431002,0.6089839225101387,False,1.4597574421168689,Asia,0,Thursday,6.410682799313776,7.374148335753108,4.481737889616882,2025-09,96,0.11745298581328813,1.0939183987683145,0.11745298581328813,2.3148575827560025,0.11745298581328813,2.3148575827560025,1.2319366545694446,2.3148575827560025,2.0,0.11745298581328813,loss,loss,loss,loss,loss,loss,loss,loss,2025,False
long,2231,66880,66881,66882,66883,2025-09-26 05:45:00+00:00,2025-09-26 06:00:00+00:00,2025-09-26 06:15:00+00:00,2025-09-26 06:30:00+00:00,3749.701,3741.865,7.83600000000024,1.8314014327331483,18.387096774193548,3,1,1,2.37525941307637,0.9309259077043959,0.9892748204270468,0.42559749987325174,1.2050980392156863,True,continues,3751.675,3751.702,3741.468,10.234000000000378,2.2061815262803277,0.16,0.015634160641000008,0.1398157224073679,range,53.329752953813106,mid,1.5952158928440228,0.1431567808333074,False,1.080887885628292,Asia,6,Friday,2.1553061266121754,6.41719871744288,4.638784197080616,2025-09,96,0.10953683799097111,1.218780535469997,0.10953683799097111,1.218780535469997,0.34238811803789093,1.218780535469997,3.1412937267928958,1.218780535469997,2.0,0.10953683799097111,loss,loss,loss,loss,loss,loss,loss,loss,2025,False
long,2234,67040,67041,67042,67043,2025-09-29 23:45:00+00:00,2025-09-30 00:00:00+00:00,2025-09-30 00:15:00+00:00,2025-09-30 00:30:00+00:00,3833.376,3825.656,7.720000000000255,1.9936868440821263,14.672441797509475,1,69,1,2.1651645726404176,0.6760496183206238,0.8905057251908256,1.3382493816104686,2.0906456953642385,False,continues,3838.582,3838.615,3831.092,7.5229999999996835,1.7671949176383979,0.16,0.021268111125881527,0.30134244348794104,neutral,35.15413737155219,mid,1.2909870059277457,0.8971757474219038,True,1.0661306532663317,Asia,0,Tuesday,-1.0763375133084232,17.67312370444369,4.257028992621308,2025-09,96,1.1851654924897703,0.5326332580087433,1.7825335637379867,0.5326332580087433,3.7970224644425437,0.5326332580087433,4.397846603748694,2.4813239399176794,31.0,4.397846603748694,win,win,win,win,win,win,win,win,2025,False
short,2235,67064,67068,67069,67070,2025-09-30 05:45:00+00:00,2025-09-30 06:45:00+00:00,2025-09-30 07:00:00+00:00,2025-09-30 07:15:00+00:00,3870.416,3861.972,8.44399999999996,1.6936555273229785,19.508284339925176,2,15,4,2.9712634350439022,0.9430612108671235,0.9430612108671235,1.2399932578530124,1.6753526970954358,False,continues,3854.264,3854.273,3869.848,15.574999999999818,2.614983798548307,0.16,0.010272873194221628,0.386487593679963,trend,83.2089552238806,high,0.38993331252746144,0.3485738363801108,True,2.373680943513346,London,7,Tuesday,-3.402249225925126,15.264621638049373,5.956059845818619,2025-09,96,1.405200642054589,0.08211878009630891,3.6653611556982897,0.08211878009630891,3.927447833065861,0.08211878009630891,3.927447833065861,0.08211878009630891,71.0,3.927447833065861,win,win,win,win,win,win,win,loss,2025,False
short,2240,67320,67322,67323,67324,2025-10-03 00:45:00+00:00,2025-10-03 01:15:00+00:00,2025-10-03 01:30:00+00:00,2025-10-03 01:45:00+00:00,3863.804,3856.384,7.420000000000073,1.7199014413852902,12.749864937871422,2,39,2,1.5224930432798731,0.7116736990154507,0.8291139240506155,1.0284858068738287,0.9963132281374428,False,stalls,3856.111,3856.14,3857.476,1.33600000000024,0.25995332852513736,0.16,0.11976047904189464,0.0738890591480216,range,62.67529665587917,mid,-0.19763990770135983,-0.2900743644629727,True,1.1124601608741842,Asia,1,Friday,7.985976394203089,7.1586399025198615,5.139384087059495,2025-10,96,5.123502994010906,2.808383233532394,13.58158682634485,2.808383233532394,13.58158682634485,2.808383233532394,13.58158682634485,7.159431137723305,0.0,1.1160179640716448,ambiguous,ambiguous,loss,loss,loss,loss,loss,loss,2025,False
long,2245,67546,67547,67548,67549,2025-10-07 11:15:00+00:00,2025-10-07 11:30:00+00:00,2025-10-07 11:45:00+00:00,2025-10-07 12:00:00+00:00,3962.805,3954.06,8.74499999999989,1.5382914367907485,19.01743264659271,1,26,1,1.7926504325139407,0.8177803944657044,0.9478952016485174,0.5563883149879034,1.0452261306532664,False,wick_inside,3966.981,3966.955,3956.308,10.646999999999935,1.7628384701185205,0.16,0.015027707335399735,0.13492394974069646,range,75.8839050131926,high,0.9800434859657354,0.014563522053976563,True,1.2041689931137167,London,11,Tuesday,0.5015157063951371,13.733649157595757,6.0396912028384016,2025-10,96,1.2367803137034095,0.25199586738048363,1.7551422936038332,0.25199586738048363,2.2639241100779954,0.48041701887853977,2.2639241100779954,0.48041701887853977,,7.768385460693204,win,win,win,win,win,win,win,win,2025,False
short,2249,68038,68039,68040,68041,2025-10-14 19:15:00+00:00,2025-10-14 19:30:00+00:00,2025-10-14 19:45:00+00:00,2025-10-14 20:00:00+00:00,4152.675,4143.076,9.59900000000016,1.1152954689107992,15.168831168831169,1,24,1,1.8371759510800239,0.66847963571975,0.6979509233493632,0.45824828934103357,1.9375658335727282,False,wick_inside,4141.606,4141.564,4150.168,8.60399999999936,0.9436162391196127,0.16,0.01859600185960157,0.14104433330507832,range,89.93253762324858,high,1.1657973948003928,0.0474331585553108,True,1.3437055307845556,New York,19,Tuesday,-2.6872883202172604,14.582073311203155,9.11811353313168,2025-10,96,0.2819618781962536,0.5178986517899189,0.2819618781962536,2.590074384007614,0.2819618781962536,3.2651092515111504,0.2819618781962536,5.732798698280275,4.0,0.2819618781962536,loss,loss,loss,loss,loss,loss,loss,loss,2025,False
short,2260,69210,69211,69212,69213,2025-10-31 15:45:00+00:00,2025-10-31 16:00:00+00:00,2025-10-31 16:15:00+00:00,2025-10-31 16:30:00+00:00,4027.332,4009.409,17.922999999999774,1.8430755199870432,16.804864566058598,2,10,1,3.7892925200024385,0.9111509131862376,0.9780455371923202,3.111828840614214,2.3453695042095415,False,stalls,3985.847,3985.886,4015.188,29.302000000000135,2.423360761020428,0.16,0.00546037813118556,0.024128451099670198,range,72.22528989508558,high,-2.2964006331826456,-0.1832127516752787,True,3.325912067352666,Overlap,16,Friday,3.4447417383803636,5.832209435095208,12.091472500223885,2025-10,96,0.24308920892771874,0.15630332400518415,0.24308920892771874,0.8277933246877259,0.24308920892771874,0.8277933246877259,0.8047232270834693,0.8277933246877259,37.0,0.8047232270834693,win,loss,loss,loss,loss,loss,loss,loss,2025,True
short,2263,69271,69272,69273,69274,2025-11-03 09:00:00+00:00,2025-11-03 09:15:00+00:00,2025-11-03 09:30:00+00:00,2025-11-03 09:45:00+00:00,4027.868,4011.152,16.715999999999894,2.116877243873501,11.979752530933634,9,33,1,2.155628406629267,0.8403830337210605,0.8715779579367784,0.47717118060035085,1.1058987055859613,False,continues,3997.28,3997.228,4022.22,24.991999999999734,2.844580231902578,0.16,0.006402048655569851,0.0640940226103966,range,28.707865168539325,low,-0.4440111763420691,0.15295170789304874,True,1.2091043349839283,London,9,Monday,5.590592662875806,2.831149515378769,8.785830583967746,2025-11,96,0.170454545454556,0.32214308578745265,0.170454545454556,0.39312580025607885,0.170454545454556,0.9364596670934797,0.170454545454556,1.3382682458386792,20.0,0.170454545454556,loss,loss,loss,loss,loss,loss,loss,loss,2025,True
long,2266,69292,69294,69295,69296,2025-11-03 14:15:00+00:00,2025-11-03 14:45:00+00:00,2025-11-03 15:00:00+00:00,2025-11-03 15:15:00+00:00,4020.915,4003.625,17.289999999999964,2.319146277483602,13.841022790439133,1,22,2,1.7710704077295145,0.7429981134813284,0.7464809171382888,0.2225724819465559,1.019564919961691,False,continues,4026.764,4026.721,4012.359,14.36200000000008,1.7520551805130329,0.16,0.011140509678317721,0.24536456808198964,neutral,21.69811320754717,low,2.7151443719370656,0.17763760854583527,False,1.3480020604901022,Overlap,15,Monday,2.395199235078173,6.631264134683694,8.197230406747025,2025-11,96,0.1403704219468086,1.7306781785266734,0.1403704219468086,2.1859072552569003,0.1403704219468086,2.2010861996936293,0.1403704219468086,3.1900153182007935,0.0,0.1403704219468086,loss,loss,loss,loss,loss,loss,loss,loss,2025,True
long,2276,69450,69451,69452,69453,2025-11-05 07:45:00+00:00,2025-11-05 08:00:00+00:00,2025-11-05 08:15:00+00:00,2025-11-05 08:30:00+00:00,3974.807,3961.792,13.014999999999873,1.903092043004422,3.1584884376762554,10,50,1,2.0993232778651327,0.6655290102389295,0.6655290102389295,1.0940403123903215,1.3444282019565952,False,stalls,3979.96,3979.991,3972.734,7.257000000000062,0.9990355635466287,0.16,0.022047678103899494,0.1437666788583217,range,6.535211267605634,low,3.4767264165182947,0.3825160456268241,False,0.8494321376363432,London,8,Wednesday,3.56235955324457,7.04156939167834,7.264005671867507,2025-11,96,0.8143861099627675,2.235496761747253,0.8143861099627675,3.3071517155849244,0.8143861099627675,3.3071517155849244,0.8143861099627675,3.3071517155849244,3.0,0.8143861099627675,win,loss,loss,loss,loss,loss,loss,loss,2025,True
long,2282,69537,69538,69539,69540,2025-11-06 06:30:00+00:00,2025-11-06 06:45:00+00:00,2025-11-06 07:00:00+00:00,2025-11-06 07:15:00+00:00,3990.925,3984.235,6.690000000000055,1.4959216813268803,0.2828054298642534,12,58,1,2.4044313661147036,0.6686506091323164,0.8677578350227783,0.13036208373886532,0.8074565244589016,True,continues,3998.431,3998.347,3982.177,16.170000000000073,3.15982184409006,0.16,0.009894867037724136,0.24773087270258085,neutral,0.7344632768361582,low,3.565839378077453,0.27885578854337484,False,0.7933570581257414,Other,7,Thursday,-1.5462999537590951,13.450835930380359,5.117377117397762,2025-11,96,0.6987012987012816,0.04848484848485479,1.142300556586266,0.04848484848485479,1.142300556586266,0.04848484848485479,1.3149041434755486,1.2412492269635298,31.0,1.3149041434755486,win,win,loss,loss,loss,loss,loss,loss,2025,True
long,2283,69556,69557,69558,69559,2025-11-06 11:15:00+00:00,2025-11-06 11:30:00+00:00,2025-11-06 11:45:00+00:00,2025-11-06 12:00:00+00:00,4013.387,4004.248,9.139000000000124,1.9042307983085516,0.6155567991046447,9,18,1,1.6050213195503367,0.8340906140465018,0.8503180578995461,0.5254918561477161,0.9302699228791774,False,continues,4018.182,4018.044,4009.359,8.684999999999945,1.7209130970886608,0.16,0.01842256764536569,0.3590066503170454,trend,0.9502515371716043,low,5.368852175264248,0.31258732118439775,False,0.7675116744496331,London,11,Thursday,-5.481559000329373,17.55271914709299,5.046739440063949,2025-11,96,0.1683362118595277,1.7438111686816438,0.1683362118595277,1.7438111686816438,0.1683362118595277,4.9334484743811196,0.1683362118595277,6.02210708117444,2.0,0.1683362118595277,loss,loss,loss,loss,loss,loss,loss,loss,2025,True
short,2283,69567,69568,69569,69570,2025-11-06 14:00:00+00:00,2025-11-06 14:15:00+00:00,2025-11-06 14:30:00+00:00,2025-11-06 14:45:00+00:00,4016.19,4002.899,13.291000000000167,2.2987766692786997,5.450500556173527,20,5,1,3.3719772736630906,0.8430447271235124,0.8430447271235124,1.9023583316075263,0.9889929582279346,False,wick_inside,3998.289,3998.321,4008.336,10.014999999999873,1.39644909093113,0.16,0.01597603594608108,0.24258594544790985,neutral,8.277777777777779,low,0.4889656365840415,0.13834094566740548,True,1.264575235980011,Overlap,14,Thursday,-1.0835552556791022,9.577981478297737,7.171761623849839,2025-11,96,2.308936595107348,0.2745881178232686,2.308936595107348,0.2745881178232686,3.25302046929607,0.2745881178232686,3.25302046929607,0.2745881178232686,60.0,3.25302046929607,win,win,win,win,win,win,loss,loss,2025,True
long,2290,69716,69717,69718,69719,2025-11-10 05:15:00+00:00,2025-11-10 05:30:00+00:00,2025-11-10 05:45:00+00:00,2025-11-10 06:00:00+00:00,4056.836,4047.293,9.542999999999665,1.5216953057836655,1.1344299489506522,4,17,1,1.6373014146271894,0.7500973899493327,0.7927541877678077,0.9734831648129132,1.61968518183463,False,continues,4069.251,4069.301,4054.801,14.5,2.1791857539814026,0.16,0.01103448275862069,0.43814939358445987,trend,9.858356940509914,low,4.577256852012667,0.4346876783030111,False,1.1850913696399494,Asia,5,Monday,-6.259222640125363,14.261944172108553,6.653861412919159,2025-11,96,0.6462068965517166,0.15813793103449103,0.6802758620689677,0.15813793103449103,1.1680689655172343,0.15813793103449103,2.523241379310344,0.15813793103449103,,5.4835172413793085,win,win,win,win,win,win,win,win,2025,True
long,2293,69767,69768,69769,69770,2025-11-10 18:00:00+00:00,2025-11-10 18:15:00+00:00,2025-11-10 18:30:00+00:00,2025-11-10 18:45:00+00:00,4105.1,4088.664,16.43600000000015,2.5090316246496873,15.65600882028666,1,51,1,1.503190217079863,0.9595815984563676,0.9687214380014217,1.3795399605717569,1.2444158765868552,False,stalls,4109.153,4109.202,4104.598,4.604000000000269,0.6659753267536261,0.16,0.03475238922675731,0.6885436187173136,trend,12.665198237885464,low,5.462034248771514,0.2325405646354936,False,1.073758637313193,New York,18,Monday,-11.7963266500337,19.498872300403363,6.913169024508761,2025-11,96,1.395308427454301,0.7430495221546647,1.395308427454301,0.7430495221546647,2.5371416159858606,0.7430495221546647,8.451563857514722,0.7430495221546647,78.0,8.603388357949035,win,win,win,win,win,win,win,win,2025,True
long,2297,69822,69823,69824,69825,2025-11-11 08:45:00+00:00,2025-11-11 09:00:00+00:00,2025-11-11 09:15:00+00:00,2025-11-11 09:30:00+00:00,4137.718,4124.863,12.854999999999563,2.034964614211757,6.1339335959482275,7,55,1,1.543122136082151,0.7615921214608421,0.8962864177267589,0.8562523219193238,1.050434201736807,False,continues,4143.727,4143.716,4134.39,9.326000000000022,1.4694930111113982,0.16,0.01715633712202441,0.435152478257499,trend,11.07363687464868,low,1.565689991410971,0.053807247277826965,True,0.7725450901803608,London,9,Tuesday,-4.265090802569541,22.006154185268837,6.346406501754395,2025-11,96,0.24501393952389547,0.6627707484452584,0.24501393952389547,0.7416898992065575,0.24501393952389547,1.1257773965259148,0.31674887411534597,4.997748230752763,13.0,0.24501393952389547,loss,loss,loss,loss,loss,loss,loss,loss,2025,True
short,2298,69843,69844,69845,69846,2025-11-11 14:00:00+00:00,2025-11-11 14:15:00+00:00,2025-11-11 14:30:00+00:00,2025-11-11 14:45:00+00:00,4146.67,4133.217,13.45300000000043,2.387229989783602,8.565072302558399,18,6,1,2.06569124441159,0.7846404948028788,0.8484666265785352,0.5197499918290459,0.7413628294414857,False,wick_inside,4132.72,4132.754,4140.165,7.411000000000058,1.1638027087641816,0.16,0.02158952907839681,0.468206388206404,trend,12.277777777777779,low,-0.4137812383308728,-0.023741189463904907,True,1.3095725795439028,Overlap,14,Tuesday,-2.5221745115992547,20.203307231228898,6.367917813036927,2025-11,96,4.81001214411006,0.22588044798272366,4.81001214411006,0.22588044798272366,4.81001214411006,0.22588044798272366,4.81001214411006,1.4900823100795546,31.0,4.81001214411006,win,win,win,win,win,win,win,win,2025,True
long,2301,69903,69904,69905,69906,2025-11-12 06:00:00+00:00,2025-11-12 06:15:00+00:00,2025-11-12 06:30:00+00:00,2025-11-12 06:45:00+00:00,4112.242,4098.857,13.385000000000218,2.091847165294813,8.946772366930917,2,10,1,1.5676741811783206,0.8952248031103189,0.9150633037582718,0.4530642459610293,1.0850963798777622,False,wick_inside,4116.904,4116.949,4105.962,10.98699999999917,1.6421553878687976,0.16,0.014562664967690186,0.2211970057017272,neutral,17.816742081447963,low,-0.9373054015909296,-0.3104182902851194,True,1.2816173013634227,Asia,6,Wednesday,4.769081106409451,2.958928753403279,6.690597053825818,2025-11,96,0.7594429780650479,0.3508692090652457,1.456721580049269,0.4385182488395072,1.5130608901430747,0.4385182488395072,2.055884226813721,0.4385182488395072,,9.343587876582152,win,win,win,win,win,win,win,win,2025,True
long,2304,69937,69939,69940,69941,2025-11-12 14:30:00+00:00,2025-11-12 15:00:00+00:00,2025-11-12 15:15:00+00:00,2025-11-12 15:30:00+00:00,4138.822,4122.758,16.064000000000306,2.156004485772743,17.333333333333336,1,4,2,3.6785846347885407,0.9057553696258498,0.9844615886124055,3.0516970000795633,1.4941069809610155,False,continues,4166.593,4166.616,4134.546,32.06999999999971,3.4844624948801513,0.16,0.004989086373557888,0.1715054092048177,neutral,43.92678868552412,mid,4.140428186851452,0.37751716712319,False,1.6813236627379873,Overlap,15,Wednesday,-1.9319372504354337,7.549777390684252,9.203715077180867,2025-11,96,0.7177424384159725,0.018303710632975978,1.1193638914873858,0.018303710632975978,1.4085438104147172,0.018303710632975978,1.4085438104147172,0.018303710632975978,,2.453414405986913,win,win,win,win,none,none,none,none,2025,True
short,2309,70082,70083,70084,70085,2025-11-14 04:45:00+00:00,2025-11-14 05:00:00+00:00,2025-11-14 05:15:00+00:00,2025-11-14 05:30:00+00:00,4211.571,4196.878,14.693000000000211,1.9254196261001046,12.88244766505636,3,28,1,1.9272542326995492,0.9254096688651229,0.9561433331066552,0.9492778718756112,1.206088643486047,False,continues,4188.273,4188.317,4203.696,15.378999999999905,1.933399840893785,0.16,0.01040379738604597,0.0821317109785463,range,30.777479892761395,mid,-0.36972959935938354,0.06385347350272799,True,1.797606736593293,Asia,5,Friday,7.168879155154872,5.391242524019091,7.954381538011506,2025-11,96,0.959230118993465,0.5357305416476773,1.9169646921126178,0.5357305416476773,1.9169646921126178,0.5357305416476773,8.760907731321982,0.5357305416476773,,10.151700370635348,win,win,win,win,win,win,win,win,2025,False
long,2316,70359,70360,70361,70362,2025-11-19 05:00:00+00:00,2025-11-19 05:15:00+00:00,2025-11-19 05:30:00+00:00,2025-11-19 05:45:00+00:00,4079.585,4064.406,15.179000000000087,2.2510422199672204,14.431330472103005,4,11,1,1.9921108202661229,0.715849028511873,0.7371398794014776,1.361095295794108,1.3234442836468885,False,continues,4092.568,4092.475,4078.861,13.614000000000033,1.8382865147676064,0.16,0.0117526076098134,0.3225792922673665,neutral,25.348338692390136,low,2.7091894098324896,0.3539145815765923,False,1.2725500812127775,Asia,5,Wednesday,-1.3901248471817687,12.764438264102903,7.405809644271418,2025-11,96,0.45306302335831533,0.24445423828411683,0.45306302335831533,0.5595710298222359,0.48200381959749794,1.0476715146172972,2.022550315851347,1.0476715146172972,9.0,0.45306302335831533,loss,loss,loss,loss,loss,loss,loss,loss,2025,False
short,2322,70545,70548,70549,70550,2025-11-21 05:30:00+00:00,2025-11-21 06:15:00+00:00,2025-11-21 06:30:00+00:00,2025-11-21 06:45:00+00:00,4062.463,4047.767,14.696000000000367,1.7514520845968782,14.14790996784566,4,14,3,2.3121000903869087,0.9160785028004061,0.9541004507991323,1.6796705451496607,1.6664197269552334,False,stalls,4036.153,4036.05,4052.766,16.715999999999894,1.5984557908700345,0.16,0.009571667863125211,0.029612286837901094,range,71.55080213903743,high,-2.4004861592870697,-0.41123450719797344,False,1.720393692454228,Asia,6,Friday,7.094175533205777,-0.24594569837987204,10.457592944063487,2025-11,96,0.6724096673845601,0.22648959081117656,0.8232830820770674,0.7276262263699502,0.8232830820770674,1.6478224455611266,0.8232830820770674,2.866594879157691,9.0,0.8232830820770674,win,loss,loss,loss,loss,loss,loss,loss,2025,False
long,2323,70571,70573,70574,70575,2025-11-21 12:00:00+00:00,2025-11-21 12:30:00+00:00,2025-11-21 12:45:00+00:00,2025-11-21 13:00:00+00:00,4046.888,4030.923,15.965000000000146,1.638065555571758,17.91754756871036,1,10,2,2.0314672529178908,0.8466798358911992,0.9090816998429784,1.5250152537859483,3.31497975708502,False,continues,4065.858,4065.908,4043.761,22.146999999999935,2.1147181415518426,0.16,0.007224454779428386,0.2932158390066008,neutral,71.71503957783642,high,1.3226999041207435,0.03210830220923939,True,2.1048004626951995,London,12,Friday,4.247483049200851,2.590809018590639,10.47279047019846,2025-11,96,0.6930961304014067,0.3054589786427007,0.8154603332279766,0.3054589786427007,1.5685194382986378,0.49392694270103776,1.597417257416366,0.49392694270103776,47.0,1.597417257416366,win,win,win,loss,loss,loss,loss,loss,2025,False
short,2324,70603,70604,70605,70606,2025-11-21 20:00:00+00:00,2025-11-21 20:15:00+00:00,2025-11-21 20:30:00+00:00,2025-11-21 20:45:00+00:00,4092.204,4076.365,15.839000000000397,1.7925856726918536,17.307692307692307,5,13,1,1.6945757482931492,0.7629065651505684,0.900287183597118,0.7680084837985922,1.4417764555886103,False,continues,4059.145,4059.22,4083.059,23.839000000000397,2.492805133885598,0.16,0.006711690926632717,0.042812186952958145,range,56.59397715472482,mid,-0.3015038014090085,0.05185186666023557,True,2.1168720781980452,New York,20,Friday,5.35348175822836,2.1352859110677143,9.563122153411948,2025-11,96,0.1993372205209897,0.4554721255086201,0.1993372205209897,0.7749905616846368,0.3881874239691158,0.7749905616846368,0.8128696673517924,0.7749905616846368,60.0,0.8128696673517924,win,loss,loss,loss,loss,loss,loss,loss,2025,False
long,2326,70650,70651,70652,70653,2025-11-24 08:45:00+00:00,2025-11-24 09:00:00+00:00,2025-11-24 09:15:00+00:00,2025-11-24 09:30:00+00:00,4067.62,4051.481,16.13899999999967,2.235429544647926,18.839808408728047,3,6,1,1.5442594952153161,0.7850928334379985,0.8116422997578321,0.6246847540964645,0.828069418993209,False,wick_inside,4068.716,4068.678,4063.081,5.596999999999753,0.7495717066691525,0.16,0.028586742897982326,0.1346703431926485,range,26.953748006379584,low,1.6791832605610129,0.13870064063742368,False,0.9873609160635195,London,9,Monday,4.361899318602019,6.217815829415199,7.466930715502803,2025-11,96,1.5322494193318565,0.5603001608004478,1.5322494193318565,0.9941039842773087,2.924245131320513,0.9941039842773087,5.577988207968847,0.9941039842773087,,15.569412185099818,win,win,win,win,win,win,win,win,2025,False
long,2328,70664,70665,70666,70667,2025-11-24 12:15:00+00:00,2025-11-24 12:30:00+00:00,2025-11-24 12:45:00+00:00,2025-11-24 13:00:00+00:00,4074.292,4063.114,11.177999999999884,1.7585220190187607,3.909138932910724,8,14,1,1.6152035757081318,0.8269212038570547,0.8465958897438546,0.7801494625438031,0.8192018507807981,False,continues,4080.471,4080.506,4070.559,9.946999999999662,1.4947078863722734,0.16,0.016085251834724586,0.010447112957939984,range,16.83377308707124,low,3.1704480637760724,0.1542602160880103,False,0.8367842683632157,London,12,Monday,3.1278118683864493,8.742996778204578,6.65481201423343,2025-11,96,0.5502161455715434,0.6882477128782786,0.5643912737509021,1.2159445058811915,1.8544284708958474,1.2159445058811915,5.318085855031837,1.2159445058811915,6.0,0.5502161455715434,win,loss,loss,loss,loss,loss,loss,loss,2025,False
long,2329,70672,70675,70676,70677,2025-11-24 14:15:00+00:00,2025-11-24 15:00:00+00:00,2025-11-24 15:15:00+00:00,2025-11-24 15:30:00+00:00,4085.979,4070.559,15.419999999999618,2.1860949282383153,16.833245660178854,1,10,3,1.5810476080831923,0.9144576353878924,0.916409172223141,0.8320491233952623,0.8842783233027135,False,stalls,4088.137,4088.112,4081.181,6.93100000000004,0.8663068303927026,0.16,0.023084691963641477,0.030163105251193922,range,35.69553805774278,mid,2.9878933925758533,0.3276425789681275,False,0.7968583030562086,Overlap,15,Monday,1.643495673471863,8.230477344471055,8.000629519287262,2025-11,96,1.092915885153625,0.15567739142983292,1.7004761217717488,0.15567739142983292,5.424469773481393,0.15567739142983292,8.151349011686621,0.15567739142983292,,9.768864521713928,win,win,win,win,win,win,win,win,2025,False
long,2330,70688,70689,70690,70691,2025-11-24 18:15:00+00:00,2025-11-24 18:30:00+00:00,2025-11-24 18:45:00+00:00,2025-11-24 19:00:00+00:00,4100.408,4088.005,12.403000000000247,1.8548537890904275,6.2076160667709965,6,14,1,2.8728324831433096,0.8952628839146428,0.8952628839146428,1.844534921764135,1.1954317039744176,False,continues,4120.456,4120.488,4095.544,24.944000000000415,3.0640011015791457,0.16,0.006414368184733697,0.19155379322234234,neutral,38.301198540906725,mid,6.154007835278878,0.28269670192263174,False,1.1903150221296537,New York,18,Monday,-2.354750686228009,12.058485412917612,8.140989240227299,2025-11,96,0.1478511866581158,0.26359044259142955,0.5178399615137607,0.26359044259142955,0.9590683130211424,0.26359044259142955,1.4164528543937955,0.26359044259142955,,1.5629409878126694,win,win,win,none,none,none,none,none,2025,False
short,2336,70823,70825,70826,70827,2025-11-26 06:00:00+00:00,2025-11-26 06:30:00+00:00,2025-11-26 06:45:00+00:00,2025-11-26 07:00:00+00:00,4168.649,4156.505,12.144000000000233,1.9928535767231972,6.7987152034261245,8,17,2,1.911884960787794,0.6141538982476972,0.6292220435113797,0.8945219824154854,0.9450242065626681,False,continues,4150.128,4150.16,4158.411,8.251000000000204,1.2705409503415266,0.16,0.01939158889831488,0.3260270877173176,neutral,15.980758952431854,low,-0.5970541482470259,0.02872282257285464,True,0.5689080150618612,Asia,6,Wednesday,1.4391559473872497,6.309126629183303,6.4940842699972015,2025-11,96,0.11186522845712661,1.3801963398375516,0.11186522845712661,2.2343958308082947,0.11186522845712661,2.2343958308082947,1.25269664283117,2.8402617864501054,3.0,0.11186522845712661,loss,loss,loss,loss,loss,loss,loss,loss,2025,False
short,2339,70894,70895,70896,70897,2025-11-27 00:45:00+00:00,2025-11-27 01:00:00+00:00,2025-11-27 01:15:00+00:00,2025-11-27 01:30:00+00:00,4168.944,4161.935,7.0090000000000146,1.576924119052986,0.7038440714672441,1,22,1,1.9382510038011893,0.8019733023795712,0.9029599535693357,0.9618134696750409,0.9393626022374729,False,continues,4153.665,4153.706,4165.439,11.733000000000175,2.2794263246884734,0.16,0.013636751044063549,0.014598680911792042,range,2.2714981070849105,low,-1.4679301537009564,-0.8182129560898753,True,1.3020121305478,Asia,1,Thursday,3.8718969275582764,4.6519102825078,5.147347765935673,2025-11,96,0.42444387624651825,0.24213756072610565,0.8148811045767964,0.24213756072610565,0.946475752152076,0.24213756072610565,0.946475752152076,1.1509417881189554,27.0,0.946475752152076,win,loss,loss,loss,loss,loss,loss,loss,2025,False
short,2341,70926,70927,70928,70929,2025-11-27 08:45:00+00:00,2025-11-27 09:00:00+00:00,2025-11-27 09:15:00+00:00,2025-11-27 09:30:00+00:00,4167.21,4155.52,11.6899999999996,2.5778969450280935,7.07823310271421,4,12,1,2.553198531183695,0.9084470547589946,0.9173432371739247,0.06064342685065498,0.8899181387333046,False,wick_inside,4154.815,4154.816,4165.866,11.050000000000182,2.0831269350861343,0.16,0.014479638009049535,0.053867325731617274,range,5.369484316852738,low,-0.1698706958753204,0.07727245199188072,True,1.119205298013245,London,9,Thursday,3.5403731982731514,4.730866102804011,5.304525525490015,2025-11,96,0.1947511312217202,0.534932126696829,0.22877828054300506,0.534932126696829,0.5126696832579068,0.6970135746606424,0.5126696832579068,0.6970135746606424,44.0,0.5126696832579068,win,loss,loss,loss,loss,loss,loss,loss,2025,False
long,2345,71025,71026,71027,71028,2025-11-28 13:30:00+00:00,2025-11-28 13:45:00+00:00,2025-11-28 14:00:00+00:00,2025-11-28 14:15:00+00:00,4178.44,4168.74,9.699999999999818,1.4130058714672886,4.559915164369035,3,35,1,1.5882477336708454,0.7997798770981184,0.9634045675502654,0.5909860639735963,0.531551901336074,False,continues,4191.808,4191.834,4171.993,19.84099999999944,2.7114680860289404,0.16,0.008064109671891766,0.2656877785082962,neutral,38.66525423728814,mid,2.3031193258193112,0.06787099694820868,True,0.6373863253620747,Overlap,14,Friday,-3.124590812910957,6.724621244354153,7.317438144388202,2025-11,96,0.8612973136434869,0.3104682223678256,0.8612973136434869,0.3104682223678256,1.2867799002066767,0.3104682223678256,2.3854140416310194,0.3104682223678256,,3.6640290307949384,win,win,win,win,win,win,win,none,2025,True
short,2349,71170,71171,71172,71173,2025-12-02 06:00:00+00:00,2025-12-02 06:15:00+00:00,2025-12-02 06:30:00+00:00,2025-12-02 06:45:00+00:00,4226.269,4213.586,12.682999999999993,2.1654055672667476,13.6978884677856,10,50,1,3.3969020867569704,0.9093285082428573,0.931996381182143,1.3581803427900994,2.1443826139269064,False,stalls,4209.295,4209.338,4224.174,14.83600000000024,2.1537023613217285,0.16,0.010784578053383486,0.21527362155457055,neutral,32.55813953488372,mid,-1.285716458728392,-0.09435854651549655,True,1.750639193863739,Asia,6,Tuesday,8.018607261548029,0.504601604742078,6.888602745875887,2025-12,96,0.11020490698296592,0.6780129414936663,0.14849015907249152,0.6780129414936663,1.9137907791857354,0.6780129414936663,1.9137907791857354,1.4505931517929558,30.0,1.9137907791857354,win,win,win,loss,loss,loss,loss,loss,2025,True
short,2350,71181,71183,71184,71185,2025-12-02 08:45:00+00:00,2025-12-02 09:15:00+00:00,2025-12-02 09:30:00+00:00,2025-12-02 09:45:00+00:00,4219.397,4207.135,12.261999999999716,1.936445570912584,12.055974165769644,2,12,2,2.559922627076343,0.8003861935795336,0.8484793627806243,1.9230314255656837,1.823966065747614,False,continues,4190.459,4190.565,4208.747,18.1820000000007,2.3449777005292125,0.16,0.008799912000879654,0.4622580577952826,trend,49.97313272434175,mid,-3.2048651060305176,-0.2706968362478549,False,2.23541887592789,London,9,Tuesday,9.553378792833266,-1.9810173512335656,7.753591855435299,2025-12,96,0.4544604553954242,0.19711802881974505,0.45781542184574275,0.5545594544054643,0.45781542184574275,1.3588164118358366,1.4849301506984247,2.2161478385215725,12.0,0.45781542184574275,loss,loss,loss,loss,loss,loss,loss,loss,2025,True
short,2353,71259,71260,71261,71262,2025-12-03 05:15:00+00:00,2025-12-03 05:30:00+00:00,2025-12-03 05:45:00+00:00,2025-12-03 06:00:00+00:00,4226.161,4217.31,8.850999999999658,1.6612065481167644,2.711496746203905,6,14,1,2.8586416150004,0.8518810321055005,0.8924561749063912,1.8625933548199494,2.8002625964221237,False,stalls,4207.854,4207.782,4220.979,13.197000000000116,2.1688187578986327,0.16,0.012123967568386648,0.047350637785173254,range,18.147345612134345,low,-1.285872124057392,-0.14620632521954013,True,2.3525356967011324,Asia,5,Wednesday,4.6230992254637115,7.278369716588225,6.084879131526271,2025-12,96,0.2330075017049171,0.3112070925210226,0.5908160945669783,0.3112070925210226,0.8185951352579971,0.3112070925210226,1.0033340910812965,2.3517466090778045,29.0,1.0033340910812965,win,win,loss,loss,loss,loss,loss,loss,2025,True
short,2354,71273,71274,71275,71276,2025-12-03 08:45:00+00:00,2025-12-03 09:00:00+00:00,2025-12-03 09:15:00+00:00,2025-12-03 09:30:00+00:00,4210.335,4199.985,10.350000000000364,1.9407204100457132,5.974165769644779,6,14,1,1.9845975671422975,0.6284013605442125,0.7336545729403298,0.03506422383365584,1.453416149068323,False,wick_inside,4199.92,4199.917,4207.563,7.645999999999731,1.3694307228739369,0.16,0.02092597436568214,0.007061847309389421,range,12.473118279569892,low,-2.2295703440295482,-0.1516662421769291,False,0.8991179713340683,London,9,Wednesday,6.45939301863062,6.511154132796393,5.5833419480713555,2025-12,96,0.7031127386869465,0.6361496207166818,0.7031127386869465,0.7647135757258643,0.7031127386869465,3.0211875490452873,0.7031127386869465,5.448862150143973,9.0,0.7031127386869465,win,loss,loss,loss,loss,loss,loss,loss,2025,True
short,2359,71351,71352,71353,71354,2025-12-04 05:15:00+00:00,2025-12-04 05:30:00+00:00,2025-12-04 05:45:00+00:00,2025-12-04 06:00:00+00:00,4199.101,4189.498,9.603000000000065,1.706560631993187,4.772234273318872,2,47,1,3.2300787303039273,0.7124779929577214,0.8210277288732096,0.9546645543128497,2.473926380368098,False,continues,4181.003,4181.111,4199.049,17.938000000000102,2.6260813405901517,0.16,0.008919611996878086,0.06218210145259996,range,35.37378114842903,mid,-2.8709222174954183,-0.5360725515057199,False,2.206565950029053,Asia,5,Thursday,8.868185042233705,-1.9819316082568008,6.8307099718278135,2025-12,96,0.14210056862526277,0.5084736313970366,0.14210056862526277,0.771825175604871,0.14210056862526277,1.1822388226112284,0.14210056862526277,1.4169918608540768,15.0,0.14210056862526277,loss,loss,loss,loss,loss,loss,loss,loss,2025,True
long,2373,71534,71535,71536,71537,2025-12-08 05:15:00+00:00,2025-12-08 05:30:00+00:00,2025-12-08 05:45:00+00:00,2025-12-08 06:00:00+00:00,4213.222,4204.639,8.582999999999629,1.6280040540046568,2.984264785675529,4,48,1,1.8214753501814633,0.8779548057898081,0.8779548057898081,0.30557084131439055,1.0686456400742115,False,wick_inside,4217.009,4217.045,4206.402,10.643000000000029,1.9300493587160297,0.16,0.015033355256976376,0.14245172878311538,range,12.357723577235772,low,1.8185888341320806,0.1251749136103223,False,0.6895485466914039,Asia,5,Monday,7.658358965323309,4.560088431294995,5.51436674504548,2025-12,96,0.18021234614297285,0.45626233204921113,0.18021234614297285,1.0124964765573439,0.18021234614297285,1.3070562811237452,0.18021234614297285,1.8199755707976921,7.0,0.18021234614297285,loss,loss,loss,loss,loss,loss,loss,loss,2025,True
short,2379,71660,71661,71662,71663,2025-12-09 13:45:00+00:00,2025-12-09 14:00:00+00:00,2025-12-09 14:15:00+00:00,2025-12-09 14:30:00+00:00,4208.356,4195.763,12.592999999999847,2.3925925662318632,15.929675013319125,12,20,1,2.398862363316474,0.735070489466165,0.7910660541738644,0.7094370398085138,0.9404912280701755,False,stalls,4193.395,4193.426,4202.017,8.59099999999944,1.4970804917061236,0.16,0.018624141543476944,0.113206222950061,range,19.212346993081425,low,-0.08444684720636476,0.06657070596472243,True,0.6757026679982879,Overlap,14,Tuesday,4.455517868926041,3.0074048569278364,5.73850240357407,2025-12,96,0.3872657432197,1.9635665231056671,0.3872657432197,3.1763473402399414,0.3872657432197,3.270864858573075,0.3872657432197,3.270864858573075,0.0,0.09754394133403588,loss,loss,loss,loss,loss,loss,loss,loss,2025,True
long,2381,71700,71701,71702,71703,2025-12-10 00:45:00+00:00,2025-12-10 01:00:00+00:00,2025-12-10 01:15:00+00:00,2025-12-10 01:30:00+00:00,4213.07,4207.062,6.007999999999811,1.4721692608531884,0.7123287671232876,1,35,1,2.032073848244904,0.7863258169540569,0.9621367418304211,0.4538045058422083,1.1461122856471693,True,wick_inside,4216.83,4216.868,4206.943,9.925000000000182,2.2277704489683625,0.16,0.01612090680100726,0.16706374990975445,neutral,3.8314176245210727,low,1.2306290334958183,0.32986390591527276,False,1.0784590086915669,Asia,1,Wednesday,1.0540665015974855,10.490385864280423,4.455126875660039,2025-12,96,0.11264483627198618,0.5400503778338019,0.19244332493700952,0.9063979848866428,0.19244332493700952,1.5212090680100432,0.19244332493700952,2.2619647355164045,8.0,0.19244332493700952,loss,loss,loss,loss,loss,loss,loss,loss,2025,True
long,2382,71718,71719,71720,71721,2025-12-10 05:15:00+00:00,2025-12-10 05:30:00+00:00,2025-12-10 05:45:00+00:00,2025-12-10 06:00:00+00:00,4210.061,4201.77,8.290999999999258,1.9983740625401358,3.689636462289745,2,10,1,1.7505959252478767,0.8569461654963828,0.9779705355913733,0.4425298249697862,1.184938704028021,False,stalls,4211.431,4211.354,4204.794,6.5600000000004,1.5019042688011262,0.16,0.024390243902437537,0.28814152682802074,neutral,3.035230352303523,low,0.06305397162682194,-0.1215780586295945,True,0.8535901926444833,Asia,5,Wednesday,2.311238352674821,9.464057432839583,4.367788371250072,2025-12,96,0.054573170731730604,1.2579268292682781,0.054573170731730604,1.2579268292682781,0.054573170731730604,2.8676829268290778,0.054573170731730604,3.6013719512192925,1.0,0.054573170731730604,loss,loss,loss,loss,loss,loss,loss,loss,2025,True
long,2393,71901,71902,71903,71904,2025-12-12 05:00:00+00:00,2025-12-12 05:15:00+00:00,2025-12-12 05:30:00+00:00,2025-12-12 05:45:00+00:00,4273.631,4266.085,7.5460000000002765,1.5794492812607912,2.660152008686211,11,16,1,1.50744682263983,0.7000833101915167,0.7749236323243482,0.13688839516880408,0.7735556417215975,False,continues,4277.797,4277.885,4268.704,9.181000000000495,1.8471455186813444,0.16,0.01742729550157841,0.43229403439550823,trend,12.79826464208243,low,1.0463106758712777,0.004753926503805498,True,1.4393175649476542,Asia,5,Friday,1.6421306745971904,14.78420587618479,4.9703718018679455,2025-12,96,0.5249972769850179,0.18059034963514511,1.377192027012259,0.18059034963514511,4.3654286025484765,0.18059034963514511,7.438296481864338,0.18059034963514511,43.0,8.243655375230956,win,win,win,win,win,win,win,win,2025,True
long,2395,71994,71995,71996,71997,2025-12-15 05:15:00+00:00,2025-12-15 05:30:00+00:00,2025-12-15 05:45:00+00:00,2025-12-15 06:00:00+00:00,4331.348,4323.149,8.198999999999614,1.5058696404608838,3.689636462289745,8,51,1,1.9753174756870022,0.8652719665271493,0.8890748489074664,1.3945686278838638,1.9687625150180217,False,continues,4343.484,4343.453,4329.379,14.074000000000524,2.403463518753426,0.16,0.011368480886741087,0.2030759753379049,neutral,24.607046070460704,low,4.013451137871056,0.4495136922298875,False,1.3143772527032438,Asia,5,Monday,1.7224195715606467,14.776331137107643,5.855716090627458,2025-12,96,0.29458576097765926,0.26460139263891014,0.29458576097765926,0.6986642034958201,0.48834730709104285,0.6986642034958201,0.48834730709104285,0.8973284069916403,32.0,0.48834730709104285,loss,loss,loss,loss,loss,loss,loss,loss,2025,True
long,2400,72112,72113,72114,72115,2025-12-16 11:45:00+00:00,2025-12-16 12:00:00+00:00,2025-12-16 12:15:00+00:00,2025-12-16 12:30:00+00:00,4284.324,4273.752,10.571999999999207,1.9169320022909104,11.235955056179774,8,37,1,2.181661544794387,0.7740192819148922,0.9167220744680523,0.6184879927936907,1.5296012887635924,False,continues,4291.533,4291.522,4276.705,14.817000000000007,2.50928241073824,0.16,0.010798407234932842,0.4340296444205457,trend,27.3650454302512,low,0.02156405592513687,-0.08104642388138134,True,1.3819403279984193,London,12,Tuesday,9.956687640853913,1.075890609126017,5.904875408440293,2025-12,96,0.7115475467368334,0.25909428359316594,2.63400148478101,0.25909428359316594,2.94357832219746,0.25909428359316594,2.94357832219746,0.25909428359316594,,3.4425322264965774,win,win,win,win,win,win,none,none,2025,True
short,2407,72344,72346,72347,72348,2025-12-19 00:45:00+00:00,2025-12-19 01:15:00+00:00,2025-12-19 01:30:00+00:00,2025-12-19 01:45:00+00:00,4336.899,4325.571,11.32800000000043,1.7911762064746788,17.315068493150683,1,29,2,2.89366327964053,0.6846754091253656,0.831039341064244,1.9576994714593916,1.3087097090232194,False,stalls,4317.468,4317.49,4328.422,10.931999999999789,1.4712902204054787,0.16,0.01463593121112359,0.05188196392933251,range,63.7855579868709,mid,-0.8606940040274146,-1.1652414090494514,False,1.2041682747973754,Asia,1,Friday,7.69520315881143,1.1874491048881195,7.430213188657636,2025-12,96,0.25393340651297963,0.9454811562386058,0.4246249542627072,0.9454811562386058,0.4246249542627072,0.9454811562386058,0.4246249542627072,1.2427735089645537,16.0,0.4246249542627072,loss,loss,loss,loss,loss,loss,loss,loss,2025,True
long,2412,72484,72485,72486,72487,2025-12-22 12:45:00+00:00,2025-12-22 13:00:00+00:00,2025-12-22 13:15:00+00:00,2025-12-22 13:30:00+00:00,4415.874,4406.157,9.716999999999643,2.0023578165194973,11.265349706353444,14,25,1,2.4462271935683866,0.8365765310420702,0.8706932861595618,1.981957134844707,1.1803966437833715,False,wick_inside,4418.67,4418.571,4415.156,3.4149999999999636,0.5668987562964753,0.16,0.04685212298682334,0.553258155588549,trend,38.080000000000005,mid,3.9542634415107782,0.39613449608961365,False,1.1365369946605643,Overlap,13,Monday,-10.310585256905034,18.168814634815195,6.024003337580079,2025-12,34,3.0802342606150352,0.09165446559300298,3.1792093704246227,1.9508052708639334,6.948462664714648,1.9508052708639334,8.939385065885965,1.9508052708639334,4.0,3.0802342606150352,win,win,win,win,win,win,loss,loss,2025,True
