segment_id,trade_id,signal_time,entry_time,exit_time,direction,pending_trigger_price,actual_fill_price,exit_price,structural_stop,target,exit_reason,research_set,calendar_year,theoretical_btc_qty,planned_risk_before_rounding,gross_price_movement_pnl,commission_cost,net_pnl,exness_btc_qty,volume_status,planned_risk_after_rounding,structural_risk_before_rounding,structural_risk_after_rounding,risk_reduction_percent
S01,1,2021-01-14 11:00:00+00:00,2021-01-14 11:00:00+00:00,2021-01-14 12:15:00+00:00,LONG,38517.71331585165,38517.71331585165,37931.85673659338,37931.85673659338,40275.283053626474,Stop loss,development,2021,0.0400588792274902,25.0,-23.468757953137775,1.531242046862226,-25.0,0.04,EXECUTABLE,24.9632545713799,23.468757953137736,23.43426317033096,0.14698171448039865
S01,2,2021-01-14 15:30:00+00:00,2021-01-14 15:30:00+00:00,2021-01-14 16:45:00+00:00,LONG,39918.659787115794,39918.659787115794,39241.33085153681,39241.33085153681,41950.64659385274,Stop loss,development,2021,0.0347847528817259,24.9375,-23.560719643757366,1.3767803562426355,-24.9375,0.03,EXECUTABLE,21.507267926949275,23.560719643757334,20.319868067369462,13.755316583662047
S01,3,2021-01-14 20:00:00+00:00,2021-01-14 20:00:00+00:00,2021-01-14 20:45:00+00:00,LONG,39889.60269486869,39889.60269486869,39367.309220525225,39367.309220525225,41456.48311789909,Stop loss,development,2021,0.0442679933076612,24.875156249999996,-23.120884026871728,1.7542722231282766,-24.875156250000003,0.04,EXECUTABLE,22.476877212046563,23.120884026871718,20.891738973738683,9.641262204949697
S01,4,2021-01-17 14:00:00+00:00,2021-01-17 14:00:00+00:00,2021-01-17 15:15:00+00:00,SHORT,34783.39644675439,34783.39644675439,35582.34421298243,35582.34421298243,32386.55314807027,Stop loss,development,2021,0.0297471010797148,24.81296835937499,-23.766379959397906,1.0465883999770955,-24.812968359375,0.02,EXECUTABLE,16.682612731158198,23.766379959397874,15.978955324560811,32.766557835652634
S01,5,2021-01-19 12:00:00+00:00,2021-01-19 12:00:00+00:00,2021-01-19 12:30:00+00:00,LONG,37340.172867460795,37340.172867460795,36821.8685301568,36821.8685301568,38895.08587937277,Stop loss,development,2021,0.0445653375297507,24.75093593847656,-23.09840773508647,1.6525282033900888,-24.75093593847656,0.04,EXECUTABLE,22.215414320112313,23.098407735086436,20.732173492159927,10.244144401919975
S01,6,2021-01-20 09:15:00+00:00,2021-01-20 09:30:00+00:00,2021-01-20 16:00:00+00:00,SHORT,35226.86852316786,35226.86852316786,33658.41637068574,35749.68590732857,33658.41637068574,Take profit,development,2021,0.044221401118849,24.68905859863037,69.35915177063391,1.523101907238647,67.83604986339526,0.04,EXECUTABLE,22.332226455038185,23.119717256877944,20.912695366428235,9.546059175066846
S01,7,2021-01-21 08:15:00+00:00,2021-01-21 08:15:00+00:00,2021-01-21 10:00:00+00:00,SHORT,34267.16299007276,34267.16299007276,32311.77784116415,34918.95803970896,32311.77784116415,Take profit,development,2021,0.0362166074202782,24.858648723288866,70.8174162934654,1.2056316812714207,69.61178461219397,0.03,EXECUTABLE,20.59164330453284,23.605805431155098,19.55385148908608,17.165073879331484
S01,8,2021-01-21 12:00:00+00:00,2021-01-21 12:00:00+00:00,2021-01-22 00:15:00+00:00,SHORT,32127.529747750697,32127.529747750697,29897.62596401111,32870.83100899722,29897.62596401111,Take profit,development,2021,0.0322669037573486,25.032678184819343,71.9520907780728,1.0006798649429915,70.95141091312992,0.03,EXECUTABLE,23.274013248747142,23.984030259357436,22.299037837395733,7.025476551441123
S01,9,2021-01-22 07:45:00+00:00,2021-01-22 07:45:00+00:00,2021-01-22 11:15:00+00:00,SHORT,30819.168062017423,30819.168062017423,31954.3077519303,31954.3077519303,27413.74899227879,Stop loss,development,2021,0.0216112178094566,25.210056712102173,-24.531751082866233,0.6783056292359404,-25.210056712102173,0.02,EXECUTABLE,23.330528556397038,24.531751082866226,22.702793798257552,7.455469764186851
S01,10,2021-01-24 19:15:00+00:00,2021-01-24 19:15:00+00:00,2021-01-24 22:30:00+00:00,SHORT,31472.962056323,31472.962056323,32006.701774708003,32006.701774708003,29871.742901168,Stop loss,development,2021,0.0444702758162655,25.14703157032192,-23.735552490676877,1.411479079644882,-25.14703157032192,0.04,EXECUTABLE,22.619182012020815,23.73555249067702,21.349588735400175,10.052278143573934
S01,11,2021-01-26 13:00:00+00:00,2021-01-26 13:00:00+00:00,2021-01-26 13:45:00+00:00,SHORT,31234.2557574591,31234.2557574591,31812.156970163604,31812.156970163604,29500.552119345593,Stop loss,development,2021,0.0411604182676905,25.08416399139611,-23.786655632322912,1.2975083590731988,-25.08416399139611,0.04,EXECUTABLE,24.376976762732568,23.786655632322898,23.116048508180103,2.8192577153701714
S01,12,2021-01-26 14:45:00+00:00,2021-01-26 14:45:00+00:00,2021-01-26 15:30:00+00:00,SHORT,31033.90435851603,31033.90435851603,31700.172565935893,31700.172565935893,29035.09973625644,Stop loss,development,2021,0.0358660972608694,25.02145358141762,-23.89644032914599,1.1250132522716298,-25.02145358141762,0.03,EXECUTABLE,20.929057376462733,23.896440329145943,19.988046222595912,16.355549415379045
S01,13,2021-01-27 08:45:00+00:00,2021-01-27 08:45:00+00:00,2021-01-27 14:30:00+00:00,SHORT,31302.878675778553,31302.878675778553,29791.038812456856,31806.825296885785,29791.038812456856,Take profit,development,2021,0.0466084617905489,24.95889994746408,70.46453050305806,1.4237467594426856,69.04078374361538,0.04,EXECUTABLE,21.420058923742605,23.488176834352657,20.15786484428929,14.178673864514746
S01,14,2021-01-27 18:45:00+00:00,2021-01-27 18:45:00+00:00,2021-01-27 19:00:00+00:00,SHORT,29666.252031279593,29666.252031279593,30528.59187488163,30528.59187488163,27079.232500473485,Stop loss,development,2021,0.0281605249767228,25.13150190682312,-24.28394270417843,0.8475592026446936,-25.13150190682312,0.02,EXECUTABLE,17.848745311102377,24.283942704178372,17.246796872040722,28.97859675367631
S01,15,2021-02-02 09:00:00+00:00,2021-02-02 09:00:00+00:00,2021-02-03 04:00:00+00:00,LONG,34705.06974031453,34705.06974031453,36585.97584503249,34078.10103874188,36585.97584503249,Take profit,development,2021,0.0379047149432025,25.06867315205606,71.29520973426357,1.3511333804577177,69.94407635380584,0.03,EXECUTABLE,19.840808608865416,23.76506991142118,18.809061047179565,20.85417330020065
S01,16,2021-02-03 15:30:00+00:00,2021-02-03 15:30:00+00:00,2021-02-04 00:00:00+00:00,LONG,36894.11886351139,36894.11886351139,37955.05181618215,36540.474545954465,37955.05181618215,Take profit,development,2021,0.0646670482462451,25.243533342940577,68.60740243639172,2.42013746576759,66.18726497062414,0.06,EXECUTABLE,23.421696855699313,22.8691341454639,21.218659053415323,7.217042331162982
S01,17,2021-02-04 08:15:00+00:00,2021-02-04 08:15:00+00:00,2021-02-04 08:45:00+00:00,LONG,38513.2690877528,38513.2690877528,37792.90364898882,37792.90364898882,40674.36540404475,Stop loss,development,2021,0.0334981950519052,25.409001505367137,-24.13094197636726,1.2780595289998744,-25.409001505367137,0.03,EXECUTABLE,22.755555753970697,24.13094197636719,21.610963162919507,10.442935944712161
S01,18,2021-02-04 10:45:00+00:00,2021-02-04 10:45:00+00:00,2021-02-04 12:00:00+00:00,LONG,37797.3819460248,37797.3819460248,37160.7722159008,37160.7722159008,39707.2111363968,Stop loss,development,2021,0.0375996140726561,25.345479001603714,-23.93628016756018,1.409198834043532,-25.345479001603714,0.03,EXECUTABLE,20.222664216148907,23.936280167560177,19.098291903720018,20.21194701086796
S01,19,2021-02-06 10:00:00+00:00,2021-02-06 10:00:00+00:00,2021-02-06 23:00:00+00:00,LONG,39955.58564588498,39955.58564588498,39541.21741646007,39541.21741646007,41198.690334159706,Stop loss,development,2021,0.0556731764059634,25.282115304099708,-23.06919553379967,2.2129197703000374,-25.282115304099708,0.05,EXECUTABLE,22.70583154780408,23.069195533799636,20.718411471245417,10.190143211149195
S01,20,2021-02-10 10:15:00+00:00,2021-02-10 10:15:00+00:00,2021-02-10 11:00:00+00:00,LONG,47234.65824248775,47234.65824248775,46418.527030049,46418.527030049,49683.05187980399,Stop loss,development,2021,0.0292238043013553,25.21891001583945,-23.850458836537857,1.3684511793015957,-25.21891001583945,0.02,EXECUTABLE,17.259156101500366,23.850458836537793,16.322624248774954,31.56264053180623
S01,21,2021-02-11 18:30:00+00:00,2021-02-11 18:30:00+00:00,2021-02-11 20:45:00+00:00,LONG,47947.72841837619,47947.72841837619,47295.41632649525,47295.41632649525,49904.664694019,Stop loss,development,2021,0.0359403526727549,25.155862740799854,-23.44432663490339,1.711536105896464,-25.155862740799854,0.03,EXECUTABLE,20.998009927601196,23.44432663490335,19.569362756428088,16.52836500198862
S01,22,2021-02-14 10:00:00+00:00,2021-02-14 10:00:00+00:00,2021-02-14 11:00:00+00:00,LONG,49187.75143445182,49187.75143445182,48809.41426219272,48809.41426219272,50322.76295122911,Stop loss,development,2021,0.0587195730383942,25.092973083947857,-22.215797219607985,2.877175864339871,-25.092973083947857,0.05,EXECUTABLE,21.366787755371316,22.215797219607968,18.916858612955185,14.84951709831549
S01,23,2021-02-14 12:15:00+00:00,2021-02-14 12:15:00+00:00,2021-02-14 13:45:00+00:00,LONG,49649.41968846155,49649.41968846155,48889.361246153785,48889.361246153785,51929.59501538485,Stop loss,development,2021,0.0309271961714361,25.030240651237992,-23.50647654700848,1.5237641042295096,-25.030240651237992,0.03,EXECUTABLE,24.279834983252265,23.50647654700846,22.80175326923301,2.9979962176217123
S01,24,2021-02-17 09:15:00+00:00,2021-02-17 09:15:00+00:00,2021-02-17 12:45:00+00:00,LONG,51437.623170783445,51437.623170783445,50785.68731686621,50785.68731686621,53393.43073253514,Stop loss,development,2021,0.035513481982752,24.96766504960989,-23.152512201999684,1.8151528476102077,-24.96766504960989,0.03,EXECUTABLE,21.09142527483173,23.15251220199965,19.558075617516952,15.52503915394654
S01,25,2021-02-17 19:30:00+00:00,2021-02-17 19:30:00+00:00,2021-02-18 07:30:00+00:00,LONG,51867.2137815823,51867.2137815823,51305.05487367079,51305.05487367079,53553.69050531682,Stop loss,development,2021,0.0405791398267328,24.905245886985863,-22.811924928984492,2.0933209580013807,-24.90524588698587,0.04,EXECUTABLE,24.549801689565378,22.811924928984467,22.4863563164603,1.4271860596494768
S01,26,2021-02-19 09:00:00+00:00,2021-02-19 09:00:00+00:00,2021-02-19 16:15:00+00:00,LONG,52256.76558121577,52256.76558121577,53991.449299452295,51678.537675136926,53991.449299452295,Take profit,development,2021,0.0394210693307013,24.842982772268407,68.38308712344099,2.0942091225370367,66.28887800090395,0.03,EXECUTABLE,18.905866731210597,22.794362374480286,17.34683718236527,23.898563612438927
S01,27,2021-02-20 12:00:00+00:00,2021-02-20 12:00:00+00:00,2021-02-20 22:30:00+00:00,LONG,56369.71957710774,56369.71957710774,55704.88169156905,55704.88169156905,58364.23323372381,Stop loss,development,2021,0.0346921428937462,25.008704967270663,-23.06465092628438,1.944054040986285,-25.008704967270663,0.03,EXECUTABLE,21.62625558519091,23.064650926284344,19.945136566160727,13.525088110345674
S01,28,2021-02-23 19:45:00+00:00,2021-02-23 20:00:00+00:00,2021-02-23 20:30:00+00:00,SHORT,45433.22266800731,45433.22266800731,47210.14932797077,47210.14932797077,40102.44268811691,Stop loss,development,2021,0.0136822738713072,24.946183204852485,-24.3123972108473,0.6337859940051824,-24.946183204852485,0.01,EXECUTABLE,18.23248345961455,24.312397210847287,17.769266599634648,26.91273326306687
S01,29,2021-02-26 07:30:00+00:00,2021-02-26 07:30:00+00:00,2021-02-26 09:00:00+00:00,SHORT,44967.456953519846,44967.456953519846,46546.332185920604,46546.332185920604,40230.83125631757,Stop loss,development,2021,0.0153165860343056,24.88381774684035,-24.182978334500575,0.7008394123397739,-24.88381774684035,0.01,EXECUTABLE,16.24632126970486,24.18297833450046,15.788752324007582,34.71129938745933
S01,30,2021-02-28 14:00:00+00:00,2021-02-28 14:00:00+00:00,2021-02-28 20:45:00+00:00,SHORT,44152.957042257134,44152.957042257134,44738.19183097146,44738.19183097146,42397.25267611416,Stop loss,development,2021,0.0394193779178139,24.82160820247325,-23.069591306982023,1.7520168954912307,-24.821608202473257,0.03,EXECUTABLE,18.890410894528234,23.069591306981984,17.55704366142978,23.89529823999891
S01,31,2021-03-02 19:15:00+00:00,2021-03-02 19:15:00+00:00,2021-03-02 19:30:00+00:00,SHORT,47159.71539187048,47159.71539187048,47891.868432518095,47891.868432518095,44963.25626992763,Stop loss,development,2021,0.0317560938530003,24.759554181967065,-23.25032067356526,1.509233508401806,-24.759554181967065,0.03,EXECUTABLE,23.390364976794327,23.250320673565234,21.964591219428474,5.529942886330108
S01,32,2021-03-03 16:15:00+00:00,2021-03-03 16:15:00+00:00,2021-03-03 19:15:00+00:00,LONG,51207.47812552215,51207.47812552215,50427.8874979114,50427.8874979114,53546.25000835442,Stop loss,development,2021,0.029741580119721,24.697655296512153,-23.18625711166891,1.5113981848432447,-24.697655296512153,0.02,EXECUTABLE,16.608166208449475,23.186257111668883,15.591812552215124,32.75407722288961
S01,33,2021-03-05 08:30:00+00:00,2021-03-05 08:30:00+00:00,2021-03-05 12:00:00+00:00,SHORT,46717.38923997904,46717.38923997904,47562.38304008382,47562.38304008382,44182.40783966471,Stop loss,development,2021,0.027614595814635,24.635911158270872,-23.334162255765985,1.3017489025048865,-24.635911158270872,0.02,EXECUTABLE,17.842673724896233,23.334162255765918,16.899876002095553,27.574532923634052
S01,34,2021-03-06 16:00:00+00:00,2021-03-06 16:00:00+00:00,2021-03-06 16:00:00+00:00,SHORT,47266.39371168875,47266.39371168875,47815.51515324499,47815.51515324499,45619.02938702,Stop loss,development,2021,0.0411863082801689,24.574321380375192,-22.61628497518616,1.9580364051890429,-24.5743213803752,0.04,EXECUTABLE,23.86649583954837,22.616284975186158,21.964857662249706,2.880346235693343
S01,35,2021-03-07 16:15:00+00:00,2021-03-07 16:30:00+00:00,2021-03-07 18:45:00+00:00,LONG,51022.24407471476,51022.24407471476,50426.56370114093,50426.56370114093,52809.28519543627,Stop loss,development,2021,0.0379218818171161,24.51288557692426,-22.5893207274426,1.9235648494816668,-24.512885576924266,0.03,EXECUTABLE,19.392143323852927,22.589320727442573,17.870411207215074,20.89000186045764
S01,36,2021-03-09 09:45:00+00:00,2021-03-09 10:00:00+00:00,2021-03-09 12:30:00+00:00,LONG,54335.61697496004,54335.61697496004,53844.02210015983,53844.02210015983,55810.40159936065,Stop loss,development,2021,0.0448090327925654,24.451603362981945,-22.027890865579483,2.423712497402471,-24.451603362981952,0.04,EXECUTABLE,21.82738777351061,22.027890865579455,19.66379499200819,10.73228430264913
S01,37,2021-03-10 09:00:00+00:00,2021-03-10 09:15:00+00:00,2021-03-10 13:30:00+00:00,LONG,54783.92712752788,54783.92712752788,55988.83404044609,54382.29148988848,55988.83404044609,Take profit,development,2021,0.0534622360824391,24.390474354574497,64.41701783579627,2.9610797545329355,61.455938081263334,0.05,EXECUTABLE,22.81093734740559,21.472339278598742,20.081781881970166,6.476040540280259
S01,38,2021-03-10 16:45:00+00:00,2021-03-10 16:45:00+00:00,2021-03-10 20:30:00+00:00,LONG,56684.506941995336,56684.506941995336,56085.102232018646,56085.102232018646,58482.72107192541,Stop loss,development,2021,0.0374268170727113,24.54411419977765,-22.433810432819165,2.1103037669584843,-24.54411419977765,0.03,EXECUTABLE,19.673685436910922,22.43381043281916,17.98214129930071,19.843571143874684
S01,39,2021-03-11 13:15:00+00:00,2021-03-11 13:15:00+00:00,2021-03-11 15:30:00+00:00,LONG,56797.89665573833,56797.89665573833,55884.67337704666,55884.67337704666,59537.56649181335,Stop loss,development,2021,0.0252512878777714,24.4827539142782,-23.060063906925713,1.422690007352498,-24.48275391427821,0.02,EXECUTABLE,19.39129127416132,23.060063906925674,18.26446557383344,20.796119006643167
S01,40,2021-03-13 10:00:00+00:00,2021-03-13 10:00:00+00:00,2021-03-13 10:00:00+00:00,LONG,57588.61592620645,57589.0,58804.52111447736,57183.826295174214,58804.52111447736,Take profit,development,2021,0.0528403786486456,24.42154702949251,64.22859594440733,3.0751388639690607,61.15345708043827,0.05,EXECUTABLE,23.108792607146164,21.409531981469073,20.258685241289278,5.375394199069394
S01,41,2021-03-13 17:00:00+00:00,2021-03-13 17:15:00+00:00,2021-03-14 11:15:00+00:00,LONG,59995.2836082757,59995.2836082757,59372.65556689719,59372.65556689719,61863.16773241122,Stop loss,development,2021,0.0360164122530957,24.5744306721936,-22.424828218625855,2.149602453567744,-24.5744306721936,0.03,EXECUTABLE,20.469360328982823,22.42482821862581,18.678841241355183,16.704640681078875
S01,42,2021-03-19 12:00:00+00:00,2021-03-19 12:00:00+00:00,2021-03-19 13:00:00+00:00,LONG,58892.88055271731,58892.88055271731,58432.67778913076,58432.67778913076,60273.48884347697,Stop loss,development,2021,0.0472434428103289,24.512994595513117,-21.74156294265661,2.7714316528565037,-24.512994595513117,0.04,EXECUTABLE,20.75462171029907,21.7415629426566,18.408110543462097,15.332165438089651
S01,43,2021-03-19 14:45:00+00:00,2021-03-19 15:00:00+00:00,2021-03-19 23:30:00+00:00,LONG,58814.1881744318,58814.1881744318,58093.847302272785,58093.847302272785,60975.21079090885,Stop loss,development,2021,0.0313968574090754,24.45171210902434,-22.61643964910573,1.8352724599186168,-24.451712109024346,0.03,EXECUTABLE,23.363846696921136,22.616439649105658,21.610226164770502,4.4490357454425755
S01,44,2021-03-20 13:15:00+00:00,2021-03-20 13:15:00+00:00,2021-03-20 13:45:00+00:00,LONG,59571.90410825871,59571.90410825871,58912.43356696519,58912.43356696519,61550.31573213925,Stop loss,development,2021,0.033936484613305,24.390582828751775,-22.380111877535334,2.0104709512164405,-24.390582828751775,0.03,EXECUTABLE,21.561381303933853,22.380111877535278,19.784116238805435,11.599565064442995
S01,45,2021-03-24 19:30:00+00:00,2021-03-24 19:30:00+00:00,2021-03-24 20:30:00+00:00,SHORT,55012.16788958893,55012.16788958893,53417.84623342282,55543.6084416443,53417.84623342282,Take profit,development,2021,0.0414672604503723,24.329606371679898,66.11215135790916,2.248147818138242,63.864003539770906,0.04,EXECUTABLE,23.468737608839515,22.03738378596967,21.2576220822148,3.5383587785556947
S01,46,2021-03-25 08:00:00+00:00,2021-03-25 08:00:00+00:00,2021-03-25 11:00:00+00:00,SHORT,52185.85394037384,52185.85394037384,53083.45423850465,53083.45423850465,49493.0530459814,Stop loss,development,2021,0.0257718013037822,24.48926638052932,-23.132776533642993,1.3564898468863378,-24.48926638052933,0.02,EXECUTABLE,19.004699044405047,23.132776533642954,17.95200596261624,22.39580088231996
S01,47,2021-04-07 17:45:00+00:00,2021-04-07 17:45:00+00:00,2021-04-07 22:30:00+00:00,SHORT,55983.52440778355,55983.52440778355,56501.7323688658,56501.7323688658,54428.90052453681,Stop loss,development,2021,0.042524185129815,24.428043214577997,-22.03637127280549,2.3916719417725103,-24.428043214577997,0.04,EXECUTABLE,22.978023578822917,22.036371272805457,20.7283184432899,5.9358812452474545
S01,48,2021-04-09 17:45:00+00:00,2021-04-09 17:45:00+00:00,2021-04-09 22:45:00+00:00,LONG,58363.4177939489,58363.4177939489,58025.75882420438,58025.75882420438,59376.39470318247,Stop loss,development,2021,0.0615555237809487,24.36697310654155,-20.78477474195966,3.582198364581889,-24.36697310654155,0.06,EXECUTABLE,23.751213483216016,20.784774741959644,20.2595381846714,2.5270254973122963
S01,49,2021-04-10 10:00:00+00:00,2021-04-10 10:15:00+00:00,2021-04-10 11:45:00+00:00,LONG,60794.68755643823,60794.68755643823,60471.8097742471,60471.8097742471,61763.32090301161,Stop loss,development,2021,0.0633777224594923,24.30605567377519,-20.46325846804573,3.8427972057294713,-24.3060556737752,0.06,EXECUTABLE,23.010661851388246,20.46325846804572,19.372666931467684,5.329510636251033
S01,50,2021-04-12 12:45:00+00:00,2021-04-12 13:00:00+00:00,2021-04-12 14:00:00+00:00,LONG,60565.293613662296,60565.293613662296,60064.605545350794,60064.605545350794,62067.3578185968,Stop loss,development,2021,0.0432177542034206,24.24529053459076,-21.63861386887194,2.6066766657188216,-24.24529053459076,0.04,EXECUTABLE,22.44012071564033,21.63861386887193,20.027522732460056,7.4454451942945195
S01,51,2021-04-13 08:15:00+00:00,2021-04-13 08:15:00+00:00,2021-04-14 03:45:00+00:00,LONG,61554.94900004986,61554.94900004986,63880.80400079776,60779.66399980056,63880.80400079776,Take profit,development,2021,0.0289133966313575,24.184677308254287,67.24836814365041,1.8133868391332528,65.43498130451715,0.02,EXECUTABLE,16.729046134984525,22.4161227145501,15.505700004985993,30.82791255901991
S02,1,2021-04-23 07:45:00+00:00,2021-04-23 07:45:00+00:00,2021-04-23 10:30:00+00:00,SHORT,47915.449181955715,47915.449181955715,49605.68327217714,49605.68327217714,42844.74691129143,Stop loss,development,2021,0.01437612238042,24.999999999999996,-24.29901213258112,0.700987867418882,-25.000000000000004,0.01,EXECUTABLE,17.38994656448495,24.299012132581097,16.902340902214274,30.440213742060184
S02,2,2021-04-23 13:00:00+00:00,2021-04-23 13:00:00+00:00,2021-04-23 16:00:00+00:00,SHORT,49219.97368403111,49219.97368403111,50046.575263875566,50046.575263875566,46740.16894449774,Stop loss,development,2021,0.0284598357131067,24.937499999999996,-23.524945162567757,1.412554837432248,-24.937500000000004,0.02,EXECUTABLE,17.524697086368246,23.524945162567693,16.532031596889137,29.7255254681975
S02,3,2021-04-24 10:15:00+00:00,2021-04-24 10:30:00+00:00,2021-04-24 15:30:00+00:00,SHORT,49065.05884473331,49065.05884473331,49894.53462106678,49894.53462106678,46576.63151573289,Stop loss,development,2021,0.0283008117955486,24.875156249999996,-23.474837834980196,1.4003184150198087,-24.875156250000003,0.02,EXECUTABLE,17.579111461327468,23.47483783498013,16.58951552666942,29.33064908355111
S02,4,2021-04-30 09:00:00+00:00,2021-04-30 09:00:00+00:00,2021-04-30 10:45:00+00:00,LONG,54703.307821877475,54703.307821877475,54284.06871249009,54284.06871249009,55961.02515003964,Stop loss,development,2021,0.0523775606886894,24.81296835937499,-21.958721895010054,2.8542464643649432,-24.812968359375,0.05,EXECUTABLE,23.68663988272863,21.958721895010033,20.961955469369425,4.539273416760736
S02,5,2021-04-30 12:30:00+00:00,2021-04-30 12:30:00+00:00,2021-04-30 13:45:00+00:00,LONG,54615.537137610234,54615.537137610234,55905.88420176372,54185.42144955907,55905.88420176372,Take profit,development,2021,0.0510838184701183,24.75093593847656,65.91585518866695,2.822928112380023,63.092927076286934,0.05,EXECUTABLE,24.22580836723739,21.97195172955562,21.50578440255813,2.121647328991827
S02,6,2021-05-03 11:30:00+00:00,2021-05-03 11:30:00+00:00,2021-05-03 12:30:00+00:00,LONG,58969.90658927767,58969.90658927767,58472.49364288933,58472.49364288933,60462.1454284427,Stop loss,development,2021,0.0447889567880885,24.90866825616728,-22.27860696162332,2.630061294543963,-24.90866825616728,0.04,EXECUTABLE,22.2453658601771,22.278606961623307,19.896517855533748,10.692271335424607
S02,7,2021-05-11 08:30:00+00:00,2021-05-11 08:30:00+00:00,2021-05-11 09:45:00+00:00,SHORT,55304.88761953835,55304.88761953835,55993.549521846624,55993.549521846624,53238.90191261352,Stop loss,development,2021,0.0333817349876291,24.84639658552686,-22.988729118931364,1.8576674665955055,-24.84639658552687,0.03,EXECUTABLE,22.329333626369024,22.988729118931353,20.659857069248247,10.130494981409244
S02,8,2021-05-12 13:30:00+00:00,2021-05-12 13:30:00+00:00,2021-05-12 13:45:00+00:00,SHORT,55900.35083427132,55900.35083427132,56554.09666291473,56554.09666291473,53939.11334834108,Stop loss,development,2021,0.0349087623967714,24.78428059406305,-22.82145779999331,1.9628227940697367,-24.78428059406305,0.03,EXECUTABLE,21.299191571760158,22.821457799993304,19.612374859302363,14.061691276759214
S02,9,2021-05-12 16:15:00+00:00,2021-05-12 16:15:00+00:00,2021-05-12 22:00:00+00:00,SHORT,55121.33895703177,55121.33895703177,52730.26331250822,55918.36417187295,52730.26331250822,Take profit,development,2021,0.0289982557717543,24.72231989257789,69.33702310950619,1.5637541740028222,67.77326893550337,0.02,EXECUTABLE,17.050901328112722,23.112341036502013,15.940504296823638,31.030334522806147
S02,10,2021-05-13 07:45:00+00:00,2021-05-13 08:00:00+00:00,2021-05-13 11:00:00+00:00,SHORT,50704.357801923696,50704.357801923696,48438.274830779126,51459.71879230522,48438.274830779126,Take profit,development,2021,0.0308661023528245,24.89175306491665,69.94514892734101,1.5300733231847436,68.41507560415627,0.03,EXECUTABLE,24.193290860359163,23.31504964244698,22.660829711445693,2.8059984475015787
S02,11,2021-05-13 15:15:00+00:00,2021-05-13 15:30:00+00:00,2021-05-13 17:15:00+00:00,SHORT,49895.863458383705,49895.863458383705,47663.55533413926,50639.96616646519,47663.55533413926,Take profit,development,2021,0.0315505005240788,25.06279075392704,70.43043864387987,1.539024246871162,68.89141439700872,0.03,EXECUTABLE,23.83111868681723,23.476812881293252,22.32308124244446,4.914345250705255
S02,12,2021-05-15 10:15:00+00:00,2021-05-15 10:15:00+00:00,2021-05-15 11:45:00+00:00,SHORT,48028.35303081759,48028.35303081759,48907.84787672963,48907.84787672963,45389.86849308146,Stop loss,development,2021,0.0271939945325915,25.23501928991956,-23.916978031174544,1.3180412587450183,-25.23501928991956,0.02,EXECUTABLE,18.559258927316364,23.916978031174484,17.589896918240846,26.454350146940097
S02,13,2021-05-15 19:30:00+00:00,2021-05-15 19:30:00+00:00,2021-05-15 20:00:00+00:00,SHORT,47037.99766206138,47037.99766206138,48177.049351754475,48177.049351754475,43620.8425929821,Stop loss,development,2021,0.0212124352650622,25.17193174169476,-24.162060231174543,1.0098715105202152,-25.17193174169476,0.02,EXECUTABLE,23.73318426400011,24.162060231174454,22.781033793861862,5.715681626895208
S02,14,2021-05-16 15:30:00+00:00,2021-05-16 15:30:00+00:00,2021-05-16 18:30:00+00:00,SHORT,47812.4205629104,47812.4205629104,45974.749006566286,48424.97774835843,45974.749006566286,Take profit,development,2021,0.0380050225798735,25.109001912340524,69.84074899324919,1.7821917485951937,68.05855724465428,0.03,EXECUTABLE,19.820276538110214,23.28024966441612,18.376715563440882,21.063064922668307
S02,15,2021-05-17 15:45:00+00:00,2021-05-17 15:45:00+00:00,2021-05-17 19:15:00+00:00,SHORT,43496.399240342755,43496.399240342755,44405.62303862897,44405.62303862897,40768.727845484114,Stop loss,development,2021,0.0265209991446198,25.279148305452157,-24.113523576616675,1.165624728835482,-25.279148305452157,0.02,EXECUTABLE,19.063496188514023,24.11352357661663,18.184475965724268,24.58805985800382
S02,16,2021-05-18 18:15:00+00:00,2021-05-18 18:15:00+00:00,2021-05-19 04:15:00+00:00,SHORT,42775.82896962466,42775.82896962466,39714.52351399449,43796.26412150138,39714.52351399449,Take profit,development,2021,0.0237054131026898,25.21595043468853,72.56951045923111,0.9777339413053432,71.59177651792577,0.02,EXECUTABLE,21.2744239684457,24.189836819743693,20.408703037534433,15.631084287113117
S02,17,2021-05-19 07:15:00+00:00,2021-05-19 07:15:00+00:00,2021-05-19 07:30:00+00:00,SHORT,38852.85602287974,38852.85602287974,39774.42590848105,39774.42590848105,36088.14636607583,Stop loss,development,2021,0.0264287285335336,25.39492987598334,-24.355920331236565,1.0390095447467764,-25.39492987598334,0.02,EXECUTABLE,19.217670531339753,24.355920331236483,18.431397712026083,24.324774176618558
S02,18,2021-05-19 10:15:00+00:00,2021-05-19 10:15:00+00:00,2021-05-19 11:30:00+00:00,SHORT,39525.15922226522,39525.15922226522,36455.42755624346,40548.403110939136,36455.42755624346,Take profit,development,2021,0.0238238531648401,25.331442551293385,73.13283646676226,0.905075171394791,72.22776129536746,0.02,EXECUTABLE,21.265613396810412,24.377612155587418,20.464877773478367,16.050523558814767
S02,19,2021-05-21 19:30:00+00:00,2021-05-21 19:30:00+00:00,2021-05-21 22:30:00+00:00,SHORT,36051.196482792286,36051.196482792286,37368.16406883085,37368.16406883085,32100.2937246766,Stop loss,development,2021,0.0188464507673921,25.512011954531804,-24.820164772527015,0.6918471820047889,-25.512011954531804,0.01,EXECUTABLE,13.536772663143756,24.820164772526965,13.169675860385615,46.93961147686291
S02,20,2021-05-23 07:30:00+00:00,2021-05-23 07:30:00+00:00,2021-05-23 08:45:00+00:00,SHORT,36147.93351546804,36147.93351546804,33908.846247488604,36894.29593812785,33908.846247488604,Take profit,development,2021,0.0325057696443531,25.448231924645473,72.78325494654355,1.138624772499926,71.64463017404363,0.03,EXECUTABLE,23.486506121598325,24.261084982181135,22.390872679794338,7.708691939212109
S02,21,2021-05-23 16:15:00+00:00,2021-05-23 16:15:00+00:00,2021-05-23 17:00:00+00:00,SHORT,32091.296853064505,32091.296853064505,33898.192587741985,33898.192587741985,26670.609649032063,Stop loss,development,2021,0.0139287331431093,25.62734350008058,-25.16776850574507,0.4595749943355116,-25.62734350008058,0.01,EXECUTABLE,18.39890479397885,25.167768505745048,18.068957346774805,28.205961753620702
S02,22,2021-05-25 12:00:00+00:00,2021-05-25 12:00:00+00:00,2021-05-25 13:00:00+00:00,SHORT,36519.50788416931,36519.50788416931,37385.43846332276,37385.43846332276,33921.71614670896,Stop loss,development,2021,0.0283129416101461,25.563275141330383,-24.517041926011625,1.046233215318762,-25.563275141330383,0.02,EXECUTABLE,18.057661046543917,24.517041926011622,17.318611583068996,29.360925207316193
S02,23,2021-05-28 11:30:00+00:00,2021-05-28 11:45:00+00:00,2021-05-28 12:00:00+00:00,SHORT,35557.053012901975,35557.053012901975,36310.94794839211,36310.94794839211,33295.36820643157,Stop loss,development,2021,0.0322846705054376,25.499366953477058,-24.339249588017136,1.160117365459927,-25.49936695347706,0.03,EXECUTABLE,23.694868079123445,24.339249588017122,22.616848064704026,7.0766418540737615
S02,24,2021-05-28 18:15:00+00:00,2021-05-28 18:15:00+00:00,2021-05-28 18:30:00+00:00,SHORT,35656.633790178515,35656.633790178515,36395.33483928596,36395.33483928596,33440.530642856174,Stop loss,development,2021,0.0328317167709216,25.43561853609336,-24.25282362267841,1.1827949134149558,-25.43561853609336,0.03,EXECUTABLE,23.24181100266543,24.25282362267835,22.16103147322341,8.624942736560149
S02,25,2021-05-29 09:15:00+00:00,2021-05-29 09:15:00+00:00,2021-05-30 07:30:00+00:00,SHORT,35264.13746605782,35264.13746605782,36023.20013576872,36023.20013576872,32986.94945692513,Stop loss,development,2021,0.0319262956141328,25.372029489753125,-24.234059182842927,1.1379703069101996,-25.372029489753125,0.03,EXECUTABLE,23.84119015535429,24.234059182842927,22.771880091326892,6.033570688608448
S02,26,2021-06-01 12:15:00+00:00,2021-06-01 12:15:00+00:00,2021-06-01 13:30:00+00:00,SHORT,36169.23872860732,36169.23872860732,36695.68508557072,36695.68508557072,34589.899657717135,Stop loss,development,2021,0.0449627851813905,25.308599416028738,-23.67049445767111,1.6381049583576377,-25.308599416028745,0.04,EXECUTABLE,22.515152754819674,23.670494457671094,21.057854278536105,11.037539514888707
S02,27,2021-06-01 15:15:00+00:00,2021-06-01 15:30:00+00:00,2021-06-02 06:15:00+00:00,SHORT,36051.78637514085,36051.78637514085,36934.56449943658,36934.56449943658,33403.45200225367,Stop loss,development,2021,0.0274623257843692,25.24532791748867,-24.243140444723704,1.002187472764965,-25.24532791748867,0.02,EXECUTABLE,18.385425994660373,24.24314044472365,17.65556248591456,27.17295630006892
S02,28,2021-06-03 09:15:00+00:00,2021-06-03 09:15:00+00:00,2021-06-03 12:00:00+00:00,LONG,39172.20660454528,39172.20660454528,38675.22358181886,38675.22358181886,40663.155672724555,Stop loss,development,2021,0.0469899197389296,25.18221459769495,-23.35319234952536,1.8290222481695912,-25.18221459769495,0.04,EXECUTABLE,21.436269512784303,23.353192349525322,19.879320909056986,14.875360029905915
S02,29,2021-06-05 07:15:00+00:00,2021-06-05 07:15:00+00:00,2021-06-05 07:45:00+00:00,LONG,37923.56915770973,37923.56915770973,37589.22336916111,37589.22336916111,38926.60652335557,Stop loss,development,2021,0.0675063466071507,25.119259061200715,-22.57046268840382,2.548796372796403,-25.119259061200715,0.06,EXECUTABLE,22.326131088723375,22.57046268840429,20.06074731291723,11.119467997332833
S02,30,2021-06-05 13:45:00+00:00,2021-06-05 13:45:00+00:00,2021-06-05 15:30:00+00:00,SHORT,35710.765559642205,35710.765559642205,36106.38776143117,36106.38776143117,34523.898954275326,Stop loss,development,2021,0.0580641339270768,25.05646091354771,-22.9714605091996,2.085000404348109,-25.05646091354771,0.05,EXECUTABLE,21.5765389224752,22.97146050919957,19.78111008944834,13.888322070220848
S02,31,2021-06-07 17:15:00+00:00,2021-06-07 17:15:00+00:00,2021-06-07 20:45:00+00:00,SHORT,35593.97794997436,35593.97794997436,34704.77719958976,35890.37820010256,34704.77719958976,Take profit,development,2021,0.0752503072145001,24.993819761263843,66.91262964180548,2.6450014609008123,64.26762818090467,0.07,EXECUTABLE,23.249969974226794,22.30420988060181,20.748017508974083,6.977123959818732
S02,32,2021-06-08 13:30:00+00:00,2021-06-08 13:45:00+00:00,2021-06-08 15:15:00+00:00,SHORT,32570.601954128888,32570.601954128888,31239.531266062215,33014.292183484446,31239.531266062215,Take profit,development,2021,0.0527920322738303,25.154488831716108,70.26992672316538,1.6843333061788717,68.58559341698651,0.05,EXECUTABLE,23.824133821218243,23.42330890772177,22.184511467777885,5.288738003773242
S02,33,2021-06-11 13:15:00+00:00,2021-06-11 13:15:00+00:00,2021-06-11 14:30:00+00:00,LONG,37572.857018635455,37572.857018635455,37159.86192545819,37159.86192545819,38811.84229816724,Stop loss,development,2021,0.0562347258324961,25.325952815258574,-23.224665834989526,2.101286980269049,-25.325952815258574,0.05,EXECUTABLE,22.518072632465458,23.2246658349895,20.649754658863095,11.086967599108066
S02,34,2021-06-14 11:00:00+00:00,2021-06-14 11:00:00+00:00,2021-06-14 12:00:00+00:00,LONG,39421.81101013643,39421.81101013643,39079.47595945431,39079.47595945431,40448.8161621828,Stop loss,development,2021,0.0662043633170632,25.262637933220425,-22.66407407152451,2.598563861695915,-25.262637933220425,0.06,EXECUTABLE,22.8951416500151,22.66407407152448,20.540103040927352,9.371532337452626
S02,35,2021-06-14 12:45:00+00:00,2021-06-14 12:45:00+00:00,2021-06-16 11:30:00+00:00,LONG,39605.36791953279,39605.36791953279,39015.66832186882,39015.66832186882,41374.466712524714,Stop loss,development,2021,0.0400621241312655,25.199481338387372,-23.62461848177149,1.5748628566158809,-25.199481338387372,0.04,EXECUTABLE,25.160404631387035,23.62461848177144,23.587983906558947,0.15506948923115216
S02,36,2021-06-21 15:45:00+00:00,2021-06-21 15:45:00+00:00,2021-06-22 03:30:00+00:00,SHORT,32445.022548741515,32445.022548741515,33074.209805033934,33074.209805033934,30557.46077986426,Stop loss,development,2021,0.0379735650706726,25.136482635041403,-23.892483218458107,1.2439994165833053,-25.13648263504141,0.03,EXECUTABLE,19.858406174079175,23.8924832184581,18.875617688772543,20.997673133489048
S02,37,2021-06-22 12:00:00+00:00,2021-06-22 12:00:00+00:00,2021-06-22 12:15:00+00:00,SHORT,31164.16622195191,31164.16622195191,29913.379551230544,31581.095112192364,29913.379551230544,Take profit,development,2021,0.0559303064100597,25.0736414284538,69.95688174706446,1.708042924934272,68.24883882213018,0.05,EXECUTABLE,22.41507604537638,23.3189605823548,20.846444512022757,10.603028645294643
S02,38,2021-06-23 20:00:00+00:00,2021-06-23 20:00:00+00:00,2021-06-23 21:15:00+00:00,SHORT,32860.772123141105,32860.772123141105,33414.92150743558,33414.92150743558,31198.323970257676,Stop loss,development,2021,0.0429845264604279,25.24426352550913,-23.819848872235763,1.4244146532733688,-25.24426352550913,0.04,EXECUTABLE,23.4914892443906,23.819848872235752,22.16597537177906,6.9432577399113455
S02,39,2021-06-25 12:00:00+00:00,2021-06-25 12:00:00+00:00,2021-06-25 16:15:00+00:00,SHORT,33214.86513187614,33214.86513187614,32121.382110018203,33579.35947249545,32121.382110018203,Take profit,development,2021,0.0632864885179211,25.181152866695356,69.20270070735405,2.0674508304391015,67.13524987691495,0.06,EXECUTABLE,23.87348717528991,23.067566902451336,21.869660437158746,5.193033449770956
S02,40,2021-06-26 13:45:00+00:00,2021-06-26 13:45:00+00:00,2021-06-26 18:00:00+00:00,SHORT,30923.20812606998,30923.20812606998,31843.54749572007,31843.54749572007,28162.190017119712,Stop loss,development,2021,0.0266348482885524,25.34899099138764,-24.513099484612138,0.8358915067755124,-25.348990991387648,0.02,EXECUTABLE,19.03445494921973,24.513099484612088,18.406787393001796,24.910403906464307
S02,41,2021-06-29 12:45:00+00:00,2021-06-29 13:00:00+00:00,2021-06-30 03:00:00+00:00,LONG,35991.39140315096,35991.39140315096,35430.43438739614,35430.43438739614,37674.26245041543,Stop loss,development,2021,0.0423780419556242,25.285618513909167,-23.772259948959633,1.5133585649495456,-25.285618513909174,0.04,EXECUTABLE,23.86671714600385,23.772259948959608,22.438280630192896,5.61149559036812
S02,42,2021-07-02 09:30:00+00:00,2021-07-02 09:30:00+00:00,2021-07-02 13:00:00+00:00,SHORT,32937.57552374541,32937.57552374541,33427.06790501835,33427.06790501835,31469.098379926567,Stop loss,development,2021,0.0482564094329927,25.222404467624397,-23.621144765037908,1.601259702586498,-25.222404467624404,0.04,EXECUTABLE,20.906988119493157,23.62114476503788,19.579695250917865,17.109456608986385
S02,43,2021-07-04 10:45:00+00:00,2021-07-04 10:45:00+00:00,2021-07-04 12:15:00+00:00,LONG,35600.26012626893,35600.26012626893,35448.93949492428,35448.93949492428,36054.22202030288,Stop loss,development,2021,0.1346534150264229,25.15934845645534,-20.37583977451149,4.783508681943851,-25.15934845645534,0.13,EXECUTABLE,24.28988005018206,20.375839774511476,19.671682074804487,3.455846274310792
S02,44,2021-07-07 11:15:00+00:00,2021-07-07 11:15:00+00:00,2021-07-07 14:30:00+00:00,LONG,34925.166157166605,34925.166157166605,34566.53537133357,34566.53537133357,36001.0585146657,Stop loss,development,2021,0.063797510453084,25.096450085314203,-22.87975130798066,2.2166987773335434,-25.096450085314203,0.06,EXECUTABLE,23.602598195836993,22.879751307980644,21.51784714998197,5.952443012453679
S02,45,2021-07-08 11:00:00+00:00,2021-07-08 11:00:00+00:00,2021-07-08 12:30:00+00:00,SHORT,32463.42292927929,32463.42292927929,32789.14828288284,32789.14828288284,31486.246868468657,Stop loss,development,2021,0.0698579446024434,25.03370896010092,-22.75450370764781,2.279205252453109,-25.03370896010092,0.06,EXECUTABLE,21.50109835257763,22.754503707647803,19.543521216212756,14.11141518483584
S02,46,2021-07-08 13:45:00+00:00,2021-07-08 13:45:00+00:00,2021-07-08 14:30:00+00:00,SHORT,32353.107687417367,32353.107687417367,32707.899250330527,32707.899250330527,31288.73299867789,Stop loss,development,2021,0.0644712162179535,24.971124687700662,-22.873843564880016,2.097281122820659,-24.971124687700673,0.06,EXECUTABLE,23.23932398292205,22.873843564880012,21.287493774789617,6.93521307685272
S02,47,2021-07-13 18:45:00+00:00,2021-07-13 18:45:00+00:00,2021-07-13 23:15:00+00:00,SHORT,32517.09627054581,32517.09627054581,32725.194917816763,32725.194917816763,31892.800328732956,Stop loss,development,2021,0.1034758985935854,24.908696875981413,-21.533194522471323,3.375502353510089,-24.908696875981413,0.1,EXECUTABLE,24.07197928651333,21.533194522471316,20.809864727095192,3.3591383508902117
S02,48,2021-07-14 09:00:00+00:00,2021-07-14 09:00:00+00:00,2021-07-14 09:00:00+00:00,SHORT,31712.93529007183,31712.93529007183,32026.928839712684,32026.928839712684,30770.954641149267,Stop loss,development,2021,0.071838822101867,24.84642513379146,-22.55692675378308,2.2894983800083812,-24.84642513379146,0.07,EXECUTABLE,24.210443719402264,22.556926753783078,21.979548474859804,2.5596495711741385
S02,49,2021-07-15 17:15:00+00:00,2021-07-15 17:15:00+00:00,2021-07-15 19:15:00+00:00,SHORT,31190.415215759156,31190.415215759156,31754.52913696338,31754.52913696338,29498.07345214648,Stop loss,development,2021,0.0416132896023356,24.78430907095698,-23.474635971780607,1.309673099176374,-24.78430907095698,0.04,EXECUTABLE,23.823455735223515,23.474635971780554,22.564556848169016,3.8768614972584436
S02,50,2021-07-16 10:30:00+00:00,2021-07-16 10:30:00+00:00,2021-07-16 12:15:00+00:00,SHORT,31193.425327565445,31193.425327565445,31483.93868973821,31483.93868973821,30321.885241047148,Stop loss,development,2021,0.0768127738978858,24.722348298279584,-22.315137202891272,2.407211095388317,-24.722348298279584,0.07,EXECUTABLE,22.52964309269924,22.315137202891243,20.335935352093585,8.869324139944002
S02,51,2021-07-17 10:15:00+00:00,2021-07-17 10:15:00+00:00,2021-07-17 13:45:00+00:00,SHORT,31266.674637498458,31266.674637498458,31693.54145000616,31693.54145000616,29986.07419997535,Stop loss,development,2021,0.0538032248539247,24.660542427533887,-22.966811096030035,1.6937313315038511,-24.660542427533887,0.05,EXECUTABLE,22.917346027572748,22.966811096030007,21.3433406253851,7.068767465612735
S02,52,2021-07-20 08:45:00+00:00,2021-07-20 08:45:00+00:00,2021-07-20 15:15:00+00:00,SHORT,29649.588830422657,29649.588830422657,29915.61467830937,29915.61467830937,28851.51128676251,Stop loss,development,2021,0.0831581758442402,24.598891071465047,-22.12222423767651,2.4766668337885474,-24.598891071465054,0.08,EXECUTABLE,23.664675971286442,22.122224237676498,21.28206783093716,3.797793556890472
S02,53,2021-07-24 09:45:00+00:00,2021-07-24 09:45:00+00:00,2021-07-25 05:15:00+00:00,LONG,33845.13842167381,33845.13842167381,34554.10474678096,33608.81631330476,34554.10474678096,Take profit,development,2021,0.0908627177050509,24.537393843786383,64.4186070605987,3.1074705616272196,61.311136498971486,0.09,EXECUTABLE,24.304417716288658,21.472869020199568,21.268989753214626,0.9494738071244679
S02,54,2021-07-25 07:15:00+00:00,2021-07-25 07:15:00+00:00,2021-07-25 09:15:00+00:00,LONG,34645.91080815188,34650.0,34413.8967673925,34413.8967673925,35358.3096978225,Stop loss,development,2021,0.092632649100254,24.690671685033816,-21.870867897566203,3.198785857375018,-25.069653754941225,0.09,EXECUTABLE,23.988955009243607,21.870867897566203,21.24929093467501,2.8420315362078785
S02,55,2021-07-26 10:45:00+00:00,2021-07-26 10:45:00+00:00,2021-07-26 13:00:00+00:00,LONG,38508.0913283782,38508.0913283782,38085.20468648722,38085.20468648722,39776.751254051145,Stop loss,development,2021,0.0534017560698508,24.627997550646462,-22.5828892954606,2.0451082551858617,-24.627997550646462,0.05,EXECUTABLE,23.05916449492077,22.582889295460568,21.1443320945491,6.3701202361233555
S02,56,2021-07-26 15:45:00+00:00,2021-07-26 15:45:00+00:00,2021-07-26 18:30:00+00:00,LONG,38648.789477511826,38648.789477511826,39877.91164018917,38239.08208995271,39877.91164018917,Take profit,development,2021,0.0548172598789267,24.56642755676985,67.37710901443268,2.1523092913019126,65.22479972313076,0.05,EXECUTABLE,22.407566167142438,22.459036338144198,20.485369377955795,8.787852383658802
S02,57,2021-07-27 11:45:00+00:00,2021-07-27 11:45:00+00:00,2021-07-27 18:00:00+00:00,LONG,37929.73632457521,37929.73632457521,37534.25470169915,37534.25470169915,39116.18119320339,Stop loss,development,2021,0.0570838230987022,24.729489556077677,-22.57560299904473,2.1538865570329486,-24.729489556077677,0.05,EXECUTABLE,21.660680919459917,22.575602999044722,19.774081143803052,12.40951063570801
S02,58,2021-07-28 10:00:00+00:00,2021-07-28 10:00:00+00:00,2021-07-28 11:30:00+00:00,LONG,39947.84389566346,39973.52,40845.366747961554,39682.904417346144,40845.366747961554,Take profit,development,2021,0.0809426515507451,24.667665832187485,70.56958752590268,3.270847494379694,67.29874003152298,0.08,EXECUTABLE,24.38038819790594,23.523195841967546,23.249246612308198,1.1645918841120873
S02,59,2021-07-31 08:15:00+00:00,2021-07-31 08:30:00+00:00,2021-07-31 11:15:00+00:00,LONG,41775.96727562085,41775.96727562085,41479.73089751659,41479.73089751659,42664.67640993365,Stop loss,development,2021,0.0735085596032583,24.83591268226629,-21.77590945653081,3.060003225735481,-24.83591268226629,0.07,EXECUTABLE,23.650495903358443,21.775909456530794,20.736546467298616,4.77299463109434
S02,60,2021-08-07 17:00:00+00:00,2021-08-07 17:00:00+00:00,2021-08-13 20:00:00+00:00,LONG,43819.84955748463,43819.84955748463,47186.98291975409,42697.47177006148,47186.98291975409,Take profit,development,2021,0.0212534731058042,24.773822900560628,71.56327835865004,0.9671056332497112,70.59617272540034,0.02,EXECUTABLE,23.312728961738532,23.854426119550002,22.447555748463056,5.897733041391174
S02,61,2021-08-16 11:15:00+00:00,2021-08-16 11:15:00+00:00,2021-08-16 12:00:00+00:00,LONG,47651.79702906083,47651.79702906083,47325.28188375668,47325.28188375668,48631.34246497327,Stop loss,development,2021,0.0667114104727277,24.95031333237413,-21.782285883947313,3.168027448426813,-24.95031333237413,0.06,EXECUTABLE,22.44022108563338,21.78228588394729,19.59090871824883,10.060363624707646
S02,62,2021-08-17 10:00:00+00:00,2021-08-17 10:00:00+00:00,2021-08-17 13:00:00+00:00,LONG,46929.96370196557,46929.96370196557,46468.39519213772,46468.39519213772,48314.66923144912,Stop loss,development,2021,0.0489662004377035,24.887937549043183,-22.601256167962575,2.2866813810806192,-24.88793754904319,0.04,EXECUTABLE,20.330707570996022,22.601256167962532,18.46274039311393,18.310998928966548
S02,63,2021-08-19 10:45:00+00:00,2021-08-19 10:45:00+00:00,2021-08-19 13:30:00+00:00,SHORT,44464.26290425223,44464.26290425223,44778.60838299107,44778.60838299107,43521.22646803571,Stop loss,development,2021,0.0691587907143999,24.825717705170582,-21.739753176117286,3.085964529053295,-24.825717705170582,0.06,EXECUTABLE,21.53801486294771,21.73975317611728,18.8607287243304,13.24313311408567
S02,64,2021-08-20 09:15:00+00:00,2021-08-20 09:30:00+00:00,2021-08-20 14:45:00+00:00,LONG,47207.98844849475,47207.98844849475,48634.735175915994,46732.406206021,48634.735175915994,Take profit,development,2021,0.0473897957884148,24.763653410907654,67.61323605428207,2.2709835501831543,65.34225250409891,0.04,EXECUTABLE,20.902097592040295,22.537745351427333,19.023289698949956,15.593643453136274
S02,65,2021-08-20 19:45:00+00:00,2021-08-20 20:00:00+00:00,2021-08-21 11:00:00+00:00,LONG,48755.286553938975,48755.286553938975,48398.63378424408,48398.63378424408,49825.24486302365,Stop loss,development,2021,0.0615132780374588,24.927009042167903,-21.938880985072014,2.988128057095889,-24.927009042167903,0.06,EXECUTABLE,24.313783791839366,21.93888098507201,21.39916618169387,2.460083555516712
S02,66,2021-08-21 16:15:00+00:00,2021-08-21 16:15:00+00:00,2021-08-21 19:15:00+00:00,LONG,49381.63227129938,49381.63227129938,49072.99091480248,49072.99091480248,50307.55634079007,Stop loss,development,2021,0.0694799342235596,24.864691519562477,-21.44438114807463,3.4203103714878536,-24.864691519562477,0.06,EXECUTABLE,21.472120085396888,21.444381148074616,18.51848138981382,13.64413240959157
S02,67,2021-08-23 09:00:00+00:00,2021-08-23 09:15:00+00:00,2021-08-23 10:00:00+00:00,LONG,50308.29214625156,50308.29214625156,50106.60141499375,50106.60141499375,50913.36434002499,Stop loss,development,2021,0.0984625215787756,24.802529790763572,-19.858977978711287,4.943551812052286,-24.802529790763572,0.09,EXECUTABLE,22.670836023459067,19.858977978711287,18.152165813203027,8.594662662589947
S02,68,2021-08-31 10:00:00+00:00,2021-08-31 10:00:00+00:00,2021-08-31 10:45:00+00:00,SHORT,47336.18269711416,47336.18269711416,47605.89921154336,47605.89921154336,46527.03315382655,Stop loss,development,2021,0.0779996662743341,24.74052346628666,-21.03779811415433,3.7027253521328936,-24.74052346628666,0.07,EXECUTABLE,22.203128876846613,21.037798114153745,18.880156010043578,10.256026283751417
S02,69,2021-09-02 10:45:00+00:00,2021-09-02 10:45:00+00:00,2021-09-02 14:30:00+00:00,LONG,50086.060540235885,50086.060540235885,49716.68783905647,49716.68783905647,51194.17864377414,Stop loss,development,2021,0.0588604772090849,24.67867215762094,-21.741453459429263,2.9372186981916864,-24.678672157620948,0.05,EXECUTABLE,20.963703768453207,21.741453459429263,18.468635058970904,15.053356053520595
S02,70,2021-09-05 14:15:00+00:00,2021-09-05 14:15:00+00:00,2021-09-05 15:30:00+00:00,LONG,50417.22521060096,50417.22521060096,50135.51915759616,50135.51915759616,51262.34336961537,Stop loss,development,2021,0.0741514417915933,24.616975477226887,-20.888909991725217,3.7280654855016664,-24.616975477226887,0.07,EXECUTABLE,23.238769763223182,20.88890999172521,19.71942371033627,5.598598882623418
S02,71,2021-09-05 17:00:00+00:00,2021-09-05 17:00:00+00:00,2021-09-05 20:45:00+00:00,LONG,50462.44641793455,50462.44641793455,51191.122686952825,50219.554328261795,51191.122686952825,Take profit,development,2021,0.0837403208304145,24.555433038533824,61.01958454909968,4.256251245199994,56.763333303899685,0.08,EXECUTABLE,23.4586472036685,20.33986151636654,19.431367173820618,4.466570934196856
S02,72,2021-09-06 07:45:00+00:00,2021-09-06 07:45:00+00:00,2021-09-06 07:45:00+00:00,LONG,51952.38771622633,51952.38771622633,51740.099135094686,51740.099135094686,52589.253459621264,Stop loss,development,2021,0.0935027837135325,24.69734137179357,-19.849573286404873,4.847768085388694,-24.69734137179357,0.09,EXECUTABLE,23.772134210157475,19.849573286404862,19.105972301848013,3.7461812091756475
S02,73,2021-09-06 11:15:00+00:00,2021-09-06 11:15:00+00:00,2021-09-06 11:15:00+00:00,LONG,51991.889458629434,51991.889458629434,51739.35216548228,51739.35216548228,52749.50133807088,Stop loss,development,2021,0.0809308876118892,24.635598018364085,-20.438067289502737,4.197530728861356,-24.635598018364092,0.08,EXECUTABLE,24.35223311673649,20.43806728950273,20.202983451772017,1.150225382864134
S02,74,2021-09-10 07:30:00+00:00,2021-09-10 07:30:00+00:00,2021-09-10 14:45:00+00:00,SHORT,46134.951446348874,46134.951446348874,44965.873141582015,46524.644214604494,44965.873141582015,Take profit,development,2021,0.0563594890143044,24.57400902331818,65.88865587436946,2.567197961278784,63.32145791309067,0.05,EXECUTABLE,21.801128304304836,21.96288529145647,19.48463841278099,11.283794664444734
S02,75,2021-09-13 07:30:00+00:00,2021-09-13 07:30:00+00:00,2021-09-13 12:00:00+00:00,SHORT,44274.89430469012,44274.89430469012,44958.48278123953,44958.48278123953,42224.12887504188,Stop loss,development,2021,0.0339633853942294,24.732312668100903,-23.216978880101887,1.5153337879990176,-24.732312668100903,0.03,EXECUTABLE,21.84615495277136,23.216978880101824,20.50765429648236,11.669582841122795
S02,76,2021-09-20 18:30:00+00:00,2021-09-20 18:30:00+00:00,2021-09-21 00:15:00+00:00,SHORT,43569.6265974422,43569.6265974422,41692.38555907514,44195.37361023122,41692.38555907514,Take profit,development,2021,0.0368419871159084,24.670481886430657,69.16129014897376,1.5706109766734215,67.59067917230034,0.03,EXECUTABLE,20.088885386785712,23.053763382991214,18.772410383670575,18.5711674410581
S02,77,2021-09-21 17:00:00+00:00,2021-09-21 17:00:00+00:00,2021-09-21 21:15:00+00:00,SHORT,42334.11963891014,42334.11963891014,40135.83422256224,43066.88144435944,40135.83422256224,Take profit,development,2021,0.0320318065655299,24.83945858436141,70.41505323228137,1.3208308047794317,69.09422242750193,0.03,EXECUTABLE,23.263869179728072,23.471684410760414,21.982854163478986,6.343090769399085
S03,1,2021-10-02 19:15:00+00:00,2021-10-02 19:15:00+00:00,2021-10-02 23:15:00+00:00,LONG,48185.73816141103,48185.73816141103,47794.96735435591,47794.96735435591,49358.050582576376,Stop loss,development,2021,0.0569786077023203,24.999999999999996,-22.265576516712596,2.7344234832874115,-25.000000000000004,0.05,EXECUTABLE,21.938057990650005,22.26557651671256,19.53854035275581,12.247768037399965
S03,2,2021-10-05 19:15:00+00:00,2021-10-05 19:15:00+00:00,2021-10-06 12:45:00+00:00,LONG,50912.265827765,50912.265827765,52581.49324423996,50355.85668894001,52581.49324423996,Take profit,development,2021,0.0410802723703624,24.937500000000004,68.57231691686779,2.125775905655315,66.44654101121247,0.04,EXECUTABLE,24.281728003333594,22.85743897228926,22.256365552999487,2.6296621420206834
S03,3,2021-10-09 10:00:00+00:00,2021-10-09 10:00:00+00:00,2021-10-09 20:00:00+00:00,LONG,54938.87894433301,54938.87894433301,54531.60422266797,54531.60422266797,56160.703109328126,Stop loss,development,2021,0.0543356601576652,25.10361635252803,-22.12954086719924,2.974075485328789,-25.10361635252803,0.05,EXECUTABLE,23.100498162426973,22.129540867199225,20.363736083251936,7.97940090372411
S03,4,2021-10-10 11:45:00+00:00,2021-10-10 11:45:00+00:00,2021-10-10 12:15:00+00:00,LONG,55310.6683412002,55310.6683412002,54829.66663519918,54829.66663519918,56753.673459203266,Stop loss,development,2021,0.0467117536845555,25.04085731164671,-22.46843321257071,2.572424099076003,-25.04085731164671,0.04,EXECUTABLE,21.442874939568863,22.46843321257069,19.240068240040856,14.368447243235549
S03,5,2021-10-11 19:45:00+00:00,2021-10-11 19:45:00+00:00,2021-10-11 20:00:00+00:00,LONG,57796.300468278605,57796.300468278605,57457.05812688558,57457.05812688558,58814.02749245767,Stop loss,development,2021,0.0629382840840086,24.97825516836759,-21.351330855918313,3.6269243124492823,-24.978255168367596,0.06,EXECUTABLE,23.812141241436304,21.3513308559183,20.354540483581367,4.668516351806873
S03,6,2021-10-13 20:00:00+00:00,2021-10-13 20:00:00+00:00,2021-10-13 20:45:00+00:00,LONG,57313.21666427136,57313.21666427136,56918.463342914576,56918.463342914576,58497.4766283417,Stop loss,development,2021,0.0551394334046529,24.91580953044667,-21.766474474217752,3.149335056228927,-24.915809530446676,0.05,EXECUTABLE,22.593458068018673,21.766474474217738,19.73766606783902,9.32079473311964
S03,7,2021-10-15 11:30:00+00:00,2021-10-15 11:45:00+00:00,2021-10-15 16:15:00+00:00,LONG,59512.32741564239,59512.32741564239,60577.28865027816,59157.34033743046,60577.28865027816,Take profit,development,2021,0.059986013970012,24.853520006620556,63.88277949838289,3.6018486934918466,60.28093080489104,0.05,EXECUTABLE,20.716095604423092,21.294259832794282,17.749353910596255,16.64723709597402
S04,1,2021-10-31 08:15:00+00:00,2021-10-31 08:15:00+00:00,2021-10-31 21:30:00+00:00,SHORT,61071.71020014047,61071.71020014047,61453.52919943812,61453.52919943812,59926.25320224753,Stop loss,development,2021,0.0564230131156594,25.0,-21.543378405179133,3.456621594820867,-25.0,0.05,EXECUTABLE,22.15408094987186,21.543378405179123,19.090949964882384,11.38367620051256
S04,2,2021-11-02 14:00:00+00:00,2021-11-02 14:00:00+00:00,2021-11-02 14:15:00+00:00,LONG,63522.4296560729,63522.4296560729,63109.44137570841,63109.44137570841,64761.39449716636,Stop loss,development,2021,0.0523562445356624,24.937499999999996,-21.62251539712579,3.3149846028742056,-24.937499999999996,0.05,EXECUTABLE,23.815210794018892,21.622515397125778,20.649414018224345,4.5004078435332495
S04,3,2021-11-02 15:45:00+00:00,2021-11-02 15:45:00+00:00,2021-11-02 18:15:00+00:00,LONG,64038.03715862807,64038.03715862807,63298.081365487735,63298.081365487735,66257.90453804907,Stop loss,development,2021,0.0309537306236457,24.87515625,-22.90439229427195,1.970763955728051,-24.87515625,0.03,EXECUTABLE,24.10871557207171,22.90439229427195,22.19867379420997,3.0811492005333285
S04,4,2021-11-05 19:45:00+00:00,2021-11-05 19:45:00+00:00,2021-11-05 22:15:00+00:00,SHORT,60968.34620460339,60968.34620460339,61268.14518158644,61268.14518158644,60068.94927365423,Stop loss,development,2021,0.0687497486969186,24.812968359374995,-20.611104327178182,4.2018640321968075,-24.812968359374995,0.06,EXECUTABLE,21.655033360568886,20.611104327178168,17.987938618983172,12.726953716575217
S04,5,2021-11-08 09:00:00+00:00,2021-11-08 09:00:00+00:00,2021-11-08 13:30:00+00:00,LONG,66319.7670193165,66319.7670193165,65579.74192273403,65579.74192273403,68539.8423090639,Stop loss,development,2021,0.0307093154409526,24.75093593847656,-22.725664125172464,2.0252718133040952,-24.75093593847656,0.03,EXECUTABLE,24.179245531604842,22.725664125172393,22.20075289747401,2.3097728841154463
S04,6,2021-11-08 15:30:00+00:00,2021-11-08 15:30:00+00:00,2021-11-08 23:15:00+00:00,LONG,65772.5694123406,65772.5694123406,67348.61059744947,65247.22235063764,67348.61059744947,Take profit,development,2021,0.0417851703051184,24.68905859863037,65.85514932765498,2.7812455889637064,63.07390373869129,0.04,EXECUTABLE,23.63427830337801,21.951716442551717,21.013882468118393,4.2722580573034685
S04,7,2021-11-15 09:00:00+00:00,2021-11-15 09:00:00+00:00,2021-11-15 14:00:00+00:00,LONG,65857.81414629878,65857.81414629878,65311.393414804836,65311.393414804836,67497.07634078062,Stop loss,development,2021,0.040598899921081,24.846743357977104,-22.18408059272673,2.662662765250378,-24.846743357977104,0.04,EXECUTABLE,24.480213410980056,22.184080592726687,21.85682925975794,1.4751629286635315
S04,8,2021-11-16 09:30:00+00:00,2021-11-16 09:30:00+00:00,2021-11-16 14:45:00+00:00,SHORT,60478.97061608131,60478.97061608131,61387.15753567475,61387.15753567475,57754.40985730096,Stop loss,development,2021,0.0255743632545287,24.784626499582156,-23.226302184694177,1.5583243148879815,-24.784626499582156,0.02,EXECUTABLE,19.382399673386434,23.22630218469412,18.16373839186883,21.79668443374282
S04,9,2021-11-16 19:00:00+00:00,2021-11-16 19:00:00+00:00,2021-11-16 19:30:00+00:00,SHORT,59935.8579743267,59935.8579743267,60587.01810269322,60587.01810269322,57982.37758922713,Stop loss,development,2021,0.0347510760156768,24.722664933333203,-22.62851511924294,2.0941498140902626,-24.722664933333203,0.03,EXECUTABLE,21.342646992151025,22.628515119242877,19.53480385099567,13.671737857940025
S04,10,2021-11-19 07:15:00+00:00,2021-11-19 07:15:00+00:00,2021-11-19 08:15:00+00:00,SHORT,56084.715040329866,56084.715040329866,56521.77983868056,56521.77983868056,54773.520645277786,Stop loss,development,2021,0.0499847091464994,24.660858270999864,-21.84655682373282,2.814301447267056,-24.66085827099987,0.04,EXECUTABLE,19.734721831607935,21.846556823732815,17.482591934027734,19.975527150183815
S04,11,2021-11-19 11:15:00+00:00,2021-11-19 11:15:00+00:00,2021-11-19 12:15:00+00:00,SHORT,56575.41164848782,56575.41164848782,57284.46340604875,57284.46340604875,54448.25637580502,Stop loss,development,2021,0.0321146135515546,24.599206125322368,-22.77092318212,1.8282829432023695,-24.599206125322368,0.03,EXECUTABLE,22.97945085264609,22.770923182119972,21.271552726828013,6.584583520396237
S04,12,2021-11-22 10:00:00+00:00,2021-11-22 10:00:00+00:00,2021-11-22 12:15:00+00:00,SHORT,57181.42846291042,57181.42846291042,57704.81614835832,57704.81614835832,55611.26540656674,Stop loss,development,2021,0.0422458791483757,24.537708110009063,-22.110972907179868,2.426735202829197,-24.537708110009063,0.04,EXECUTABLE,23.233232310141194,22.110972907179843,20.935507417915797,5.31620880817213
S04,13,2021-11-22 13:15:00+00:00,2021-11-22 13:15:00+00:00,2021-11-22 13:30:00+00:00,SHORT,56860.82415961929,56860.82415961929,57551.60336152283,57551.60336152283,54788.48655390867,Stop loss,development,2021,0.0327230495771128,24.476363839734045,-22.604402070727968,1.8719617690060792,-24.476363839734045,0.03,EXECUTABLE,22.439562469923345,22.604402070727968,20.723376057106215,8.321503075976633
S04,14,2021-11-22 17:45:00+00:00,2021-11-22 17:45:00+00:00,2021-11-22 19:30:00+00:00,SHORT,57359.47298427008,57359.47298427008,56106.95774832117,57776.97806291971,56106.95774832117,Take profit,development,2021,0.0513924329480568,24.41517293013471,64.36980527992378,2.915657966640014,61.454147313284146,0.05,EXECUTABLE,23.753665208661687,21.456601759974216,20.875253932481428,2.709412394358046
S04,15,2021-11-23 11:45:00+00:00,2021-11-23 11:45:00+00:00,2021-11-23 13:00:00+00:00,SHORT,56029.067178258374,56029.067178258374,56597.06128696648,56597.06128696648,54325.084852134045,Stop loss,development,2021,0.0393537177903785,24.56880829841792,-22.35267986069623,2.2161284377216877,-24.56880829841792,0.03,EXECUTABLE,18.72921518822145,22.35267986069623,17.039823261243072,23.76832054394965
S05,1,2021-12-05 15:15:00+00:00,2021-12-05 15:15:00+00:00,2021-12-05 17:30:00+00:00,SHORT,48600.39591492855,48600.39591492855,49311.19634028579,49311.19634028579,46467.99463885684,Stop loss,development,2021,0.0329052915830564,25.0,-23.389095253740415,1.6109047462595802,-25.0,0.03,EXECUTABLE,22.792686644545345,23.389095253740372,21.324012760717086,8.829253421818617
S05,2,2021-12-05 19:15:00+00:00,2021-12-05 19:15:00+00:00,2021-12-05 23:00:00+00:00,SHORT,48628.57084102464,48628.57084102464,49457.39663590144,49457.39663590144,46142.09345639424,Stop loss,development,2021,0.0284068651346002,24.9375,-23.544342575143087,1.3931574248569107,-24.9375,0.02,EXECUTABLE,17.55737557230528,23.54434257514308,16.57651589753601,29.594483920580338
S05,3,2021-12-09 14:30:00+00:00,2021-12-09 14:30:00+00:00,2021-12-09 20:00:00+00:00,SHORT,49010.81287814558,49010.81287814558,47441.826050329335,49533.808487417664,47441.826050329335,Take profit,development,2021,0.0434676755110822,24.875156250000003,68.20021031267885,2.0962860055652626,66.10392430711359,0.04,EXECUTABLE,22.89071679819457,22.733403437559605,20.91982437088329,7.977595926881587
S05,4,2021-12-13 07:15:00+00:00,2021-12-13 07:30:00+00:00,2021-12-13 08:45:00+00:00,SHORT,48739.39268161026,48739.39268161026,49148.21927355896,49148.21927355896,47512.91290576418,Stop loss,development,2021,0.0547008198306434,25.040416060767782,-22.363149748161955,2.6772663126058274,-25.040416060767782,0.05,EXECUTABLE,22.88851989631437,22.363149748161923,20.441329597435107,8.593691731124654
S05,5,2021-12-13 13:00:00+00:00,2021-12-13 13:00:00+00:00,2021-12-13 15:45:00+00:00,SHORT,48556.29254368003,48556.29254368003,47255.230698880594,48989.97982527985,47255.230698880594,Take profit,development,2021,0.0517717394005646,24.977815020615864,67.3582347729746,2.4801646064424956,64.87807016653173,0.05,EXECUTABLE,24.12302088921458,22.452744924325224,21.684364079991067,3.422213394949747
S05,6,2021-12-13 19:15:00+00:00,2021-12-13 19:15:00+00:00,2021-12-14 11:45:00+00:00,SHORT,47075.60676671974,47075.60676671974,47560.52293312104,47560.52293312104,45620.85826751584,Stop loss,development,2021,0.0472348614949679,25.14001019603219,-22.90494795663629,2.2350622393959023,-25.14001019603219,0.04,EXECUTABLE,21.289369250048882,22.904947956636256,19.396646656052035,15.316783549240764
S05,7,2021-12-17 10:30:00+00:00,2021-12-17 10:30:00+00:00,2021-12-17 12:15:00+00:00,SHORT,46866.23192974233,46866.23192974233,47306.90228103069,47306.90228103069,45544.22087587725,Stop loss,development,2021,0.0514132331595105,25.07716017054211,-22.656287517271934,2.420872653270175,-25.07716017054211,0.05,EXECUTABLE,24.387845919687415,22.656287517271924,22.033517564418073,2.7487731711520857
S05,8,2021-12-17 14:00:00+00:00,2021-12-17 14:00:00+00:00,2021-12-17 15:00:00+00:00,SHORT,46902.55002858169,46902.55002858169,45709.210457307025,47300.32988567324,45709.210457307025,Take profit,development,2021,0.0562272845274915,25.014467270115755,67.09824361197535,2.6036539037159834,64.49458970825937,0.05,EXECUTABLE,22.244064852434146,22.366081203991754,19.888992854577737,11.075200554006404
S05,9,2021-12-17 17:45:00+00:00,2021-12-17 17:45:00+00:00,2021-12-17 19:00:00+00:00,SHORT,46682.08172947717,46682.08172947717,47107.77308209131,47107.77308209131,45405.00767163474,Stop loss,development,2021,0.0532721850141836,25.175703744386407,-22.67750849539875,2.4981952489876513,-25.175703744386407,0.05,EXECUTABLE,23.629314000996423,22.677508495398715,21.284567630707173,6.142389341290178
S05,10,2021-12-19 12:15:00+00:00,2021-12-19 12:15:00+00:00,2021-12-19 12:45:00+00:00,SHORT,46951.3820094614,46951.3820094614,47246.99196215441,47246.99196215441,46064.55215138236,Stop loss,development,2021,0.0732771950831559,25.112764485025444,-21.661468172008345,3.451296313017086,-25.112764485025433,0.07,EXECUTABLE,23.989639777517425,21.66146817200833,20.692696688510843,4.472326048284048
S05,11,2021-12-20 09:15:00+00:00,2021-12-20 09:15:00+00:00,2021-12-20 16:45:00+00:00,SHORT,45911.538384027,45911.538384027,46371.41646389201,46371.41646389201,44531.90414443197,Stop loss,development,2021,0.0495039810477279,25.049982573812876,-22.76579574990302,2.2841868239098564,-25.049982573812876,0.04,EXECUTABLE,20.240782291558837,22.76579574990302,18.395123194600455,19.19841767587317
S05,12,2021-12-27 17:15:00+00:00,2021-12-27 17:15:00+00:00,2021-12-27 19:45:00+00:00,LONG,51629.14854107346,51629.14854107346,51412.935835706136,51412.935835706136,52277.786657175435,Stop loss,development,2021,0.0933291295755629,24.987357617378343,-20.178943595110063,4.808414022268275,-24.987357617378343,0.09,EXECUTABLE,24.096037280014322,20.178943595110063,19.459143483059233,3.5670852076976733
S05,13,2022-01-03 16:00:00+00:00,2022-01-03 16:00:00+00:00,2022-01-04 13:45:00+00:00,SHORT,46579.056244564184,46579.056244564184,46988.565021743256,46988.565021743256,45350.52991302697,Stop loss,development,2022,0.0546247953376618,24.924889223334898,-22.369333142382946,2.55555608095195,-24.924889223334898,0.05,EXECUTABLE,22.81462939061128,22.36933314238292,20.475438858953567,8.466476275240463
S06,1,2022-01-14 08:15:00+00:00,2022-01-14 08:30:00+00:00,2022-01-14 14:45:00+00:00,SHORT,42387.95059556617,42387.95059556617,42748.1676177353,42748.1676177353,41307.29952905879,Stop loss,development,2022,0.0620678400521073,24.999999999999996,-22.357892516039755,2.642107483960249,-25.000000000000004,0.06,EXECUTABLE,24.16710487654665,22.357892516039744,21.613021330147603,3.331580493813391
S06,2,2022-01-17 08:00:00+00:00,2022-01-17 08:00:00+00:00,2022-01-17 09:45:00+00:00,SHORT,42648.536105073865,42648.536105073865,42932.56557970454,42932.56557970454,41796.44768118184,Stop loss,development,2022,0.0763034638526312,24.937499999999996,-21.672432750563573,3.2650672494364223,-24.937499999999996,0.07,EXECUTABLE,22.87740178311453,21.672432750563573,19.88206322414728,8.261045481244988
S06,3,2022-01-17 16:15:00+00:00,2022-01-17 16:15:00+00:00,2022-01-20 14:30:00+00:00,SHORT,42189.445205208576,42189.445205208576,42698.96917916567,42698.96917916567,40660.873283337285,Stop loss,development,2022,0.0450662866076918,24.87515625,-22.96235344384064,1.91280280615936,-24.87515625,0.04,EXECUTABLE,22.07872724597138,22.962353443840627,20.38095895828388,11.24185502966889
S06,4,2022-01-21 11:15:00+00:00,2022-01-21 11:15:00+00:00,2022-01-21 12:30:00+00:00,SHORT,38768.595962061,38768.595962061,37816.12539297597,39086.08615175601,37816.12539297597,Take profit,development,2022,0.0696176989583765,24.812968359375,66.30880934527528,2.6658260380530567,63.642983307222224,0.06,EXECUTABLE,21.385051845115143,22.102936448425087,19.04941138170063,13.815019890454572
S06,5,2022-01-21 17:15:00+00:00,2022-01-21 17:15:00+00:00,2022-01-21 21:45:00+00:00,SHORT,38433.839551331694,38433.839551331694,37244.992821307045,38830.12179467324,37244.992821307045,Take profit,development,2022,0.0574183929583491,24.972075817643052,68.26166871180372,2.1726784679006044,66.08899024390313,0.05,EXECUTABLE,21.745711200727634,22.75388957060121,19.814112167077475,12.919889561747834
S06,6,2022-01-22 07:30:00+00:00,2022-01-22 07:30:00+00:00,2022-01-22 13:15:00+00:00,SHORT,35253.947444690595,35253.947444690595,35956.680221237606,35956.680221237606,33145.74911504956,Stop loss,development,2022,0.0340457828476873,25.13729829325281,-23.92508751027195,1.2122107829808555,-25.13729829325281,0.03,EXECUTABLE,22.150142711399305,23.925087510271894,21.081983296410325,11.883359727068598
S06,7,2022-01-22 15:00:00+00:00,2022-01-22 15:15:00+00:00,2022-01-23 07:30:00+00:00,SHORT,34982.44265316811,34982.44265316811,35739.51938732755,35739.51938732755,32711.21245068979,Stop loss,development,2022,0.0316421777600955,25.074455047519677,-23.95555660030563,1.118898447214048,-25.074455047519677,0.03,EXECUTABLE,23.773131455390697,23.95555660030557,22.712302024783202,5.1898379831696655
S06,8,2022-01-23 19:00:00+00:00,2022-01-23 19:15:00+00:00,2022-01-23 20:00:00+00:00,SHORT,34862.503216087214,34862.503216087214,35272.77713565115,35272.77713565115,33631.6814573954,Stop loss,development,2022,0.0561631142723669,25.01176890990088,-23.042261027441292,1.969507882459588,-25.01176890990088,0.05,EXECUTABLE,22.26707798699034,23.042261027441256,20.51369597819685,10.973597800290147
S06,9,2022-01-31 11:45:00+00:00,2022-01-31 11:45:00+00:00,2022-01-31 11:45:00+00:00,SHORT,36974.87285886144,36974.87285886144,37289.82856455424,37289.82856455424,36030.00574178303,Stop loss,development,2022,0.0708607947182457,24.949239487626127,-22.318011606437892,2.6312278811882353,-24.949239487626127,0.07,EXECUTABLE,24.64616394831573,22.318011606437885,22.046899398496173,1.2147686484019316
S06,10,2022-02-01 08:15:00+00:00,2022-02-01 08:15:00+00:00,2022-02-01 09:30:00+00:00,LONG,38597.17481967705,38597.17481967705,38378.6607212918,38378.6607212918,39252.71711483279,Stop loss,development,2022,0.0968352963185578,24.88686638890706,-21.15987746691791,3.726988921989149,-24.88686638890706,0.09,EXECUTABLE,23.13018145401585,21.15987746691789,19.666268854672236,7.058682710147157
S06,11,2022-02-01 12:30:00+00:00,2022-02-01 12:30:00+00:00,2022-02-01 14:45:00+00:00,LONG,38641.206835030054,38641.206835030054,38366.732659879766,38366.732659879766,39464.62936048092,Stop loss,development,2022,0.0793175166625311,24.824649222934788,-21.770609960917447,3.0540392620173495,-24.824649222934795,0.07,EXECUTABLE,21.908470142841995,21.770609960917444,19.213192260520156,11.747110921505454
S06,12,2022-02-01 16:15:00+00:00,2022-02-01 16:30:00+00:00,2022-02-02 06:30:00+00:00,LONG,39013.71863735102,39013.71863735102,38270.79545059592,38270.79545059592,41242.48819761632,Stop loss,development,2022,0.0316833194153393,24.762587599877453,-23.538272627023595,1.224314972853858,-24.762587599877453,0.03,EXECUTABLE,23.446963313972198,23.538272627023566,22.287695602652967,5.312951566950808
S06,13,2022-02-03 17:00:00+00:00,2022-02-03 17:00:00+00:00,2022-02-03 21:30:00+00:00,SHORT,36698.3767998024,36698.3767998024,36968.122800790385,36968.122800790385,35889.13879683844,Stop loss,development,2022,0.0805686655811403,24.70068113087775,-21.733075345451063,2.9676057854266835,-24.70068113087775,0.08,EXECUTABLE,24.526340063062676,21.73307534545106,21.579680079038955,0.7058148189975855
S06,14,2022-02-06 17:30:00+00:00,2022-02-06 17:30:00+00:00,2022-02-06 17:30:00+00:00,LONG,41755.100099016694,41755.100099016694,41611.369603933235,41611.369603933235,42186.29158426707,Stop loss,development,2022,0.1328862184946982,24.63892942805056,-19.099801974011637,5.539127454038923,-24.63892942805056,0.13,EXECUTABLE,24.103784891541377,19.099801974011633,18.684964360849627,2.1719471946696656
S06,15,2022-02-06 20:00:00+00:00,2022-02-06 20:00:00+00:00,2022-02-06 20:45:00+00:00,LONG,41775.25716384712,41775.25716384712,41616.15134461151,41616.15134461151,42252.57462155394,Stop loss,development,2022,0.122396143601592,24.577332104480433,-19.47393869901027,5.103393405470164,-24.577332104480433,0.12,EXECUTABLE,24.096182818780335,19.47393869901026,19.092698308272812,1.9576953416045706
S06,16,2022-02-07 11:15:00+00:00,2022-02-07 11:15:00+00:00,2022-02-07 14:30:00+00:00,LONG,42740.20988792951,42740.20988792951,43386.43820687211,42524.800448281974,43386.43820687211,Take profit,development,2022,0.0950073787102125,24.51588877421923,61.39645863104376,4.0913335362920105,57.305125094751745,0.09,EXECUTABLE,23.223775033407566,20.465486210347915,19.38684956827805,5.270515593831715
S06,17,2022-02-10 10:15:00+00:00,2022-02-10 10:15:00+00:00,2022-02-10 13:30:00+00:00,LONG,44604.28669327969,44604.28669327969,44306.11322688122,44306.11322688122,45498.807092475094,Stop loss,development,2022,0.0719704858587378,24.65915158695611,-21.459689246881787,3.1994623400743336,-24.659151586956117,0.07,EXECUTABLE,23.9840066450984,21.459689246881773,20.872142647892762,2.7379082345024397
S06,18,2022-02-10 17:15:00+00:00,2022-02-10 17:15:00+00:00,2022-02-10 17:45:00+00:00,LONG,45722.572012069584,45722.572012069584,45100.121951721674,45100.121951721674,47589.922193113314,Stop loss,development,2022,0.0368302516630398,24.59750370798872,-22.92499237028788,1.672511337700842,-24.59750370798872,0.03,EXECUTABLE,20.035842219894207,22.924992370287836,18.6735018104373,18.5452212641114
S06,19,2022-02-15 07:45:00+00:00,2022-02-15 07:45:00+00:00,2022-02-15 11:45:00+00:00,LONG,43751.37962587204,43751.37962587204,44425.86401395261,43526.55149651185,44425.86401395261,Take profit,development,2022,0.0913929878665534,24.536009948718753,61.64314349602737,4.029390879040312,57.613752616987064,0.09,EXECUTABLE,24.162038542924428,20.547714498675774,20.23453164241713,1.5241736801376415
S06,20,2022-02-15 14:15:00+00:00,2022-02-15 14:15:00+00:00,2022-02-15 15:15:00+00:00,LONG,44451.9867313428,44451.9867313428,44186.45307462879,44186.45307462879,45248.58770148484,Stop loss,development,2022,0.0796508478466324,24.680044330261214,-21.14998088908763,3.530063441174165,-24.680044330261214,0.07,EXECUTABLE,21.689701363189286,21.149980889087043,18.587355969980273,12.116440825859243
S07,1,2022-03-01 11:00:00+00:00,2022-03-01 11:00:00+00:00,2022-03-03 06:00:00+00:00,LONG,43634.50597153405,43634.50597153405,43025.866113863805,43025.866113863805,45460.42554454477,Stop loss,development,2022,0.0383453200665879,24.999999999999996,-23.338490147647907,1.66150985235209,-24.999999999999996,0.03,EXECUTABLE,19.559101311388208,23.338490147647907,18.25919573010724,21.76359475444716
S07,2,2022-03-03 14:00:00+00:00,2022-03-03 14:00:00+00:00,2022-03-03 14:30:00+00:00,LONG,44041.88075251938,44041.88075251938,43626.29698992249,43626.29698992249,45288.63204031003,Stop loss,development,2022,0.0542806508722076,24.937499999999996,-22.558157125679937,2.379342874320064,-24.937499999999996,0.05,EXECUTABLE,22.970892573405308,22.558157125679934,20.77918812984426,7.886145069051375
S07,3,2022-03-07 08:00:00+00:00,2022-03-07 08:15:00+00:00,2022-03-07 08:45:00+00:00,SHORT,37786.32809484031,37786.32809484031,38148.877620638756,38148.877620638756,36698.67951744498,Stop loss,development,2022,0.0621075965801043,24.875156249999996,-22.5170796885979,2.358076561402105,-24.875156250000003,0.06,EXECUTABLE,24.03102771937103,22.51707968859787,21.752971547906636,3.393460214461841
S07,4,2022-03-09 15:45:00+00:00,2022-03-09 15:45:00+00:00,2022-03-09 18:15:00+00:00,LONG,42450.24728266301,42450.24728266301,42093.00086934799,42093.00086934799,43521.98652260805,Stop loss,development,2022,0.0621072543342753,24.81296835937499,-22.187593851763197,2.625374507611352,-24.812968359375,0.06,EXECUTABLE,23.971082243461588,22.18759385176362,21.434784798901237,3.3929278582073286
S07,5,2022-03-09 20:00:00+00:00,2022-03-09 20:00:00+00:00,2022-03-09 20:30:00+00:00,LONG,42301.98814928619,42301.98814928619,41871.63740285525,41871.63740285525,43593.040388579,Stop loss,development,2022,0.0523898565135704,24.75093593847656,-22.54601385602471,2.204922082451848,-24.75093593847656,0.05,EXECUTABLE,23.621877960350393,22.5460138560247,21.517537321546843,4.5616779136460455
S07,6,2022-03-16 14:00:00+00:00,2022-03-16 14:00:00+00:00,2022-03-16 16:15:00+00:00,LONG,40652.88525179594,40652.88525179594,40274.55899281622,40274.55899281622,41787.864028735086,Stop loss,development,2022,0.0589533172060671,24.68905859863037,-22.303587953015903,2.3854706456144674,-24.68905859863037,0.05,EXECUTABLE,20.93949905510112,22.303587953015885,18.916312948985798,15.187130479479915
S07,7,2022-03-22 08:15:00+00:00,2022-03-22 08:15:00+00:00,2022-03-23 01:00:00+00:00,LONG,42486.754150809786,42486.754150809786,42073.41339676086,42073.41339676086,43726.77641295657,Stop loss,development,2022,0.054052259922573,24.62733595213379,-22.342001874444986,2.2853340776888063,-24.62733595213379,0.05,EXECUTABLE,22.781041891135676,22.34200187444497,20.667037702446397,7.496929690595078
S07,8,2022-03-25 09:45:00+00:00,2022-03-25 09:45:00+00:00,2022-03-25 12:30:00+00:00,LONG,44172.71428799467,44172.71428799467,44864.518607914666,43942.11284802134,44864.518607914666,Take profit,development,2022,0.0894410185417742,24.565767612253456,61.87568300524392,3.981790399175648,57.89389260606827,0.08,EXECUTABLE,21.972708283307217,20.625227668414635,18.448115197866574,10.555580309458012
S07,9,2022-03-28 09:00:00+00:00,2022-03-28 09:00:00+00:00,2022-03-28 13:45:00+00:00,LONG,47083.83040488146,47083.83040488146,47660.49647810339,46891.60838047415,47660.49647810339,Take profit,development,2022,0.1033005677412118,24.710502343768635,59.56993276092078,4.893571378635648,54.67636138228514,0.1,EXECUTABLE,23.920974379998857,19.856644253640248,19.222202440731053,3.1951109402228672
S07,10,2022-03-28 17:45:00+00:00,2022-03-28 17:45:00+00:00,2022-03-28 23:15:00+00:00,LONG,47644.09778742819,47644.09778742819,47317.13885028725,47317.13885028725,48624.97459885101,Stop loss,development,2022,0.0663583558011466,24.847193247224343,-21.696457483163137,3.150735764061203,-24.847193247224343,0.06,EXECUTABLE,22.466373327587792,21.696457483163115,19.617536228456302,9.581846512593572
S07,11,2022-04-03 09:45:00+00:00,2022-04-03 09:45:00+00:00,2022-04-03 10:30:00+00:00,LONG,46450.37334814197,46450.37334814197,46198.186607432115,46198.186607432115,47206.93357027153,Stop loss,development,2022,0.0830290124867487,24.78507526410629,-20.93881604339096,3.846259220715325,-24.78507526410629,0.08,EXECUTABLE,23.880881655011326,20.938816043390954,20.17493925678835,3.648137435371912
S07,12,2022-04-06 10:15:00+00:00,2022-04-06 10:15:00+00:00,2022-04-06 10:15:00+00:00,SHORT,45193.96332255473,45193.96332255473,45388.06670978108,45388.06670978108,44611.65316087568,Stop loss,development,2022,0.1032735617222171,24.72311257594602,-20.045748141211934,4.677364434734081,-24.72311257594602,0.1,EXECUTABLE,23.939440224251868,20.045748141211927,19.41033872263506,3.169796478039799
S07,13,2022-04-06 13:45:00+00:00,2022-04-06 13:45:00+00:00,2022-04-06 18:15:00+00:00,SHORT,44561.47515233312,44561.47515233312,43264.92243732991,44993.659390667526,43264.92243732991,Take profit,development,2022,0.0517049887530886,24.661304794506155,67.03824354702769,2.270531449798908,64.76771209722878,0.05,EXECUTABLE,23.848090280295256,22.346081182342555,21.609211916720234,3.297532393306535
S07,14,2022-04-08 13:00:00+00:00,2022-04-08 13:00:00+00:00,2022-04-08 14:15:00+00:00,SHORT,43109.65189640065,43109.65189640065,43449.13241439741,43449.13241439741,42091.21034241035,Stop loss,development,2022,0.0648532498214894,24.823224074749223,-22.016414843172928,2.806809231576305,-24.82322407474923,0.06,EXECUTABLE,22.965594609129923,22.016414843172903,20.368831079805968,7.483433497701553
S07,15,2022-04-08 17:15:00+00:00,2022-04-08 17:15:00+00:00,2022-04-11 10:00:00+00:00,SHORT,43045.5084988183,43045.5084988183,41238.465981092835,43647.85600472679,41238.465981092835,Take profit,development,2022,0.0383481320857369,24.76116601456236,69.29670515427874,1.6160664930332556,67.68063866124548,0.03,EXECUTABLE,19.370825644807844,23.098901718092904,18.070425177254656,21.76933172930704
S07,16,2022-04-11 16:00:00+00:00,2022-04-11 16:15:00+00:00,2022-04-11 22:00:00+00:00,SHORT,40529.20737371082,40529.20737371082,39235.05797937316,40960.59050515671,39235.05797937316,Take profit,development,2022,0.0528042522509601,24.93036761121547,68.33659106903318,2.105946194158382,66.2306448748748,0.05,EXECUTABLE,23.606401519266075,22.778863689677728,21.56915657229438,5.310656114648626
S07,17,2022-04-12 19:15:00+00:00,2022-04-12 19:15:00+00:00,2022-04-12 22:30:00+00:00,SHORT,39468.74552135012,39468.74552135012,39825.12791459949,39825.12791459949,38399.59834160202,Stop loss,development,2022,0.0633689030695581,25.095944223402658,-22.583561333516407,2.5123828898862515,-25.09594422340266,0.06,EXECUTABLE,23.761759798040636,22.583561333516386,21.382943594962125,5.316334836757641
S07,18,2022-04-17 18:00:00+00:00,2022-04-17 18:00:00+00:00,2022-04-17 19:45:00+00:00,SHORT,40061.34040181803,40061.34040181803,40262.70839272789,40262.70839272789,39457.23642908846,Stop loss,development,2022,0.1036442792876564,25.03320436284415,-20.87064028945552,4.162564073388632,-25.03320436284415,0.1,EXECUTABLE,24.15300153071304,20.87064028945551,20.136799090985733,3.5161412792904745
S07,19,2022-04-20 09:45:00+00:00,2022-04-20 09:45:00+00:00,2022-04-20 10:00:00+00:00,LONG,41642.34839203283,41648.28,41472.556431868674,41472.556431868674,42175.450704393974,Stop loss,development,2022,0.1181485249832164,24.97062135193703,-20.7614803795038,4.910302109898243,-25.67178248940204,0.11,EXECUTABLE,23.24843538337246,20.761480379503784,19.329592494445752,6.8968486778603015
S07,20,2022-04-24 13:15:00+00:00,2022-04-24 13:30:00+00:00,2022-04-24 13:45:00+00:00,SHORT,39452.747403787675,39452.747403787675,39620.66038484931,39620.66038484931,38949.00846060277,Stop loss,development,2022,0.1200601577245183,24.906441895713535,-20.159658990254076,4.746782905459458,-24.906441895713535,0.12,EXECUTABLE,24.893962194714547,20.159658990254066,20.149557727396314,0.05010631808125554
S07,21,2022-04-24 16:45:00+00:00,2022-04-24 16:45:00+00:00,2022-04-24 16:45:00+00:00,SHORT,39397.07050345944,39397.07050345944,39738.3879861622,39738.3879861622,38373.11805535118,Stop loss,development,2022,0.0652274622685914,24.84417579097425,-22.26327322460451,2.5809025663697396,-24.84417579097425,0.06,EXECUTABLE,22.853112716853914,22.263273224604497,20.47904896216525,8.01420458006773
S07,22,2022-04-25 11:15:00+00:00,2022-04-25 11:15:00+00:00,2022-04-25 11:15:00+00:00,SHORT,38367.8982881005,38367.8982881005,38554.556847598,38554.556847598,37807.92260960801,Stop loss,development,2022,0.1100839054378745,24.78206535149681,-20.54810321289312,4.233962138603692,-24.78206535149681,0.11,EXECUTABLE,24.76317657718888,20.548103212893103,20.532441544725444,0.07621953231106149
S07,23,2022-04-26 19:30:00+00:00,2022-04-26 19:30:00+00:00,2022-04-27 06:45:00+00:00,SHORT,38074.64155456018,38074.64155456018,38627.57378175926,38627.57378175926,36415.84487296293,Stop loss,development,2022,0.0418075543997335,24.72011018811807,-23.116744167991445,1.603366020126625,-24.72011018811807,0.04,EXECUTABLE,23.65133339468969,23.116744167991435,22.11728908796329,4.3235114459242885
S07,24,2022-04-29 16:45:00+00:00,2022-04-29 16:45:00+00:00,2022-05-02 04:45:00+00:00,SHORT,38475.26486551692,38475.26486551692,39117.70053793231,39117.70053793231,36547.957848270744,Stop loss,development,2022,0.0361966324217455,24.658309912647773,-23.25400788903684,1.4043020236109345,-24.658309912647773,0.03,EXECUTABLE,20.43696465351349,23.254007889036824,19.27307017246174,17.119361684107414
S07,25,2022-05-02 17:45:00+00:00,2022-05-02 17:45:00+00:00,2022-05-02 20:00:00+00:00,SHORT,38294.621230843964,38294.621230843964,38579.715076624125,38579.715076624125,37439.33969350348,Stop loss,development,2022,0.0760256762985074,24.596664137866156,-21.674452433979074,2.9222117038870836,-24.596664137866156,0.07,EXECUTABLE,22.647170975372624,21.67445243397906,19.956569204611224,7.925843730541981
S07,26,2022-05-03 18:00:00+00:00,2022-05-03 18:00:00+00:00,2022-05-04 06:00:00+00:00,SHORT,38035.07892349558,38035.07892349558,38271.034306017675,38271.034306017675,37327.2127759293,Stop loss,development,2022,0.0895090007253375,24.535172477521492,-21.120130505317395,3.415041972204097,-24.535172477521492,0.08,EXECUTABLE,21.92867513094805,21.120130505317373,18.8764306017675,10.62351344365502
S07,27,2022-05-06 10:45:00+00:00,2022-05-06 10:45:00+00:00,2022-05-06 12:30:00+00:00,SHORT,36003.96466649979,36003.96466649979,36305.451334000834,36305.451334000834,35099.50466399667,Stop loss,development,2022,0.0724847021784332,24.473834546327687,-21.853171304581327,2.620663241746361,-24.473834546327687,0.07,EXECUTABLE,23.63489628509045,21.85317130458132,21.10406672507292,3.4278987203626543
S07,28,2022-05-08 12:30:00+00:00,2022-05-08 12:30:00+00:00,2022-05-08 17:00:00+00:00,SHORT,34643.98854834945,34643.98854834945,34004.726773591196,34857.0758066022,34004.726773591196,Take profit,development,2022,0.0985025323118938,24.41264995996187,62.968903623883655,3.3810361495847303,59.58786747429892,0.09,EXECUTABLE,22.30540113872049,20.989634541294542,19.17785324274766,8.631790586836685
S07,29,2022-05-09 08:30:00+00:00,2022-05-09 08:30:00+00:00,2022-05-09 08:45:00+00:00,SHORT,33214.24923312146,33214.24923312146,33564.683067514175,33564.683067514175,32162.947729943313,Stop loss,development,2022,0.063991997343303,24.56161962864761,-22.42496099946216,2.136658629185445,-24.56161962864761,0.06,EXECUTABLE,23.029398032582026,22.424960999462147,21.02603006356294,6.238275892353884
S07,30,2022-05-09 10:45:00+00:00,2022-05-09 10:45:00+00:00,2022-05-09 16:45:00+00:00,SHORT,32990.053153910405,32990.053153910405,31635.75046256653,33441.48738435836,31635.75046256653,Take profit,development,2022,0.0505523894425364,24.500215579575997,68.46323707589067,1.63349439622851,66.82974267966216,0.05,EXECUTABLE,24.232500035854617,22.821079025296886,22.57171152239789,1.092706890075501
S08,1,2022-05-25 16:30:00+00:00,2022-05-25 16:30:00+00:00,2022-05-25 17:30:00+00:00,SHORT,29434.76601810881,29434.76601810881,29704.09592756476,29704.09592756476,28626.776289740967,Stop loss,development,2022,0.0836401979480327,24.999999999999996,-22.526806940221235,2.473193059778761,-24.999999999999996,0.08,EXECUTABLE,23.911947234302808,22.526806940221206,21.546392756475836,4.352211062788758
S08,2,2022-05-27 10:45:00+00:00,2022-05-27 10:45:00+00:00,2022-05-27 12:30:00+00:00,SHORT,28807.458919778423,28807.458919778423,29049.90432088631,29049.90432088631,28080.122716454756,Stop loss,development,2022,0.09189344741139,24.9375,-22.27914371684114,2.658356283158858,-24.9375,0.09,EXECUTABLE,24.423667445539916,22.27914371684113,21.820086099709986,2.0604814213938227
S08,3,2022-05-27 17:30:00+00:00,2022-05-27 17:45:00+00:00,2022-05-27 19:45:00+00:00,SHORT,28327.55232453692,28327.55232453692,28869.040701852307,28869.040701852307,26703.087192590767,Stop loss,development,2022,0.0436339900439061,24.87515625,-23.627298464670435,1.2478577853294108,-24.87515625,0.04,EXECUTABLE,22.80346695314338,23.62729846467054,21.659535092615553,8.328346869606573
S08,4,2022-05-30 12:15:00+00:00,2022-05-30 12:15:00+00:00,2022-05-30 12:15:00+00:00,LONG,30784.82719219168,30784.82719219168,30579.25123123327,30579.25123123327,31401.55507506692,Stop loss,development,2022,0.1050248810262847,24.812968359375,-21.590590841521475,3.2223775178539062,-24.812968359375,0.1,EXECUTABLE,23.62580001701219,21.59059084152108,20.55759609584093,4.784467239745894
S08,5,2022-05-30 17:30:00+00:00,2022-05-30 17:30:00+00:00,2022-05-30 20:00:00+00:00,LONG,30753.86108061249,30753.86108061249,30551.415677550045,30551.415677550045,31361.19728979982,Stop loss,development,2022,0.1061825135269769,24.75093593847656,-21.49616174915223,3.2547741893243285,-24.75093593847656,0.1,EXECUTABLE,23.30980414415251,21.49616174915223,20.24454030624438,5.8225345413453145
S08,6,2022-06-03 08:15:00+00:00,2022-06-03 08:15:00+00:00,2022-06-03 09:00:00+00:00,LONG,30510.14172021709,30510.14172021709,30349.71311913165,30349.71311913165,30991.4275234734,Stop loss,development,2022,0.1293579008075036,24.689058598630368,-20.7527070658966,3.936351532733773,-24.689058598630375,0.12,EXECUTABLE,22.903023420613433,20.752707065896594,19.251432130252507,7.234116160735327
S08,7,2022-06-06 08:30:00+00:00,2022-06-06 08:30:00+00:00,2022-06-06 15:15:00+00:00,LONG,31417.35153422278,31417.35153422278,31233.773863108872,31233.773863108872,31968.084547564504,Stop loss,development,2022,0.1145973260393668,24.62733595213379,-21.03751023018815,3.589825721945636,-24.62733595213379,0.11,EXECUTABLE,23.639355719383115,21.037510230188147,20.193543822529865,4.011721912069321
S08,8,2022-06-09 08:00:00+00:00,2022-06-09 08:00:00+00:00,2022-06-09 11:45:00+00:00,LONG,30468.876011453704,30468.876011453704,30308.10595418519,30308.10595418519,30951.186183259244,Stop loss,development,2022,0.1285099088530149,24.565767612253453,-20.660545405870657,3.905222206382793,-24.565767612253453,0.12,EXECUTABLE,22.93902579015996,20.66054540587065,19.292406872221616,6.621986529263069
S08,9,2022-06-12 10:00:00+00:00,2022-06-12 10:00:00+00:00,2022-06-12 12:30:00+00:00,SHORT,27405.31590636173,27405.31590636173,27549.766374553084,27549.766374553084,26971.964501787672,Stop loss,development,2022,0.1425268243868915,24.50435319322282,-20.588066512513254,3.916286680709561,-24.50435319322282,0.14,EXECUTABLE,24.069921306453494,20.588066512513244,20.223065546789442,1.772876367491616
S08,10,2022-06-12 13:30:00+00:00,2022-06-12 13:45:00+00:00,2022-06-12 14:15:00+00:00,SHORT,27258.837277723935,27258.837277723935,27468.300889104255,27468.300889104255,26630.446443582972,Stop loss,development,2022,0.1032106714371947,24.443092310239763,-21.618879972222537,2.824212338017233,-24.44309231023977,0.1,EXECUTABLE,23.682718046373495,21.618879972222526,20.94636113803208,3.1107940608141815
S08,11,2022-06-13 07:45:00+00:00,2022-06-13 07:45:00+00:00,2022-06-13 23:00:00+00:00,SHORT,24728.752783099564,24728.752783099564,22504.08452959304,25470.30886760174,22504.08452959304,Take profit,development,2022,0.0318030470161597,24.381984579464167,70.75122906162599,0.7510740728810943,70.00015498874488,0.03,EXECUTABLE,22.99966845982579,23.583743020541984,22.246682535065265,5.669415937546929
S08,12,2022-06-14 07:15:00+00:00,2022-06-14 07:15:00+00:00,2022-06-14 07:30:00+00:00,SHORT,22166.501743835528,22166.501743835528,22751.103024657892,22751.103024657892,20412.697901368436,Stop loss,development,2022,0.0404523137762924,24.556984966936035,-23.64847444584874,0.9085105210872936,-24.556984966936035,0.04,EXECUTABLE,24.282403328264472,23.648474445848702,23.384051232894564,1.1181406798972393
S08,13,2022-06-14 10:00:00+00:00,2022-06-14 10:00:00+00:00,2022-06-14 10:30:00+00:00,SHORT,22244.054336421523,22244.054336421523,22549.722654313908,22549.722654313908,21327.049382744368,Stop loss,development,2022,0.0746668406998529,24.49559250451869,-22.82328759906271,1.6723049054559898,-24.495592504518697,0.07,EXECUTABLE,22.96456444714269,22.823287599062702,21.39678225246695,6.250218512140804
S08,14,2022-06-15 08:00:00+00:00,2022-06-15 08:00:00+00:00,2022-06-15 11:30:00+00:00,SHORT,20623.758034884584,20623.758034884584,21158.41786046167,21158.41786046167,19019.77855815332,Stop loss,development,2022,0.0439822038420036,24.4343535232574,-23.515517434661614,0.9188360885957862,-24.4343535232574,0.04,EXECUTABLE,22.222036540990484,23.515517434661565,21.38639302308351,9.054125291922144
S08,15,2022-06-15 16:45:00+00:00,2022-06-15 16:45:00+00:00,2022-06-15 17:45:00+00:00,SHORT,20719.345480008174,20719.345480008174,21406.458079967284,21406.458079967284,18658.00768013086,Stop loss,development,2022,0.034416987850603,24.37326763944926,-23.64834600478885,0.724921634660284,-24.37326763944926,0.03,EXECUTABLE,21.245265052172975,23.648346004788912,20.613377998773284,12.833743236846374
S08,16,2022-06-16 09:15:00+00:00,2022-06-16 09:15:00+00:00,2022-06-18 06:45:00+00:00,SHORT,21393.727613855215,21393.727613855215,20052.991821683445,21840.63954457914,20052.991821683445,Take profit,development,2022,0.0518907656496677,24.31233447035064,69.57180678970693,1.0753510025885324,68.49645578711838,0.05,EXECUTABLE,23.42645571515703,23.190602263235636,22.345596536196172,3.643742053129262
S08,17,2022-06-18 15:00:00+00:00,2022-06-18 15:00:00+00:00,2022-06-18 18:15:00+00:00,SHORT,19016.075528343485,19016.075528343485,18373.31845349575,19230.327886626063,18373.31845349575,Take profit,development,2022,0.1049106239353467,24.48357560981844,67.43204576113413,1.9612723255996272,65.47077343553451,0.1,EXECUTABLE,23.337555999006298,22.477348587044695,21.425235828257794,4.680768973762817
S08,18,2022-06-22 12:45:00+00:00,2022-06-22 12:45:00+00:00,2022-06-22 13:45:00+00:00,SHORT,20228.830193571604,20228.830193571604,20575.64922571358,20575.64922571358,19188.37309714568,Stop loss,development,2022,0.0671182592967175,24.647252543407273,-23.277889728341695,1.369362815065578,-24.647252543407273,0.06,EXECUTABLE,22.033276311097072,23.27788972834169,20.80914192851851,10.60554813444875
S08,19,2022-06-22 19:30:00+00:00,2022-06-22 19:30:00+00:00,2022-06-23 00:15:00+00:00,SHORT,20068.66598212497,20068.66598212497,20279.15607150012,20279.15607150012,19437.195713999517,Stop loss,development,2022,0.1065863523098746,24.58563441204875,-22.43537082387685,2.150263588171907,-24.58563441204875,0.1,EXECUTABLE,23.066400040196363,22.435370823876834,21.0490089375151,6.179358020177228
S08,20,2022-06-29 11:15:00+00:00,2022-06-29 11:15:00+00:00,2022-06-29 12:15:00+00:00,SHORT,19918.92106302161,19918.92106302161,20134.88574791354,20134.88574791354,19271.027008345824,Stop loss,development,2022,0.1039196799468684,24.52417032601863,-22.44298093379559,2.081189392223041,-24.52417032601863,0.1,EXECUTABLE,23.5991588297397,22.44298093379557,21.596468489192922,3.7718360457542177
S08,21,2022-06-29 13:45:00+00:00,2022-06-29 13:45:00+00:00,2022-06-29 14:00:00+00:00,SHORT,19880.0134521487,19880.0134521487,20137.196191405204,20137.196191405204,19108.465234379193,Stop loss,development,2022,0.0882526111396003,24.462859900203583,-22.69704827942137,1.765811620782214,-24.462859900203583,0.08,EXECUTABLE,22.175307526262394,22.69704827942136,20.574619140520227,9.351124043849646
S08,22,2022-06-29 17:15:00+00:00,2022-06-29 17:15:00+00:00,2022-06-29 17:45:00+00:00,SHORT,19921.46133523766,19921.46133523766,20046.174659049364,20046.174659049364,19547.32136380254,Stop loss,development,2022,0.1686398393597069,24.401702750453072,-21.03163489362117,3.3700678568319016,-24.401702750453072,0.16,EXECUTABLE,23.151542689415887,21.03163489362117,19.954131809872926,5.1232492823230285
S08,23,2022-06-30 18:45:00+00:00,2022-06-30 19:00:00+00:00,2022-06-30 23:30:00+00:00,SHORT,18939.489265257864,18939.489265257864,19102.482938968533,19102.482938968533,18450.508244125856,Stop loss,development,2022,0.1337293299265753,24.340698493576937,-21.797034767598635,2.5436637259783,-24.340698493576937,0.13,EXECUTABLE,23.661905775661705,21.797034767598632,21.189177582386982,2.7887150325384136
S08,24,2022-07-03 08:15:00+00:00,2022-07-03 08:15:00+00:00,2022-07-03 16:30:00+00:00,SHORT,19061.785998614258,19061.785998614258,19151.23600554297,19151.23600554297,18793.43597782812,Stop loss,development,2022,0.2236608838432175,24.279846747343,-20.00646760945794,4.273379137885062,-24.279846747343,0.22,EXECUTABLE,23.882433944774217,20.00646760945794,19.67900152431692,1.636801116186104
S08,25,2022-07-07 18:30:00+00:00,2022-07-07 18:30:00+00:00,2022-07-07 19:45:00+00:00,LONG,21097.178341450737,21097.178341450737,21806.05346321179,20860.886634197053,21806.05346321179,Take profit,development,2022,0.0941387549738799,24.21914713047464,66.73262139454297,2.01942841322335,64.71319298131962,0.09,EXECUTABLE,23.15436657673571,22.244207131514305,21.266253652831544,4.396441162864595
S09,1,2022-07-22 09:15:00+00:00,2022-07-22 09:15:00+00:00,2022-07-22 16:15:00+00:00,LONG,23486.22659124406,23486.22659124406,23144.103635023752,23144.103635023752,24512.595459904984,Stop loss,development,2022,0.0684110347020662,25.0,-23.40498543036099,1.5950145696390088,-25.0,0.06,EXECUTABLE,21.926287280006534,23.404985430360966,20.527377373218478,12.294850879973861
S09,2,2022-07-26 08:15:00+00:00,2022-07-26 08:15:00+00:00,2022-07-26 09:30:00+00:00,SHORT,21011.78308074596,21011.78308074596,21128.567677016155,21128.567677016155,20661.42929193538,Stop loss,development,2022,0.1808968938955644,24.9375,-21.12597072012562,3.8115292798743816,-24.9375,0.18,EXECUTABLE,24.81385889683352,21.125970720125615,21.02122732863492,0.4958039224721045
S09,3,2022-07-26 13:15:00+00:00,2022-07-26 13:15:00+00:00,2022-07-26 21:00:00+00:00,SHORT,20873.164034575253,20873.164034575253,21083.06386169899,21083.06386169899,20243.464553204045,Stop loss,development,2022,0.1077415890600664,24.875156249999996,-22.61494091774456,2.260215332255438,-24.875156249999996,0.1,EXECUTABLE,23.08779410718733,22.614940917744544,20.989982712373603,7.185330314508742
S10,1,2022-08-05 10:30:00+00:00,2022-08-05 10:30:00+00:00,2022-08-05 12:30:00+00:00,LONG,23219.962057323966,23219.962057323966,23102.92177070413,23102.92177070413,23571.08291718347,Stop loss,development,2022,0.1783144919926167,25.0,-20.86997925128608,4.1300207487139176,-25.0,0.17,EXECUTABLE,23.834293850754296,20.869979251286072,19.896848725371893,4.6628245969828175
S10,2,2022-08-05 14:15:00+00:00,2022-08-05 14:15:00+00:00,2022-08-05 15:15:00+00:00,LONG,23309.88335315424,23309.88335315424,22977.066587383044,22977.066587383044,24308.33365046783,Stop loss,development,2022,0.0700569814989876,24.9375,-23.316138002185607,1.6213619978143932,-24.9375,0.07,EXECUTABLE,24.917216851902563,23.316138002185607,23.297173603983758,0.08133593222029445
S10,3,2022-08-08 11:45:00+00:00,2022-08-08 11:45:00+00:00,2022-08-08 13:15:00+00:00,LONG,24132.637192447462,24132.637192447462,24022.801230210134,24022.801230210134,24462.14507915946,Stop loss,development,2022,0.1857551519822657,24.87515625,-20.402595858513976,4.4725603914867,-24.87515625,0.18,EXECUTABLE,24.104462660758266,20.402595858513298,19.770473202719074,3.0982462240482844
S11,1,2022-08-19 15:00:00+00:00,2022-08-19 15:00:00+00:00,2022-08-19 16:15:00+00:00,SHORT,21317.07777953661,21317.07777953661,21507.688881853563,21507.688881853563,20745.244472585742,Stop loss,development,2022,0.1179114659097067,25.0,-22.475234492857172,2.5247655071428268,-25.0,0.11,EXECUTABLE,23.322583421241433,22.47523449285716,20.967221254864963,6.709666315034268
S11,2,2022-08-19 17:45:00+00:00,2022-08-19 18:00:00+00:00,2022-08-19 23:45:00+00:00,SHORT,21395.861948245867,21395.861948245867,20844.791171933884,21579.552207016528,20844.791171933884,Take profit,development,2022,0.1215408286991143,24.9375,66.97759882482264,2.5669819925092385,64.4106168323134,0.12,EXECUTABLE,24.62135590179506,22.32586627494087,22.042831052479304,1.2677457572128015
S11,3,2022-08-20 08:45:00+00:00,2022-08-20 08:45:00+00:00,2022-08-20 12:30:00+00:00,SHORT,21183.211098140844,21183.211098140844,21287.155607436616,21287.155607436616,20871.377570253528,Stop loss,development,2022,0.2004999853494154,25.098526542080787,-20.840872590954497,4.257653951126292,-25.098526542080787,0.2,EXECUTABLE,25.035938529712183,20.84087259095449,20.788901859154432,0.2493692698002259
S11,4,2022-08-26 15:00:00+00:00,2022-08-26 15:00:00+00:00,2022-08-27 05:00:00+00:00,SHORT,21127.46174662536,21127.46174662536,20099.387946005725,21470.15301349857,20099.387946005725,Take profit,development,2022,0.0687814915752485,25.035780225725585,70.71244945605304,1.4178221074038708,69.29462734864917,0.06,EXECUTABLE,21.83940445519639,23.570816485351006,20.561476012392667,12.767230506540194
S11,5,2022-08-29 09:00:00+00:00,2022-08-29 09:00:00+00:00,2022-08-29 09:30:00+00:00,SHORT,19796.20573108821,19796.20573108821,19860.0,19855.177075647174,19619.29169741131,Stop loss (opening gap),development,2022,0.3199234144561929,25.2090167940972,-20.40928033299697,6.343474370933494,-26.752754703930464,0.31,EXECUTABLE,24.427081148323428,18.866313906377016,18.28111681327944,3.101809373052844
S11,6,2022-08-31 17:45:00+00:00,2022-08-31 17:45:00+00:00,2022-08-31 19:00:00+00:00,SHORT,19887.699245148073,19887.699245148073,20156.203019407705,20156.203019407705,19082.187922369176,Stop loss,development,2022,0.0871400110793806,25.142134907337383,-23.39742186383987,1.7447130434975122,-25.142134907337383,0.08,EXECUTABLE,23.08205803135282,23.39742186383987,21.480301940770588,8.193722941894476
S11,7,2022-09-01 07:15:00+00:00,2022-09-01 07:30:00+00:00,2022-09-01 10:45:00+00:00,SHORT,19880.62697924343,19880.62697924343,20022.49208302628,20022.49208302628,19455.03166789487,Stop loss,development,2022,0.1549857663385715,25.079279570069033,-21.98707182648648,3.0922077435825672,-25.07927957006904,0.15,EXECUTABLE,24.272499497098195,21.987071826486467,21.279765567427965,3.2169188541352423
S11,8,2022-09-01 14:15:00+00:00,2022-09-01 14:15:00+00:00,2022-09-01 20:15:00+00:00,SHORT,19840.839745504596,19840.839745504596,20035.64101798161,20035.64101798161,19256.43592807356,Stop loss,development,2022,0.1164973368808863,25.01658137114386,-22.69382946457985,2.3227519065640188,-25.016581371143868,0.11,EXECUTABLE,23.621346414463112,22.69382946457984,21.428139972471364,5.577240694806229
S11,9,2022-09-03 19:00:00+00:00,2022-09-03 19:00:00+00:00,2022-09-03 22:15:00+00:00,SHORT,19745.080005490425,19745.080005490425,19822.6799780383,19822.6799780383,19512.280087846797,Stop loss,development,2022,0.256244123301226,24.954039917716003,-19.884536933729677,5.069502983986325,-24.954039917716003,0.25,EXECUTABLE,24.34596313491008,19.884536933729677,19.399993136968988,2.436786928333079
S11,10,2022-09-07 10:15:00+00:00,2022-09-07 10:15:00+00:00,2022-09-07 13:00:00+00:00,SHORT,18754.781944565915,18754.781944565915,18811.872221736336,18811.872221736336,18583.511113054657,Stop loss,development,2022,0.3280673834174682,24.89165481792171,-18.729457849877857,6.1621969680438555,-24.89165481792171,0.32,EXECUTABLE,24.279553361142902,18.729457849877857,18.268888694534546,2.4590629319594437
S11,11,2022-09-09 15:30:00+00:00,2022-09-09 15:30:00+00:00,2022-09-12 01:15:00+00:00,LONG,21259.396297495354,21259.396297495354,21925.34075992567,21037.41481001858,21925.34075992567,Take profit,development,2022,0.1021241171597073,24.829425680876906,68.00899030309208,2.2051015733816097,65.80388872971047,0.1,EXECUTABLE,24.312989303052955,22.669663434364026,22.198148747677262,2.079936863870746
S11,12,2022-09-12 11:30:00+00:00,2022-09-12 11:30:00+00:00,2022-09-12 15:45:00+00:00,LONG,22271.06075598657,22271.06075598657,22089.75697605371,22089.75697605371,22814.97209578515,Stop loss,development,2022,0.1228298648176776,24.99393540270118,-22.269518780087115,2.724416622614074,-24.993935402701187,0.12,EXECUTABLE,24.418102655865564,22.269518780087097,21.756453591943135,2.3038898739147107
S11,13,2022-09-12 17:30:00+00:00,2022-09-12 17:45:00+00:00,2022-09-13 00:15:00+00:00,LONG,22320.493974655205,22320.493974655205,22139.02410137918,22139.02410137918,22864.903594483283,Stop loss,development,2022,0.1223932035663061,24.931450564194428,-22.210679141024457,2.7207714231699724,-24.931450564194428,0.12,EXECUTABLE,24.443955877685216,22.210679141024446,21.776384793123142,1.9553402448605706
S11,14,2022-09-13 09:30:00+00:00,2022-09-13 09:30:00+00:00,2022-09-13 12:15:00+00:00,LONG,22365.24737499747,22365.24737499747,22776.9579999596,22228.0105000101,22776.9579999596,Take profit,development,2022,0.1558865149072016,24.869121937783945,64.18013447561155,3.5185305355636016,60.661603940048515,0.15,EXECUTABLE,23.930025588732033,21.393378158536613,20.58553124810569,3.7761540250648484
S11,15,2022-09-15 19:15:00+00:00,2022-09-15 19:15:00+00:00,2022-09-15 21:00:00+00:00,SHORT,19695.11336160137,19695.11336160137,19860.54655359453,19860.54655359453,19198.813785621885,Stop loss,development,2022,0.1350933420921687,25.02077594763406,-22.34892279933154,2.6718531483025236,-25.02077594763406,0.13,EXECUTABLE,24.07743285359868,22.348922799331525,21.506314959110934,3.7702391644835576
S11,16,2022-09-16 08:00:00+00:00,2022-09-16 08:00:00+00:00,2022-09-16 10:15:00+00:00,SHORT,19725.550935977397,19725.550935977397,19787.796256090416,19787.796256090416,19538.81497563834,Stop loss,development,2022,0.3043611853672473,24.95822400776498,-18.945059413162305,6.013164594602676,-24.95822400776498,0.3,EXECUTABLE,24.60059811271595,18.945059413162305,18.673596033905778,1.4328980096410926
S11,17,2022-09-16 15:45:00+00:00,2022-09-16 15:45:00+00:00,2022-09-16 21:15:00+00:00,SHORT,19584.12986129032,19584.12986129032,19761.480554838723,19761.480554838723,19052.077780645108,Stop loss,development,2022,0.1263596911275956,24.895828447745565,-22.409978858041175,2.485849589704388,-24.895828447745565,0.12,EXECUTABLE,23.64281985077621,22.409978858041164,21.282083225808456,5.033006230739923
S11,18,2022-09-18 14:15:00+00:00,2022-09-18 14:15:00+00:00,2022-09-18 18:15:00+00:00,SHORT,19903.25975558984,19903.25975558984,19559.15608943745,20017.960977640636,19559.15608943745,Take profit,development,2022,0.1844144582827997,24.833588876626205,63.45769118661845,3.638720020295641,59.81897116632281,0.18,EXECUTABLE,24.23912983513417,21.15256372887281,20.64621996914342,2.3937701652601118
S11,19,2022-09-20 17:45:00+00:00,2022-09-20 17:45:00+00:00,2022-09-20 19:00:00+00:00,SHORT,18796.859854888033,18796.859854888033,19064.560580447876,19064.560580447876,17993.7576782085,Stop loss,development,2022,0.0871611874558461,24.983136304542015,-23.333113122587555,1.6500231819544582,-24.983136304542015,0.08,EXECUTABLE,22.93051486220094,23.333113122587548,21.416058044787498,8.216027873041309
S11,20,2022-09-23 11:00:00+00:00,2022-09-23 11:00:00+00:00,2022-09-23 22:15:00+00:00,SHORT,18918.076017375253,18918.076017375253,19125.69593049899,19125.69593049899,18295.21627800403,Stop loss,development,2022,0.1099562329764279,24.92067846378066,-22.829103537979385,2.091574925801278,-24.92067846378066,0.1,EXECUTABLE,22.664179909767448,22.829103537979368,20.761991312373723,9.054723599490977
S11,21,2022-09-25 17:00:00+00:00,2022-09-25 17:00:00+00:00,2022-09-26 08:15:00+00:00,SHORT,18956.1253360074,18956.1253360074,19076.4986559704,19076.4986559704,18595.0053761184,Stop loss,development,2022,0.1783373441644133,24.85837676762121,-21.46705819045468,3.3913185771665355,-24.858376767621213,0.17,EXECUTABLE,23.696237433028212,21.46705819045467,20.463464393710094,4.675041115744605
S11,22,2022-09-27 10:15:00+00:00,2022-09-27 10:15:00+00:00,2022-09-27 13:00:00+00:00,LONG,20243.986051186806,20243.986051186806,20146.05579525277,20146.05579525277,20537.77681898891,Stop loss,development,2022,0.2099146896025166,24.796230825702153,-20.556999277088146,4.239231548614011,-24.796230825702153,0.2,EXECUTABLE,23.62505537145113,20.55699927708814,19.586051186807165,4.723199515617759
S11,23,2022-09-28 09:15:00+00:00,2022-09-28 09:15:00+00:00,2022-09-28 10:00:00+00:00,SHORT,18604.98569251004,18604.98569251004,18772.057229959843,18772.057229959843,18103.77108016063,Stop loss,development,2022,0.1331515525653624,24.734240248637896,-22.245834600923377,2.488405647714528,-24.734240248637903,0.13,EXECUTABLE,24.148807658434944,22.245834600923377,21.71929986847441,2.366891338961552
S11,24,2022-10-04 10:30:00+00:00,2022-10-04 10:30:00+00:00,2022-10-04 11:30:00+00:00,LONG,19996.78642240137,19996.78642240137,19883.85431039453,19883.85431039453,20335.58275842188,Stop loss,development,2022,0.1856849024838502,24.672404648016304,-20.969788205284967,3.702616442731337,-24.672404648016304,0.18,EXECUTABLE,23.917037827182476,20.96978820528496,20.327780161230837,3.0615857335760777
S11,25,2022-10-04 13:00:00+00:00,2022-10-04 13:00:00+00:00,2022-10-04 14:00:00+00:00,LONG,19989.23290834774,19989.23290834774,20253.726533563888,19901.068366609023,20253.726533563888,Take profit,development,2022,0.2276458576050454,24.610723636396266,60.21087814339703,4.580571507359517,55.63030663603752,0.22,EXECUTABLE,23.784132322762623,20.070292714466504,19.396199182518178,3.3586631821390767
S11,26,2022-10-05 19:00:00+00:00,2022-10-05 19:00:00+00:00,2022-10-05 19:45:00+00:00,LONG,20274.329923121462,20276.0,20132.68030751413,20132.68030751413,20705.959077457617,Stop loss,development,2022,0.152915181940771,24.74979940298636,-21.915756852172343,3.089550350604987,-25.00530720277733,0.15,EXECUTABLE,24.277968108398245,21.915756852172343,21.49795387288068,1.9064045203177726
S11,27,2022-10-10 14:00:00+00:00,2022-10-10 14:00:00+00:00,2022-10-11 00:00:00+00:00,SHORT,19297.675651371792,19297.675651371792,18977.81042194868,19404.29739451283,18977.81042194868,Take profit,development,2022,0.1959732570758013,24.687286134979413,62.68503083534544,3.750485835974045,58.93454499937139,0.19,EXECUTABLE,23.934818636156045,20.89501027844847,20.258131196797002,3.0479960199318756
S11,28,2022-10-11 09:45:00+00:00,2022-10-11 09:45:00+00:00,2022-10-11 11:00:00+00:00,SHORT,19040.14130803297,19040.14130803297,19109.43476786813,19109.43476786813,18832.2609285275,Stop loss,development,2022,0.2810355879539243,24.83462249747784,-19.47392822613592,5.360694271341916,-24.83462249747784,0.28,EXECUTABLE,24.743109404471053,19.473928226135918,19.40216875384489,0.36848997006531103
S11,29,2022-10-13 07:15:00+00:00,2022-10-13 07:30:00+00:00,2022-10-13 10:15:00+00:00,SHORT,19000.596208364004,19000.596208364004,18763.53933382407,19079.615166543983,18763.53933382407,Take profit,development,2022,0.2526287215501512,24.77253594123415,59.88737514969862,4.770152641234801,55.117222508463826,0.25,EXECUTABLE,24.514765966858178,19.96245838323287,19.754739544994663,1.0405473827445832
S11,30,2022-10-16 14:30:00+00:00,2022-10-16 14:30:00+00:00,2022-10-16 14:45:00+00:00,SHORT,19118.135881041308,19118.0,19137.45647583477,19137.45647583477,19059.630572495706,Stop loss,development,2022,0.5211874034686729,24.910328997505314,-10.14047012097458,9.969131014574575,-20.109601135549152,0.52,EXECUTABLE,24.85357664535604,10.14047012097458,10.117367434080224,0.22782658613202944
S11,31,2022-10-17 19:45:00+00:00,2022-10-17 19:45:00+00:00,2022-10-17 22:30:00+00:00,LONG,19551.50559105688,19551.50559105688,19483.977635772477,19483.977635772477,19754.089456910093,Stop loss,development,2022,0.2855977478570732,24.86005499466643,-19.28583194661893,5.574223048047511,-24.86005499466644,0.28,EXECUTABLE,24.372795131389225,19.28583194661893,18.907827479633127,1.9600112042461038
S11,32,2022-10-21 12:00:00+00:00,2022-10-21 12:00:00+00:00,2022-10-21 12:00:00+00:00,SHORT,18939.064097983723,18939.064097983723,18721.02556773956,19011.74360806511,18721.02556773956,Take profit,development,2022,0.2705572870312796,24.797904857179773,58.99191321114779,5.094605844656412,53.89730736649138,0.27,EXECUTABLE,24.74682676229108,19.663971070382598,19.623467721974485,0.20597746133341754
S11,33,2022-10-23 10:45:00+00:00,2022-10-23 10:45:00+00:00,2022-10-23 12:15:00+00:00,SHORT,19168.547210983725,19168.547210983725,19125.755375739605,19182.811156065098,19125.755375739605,Take profit,development,2022,0.5202824783989765,24.932648125596007,22.26384209605105,9.961927329190374,12.301914766860676,0.52,EXECUTABLE,24.91911137427885,7.421280698683684,7.41725144231401,0.05429327542332274
S11,34,2022-10-26 07:30:00+00:00,2022-10-26 07:45:00+00:00,2022-10-26 14:15:00+00:00,LONG,20350.078163377468,20350.078163377468,20810.250614039494,20196.687346490125,20810.250614039494,Take profit,development,2022,0.1437452449263249,24.963402912513157,66.14760162876019,2.95830077067893,63.18930085808125,0.14,EXECUTABLE,24.31298794991865,22.04920054292006,21.474714364227914,2.6054739607174304
S11,35,2022-10-28 16:30:00+00:00,2022-10-28 16:30:00+00:00,2022-10-31 13:45:00+00:00,LONG,20705.55450213351,20705.55450213351,20435.781991465963,20435.781991465963,21514.872034136148,Stop loss,development,2022,0.0865230457921982,25.12137616465835,-23.341539293964377,1.7798368706939716,-25.12137616465835,0.08,EXECUTABLE,23.227454313147675,23.341539293964374,21.581800853403692,7.539084798129458
S11,36,2022-11-01 09:45:00+00:00,2022-11-01 09:45:00+00:00,2022-11-01 11:15:00+00:00,LONG,20628.00972660421,20628.00972660421,20534.96109358316,20534.96109358316,20907.15562566735,Stop loss,development,2022,0.2205275596841966,25.058572724246705,-20.519787972082845,4.538784752163858,-25.058572724246705,0.22,EXECUTABLE,24.99862605485195,20.51978797208284,20.47069926463133,0.23922619238705423
S11,37,2022-11-04 18:30:00+00:00,2022-11-04 18:30:00+00:00,2022-11-07 07:45:00+00:00,LONG,20951.583972919816,20951.583972919816,20697.664108320732,20697.664108320732,21713.343566717067,Stop loss,development,2022,0.0909788087695378,24.995926292436092,-23.10132680414698,1.8945994882891128,-24.995926292436092,0.09,EXECUTABLE,24.727003977573368,23.101326804146964,22.85278781391753,1.075864569756313
S11,38,2022-11-08 14:00:00+00:00,2022-11-08 14:00:00+00:00,2022-11-08 16:00:00+00:00,SHORT,19521.235229267164,19521.235229267164,19692.059082931344,19692.059082931344,19008.763668274623,Stop loss,development,2022,0.1309319482399311,24.933436476705,-22.36629996610402,2.5671365106009816,-24.933436476705,0.13,EXECUTABLE,24.755965106636346,22.366299966104005,22.207100976343426,0.71178062532401
S11,39,2022-11-08 18:00:00+00:00,2022-11-08 18:00:00+00:00,2022-11-08 19:30:00+00:00,SHORT,19327.155745340748,19327.155745340748,17265.491925451963,20014.37701863701,17265.491925451963,Take profit,development,2022,0.0351837359730823,24.87110288551324,72.53703550422347,0.6437330271025993,71.89330247712087,0.03,EXECUTABLE,21.20676119034756,24.179011834741104,20.61663819888785,14.733330130285704
S11,40,2022-11-09 08:15:00+00:00,2022-11-09 08:15:00+00:00,2022-11-09 10:00:00+00:00,SHORT,18102.55859448659,18102.55859448659,17408.93751178542,18333.765622053645,17408.93751178542,Take profit,development,2022,0.1004342671817326,25.05083614170604,69.66332514289175,1.7832855439801918,67.88003959891155,0.1,EXECUTABLE,24.942518967532617,23.221108380963894,23.12070275670558,0.4323894562269226
S11,41,2022-11-09 17:30:00+00:00,2022-11-09 17:30:00+00:00,2022-11-09 22:00:00+00:00,SHORT,16862.321829743218,16862.321829743218,15751.149275891472,17232.712681027133,15751.149275891472,Take profit,development,2022,0.0650956082016049,25.22053624070332,72.33245320991,1.0614968685933794,71.27095634131662,0.06,EXECUTABLE,23.246302112358038,24.110817736636655,22.223451077034916,7.827883235722299
S11,42,2022-11-13 17:15:00+00:00,2022-11-13 17:15:00+00:00,2022-11-14 00:15:00+00:00,SHORT,16513.554262877486,16513.554262877486,16260.86820603976,16597.78294849006,16260.86820603976,Take profit,development,2022,0.2520104814736734,25.398713631556607,63.67953484535912,4.129748993206708,59.54978585215241,0.25,EXECUTABLE,25.19608855456466,21.226511615119854,21.05717140314391,0.7977769265455792
S11,43,2022-11-14 19:45:00+00:00,2022-11-14 19:45:00+00:00,2022-11-14 23:15:00+00:00,SHORT,16409.13848056654,16409.13848056654,16571.44607773384,16571.44607773384,15922.215689064644,Stop loss,development,2022,0.1428852889443006,25.547588096186992,-23.191367919104646,2.3562201770823457,-25.547588096186992,0.14,EXECUTABLE,25.031704522502874,23.19136791910464,22.723063603421835,2.0193044123844928
S11,44,2022-11-16 12:15:00+00:00,2022-11-16 12:15:00+00:00,2022-11-16 23:00:00+00:00,SHORT,16617.530582475574,16617.530582475574,16737.877670097707,16737.877670097707,16256.489319609176,Stop loss,development,2022,0.1859788933139575,25.48371912594652,-22.38201816952211,3.101700956424412,-25.48371912594652,0.18,EXECUTABLE,24.664462514715474,22.38201816952211,21.662475771983882,3.214823578858672
S11,45,2022-11-21 12:15:00+00:00,2022-11-21 12:30:00+00:00,2022-11-21 12:30:00+00:00,SHORT,16010.225193500404,16010.225193500404,16077.09922599838,16077.09922599838,15809.603096006478,Stop loss,development,2022,0.3065691818583988,25.42000982813165,-20.501517430476277,4.918492397655382,-25.420009828131658,0.3,EXECUTABLE,24.875308412317413,20.501517430476277,20.062209749392604,2.1428056853519784
S11,46,2022-11-21 16:30:00+00:00,2022-11-21 16:30:00+00:00,2022-11-22 13:45:00+00:00,SHORT,15960.040703979255,15960.040703979255,16128.837184082971,16128.837184082971,15453.65126366811,Stop loss,development,2022,0.1371799054786747,25.356459803561325,-23.15548518576052,2.2009746178005565,-25.356459803561325,0.13,EXECUTABLE,24.02931947620714,23.15548518576076,21.943542413483083,5.233933828443149
S12,1,2022-12-18 14:30:00+00:00,2022-12-18 14:45:00+00:00,2022-12-18 18:00:00+00:00,SHORT,16694.315262943728,16694.315262943728,16724.73894822508,16724.73894822508,16603.044207099672,Stop loss,development,2022,0.5304115449370286,24.999999999999996,-16.137073912759817,8.86292608724018,-24.999999999999996,0.53,EXECUTABLE,24.98060256507626,16.137073912759817,16.124553199116527,0.07758973969493876
S12,2,2022-12-19 16:30:00+00:00,2022-12-19 16:30:00+00:00,2022-12-19 22:30:00+00:00,SHORT,16614.443745799286,16614.443745799286,16363.09993278858,16698.225016802855,16363.09993278858,Take profit,development,2022,0.2482884762578844,24.937500000000004,62.40577234927483,4.093972035342205,58.31180031393262,0.24,EXECUTABLE,24.105025292368747,20.801924116424942,20.107505040856484,3.33824444162909
S12,3,2022-12-21 08:00:00+00:00,2022-12-21 08:00:00+00:00,2022-12-21 08:30:00+00:00,SHORT,16817.937415825585,16817.937415825585,16839.25033669766,16839.25033669766,16753.99865320936,Stop loss,development,2022,0.59658396581216,25.083279500784837,-12.714946856903117,10.03966927374239,-22.754616130645505,0.59,EXECUTABLE,24.80645768834273,12.714946856903117,12.574623314524105,1.1036109230989744
S12,4,2022-12-21 17:00:00+00:00,2022-12-21 17:00:00+00:00,2022-12-22 00:45:00+00:00,SHORT,16784.47053813619,16784.47053813619,16839.11784745525,16839.11784745525,16620.528610179004,Stop loss,development,2022,0.3502198002848656,25.026392960458217,-19.13856975582703,5.887823204631182,-25.026392960458217,0.35,EXECUTABLE,25.01068622915007,19.13856975582703,19.126558261671562,0.06276066763981625
S12,5,2022-12-25 18:00:00+00:00,2022-12-25 18:00:00+00:00,2022-12-25 19:00:00+00:00,SHORT,16794.313674447396,16794.0,16746.764093368773,16809.74530221041,16746.764093368773,Take profit,development,2022,0.5945780806997697,24.96382697805707,28.085434704908717,9.97130156991948,18.11413313498924,0.59,EXECUTABLE,24.771612669809905,9.361811568302905,9.28972830414139,0.7699713205676417
S12,6,2022-12-26 15:00:00+00:00,2022-12-26 15:15:00+00:00,2022-12-26 19:15:00+00:00,SHORT,16826.642754495104,16826.642754495104,16842.428982019585,16842.428982019585,16779.284071921662,Stop loss,development,2022,0.5945122310084954,25.009112310894547,-9.3851053447867,10.00833747703021,-19.393442821816915,0.59,EXECUTABLE,24.81929806288028,9.3851053447867,9.313874239443575,0.7589803494607916
S12,7,2022-12-27 17:30:00+00:00,2022-12-27 17:30:00+00:00,2022-12-27 19:15:00+00:00,SHORT,16732.92206518961,16732.92206518961,16602.753043033776,16776.311739241555,16602.753043033776,Take profit,development,2022,0.4150124360575465,24.96062870384001,54.0217629841217,6.917359867143353,47.104403116978354,0.41,EXECUTABLE,24.659159291205807,18.007254328040567,17.789766361297406,1.207779724666247
S12,8,2022-12-30 13:45:00+00:00,2022-12-30 13:45:00+00:00,2022-12-30 14:45:00+00:00,SHORT,16458.205989514325,16458.205989514325,16338.295832229183,16498.176041942705,16338.295832229183,Take profit,development,2022,0.4442722781349806,25.078389711632457,53.27275874859361,7.285288289602015,45.987470458991595,0.44,EXECUTABLE,24.837227115408126,17.757586249530934,17.58682306848714,0.9616350929919082
S12,9,2023-01-03 09:45:00+00:00,2023-01-03 09:45:00+00:00,2023-01-03 11:45:00+00:00,LONG,16738.63199475216,16738.63199475216,16714.0,16715.47202099136,16808.11191603455,Stop loss (opening gap),development,2023,0.6020410364641141,25.19335838777993,-14.829471650768298,10.069928619286587,-24.899400270054883,0.6,EXECUTABLE,25.10794799212824,13.943254607432264,13.89598425647855,0.33901949210994875
S12,10,2023-01-04 08:15:00+00:00,2023-01-04 08:15:00+00:00,2023-01-04 08:15:00+00:00,LONG,16885.950254840307,16885.950254840307,16852.198980638776,16852.198980638776,16987.2040774449,Stop loss,development,2023,0.4964625980123125,25.13110988710479,-16.75624527631826,8.374864610786531,-25.13110988710479,0.49,EXECUTABLE,24.803970921442804,16.75624527631826,16.53812435875043,1.3017290805363402
S12,11,2023-01-04 16:15:00+00:00,2023-01-04 16:15:00+00:00,2023-01-04 19:15:00+00:00,LONG,16872.183842295075,16872.183842295075,16819.264630819693,16819.264630819693,17030.941476721222,Stop loss,development,2023,0.3593249510885279,25.06828211238703,-19.01519307503522,6.053089037351811,-25.06828211238703,0.35,EXECUTABLE,24.4177274991789,19.01519307503522,18.521724016383814,2.5951304133707387
S12,12,2023-01-05 15:45:00+00:00,2023-01-05 15:45:00+00:00,2023-01-05 16:15:00+00:00,LONG,16870.161591062595,16870.161591062595,16829.353635749616,16829.353635749616,16992.585457001533,Stop loss,development,2023,0.4336906571204459,25.005611407106063,-17.698028955427734,7.307582451678332,-25.005611407106063,0.43,EXECUTABLE,24.792816558345674,17.69802895542773,17.547420784581046,0.8509883853506484
S12,13,2023-01-06 18:15:00+00:00,2023-01-06 18:30:00+00:00,2023-01-06 20:00:00+00:00,LONG,16852.18712433978,16852.18712433978,16992.99398943647,16805.251502640884,16992.99398943647,Take profit,development,2023,0.3911762747417549,24.943097378588295,55.08030494658758,6.619715933023498,48.46058901356408,0.39,EXECUTABLE,24.868092994830775,18.36010164886253,18.30489246256955,0.3007019642312092
S12,14,2023-01-07 15:15:00+00:00,2023-01-07 15:15:00+00:00,2023-01-07 16:00:00+00:00,LONG,16941.397024694365,16941.397024694365,16928.411901222546,16928.411901222546,16980.35239510982,Stop loss,development,2023,0.591787060171902,25.064248851122212,-7.684428045356898,10.021857326426206,-17.706285371783103,0.59,EXECUTABLE,24.988560611424187,7.684428045356898,7.661222848373181,0.3019768920568988
S12,15,2023-01-09 08:45:00+00:00,2023-01-09 08:45:00+00:00,2023-01-09 15:45:00+00:00,LONG,17217.8949567385,17217.8949567385,17306.319307816004,17188.420173045997,17306.319307816004,Take profit,development,2023,0.5360129959401223,25.01998313769275,47.396601335114624,9.252713760211282,38.143887574903346,0.53,EXECUTABLE,24.739308866418774,15.798867111704876,15.62163535702588,1.1218004014204919
S12,16,2023-01-10 11:30:00+00:00,2023-01-10 11:30:00+00:00,2023-01-10 11:30:00+00:00,LONG,17276.791979953483,17276.791979953483,17262.832080186072,17262.832080186072,17318.671679255716,Stop loss,development,2023,0.5814816288989694,25.115342856630008,-8.11742525602056,10.042078430023992,-18.159503686044552,0.58,EXECUTABLE,25.05134837093255,8.11742525602056,8.096741865098446,0.25480235751813574
S12,17,2023-01-10 14:00:00+00:00,2023-01-10 14:00:00+00:00,2023-01-10 18:15:00+00:00,LONG,17253.84775958331,17253.84775958331,17380.56415333295,17211.608961666763,17380.56415333295,Take profit,development,2023,0.4215453287775794,25.069944097414897,53.416703864701496,7.299987278424199,46.1167165862773,0.42,EXECUTABLE,24.978041036412215,17.8055679549005,17.740295124949697,0.3665866211969737
S12,18,2023-01-10 18:30:00+00:00,2023-01-10 18:30:00+00:00,2023-01-11 15:45:00+00:00,LONG,17400.62227293404,17400.62227293404,17320.51090826384,17320.51090826384,17640.95636694464,Stop loss,development,2023,0.2583844965736265,25.185235888880587,-20.69953463013576,4.485701258744828,-25.185235888880587,0.25,EXECUTABLE,24.367982815199664,20.699534630135755,20.027841167549923,3.244968906730572
S12,19,2023-01-12 17:30:00+00:00,2023-01-12 17:30:00+00:00,2023-01-12 17:30:00+00:00,LONG,18271.840730691027,18271.840730691027,18797.451691056427,18096.637077235893,18797.451691056427,Take profit,development,2023,0.1299061305891347,25.122272799158385,68.28008605630825,2.4077641710931745,65.87232188521507,0.12,EXECUTABLE,23.206547083091646,22.76002868543607,21.024438414616014,7.6256066932404165
S12,20,2023-01-14 19:30:00+00:00,2023-01-14 19:45:00+00:00,2023-01-15 00:30:00+00:00,LONG,20827.830092280292,20827.830092280292,20707.67963087883,20707.67963087883,21188.28147648468,Stop loss,development,2023,0.1794441788609499,25.286953603871424,-21.56030088594978,3.7266527179216458,-25.286953603871424,0.17,EXECUTABLE,23.956096764717234,21.56030088594978,20.425578438248706,5.263017680984861
S12,21,2023-01-19 19:15:00+00:00,2023-01-19 19:15:00+00:00,2023-01-20 06:15:00+00:00,LONG,21036.893586261667,21036.893586261667,20936.42565495333,20936.42565495333,21338.297380186676,Stop loss,development,2023,0.2076803851294412,25.22373621986175,-20.865218667273492,4.358517552588259,-25.22373621986175,0.2,EXECUTABLE,24.290918185788726,20.86521866727349,20.093586261667227,3.6981755039862008
S12,22,2023-01-21 08:15:00+00:00,2023-01-21 08:30:00+00:00,2023-01-21 10:00:00+00:00,LONG,22767.84511622624,22767.84511622624,23233.521859619817,22612.619535095047,23233.521859619817,Take profit,development,2023,0.141419002563332,25.160676879312096,65.85554056766057,3.2527337171369757,62.60280685052359,0.14,EXECUTABLE,24.908213883959522,21.951846855886682,21.73158135836682,1.0034030346781186
S12,23,2023-01-21 14:45:00+00:00,2023-01-21 14:45:00+00:00,2023-01-21 22:45:00+00:00,LONG,23014.60134012595,23014.60134012595,22868.59463949619,22868.59463949619,23452.621442015225,Stop loss,development,2023,0.1498516652922686,25.3171838964384,-21.879347233199457,3.4378366632389508,-25.317183896438408,0.14,EXECUTABLE,23.65276180674013,21.879347233199457,20.440938088166586,6.5742781523675635
S12,24,2023-01-23 18:00:00+00:00,2023-01-23 18:00:00+00:00,2023-01-23 19:00:00+00:00,LONG,23064.178695299554,23069.0,22836.28521880179,22836.28521880179,23767.14434359463,Stop loss,development,2023,0.1006757996533382,25.25389093669731,-23.42874668828148,2.31077564885872,-25.7395223371402,0.1,EXECUTABLE,25.084370845481477,23.428746688281464,23.27147811982104,0.6712632585638367
S12,25,2023-01-26 14:15:00+00:00,2023-01-26 14:30:00+00:00,2023-01-26 14:30:00+00:00,LONG,23213.970050162523,23213.970050162523,23027.119799349915,23027.119799349915,23774.520802600346,Stop loss,development,2023,0.1199668841678445,25.189542130854452,-22.415842395968784,2.7736997348856747,-25.18954213085446,0.11,EXECUTABLE,23.09678753111001,22.415842395968784,20.55352758938683,8.30802953413371
S12,26,2023-01-27 18:00:00+00:00,2023-01-27 18:00:00+00:00,2023-01-27 20:45:00+00:00,LONG,23246.1207847859,23246.1207847859,23074.5168608564,23074.5168608564,23760.932556574397,Stop loss,development,2023,0.1290101710686215,25.126568275527315,-22.138651582191343,2.987916693335972,-25.126568275527315,0.12,EXECUTABLE,23.371709130278386,22.13865158219134,20.592470871539845,6.984078072285427
S12,27,2023-01-29 19:15:00+00:00,2023-01-29 19:15:00+00:00,2023-01-29 20:45:00+00:00,LONG,23779.6282294834,23779.6282294834,23652.4870820664,23652.4870820664,24161.051671734407,Stop loss,development,2023,0.1661422259728809,25.0637518548385,-21.123513244606873,3.9402386102316265,-25.0637518548385,0.16,EXECUTABLE,24.137152811644274,21.12351324460687,20.342583586720284,3.6969686284830883
S12,28,2023-02-02 18:15:00+00:00,2023-02-02 18:15:00+00:00,2023-02-02 19:00:00+00:00,LONG,24001.229696457343,24001.229696457343,23860.081214170634,23860.081214170634,24424.675143317472,Stop loss,development,2023,0.1514491341375413,25.001092475201403,-21.37681542715027,3.624277048051135,-25.001092475201403,0.15,EXECUTABLE,24.761870661303554,21.37681542715026,21.172272343006444,0.9568454423947048
S12,29,2023-02-06 11:15:00+00:00,2023-02-06 11:15:00+00:00,2023-02-06 11:45:00+00:00,SHORT,22777.77148886499,22777.77148886499,22858.914044540037,22858.914044540037,22534.343821839848,Stop loss,development,2023,0.2398843230273418,24.9385897440134,-19.464827036817123,5.473762707196275,-24.9385897440134,0.23,EXECUTABLE,23.91100664160247,19.464827036817123,18.662787805260887,4.120453934880597
S12,30,2023-02-06 14:00:00+00:00,2023-02-06 14:00:00+00:00,2023-02-06 15:45:00+00:00,SHORT,22814.45134076773,22814.45134076773,22901.1946369291,22901.1946369291,22554.221452283604,Stop loss,development,2023,0.2269707048844829,24.876243269653365,-19.688187073750527,5.188056195903664,-24.876243269653365,0.22,EXECUTABLE,24.11224621304814,19.688187073749695,19.083525155501484,3.0711914509102156
S12,31,2023-02-08 18:45:00+00:00,2023-02-08 18:45:00+00:00,2023-02-09 03:00:00+00:00,SHORT,22891.462308893013,22891.462308893013,22517.396942288207,23016.150764427948,22517.396942288207,Take profit,development,2023,0.1680687650900812,24.81405266147923,62.86870422823821,3.8159054492476705,59.05279877899054,0.16,EXECUTABLE,23.62276193145532,20.95623474274606,19.95015288558963,4.800871289651298
S12,32,2023-02-09 19:15:00+00:00,2023-02-09 19:15:00+00:00,2023-02-09 19:30:00+00:00,SHORT,22409.484231054383,22409.484231054383,22026.747696870123,22537.06307578247,22026.747696870123,Take profit,development,2023,0.1663534305791141,24.961684658426705,63.66953546951198,3.696059811609702,59.97347565790228,0.16,EXECUTABLE,24.008338941040805,21.22317848983732,20.41261515649385,3.81923628325328
S12,33,2023-02-10 10:00:00+00:00,2023-02-10 10:00:00+00:00,2023-02-10 15:45:00+00:00,SHORT,21819.62937680122,21819.62937680122,21562.07002881947,21905.482492795138,21562.07002881947,Take profit,development,2023,0.2331287351035632,25.111618347571454,60.04448500908318,5.056760354537676,54.98772465454551,0.23,EXECUTABLE,24.77460454360419,20.01482833636191,19.74621667860145,1.3420632605299798
S12,34,2023-02-13 09:15:00+00:00,2023-02-13 09:15:00+00:00,2023-02-13 23:15:00+00:00,SHORT,21656.357749501534,21656.357749501534,21792.569001993867,21792.569001993867,21247.723992024537,Stop loss,development,2023,0.1598693969912278,25.249087659207824,-21.776010799369036,3.473076859838798,-25.24908765920783,0.15,EXECUTABLE,23.69035738021199,21.776010799369036,20.431687873849842,6.1734122833836285
S12,35,2023-02-17 17:15:00+00:00,2023-02-17 17:15:00+00:00,2023-02-20 01:00:00+00:00,LONG,24388.230155386016,24388.230155386016,24005.07937845594,24005.07937845594,25537.682486176247,Stop loss,development,2023,0.0618291978303037,25.185964940059804,-23.689905185644292,1.4960597544155183,-25.18596494005981,0.06,EXECUTABLE,24.44084590181987,23.689905185644292,22.989046615804618,2.9584692903894982
S12,36,2023-02-25 09:30:00+00:00,2023-02-25 09:45:00+00:00,2023-02-25 20:45:00+00:00,SHORT,23038.146873618472,23038.146873618472,22770.34997789555,23127.412505526114,22770.34997789555,Take profit,development,2023,0.2236168689040258,25.12300002770966,59.883903323778185,5.121776317567745,54.76212700621044,0.22,EXECUTABLE,24.71665055138701,19.96130110792606,19.6384390196811,1.6174400982146508
S12,37,2023-02-27 18:30:00+00:00,2023-02-27 18:30:00+00:00,2023-02-27 22:00:00+00:00,SHORT,23173.34935194165,23173.34935194165,23392.60259223339,23392.60259223339,22515.589631066436,Stop loss,development,2023,0.1041490039481277,25.25990534522518,-22.835006588784083,2.4248987564411064,-25.25990534522519,0.1,EXECUTABLE,24.253621626382614,22.83500658878408,21.925324029173865,3.9837192780011077
S12,38,2023-03-02 12:30:00+00:00,2023-03-02 12:30:00+00:00,2023-03-02 18:45:00+00:00,SHORT,23353.724138865484,23353.0,23442.10344453806,23442.10344453806,23085.689666385817,Stop loss,development,2023,0.2254194164305039,25.196755581862114,-20.08564646971748,5.274262455136416,-25.359908924853897,0.22,EXECUTABLE,24.59098828214136,20.08564646971748,19.60275779837342,2.404148017202712
S12,39,2023-03-03 11:00:00+00:00,2023-03-03 11:00:00+00:00,2023-03-03 13:45:00+00:00,SHORT,22345.58410723653,22345.58410723653,22395.66357105389,22395.66357105389,22195.34571578443,"Stop loss (ambiguous bar, SL First)",development,2023,0.3469058026362913,25.133355809549982,-17.372856591158023,7.760499218393221,-25.133355809549982,0.34,EXECUTABLE,24.63302980321215,17.37285659115676,17.027017697902775,1.9906852476409997
S12,40,2023-03-07 09:30:00+00:00,2023-03-07 09:30:00+00:00,2023-03-07 10:15:00+00:00,SHORT,22373.870654383525,22373.870654383525,22426.517382465907,22426.517382465907,22215.93047013638,Stop loss,development,2023,0.3340646320757863,25.07052242002611,-17.587409846834827,7.483112573191283,-25.07052242002611,0.33,EXECUTABLE,24.765484293266137,17.587409846834824,17.373420267185974,1.2167202647373254
S12,41,2023-03-07 14:15:00+00:00,2023-03-07 14:15:00+00:00,2023-03-07 15:00:00+00:00,SHORT,22330.669018852688,22330.669018852688,22130.70430164301,22397.323924589247,22130.70430164301,Take profit,development,2023,0.2809273704079663,25.007846113976047,56.17556218008729,6.2452083458268834,49.930353834260416,0.28,EXECUTABLE,24.925292618318448,18.725187393362432,18.663373606236565,0.3301103792839766
S12,42,2023-03-07 18:45:00+00:00,2023-03-07 18:45:00+00:00,2023-03-08 05:30:00+00:00,SHORT,22204.829527032525,22204.829527032525,21863.27243252038,22318.681891869903,21863.27243252038,Take profit,development,2023,0.1846441199310718,25.132671998561687,63.066509122408675,4.068457951677194,58.99805117073148,0.18,EXECUTABLE,24.50054169842983,21.02216970746888,20.493425670727955,2.5151734768512957
S12,43,2023-03-08 12:30:00+00:00,2023-03-08 12:30:00+00:00,2023-03-08 15:00:00+00:00,SHORT,22043.856862341578,22043.856862341578,22112.572550633693,22112.572550633693,21837.70979746523,Stop loss,development,2023,0.2784346337317109,25.28016712648852,-19.132827501237564,6.147339625250959,-25.28016712648852,0.27,EXECUTABLE,24.51435380962282,19.13282750123756,18.553235838871153,3.0293048025908265
S12,44,2023-03-08 18:30:00+00:00,2023-03-08 18:30:00+00:00,2023-03-08 20:30:00+00:00,SHORT,21954.612919538624,21954.612919538624,22072.548321845497,22072.548321845497,21600.806712618003,Stop loss,development,2023,0.1801868522454644,25.2169667086723,-21.25040890997804,3.966557798694261,-25.2169667086723,0.18,EXECUTABLE,25.190816926961823,21.250408909978034,21.228372415237246,0.10369915625689785
S12,45,2023-03-09 07:45:00+00:00,2023-03-09 07:45:00+00:00,2023-03-09 14:00:00+00:00,SHORT,21670.300558044415,21670.300558044415,21735.79776782234,21735.79776782234,21473.80892871064,Stop loss,development,2023,0.2884615779519741,25.153924291900623,-18.893428483991592,6.260495807909033,-25.153924291900623,0.28,EXECUTABLE,24.41607250344023,18.893428483991592,18.339218737818886,2.9333466217753346
S12,46,2023-03-09 16:00:00+00:00,2023-03-09 16:00:00+00:00,2023-03-09 18:15:00+00:00,SHORT,21633.2084933649,21633.2084933649,21315.335893838354,21739.166026540413,21315.335893838354,Take profit,development,2023,0.1965708880591274,25.09103948117087,62.48449917859632,4.221216755519698,58.26328242307662,0.19,EXECUTABLE,24.25230688273886,20.828166392865434,20.131931303347848,3.3427574774708813
S12,47,2023-03-10 10:30:00+00:00,2023-03-10 10:30:00+00:00,2023-03-10 12:45:00+00:00,SHORT,19794.16257824133,19794.16257824133,19926.34968703468,19926.34968703468,19397.601251861277,Stop loss,development,2023,0.1659791848383096,25.23669768722856,-21.940308563653264,3.2963891235752953,-25.23669768722856,0.16,EXECUTABLE,24.327578388158162,21.94030856365326,21.14993740693608,3.60237028765642
S12,48,2023-03-10 14:45:00+00:00,2023-03-10 14:45:00+00:00,2023-03-10 16:15:00+00:00,SHORT,19736.181002048048,19736.181002048048,20080.2759918078,20080.2759918078,18703.89603276879,Stop loss,development,2023,0.0691576466372312,25.17360594301049,-23.796799711446692,1.3768062315637983,-25.17360594301049,0.06,EXECUTABLE,21.840193095400856,23.79679971144668,20.645699385585175,13.241697892451365
S12,49,2023-03-13 19:00:00+00:00,2023-03-13 19:00:00+00:00,2023-03-13 23:15:00+00:00,LONG,24410.708996399317,24410.708996399317,24157.164014402737,24157.164014402737,25171.343942389056,Stop loss,development,2023,0.0903817790586617,25.110671928152957,-22.91584654424724,2.194825383905726,-25.110671928152964,0.09,EXECUTABLE,25.004602665178275,22.915846544247227,22.819048379692177,0.42240710753647104
S12,50,2023-03-14 10:30:00+00:00,2023-03-14 10:45:00+00:00,2023-03-14 12:30:00+00:00,LONG,24543.50531090352,24543.50531090352,25118.084974456357,24351.97875638591,25118.084974456357,Take profit,development,2023,0.1159762788827422,25.04789524833258,66.63761130055578,2.87978322234769,63.757828078208085,0.11,EXECUTABLE,23.757172620638205,22.21253710018526,21.067920996937282,5.153018307118229
S12,51,2023-03-16 10:45:00+00:00,2023-03-16 10:45:00+00:00,2023-03-16 12:45:00+00:00,LONG,25028.231496829736,25028.231496829736,24766.074012681052,24766.074012681052,25814.703949275787,Stop loss,development,2023,0.0878135608274722,25.207289818528096,-23.020982180667517,2.1863076378605815,-25.207289818528096,0.08,EXECUTABLE,22.96437095227513,23.020982180667506,20.97259873189469,8.897897720858339
S12,52,2023-03-16 14:45:00+00:00,2023-03-16 14:45:00+00:00,2023-03-16 17:15:00+00:00,LONG,24961.035082508075,24961.035082508075,24723.859669967696,24723.859669967696,25672.56132012921,Stop loss,development,2023,0.0959639606322393,25.144271593981777,-22.760291951960006,2.383979642021769,-25.144271593981777,0.09,EXECUTABLE,23.58160739249548,22.760291951960006,21.345787128634072,6.21479208751593
S12,53,2023-03-17 10:00:00+00:00,2023-03-17 10:00:00+00:00,2023-03-17 21:30:00+00:00,LONG,26398.558515901103,26398.558515901103,27276.936254417666,26105.765936395583,27276.936254417666,Take profit,development,2023,0.0786140864722082,25.081410914996823,69.05286349100383,2.1098249936562015,66.94303849734764,0.07,EXECUTABLE,22.33313192121689,23.01762116366783,20.49548056538639,10.957433786696058
S12,54,2023-03-18 09:45:00+00:00,2023-03-18 09:45:00+00:00,2023-03-18 15:30:00+00:00,LONG,27490.78180215277,27490.78180215277,27294.87279138891,27294.87279138891,28078.508834444357,Stop loss,development,2023,0.1130701329219888,25.24876851124019,-22.15145788768523,3.0973106235549626,-25.24876851124019,0.11,EXECUTABLE,24.56320218666963,22.15145788768523,21.54999118402484,2.7152465842655293
S12,55,2023-03-18 19:30:00+00:00,2023-03-18 19:30:00+00:00,2023-03-18 21:45:00+00:00,LONG,27509.950553787923,27509.950553787923,27332.197784848304,27332.197784848304,28043.20886060678,Stop loss,development,2023,0.1227527164687836,25.18564658996209,-21.819635247186294,3.366011342775794,-25.18564658996209,0.12,EXECUTABLE,24.620861173072495,21.819635247186287,21.330332272754312,2.242489248279589
S12,56,2023-03-20 11:30:00+00:00,2023-03-20 11:30:00+00:00,2023-03-20 13:30:00+00:00,LONG,28357.37730671728,28357.37730671728,28134.49077313087,28134.49077313087,29026.03690747651,Stop loss,development,2023,0.1000375726442022,25.122682473487185,-22.297027795064935,2.8256546784222496,-25.122682473487185,0.1,EXECUTABLE,25.11324676263344,22.297027795064924,22.288653358641024,0.037558532468418004
S12,57,2023-03-21 12:45:00+00:00,2023-03-21 12:45:00+00:00,2023-03-21 13:45:00+00:00,LONG,28212.503547031865,28212.503547031865,27991.985811872542,27991.985811872542,28874.05675250983,Stop loss,development,2023,0.100795904591233,25.059875767303467,-22.227284593793915,2.8325911735095515,-25.059875767303467,0.1,EXECUTABLE,24.861997983877533,22.2272845937939,22.051773515932293,0.7896199696413198
S12,58,2023-03-21 16:45:00+00:00,2023-03-21 16:45:00+00:00,2023-03-21 17:45:00+00:00,LONG,28493.34080791591,28493.34080791591,28076.63676833636,28076.63676833636,29743.45292665455,Stop loss,development,2023,0.056174926760736,24.997226077885205,-23.40831890428398,1.5889071736012257,-24.997226077885205,0.05,EXECUTABLE,22.24945141838374,23.408318904283966,20.835201978977423,10.99231831140014
S12,59,2023-03-22 14:30:00+00:00,2023-03-22 14:30:00+00:00,2023-03-22 18:00:00+00:00,LONG,28496.646840725523,28496.646840725523,28345.412637097903,28345.412637097903,28950.349451608385,Stop loss,development,2023,0.1387921328282082,24.934733012690497,-20.990117678052993,3.944615334637492,-24.934733012690486,0.13,EXECUTABLE,23.3551803376492,20.990117678052986,19.66044647159066,6.334748698682214
S13,1,2023-04-04 17:30:00+00:00,2023-04-04 17:30:00+00:00,2023-04-05 00:45:00+00:00,LONG,28197.60183349221,28197.60183349221,28569.629335875343,28073.592666031163,28569.629335875343,Take profit,development,2023,0.1643171886165091,25.0,61.130513279618306,4.663915915646971,56.466597363971346,0.16,EXECUTABLE,24.34316235372905,20.37683775987277,19.84146679376718,2.6273505850837986
S13,2,2023-04-07 07:45:00+00:00,2023-04-07 07:45:00+00:00,2023-04-07 10:30:00+00:00,SHORT,27848.71384511251,27848.71384511251,27977.144619549963,27977.144619549963,27463.421521800152,Stop loss,development,2023,0.1608070290218465,25.141166493409926,-20.65257127226169,4.488595221148237,-25.141166493409926,0.16,EXECUTABLE,25.014992587165445,20.65257127226169,20.548923909992446,0.5018617822588167
S13,3,2023-04-09 17:30:00+00:00,2023-04-09 17:30:00+00:00,2023-04-09 17:45:00+00:00,SHORT,27896.31098995148,27896.31098995148,27939.75604019409,27939.75604019409,27765.975839223644,Stop loss,development,2023,0.3514185802610579,25.0783135771764,-15.267397875628902,9.810915701547508,-25.07831357717641,0.35,EXECUTABLE,24.977079315189524,15.267397875628902,15.205767584914064,0.4036725263655949
S13,4,2023-04-11 14:00:00+00:00,2023-04-11 14:00:00+00:00,2023-04-11 14:30:00+00:00,LONG,30283.959658979133,30283.959658979133,30117.16136408347,30117.16136408347,30784.35454366612,Stop loss,development,2023,0.1269835692269706,25.015617793233464,-21.180642826824116,3.8349749664093498,-25.015617793233464,0.12,EXECUTABLE,23.639862648863346,21.180642826824116,20.015795387479592,5.499584922273026
S13,5,2023-04-13 13:00:00+00:00,2023-04-13 13:00:00+00:00,2023-04-14 01:00:00+00:00,LONG,30339.30105684976,30339.30105684976,30859.81690959615,30165.795772600963,30859.81690959615,Take profit,development,2023,0.1224643903135588,24.953078748750382,63.744656555128834,3.7473563347441825,59.99730022038466,0.12,EXECUTABLE,24.450939919622662,21.248218851709602,20.8206341098556,2.012332162230146
S13,6,2023-04-20 11:15:00+00:00,2023-04-20 11:15:00+00:00,2023-04-20 12:15:00+00:00,SHORT,28756.4665358034,28756.4665358034,28361.4645728544,28888.1338567864,28361.4645728544,Take profit,development,2023,0.1564155477148067,25.103071999301346,61.78444838309188,4.467066239348654,57.317382143743224,0.15,EXECUTABLE,24.073443176894322,20.59481612769729,19.75009814745008,4.101604865076592
S13,7,2023-04-20 15:00:00+00:00,2023-04-20 15:00:00+00:00,2023-04-20 19:00:00+00:00,SHORT,28685.50365015525,28685.50365015525,28243.058402483955,28832.98539937901,28243.058402483955,Take profit,development,2023,0.1432491097427835,25.2463654546607,63.37988783883771,4.077482916488687,59.302404922349545,0.14,EXECUTABLE,24.673739124794505,21.126629279612047,20.64744489132638,2.2681535324146407
S13,8,2023-04-20 19:15:00+00:00,2023-04-20 19:15:00+00:00,2023-04-21 19:00:00+00:00,SHORT,28212.711582846114,28212.711582846114,27614.3853255378,28412.153668615552,27614.3853255378,Take profit,development,2023,0.1114999677982474,25.394621466966573,66.7133584227227,3.112359753777223,63.60099866894547,0.11,EXECUTABLE,25.052997023468475,22.237786140907698,21.93862943463824,1.3452629878436428
S13,9,2023-04-24 15:30:00+00:00,2023-04-24 15:30:00+00:00,2023-04-24 18:15:00+00:00,SHORT,27235.54891963,27235.54891963,27453.80432147999,27453.80432147999,26580.78271408003,Stop loss,development,2023,0.1040456669345224,25.553623963638938,-22.70852884754445,2.8450951160944866,-25.553623963638938,0.1,EXECUTABLE,24.560007847054546,22.70852884754445,21.825540184999046,3.8883569625906667
S13,10,2023-05-05 14:45:00+00:00,2023-05-05 14:45:00+00:00,2023-05-06 12:30:00+00:00,LONG,29425.521835716627,29425.521835716627,29148.912657133493,29148.912657133493,30255.34937146603,Stop loss,development,2023,0.0833280164501589,25.48973990372984,-23.049294183240352,2.4404457204894863,-25.48973990372984,0.08,EXECUTABLE,24.471711666364747,23.049294183240335,22.128734286650726,3.9938745597640546
S13,11,2023-05-08 07:15:00+00:00,2023-05-08 07:15:00+00:00,2023-05-08 07:45:00+00:00,SHORT,28155.948945358276,28155.948945358276,27873.183125732387,28250.204218566905,27873.183125732387,Take profit,development,2023,0.2076299051673473,25.426015553970515,58.71064031349057,5.8166616892646665,52.8939786242259,0.2,EXECUTABLE,24.491669958118454,19.570213437830187,18.851054641725934,3.674762150085109
S13,12,2023-05-08 12:15:00+00:00,2023-05-08 12:15:00+00:00,2023-05-08 14:45:00+00:00,SHORT,27869.759500977136,27869.759500977136,27990.96199609146,27990.96199609146,27506.15201563416,Stop loss,development,2023,0.1713790723892135,25.55825050053108,-20.771571183951178,4.7866793165799075,-25.55825050053108,0.17,EXECUTABLE,25.35258549668606,20.77157118395117,20.604424169435227,0.8046912437952192
S13,13,2023-05-08 17:45:00+00:00,2023-05-08 17:45:00+00:00,2023-05-10 12:30:00+00:00,SHORT,27767.332234154463,27767.332234154463,27947.671063382153,27947.671063382153,27226.31574647139,Stop loss,development,2023,0.1224534302163461,25.494354874279757,-22.08310824013056,3.4112466341491983,-25.494354874279757,0.12,EXECUTABLE,24.98355970517506,22.083108240130546,21.64065950732285,2.0035618536871302
S13,14,2023-05-11 08:00:00+00:00,2023-05-11 08:00:00+00:00,2023-05-11 12:30:00+00:00,SHORT,27444.120621850412,27444.120621850412,27578.517512598355,27578.517512598355,27040.929949606583,Stop loss,development,2023,0.1570681253046116,25.430618987094057,-21.10946767654811,4.321151310545952,-25.43061898709406,0.15,EXECUTABLE,24.28623147227511,21.1094676765481,20.159533612191442,4.50003798727715
S13,15,2023-05-11 17:15:00+00:00,2023-05-11 17:15:00+00:00,2023-05-12 05:45:00+00:00,SHORT,27053.456230797103,27053.456230797103,26496.299692753644,27239.17507681159,26496.299692753644,Take profit,development,2023,0.1191695354975746,25.367042439626314,66.39608583807575,3.1907497697090204,63.20533606836673,0.11,EXECUTABLE,23.415167783511965,22.132028612691904,20.42907306159348,7.694529863935928
S13,16,2023-05-12 15:00:00+00:00,2023-05-12 15:15:00+00:00,2023-05-12 19:45:00+00:00,SHORT,26307.67593178835,26307.67593178835,26497.296272846597,26497.296272846597,25738.814908613615,Stop loss,development,2023,0.1181590673323853,25.525055779797235,-22.405362646691135,3.1196931331061,-25.525055779797235,0.11,EXECUTABLE,23.762510987661965,22.405362646691117,20.858237516407026,6.9051554963899475
S13,17,2023-05-16 14:00:00+00:00,2023-05-16 14:00:00+00:00,2023-05-17 01:30:00+00:00,SHORT,26981.389614480744,26981.389614480744,27146.441542077016,27146.441542077016,26486.233831691927,Stop loss,development,2023,0.1325306789883765,25.461243140347747,-21.874444032674347,3.586799107673401,-25.461243140347747,0.13,EXECUTABLE,24.975059612691677,21.874444032674344,21.45675058751542,1.9095042805888363
S13,18,2023-05-17 11:15:00+00:00,2023-05-17 11:15:00+00:00,2023-05-17 11:45:00+00:00,SHORT,26813.679888119794,26813.679888119794,26565.87820991671,26896.28044752082,26565.87820991671,Take profit,development,2023,0.2320356752389102,25.397590032496876,57.498829727187434,6.192980903616269,51.30584882357117,0.23,EXECUTABLE,25.174774100835016,19.166276575729142,18.99812866223634,0.8773113172421465
S13,19,2023-05-21 15:45:00+00:00,2023-05-21 15:45:00+00:00,2023-05-22 13:30:00+00:00,SHORT,26833.52732192182,26833.52732192182,26971.89071231271,26971.89071231271,26418.437150749156,Stop loss,development,2023,0.1544530593145909,25.525854654555804,-21.37064894301181,4.155205711543994,-25.525854654555804,0.15,EXECUTABLE,24.789914911200874,21.370648943011805,20.75450855863328,2.8831149958129965
S13,20,2023-05-24 11:15:00+00:00,2023-05-24 11:15:00+00:00,2023-05-24 11:15:00+00:00,SHORT,26693.69796271403,26693.69796271403,26744.208149143873,26744.208149143873,26542.167403424508,Stop loss,development,2023,0.3296947264654024,25.462040017919417,-16.652942098703,8.809097919216427,-25.46204001791942,0.32,EXECUTABLE,24.71332463544647,16.652942098702997,16.163259657549208,2.940516085694722
S13,21,2023-05-24 19:00:00+00:00,2023-05-24 19:00:00+00:00,2023-05-24 19:15:00+00:00,SHORT,26207.818191665967,26207.818191665967,26298.72723333614,26298.72723333614,25935.09106665545,Stop loss,development,2023,0.2167794742848691,25.39838491787462,-19.70721426100134,5.691170656873279,-25.39838491787462,0.21,EXECUTABLE,24.604086020361528,19.707214261001337,19.090898750736304,3.1273598698556837
S13,22,2023-05-28 11:00:00+00:00,2023-05-28 11:00:00+00:00,2023-05-28 11:45:00+00:00,LONG,27225.471374353485,27225.471374353485,27173.114502586057,27173.114502586057,27382.54198965577,Stop loss,development,2023,0.3184528697334474,25.33488895557993,-16.67319606460354,8.66169289097639,-25.33488895557993,0.31,EXECUTABLE,24.662411058828294,16.67319606460354,16.230630247902663,2.6543550197938637
S13,23,2023-05-28 13:30:00+00:00,2023-05-28 13:30:00+00:00,2023-05-28 18:15:00+00:00,LONG,27214.8317242996,27214.8317242996,27449.307588793607,27136.6731028016,27449.307588793607,Take profit,development,2023,0.2399174248133961,25.271551733190982,56.25484559029645,6.5574397668190265,49.697405823477425,0.23,EXECUTABLE,24.226905999657014,18.75161519676548,17.97648294454037,4.1336825872942295
S13,24,2023-06-05 12:45:00+00:00,2023-06-05 12:45:00+00:00,2023-06-05 14:00:00+00:00,SHORT,26683.871025950117,26683.871025950117,26796.51589619954,26796.51589619954,26345.93641520185,Stop loss,development,2023,0.1821988279927649,25.395795247749675,-20.523763338842045,4.87203190890763,-25.395795247749675,0.18,EXECUTABLE,25.08931146788971,20.52376333884204,20.27607664489624,1.2068288347344525
S13,25,2023-06-10 12:30:00+00:00,2023-06-10 12:30:00+00:00,2023-06-10 17:00:00+00:00,SHORT,25638.518082816157,25638.518082816157,25758.92766873537,25758.92766873537,25277.28932505852,Stop loss,development,2023,0.1733803229163046,25.332305759630295,-20.876652888891677,4.455652870738627,-25.3323057596303,0.17,EXECUTABLE,24.838412495148088,20.87665288889167,20.46962960626621,1.949657757839307
S13,26,2023-06-15 09:00:00+00:00,2023-06-15 09:15:00+00:00,2023-06-15 11:45:00+00:00,SHORT,24862.9280685186,24862.9280685186,24981.28772592559,24981.28772592559,24507.849096297636,Stop loss,development,2023,0.1763586241527689,25.268974995231225,-20.873746335489635,4.395228659740946,-25.268974995231225,0.17,EXECUTABLE,24.35790010171648,20.873746335490278,20.121141759188724,3.6055079150882907
S13,27,2023-06-15 16:00:00+00:00,2023-06-15 16:00:00+00:00,2023-06-15 17:15:00+00:00,SHORT,24915.017417692183,24915.017417692183,24993.930329231265,24993.930329231265,24678.278683074936,Stop loss,development,2023,0.2426729281538169,25.20580255774314,-19.15002731233226,6.05577524541088,-25.20580255774314,0.24,EXECUTABLE,24.928172499010596,19.150027312332256,18.93909876937978,1.1014529614620683
S13,28,2023-06-17 18:45:00+00:00,2023-06-17 18:45:00+00:00,2023-06-18 00:15:00+00:00,LONG,26514.46752993594,26514.46752993594,26429.12988025624,26429.12988025624,26770.48047897505,Stop loss,development,2023,0.2248717654416754,25.142788051348784,-19.19002794211717,5.952760109231617,-25.142788051348784,0.22,EXECUTABLE,24.59807864465495,19.190027942117162,18.7742829295338,2.1664638208832687
S13,29,2023-06-18 19:30:00+00:00,2023-06-18 19:30:00+00:00,2023-06-18 20:00:00+00:00,LONG,26640.795111683263,26640.795111683263,26588.819553266945,26588.819553266945,26796.721786932216,Stop loss,development,2023,0.3191222084572838,25.079931081220415,-16.586554987615852,8.493376093604565,-25.079931081220415,0.31,EXECUTABLE,24.363013382125754,16.586554987615852,16.112423109058472,2.858531376234452
S13,30,2023-06-21 09:30:00+00:00,2023-06-21 09:30:00+00:00,2023-06-21 13:45:00+00:00,LONG,28922.909985693248,28922.909985693248,29302.55977109197,28796.360057227008,29302.55977109197,Take profit,development,2023,0.1609761374530682,25.01723125351737,61.11455603837226,4.686455611418863,56.42810042695339,0.16,EXECUTABLE,24.865530158032044,20.371518679457413,20.247988554598415,0.6063864300091093
S13,31,2023-06-22 12:45:00+00:00,2023-06-22 13:00:00+00:00,2023-06-22 14:30:00+00:00,LONG,30139.33448953287,30139.33448953287,29996.66204186852,29996.66204186852,30567.35183252592,Stop loss,development,2023,0.1456422169638966,25.15830150458475,-20.7791315775015,4.3791699270832485,-25.15830150458475,0.14,EXECUTABLE,24.183662430207153,20.77913157750149,19.974142673009048,3.874025733414399
S13,32,2023-06-27 16:45:00+00:00,2023-06-27 16:45:00+00:00,2023-06-28 02:45:00+00:00,LONG,30737.371604638203,30737.371604638203,30442.51358144719,30442.51358144719,31621.94567421123,Stop loss,development,2023,0.0771103475493063,25.09540575082329,-22.736604645960437,2.358801104862853,-25.09540575082329,0.07,EXECUTABLE,22.781357604883908,22.736604645960412,20.640061623370894,9.221003114737304
S16,1,2023-07-12 07:30:00+00:00,2023-07-12 07:30:00+00:00,2023-07-12 08:30:00+00:00,LONG,30802.520591458117,30802.520591458117,30702.917634167527,30702.917634167527,31101.329463329886,Stop loss,development,2023,0.1917829793819964,25.0,-19.10215190444709,5.897848095552909,-25.0,0.19,EXECUTABLE,24.767578516646537,19.102151904447087,18.924561885212096,0.9296859334138485
S16,2,2023-07-12 12:00:00+00:00,2023-07-12 12:15:00+00:00,2023-07-12 12:45:00+00:00,LONG,30800.08610969125,30800.08610969125,30702.65556123501,30702.65556123501,31092.37775505997,Stop loss,development,2023,0.1945477188810847,24.9375,-18.95489095149433,5.982609048505671,-24.9375,0.19,EXECUTABLE,24.35456466542345,18.954890951494324,18.511804206685447,2.337585301560108
S16,3,2023-07-17 15:30:00+00:00,2023-07-17 15:30:00+00:00,2023-07-18 16:45:00+00:00,SHORT,30142.78435408866,30142.78435408866,29641.54966541857,30309.86258364536,29641.54966541857,Take profit,development,2023,0.1260749225932816,24.87515625,63.1931245751493,3.7686526419001343,59.424471933249166,0.12,EXECUTABLE,23.676546363067672,21.06437485838355,20.049387546804063,4.818501941801179
S16,4,2023-07-18 19:30:00+00:00,2023-07-18 19:30:00+00:00,2023-07-19 00:30:00+00:00,SHORT,29768.607430866115,29768.607430866115,29956.57027653553,29956.57027653553,29204.71889385787,Stop loss,development,2023,0.1148796855822524,25.02371742983312,-21.59311261164789,3.4306048181852287,-25.02371742983312,0.11,EXECUTABLE,23.960797797542806,21.59311261164787,20.675913023635694,4.247648796669623
S16,5,2023-07-22 12:45:00+00:00,2023-07-22 12:45:00+00:00,2023-07-22 14:15:00+00:00,SHORT,29851.920154597727,29851.920154597727,29889.319381609093,29889.319381609093,29739.722473563623,Stop loss,development,2023,0.334466366076141,24.96115813625854,-12.508783552548492,9.990717646279691,-22.499501198828185,0.33,EXECUTABLE,24.627834127543128,12.508783552548492,12.341744913751027,1.3353707664358172
S16,6,2023-07-24 09:15:00+00:00,2023-07-24 09:30:00+00:00,2023-07-24 09:45:00+00:00,SHORT,29733.957691168085,29733.957691168085,29574.32305868936,29787.16923532766,29574.32305868936,Take profit,development,2023,0.3001600187917906,24.904909383261465,47.91593428463511,8.900987332193,39.01494695244211,0.3,EXECUTABLE,24.89163228684734,15.971978094878006,15.963463247872276,0.05331116130480318
S16,7,2023-07-29 12:00:00+00:00,2023-07-29 12:00:00+00:00,2023-07-29 12:15:00+00:00,SHORT,29267.093514838285,29267.093514838285,29292.62594064686,29292.62594064686,29190.49623741256,Stop loss,development,2023,0.3417141061577083,25.002446750642576,-8.724790063215131,10.005341095288635,-18.73013115850377,0.34,EXECUTABLE,24.877029487612553,8.724790063215131,8.681024774915423,0.5016199585618497
S16,8,2023-07-30 09:45:00+00:00,2023-07-30 09:45:00+00:00,2023-07-30 10:45:00+00:00,SHORT,29282.533292982396,29282.533292982396,29254.53268771834,29291.866828070415,29254.53268771834,Take profit,development,2023,0.3408942959006489,24.955621422746457,9.545246616282546,9.977475945790404,-0.432229329507857,0.34,EXECUTABLE,24.890153299035138,3.1817488720941816,3.173401929926404,0.26233818265750664
S16,9,2023-07-31 15:45:00+00:00,2023-07-31 16:00:00+00:00,2023-08-01 01:00:00+00:00,SHORT,29223.92724829742,29223.92724829742,29336.291006810327,29336.291006810327,28886.835972758698,Stop loss,development,2023,0.1761780532057018,24.954540849422543,-19.7960282256796,5.158512623742942,-24.954540849422543,0.17,EXECUTABLE,24.079457498878394,19.796028225679596,19.10183894719423,3.5067098842830435
S16,10,2023-08-01 11:30:00+00:00,2023-08-01 11:30:00+00:00,2023-08-01 15:30:00+00:00,SHORT,28877.43453475805,28877.43453475805,28733.95255612879,28925.261860967803,28733.95255612879,Take profit,development,2023,0.3244178879601239,24.89215449729899,46.54812046724448,9.345082261239329,37.203038206005154,0.32,EXECUTABLE,24.553175810437313,15.516040155748161,15.304744387121174,1.3617892613452032
S16,11,2023-08-03 12:30:00+00:00,2023-08-03 12:30:00+00:00,2023-08-03 13:15:00+00:00,SHORT,29082.2208721159,29082.2208721159,29142.11651153641,29142.11651153641,28902.533953854385,Stop loss,development,2023,0.2807075314255658,24.985162092814,-16.813157084886836,8.172005007927165,-24.985162092814,0.28,EXECUTABLE,24.922186271453796,16.813157084886836,16.770779037742468,0.2520528829321411
S16,12,2023-08-05 15:30:00+00:00,2023-08-05 15:30:00+00:00,2023-08-05 18:45:00+00:00,SHORT,28983.831412832933,28983.831412832933,29052.674348668264,29052.674348668264,28777.30260532694,Stop loss,development,2023,0.2546739878654906,24.92269918758197,-17.532505005551954,7.390194182030018,-24.92269918758197,0.25,EXECUTABLE,24.465297179020517,17.53250500555195,17.21073395883286,1.8352827882678113
S16,13,2023-08-07 15:30:00+00:00,2023-08-07 15:30:00+00:00,2023-08-07 18:00:00+00:00,SHORT,28872.799774565,28872.799774565,28988.800901740007,28988.800901740007,28524.796393039975,Stop loss,development,2023,0.1715315104558693,24.860392439613012,-19.89784855891254,4.9625438807004745,-24.860392439613012,0.17,EXECUTABLE,24.638427677237313,19.897848558912536,19.720191619751386,0.8928449658019644
S16,14,2023-08-14 08:15:00+00:00,2023-08-14 08:30:00+00:00,2023-08-14 09:30:00+00:00,LONG,29431.57929288905,29431.57929288905,29361.68282844379,29361.68282844379,29641.268686224834,Stop loss,development,2023,0.2497478936693404,24.798241458513967,-17.456494770137827,7.341746688376148,-24.798241458513974,0.24,EXECUTABLE,23.830342921422528,17.456494770137823,16.77515146686259,3.903093446003736
S16,15,2023-08-16 11:45:00+00:00,2023-08-16 11:45:00+00:00,2023-08-16 12:30:00+00:00,SHORT,29123.708889840866,29123.708889840866,29017.34223745386,29159.164440636538,29017.34223745386,Take profit,development,2023,0.3397403256354668,24.736245854867693,36.13704111871564,9.87642982138772,26.260611297327923,0.33,EXECUTABLE,24.02705983411872,12.045680372906448,11.70033176257177,2.866991316749934
S16,16,2023-08-16 16:00:00+00:00,2023-08-16 16:00:00+00:00,2023-08-16 18:00:00+00:00,SHORT,29066.037897208254,29066.037897208254,29136.84841116699,29136.84841116699,28853.60635533205,Stop loss,development,2023,0.2482375293187316,24.80189738311101,-17.57782703490596,7.224070348205053,-24.80189738311101,0.24,EXECUTABLE,23.978869707101452,17.577827034905958,16.994523350096422,3.318406101341276
S16,17,2023-08-17 08:30:00+00:00,2023-08-17 08:30:00+00:00,2023-08-17 13:45:00+00:00,SHORT,28544.93599694602,28544.93599694602,28360.975951136345,28606.256012215912,28360.975951136345,Take profit,development,2023,0.2752069015262203,24.739892639653235,50.62707421190239,7.830449852877834,42.796624359024555,0.27,EXECUTABLE,24.27181504410768,16.87569140396746,16.55640412287081,1.8919952578748012
S16,18,2023-08-17 14:00:00+00:00,2023-08-17 14:00:00+00:00,2023-08-17 15:45:00+00:00,SHORT,28342.29826811151,28342.29826811151,27872.77228978416,28498.80692755396,27872.77228978416,Take profit,development,2023,0.1343588929321693,24.8468842005508,63.08499065095652,3.776497323131323,59.3084933278252,0.13,EXECUTABLE,24.040797565236776,21.028330216985506,20.34612572751852,3.2442161713626683
S16,19,2023-08-17 18:45:00+00:00,2023-08-17 18:45:00+00:00,2023-08-17 21:30:00+00:00,SHORT,27852.736739291915,27852.736739291915,27428.78782867064,27994.05304283234,27428.78782867064,Take profit,development,2023,0.1476908530653586,24.99515543387036,62.613376265785575,4.0822877610979855,58.53108850468759,0.14,EXECUTABLE,23.693557780408195,20.87112542192852,19.7842824956595,5.207399717540461
S16,20,2023-08-18 13:00:00+00:00,2023-08-18 13:00:00+00:00,2023-08-18 14:45:00+00:00,SHORT,26308.253574568706,26308.253574568706,25988.05719309923,26414.985701725192,25988.05719309923,Take profit,development,2023,0.188900558896466,25.14148315513208,60.48527541620927,4.939401166117873,55.54587425009208,0.18,EXECUTABLE,23.95687442303506,20.161758472069067,19.211782888167654,4.711769487852225
S16,21,2023-08-21 07:30:00+00:00,2023-08-21 07:30:00+00:00,2023-08-21 08:15:00+00:00,SHORT,25997.123207476532,25997.0,26047.50717009387,26047.50717009387,25845.478489718385,Stop loss,development,2023,0.3308674177913018,25.280347840757308,-16.71117694890534,8.609915848794927,-25.32109279770027,0.33,EXECUTABLE,25.21407167602113,16.711176948905337,16.66736613097761,0.26216476590297244
S16,22,2023-08-22 09:00:00+00:00,2023-08-22 09:00:00+00:00,2023-08-22 16:00:00+00:00,SHORT,26043.69578717424,26043.69578717424,25892.132594787887,26094.216851303023,25892.132594787887,Take profit,development,2023,0.3292471390039144,25.217045108763063,49.90174747150717,8.549861453279664,41.35188601822751,0.32,EXECUTABLE,24.508806543367545,16.633915823834528,16.166740521210013,2.8085707993971143
S16,23,2023-08-25 08:00:00+00:00,2023-08-25 08:00:00+00:00,2023-08-25 08:15:00+00:00,SHORT,25956.15689416157,25956.15689416157,26055.37242335372,26055.37242335372,25658.51030658511,Stop loss,development,2023,0.2022054240547582,25.320424823808622,-20.061918153116288,5.258506670692336,-25.320424823808622,0.2,EXECUTABLE,25.044258770181884,20.06191815311628,19.843105838430347,1.0906849136554042
S16,24,2023-08-26 17:30:00+00:00,2023-08-26 17:30:00+00:00,2023-08-27 06:15:00+00:00,SHORT,26004.297603800616,26004.297603800616,26033.80958479753,26033.80958479753,25915.761660809872,Stop loss,development,2023,0.3885069175343954,25.25712376174911,-11.465608767444962,10.108582309083364,-21.57419107652833,0.38,EXECUTABLE,24.70408272361059,11.465608767444962,11.214552778827565,2.1896437747835673
S16,25,2023-08-28 07:30:00+00:00,2023-08-28 07:30:00+00:00,2023-08-28 08:30:00+00:00,SHORT,25902.571047638055,25902.571047638055,25944.71580944778,25944.71580944778,25776.136762208876,Stop loss,development,2023,0.3702626526335614,25.20318828405779,-15.604631302278888,9.598556981778897,-25.20318828405778,0.37,EXECUTABLE,25.185309938159637,15.604631302278886,15.593561869598743,0.07093684218303364
S16,26,2023-08-29 10:30:00+00:00,2023-08-29 10:30:00+00:00,2023-08-29 11:00:00+00:00,SHORT,25939.763416094294,25939.763416094294,25978.946335622815,25978.946335622815,25822.214657508743,Stop loss,development,2023,0.3859272729301189,25.14018031334765,-15.121757279080956,10.01842303426528,-25.140180313347635,0.38,EXECUTABLE,24.75406427366419,15.12175727908236,14.88950942083793,1.5358523084198272
S16,27,2023-09-01 10:45:00+00:00,2023-09-01 11:00:00+00:00,2023-09-01 11:45:00+00:00,SHORT,25978.46380187714,25978.46380187714,26036.144792491443,26036.144792491443,25805.420830034232,Stop loss,development,2023,0.2996515807746754,25.07732986256427,-17.284200018224986,7.793129844339283,-25.07732986256427,0.29,EXECUTABLE,24.269605524331194,17.284200018224983,16.727487278147745,3.220934376425999
S16,28,2023-09-01 13:45:00+00:00,2023-09-01 13:45:00+00:00,2023-09-01 14:45:00+00:00,SHORT,25978.93855052397,25978.93855052397,25759.01680838347,26052.245797904132,25759.01680838347,Take profit,development,2023,0.2518518061921873,25.01463653790786,55.38768797901673,6.515148752915797,48.87253922610186,0.25,EXECUTABLE,24.830709888595432,18.462562659671327,18.326811845040538,0.7352761213767822
S16,29,2023-09-04 15:00:00+00:00,2023-09-04 15:00:00+00:00,2023-09-04 15:30:00+00:00,SHORT,25829.409499400455,25829.409499400455,25897.362002398186,25897.362002398186,25625.551990407275,Stop loss,development,2023,0.2679377472330376,25.136817885973116,-18.207040572058105,6.929777313915011,-25.136817885973116,0.26,EXECUTABLE,24.392131074643718,18.2070405720581,17.667650779409886,2.962534138996764
S16,30,2023-09-09 13:30:00+00:00,2023-09-09 13:30:00+00:00,2023-09-09 15:00:00+00:00,SHORT,25836.30788331256,25836.30788331256,25868.768466749767,25868.768466749767,25738.926133000932,Stop loss,development,2023,0.38819750801086,25.07397584125818,-12.601117598903013,10.035890895302725,-22.637008494205737,0.38,EXECUTABLE,24.54449248914693,12.601117598903013,12.335021706139305,2.1116848618798145
S16,31,2023-09-10 10:00:00+00:00,2023-09-10 10:00:00+00:00,2023-09-10 16:45:00+00:00,SHORT,25821.071037270933,25821.071037270933,25705.136596334934,25859.715850916265,25705.136596334934,Take profit,development,2023,0.3875498934015836,25.017383320022663,44.93038022631832,9.984488137895909,34.94589208842241,0.38,EXECUTABLE,24.530017485407384,14.976793408772775,14.68502918522645,1.9481087545443532
S16,32,2023-09-11 19:45:00+00:00,2023-09-11 19:45:00+00:00,2023-09-11 21:00:00+00:00,SHORT,24996.682070367715,24996.682070367715,25170.271718529137,25170.271718529137,24475.91312588345,Stop loss,development,2023,0.1263620735979455,25.104748050243717,-21.935147896815057,3.1696001534286595,-25.104748050243717,0.12,EXECUTABLE,23.840775006704444,21.935147896815042,20.830757779370614,5.034796768362726
S16,33,2023-09-13 19:45:00+00:00,2023-09-13 19:45:00+00:00,2023-09-14 00:45:00+00:00,LONG,26202.996939771372,26202.996939771372,26511.95103634195,26100.01224091451,26511.95103634195,Take profit,development,2023,0.1939191761228807,25.041986180118112,59.91212386675548,5.111219640444208,54.80090422631127,0.19,EXECUTABLE,24.535878654968375,19.97070795558539,19.56709278280352,2.0210358775437642
S16,34,2023-09-14 11:30:00+00:00,2023-09-14 11:30:00+00:00,2023-09-14 12:15:00+00:00,LONG,26371.730658317265,26371.730658317265,26532.690533076227,26318.077366730944,26532.690533076227,Take profit,development,2023,0.3147444545742658,25.178988440683888,50.66122798935181,8.325686596226191,42.33554139312562,0.31,EXECUTABLE,24.799440635641936,16.8870759964506,16.632520391759464,1.5073989407321964
S16,35,2023-09-14 18:15:00+00:00,2023-09-14 18:15:00+00:00,2023-09-14 18:45:00+00:00,LONG,26710.96388201306,26710.96388201306,26603.144471947755,26603.144471947755,27034.422112208977,Stop loss,development,2023,0.1880241827938836,25.284827294166703,-20.27265646684768,5.012170827319023,-25.284827294166703,0.18,EXECUTABLE,24.20576356361145,20.272656466847682,19.407493811754975,4.267633383456804
S16,36,2023-09-18 07:30:00+00:00,2023-09-18 07:30:00+00:00,2023-09-18 10:45:00+00:00,LONG,26752.332580360588,26752.332580360588,27138.321285769423,26623.66967855764,27138.321285769423,Take profit,development,2023,0.1623525499359705,25.221615225931284,62.66625056960864,4.374642536441488,58.291608033167144,0.16,EXECUTABLE,24.856144469184695,20.888750189870134,20.586064288471825,1.449037872764125
S16,37,2023-09-19 12:00:00+00:00,2023-09-19 12:00:00+00:00,2023-09-19 12:45:00+00:00,LONG,27238.86872101686,27238.86872101686,27112.52511593256,27112.52511593256,27617.899536269764,Stop loss,development,2023,0.165238793526794,25.3673442460142,-20.87686487395563,4.490479372058575,-25.3673442460142,0.16,EXECUTABLE,24.563088320444127,20.87686487395563,20.214976813488175,3.170438015782595
S16,38,2023-09-19 15:30:00+00:00,2023-09-19 15:30:00+00:00,2023-09-19 17:00:00+00:00,LONG,27368.197914651268,27368.197914651268,27131.20834139493,27131.20834139493,28079.166634420293,Stop loss,development,2023,0.0957614107623886,25.303925885399167,-22.6944558710034,2.609470014395767,-25.303925885399167,0.09,EXECUTABLE,23.78153487459253,22.694455871003385,21.329061593070435,6.016422185638337
S16,39,2023-09-20 17:15:00+00:00,2023-09-20 17:15:00+00:00,2023-09-20 18:00:00+00:00,LONG,27226.902996622182,27226.902996622182,27139.38801351127,27139.38801351127,27489.44794595492,Stop loss,development,2023,0.2200617078522183,25.24066607068567,-19.258696646045333,5.981969424640335,-25.24066607068567,0.22,EXECUTABLE,25.233588295515318,19.258696646045333,19.25329628440064,0.02804115846439803
S16,40,2023-09-26 09:15:00+00:00,2023-09-26 09:15:00+00:00,2023-09-26 09:30:00+00:00,SHORT,26227.891514713298,26227.891514713298,26279.43394114682,26279.43394114682,26073.264235412713,Stop loss,development,2023,0.3236353482147016,25.177564405508953,-16.68095112664515,8.496613278864979,-25.177564405508953,0.32,EXECUTABLE,24.894748531665098,16.680951126643972,16.493576458727475,1.1232852760848178
S16,41,2023-09-27 17:30:00+00:00,2023-09-27 17:30:00+00:00,2023-09-27 19:00:00+00:00,SHORT,26186.241441697606,26186.241441697606,26268.03423320958,26268.03423320958,25940.86306716169,Stop loss,development,2023,0.2324998789182099,25.114620494495185,-19.01681412291602,6.097806371579162,-25.114620494495185,0.23,EXECUTABLE,24.844583750368034,19.016814122916017,18.812342047753702,1.0752172989687003
S16,42,2023-09-30 15:15:00+00:00,2023-09-30 15:15:00+00:00,2023-09-30 21:30:00+00:00,LONG,27025.081394632467,27026.0,26981.674421470136,26981.674421470136,27158.976735589593,Stop loss,development,2023,0.3557976002451258,25.051833943258956,-15.770934470402588,9.60790047698957,-25.378834947392157,0.35,EXECUTABLE,24.64362287463391,15.770934470402585,15.5139524854525,1.6294658089687997
S16,43,2023-10-02 11:30:00+00:00,2023-10-02 11:30:00+00:00,2023-10-02 11:30:00+00:00,LONG,28370.880962349664,28370.880962349664,28246.47615060135,28246.47615060135,28744.095397594607,Stop loss,development,2023,0.1636292039820315,24.988386855890468,-20.356260317911172,4.6321265379792935,-24.988386855890468,0.16,EXECUTABLE,24.434158448766397,20.356260317911165,19.904769879730303,2.2179439205913587
S16,44,2023-10-02 13:45:00+00:00,2023-10-02 13:45:00+00:00,2023-10-02 14:00:00+00:00,LONG,28490.04520691001,28490.04520691001,28298.81917235996,28298.81917235996,29063.723310560163,Stop loss,development,2023,0.1134954144246274,24.925915888750737,-21.70327804003614,3.2226378487146037,-24.925915888750744,0.11,EXECUTABLE,24.158251341365435,21.70327804003614,21.03486380050559,3.079784714076461
S16,45,2023-10-04 12:30:00+00:00,2023-10-04 12:30:00+00:00,2023-10-04 13:15:00+00:00,LONG,27613.226577913403,27613.226577913403,27535.09368834639,27535.09368834639,27847.62524661444,Stop loss,development,2023,0.2352123266098064,24.863601099028863,-18.37781873980401,6.485782359224855,-24.863601099028863,0.23,EXECUTABLE,24.312621431032685,18.377818739804002,17.9705646004128,2.2160091203268895
S16,46,2023-10-04 19:00:00+00:00,2023-10-04 19:00:00+00:00,2023-10-05 13:15:00+00:00,LONG,27630.12257546897,27630.12257546897,27982.96120750351,27512.50969812412,27982.96120750351,Take profit,development,2023,0.1708274261923494,24.801442096281292,60.27451537169022,4.75011998263234,55.52439538905789,0.17,EXECUTABLE,24.68131289187946,20.091505123897353,19.99418914862465,0.48436378794216584
S16,47,2023-10-06 09:45:00+00:00,2023-10-06 09:45:00+00:00,2023-10-06 12:30:00+00:00,LONG,27684.011855726276,27684.011855726276,27607.952577094893,27607.952577094893,27912.189691620424,Stop loss,development,2023,0.2404916865438328,24.94025308475394,-18.29162419536855,6.648628889385392,-24.94025308475394,0.24,EXECUTABLE,24.88926260347041,18.291624195368545,18.254226871531863,0.20445053668962654
S16,48,2023-10-06 15:15:00+00:00,2023-10-06 15:15:00+00:00,2023-10-06 21:30:00+00:00,LONG,27738.074204785025,27738.074204785025,28201.187276560384,27583.703180859902,28201.187276560384,Take profit,development,2023,0.1366678078269555,24.877902452042058,63.29264829554575,3.822548119057165,59.47010017648859,0.13,EXECUTABLE,23.664148640332463,21.09754943184908,20.06823311026601,4.878843037709412
S16,49,2023-10-07 11:30:00+00:00,2023-10-07 11:30:00+00:00,2023-10-07 11:45:00+00:00,LONG,28017.427241670444,28017.427241670444,27955.29103331822,27955.29103331822,28203.83586672712,Stop loss,development,2023,0.2776949037247309,25.026577702483273,-17.25490839619104,7.771669306292231,-25.026577702483273,0.27,EXECUTABLE,24.33309322222432,17.25490839619104,16.77677625510085,2.770992056936894
S16,50,2023-10-10 07:15:00+00:00,2023-10-10 07:15:00+00:00,2023-10-10 10:30:00+00:00,LONG,27691.47792515513,27691.47792515513,27623.088299379477,27623.088299379477,27896.64680248209,Stop loss,development,2023,0.2599147806761607,24.96401125822706,-17.77547458400362,7.18853667422344,-24.96401125822706,0.25,EXECUTABLE,24.011727221980138,17.77547458400362,17.097406443913314,3.814627490736655
S16,51,2023-10-11 07:30:00+00:00,2023-10-11 07:30:00+00:00,2023-10-11 09:00:00+00:00,SHORT,27041.5697688041,27041.5697688041,27113.720924783607,27113.720924783607,26825.11630086558,Stop loss,development,2023,0.2509513457508754,24.901601230081496,-18.106429690538647,6.795171539542849,-24.901601230081496,0.25,EXECUTABLE,24.80720033157526,18.106429690538643,18.03778899487679,0.3790956960317837
S16,52,2023-10-12 14:30:00+00:00,2023-10-12 14:30:00+00:00,2023-10-12 16:30:00+00:00,SHORT,26666.215061024708,26666.215061024708,26776.13975590117,26776.13975590117,26336.44097639532,Stop loss,development,2023,0.1817789795743901,24.83934722700629,-19.98199886466965,4.8573483623366425,-24.83934722700629,0.18,EXECUTABLE,24.596257011286685,19.981998864669638,19.786445077763346,0.9786497748834
S16,53,2023-10-16 12:30:00+00:00,2023-10-16 12:30:00+00:00,2023-10-16 13:15:00+00:00,LONG,27826.044827734684,27826.044827734684,28192.717243754945,27703.820689061264,28192.717243754945,Take profit,development,2023,0.1651936945966223,24.77724885893878,60.57197110905668,4.626973136659256,55.944997972397424,0.16,EXECUTABLE,23.99825142909095,20.19065703635222,19.555862187747262,3.1440029289886096
S16,54,2023-10-16 17:15:00+00:00,2023-10-16 17:15:00+00:00,2023-10-16 19:00:00+00:00,LONG,28237.963682735233,28237.963682735233,28810.41892376372,28047.14526905907,28810.41892376372,Take profit,development,2023,0.1137970459491481,24.917111353869775,65.14371536714918,3.2459687083981725,61.89774665875101,0.11,EXECUTABLE,24.085706496726452,21.71457178904986,20.99002550437792,3.336682351881848
S16,55,2023-10-17 14:15:00+00:00,2023-10-17 14:15:00+00:00,2023-10-20 03:15:00+00:00,LONG,28421.99163904497,28421.99163904497,29279.86622471949,28136.033443820128,29279.86622471949,Take profit,development,2023,0.0797864005307889,25.071855720516652,68.44672529781212,2.301911771444484,66.14481352636764,0.07,EXECUTABLE,21.99660454363917,22.81557509927068,20.017073665738863,12.265750134964925
S16,56,2023-10-20 07:15:00+00:00,2023-10-20 07:30:00+00:00,2023-10-20 08:15:00+00:00,LONG,29339.252970538517,29339.252970538517,29640.04752861626,29238.988117845936,29640.04752861626,Take profit,development,2023,0.1948008009619979,25.23721775433257,58.59502083855424,5.744607488706858,52.850413349847386,0.19,EXECUTABLE,24.615254914986824,19.531673612851407,19.05032201159029,2.4644667466918846
S16,57,2023-10-20 20:00:00+00:00,2023-10-20 20:00:00+00:00,2023-10-21 17:45:00+00:00,LONG,29592.55119063353,29592.55119063353,30158.819050136477,29403.79523746588,30158.819050136477,Take profit,development,2023,0.1162376364116913,25.36934378770719,65.82163756453019,3.4726790245734875,62.3489585399567,0.11,EXECUTABLE,24.007953901986834,21.940545854843396,20.763154848441374,5.366279463562728
S16,58,2023-10-23 11:45:00+00:00,2023-10-23 11:45:00+00:00,2023-10-23 13:15:00+00:00,LONG,30715.92735953798,30715.92735953798,30575.29056184808,30575.29056184808,31137.837752607673,Stop loss,development,2023,0.149024156556414,25.525216184057076,-20.958280156532116,4.566936027524962,-25.525216184057076,0.14,EXECUTABLE,23.979536931082777,20.958280156532116,19.689151676585755,6.055499165330169
S16,59,2023-10-23 15:15:00+00:00,2023-10-23 15:15:00+00:00,2023-10-23 20:15:00+00:00,LONG,30908.46550280428,30908.46550280428,31578.448044868477,30685.13798878288,31578.448044868477,Take profit,development,2023,0.1001927071273357,25.461403143596943,67.12736461746606,3.1303665141865635,63.996998103279495,0.1,EXECUTABLE,25.412431576719296,22.375788205821998,22.332751402139912,0.19233648122790603
S16,60,2023-10-24 09:30:00+00:00,2023-10-24 09:30:00+00:00,2023-10-24 15:15:00+00:00,LONG,34248.479964275066,34248.479964275066,34007.080142899744,34007.080142899744,34972.67942840103,Stop loss,development,2023,0.0929903048042389,25.621395638855137,-22.447842969380027,3.1735526694751175,-25.62139563885514,0.09,EXECUTABLE,24.797484128601848,22.447842969380023,21.725983923778983,3.215716746529673
S16,61,2023-10-25 13:15:00+00:00,2023-10-25 13:15:00+00:00,2023-10-26 10:45:00+00:00,LONG,34542.52321444333,34542.52321444333,34255.90714222667,34255.90714222667,35402.371431093314,Stop loss,development,2023,0.0796140967526907,25.557342149758,-22.81867970433341,2.7386624454245907,-25.557342149758,0.07,EXECUTABLE,22.471070117649703,22.818679704333395,20.06312505516624,12.075872420628532
S16,62,2023-10-29 08:45:00+00:00,2023-10-29 08:45:00+00:00,2023-10-29 12:00:00+00:00,LONG,34173.70245513494,34173.70245513494,34334.23928215902,34120.190179460245,34334.23928215902,Take profit,development,2023,0.290824493020402,25.49344879438361,46.68804133038195,9.961893711809878,36.72614761857207,0.29,EXECUTABLE,25.421174377677342,15.562680443460646,15.518559945661035,0.2835019196076316
S16,63,2023-10-30 12:15:00+00:00,2023-10-30 12:15:00+00:00,2023-10-30 13:00:00+00:00,LONG,34671.42310960482,34671.42310960482,34564.30756158072,34564.30756158072,34992.769753677116,Stop loss,development,2023,0.1805168136217783,25.58526416343004,-19.33615741866102,6.249106744769019,-25.58526416343004,0.18,EXECUTABLE,25.512014404744615,19.33615741866102,19.280798644337917,0.28629666755648486
S16,64,2023-10-30 14:15:00+00:00,2023-10-30 14:15:00+00:00,2023-10-30 14:15:00+00:00,LONG,34839.416835266704,34839.416835266704,34646.3326589332,34646.3326589332,35418.66936426722,Stop loss,development,2023,0.1120205036319066,25.521301003021463,-21.629386676231075,3.891914326790389,-25.521301003021463,0.11,EXECUTABLE,25.060975618866532,21.62938667623106,21.23925939668552,1.8036909015744729
S16,65,2023-11-02 09:30:00+00:00,2023-11-02 09:30:00+00:00,2023-11-02 13:00:00+00:00,LONG,35361.072935975644,35361.072935975644,35262.70825609743,35262.70825609743,35656.166975610286,Stop loss,development,2023,0.1904409849848571,25.45749775051391,-18.732666523727197,6.724831226786714,-25.45749775051391,0.19,EXECUTABLE,25.398548390107575,18.732666523727186,18.68928917686062,0.23155991599820291
S16,66,2023-11-08 18:45:00+00:00,2023-11-08 18:45:00+00:00,2023-11-08 21:00:00+00:00,LONG,35486.28709480889,35486.28709480889,35874.593516942274,35356.85162076443,35874.593516942274,Take profit,development,2023,0.1540356024957762,25.393854006137623,59.81301368629508,5.496058119830124,54.316955566464955,0.15,EXECUTABLE,24.728556510337224,19.93767122876502,19.415321106669214,2.6199154159096794
S16,67,2023-11-09 09:45:00+00:00,2023-11-09 09:45:00+00:00,2023-11-09 14:00:00+00:00,LONG,36826.10060523,36826.10060523,37397.60968368004,36635.597579079986,37397.60968368004,Take profit,development,2023,0.1123496501912233,25.52964639505378,64.20884504497067,4.169503943426872,60.039341101543805,0.11,EXECUTABLE,24.995726276638607,21.40294834832356,20.95533287650156,2.09137294795676
S16,68,2023-11-10 16:15:00+00:00,2023-11-10 16:15:00+00:00,2023-11-11 22:00:00+00:00,LONG,37401.32399213199,37401.32399213199,36921.70403147203,36921.70403147203,38840.18387411188,Stop loss,development,2023,0.0496916898271522,25.679744747807636,-23.83312632002581,1.8466184277818385,-25.679744747807643,0.04,EXECUTABLE,20.671258986870587,23.833126320025777,19.184798426398483,19.50364308572281
S16,69,2023-11-16 11:15:00+00:00,2023-11-16 11:15:00+00:00,2023-11-16 11:45:00+00:00,LONG,37458.92754260099,37458.92754260099,37280.28982959603,37280.28982959603,37994.84068161587,Stop loss,development,2023,0.1185864682058072,25.615545385938116,-21.184015473620644,4.43152991231748,-25.615545385938123,0.11,EXECUTABLE,23.760805386016287,21.18401547362064,19.65014843054545,7.240681281531513
S16,70,2023-11-18 19:00:00+00:00,2023-11-18 19:00:00+00:00,2023-11-18 20:00:00+00:00,LONG,36763.23960677605,36763.23960677605,36628.0415728958,36628.0415728958,37168.83370841679,Stop loss,development,2023,0.1486471599449142,25.55150652247328,-20.09680376643485,5.454702756038428,-25.55150652247328,0.14,EXECUTABLE,24.06511442581147,20.096803766434846,18.92772474323443,5.817238585734607
S16,71,2023-11-19 08:15:00+00:00,2023-11-19 08:15:00+00:00,2023-11-19 10:15:00+00:00,LONG,36690.27781145032,36690.27781145032,36605.88875419869,36605.88875419869,36943.44498320522,Stop loss,development,2023,0.2105769158427147,25.487627756167093,-17.770387406922957,7.717240349244138,-25.487627756167093,0.21,EXECUTABLE,25.41779951223588,17.770387406922953,17.721702022842727,0.27396917672857235
S16,72,2023-11-23 09:45:00+00:00,2023-11-23 09:45:00+00:00,2023-11-23 11:00:00+00:00,LONG,37550.32891462536,37550.32891462536,37439.68434149857,37439.68434149857,37882.262634005725,Stop loss,development,2023,0.1716213096381773,25.423908686776677,-18.98896654437654,6.434942142400136,-25.423908686776677,0.17,EXECUTABLE,25.183728558324606,18.988966544376535,18.809577431554064,0.9447018214669423
S16,73,2023-11-24 15:15:00+00:00,2023-11-24 15:15:00+00:00,2023-11-24 16:45:00+00:00,LONG,37970.760845241464,37970.760845241464,37663.95661903414,37663.95661903414,38891.17352386343,Stop loss,development,2023,0.073588974177328,25.360348915059735,-22.577408279865693,2.782940635194042,-25.360348915059735,0.07,EXECUTABLE,24.123510945762167,22.57740827986567,21.476295834512495,4.87705422918332
S16,74,2023-11-25 18:45:00+00:00,2023-11-25 19:00:00+00:00,2023-11-25 22:00:00+00:00,LONG,37842.811722960105,37842.811722960105,37776.75310815959,37776.75310815959,38040.987567361655,Stop loss,development,2023,0.2435480735314229,25.296948042772087,-16.088448374820214,9.208499667951871,-25.296948042772087,0.24,EXECUTABLE,24.928415331858403,16.08844837482021,15.854067552124032,1.4568267693421677
S16,75,2023-11-29 08:45:00+00:00,2023-11-29 08:45:00+00:00,2023-11-29 10:30:00+00:00,LONG,38256.28355515732,38256.28355515732,38108.8657793707,38108.8657793707,38698.53688251718,Stop loss,development,2023,0.13595720919145,25.233705672665156,-20.042509381159785,5.191196291505374,-25.233705672665156,0.13,EXECUTABLE,24.12804555900494,20.04250938115977,19.164310852260606,4.3816795202535115
S16,76,2023-11-29 12:30:00+00:00,2023-11-29 12:30:00+00:00,2023-11-29 14:15:00+00:00,LONG,38211.466039057595,38211.466039057595,38057.13584376963,38057.13584376963,38674.45662492149,Stop loss,development,2023,0.1307805953908792,25.17062140848349,-20.18339482655045,4.98722658193304,-25.17062140848349,0.13,EXECUTABLE,25.020384509818953,20.18339482655044,20.062925387435172,0.5968740152513696
S16,77,2023-12-01 16:15:00+00:00,2023-12-01 16:15:00+00:00,2023-12-01 16:30:00+00:00,LONG,38514.01610547847,38514.01610547847,38880.25768765553,38391.935578086115,38880.25768765553,Take profit,development,2023,0.1564015881366704,25.107694854962286,57.28076509417953,6.052293666965227,51.2284714272143,0.15,EXECUTABLE,24.080025485120494,19.093588364726504,18.31207910885314,4.093045481786561
S16,78,2023-12-03 16:00:00+00:00,2023-12-03 16:00:00+00:00,2023-12-03 17:00:00+00:00,LONG,39812.54196536124,39812.54196536124,39579.83213855504,39579.83213855504,40510.67144577983,Stop loss,development,2023,0.0926402676508832,25.23576603353032,-21.558300640317395,3.6774653932129286,-25.23576603353032,0.09,EXECUTABLE,24.516541247234574,21.55830064031738,20.943884412558326,2.850021613531073
S16,79,2023-12-04 08:30:00+00:00,2023-12-04 08:30:00+00:00,2023-12-04 15:30:00+00:00,LONG,41596.54756680403,41596.54756680403,41343.80973278387,41343.80973278387,42354.761068864515,Stop loss,development,2023,0.0855608125353315,25.172676618446484,-21.624454437184756,3.5482221812617287,-25.172676618446484,0.08,EXECUTABLE,23.536641013596427,21.624454437184745,20.2190267216129,6.499251667385952
S16,80,2023-12-04 17:00:00+00:00,2023-12-04 17:00:00+00:00,2023-12-05 16:30:00+00:00,LONG,41642.01211384323,41642.01211384323,42551.193821491695,41338.951544627074,42551.193821491695,Take profit,development,2023,0.0728767039041551,25.109744926900376,66.25816610337141,3.0678616698454815,63.19030443352594,0.07,EXECUTABLE,24.118573573177358,22.08605536779045,21.21423984513087,3.9473573172826737
S16,81,2023-12-06 08:15:00+00:00,2023-12-06 08:15:00+00:00,2023-12-06 11:15:00+00:00,LONG,43833.484751923184,43833.484751923184,43604.060992307255,43604.060992307255,44521.75603077097,Stop loss,development,2023,0.0925074555684226,25.26772068798419,-21.223408249011033,4.044312438973159,-25.26772068798419,0.09,EXECUTABLE,24.58282792392399,21.223408249011033,20.648138365433624,2.7105443047971245
S16,82,2023-12-17 08:15:00+00:00,2023-12-17 08:15:00+00:00,2023-12-17 16:30:00+00:00,SHORT,41699.1346855224,41699.1346855224,41973.46125791041,41973.46125791041,40876.154968358365,Stop loss,development,2023,0.0797201497999646,25.204551386264235,-21.869355444883045,3.3351959413811905,-25.204551386264235,0.07,EXECUTABLE,22.131400925180902,21.86935544488302,19.202860067160728,12.192839356617602
S16,83,2023-12-18 08:00:00+00:00,2023-12-18 08:00:00+00:00,2023-12-18 13:45:00+00:00,SHORT,41063.87725462901,41063.87725462901,41281.49098148396,41281.49098148396,40411.03607406416,Stop loss,development,2023,0.0971517009462333,25.141540007798568,-21.14154371320741,3.9999962945911545,-25.141540007798568,0.09,EXECUTABLE,23.290776987570595,21.141543713207408,19.585235416945505,7.361374918377672
S16,84,2023-12-19 10:45:00+00:00,2023-12-19 10:45:00+00:00,2023-12-19 12:15:00+00:00,LONG,43217.80264704477,43217.80264704477,42914.78941182092,42914.78941182092,44126.842352716325,Stop loss,development,2023,0.0724650951385647,25.07868615777907,-21.957882918740623,3.1208032390384437,-25.07868615777907,0.07,EXECUTABLE,24.225567187729858,21.95788291874062,21.210926465669548,3.4017689949223606
S16,85,2023-12-20 18:45:00+00:00,2023-12-20 18:45:00+00:00,2023-12-20 19:30:00+00:00,LONG,44191.91663568761,44191.91663568761,43912.333457249566,43912.333457249566,45030.666171001736,Stop loss,development,2023,0.0772968497968018,25.015989442384623,-21.610898949437814,3.4050904929468144,-25.01598944238463,0.07,EXECUTABLE,22.65447124391578,21.61089894943781,19.57082249066298,9.440035157944704
S16,86,2023-12-21 08:30:00+00:00,2023-12-21 08:30:00+00:00,2023-12-21 08:45:00+00:00,LONG,43928.39391622933,43928.39391622933,43708.42433508266,43708.42433508266,44588.30265966935,Stop loss,development,2023,0.0945966093566928,24.95344946877866,-20.80837653808723,4.145072930691427,-24.95344946877866,0.09,EXECUTABLE,23.74091912450968,20.80837653808722,19.797262303200622,4.859169253477679
S16,87,2023-12-28 15:30:00+00:00,2023-12-28 15:30:00+00:00,2023-12-28 23:15:00+00:00,SHORT,42448.68856913396,42448.68856913396,42735.24572346414,42735.24572346414,41589.01710614343,Stop loss,development,2023,0.0756224587003359,24.89106584510672,-21.670156568619653,3.2209092764870664,-24.89106584510672,0.07,EXECUTABLE,23.040438503353386,21.670156568619635,20.059000803112433,7.434905974977147
S16,88,2023-12-30 08:30:00+00:00,2023-12-30 08:30:00+00:00,2023-12-30 12:00:00+00:00,SHORT,41834.78794776541,41834.78794776541,42002.84820893833,42002.84820893833,41330.607164246656,Stop loss,development,2023,0.1182443425746361,24.828838180493953,-19.872175095313462,4.956663085180488,-24.828838180493953,0.11,EXECUTABLE,23.09769871763981,19.872175095313466,18.486628729021103,6.97229346886703
S16,89,2024-01-02 07:15:00+00:00,2024-01-02 07:15:00+00:00,2024-01-02 14:45:00+00:00,LONG,45439.10145154839,45439.10145154839,45180.594193806435,45180.594193806435,46214.62322477426,Stop loss,development,2024,0.0815186690657675,24.76676608504272,-21.07316759496559,3.693598490077129,-24.76676608504272,0.08,EXECUTABLE,24.30536844517069,21.073167594965575,20.68058061935648,1.8629708791519595
S16,90,2024-01-04 17:15:00+00:00,2024-01-04 17:15:00+00:00,2024-01-05 01:45:00+00:00,LONG,44202.230816843236,44202.230816843236,43849.07673262704,43849.07673262704,45261.69306949181,Stop loss,development,2024,0.0622006784505065,24.70484916983011,-21.96642363581449,2.738425534015631,-24.704849169830116,0.06,EXECUTABLE,23.830784279455653,21.96642363581446,21.189245052971525,3.5380296571163594
S16,91,2024-01-06 17:45:00+00:00,2024-01-06 17:45:00+00:00,2024-01-06 19:30:00+00:00,LONG,44015.090342814736,44015.090342814736,43880.63862874105,43880.63862874105,44418.445485035794,Stop loss,development,2024,0.1381342223221201,24.64308704690554,-18.57238296344469,6.07070408346085,-24.64308704690554,0.13,EXECUTABLE,23.191945212730328,18.57238296344469,17.4787228295792,5.888636563321448
S16,92,2024-01-07 18:15:00+00:00,2024-01-07 18:15:00+00:00,2024-01-07 22:15:00+00:00,LONG,44158.83388521109,44158.83388521109,43997.66445915563,43997.66445915563,44642.34216337746,Stop loss,development,2024,0.1197649586141467,24.581479329288275,-19.302449641397686,5.27902968789059,-24.581479329288275,0.11,EXECUTABLE,22.577244275040535,19.302449641397672,17.728636866100352,8.153435468221549
S16,93,2024-01-08 10:30:00+00:00,2024-01-08 10:30:00+00:00,2024-01-08 12:00:00+00:00,LONG,44035.10683211935,44035.10683211935,45077.70931390962,43687.5726715226,45077.70931390962,Take profit,development,2024,0.062647694235441,24.52002563096506,65.31664148830853,2.7913562291877483,62.525285259120785,0.06,EXECUTABLE,23.48373002091458,21.77221382943616,20.852049635805304,4.226323518772313
S16,94,2024-01-08 17:30:00+00:00,2024-01-08 17:30:00+00:00,2024-01-08 18:30:00+00:00,LONG,45397.26744508821,45397.26744508821,46832.27912141131,44918.93021964717,46832.27912141131,Take profit,development,2024,0.0471376489911597,24.676338844112855,67.64307669673421,2.1737419963327365,65.46933470040113,0.04,EXECUTABLE,20.939812970936003,22.547692232245083,19.133489017641697,15.142140399276826
S16,95,2024-01-09 12:15:00+00:00,2024-01-09 12:15:00+00:00,2024-01-09 12:45:00+00:00,LONG,46774.14006525128,46774.14006525128,46453.43973899486,46453.43973899486,47736.24104402056,Stop loss,development,2024,0.0676260755797958,24.84001218086386,-21.687704501882163,3.152307678981697,-24.84001218086386,0.06,EXECUTABLE,22.03884696951288,21.687704501882163,19.24201957538549,11.276827044025895
S16,96,2024-01-09 19:30:00+00:00,2024-01-09 19:30:00+00:00,2024-01-09 21:00:00+00:00,LONG,46787.39033176733,46787.39033176733,47477.245308277335,46557.438672930664,47477.245308277335,Take profit,development,2024,0.0895725084636618,24.777912150411694,61.792040722141515,4.221759936845951,57.570280785295566,0.08,EXECUTABLE,22.129925867121354,20.597346907380494,18.39613270693342,10.686882200631032
S16,97,2024-01-13 11:45:00+00:00,2024-01-13 11:45:00+00:00,2024-01-13 13:30:00+00:00,SHORT,42541.1122106759,42541.1122106759,42768.551157296395,42768.551157296395,41858.79537081441,Stop loss,development,2024,0.0922710549233017,24.92183785237494,-20.986031535317657,3.9358063170572786,-24.92183785237494,0.09,EXECUTABLE,24.308440047403383,20.986031535317643,20.46950519584461,2.46128639711497
S16,98,2024-01-14 20:00:00+00:00,2024-01-14 20:00:00+00:00,2024-01-14 21:30:00+00:00,SHORT,42616.207659329135,42616.207659329135,42040.32254926614,42808.16936268347,42040.32254926614,Take profit,development,2024,0.1059322494724251,24.859533257744,61.00480514664851,4.483928338763404,56.5208768078851,0.1,EXECUTABLE,23.4673891865339,20.334935048882837,19.196170335433273,5.600041065841143
S16,99,2024-01-17 08:00:00+00:00,2024-01-17 08:00:00+00:00,2024-01-17 14:45:00+00:00,SHORT,42589.368387027665,42589.368387027665,42824.52645188933,42824.52645188933,41883.89419244267,Stop loss,development,2024,0.0899747515691887,25.000835449763713,-21.158288465419528,3.8425469843441857,-25.000835449763713,0.08,EXECUTABLE,22.22920098248993,21.158288465419513,18.81264518893324,11.086167391658009
S16,100,2024-01-17 16:45:00+00:00,2024-01-17 16:45:00+00:00,2024-01-17 18:45:00+00:00,SHORT,42235.06585913735,42235.06585913735,42562.73656345061,42562.73656345061,41252.05374619756,Stop loss,development,2024,0.067388223698594,24.9383333611393,-22.081146721738033,2.8571866394012706,-24.938333361139307,0.06,EXECUTABLE,22.20417633147343,22.081146721738005,19.66024225879577,10.963671830317367
S16,101,2024-01-18 16:15:00+00:00,2024-01-18 16:15:00+00:00,2024-01-18 16:45:00+00:00,SHORT,42423.78649689054,42423.78649689054,41679.58395024866,42671.854012437834,41679.58395024866,Take profit,development,2024,0.0855976421859873,24.875987527736456,63.701983301352016,3.5995251050848807,60.102458196267136,0.08,EXECUTABLE,23.249226864156558,21.233994433784,19.845401243783417,6.539481746266662
S16,102,2024-01-22 10:00:00+00:00,2024-01-22 10:15:00+00:00,2024-01-22 13:00:00+00:00,SHORT,40592.63196535747,40592.63196535747,40990.472138570134,40990.472138570134,39399.11144571947,Stop loss,development,2024,0.0570552521209646,25.02624367322712,-22.698871386496876,2.3273722867302458,-25.02624367322712,0.05,EXECUTABLE,21.931586263231484,22.698871386496876,19.892008660633294,12.365648838088628
S16,103,2024-01-22 14:15:00+00:00,2024-01-22 14:15:00+00:00,2024-01-22 19:15:00+00:00,SHORT,40735.5701804649,40735.5701804649,40006.122887438374,40978.71927814041,40006.122887438374,Take profit,development,2024,0.0878983428415697,24.963678064044057,64.11720824730054,3.548530509445679,60.568677737854856,0.08,EXECUTABLE,22.72049939238491,21.372402749100164,19.451927814040683,8.985769909002583
S16,104,2024-01-23 19:00:00+00:00,2024-01-23 19:00:00+00:00,2024-01-23 22:30:00+00:00,SHORT,39067.094817580626,39067.094817580626,39451.62072967749,39451.62072967749,37913.51708129004,Stop loss,development,2024,0.0592637393132231,25.115099758388688,-22.788443413687784,2.3266563447009116,-25.115099758388695,0.05,EXECUTABLE,21.18926349352456,22.78844341368778,19.22629560484311,15.631378344626567
S16,105,2024-01-25 17:15:00+00:00,2024-01-25 17:15:00+00:00,2024-01-25 18:00:00+00:00,SHORT,39553.69568817938,39553.69568817938,39824.217247282475,39824.217247282475,38742.1310108701,Stop loss,development,2024,0.0807590676379665,25.05231200899272,-21.847068889134924,3.2052431198577933,-25.05231200899272,0.08,EXECUTABLE,24.816841245666,21.847068889134903,21.6417247282475,0.9399162969157993
S16,106,2024-01-30 20:00:00+00:00,2024-01-30 20:00:00+00:00,2024-01-30 22:45:00+00:00,LONG,43584.21827845922,43584.21827845922,43353.126886163125,43353.126886163125,44277.492455347514,Stop loss,development,2024,0.091017174111017,24.98968122897024,-21.03328548817123,3.956395740799011,-24.98968122897024,0.09,EXECUTABLE,24.71040583905678,21.03328548817121,20.798225306648746,1.1175628346539401
S16,107,2024-02-01 17:15:00+00:00,2024-02-01 17:15:00+00:00,2024-02-04 22:30:00+00:00,LONG,42915.378729115546,42915.378729115546,42483.48508353781,42483.48508353781,44211.05966584875,Stop loss,development,2024,0.0525233262104099,24.927207025897815,-22.68449083488263,2.2427161910151825,-24.927207025897815,0.05,EXECUTABLE,23.729653874203184,22.684490834882617,21.594682278886832,4.804201090200156
S16,108,2024-02-05 07:30:00+00:00,2024-02-05 07:30:00+00:00,2024-02-05 13:30:00+00:00,LONG,42901.04383465132,42901.04383465132,43396.70135442107,42735.824661394734,43396.70135442107,Take profit,development,2024,0.1195211255627537,24.86488900833307,59.24154465652376,5.157201819262826,54.084342837260934,0.11,EXECUTABLE,22.88413682550683,19.747181552174574,18.174109058224275,7.966060826422439
S16,109,2024-02-06 20:00:00+00:00,2024-02-06 20:00:00+00:00,2024-02-06 20:30:00+00:00,LONG,43275.68264079,43275.68264079,43101.26943684,43101.26943684,43798.92225263999,Stop loss,development,2024,0.1148892778158277,25.000099865426225,-20.03820704336059,4.961892822065634,-25.000099865426225,0.11,EXECUTABLE,23.936184798770057,20.038207043360586,19.1854524345004,4.25564326695953
S16,110,2024-02-08 08:15:00+00:00,2024-02-08 08:15:00+00:00,2024-02-08 14:00:00+00:00,LONG,44625.225184852854,44625.225184852854,45057.602957645664,44481.099260588584,45057.602957645664,Take profit,development,2024,0.1321693891998045,24.937599615762657,57.14710613359756,5.926662308652535,51.22044382494503,0.13,EXECUTABLE,24.5282812433088,19.04903537786585,18.7363701543551,1.6413703754997067
S16,111,2024-02-08 19:00:00+00:00,2024-02-08 19:00:00+00:00,2024-02-09 02:45:00+00:00,LONG,45328.11017704728,45328.11017704728,46007.76283275655,45101.55929181086,46007.76283275655,Take profit,development,2024,0.0922325697590318,25.065650725325018,62.686110979616075,4.212071139439401,58.47403984017667,0.09,EXECUTABLE,24.45891479737659,20.89537032653869,20.389579671277968,2.420587179631495
S16,112,2024-02-09 11:00:00+00:00,2024-02-09 11:00:00+00:00,2024-02-09 12:00:00+00:00,LONG,46802.26284426482,46802.26284426482,47580.20550823712,46542.94862294072,47580.20550823712,Take profit,development,2024,0.0823951673585313,25.211835824925465,64.09871599333954,3.888329637807841,60.210386355531696,0.08,EXECUTABLE,24.478946164616293,21.36623866444651,20.745137705928066,2.906926990158354
S16,113,2024-02-09 17:30:00+00:00,2024-02-09 17:45:00+00:00,2024-02-09 22:30:00+00:00,LONG,47634.85209596314,47634.85209596314,47176.591616147416,47176.591616147416,49009.63353541032,Stop loss,development,2024,0.0501563317994437,25.36236179081429,-22.98466467620984,2.377697114604449,-25.36236179081429,0.05,EXECUTABLE,25.283310083589082,22.98466467620984,22.913023990786314,0.3116890606530087
S16,114,2024-02-14 20:00:00+00:00,2024-02-14 20:00:00+00:00,2024-02-17 13:30:00+00:00,LONG,51753.32123005914,51753.32123005914,51333.715079763446,51333.715079763446,53012.139680946224,Stop loss,development,2024,0.0536962192280297,25.298955886337257,-22.531263835707207,2.7676920506300475,-25.298955886337257,0.05,EXECUTABLE,23.55748342253031,22.531263835707193,20.980307514784727,6.883574451178964
S17,1,2024-02-27 09:30:00+00:00,2024-02-27 09:30:00+00:00,2024-02-27 19:45:00+00:00,LONG,56504.14558571918,56504.14558571918,57559.32937150695,56152.41765712326,57559.32937150695,Take profit,development,2024,0.0612660691689612,25.0,64.64696280603984,3.4941103731907477,61.152852432849095,0.06,EXECUTABLE,24.483372613040668,21.548987602013263,21.10367571575538,2.066509547837325
S17,2,2024-02-29 11:15:00+00:00,2024-02-29 11:15:00+00:00,2024-02-29 12:00:00+00:00,LONG,62967.79467479211,62967.79467479211,62442.82130083157,62442.82130083157,64542.71479667372,Stop loss,development,2024,0.0428003991019242,25.15288213108212,-22.469069923394706,2.683812207687428,-25.152882131082126,0.04,EXECUTABLE,23.507147277933964,22.469069923394652,20.99893495842145,6.542927544332877
S17,3,2024-03-01 12:30:00+00:00,2024-03-01 12:30:00+00:00,2024-03-01 14:30:00+00:00,LONG,62236.37470709144,62236.37470709144,61850.50117163425,61850.50117163425,63393.99531346301,Stop loss,development,2024,0.0560148451966376,25.08999992575442,-21.614646354113816,3.475353571640605,-25.08999992575442,0.05,EXECUTABLE,22.395848669827704,21.6146463541138,19.293676772859545,10.737948441208323
S17,4,2024-03-01 18:30:00+00:00,2024-03-01 18:30:00+00:00,2024-03-02 09:30:00+00:00,LONG,62298.92164825584,62298.92164825584,61764.31340697665,61764.31340697665,63902.7463720934,Stop loss,development,2024,0.0419470381613308,25.02727492594003,-22.425232298300035,2.602042627639997,-25.02727492594003,0.04,EXECUTABLE,23.86559435227216,22.425232298300024,21.3843296511675,4.641658259261061
S17,5,2024-03-03 16:15:00+00:00,2024-03-03 16:15:00+00:00,2024-03-03 22:15:00+00:00,LONG,62331.637856514026,62331.637856514026,63064.205704224434,62087.44857394389,63064.205704224434,Take profit,development,2024,0.0814778146575312,24.964706738625186,59.688027319815234,5.108489650233317,54.57953766958192,0.08,EXECUTABLE,24.511906062829222,19.896009106605067,19.53514260561089,1.8137632479992005
S17,6,2024-03-04 12:00:00+00:00,2024-03-04 12:00:00+00:00,2024-03-04 14:00:00+00:00,LONG,65261.45800727017,65261.45800727017,64812.16797091931,64812.16797091931,66609.32811632275,Stop loss,development,2024,0.0488038989506613,25.101155582799137,-21.9271055336063,3.174050049192836,-25.101155582799137,0.04,EXECUTABLE,20.57307397359818,21.9271055336063,17.97160145403439,18.03933525795075
S17,7,2024-03-05 14:45:00+00:00,2024-03-05 14:45:00+00:00,2024-03-05 15:15:00+00:00,LONG,68466.95315447488,68466.95315447488,67217.18738210053,67217.18738210053,72216.25047159792,Stop loss,development,2024,0.019002924757661,25.038402693842137,-23.74920493712991,1.289197756712228,-25.038402693842137,0.01,EXECUTABLE,13.17607842642641,23.7492049371298,12.497657723743469,47.37652162744834
S17,8,2024-03-06 11:30:00+00:00,2024-03-06 11:45:00+00:00,2024-03-06 12:30:00+00:00,LONG,67241.11254203178,67241.11254203178,66334.5498318729,66334.5498318729,69960.80067250846,Stop loss,development,2024,0.025659621715085,24.975806687107532,-23.26205620367938,1.7137504834281534,-24.975806687107532,0.02,EXECUTABLE,19.467010826916862,23.26205620367938,18.131254203177814,22.056528260343644
S17,9,2024-03-06 14:15:00+00:00,2024-03-06 14:15:00+00:00,2024-03-06 15:00:00+00:00,LONG,66976.47771716285,66976.47771716285,65774.08913134862,65774.08913134862,70583.64347460555,Stop loss,development,2024,0.019635936815684,24.913367170389765,-23.610026298947957,1.3033408714418075,-24.913367170389765,0.01,EXECUTABLE,12.68763869238491,23.610026298947883,12.023885858142313,49.07296711195055
S17,10,2024-03-06 16:15:00+00:00,2024-03-06 16:15:00+00:00,2024-03-06 22:30:00+00:00,LONG,66921.29508936295,66921.29508936295,66168.8196425482,66168.8196425482,69178.72142980718,Stop loss,development,2024,0.0303424439627715,24.851083752463794,-22.831944078337862,2.0191396741259267,-24.851083752463794,0.03,EXECUTABLE,24.570615125421043,22.831944078337816,22.574263404442316,1.1285971663708483
S17,11,2024-03-07 17:15:00+00:00,2024-03-07 17:15:00+00:00,2024-03-07 23:15:00+00:00,LONG,67993.43197383684,67993.43197383684,67057.27210465267,67057.27210465267,70801.91158138933,Stop loss,development,2024,0.0246979386753019,24.78895604308263,-23.12121903938919,1.667737003693442,-24.78895604308263,0.02,EXECUTABLE,20.073704424468225,23.121219039389146,18.723197383683292,19.02158207235274
S17,12,2024-03-08 11:45:00+00:00,2024-03-08 11:45:00+00:00,2024-03-08 14:30:00+00:00,LONG,67610.5764728348,67610.5764728348,68522.2235653568,67306.6941086608,68522.2235653568,Take profit,development,2024,0.0665883478759855,24.726983652974926,60.70507373698612,4.532429123137543,56.172644613848576,0.06,EXECUTABLE,22.280459967885005,20.235024578995347,18.23294185044011,9.89414527637129
S17,13,2024-03-10 16:30:00+00:00,2024-03-10 16:30:00+00:00,2024-03-10 21:15:00+00:00,LONG,69768.33839538021,69768.33839538021,69263.64641847918,69263.64641847918,71282.4143260833,Stop loss,development,2024,0.0433073321752745,24.867415264509543,-21.856863089848776,3.0105521746607664,-24.867415264509543,0.04,EXECUTABLE,22.9683187723183,21.85686308984876,20.187679076041096,7.636887356369549
S17,14,2024-03-11 15:15:00+00:00,2024-03-11 15:30:00+00:00,2024-03-11 19:45:00+00:00,LONG,72638.81094092924,72638.81094092924,71828.75623628306,71828.75623628306,75068.97505486775,Stop loss,development,2024,0.0281146666392269,24.80524672634827,-22.774417980664555,2.0308287456837224,-24.805246726348276,0.02,EXECUTABLE,17.645769764695576,22.774417980664545,16.201094092923448,28.862752467798913
S17,15,2024-03-13 17:00:00+00:00,2024-03-13 17:00:00+00:00,2024-03-14 01:30:00+00:00,LONG,73118.2495488578,73118.2495488578,72557.00180456879,72557.00180456879,74801.99278172482,Stop loss,development,2024,0.0390219279319912,24.743233609532403,-21.900969029638343,2.842264579894062,-24.743233609532403,0.03,EXECUTABLE,19.02256109897168,21.900969029638315,16.837432328670257,23.120149131828992
S17,16,2024-03-16 17:30:00+00:00,2024-03-16 17:30:00+00:00,2024-03-16 21:15:00+00:00,SHORT,67793.95953750752,67793.95953750752,66344.35260012033,68277.16184996991,66344.35260012033,Take profit,development,2024,0.0447744553257822,24.681375525508574,64.90536105798667,3.0029849321410285,61.90237612584564,0.04,EXECUTABLE,22.04951492624541,21.635120352662184,19.328092498495828,10.663346524358397
S17,17,2024-03-18 14:45:00+00:00,2024-03-18 14:45:00+00:00,2024-03-18 16:15:00+00:00,SHORT,66786.19164896327,66786.19164896327,67830.23340414693,67830.23340414693,63654.0663834123,Stop loss,development,2024,0.0223477142101283,24.836131465823183,-23.33194676828515,1.5041846975380326,-24.836131465823183,0.02,EXECUTABLE,22.226999354204285,23.33194676828513,20.880835103673164,10.50538855139056
S17,18,2024-03-19 11:15:00+00:00,2024-03-19 11:15:00+00:00,2024-03-19 12:00:00+00:00,SHORT,62570.68329285332,62570.68329285332,63541.26682858671,63541.26682858671,59658.93268565314,Stop loss,development,2024,0.0239677768491313,24.774041137158623,-23.262729597898904,1.511311539259732,-24.774041137158633,0.02,EXECUTABLE,20.672790215882326,23.262729597898808,19.411670714667853,16.554630302622787
S17,19,2024-03-19 14:15:00+00:00,2024-03-19 14:15:00+00:00,2024-03-19 15:30:00+00:00,SHORT,62600.7367714811,62600.7367714811,63700.05291407561,63700.05291407561,59302.78834369755,Stop loss,development,2024,0.0212583375421667,24.712106034315727,-23.369633624826857,1.3424724094888858,-24.712106034315735,0.02,EXECUTABLE,23.24933074874585,23.36963362482685,21.98632285189029,5.919265980562871
S17,20,2024-03-21 18:00:00+00:00,2024-03-21 18:00:00+00:00,2024-03-22 06:00:00+00:00,SHORT,65639.88471744336,65639.88471744336,66478.46113022654,66478.46113022654,63124.155479093824,Stop loss,development,2024,0.0272489012799165,24.650325769229944,-22.850285887595422,1.8000398816345178,-24.650325769229944,0.02,EXECUTABLE,18.09271171414034,22.85028588759535,16.77152825566358,26.602545201553575
S17,21,2024-03-22 16:45:00+00:00,2024-03-22 16:45:00+00:00,2024-03-22 18:00:00+00:00,SHORT,62969.59001742997,62969.59001742997,63864.63993028013,63864.63993028013,60284.44027887948,Stop loss,development,2024,0.0256541949185565,24.588699954806867,-22.96178492609508,1.6269150287117875,-24.588699954806867,0.02,EXECUTABLE,19.169340556480353,22.96178492609505,17.90099825700323,22.040040377437997
S17,22,2024-03-28 08:45:00+00:00,2024-03-28 08:45:00+00:00,2024-03-29 05:15:00+00:00,LONG,70700.39568829193,70700.39568829193,70247.41724683228,70247.41724683228,72059.33101267088,Stop loss,development,2024,0.046856659067523,24.527228204919847,-21.225056396412793,3.3021718085070644,-24.527228204919854,0.04,EXECUTABLE,20.938093917088516,21.22505639641278,18.119137658386027,14.63326494883509
S19,1,2024-04-16 16:00:00+00:00,2024-04-16 16:00:00+00:00,2024-04-16 16:45:00+00:00,SHORT,61751.174523876485,61751.174523876485,62419.30190449405,62419.30190449405,59746.792382023785,Stop loss,development,2024,0.0342366036347014,24.999999999999996,-22.87441230769492,2.1255876923050785,-24.999999999999996,0.03,EXECUTABLE,21.906378564952565,22.874412307694914,20.043821418527003,12.374485740189723
S19,2,2024-04-22 13:00:00+00:00,2024-04-22 13:00:00+00:00,2024-04-22 13:30:00+00:00,LONG,66018.53508752813,66018.53508752813,65820.85964988745,65820.85964988745,66611.56140045015,Stop loss,development,2024,0.0946053120408019,24.9375,-18.701146460798167,6.236353539201833,-24.9375,0.09,EXECUTABLE,23.723562150844483,18.701146460798157,17.79078938766077,4.867921199621117
S19,3,2024-04-22 14:15:00+00:00,2024-04-22 14:15:00+00:00,2024-04-22 15:00:00+00:00,LONG,66337.2097702103,66337.2097702103,65877.1609191588,65877.1609191588,67717.3563233648,Stop loss,development,2024,0.0472771469474686,24.87515625,-21.749797134175804,3.1253591158241947,-24.87515625,0.04,EXECUTABLE,21.046241455847337,21.749797134175804,18.401954042059952,15.392525601332308
S19,4,2024-04-27 10:45:00+00:00,2024-04-27 10:45:00+00:00,2024-04-27 12:00:00+00:00,SHORT,62767.81863918683,62767.81863918683,62969.72544325267,62969.72544325267,62162.098226989314,Stop loss,development,2024,0.0937132069513172,24.812968359375,-18.921334114300983,5.891634245074014,-24.812968359375,0.09,EXECUTABLE,23.829801849635253,18.92133411430098,18.171612365925466,3.9623091260190924
S19,5,2024-04-27 15:30:00+00:00,2024-04-27 15:30:00+00:00,2024-04-27 17:30:00+00:00,SHORT,62971.978101274464,62971.978101274464,63198.08759490215,63198.08759490215,62293.64962039141,Stop loss,development,2024,0.0855857689981208,24.75093593847656,-19.351754889901205,5.399181048575354,-24.75093593847656,0.08,EXECUTABLE,23.13556211806195,19.35175488990119,18.08875949021487,6.526516106016933
S19,6,2024-04-30 16:30:00+00:00,2024-04-30 16:30:00+00:00,2024-04-30 22:30:00+00:00,SHORT,60174.490638966054,60174.490638966054,60906.03744413578,60906.03744413578,57979.85022345688,Stop loss,development,2024,0.0311696271259858,24.689058598630368,-22.8020411423465,1.8870174562838689,-24.689058598630368,0.03,EXECUTABLE,23.762612076338268,22.80204114234649,21.94640415509173,3.752457869509429
S19,7,2024-05-01 15:15:00+00:00,2024-05-01 15:15:00+00:00,2024-05-01 17:45:00+00:00,SHORT,56886.76763864596,56886.76763864596,57605.92944541616,57605.92944541616,54729.28221833536,Stop loss,development,2024,0.0317195740199688,24.62733595213379,-22.8115061621819,1.81582978995189,-24.62733595213379,0.03,EXECUTABLE,23.292244659366975,22.811506162181864,21.574854203106007,5.421176270798133
S19,8,2024-05-04 18:45:00+00:00,2024-05-04 18:45:00+00:00,2024-05-05 01:00:00+00:00,LONG,63752.50890833162,63764.0,63422.964366673536,63422.964366673536,64787.10689997939,Stop loss,development,2024,0.0624872821910162,24.565767612253456,-21.310389856862724,3.9737838666995273,-25.28417372356225,0.06,EXECUTABLE,23.587936697735216,21.310389856862713,20.462137999587867,3.980461469604135
S19,9,2024-05-05 11:45:00+00:00,2024-05-05 11:45:00+00:00,2024-05-05 12:30:00+00:00,LONG,63912.28632785844,63912.28632785844,63680.85468856624,63680.85468856624,64606.581245735055,Stop loss,development,2024,0.0829953113034476,24.502557177944546,-19.20774094852312,5.29481622942143,-24.502557177944553,0.08,EXECUTABLE,23.61825678403278,19.207740948523117,18.514531143375788,3.609012673614942
S19,10,2024-05-05 15:30:00+00:00,2024-05-05 15:45:00+00:00,2024-05-05 18:30:00+00:00,LONG,64461.59632530096,64461.59632530096,63966.61469879614,63966.61469879614,65946.54120481542,Stop loss,development,2024,0.0437079530218273,24.44130078499969,-21.634633677940407,2.8066671070592815,-24.44130078499969,0.04,EXECUTABLE,22.36782928067481,21.63463367794039,19.799265060192848,8.48347443765116
S19,11,2024-05-06 08:00:00+00:00,2024-05-06 08:00:00+00:00,2024-05-06 08:30:00+00:00,LONG,64575.88796397084,64575.88796397084,65453.20742353341,64283.44814411665,65453.20742353341,Take profit,development,2024,0.0683168451187578,24.38019753303719,59.9356976386083,4.4415887852601585,55.494108853348145,0.06,EXECUTABLE,21.412169274494005,19.978565879536088,17.546389191251365,12.173930315869107
S19,12,2024-05-09 09:30:00+00:00,2024-05-09 09:30:00+00:00,2024-05-09 12:30:00+00:00,SHORT,60975.73936489512,60975.73936489512,61357.04254041951,61357.04254041951,59831.82983832194,Stop loss,development,2024,0.0554138287981943,24.518932805170557,-21.12946888871659,3.389463916453974,-24.518932805170564,0.05,EXECUTABLE,22.123478323852552,21.129468888716588,19.065158776219686,9.769815433454966
S19,13,2024-05-09 13:45:00+00:00,2024-05-09 13:45:00+00:00,2024-05-09 14:45:00+00:00,SHORT,60887.60591129557,60887.60591129557,61491.57635481773,61491.57635481773,59075.6945807291,Stop loss,development,2024,0.0367695504824418,24.45763547315763,-22.207721712990736,2.2499137601669,-24.457635473157637,0.03,EXECUTABLE,19.95480103965642,22.207721712990732,18.119113305664722,18.4107512700608
S19,14,2024-05-15 18:15:00+00:00,2024-05-15 18:15:00+00:00,2024-05-15 19:30:00+00:00,LONG,65268.49213874196,65268.49213874196,66298.87421987136,64925.03144503216,66298.87421987136,Take profit,development,2024,0.0597137343987938,24.39649138447474,61.527961921837345,3.9281893851435177,57.59977253669383,0.05,EXECUTABLE,20.42787277508434,20.509320640612447,17.173034685489984,16.267169515678482
S19,15,2024-05-16 07:15:00+00:00,2024-05-16 07:15:00+00:00,2024-05-16 12:30:00+00:00,LONG,66088.10102620858,66088.10102620858,66701.61641933718,65883.59589516571,66701.61641933718,Take profit,development,2024,0.0907257271974717,24.540490815816476,55.66163018843537,6.02372183979697,49.637908348638405,0.09,EXECUTABLE,24.344188155319983,18.553876729478443,18.40546179385812,0.7999133430940719
S19,16,2024-05-17 10:30:00+00:00,2024-05-17 10:30:00+00:00,2024-05-17 12:15:00+00:00,LONG,66423.47405024392,66423.47405024392,66170.10379902432,66170.10379902432,67183.58480390273,Stop loss,development,2024,0.0771571118985527,24.66458558668807,-19.54931682511534,5.115268761572725,-24.66458558668807,0.07,EXECUTABLE,22.376692810096625,19.549316825115337,17.735917585372228,9.276023586734262
S19,17,2024-05-17 15:00:00+00:00,2024-05-17 15:00:00+00:00,2024-05-19 19:00:00+00:00,LONG,66883.8853030017,66883.8853030017,66265.45878799318,66265.45878799318,68739.16484802729,Stop loss,development,2024,0.0359166153105965,24.60292412272135,-22.211787237434095,2.391136885287255,-24.60292412272135,0.03,EXECUTABLE,20.550035611620732,22.211787237434084,18.552795450255797,16.47319843318008
S19,18,2024-05-22 15:45:00+00:00,2024-05-22 16:00:00+00:00,2024-05-22 17:30:00+00:00,LONG,70571.45217149427,70571.45217149427,69878.1913140229,69878.1913140229,72651.23474390837,Stop loss,development,2024,0.0321439124276379,24.541416812414543,-22.284116292068823,2.257300520345719,-24.541416812414543,0.03,EXECUTABLE,22.904570376423813,22.284116292068774,20.797825724141003,6.669730800394191
S19,19,2024-05-23 11:30:00+00:00,2024-05-23 11:30:00+00:00,2024-05-23 12:45:00+00:00,LONG,69921.67429950288,69921.67429950288,69496.30280198848,69496.30280198848,71197.78879204606,Stop loss,development,2024,0.0494466333443053,24.48006327038351,-21.03318847271241,3.4468747976711,-24.48006327038351,0.04,EXECUTABLE,19.803219442605666,21.0331884727124,17.01485990057583,19.104704820906193
S19,20,2024-05-24 17:15:00+00:00,2024-05-24 17:15:00+00:00,2024-05-27 15:30:00+00:00,LONG,68626.81568476743,68626.81568476743,70142.0509562788,68121.7372609303,70142.0509562788,Take profit,development,2024,0.0425821747792069,24.418863112207553,64.52201316311668,2.954540066610744,61.56747309650594,0.04,EXECUTABLE,22.93810801239904,21.507337721038883,20.20313695348508,6.063980509675115
S19,21,2024-06-03 12:30:00+00:00,2024-06-03 12:30:00+00:00,2024-06-03 14:45:00+00:00,LONG,69440.56176501849,69440.56176501849,69025.75293992608,69025.75293992608,70684.9882402957,Stop loss,development,2024,0.0507658068641746,24.57278179494882,-21.058104700196203,3.514677094752618,-24.57278179494882,0.05,EXECUTABLE,24.202099122243855,21.0581047001962,20.740441254620237,1.508509194433827
S19,22,2024-06-05 07:15:00+00:00,2024-06-05 07:15:00+00:00,2024-06-05 08:45:00+00:00,LONG,71193.50731614891,71193.50731614891,70955.97073540435,70955.97073540435,71906.1170583826,Stop loss,development,2024,0.0794246622538088,24.51134984046145,-18.86626269856153,5.645087141899916,-24.51134984046145,0.07,EXECUTABLE,21.60279238392381,18.86626269856152,16.627560652119428,11.866165982162347
S19,23,2024-06-06 12:30:00+00:00,2024-06-06 12:30:00+00:00,2024-06-06 12:45:00+00:00,LONG,71360.01061066275,71360.01061066275,71056.957557349,71056.957557349,72269.169770604,Stop loss,development,2024,0.0653288383194861,24.450071465860297,-19.798103922160575,4.651967543699722,-24.450071465860297,0.06,EXECUTABLE,22.455692243865354,19.798103922160568,18.183183198824988,8.15694639085085
S19,24,2024-06-07 09:30:00+00:00,2024-06-07 09:30:00+00:00,2024-06-07 12:00:00+00:00,LONG,71173.73225392343,71173.73225392343,71778.71606277488,70972.07098430628,71778.71606277488,Take profit,development,2024,0.0894238744512431,24.38894628719564,54.09999616776709,6.391680895385127,47.70831527238196,0.08,EXECUTABLE,21.818733698901237,18.033332055922354,16.132901569372045,10.538432280052135
S19,25,2024-06-10 13:15:00+00:00,2024-06-10 13:30:00+00:00,2024-06-10 13:30:00+00:00,SHORT,69253.93792033497,69253.93792033497,69466.24831866012,69466.24831866012,68617.00672535952,Stop loss,development,2024,0.0870102400492061,24.5082170753766,-18.473178723213827,6.035038352162772,-24.5082170753766,0.08,EXECUTABLE,22.53363931557177,18.473178723213817,16.984831866011955,8.056798883949368
S19,26,2024-06-11 09:45:00+00:00,2024-06-11 09:45:00+00:00,2024-06-11 19:45:00+00:00,SHORT,67125.09375854678,67125.09375854678,67545.62496581288,67545.62496581288,65863.50013674847,Stop loss,development,2024,0.0501099034140514,24.44694653268816,-21.072778178698886,3.3741683539892735,-24.44694653268816,0.05,EXECUTABLE,24.393328331414175,21.072778178698883,21.02656036330518,0.21932473735437608
S19,27,2024-06-13 09:15:00+00:00,2024-06-13 09:15:00+00:00,2024-06-13 10:45:00+00:00,SHORT,67471.59131481976,67471.59131481976,67632.63474072097,67632.63474072097,66988.46103711613,Stop loss,development,2024,0.1066767500389957,24.385829166356444,-17.179589290286998,7.206239876069445,-24.385829166356444,0.1,EXECUTABLE,22.85955389289813,17.179589290286998,16.10434259012109,6.25886150126902
S19,28,2024-06-13 15:30:00+00:00,2024-06-13 15:30:00+00:00,2024-06-18 01:30:00+00:00,SHORT,66879.83821672546,66879.83821672546,64801.411467607366,67572.64713309816,64801.411467607366,Take profit,development,2024,0.0320049201722742,24.32486459344055,66.51988218944417,2.107223942166195,64.41265824727799,0.03,EXECUTABLE,22.801054771428362,22.173294063147996,20.784267491180945,6.264412351232984
S19,29,2024-06-18 10:00:00+00:00,2024-06-18 10:00:00+00:00,2024-06-18 13:30:00+00:00,SHORT,65458.48142975688,65458.48142975688,64739.702876110096,65698.07428097248,64739.702876110096,Take profit,development,2024,0.080236607943883,24.485896239058743,57.672353007428455,5.223330334577641,52.449022672850816,0.08,EXECUTABLE,24.41369032567681,19.2241176691428,19.167428097247612,0.29488776999206934
S19,30,2024-06-18 19:45:00+00:00,2024-06-18 19:45:00+00:00,2024-06-18 20:45:00+00:00,SHORT,64326.4143390543,64326.4143390543,64683.34264378279,64683.34264378279,63255.62942486885,Stop loss,development,2024,0.0584126257160337,24.61701879574087,-20.849119471563405,3.767899324177469,-24.617018795740876,0.05,EXECUTABLE,21.071659160995168,20.84911947156338,17.846415236424217,14.402067383395355
S19,31,2024-06-21 07:45:00+00:00,2024-06-21 07:45:00+00:00,2024-06-21 08:45:00+00:00,SHORT,64516.94007723197,64516.94007723197,63904.04123571152,64721.23969107212,63904.04123571152,Take profit,development,2024,0.0913118942962256,24.55547624875152,55.96495423119458,5.863181535532531,50.10177269566205,0.09,EXECUTABLE,24.202683335187224,18.654984743731525,18.386965245613535,1.4367178628116983
S19,32,2024-06-21 11:45:00+00:00,2024-06-21 11:45:00+00:00,2024-06-21 14:15:00+00:00,SHORT,63651.27690685147,63651.27690685147,64017.89237259413,64017.89237259413,62551.43050962349,Stop loss,development,2024,0.0573370374996262,24.68073068049067,-21.020644707229817,3.660085973260852,-24.68073068049067,0.05,EXECUTABLE,21.52250251911914,21.0206447072298,18.33077328713298,12.796331689920383
S19,33,2024-06-21 15:45:00+00:00,2024-06-21 15:45:00+00:00,2024-06-21 19:45:00+00:00,SHORT,63441.86013790086,63441.86013790086,64193.55944839654,64193.55944839654,61186.76220641383,Stop loss,development,2024,0.0301882465249716,24.619028853789445,-22.692484097894773,1.9265447558946731,-24.619028853789445,0.03,EXECUTABLE,24.46551060866488,22.692484097894706,22.550979314870347,0.6235755522132846
S19,34,2024-06-23 14:15:00+00:00,2024-06-23 14:15:00+00:00,2024-06-23 16:00:00+00:00,SHORT,64219.01179035944,64219.01179035944,64012.18864575112,64287.95283856222,64012.18864575112,Take profit,development,2024,0.1529608170354486,24.557481281654972,31.63583718112979,9.807174594071924,21.828662587056755,0.15,EXECUTABLE,24.08212942138357,10.545279060377707,10.34115723041723,1.93567025388105
S19,35,2024-06-24 16:00:00+00:00,2024-06-24 16:00:00+00:00,2024-06-24 20:30:00+00:00,SHORT,60641.32043797706,60641.32043797706,58474.12700763294,61363.71824809177,58474.12700763294,Take profit,development,2024,0.0314169550517788,24.612052938122616,68.0866185896317,1.8711223291856267,66.21549626044607,0.03,EXECUTABLE,23.50200988373229,22.69553952987721,21.67193430344123,4.510160355908122
S19,36,2024-06-28 19:30:00+00:00,2024-06-28 19:30:00+00:00,2024-06-29 01:00:00+00:00,SHORT,60180.72293474066,60180.72293474066,60768.10826103735,60768.10826103735,58418.5669558506,Stop loss,development,2024,0.0382453023031112,24.777591678773724,-22.46472937262848,2.3128623061452527,-24.77759167877373,0.03,EXECUTABLE,19.435792256837335,22.464729372628433,17.62155978890063,21.558993671336346
S19,37,2024-07-01 17:30:00+00:00,2024-07-01 17:30:00+00:00,2024-07-01 22:15:00+00:00,LONG,63289.0437135356,63289.0437135356,62951.82514585761,62951.82514585761,64300.69941656955,Stop loss,development,2024,0.0617367969881907,24.71564769957679,-20.818794253384205,3.896853446192587,-24.71564769957679,0.06,EXECUTABLE,24.0203401264609,20.818794253384176,20.23311406067907,2.813228208977092
S19,38,2024-07-03 07:30:00+00:00,2024-07-03 07:30:00+00:00,2024-07-03 08:45:00+00:00,SHORT,60837.37562979307,60837.37562979307,60417.01007668909,60977.497480827726,60417.01007668909,Take profit,development,2024,0.1226381433068262,24.65385858032785,51.55285094281878,7.435206365426373,44.11764457739241,0.12,EXECUTABLE,24.123514510796333,17.18428364760625,16.81462212415907,2.151160508216332
S19,39,2024-07-03 12:45:00+00:00,2024-07-03 12:45:00+00:00,2024-07-03 13:30:00+00:00,SHORT,59914.77749525657,59914.77749525657,60335.890018973725,60335.890018973725,58651.43992410509,Stop loss,development,2024,0.0514592779997471,24.76415269177133,-21.67014642713637,3.094006264634972,-24.764152691771336,0.05,EXECUTABLE,24.061892873713692,21.670146427136338,21.05562618585791,2.835791826994294
S19,40,2024-07-03 19:15:00+00:00,2024-07-03 19:15:00+00:00,2024-07-04 01:00:00+00:00,SHORT,60002.71606685776,60002.71606685776,60417.13573256896,60417.13573256896,58759.45706972414,Stop loss,development,2024,0.0520453059536418,24.702242310041907,-21.5685982951456,3.1336440148966855,-24.702242310041907,0.05,EXECUTABLE,23.731479580545535,21.568598295145204,20.720983285559853,3.9298567203420953
S19,41,2024-07-04 07:30:00+00:00,2024-07-04 07:30:00+00:00,2024-07-04 13:15:00+00:00,SHORT,58379.32350601021,58378.0,56896.882072122506,58871.705975959165,56896.882072122506,Take profit,development,2024,0.0447189285616837,24.6404867042668,66.23400680818276,2.5774846081698835,63.65652220001287,0.04,EXECUTABLE,22.040319387597663,22.07800226939422,19.74823903836659,10.552418659079843
S19,42,2024-07-07 11:15:00+00:00,2024-07-07 11:15:00+00:00,2024-07-07 12:15:00+00:00,SHORT,57445.43483817025,57445.43483817025,57599.260647318995,57599.260647318995,56983.95741072402,Stop loss,development,2024,0.1173401669289198,24.799628009766835,-18.049946123489807,6.749681886277031,-24.799628009766835,0.11,EXECUTABLE,23.248297258063776,18.049946123489796,16.920839006361856,6.25545976371944
S19,43,2024-07-11 19:15:00+00:00,2024-07-11 19:15:00+00:00,2024-07-12 01:15:00+00:00,SHORT,57648.30742695277,57641.0,56786.68912343319,57925.770292188936,56786.68912343319,Take profit,development,2024,0.0737886234642373,24.737628939742415,63.038423592390686,4.221730833305909,58.81669275908478,0.07,EXECUTABLE,23.467493286701984,21.012807864130224,19.93392045322551,5.134427620910287
S19,44,2024-07-12 07:45:00+00:00,2024-07-12 07:45:00+00:00,2024-07-12 08:30:00+00:00,SHORT,56916.143555361574,56916.143555361574,57285.4257785537,57285.4257785537,55808.2968857852,Stop loss,development,2024,0.0583622475871844,24.88467067164013,-21.55214053948464,3.3325301321554894,-24.88467067164013,0.05,EXECUTABLE,21.319150392954096,21.552140539484608,18.464111159606183,14.32817948742029
S19,45,2024-07-15 12:30:00+00:00,2024-07-15 12:30:00+00:00,2024-07-15 16:45:00+00:00,LONG,62737.99075284258,62737.99075284258,63604.85204548128,62449.03698862968,63604.85204548128,Take profit,development,2024,0.0706091628138152,24.82245899496103,61.208350148920246,4.460481178753556,56.74786897016669,0.07,EXECUTABLE,24.60830946585453,20.402783382973414,20.22676349490299,0.862724878103216
S19,46,2024-07-15 17:15:00+00:00,2024-07-15 17:15:00+00:00,2024-07-15 17:45:00+00:00,LONG,63762.538423644684,63762.538423644684,63267.84630542127,63267.84630542127,65246.61477831493,Stop loss,development,2024,0.044722324831418,24.96432866738645,-22.123781602729817,2.840547064656648,-24.964328667386457,0.04,EXECUTABLE,22.328292423517922,22.123781602729782,19.787684728936583,10.559211421183779
S19,47,2024-07-16 19:15:00+00:00,2024-07-16 19:15:00+00:00,2024-07-16 22:00:00+00:00,LONG,64995.11810119765,64995.11810119765,64450.5275952094,64450.5275952094,66628.8896191624,Stop loss,development,2024,0.0408688217821703,24.901917845717986,-22.25677233349577,2.6451455122222147,-24.901917845717986,0.04,EXECUTABLE,24.372533153458182,22.25677233349573,21.78362023952999,2.1258792015123262
S19,48,2024-07-19 13:00:00+00:00,2024-07-19 13:00:00+00:00,2024-07-19 13:30:00+00:00,LONG,64444.01712562163,64444.01712562163,64092.93149751349,64092.93149751349,65497.27400994606,Stop loss,development,2024,0.0598035818266793,24.839663051103685,-20.996178088736016,3.843484962367668,-24.839663051103685,0.05,EXECUTABLE,20.767705120985184,20.99617808873601,17.5542814054068,16.392967657174296
S19,49,2024-07-22 19:45:00+00:00,2024-07-22 19:45:00+00:00,2024-07-22 22:00:00+00:00,LONG,68017.47683737375,68017.47683737375,67609.09265050503,67609.09265050503,69242.6293979799,Stop loss,development,2024,0.0520321198043451,24.777563893475925,-21.2490949373531,3.5284689561228246,-24.777563893475925,0.05,EXECUTABLE,23.809873580632786,21.24909493735308,20.419209343435796,3.9055103116813594
S19,50,2024-07-24 08:45:00+00:00,2024-07-24 08:45:00+00:00,2024-07-24 15:45:00+00:00,LONG,66414.79974344483,66414.79974344483,66137.8010262207,66137.8010262207,67245.79589511725,Stop loss,development,2024,0.0719994718983486,24.715619983742236,-19.943761356657955,4.771858627084281,-24.715619983742236,0.07,EXECUTABLE,24.02925123262798,19.94376135665794,19.389910205689667,2.7770646723235926
S19,51,2024-07-24 17:30:00+00:00,2024-07-24 17:30:00+00:00,2024-07-24 18:30:00+00:00,LONG,66602.73082561142,66602.73082561142,66275.0766975543,66275.0766975543,67585.6932097828,Stop loss,development,2024,0.0625584035830508,24.65383093378287,-20.497519178650293,4.1563117551325774,-24.65383093378287,0.06,EXECUTABLE,23.645581909122534,20.497519178650265,19.65924768342753,4.089624153618843
S19,52,2024-07-26 09:30:00+00:00,2024-07-26 09:30:00+00:00,2024-07-26 14:30:00+00:00,LONG,67296.59539861244,67297.0,67055.61840555024,67055.61840555024,68021.14478334929,Stop loss,development,2024,0.0798051240091339,24.592196356448422,-19.263488078585723,5.361013686403393,-24.62450176498912,0.07,EXECUTABLE,21.570716997499623,19.263488078585713,16.896711611483337,12.286333905090686
S19,53,2024-07-26 19:15:00+00:00,2024-07-26 19:15:00+00:00,2024-07-27 13:00:00+00:00,LONG,67704.21333454321,67704.21333454321,68538.41335269129,67426.14666182718,68538.41335269129,Take profit,development,2024,0.0709733055833809,24.530635102035955,59.20593280568583,4.834794788677791,54.37113801700804,0.07,EXECUTABLE,24.19422968999493,19.735310935228608,19.46466709012195,1.3713685383266117
S19,54,2024-07-27 18:30:00+00:00,2024-07-27 18:30:00+00:00,2024-07-27 19:00:00+00:00,LONG,68968.26421565667,68968.26421565667,68494.94313737331,68494.94313737331,70388.22745050676,Stop loss,development,2024,0.0455058406092422,24.666562947078468,-21.538873545357372,3.1276894017210974,-24.666562947078468,0.04,EXECUTABLE,21.682107278395126,21.538873545357365,18.932843131334522,12.099195478050273
S19,55,2024-07-28 18:00:00+00:00,2024-07-28 18:00:00+00:00,2024-07-29 00:00:00+00:00,LONG,67985.75678945848,67985.75678945848,68801.10863133558,67713.97284216611,68801.10863133558,Take profit,development,2024,0.0724453681068531,24.604896539710772,59.0684643213871,4.954787408796005,54.11367691259109,0.07,EXECUTABLE,23.774366847572495,19.689488107129023,19.024876310465626,3.375465085975282
S19,56,2024-07-29 10:45:00+00:00,2024-07-29 10:45:00+00:00,2024-07-29 13:30:00+00:00,LONG,69706.80101235659,69706.80101235659,69363.79595057364,69363.79595057364,70735.81619770546,Stop loss,development,2024,0.0599703280332011,24.740180731992247,-20.57012607217223,4.1700546598200185,-24.740180731992247,0.05,EXECUTABLE,20.62701801322102,20.570126072172204,17.150253089147736,16.62543521136197
S19,57,2024-08-05 10:30:00+00:00,2024-08-05 10:30:00+00:00,2024-08-05 14:00:00+00:00,SHORT,51063.04169253517,51063.04169253517,52793.833229859345,52793.833229859345,45870.667080562635,Stop loss,development,2024,0.0138430772242473,24.678330280162267,-23.959480910252413,0.7188493699098536,-24.678330280162267,0.01,EXECUTABLE,17.827199747853836,23.959480910252292,17.307915373241777,27.761726399357446
S19,58,2024-08-07 18:15:00+00:00,2024-08-07 18:15:00+00:00,2024-08-08 01:30:00+00:00,SHORT,55177.78137275754,55177.78137275754,55956.87450896984,55956.87450896984,52840.50196412064,Stop loss,development,2024,0.0294929920748523,24.61663445446186,-22.977787691881247,1.6388467625806136,-24.61663445446186,0.02,EXECUTABLE,16.693209283063315,22.97778769188122,15.58186272424602,32.187280458894705
S19,59,2024-08-10 18:00:00+00:00,2024-08-10 18:00:00+00:00,2024-08-11 09:15:00+00:00,LONG,60856.537310922016,60856.537310922016,61641.59697475228,60594.85075631193,61641.59697475228,Take profit,development,2024,0.076160545921012,24.55509286832571,59.79057257787929,4.664762390751196,55.125810187128096,0.07,EXECUTABLE,22.568857405059422,19.93019085929309,18.318058822706227,8.088894120324774
S19,60,2024-08-15 07:30:00+00:00,2024-08-15 07:30:00+00:00,2024-08-15 08:15:00+00:00,SHORT,57757.92730474938,57757.92730474938,58196.29078100248,58196.29078100248,56442.836875990055,Stop loss,development,2024,0.0497499260091107,24.69290739379353,-21.808550508688302,2.884356885105223,-24.69290739379353,0.04,EXECUTABLE,19.85362341183906,21.808550508688285,17.534539050124003,19.59787037135532
S19,61,2024-08-16 15:30:00+00:00,2024-08-16 15:30:00+00:00,2024-08-16 16:00:00+00:00,SHORT,57767.70271908636,57767.70271908636,58303.18912365456,58303.18912365456,56161.24350538177,Stop loss,development,2024,0.0415000308834319,24.63117512530904,-22.22270232723842,2.40847279807062,-24.63117512530904,0.04,EXECUTABLE,23.740874019583025,22.222702327238387,21.419456182728172,3.6145295593762006
S19,62,2024-08-22 10:30:00+00:00,2024-08-22 10:30:00+00:00,2024-08-22 12:45:00+00:00,LONG,61115.56466706537,61115.56466706537,60824.74133173849,60824.74133173849,61988.034673046015,Stop loss,development,2024,0.0698409663703265,24.569597187495773,-20.311382782270876,4.258214405224896,-24.569597187495773,0.06,EXECUTABLE,21.107609299576975,20.311382782270854,17.449400119612836,14.090535801216596
S19,63,2024-08-23 09:00:00+00:00,2024-08-23 09:00:00+00:00,2024-08-23 09:30:00+00:00,LONG,61327.48302079698,61327.48302079698,61137.06791681208,61137.06791681208,61898.72833275166,Stop loss,development,2024,0.0973909334868936,24.508173194527032,-18.54470472709354,5.963468467433493,-24.508173194527032,0.09,EXECUTABLE,22.64826415083361,18.544704727093528,17.137359358641188,7.588933817836574
S19,64,2024-08-23 12:45:00+00:00,2024-08-23 12:45:00+00:00,2024-08-23 14:00:00+00:00,LONG,60982.53878120608,60982.53878120608,61590.62049929728,60779.84487517568,61590.62049929728,Take profit,development,2024,0.0927511853743354,24.44690276154072,56.400300157421135,5.6844029091719595,50.71589724824917,0.09,EXECUTABLE,23.721758807273144,18.80010005247369,18.242451542735942,2.9661996913914024
S19,65,2024-08-23 17:45:00+00:00,2024-08-23 17:45:00+00:00,2024-08-23 21:15:00+00:00,LONG,62305.26478950555,62305.26478950555,64271.23663208888,61649.94084197778,64271.23663208888,Take profit,development,2024,0.0342585241770254,24.573692504661334,67.3512939004922,2.1681620670974953,65.18313183339495,0.03,EXECUTABLE,21.519046510305646,22.450431300163697,19.659718425832978,12.430553502597375
S19,66,2024-08-24 07:45:00+00:00,2024-08-24 07:45:00+00:00,2024-08-24 10:45:00+00:00,LONG,64335.95930722374,64335.95930722374,64159.16277110504,64159.16277110504,64866.348915579845,Stop loss,development,2024,0.1026229251241284,24.73665033424483,-18.143377688314786,6.59327264593004,-24.73665033424483,0.1,EXECUTABLE,24.104409715786616,18.14337768831478,17.67965361187016,2.555886144305297
S19,67,2024-08-24 13:30:00+00:00,2024-08-24 13:30:00+00:00,2024-08-24 15:30:00+00:00,LONG,64227.70555792907,64227.70555792907,63992.17776828372,63992.17776828372,64934.28892686511,Stop loss,development,2024,0.0823488036725533,24.674808708409213,-19.395431708935217,5.279376999473997,-24.674808708409213,0.08,EXECUTABLE,23.971018504676376,19.395431708935202,18.842223171627847,2.852262046080156
S19,68,2024-08-28 07:30:00+00:00,2024-08-28 07:30:00+00:00,2024-08-28 09:00:00+00:00,SHORT,58897.67524030928,58897.67524030928,59320.299038762874,59320.299038762874,57629.80384494851,Stop loss,development,2024,0.0510928930368183,24.61312168663819,-21.5930725292032,3.020049157434989,-24.61312168663819,0.05,EXECUTABLE,24.08663927965638,21.59307252920318,21.131189922679553,2.139031422688753
S19,69,2024-08-31 16:15:00+00:00,2024-08-31 16:15:00+00:00,2024-08-31 18:00:00+00:00,SHORT,58958.71508754303,58958.71508754303,59052.13964982788,59052.13964982788,58678.44140068849,Stop loss,development,2024,0.1610679692246026,24.5515888824216,-15.047704522917648,9.503884359503957,-24.5515888824216,0.16,EXECUTABLE,24.38879834456514,15.047704522917643,14.947929965575458,0.6630550007825309
S19,70,2024-08-31 19:45:00+00:00,2024-08-31 20:00:00+00:00,2024-08-31 21:00:00+00:00,SHORT,58832.1291965993,58832.1291965993,58963.4832136028,58963.4832136028,58438.06714558881,Stop loss,development,2024,0.1287252311025878,24.490209910215544,-16.90857619502848,7.581633715187065,-24.490209910215544,0.12,EXECUTABLE,22.830218785031843,16.908576195028473,15.762482040419709,6.778182511580977
S19,71,2024-09-01 10:15:00+00:00,2024-09-01 10:15:00+00:00,2024-09-01 18:15:00+00:00,SHORT,57999.85381712435,57999.85381712435,58363.584731502575,58363.584731502575,56908.6610739897,Stop loss,development,2024,0.0579005757043961,24.42898438544,-21.060229343985274,3.368755041454311,-24.428984385440007,0.05,EXECUTABLE,21.095631682626976,21.060229343985682,18.186545718911294,13.645072796394054
S19,72,2024-09-04 10:00:00+00:00,2024-09-04 10:00:00+00:00,2024-09-04 14:30:00+00:00,SHORT,56577.372957980064,56577.372957980064,56830.50816807974,56830.50816807974,55817.96732768104,Stop loss,development,2024,0.0786469749621917,24.3679119244764,-19.90831853075818,4.459593393718221,-24.3679119244764,0.07,EXECUTABLE,21.688740546389262,19.908318530758173,17.719464706977163,10.994669491545716
S19,73,2024-09-05 08:45:00+00:00,2024-09-05 08:45:00+00:00,2024-09-05 14:00:00+00:00,SHORT,56976.408133143086,56976.408133143086,57236.367467427655,57236.367467427655,56196.53013028938,Stop loss,development,2024,0.0766623146293943,24.30699214466521,-19.92908427577153,4.377907868893681,-24.30699214466521,0.07,EXECUTABLE,22.194600545939817,19.92908427577153,18.197153399919845,8.690468924140449
S19,74,2024-09-05 15:00:00+00:00,2024-09-05 15:00:00+00:00,2024-09-06 15:15:00+00:00,SHORT,56466.05920120362,56466.05920120362,54255.94721925796,57202.76319518551,54255.94721925796,Take profit,development,2024,0.0305545698935658,24.246224664303544,67.52902102496594,1.6915316419649198,65.83748938300103,0.03,EXECUTABLE,23.80615215540245,22.509673674988615,22.101119819456578,1.8150145640982607
S19,75,2024-09-08 15:15:00+00:00,2024-09-08 15:15:00+00:00,2024-09-08 17:30:00+00:00,SHORT,53998.4364950894,53998.4364950894,54277.254019642394,54277.254019642394,53161.98392143042,Stop loss,development,2024,0.0733155870159556,24.410818387761047,-20.4416704829383,3.969147904822752,-24.410818387761047,0.07,EXECUTABLE,23.306875886725127,20.44167048293828,19.5172267187095,4.522349408774462
S19,76,2024-09-12 08:00:00+00:00,2024-09-12 08:00:00+00:00,2024-09-12 10:45:00+00:00,LONG,58148.53622719875,58148.53622719875,57943.85509120502,57943.85509120502,58762.57963517993,Stop loss,development,2024,0.0926808459119832,24.34979134179164,-18.97002082612433,5.379770515667319,-24.349791341791647,0.09,EXECUTABLE,23.645459848763632,18.970020826124323,18.421302239435462,2.892556585563677
S19,77,2024-09-15 15:00:00+00:00,2024-09-15 15:00:00+00:00,2024-09-15 16:15:00+00:00,LONG,60289.76423806324,60289.76423806324,60049.943047747045,60049.943047747045,61009.22780901182,Stop loss,development,2024,0.080965473311759,24.28891686343716,-19.417236184140073,4.871680679297086,-24.28891686343716,0.08,EXECUTABLE,23.999283516727925,19.417236184140055,19.185695225295493,1.1924506487369424
S19,78,2024-09-17 10:00:00+00:00,2024-09-17 10:15:00+00:00,2024-09-17 14:15:00+00:00,LONG,59074.36038917063,59074.36038917063,60246.76622673003,58683.558443317495,60246.76622673003,Take profit,development,2024,0.0538786376903525,24.22819457127857,63.167629347917355,3.2144298748713944,59.95319947304596,0.05,EXECUTABLE,22.484045263468932,21.05587644930578,19.54009729265672,7.198841426992875
S19,79,2024-09-19 17:45:00+00:00,2024-09-19 17:45:00+00:00,2024-09-19 19:45:00+00:00,LONG,63873.34472844869,63873.34472844869,63247.621086205225,63247.621086205225,65750.51565517909,Stop loss,development,2024,0.035367240707347,24.378077569961174,-22.13011867150253,2.247958898458648,-24.378077569961174,0.03,EXECUTABLE,20.678523754523777,22.13011867150252,18.771709267303958,15.175740600628874
S19,80,2024-09-24 08:00:00+00:00,2024-09-24 08:00:00+00:00,2024-09-24 14:00:00+00:00,LONG,63559.93589638913,63559.93589638913,63366.256414443495,63366.256414443495,64140.97434222603,Stop loss,development,2024,0.0945667285270832,24.31713237603628,-18.315634990418847,6.001497385617433,-24.31713237603628,0.09,EXECUTABLE,23.142832029094496,18.315634990418843,17.431153375107023,4.829107021266288
S19,81,2024-09-26 07:30:00+00:00,2024-09-26 07:30:00+00:00,2024-09-26 09:00:00+00:00,LONG,63826.84076717515,63826.84076717515,63630.63693129941,63630.63693129941,64415.452274802374,Stop loss,development,2024,0.0933178135551519,24.25633954509619,-18.3093129750581,5.947026570038091,-24.25633954509619,0.09,EXECUTABLE,23.39393172524812,18.309312975058095,17.65834522881676,3.555391440018074
S19,82,2024-09-27 09:15:00+00:00,2024-09-27 09:15:00+00:00,2024-09-27 10:00:00+00:00,LONG,65865.37100790699,65865.37100790699,65604.51596837207,65604.51596837207,66647.93612651173,Stop loss,development,2024,0.0740858567438836,24.19569869623345,-19.325669089903855,4.87002960632959,-24.19569869623345,0.07,EXECUTABLE,22.86129881161387,19.325669089903858,18.2598527674441,5.5150293503502095
S19,83,2024-09-29 13:45:00+00:00,2024-09-29 13:45:00+00:00,2024-09-29 14:30:00+00:00,LONG,65847.48751805244,65847.48751805244,65723.04992779021,65723.04992779021,66220.80028883912,Stop loss,development,2024,0.1268785969165632,24.135209449492866,-15.788466856149537,8.346742593343329,-24.135209449492866,0.12,EXECUTABLE,22.82674307821779,15.788466856149533,14.932510831467225,5.421400522805786
S19,84,2024-09-29 20:00:00+00:00,2024-09-29 20:00:00+00:00,2024-09-29 20:45:00+00:00,LONG,65973.1602662143,65973.1602662143,65841.35893514281,65841.35893514281,66368.56425942876,Stop loss,development,2024,0.1217694756915705,24.074871425869137,-16.04937898002628,8.025492445842858,-24.074871425869137,0.12,EXECUTABLE,23.725030880660075,16.049378980026276,15.81615972857864,1.4531356742082058
S19,85,2024-10-01 19:15:00+00:00,2024-10-01 19:15:00+00:00,2024-10-01 20:15:00+00:00,SHORT,61735.92670483603,61735.92670483603,60609.82727737641,62111.2931806559,60609.82727737641,Take profit,development,2024,0.0549170562726656,24.01468424730446,61.84206562641624,3.3594343280814307,58.48263129833481,0.05,EXECUTABLE,21.864504288130902,20.61402187547208,18.768323790993602,8.953604956995864
S19,86,2024-10-02 09:30:00+00:00,2024-10-02 09:30:00+00:00,2024-10-02 15:30:00+00:00,SHORT,61475.71170944721,61475.71170944721,61823.15316221115,61823.15316221115,60433.3873511554,Stop loss,development,2024,0.0590599588004803,24.160890825550297,-20.51987788581723,3.641012939733068,-24.160890825550297,0.05,EXECUTABLE,20.454544259988385,20.51987788581722,17.372072638196915,15.340272808328848
S19,87,2024-10-02 19:00:00+00:00,2024-10-02 19:00:00+00:00,2024-10-03 03:15:00+00:00,SHORT,60749.03683887255,60749.03683887255,61300.85264450981,61300.85264450981,59093.58942196076,Stop loss,development,2024,0.0393258584446019,24.100488598486415,-21.700630259985008,2.399858338501405,-24.100488598486415,0.03,EXECUTABLE,18.385222511368667,21.700630259984965,16.554474169117892,23.714316262769398
S19,88,2024-10-03 13:15:00+00:00,2024-10-03 13:15:00+00:00,2024-10-03 14:00:00+00:00,SHORT,60180.98745981382,60180.98745981382,60602.05016074474,60602.05016074474,58917.79935702107,Stop loss,development,2024,0.0499325509908562,24.0402373769902,-21.024734784580676,3.015502592409523,-24.0402373769902,0.04,EXECUTABLE,19.258168789647875,21.024734784580666,16.842508037236694,19.891935808917673
S19,89,2024-10-05 18:15:00+00:00,2024-10-05 18:30:00+00:00,2024-10-05 22:30:00+00:00,SHORT,61894.15878702569,61894.15878702569,62054.36485189722,62054.36485189722,61413.54059241111,Stop loss,development,2024,0.1079309637387456,23.980136783547728,-17.29119497837591,6.688941805171826,-23.98013678354773,0.1,EXECUTABLE,22.21803266909885,17.291194978375895,16.02060648715269,7.348182082338339
S19,90,2024-10-09 10:30:00+00:00,2024-10-09 10:30:00+00:00,2024-10-09 15:15:00+00:00,SHORT,62018.89461018529,62018.89461018529,62234.42155925884,62234.42155925884,61372.31376296466,Stop loss,development,2024,0.0861511819940232,23.920186441588857,-18.567901414251516,5.352285027337346,-23.92018644158886,0.08,EXECUTABLE,22.212288572661336,18.567901414251505,17.242155925883562,7.139985606291443
S19,91,2024-10-09 18:15:00+00:00,2024-10-09 18:15:00+00:00,2024-10-10 17:45:00+00:00,SHORT,61336.85894747317,61336.85894747317,59852.74315957071,61831.564210107324,59852.74315957071,Take profit,development,2024,0.0428920320831943,23.86038597548489,63.65674198988757,2.5990341508624395,61.057707839025134,0.04,EXECUTABLE,22.251578968517766,21.218913996629187,19.788210505366152,6.742585843414584
S19,92,2024-10-12 14:15:00+00:00,2024-10-12 14:15:00+00:00,2024-10-12 18:45:00+00:00,LONG,63179.40401572007,63179.40401572007,62943.383937119725,62943.383937119725,63887.46425152112,Stop loss,development,2024,0.0802892604419647,24.013030245082447,-18.949877560276324,5.0631526848061235,-24.013030245082447,0.08,EXECUTABLE,23.92651780614144,18.949877560276313,18.881606288027832,0.36027289374994664
S19,93,2024-10-14 07:45:00+00:00,2024-10-14 07:45:00+00:00,2024-10-14 14:00:00+00:00,LONG,64344.45431144261,64344.45431144261,65455.26898308184,63974.182754229536,65455.26898308184,Take profit,development,2024,0.0551364992839027,23.952997669469745,61.24643234738502,3.5783511752396606,57.66808117214536,0.05,EXECUTABLE,21.721543787295644,20.41547744912833,18.51357786065382,9.315969186680507
S19,94,2024-10-14 19:15:00+00:00,2024-10-14 19:15:00+00:00,2024-10-15 03:15:00+00:00,LONG,66004.82549310596,66004.82549310596,65647.69802757613,65647.69802757613,67076.20788969546,Stop loss,development,2024,0.0569735323691044,24.097167872400107,-20.34681321726018,3.750354655139935,-24.097167872400114,0.05,EXECUTABLE,21.147686364508722,20.346813217260156,17.85637327649165,12.23995086688008
S19,95,2024-10-15 16:15:00+00:00,2024-10-15 16:15:00+00:00,2024-10-18 14:00:00+00:00,LONG,66477.6591777169,66477.6591777169,68470.5468434704,65813.3632891324,68470.5468434704,Take profit,development,2024,0.0329073967586047,24.036924952719108,65.58074511228016,2.2203970787005733,63.360348033579584,0.03,EXECUTABLE,21.91324199453779,21.860248370760004,19.928876657535,8.83508586210019
S19,96,2024-10-18 15:30:00+00:00,2024-10-18 15:30:00+00:00,2024-10-18 21:45:00+00:00,LONG,68679.04769065564,68679.04769065564,68249.80923737746,68249.80923737746,69966.7630504902,Stop loss,development,2024,0.0486139958404652,24.195325822803053,-20.86699638223352,3.3283294405695303,-24.195325822803053,0.04,EXECUTABLE,19.908115269688164,20.866996382233502,17.169538131127485,17.719168505986293
S19,97,2024-10-24 17:45:00+00:00,2024-10-24 17:45:00+00:00,2024-10-25 07:15:00+00:00,LONG,67769.49088006075,67769.49088006075,67384.03647975698,67384.03647975698,68925.85408097207,Stop loss,development,2024,0.0532741220184917,24.13483750824605,-20.5347447543478,3.6000927538982475,-24.13483750824605,0.05,EXECUTABLE,22.65155819918415,20.534744754347777,19.272720015188682,6.145801928664795
S19,98,2024-10-27 19:30:00+00:00,2024-10-27 19:30:00+00:00,2024-10-28 10:00:00+00:00,LONG,67729.19285855717,67729.19285855717,68554.08573691468,67454.22856577134,68554.08573691468,Take profit,development,2024,0.0702790205649276,24.07450041447544,57.972663561949815,4.788927669533465,53.18373589241635,0.07,EXECUTABLE,23.978920244860088,19.324221187316596,19.247500495008573,0.3970182889356355
S19,99,2024-10-28 17:45:00+00:00,2024-10-28 18:00:00+00:00,2024-10-29 02:00:00+00:00,LONG,69173.0867267319,69173.0867267319,70530.38762771036,68720.65309307241,70530.38762771036,Take profit,development,2024,0.0464295453866828,24.20745975420648,63.01886378536488,3.2431844016084312,59.77567938375645,0.04,EXECUTABLE,20.85522014277556,21.006287928454928,18.097345346379445,13.847961105660445
S19,100,2024-10-29 09:15:00+00:00,2024-10-29 09:15:00+00:00,2024-10-29 13:30:00+00:00,LONG,71210.37600102383,71210.37600102383,71029.49599590464,71029.49599590464,71753.01601638141,Stop loss,development,2024,0.0966543835075489,24.356898952665865,-17.48284538363797,6.874053569027896,-24.356898952665865,0.09,EXECUTABLE,22.679994700589226,17.48284538363797,16.27920046072744,6.884719829627994
S19,101,2024-11-03 09:45:00+00:00,2024-11-03 09:45:00+00:00,2024-11-03 10:30:00+00:00,SHORT,68200.87478182944,68200.87478182944,68518.50087268226,68518.50087268226,67247.99650927098,Stop loss,development,2024,0.0629453416350397,24.2960067052842,-19.993082800932928,4.302923904351284,-24.296006705284206,0.06,EXECUTABLE,23.15914672080455,19.993082800932928,19.05756545116921,4.67920509847567
S19,102,2024-11-03 14:00:00+00:00,2024-11-03 14:00:00+00:00,2024-11-03 16:00:00+00:00,SHORT,67971.81295453187,67971.81295453187,68377.7481818725,68377.7481818725,66754.00727250995,Stop loss,development,2024,0.0511173910785294,24.23526668852099,-20.750349768523268,3.4849169199977217,-24.23526668852099,0.05,EXECUTABLE,23.705500395442147,20.75034976852325,20.296761367032015,2.1859313532116675
S19,103,2024-11-03 18:45:00+00:00,2024-11-03 18:45:00+00:00,2024-11-03 19:15:00+00:00,SHORT,67880.27407067684,67880.27407067684,68375.90371729262,68375.90371729262,66393.3851308295,Stop loss,development,2024,0.0428813247235362,24.174678521799684,-21.25325581914278,2.921422702656902,-24.174678521799684,0.04,EXECUTABLE,22.550309420390615,21.253255819142762,19.825185864631205,6.7192997000737105
S19,104,2024-11-06 11:30:00+00:00,2024-11-06 11:30:00+00:00,2024-11-06 14:45:00+00:00,LONG,74371.63323256995,74371.63323256995,73595.46706972021,73595.46706972021,76700.13172111916,Stop loss,development,2024,0.0283647003071682,24.11424182549519,-22.015720597797603,2.098521227697584,-24.11424182549519,0.02,EXECUTABLE,17.00299426001772,22.015720597797543,15.523323256994773,29.489824382365537
S19,105,2024-11-10 09:00:00+00:00,2024-11-10 09:00:00+00:00,2024-11-10 17:30:00+00:00,LONG,79182.10552929509,79182.10552929509,80116.68846872146,78870.57788281963,80116.68846872146,Take profit,development,2024,0.0615893242645677,24.05395622093145,57.56033170846364,4.905552539249211,52.65477916921443,0.06,EXECUTABLE,23.43323929089088,19.186777236154533,18.69165878852742,2.5805190810999745
S19,106,2024-11-11 10:00:00+00:00,2024-11-11 10:00:00+00:00,2024-11-11 15:15:00+00:00,LONG,81863.61399869238,81863.61399869238,83375.8239790781,81359.54400523048,83375.8239790781,Take profit,development,2024,0.041294782533638,24.18559316885449,62.446382285225006,3.411763328636299,59.03461895658871,0.04,EXECUTABLE,23.427262898554638,20.81546076174166,20.16279973847617,3.135462773252984
S19,107,2024-11-12 18:45:00+00:00,2024-11-12 18:45:00+00:00,2024-11-12 23:15:00+00:00,LONG,88892.45021804886,88892.45021804886,87583.19912780455,87583.19912780455,92820.20348878182,Stop loss,development,2024,0.0174120735102123,24.33317971624595,-22.79677622665972,1.5364034895862289,-24.33317971624595,0.01,EXECUTABLE,13.974889149172485,22.79677622665965,13.092510902443173,42.56858613573545
S19,108,2024-11-13 13:30:00+00:00,2024-11-13 13:30:00+00:00,2024-11-13 14:45:00+00:00,LONG,88524.32212491788,88524.32212491788,91148.153998686,87649.7115003285,91148.153998686,Take profit,development,2024,0.0252128453660766,24.27234676695534,66.154267299899,2.2650271785222653,63.88924012137674,0.02,EXECUTABLE,19.253952828040042,22.05142243329959,17.492212491787505,20.67535532142034
S19,109,2024-11-15 12:00:00+00:00,2024-11-15 12:00:00+00:00,2024-11-15 14:30:00+00:00,LONG,89783.0389357357,89783.0389357357,89242.84425705716,89242.84425705716,91403.62297177131,Stop loss,development,2024,0.0387990697279341,24.432069867258775,-20.959051004707696,3.473018862551082,-24.432069867258775,0.03,EXECUTABLE,18.891228608248145,20.95905100470767,16.205840360356234,22.678558505744405
S19,110,2024-11-15 16:30:00+00:00,2024-11-15 16:30:00+00:00,2024-11-19 19:00:00+00:00,LONG,89721.68424588436,89721.68424588436,94042.94793414984,88281.26301646253,94042.94793414984,Take profit,development,2024,0.0159347639105538,24.370989692590634,68.85831666775952,1.4641230144493056,67.39419365331021,0.01,EXECUTABLE,15.294227030530031,22.95277222258652,14.404212294218306,37.24412827116396
S19,111,2024-11-20 08:45:00+00:00,2024-11-20 08:45:00+00:00,2024-11-20 13:30:00+00:00,LONG,93286.10942615422,93286.10942615422,94451.75081846742,92897.56229538316,94451.75081846742,Take profit,development,2024,0.0509499373531414,24.53947517672391,59.389355914586446,4.782616109138151,54.6067398054483,0.05,EXECUTABLE,24.081948331591907,19.796451971528043,19.427356538552704,1.8644524458533485
S19,112,2024-11-21 11:00:00+00:00,2024-11-21 11:00:00+00:00,2024-11-21 12:45:00+00:00,LONG,97802.23363585808,97802.23363585808,97457.06545656768,97457.06545656768,98837.73817372927,Stop loss,development,2024,0.0557274458437843,24.675992026237523,-19.235341018403304,5.440651007834221,-24.675992026237523,0.05,EXECUTABLE,22.139891441830564,19.235341018403297,17.258408964519912,10.277603355157394
S19,113,2024-11-21 16:30:00+00:00,2024-11-21 16:45:00+00:00,2024-11-24 15:45:00+00:00,LONG,97271.6885921638,97271.6885921638,96206.24563134483,96206.24563134483,100468.0174746206,Stop loss,development,2024,0.0211793880584582,24.61430204617193,-22.56542992133735,2.0488721248342765,-24.614302046171936,0.02,EXECUTABLE,23.243638558614503,22.56542992133759,21.30885921637935,5.568565320220387
S19,114,2024-11-29 09:45:00+00:00,2024-11-29 10:00:00+00:00,2024-11-29 15:00:00+00:00,LONG,96477.1864004866,96477.1864004866,98198.98240778565,95903.2543980536,98198.98240778565,Take profit,development,2024,0.0366392360296358,24.552766291056507,63.08529030631407,3.5663930491557583,59.51889725715885,0.03,EXECUTABLE,20.10366668496873,21.02843010210396,17.217960072989808,18.1205634971909
S19,115,2024-12-01 11:45:00+00:00,2024-12-01 11:45:00+00:00,2024-12-01 12:45:00+00:00,LONG,97177.89613715305,97177.89613715305,96932.41545138785,96932.41545138785,97914.3381944486,Stop loss,development,2024,0.0721138068989803,24.7015635341994,-17.702546770699882,6.999016763498478,-24.70156353419941,0.07,EXECUTABLE,23.97750890916297,17.702546770700906,17.183648003564013,2.9312096946169985
S19,116,2024-12-04 09:15:00+00:00,2024-12-04 09:15:00+00:00,2024-12-04 10:30:00+00:00,LONG,96908.9546039958,96908.9546039958,96693.18158401678,96693.18158401678,97556.27366393288,Stop loss,development,2024,0.0788287019479624,24.639809625363903,-17.009107080338218,7.6307025450268355,-24.639809625363903,0.07,EXECUTABLE,21.8801861651111,17.00910708033707,15.10411139853066,11.199857069561459
S19,117,2024-12-05 07:45:00+00:00,2024-12-05 07:45:00+00:00,2024-12-05 15:45:00+00:00,LONG,102605.76297738976,102605.76297738976,101260.94809044104,101260.94809044104,106640.20763823592,Stop loss,development,2024,0.0169885881866523,24.578210101300495,-22.84650630165094,1.731703799649306,-24.578210101300495,0.01,EXECUTABLE,14.467482424826365,22.846506301651164,13.448148869487195,41.13695681989123
S21,1,2024-12-20 08:30:00+00:00,2024-12-20 08:30:00+00:00,2024-12-20 12:00:00+00:00,SHORT,96496.34282635778,96496.34282635778,92412.48522172454,97857.62869456886,92412.48522172454,Take profit,development,2024,0.0171413347497486,25.0,70.002770271325,1.61907472937744,68.38369554194757,0.01,EXECUTABLE,14.584628539715471,23.33425675710831,13.612858682110819,41.661485841138116
S21,2,2024-12-21 19:15:00+00:00,2024-12-21 19:15:00+00:00,2024-12-21 20:00:00+00:00,SHORT,96904.86297047058,96904.86297047058,97526.5481181177,97526.5481181177,95039.80752752922,Stop loss,development,2024,0.0350131163805321,25.170959238854863,-21.767134426616945,3.403824812237918,-25.170959238854863,0.03,EXECUTABLE,21.56702559574247,21.767134426616902,18.650554429413603,14.317824000720725
S21,3,2024-12-22 19:45:00+00:00,2024-12-22 19:45:00+00:00,2024-12-23 04:00:00+00:00,SHORT,95183.74266765847,95183.74266765847,95989.02932936614,95989.02932936614,92767.88268253548,Stop loss,development,2024,0.0278707770253404,25.108031840757736,-22.44396498993508,2.664066850822658,-25.108031840757736,0.02,EXECUTABLE,18.017460954123564,22.44396498993506,16.105733234153305,28.240249700193885
S21,4,2024-12-23 18:45:00+00:00,2024-12-23 18:45:00+00:00,2024-12-23 21:00:00+00:00,SHORT,92930.62899662684,92930.62899662684,93694.48401349258,93694.48401349258,90639.06394602968,Stop loss,development,2024,0.0292186295179899,25.045261761155835,-22.318796743257565,2.726465017897844,-25.045261761155835,0.02,EXECUTABLE,17.143351467416004,22.318796743257938,15.277100337314769,31.550519891133135
S21,5,2024-12-26 18:15:00+00:00,2024-12-26 18:30:00+00:00,2024-12-27 02:00:00+00:00,SHORT,95496.84710770808,95496.84710770808,96225.61156916773,96225.61156916773,93310.55372332915,Stop loss,development,2024,0.0302957437362572,24.982648606752942,-22.078461368473057,2.904187238279897,-24.982648606752953,0.03,EXECUTABLE,24.73877072394264,22.07846136847305,21.862933843789506,0.9761890608523394
S21,6,2025-01-01 09:15:00+00:00,2025-01-01 09:15:00+00:00,2025-01-01 11:30:00+00:00,SHORT,93051.40071853812,93051.40071853812,93379.39712584754,93379.39712584754,92067.41149660989,Stop loss,forward-validation,2025,0.0591630899622347,24.92019198523607,-19.405280952936774,5.514911032299294,-24.92019198523607,0.05,EXECUTABLE,21.060590311580466,19.40528095293676,16.399820365470806,15.487848873484678
S21,7,2025-01-03 18:15:00+00:00,2025-01-03 18:15:00+00:00,2025-01-04 01:15:00+00:00,LONG,98282.8694965102,98282.8694965102,97819.5220139592,97819.5220139592,99672.91194416312,Stop loss,forward-validation,2025,0.0442785002278062,24.857891505272978,-20.5163316116875,4.341559893584833,-24.857891505272978,0.04,EXECUTABLE,22.455947132249626,20.516331611688134,18.533899302040226,9.662703582537723
S21,8,2025-01-06 12:15:00+00:00,2025-01-06 12:15:00+00:00,2025-01-06 13:00:00+00:00,LONG,99488.58375526092,99488.58375526092,99097.66497895637,99097.66497895637,100661.34008417456,Stop loss,forward-validation,2025,0.0505816907801223,24.795746776509795,-19.773332663180476,5.022414113329319,-24.795746776509795,0.05,EXECUTABLE,24.510595033582867,19.773332663180465,19.54593881522742,1.1500026415702358
S21,9,2025-01-09 07:30:00+00:00,2025-01-09 07:30:00+00:00,2025-01-09 14:00:00+00:00,SHORT,93693.4911854801,93693.4911854801,91819.8589676816,94318.0352580796,91819.8589676816,Take profit,forward-validation,2025,0.0344217703164577,24.73375740956852,64.49373785857532,3.1928489648043703,61.300888893770946,0.03,EXECUTABLE,21.556495074638427,21.497912619525053,18.736322177984984,12.845853876212654
S21,10,2025-01-09 17:45:00+00:00,2025-01-09 17:45:00+00:00,2025-01-10 05:30:00+00:00,SHORT,93394.22611819724,93394.22611819724,94149.09552721106,94149.09552721106,91129.6178911558,Stop loss,forward-validation,2025,0.0293257191012416,24.887009631802947,-22.137088246859424,2.749921384943524,-24.887009631802947,0.02,EXECUTABLE,16.972821396730406,22.13708824685942,15.09738818027632,31.800478852867286
S21,11,2025-01-12 09:00:00+00:00,2025-01-12 09:15:00+00:00,2025-01-12 12:00:00+00:00,SHORT,94085.97799181457,94085.97799181457,94310.08803274184,94310.08803274184,93413.64786903272,Stop loss,forward-validation,2025,0.0779898285345961,24.82479210772344,-17.47830366480077,7.346488442923804,-24.82479210772344,0.07,EXECUTABLE,22.281565175768858,17.478303664799625,15.68770286490937,10.244705860651848
S21,12,2025-01-15 13:30:00+00:00,2025-01-15 13:30:00+00:00,2025-01-15 13:45:00+00:00,LONG,97295.24210438604,97295.24210438604,98897.87367017684,96761.0315824558,98897.87367017684,Take profit,forward-validation,2025,0.0392287921268334,24.76273012745413,62.869300550308175,3.848209477718043,59.0210910725907,0.03,EXECUTABLE,18.93715976321064,20.95643351676825,16.026315657906963,23.525557700056478
S21,13,2025-01-15 19:00:00+00:00,2025-01-15 19:00:00+00:00,2025-01-16 08:45:00+00:00,LONG,99492.97905095611,99492.97905095611,98941.08379617552,98941.08379617552,101148.66481529796,Stop loss,forward-validation,2025,0.0382580445538156,24.91028285513561,-21.114433246436057,3.795849608700108,-24.91028285513561,0.03,EXECUTABLE,19.533368586124894,21.11443324643548,16.556857643417896,21.585119287002353
S21,14,2025-01-16 19:45:00+00:00,2025-01-16 19:45:00+00:00,2025-01-16 22:30:00+00:00,LONG,100050.184151482,100050.184151482,99483.26339407192,99483.26339407192,101750.94642371227,Stop loss,forward-validation,2025,0.0372708470600227,24.84800714799777,-21.129616844583616,3.718390303414704,-24.848007147997777,0.03,EXECUTABLE,20.000624435485506,21.129616844583055,17.007622722302184,19.50813473145214
S21,15,2025-01-17 07:15:00+00:00,2025-01-17 07:15:00+00:00,2025-01-17 12:45:00+00:00,LONG,101643.5138174922,101643.5138174922,102854.22107987506,101239.94473003125,102854.22107987506,Take profit,forward-validation,2025,0.0490799133578718,24.785887130127783,59.42140753949755,5.018365555321915,54.403041984174926,0.04,EXECUTABLE,20.200432669388515,19.80713584649917,16.14276349843829,18.50026362447825
S21,16,2025-01-17 19:15:00+00:00,2025-01-17 19:15:00+00:00,2025-01-17 20:45:00+00:00,LONG,105193.47798095972,105193.47798095972,104672.0880761611,104672.0880761611,106757.64769535558,Stop loss,forward-validation,2025,0.0397908222382084,24.921894735088213,-20.74653301863828,4.17536171644994,-24.92189473508822,0.03,EXECUTABLE,18.7896806348154,20.746533018638278,15.64169714395859,24.605729883126028
S21,17,2025-01-18 15:45:00+00:00,2025-01-18 15:45:00+00:00,2025-01-18 16:15:00+00:00,LONG,104794.74406177716,104794.74406177716,103947.02375289131,103947.02375289131,107337.90498843468,Stop loss,forward-validation,2025,0.0261105135583903,24.8595899982505,-22.134412618886863,2.7251773793636342,-24.8595899982505,0.02,EXECUTABLE,19.041823855863736,22.134412618886838,16.95440617771703,23.402502385583148
S21,18,2025-01-21 12:15:00+00:00,2025-01-21 12:15:00+00:00,2025-01-21 14:30:00+00:00,LONG,103887.88133606456,103887.88133606456,103426.47465574172,103426.47465574172,105272.10137703316,Stop loss,forward-validation,2025,0.0438843161851404,24.79744102325487,-20.24851664922392,4.548924374031596,-24.797441023254876,0.04,EXECUTABLE,22.602554332749513,20.248516649223262,18.45626721291337,8.851262872031862
S21,19,2025-01-21 18:00:00+00:00,2025-01-21 18:15:00+00:00,2025-01-22 04:30:00+00:00,LONG,106437.22982364928,106437.22982364928,105352.08070540288,105352.08070540288,109692.6771783885,Stop loss,forward-validation,2025,0.0207678743391457,24.735447420696733,-22.5362405269759,2.199206893720834,-24.735447420696733,0.02,EXECUTABLE,23.820875470218432,22.536240526975874,21.702982364927884,3.697414220666395
S21,20,2025-01-24 08:15:00+00:00,2025-01-24 08:15:00+00:00,2025-01-24 14:30:00+00:00,LONG,105246.60705319593,105246.60705319593,104752.57178721637,104752.57178721637,106728.7128511346,Stop loss,forward-validation,2025,0.0411889368034837,24.67360880214499,-20.348787349123793,4.324821453020608,-24.673608802144997,0.04,EXECUTABLE,23.961394215990673,20.34878734912439,19.761410639182433,2.886544047388806
S21,21,2025-01-24 17:30:00+00:00,2025-01-24 17:45:00+00:00,2025-01-24 20:15:00+00:00,LONG,106541.17947078135,106541.17947078135,105575.2821168746,105575.2821168746,109438.87153250164,Stop loss,forward-validation,2025,0.0229598363322247,24.611924780139635,-22.176845159428023,2.4350796207116128,-24.611924780139635,0.02,EXECUTABLE,21.439111694011675,22.17684515942794,19.317947078135038,12.89136511862019
S21,22,2025-01-27 10:45:00+00:00,2025-01-27 10:45:00+00:00,2025-01-27 12:30:00+00:00,SHORT,98581.67490183824,98581.67490183824,99386.300392647,99386.300392647,96167.79842941204,Stop loss,forward-validation,2025,0.0271692534812036,24.55039496818928,-21.861073917220622,2.6893210509682643,-24.550394968189288,0.02,EXECUTABLE,18.072189569120027,21.861073917220992,16.092509816175152,26.387377504367116
S21,23,2025-01-30 09:45:00+00:00,2025-01-30 09:45:00+00:00,2025-01-30 11:00:00+00:00,LONG,105503.08623270552,105503.08623270552,105100.65506917796,105100.65506917796,106710.37972328816,Stop loss,forward-validation,2025,0.0482320773561465,24.48901898076881,-19.410091009784946,5.0789279709831625,-24.48901898076881,0.04,EXECUTABLE,20.309321367140353,19.410091009785617,16.09724654110265,17.067640059043477
S21,24,2025-02-01 14:00:00+00:00,2025-02-01 14:00:00+00:00,2025-02-01 23:00:00+00:00,SHORT,101814.11109570957,101814.11109570957,100444.77753135274,102270.55561716182,100444.77753135274,Take profit,forward-validation,2025,0.0437392504818822,24.42779643331689,59.89362376465123,4.423326095923098,55.470297668728776,0.04,EXECUTABLE,22.339474192348533,19.964541254883105,18.257780858090264,8.5489587514333
S21,25,2025-02-02 07:30:00+00:00,2025-02-02 07:30:00+00:00,2025-02-02 16:45:00+00:00,SHORT,99772.9442590936,99772.9442590936,98089.10814549774,100334.22296362557,98089.10814549774,Take profit,forward-validation,2025,0.0371469420409807,24.566472177488716,62.549362518256025,3.674985096391424,58.87437742186406,0.03,EXECUTABLE,19.839968644299326,20.84978750608586,16.83836113595913,19.239651094553512
S21,26,2025-02-02 17:00:00+00:00,2025-02-02 17:15:00+00:00,2025-02-03 01:15:00+00:00,SHORT,98050.1695271188,98050.1695271188,95205.71243390068,98998.32189152484,95205.71243390068,Take profit,forward-validation,2025,0.0236115509625457,24.713658121043377,67.16204361729403,2.2815355528671653,64.88050806442686,0.02,EXECUTABLE,20.93353220230718,22.387347872431672,18.963047288121015,15.295695603709369
S21,27,2025-02-04 07:45:00+00:00,2025-02-04 07:45:00+00:00,2025-02-04 12:30:00+00:00,SHORT,98649.02234262532,98649.02234262532,99656.9106294987,99656.9106294987,95625.3574820052,Stop loss,forward-validation,2025,0.0224705803110009,24.87585939120444,-22.6478346947054,2.228024696499041,-24.87585939120444,0.02,EXECUTABLE,22.140825067188846,22.647834694705356,20.157765737467564,10.994733010038814
S21,28,2025-02-04 14:00:00+00:00,2025-02-04 14:00:00+00:00,2025-02-04 14:30:00+00:00,SHORT,99059.38693425492,99059.38693425492,99692.45226298035,99692.45226298035,97160.19094807855,Stop loss,forward-validation,2025,0.0338780343126552,24.81366974272643,-21.44700892871279,3.3666608140136365,-24.81366974272643,0.03,EXECUTABLE,21.973237449721726,21.44700892871277,18.99195986176317,11.447046416168705
S21,29,2025-02-06 18:15:00+00:00,2025-02-06 18:15:00+00:00,2025-02-07 01:45:00+00:00,SHORT,96273.65763358002,96273.65763358002,97091.36946567992,97091.36946567992,93820.52213728028,Stop loss,forward-validation,2025,0.0270688851983085,24.75163556836961,-22.134547708410764,2.617087859958847,-24.75163556836961,0.02,EXECUTABLE,18.287886912990647,22.1345477084107,16.354236641997996,26.114430448544013
S21,30,2025-02-08 11:30:00+00:00,2025-02-08 11:30:00+00:00,2025-02-08 12:00:00+00:00,SHORT,95892.62094892956,95892.62094892956,96152.51620428178,96152.51620428178,95112.93518287288,Stop loss,forward-validation,2025,0.0693692611595244,24.68975647944869,-18.028741842649787,6.661014636798905,-24.689756479448693,0.06,EXECUTABLE,21.355069435729853,18.028741842649772,15.593715321133494,13.506358584356926
S21,31,2025-02-09 17:30:00+00:00,2025-02-09 17:30:00+00:00,2025-02-09 20:30:00+00:00,SHORT,96202.90356834678,96202.90356834678,96637.38572661286,96637.38572661286,94899.45709354854,Stop loss,forward-validation,2025,0.0463890097162752,24.628032088250063,-20.155197061353455,4.4728350268966075,-24.628032088250063,0.04,EXECUTABLE,21.23609211654244,20.155197061353434,17.379286330643225,13.77267968286391
S21,32,2025-02-11 16:30:00+00:00,2025-02-11 16:30:00+00:00,2025-02-12 13:30:00+00:00,SHORT,96489.45478581505,96489.45478581505,94636.27657304073,97107.18085673984,94636.27657304073,Take profit,forward-validation,2025,0.0343815584113821,24.56646200802944,63.71515496920108,3.285600248316316,60.42955472088477,0.03,EXECUTABLE,21.435731662381528,21.238384989734335,18.53178212774379,12.74392032774051
S21,33,2025-02-13 16:30:00+00:00,2025-02-13 16:30:00+00:00,2025-02-13 19:00:00+00:00,SHORT,95372.81983247494,95372.81983247494,96072.72067010026,96072.72067010026,93273.11731959898,Stop loss,forward-validation,2025,0.0310668708798106,24.71753589483165,-21.743728951177115,2.9738069436545347,-24.71753589483165,0.03,EXECUTABLE,23.868708236298247,21.743728951177058,20.99702512875956,3.4341111595629914
S21,34,2025-02-17 07:30:00+00:00,2025-02-17 07:30:00+00:00,2025-02-17 14:00:00+00:00,SHORT,96102.95071322571,96102.95071322571,96493.19714709707,96493.19714709707,94932.21141161169,Stop loss,forward-validation,2025,0.0506752037269988,24.65574205509457,-19.775817540165303,4.879924514928527,-24.65574205509457,0.05,EXECUTABLE,24.327225390076183,19.775817540166017,19.512321693568083,1.3324144302138574
S21,35,2025-02-21 07:15:00+00:00,2025-02-21 07:15:00+00:00,2025-02-21 07:30:00+00:00,LONG,98497.5864576866,98497.5864576866,98363.65416925366,98363.65416925366,98899.38332298538,Stop loss,forward-validation,2025,0.099876976013095,24.59410269995683,-13.376751959194712,9.83095270400252,-23.207704663198687,0.09,EXECUTABLE,22.161956952980873,13.376751959196161,12.053905958965043,9.889142029890873
S21,36,2025-02-21 09:15:00+00:00,2025-02-21 09:15:00+00:00,2025-02-21 09:30:00+00:00,LONG,98367.63446359657,98374.0,98175.4621456138,98175.4621456138,98969.61356315856,Stop loss,forward-validation,2025,0.0844778846664417,24.53608343829884,-16.772057964760414,8.302041397194156,-25.074099361954566,0.08,EXECUTABLE,23.23550930298864,16.772057964760414,15.883028350896202,5.3006590826965905
S21,37,2025-02-21 11:30:00+00:00,2025-02-21 11:30:00+00:00,2025-02-21 14:30:00+00:00,LONG,98807.36318881287,98807.36318881287,98479.5472447485,98479.5472447485,99790.811021006,Stop loss,forward-validation,2025,0.0573874048295014,24.473398189893953,-18.81250629158776,5.660891898306193,-24.473398189893953,0.05,EXECUTABLE,21.322969964058043,18.81250629158773,16.390797203218973,12.872867925373965
S21,38,2025-02-24 19:45:00+00:00,2025-02-24 19:45:00+00:00,2025-02-25 00:00:00+00:00,SHORT,93712.71955984014,93712.71955984014,91005.51295744225,94615.12176063943,91005.51295744225,Take profit,forward-validation,2025,0.0244963321236185,24.412214694419216,66.31663205959178,2.26245958651557,64.05417247307622,0.02,EXECUTABLE,19.931322429190793,22.105544019863675,18.0480440159858,18.355123946426634
S21,39,2025-02-25 14:45:00+00:00,2025-02-25 14:45:00+00:00,2025-02-26 20:15:00+00:00,SHORT,87818.44438238753,87818.44438238753,82950.11011820058,89441.22247044985,82950.11011820058,Take profit,forward-validation,2025,0.0143579738162171,24.57235012560191,69.89941589378908,1.2259452170763483,68.67347067671274,0.01,EXECUTABLE,17.114079214887436,23.299805297929606,16.22778088062318,30.35228975898284
S21,40,2025-02-27 19:15:00+00:00,2025-02-27 19:15:00+00:00,2025-02-28 01:30:00+00:00,SHORT,84083.13174230316,84083.13174230316,81499.10787685048,84944.47303078738,81499.10787685048,Take profit,forward-validation,2025,0.0261604912223011,24.744033802293693,67.59933365039153,2.165856363062921,65.43347728732861,0.02,EXECUTABLE,18.91710181741548,22.5331112167971,17.22682576968451,23.548836181827692
S21,41,2025-02-28 08:15:00+00:00,2025-02-28 08:15:00+00:00,2025-02-28 09:15:00+00:00,SHORT,78525.11772974662,78525.11772974662,79452.5290810135,79452.5290810135,75742.88367594597,Stop loss,forward-validation,2025,0.0247492181761824,24.907617495512007,-22.952705871572302,1.954911623939698,-24.907617495512007,0.02,EXECUTABLE,20.128003493445338,22.95270587157226,18.54822702533769,19.189366477656435
S21,42,2025-03-03 13:45:00+00:00,2025-03-03 14:00:00+00:00,2025-03-03 14:30:00+00:00,LONG,93689.3078821734,93689.3078821734,92778.7684713064,92778.7684713064,96420.92611477435,Stop loss,forward-validation,2025,0.0247519482363699,24.84534845177323,-22.53762436495482,2.307724086818409,-24.84534845177323,0.02,EXECUTABLE,20.07546898087488,22.537624364954745,18.210788217340014,19.19827963031816
S21,43,2025-03-04 07:15:00+00:00,2025-03-04 07:15:00+00:00,2025-03-04 09:00:00+00:00,SHORT,83383.35832686,83383.35832686,84070.56669255998,84070.56669255998,81321.73322976008,Stop loss,forward-validation,2025,0.0321469702759594,24.783235080643795,-22.091666905547775,2.6915681750960196,-24.783235080643795,0.03,EXECUTABLE,23.128059846290594,22.091666905547726,20.616250970999243,6.678608458368396
S21,44,2025-03-08 08:00:00+00:00,2025-03-08 08:00:00+00:00,2025-03-08 14:30:00+00:00,SHORT,86092.39018220115,86092.39018220115,86517.43927119538,86517.43927119538,84817.24291521846,Stop loss,forward-validation,2025,0.0483447412419866,24.721276992942183,-20.54888822256823,4.172388770373954,-24.721276992942183,0.04,EXECUTABLE,20.454160148837175,20.5488882225682,17.001963559769212,17.260907862175777
S21,45,2025-03-08 16:30:00+00:00,2025-03-08 16:30:00+00:00,2025-03-09 13:45:00+00:00,SHORT,85847.4632004644,85847.4632004644,83973.41120743025,86472.14719814244,83973.41120743025,Take profit,forward-validation,2025,0.0346904252391922,24.65947380045983,65.01166055871005,2.9455791738506627,62.066081384859395,0.03,EXECUTABLE,21.325314086320535,21.67055351956999,18.740519930341396,13.520806409409758
S21,46,2025-03-10 17:00:00+00:00,2025-03-10 17:00:00+00:00,2025-03-11 04:15:00+00:00,SHORT,78906.73547514179,78906.73547514179,79904.05809943285,79904.05809943285,75914.7676022686,Stop loss,forward-validation,2025,0.0230463390179722,24.814639003921975,-22.98463530970555,1.8300036942164284,-24.814639003921975,0.02,EXECUTABLE,21.534560421567004,22.984635309705496,19.94645248582121,13.218320773622983
S21,47,2025-03-13 17:00:00+00:00,2025-03-13 17:00:00+00:00,2025-03-13 22:45:00+00:00,SHORT,80605.83341453159,80605.83341453159,81315.66634187366,81315.66634187366,78476.33463250539,Stop loss,forward-validation,2025,0.0313009614510581,24.75260240641217,-22.218453095425794,2.534149310986378,-24.75260240641217,0.03,EXECUTABLE,23.723810316608112,22.218453095425787,21.29498782026203,4.156298690991567
S21,48,2025-03-16 19:15:00+00:00,2025-03-16 19:15:00+00:00,2025-03-17 12:00:00+00:00,SHORT,82987.21184477983,82987.21184477983,83935.15262088068,83935.15262088068,80143.38951647728,Stop loss,forward-validation,2025,0.0239389897419684,24.69072090039614,-22.692744515071855,1.9979763853242871,-24.69072090039614,0.02,EXECUTABLE,20.628039166673645,22.692744515071762,18.95881552201696,16.454285600293318
S21,49,2025-03-18 10:00:00+00:00,2025-03-18 10:00:00+00:00,2025-03-18 13:30:00+00:00,SHORT,82782.6774689616,82782.6774689616,81430.8395033855,83233.29012415363,81430.8395033855,Take profit,forward-validation,2025,0.0461545005920803,24.628994098145142,62.393406182578595,3.789596433163898,58.6038097494147,0.04,EXECUTABLE,21.344825559543597,20.797802060859496,18.024506207681263,13.334562205481559
S22,1,2025-04-02 20:00:00+00:00,2025-04-02 20:00:00+00:00,2025-04-02 20:00:00+00:00,LONG,87045.57193165064,87045.57193165064,86168.71227339742,86168.71227339742,89676.1509064103,Stop loss,forward-validation,2025,0.0259479620789934,24.999999999999996,-22.752721160953712,2.2472788390462934,-25.000000000000004,0.02,EXECUTABLE,19.269336007114916,22.75272116095364,17.537193165064384,22.92265597154033
S22,2,2025-04-03 15:00:00+00:00,2025-04-03 15:00:00+00:00,2025-04-03 21:00:00+00:00,SHORT,81264.43780597662,81264.43780597662,82426.2487760935,82426.2487760935,77779.00489562596,Stop loss,forward-validation,2025,0.0200517616733397,24.9375,-23.296356682255485,1.641143317744513,-24.9375,0.02,EXECUTABLE,24.873126268158522,23.29635668225541,23.23621940233774,0.25814027806105866
S22,3,2025-04-05 19:45:00+00:00,2025-04-05 19:45:00+00:00,2025-04-05 21:15:00+00:00,SHORT,82834.39028739592,82834.39028739592,83102.43885041632,83102.43885041632,82030.2445983347,Stop loss,forward-validation,2025,0.0708659632956666,24.87515625,-18.995519628460247,5.879636621539752,-24.87515625,0.07,EXECUTABLE,24.57118843125183,18.995519628460247,18.763399411428402,1.221973505184193
S22,4,2025-04-06 08:00:00+00:00,2025-04-06 08:00:00+00:00,2025-04-06 13:15:00+00:00,SHORT,82991.0311571596,82991.0311571596,82541.49851455353,83140.87537136162,82541.49851455353,Take profit,forward-validation,2025,0.1065345005299828,24.812968359375,47.89073555196029,8.817462685020264,39.07327286694003,0.1,EXECUTABLE,23.2910167466282,15.963578517320089,14.984421420202125,6.133694246910881
S22,5,2025-04-06 13:30:00+00:00,2025-04-06 13:30:00+00:00,2025-04-06 17:30:00+00:00,SHORT,82498.5026950661,82498.5026950661,81498.04312105752,82831.98921973562,81498.04312105752,Take profit,forward-validation,2025,0.059859535149916,24.91065154154235,59.88704503643657,4.908378499372535,54.97866653706403,0.05,EXECUTABLE,20.80758853134638,19.962348345478837,16.674326233476314,16.471118803751406
S22,6,2025-04-07 11:45:00+00:00,2025-04-07 11:45:00+00:00,2025-04-07 12:15:00+00:00,SHORT,76496.96466359864,76496.96466359864,77312.14134560544,77312.14134560544,74051.43461757824,Stop loss,forward-validation,2025,0.0280782704812357,25.048098207885012,-22.88875136738327,2.1593468405017497,-25.04809820788502,0.02,EXECUTABLE,17.841624700228095,22.888751367383207,16.30353364013601,28.770541571049723
S22,7,2025-04-08 19:15:00+00:00,2025-04-08 19:15:00+00:00,2025-04-09 07:15:00+00:00,SHORT,76689.46732779425,76689.46732779425,77721.13068882302,77721.13068882302,73594.47724470794,Stop loss,forward-validation,2025,0.0225324052007474,24.9854779623653,-23.245856881465222,1.739621080900077,-24.9854779623653,0.02,EXECUTABLE,22.1773732007416,23.24585688146516,20.633267220575362,11.23894754326271
S22,8,2025-04-12 12:15:00+00:00,2025-04-12 12:15:00+00:00,2025-04-12 13:30:00+00:00,LONG,83650.54025535329,83650.54025535329,84411.64408565266,83396.83897858683,84411.64408565266,Take profit,forward-validation,2025,0.0739061954242195,24.92301426745939,56.25028842022722,6.210418319663798,50.039870100563434,0.07,EXECUTABLE,23.605747646839877,18.750096140075726,17.759089373651953,5.285342320488883
S22,9,2025-04-12 19:00:00+00:00,2025-04-12 19:15:00+00:00,2025-04-12 19:45:00+00:00,LONG,85190.83009061613,85190.83009061613,84847.67963753549,84847.67963753549,86220.28144985806,Stop loss,forward-validation,2025,0.0585004344724565,25.0481139427108,-20.074450594637845,4.973663348072952,-25.0481139427108,0.05,EXECUTABLE,21.40848539723589,20.074450594637824,17.157522654032075,14.530549301234197
S22,10,2025-04-15 08:15:00+00:00,2025-04-15 08:15:00+00:00,2025-04-15 10:30:00+00:00,LONG,85921.37569613682,85921.37569613682,85597.49721545269,85597.49721545269,86893.0111381892,Stop loss,forward-validation,2025,0.0609940940826518,24.98549365785402,-19.754674522194072,5.230819135659947,-24.98549365785402,0.06,EXECUTABLE,24.57827502839541,19.754674522194062,19.432708841047713,1.6298202270284223
S22,11,2025-04-15 13:00:00+00:00,2025-04-15 13:00:00+00:00,2025-04-15 14:15:00+00:00,LONG,85818.42608780564,85818.42608780564,85408.29564877746,85408.29564877746,87048.81740489016,Stop loss,forward-validation,2025,0.0502740123606478,24.923029923709382,-20.618902761180287,4.304127162529092,-24.923029923709382,0.05,EXECUTABLE,24.78718999482324,20.61890276118028,20.50652195140865,0.5450377795234163
S22,12,2025-04-16 14:30:00+00:00,2025-04-16 14:30:00+00:00,2025-04-16 17:45:00+00:00,LONG,84452.78577033972,84452.78577033972,83682.85691864113,83682.85691864113,86762.57232543547,Stop loss,forward-validation,2025,0.0291110295082451,24.86072234890011,-22.413421521046768,2.4473008278533426,-24.86072234890011,0.02,EXECUTABLE,17.079933460861508,22.41342152104673,15.39857703397167,31.297517340170288
S22,13,2025-04-17 18:15:00+00:00,2025-04-17 18:15:00+00:00,2025-04-17 18:45:00+00:00,LONG,85305.4091922631,85305.4091922631,84969.36323094755,84969.36323094755,86313.54707620977,Stop loss,forward-validation,2025,0.0588783262411122,24.798570543027864,-19.785823742345396,5.01274680068247,-24.798570543027864,0.05,EXECUTABLE,21.059167376358,19.785823742345386,16.802298065777723,15.079107725913655
S22,14,2025-04-19 07:30:00+00:00,2025-04-19 07:30:00+00:00,2025-04-19 16:45:00+00:00,LONG,85214.45531875775,85214.45531875775,84895.178724969,84895.178724969,86172.28510012403,Stop loss,forward-validation,2025,0.0611789572991057,24.73657411667029,-19.53300909800646,5.203565018663831,-24.73657411667029,0.06,EXECUTABLE,24.259884648637403,19.53300909800645,19.156595627325586,1.9270634073440318
S22,15,2025-04-21 14:15:00+00:00,2025-04-21 14:15:00+00:00,2025-04-21 17:00:00+00:00,LONG,87717.09030316272,87717.09030316272,86918.6387873491,86918.6387873491,90112.44485060358,Stop loss,forward-validation,2025,0.0278568363600257,24.674732681378615,-22.242333217434524,2.432399463944088,-24.674732681378615,0.02,EXECUTABLE,17.715387607177554,22.242333217434485,15.969030316272402,28.20433827618769
S22,16,2025-04-22 07:45:00+00:00,2025-04-22 08:00:00+00:00,2025-04-22 13:00:00+00:00,LONG,88494.7532176143,88495.0,89569.03861137164,88136.98712954279,89569.03861137164,Take profit,forward-validation,2025,0.0551760621445085,24.613045849675174,59.26122116664312,4.912436230061603,54.34878493658152,0.05,EXECUTABLE,22.30409791225454,19.75374038888103,17.90064352286063,9.380992305960811
S22,17,2025-04-22 17:45:00+00:00,2025-04-22 17:45:00+00:00,2025-04-22 21:45:00+00:00,LONG,91460.4843379593,91460.4843379593,93816.74940734878,90675.0626481628,93816.74940734878,Take profit,forward-validation,2025,0.0282364122429166,24.748917812016625,66.532471852866,2.615782175629872,63.91668967723613,0.02,EXECUTABLE,17.529789265791123,22.177490617621974,15.708433795929887,29.169471574713924
S22,18,2025-04-23 08:00:00+00:00,2025-04-23 08:00:00+00:00,2025-04-23 10:00:00+00:00,LONG,94271.6963274627,94271.6963274627,93518.21469014917,93518.21469014917,96532.14123940333,Stop loss,forward-validation,2025,0.0293950880248492,24.908709536209717,-22.14865905393906,2.760050482270657,-24.908709536209717,0.02,EXECUTABLE,16.947531856446957,22.148659053939006,15.0696327462708,31.96142163924477
S22,19,2025-04-23 13:15:00+00:00,2025-04-23 13:15:00+00:00,2025-04-23 13:30:00+00:00,LONG,94047.33711245548,94047.33711245548,93610.65155017808,93610.65155017808,95357.39379928772,Stop loss,forward-validation,2025,0.0468346013372347,24.84643776236919,-20.45199421898831,4.394443543380881,-24.84643776236919,0.04,EXECUTABLE,21.220582264348764,20.451994218988297,17.467422491096077,14.593059708188482
S22,20,2025-04-24 16:15:00+00:00,2025-04-24 16:15:00+00:00,2025-04-24 17:00:00+00:00,LONG,93513.6746449424,93513.6746449424,93148.30142023036,93148.30142023036,94609.7943190786,Stop loss,forward-validation,2025,0.0540311620851881,24.78432166796327,-19.741539926004624,5.042781741959429,-24.78432166796327,0.05,EXECUTABLE,22.935210637231094,19.741539926003824,18.26866123560176,7.46080952105449
S22,21,2025-04-24 19:30:00+00:00,2025-04-24 19:30:00+00:00,2025-04-24 21:15:00+00:00,LONG,93566.0925683008,93566.0925683008,93196.62972679683,93196.62972679683,94674.48109281268,Stop loss,forward-validation,2025,0.053414001346815,24.722360863793355,-19.73448871369076,4.987872150102595,-24.722360863793355,0.05,EXECUTABLE,23.14221013257558,19.734488713690745,18.473142075198123,6.391585091422048
S22,22,2025-04-25 11:15:00+00:00,2025-04-25 11:15:00+00:00,2025-04-25 14:45:00+00:00,LONG,94044.99891581445,94044.99891581445,95412.9826530312,93589.0043367422,95412.9826530312,Take profit,forward-validation,2025,0.0448527383331995,24.66055496163387,61.35781660945538,4.248854636221784,57.10896197323359,0.04,EXECUTABLE,21.992463227941116,20.45260553648469,18.239783162889655,10.819268819552885
S22,23,2025-04-25 17:15:00+00:00,2025-04-25 17:15:00+00:00,2025-04-25 17:30:00+00:00,LONG,95572.11752577208,95572.11752577208,95210.52989691164,95210.52989691164,96656.88041235348,Stop loss,forward-validation,2025,0.0542767390641939,24.80332736656696,-19.62579738049918,5.177529986068562,-24.80332736656695,0.05,EXECUTABLE,22.848947628588835,19.625797380498366,18.079381443021703,7.879506281937331
S22,24,2025-04-29 11:15:00+00:00,2025-04-29 11:15:00+00:00,2025-04-29 13:00:00+00:00,LONG,95235.0224901658,95235.0224901658,94768.9100393368,94768.9100393368,96633.35984265272,Stop loss,forward-validation,2025,0.0440931800973793,24.74131904815054,-20.552380240033703,4.188938808116835,-24.74131904815054,0.04,EXECUTABLE,22.444576683749833,20.55238024003369,18.644498033159763,9.283023107744913
S22,25,2025-04-30 11:30:00+00:00,2025-04-30 11:30:00+00:00,2025-04-30 12:15:00+00:00,LONG,95153.79042493184,95153.79042493184,94930.8383002726,94930.8383002726,95822.6467989096,Stop loss,forward-validation,2025,0.0776097400522009,24.679465750530163,-17.303256438890173,7.376209311641121,-24.679465750530163,0.07,EXECUTABLE,22.25961073152854,17.30325643888904,15.606648726146378,9.805135343943338
S22,26,2025-05-01 08:30:00+00:00,2025-05-01 08:45:00+00:00,2025-05-01 10:15:00+00:00,LONG,95175.2033887777,95175.2033887777,95985.25422044336,94905.18644488916,95985.25422044336,Take profit,forward-validation,2025,0.0674353805727872,24.617767086153837,54.626086116675864,6.445489104672996,48.18059701200287,0.06,EXECUTABLE,21.90342832832301,18.208695372225268,16.201016633312975,11.02593402696338
S22,27,2025-05-01 15:00:00+00:00,2025-05-01 15:00:00+00:00,2025-05-03 08:00:00+00:00,LONG,96970.29399526192,96970.29399526192,96189.82401895228,96189.82401895228,99311.70392419086,Stop loss,forward-validation,2025,0.0282061656490892,24.73821857868384,-22.01406543593097,2.724153142753277,-24.73821857868384,0.02,EXECUTABLE,17.54100070633504,22.014065435930522,15.609399526192865,29.093517180539507
S22,28,2025-05-06 10:45:00+00:00,2025-05-06 10:45:00+00:00,2025-05-06 14:15:00+00:00,SHORT,94061.2924935246,94061.2924935246,94339.83002590157,94339.83002590157,93225.6798963938,Stop loss,forward-validation,2025,0.0662029812715891,24.67637303223713,-18.4400150393862,6.236357992849971,-24.67637303223713,0.06,EXECUTABLE,22.364285618200963,18.440015039387156,16.712251942618167,9.36964038846254
S22,29,2025-05-07 07:15:00+00:00,2025-05-07 07:15:00+00:00,2025-05-07 17:45:00+00:00,LONG,96686.31699411152,96686.31699411152,96398.73202355386,96398.73202355386,97549.07190578454,Stop loss,forward-validation,2025,0.0640794590748992,24.614682099656537,-18.42828935140627,6.186392748251201,-24.614682099656537,0.06,EXECUTABLE,23.047649703989254,18.42828935140533,17.255098233459282,6.366250798295492
S22,30,2025-05-08 07:15:00+00:00,2025-05-08 07:15:00+00:00,2025-05-08 15:15:00+00:00,LONG,99189.51241775768,99189.51241775768,100280.1986841228,98825.95032896932,100280.1986841228,Take profit,forward-validation,2025,0.0530798688635203,24.5531453944074,57.89348398990353,5.293913053766053,52.59957093613748,0.05,EXECUTABLE,23.12849100808707,19.297827996633462,18.178104439417805,5.802329450811749
S22,31,2025-05-09 10:45:00+00:00,2025-05-09 10:45:00+00:00,2025-05-09 11:15:00+00:00,LONG,103287.1960718697,103287.1960718697,102860.21571252124,102860.21571252124,104568.1371499151,Stop loss,forward-validation,2025,0.0465700500014855,24.68464432174774,-19.88449668450978,4.800147637237961,-24.68464432174774,0.04,EXECUTABLE,21.20216260962601,19.884496684509745,17.079214373938157,14.107886938656765
S22,32,2025-05-11 09:15:00+00:00,2025-05-11 09:15:00+00:00,2025-05-11 22:30:00+00:00,LONG,104280.713164212,104281.0,103765.147343152,103765.147343152,105828.55797054396,Stop loss,forward-validation,2025,0.0397407678217799,24.622932710943378,-20.500380666044755,4.133956818890017,-24.63433748493477,0.03,EXECUTABLE,18.58766253941032,20.50038066604471,15.475579705440031,24.510769055754068
S22,33,2025-05-13 11:00:00+00:00,2025-05-13 11:15:00+00:00,2025-05-13 14:00:00+00:00,LONG,103619.35972040729,103619.35972040729,103366.56111837088,103366.56111837088,104377.75552651644,Stop loss,forward-validation,2025,0.0689360890219747,24.56134686723103,-17.426946934611323,7.134399932618716,-24.56134686723104,0.06,EXECUTABLE,21.3774937473476,17.426946934612314,15.16791612218425,12.962860453435587
S22,34,2025-05-13 16:15:00+00:00,2025-05-13 16:15:00+00:00,2025-05-14 08:45:00+00:00,LONG,104369.47727770942,104369.47727770942,103330.09088916233,103330.09088916233,107487.63644335074,Stop loss,forward-validation,2025,0.0214303431667052,24.49994350006296,-22.27440698936668,2.2255365106962803,-24.49994350006296,0.02,EXECUTABLE,22.864723452610672,22.274406989366586,20.787727770941856,6.674382932548751
S22,35,2025-05-14 12:45:00+00:00,2025-05-14 12:45:00+00:00,2025-05-14 13:00:00+00:00,LONG,104204.32215330708,104204.32215330708,103903.71138677168,103903.71138677168,105106.15445291324,Stop loss,forward-validation,2025,0.0603924399886981,24.438693641312803,-18.154617677945208,6.284075963367593,-24.438693641312803,0.06,EXECUTABLE,24.279886998325896,18.1546176779452,18.03664599212352,0.6498164153850183
S22,36,2025-05-19 19:45:00+00:00,2025-05-19 19:45:00+00:00,2025-05-20 12:30:00+00:00,LONG,105536.70230475458,105536.70230475458,104807.19078098168,104807.19078098168,107725.23687607324,Stop loss,forward-validation,2025,0.0292057980949199,24.37759690720952,-21.305966271228804,3.071630635980717,-24.37759690720952,0.02,EXECUTABLE,16.69366940631545,21.305966271228797,14.590230475458084,31.52044695029639
S22,37,2025-05-20 19:45:00+00:00,2025-05-20 19:45:00+00:00,2025-05-21 16:30:00+00:00,LONG,106702.6793926157,106702.6793926157,109526.87028185112,105761.28242953724,109526.87028185112,Take profit,forward-validation,2025,0.0232111312449419,24.316652914941496,65.55266539081292,2.509466228264378,63.04319916254854,0.02,EXECUTABLE,20.952578879791144,21.850888463603763,18.827939261569117,13.834445254113403
S22,38,2025-05-21 19:45:00+00:00,2025-05-21 19:45:00+00:00,2025-05-25 15:30:00+00:00,LONG,108508.16387675962,108508.16387675962,106709.34449296157,106709.34449296157,113904.6220281538,Stop loss,forward-validation,2025,0.0128377568633364,24.474260912847868,-23.092805890256088,1.38145502259178,-24.474260912847868,0.01,EXECUTABLE,19.064281379829204,23.092805890255978,17.988193837980507,22.104771834718296
S22,39,2025-05-29 11:00:00+00:00,2025-05-29 11:00:00+00:00,2025-05-29 12:30:00+00:00,LONG,108907.62887719892,108907.62887719892,108438.48449120428,108438.48449120428,110315.0620351828,Stop loss,forward-validation,2025,0.0422504989592961,24.413075260565748,-19.821584392226363,4.591490868339388,-24.413075260565748,0.04,EXECUTABLE,23.11269770715387,19.82158439222635,18.765775439785795,5.326561850699596
S22,40,2025-05-30 07:15:00+00:00,2025-05-30 07:30:00+00:00,2025-05-30 10:45:00+00:00,SHORT,105486.52141849596,105486.52141849596,105915.91432601622,105915.91432601622,104198.34269593512,Stop loss,forward-validation,2025,0.0455098297977966,24.35204257241433,-19.541598137628803,4.8104444347861985,-24.352042572414337,0.04,EXECUTABLE,21.403765015700724,19.54159813762811,17.175716300810453,12.10690047024382
S22,41,2025-05-30 16:30:00+00:00,2025-05-30 16:30:00+00:00,2025-06-01 22:00:00+00:00,SHORT,104646.0878754267,104646.0878754267,105640.6484982932,105640.6484982932,101662.4060068272,Stop loss,forward-validation,2025,0.0220888190491296,24.291162465983295,-21.96866963188773,2.322492834095562,-24.291162465983295,0.02,EXECUTABLE,21.994079821067192,21.968669631887707,19.891212457329967,9.45645416571923
S22,42,2025-06-03 08:30:00+00:00,2025-06-03 08:30:00+00:00,2025-06-03 09:30:00+00:00,SHORT,104976.70677505096,104976.70677505096,105337.17289979612,105337.17289979612,103895.30840081554,Stop loss,forward-validation,2025,0.052038733479709,24.230434559818335,-18.758200594076097,5.472233965741481,-24.230434559818335,0.05,EXECUTABLE,23.28115322912912,18.758200594076843,18.02330623725793,3.917723094671277
S22,43,2025-06-04 12:00:00+00:00,2025-06-04 12:00:00+00:00,2025-06-04 15:30:00+00:00,SHORT,105127.53572790627,105127.53572790627,105549.85708837485,105549.85708837485,103860.5716465006,Stop loss,forward-validation,2025,0.0458057382938614,24.169858473418792,-19.344741713530325,4.825116759887807,-24.1698584734188,0.04,EXECUTABLE,21.106402275068568,19.344741713530976,16.892854418742935,12.674696468410485
S22,44,2025-06-05 16:30:00+00:00,2025-06-05 16:30:00+00:00,2025-06-05 19:15:00+00:00,SHORT,103978.04280272489,103978.04280272489,101833.68484359817,104692.82878910046,101833.68484359817,Take profit,forward-validation,2025,0.0294332844614432,24.109433827235247,63.11549779813651,3.02885756265765,60.08664023547886,0.02,EXECUTABLE,16.382428443429717,21.038499266045502,14.29571972751146,32.04971729811719
S22,45,2025-06-08 13:45:00+00:00,2025-06-08 13:45:00+00:00,2025-06-08 14:00:00+00:00,LONG,105927.47089022573,105927.47089022573,105637.11643909708,105637.11643909708,106798.53424361166,Stop loss,forward-validation,2025,0.0612405961998853,24.259650427823946,-17.781479696408724,6.47817073141522,-24.259650427823946,0.06,EXECUTABLE,23.768204687598438,17.781479696408706,17.421267067718727,2.0257742034974213
S22,46,2025-06-08 16:15:00+00:00,2025-06-08 16:15:00+00:00,2025-06-08 22:15:00+00:00,LONG,106288.05214840113,106288.05214840113,105962.79140639548,105962.79140639548,107263.8343744181,Stop loss,forward-validation,2025,0.0560959143648491,24.199001301754375,-18.245798729795947,5.953202571958435,-24.199001301754382,0.05,EXECUTABLE,21.569308189152174,18.245798729795922,16.263037100282236,10.866948928225206
S22,47,2025-06-09 14:45:00+00:00,2025-06-09 14:45:00+00:00,2025-06-09 21:15:00+00:00,LONG,107988.57257281078,107988.57257281078,109887.16116497248,107355.70970875688,109887.16116497248,Take profit,forward-validation,2025,0.0325960334476748,24.138503798499993,61.88645725347662,3.5509423521767367,58.33551490129989,0.03,EXECUTABLE,22.216050155840556,20.628819084492047,18.985885921616863,7.964261822967266
S22,48,2025-06-14 10:00:00+00:00,2025-06-14 10:00:00+00:00,2025-06-14 10:30:00+00:00,SHORT,104902.72386987026,104902.72386987026,105088.10452051896,105088.10452051896,104346.58191792412,Stop loss,forward-validation,2025,0.0836306621856326,24.284342585753244,-15.503506570154354,8.7808360155989,-24.28434258575325,0.08,EXECUTABLE,23.230085187511712,15.503506570154345,14.830452051896136,4.3413050796772605
S22,49,2025-06-14 14:45:00+00:00,2025-06-14 14:45:00+00:00,2025-06-14 21:15:00+00:00,SHORT,104918.63552850008,104918.63552850008,105147.45788599971,105147.45788599971,104232.16845600116,Stop loss,forward-validation,2025,0.0725572550992096,24.223631729288865,-16.602722165503728,7.6209095637851325,-24.223631729288865,0.07,EXECUTABLE,23.369878294482124,16.60272216550372,16.017565024974612,3.524465052754522
S22,50,2025-06-15 11:45:00+00:00,2025-06-15 11:45:00+00:00,2025-06-15 12:00:00+00:00,SHORT,104947.26587784756,104947.26587784756,105171.93648860976,105171.93648860976,104273.254045561,Stop loss,forward-validation,2025,0.073281342669214,24.16307264996564,-16.46416401496649,7.69890863499915,-24.16307264996564,0.07,EXECUTABLE,23.081114836180124,16.46416401496647,15.72694275335409,4.477732734818618
S22,51,2025-06-18 09:45:00+00:00,2025-06-18 09:45:00+00:00,2025-06-18 14:00:00+00:00,SHORT,104673.15476622416,104673.15476622416,105108.38093510336,105108.38093510336,103367.4762595866,Stop loss,forward-validation,2025,0.0446249012561439,24.10266496834073,-19.42192481032374,4.680740158016987,-24.10266496834073,0.04,EXECUTABLE,21.604677469194225,19.421924810323723,17.409046755167655,10.363947316314004
S22,52,2025-06-19 17:00:00+00:00,2025-06-19 17:00:00+00:00,2025-06-19 17:30:00+00:00,SHORT,103959.9691318647,103959.9691318647,104432.12347254124,104432.12347254124,102543.50610983509,Stop loss,forward-validation,2025,0.0417149165665547,24.04240830591987,-19.6958789278586,4.346529378061275,-24.04240830591987,0.04,EXECUTABLE,23.05401547914981,19.695878927858566,18.886173627061652,4.111039186231158
S22,53,2025-06-21 17:30:00+00:00,2025-06-21 17:30:00+00:00,2025-06-21 19:00:00+00:00,SHORT,103412.00004669164,103412.00004669164,102671.00074706633,103658.9998132334,102671.00074706633,Take profit,forward-validation,2025,0.0684162324850962,23.982302285155072,50.69638035445892,7.049711246766011,43.64666910769291,0.06,EXECUTABLE,21.032115988303836,16.89879345148563,14.81998599250568,12.301514098908617
S22,54,2025-06-22 19:15:00+00:00,2025-06-22 19:30:00+00:00,2025-06-22 22:00:00+00:00,SHORT,99098.37708060852,99098.37708060852,99908.49167756592,99908.49167756592,96668.03328973633,Stop loss,forward-validation,2025,0.0264852038195935,24.091418957924304,-21.45605021764463,2.6353687402796817,-24.09141895792431,0.02,EXECUTABLE,18.192360626729783,21.456050217644552,16.20229193914798,24.48613899205038
S22,55,2025-06-25 13:00:00+00:00,2025-06-25 13:00:00+00:00,2025-06-25 15:30:00+00:00,LONG,107330.25889726495,107330.25889726495,106947.96441094013,106947.96441094013,108477.14235623948,Stop loss,forward-validation,2025,0.0491000015319015,24.031190410529497,-18.770659864187213,5.260530546343003,-24.031190410529497,0.04,EXECUTABLE,19.577343919157176,18.770659864186488,15.291779452993069,18.533607429704457
S22,56,2025-06-26 07:15:00+00:00,2025-06-26 07:15:00+00:00,2025-06-26 09:00:00+00:00,LONG,107949.40208702863,107949.40208702863,107718.39165188548,107718.39165188548,108642.43339245812,Stop loss,forward-validation,2025,0.0707437314713921,23.971112434503176,-16.342540190856514,7.62857224364666,-23.971112434503176,0.07,EXECUTABLE,23.71910324088257,16.34254019085651,16.170730460020568,1.0513037069480036
S22,57,2025-07-02 13:15:00+00:00,2025-07-02 13:30:00+00:00,2025-07-02 16:00:00+00:00,LONG,107685.050375456,107685.050375456,109011.80600729608,107242.79849817598,109011.80600729608,Take profit,forward-validation,2025,0.0434973573230728,23.91118465341691,57.710363798547085,4.712870296433589,52.99749350211349,0.04,EXECUTABLE,21.988632068673677,19.236787932848983,17.690075091201,8.040390355433512
S22,58,2025-07-02 19:00:00+00:00,2025-07-02 19:00:00+00:00,2025-07-02 20:45:00+00:00,LONG,109630.21723212163,109630.21723212163,109290.13107151345,109290.13107151345,110650.4757139462,Stop loss,forward-validation,2025,0.0534843163608665,24.0436783871722,-18.189275803920843,5.854402583251355,-24.0436783871722,0.05,EXECUTABLE,22.47731673800034,18.189275803920832,17.004308030409447,6.514650645167275
S22,59,2025-07-03 08:30:00+00:00,2025-07-03 08:30:00+00:00,2025-07-03 12:30:00+00:00,LONG,109574.9987458022,109574.9987458022,109298.0050167912,109298.0050167912,110405.97993283514,Stop loss,forward-validation,2025,0.0620644226923568,23.983569191204268,-17.191455880470567,6.792113310733701,-23.983569191204268,0.06,EXECUTABLE,23.18581385353754,17.191455880470563,16.619623740659733,3.326257786348563
S22,60,2025-07-08 10:15:00+00:00,2025-07-08 10:15:00+00:00,2025-07-08 10:30:00+00:00,LONG,108525.28336798934,108525.28336798934,108856.53388782936,108414.86652804266,108856.53388782936,Take profit,forward-validation,2025,0.0881770939481657,23.923610268226255,29.208708208311972,9.58404846139466,19.624659746917313,0.08,EXECUTABLE,21.705056673597873,9.736236069437322,8.833347195733804,9.273489953039892
S22,61,2025-07-08 17:15:00+00:00,2025-07-08 17:15:00+00:00,2025-07-09 19:30:00+00:00,LONG,108897.17006624502,108897.17006624502,110807.72105992022,108260.31973501996,110807.72105992022,Take profit,forward-validation,2025,0.032159561097602,23.972671917593555,61.44248141118213,3.532806434806961,57.90967497637517,0.03,EXECUTABLE,22.362872283771086,20.4808271370602,19.105509936751623,6.715144808873119
S22,62,2025-07-10 14:15:00+00:00,2025-07-10 14:15:00+00:00,2025-07-10 17:00:00+00:00,LONG,111178.59754536602,111178.59754536602,112795.56072585634,110639.60981853592,112795.56072585634,Take profit,forward-validation,2025,0.0371096533676464,24.117446105034492,60.00494313624279,4.155801688377718,55.84914144786507,0.03,EXECUTABLE,19.49690491536172,20.001647712080924,16.169631804903183,19.15850115119875
S22,63,2025-07-11 09:30:00+00:00,2025-07-11 09:30:00+00:00,2025-07-11 11:00:00+00:00,LONG,118284.672504796,118284.672504796,117877.30998081603,117877.30998081603,119506.76007673582,Stop loss,forward-validation,2025,0.0461649411514186,24.257068958654155,-18.80586694682816,5.451202011825323,-24.257068958654155,0.04,EXECUTABLE,21.017740608911193,18.805866946828804,16.29450095919892,13.354162266118596
S22,64,2025-07-13 07:30:00+00:00,2025-07-13 07:30:00+00:00,2025-07-13 08:15:00+00:00,LONG,118034.21972808756,118034.21972808756,117871.1210876497,117871.1210876497,118523.51564940116,Stop loss,forward-validation,2025,0.0819980047887789,24.196426286257523,-13.373763099667276,9.671883632953676,-23.04564673261976,0.08,EXECUTABLE,23.6068439456163,13.373763099666078,13.047891235027928,2.4366504940280254
S22,65,2025-07-13 12:00:00+00:00,2025-07-13 12:00:00+00:00,2025-07-13 12:45:00+00:00,LONG,118131.81424228672,118131.81424228672,118624.02787658764,117967.74303085307,118624.02787658764,Take profit,forward-validation,2025,0.0817351780272049,24.138812169425968,40.231169027003155,9.675640452283517,30.55552857471964,0.08,EXECUTABLE,23.62636284845828,13.410389675668501,13.125696914691943,2.1229268340583474
S22,66,2025-07-13 19:15:00+00:00,2025-07-13 19:15:00+00:00,2025-07-13 21:30:00+00:00,LONG,119165.22958921827,119165.22958921827,118823.08164312685,118823.08164312685,120191.6734274926,Stop loss,forward-validation,2025,0.052511364503901,24.21520099086277,-17.966655511468772,6.248545479394761,-24.21520099086277,0.05,EXECUTABLE,23.057105085379998,17.966655511467994,17.10739730457135,4.782516180310703
S22,67,2025-07-20 14:00:00+00:00,2025-07-20 14:00:00+00:00,2025-07-20 17:45:00+00:00,LONG,118433.37718231852,118433.37718231852,118096.49127072598,118096.49127072598,119444.0349170961,Stop loss,forward-validation,2025,0.053069577284687,24.15466298838561,-17.878392921381995,6.27627006700285,-24.154662988385617,0.05,EXECUTABLE,22.757542290953328,17.878392921382762,16.844295579627214,5.784062059172856
S22,68,2025-07-20 19:15:00+00:00,2025-07-20 19:15:00+00:00,2025-07-20 19:45:00+00:00,LONG,118592.5095199338,118592.5095199338,118268.96192026476,118268.96192026476,119563.15231894092,Stop loss,forward-validation,2025,0.0545146094314805,24.09427633091465,-17.638071028451343,6.456205302464102,-24.09427633091465,0.05,EXECUTABLE,22.098916769456803,17.63807102845054,16.17737998345183,8.281467075637627
S22,69,2025-07-21 13:45:00+00:00,2025-07-21 13:45:00+00:00,2025-07-21 16:15:00+00:00,LONG,118738.1347638255,118738.1347638255,117958.46094469802,117958.46094469802,121077.15622120792,Stop loss,forward-validation,2025,0.026763305920422,24.034040640087365,-20.866648939452524,3.1673917006348393,-24.034040640087365,0.02,EXECUTABLE,17.96044233963485,20.866648939452464,15.59347638254956,25.27081646987861
S22,70,2025-07-22 16:15:00+00:00,2025-07-22 16:15:00+00:00,2025-07-22 16:45:00+00:00,LONG,119301.94667378013,119301.94667378013,118729.21330487952,118729.21330487952,121020.14678048198,Stop loss,forward-validation,2025,0.0346570176607549,23.973955538487147,-19.849230480891947,4.1247250575952,-23.973955538487147,0.03,EXECUTABLE,20.752468466698076,19.849230480891904,17.182001067018135,13.437444924836795
S22,71,2025-07-24 11:15:00+00:00,2025-07-24 11:15:00+00:00,2025-07-24 14:00:00+00:00,LONG,118752.18228990764,118752.18228990764,118097.2708403694,118097.2708403694,120716.9166385224,Stop loss,forward-validation,2025,0.03092318889068,23.914020649640925,-20.251950460740463,3.6620701889009135,-23.914020649640925,0.03,EXECUTABLE,23.200085283101334,20.251950460739984,19.647343486147147,2.9854259013960993
S22,72,2025-07-27 10:45:00+00:00,2025-07-27 10:45:00+00:00,2025-07-27 11:45:00+00:00,LONG,118288.83699395468,118288.83699395468,118121.65202418128,118121.65202418128,118790.39190327493,Stop loss,forward-validation,2025,0.0806643676756654,23.85423559801682,-13.48586987164652,9.534951304271395,-23.020821175917916,0.08,EXECUTABLE,23.657767398789737,13.485869871646514,13.374797581871972,0.8236197652186195
S22,73,2025-08-01 08:30:00+00:00,2025-08-01 08:30:00+00:00,2025-08-01 09:15:00+00:00,SHORT,114313.59454594996,114313.59454594996,115120.62181620023,115120.62181620023,111892.5127351991,Stop loss,forward-validation,2025,0.0258170096850224,23.79668354507703,-20.83503085212882,2.961652692948584,-23.79668354507703,0.02,EXECUTABLE,18.434887568626937,20.835030852128405,16.140545405005398,22.53169424341621
S22,74,2025-08-01 11:00:00+00:00,2025-08-01 11:00:00+00:00,2025-08-01 11:30:00+00:00,SHORT,114662.35310502708,114662.35310502708,115065.5875798917,115065.5875798917,113452.64968043324,Stop loss,forward-validation,2025,0.0458159873973894,23.737191836214336,-18.474585618590098,5.262606217624235,-23.737191836214336,0.04,EXECUTABLE,20.72393780828295,18.474585618590076,16.12937899458455,12.694231266793121
S22,75,2025-08-01 17:15:00+00:00,2025-08-01 17:30:00+00:00,2025-08-04 17:00:00+00:00,SHORT,114443.12368066,114443.12368066,115582.50527736002,115582.50527736002,111024.97889055993,Stop loss,forward-validation,2025,0.0188759202413606,23.677848856623797,-21.506876143783867,2.1709727128402045,-23.677848856623797,0.01,EXECUTABLE,12.543944111790266,21.50687614378351,11.39381596700012,47.022450444094545
S22,76,2025-08-09 07:30:00+00:00,2025-08-09 07:30:00+00:00,2025-08-09 10:15:00+00:00,LONG,116906.90133194232,116906.90133194232,117778.42131107696,116616.39467223076,117778.42131107696,Take profit,forward-validation,2025,0.0579928606944041,23.618654234482243,50.54193674234593,6.805036611528953,43.73690013081613,0.05,EXECUTABLE,20.3634153856815,16.84731224744948,14.525332985578281,13.782490807830328
S22,77,2025-08-10 12:15:00+00:00,2025-08-10 12:15:00+00:00,2025-08-10 20:15:00+00:00,LONG,118537.43693646004,118537.43693646004,118193.25225415992,118193.25225415992,119569.99098336036,Stop loss,forward-validation,2025,0.0512982274459434,23.72799648480928,-17.656064116040856,6.071932368767683,-23.727996484809285,0.05,EXECUTABLE,23.12750134477177,17.656064116041588,17.209234115006257,2.5307452334711433
S22,78,2025-08-12 15:30:00+00:00,2025-08-12 15:30:00+00:00,2025-08-12 17:45:00+00:00,LONG,119789.27512009516,119789.27512009516,119237.89951961936,119237.89951961936,121443.40192152256,Stop loss,forward-validation,2025,0.0352795616983564,23.66867649359726,-19.452289515954444,4.216386977642816,-23.66867649359726,0.03,EXECUTABLE,20.12667563386985,19.452289515954416,16.5412680142741,14.964929960006746
S22,79,2025-08-13 10:15:00+00:00,2025-08-13 10:15:00+00:00,2025-08-13 13:45:00+00:00,LONG,120444.27007609616,120444.27007609616,121882.32121753848,119964.9196956154,121882.32121753848,Take profit,forward-validation,2025,0.0393783819205668,23.60950480236327,56.628127069022874,4.771214530734924,51.85691253828795,0.03,EXECUTABLE,17.98664926099897,18.876042356340186,14.380511414422653,23.816067251022822
S22,80,2025-08-18 09:15:00+00:00,2025-08-18 09:15:00+00:00,2025-08-18 12:45:00+00:00,SHORT,114954.15101436355,114954.15101436355,115418.39594254571,115418.39594254571,113561.41622981708,Stop loss,forward-validation,2025,0.0409697424226965,23.739147083708986,-19.019995128665816,4.719151955042575,-23.739147083708986,0.04,EXECUTABLE,23.177248066424678,19.01999512866637,18.56979712728644,2.366972222308328
S22,81,2025-08-19 07:15:00+00:00,2025-08-19 07:15:00+00:00,2025-08-19 08:45:00+00:00,SHORT,114873.71810411724,114873.71810411724,115174.12758353104,115174.12758353104,113972.48966587588,Stop loss,forward-validation,2025,0.05700022936845,23.679799215999715,-17.123409231042842,6.556389984956872,-23.679799215999715,0.05,EXECUTABLE,20.771670112880845,17.123409231042842,15.020473970689636,12.281054736114216
S22,82,2025-08-21 15:15:00+00:00,2025-08-21 15:15:00+00:00,2025-08-22 02:15:00+00:00,SHORT,112671.73859280562,112671.73859280562,113449.04562877756,113449.04562877756,110339.8174848898,Stop loss,forward-validation,2025,0.0265290474167759,23.620599717959717,-20.621215214693244,2.9993845032664748,-23.620599717959717,0.02,EXECUTABLE,17.807348561654727,20.621215214693184,15.546140719438846,24.610938019007765
S22,83,2025-08-25 10:30:00+00:00,2025-08-25 10:30:00+00:00,2025-08-25 14:00:00+00:00,SHORT,111060.02735362345,111060.02735362345,111840.89058550628,111840.89058550628,108717.43765797484,Stop loss,forward-validation,2025,0.0264050058406671,23.56154821866481,-20.6186981986288,2.9428500200363987,-23.561548218664814,0.02,EXECUTABLE,17.84627381704798,20.618698198628348,15.617264637656627,24.256786305279164
S22,84,2025-08-27 08:30:00+00:00,2025-08-27 08:30:00+00:00,2025-08-27 09:00:00+00:00,SHORT,110554.5603372264,110554.5603372264,110882.75865109442,110882.75865109442,109569.96539562232,Stop loss,forward-validation,2025,0.0535469024314181,23.502644348118157,-17.574003090846944,5.928641257271213,-23.502644348118157,0.05,EXECUTABLE,21.945848668109157,17.574003090846936,16.40991569340113,6.6239171088578015
S22,85,2025-08-28 19:45:00+00:00,2025-08-28 19:45:00+00:00,2025-08-28 22:30:00+00:00,SHORT,112000.21495839264,112000.21495839264,112485.14016642948,112485.14016642948,110545.4393342821,Stop loss,forward-validation,2025,0.0392584536151369,23.44388773724786,-19.037413786525175,4.406473950722692,-23.443887737247863,0.03,EXECUTABLE,17.915036567977747,19.03741378652513,14.54775624110538,23.58333750458045
S22,86,2025-08-31 10:15:00+00:00,2025-08-31 10:15:00+00:00,2025-08-31 15:45:00+00:00,SHORT,108394.44632400612,108394.44632400612,108788.21470397552,108788.21470397552,107213.1411840979,Stop loss,forward-validation,2025,0.046550862917335,23.38527801790474,-18.330257877136926,5.055020140767812,-23.38527801790474,0.04,EXECUTABLE,20.094388419335903,18.330257877136898,15.750735198776239,14.072484389748086
S22,87,2025-09-03 17:15:00+00:00,2025-09-03 17:15:00+00:00,2025-09-04 02:15:00+00:00,LONG,112455.08291065248,112455.08291065248,111635.66835739,111635.66835739,114913.32657043994,Stop loss,forward-validation,2025,0.0250432832365587,23.326814822859976,-20.520830745510935,2.8059840773494074,-23.326814822859976,0.02,EXECUTABLE,18.62919857793008,20.520830745510565,16.38829106524965,20.13826697130674
S22,88,2025-09-05 12:30:00+00:00,2025-09-05 12:30:00+00:00,2025-09-05 12:30:00+00:00,LONG,112693.1300452187,112693.1300452187,112224.47981912522,112224.47981912522,114099.08072349914,Stop loss,forward-validation,2025,0.0400415353117713,23.26849778580283,-18.765474576991668,4.503023208811166,-23.268497785802833,0.04,EXECUTABLE,23.244361241026063,18.76547457699166,18.74600904373918,0.10373056739182429
S22,89,2025-09-08 10:30:00+00:00,2025-09-08 10:45:00+00:00,2025-09-08 11:00:00+00:00,LONG,112156.7769212196,112156.7769212196,111861.8923151216,111861.8923151216,113041.43073951355,Stop loss,forward-validation,2025,0.0570426939769268,23.21032654133832,-16.82101234415481,6.389314197183508,-23.21032654133832,0.05,EXECUTABLE,20.344697035808533,16.821012344154788,14.744230304899975,12.346355836166323
S22,90,2025-09-10 12:30:00+00:00,2025-09-10 12:30:00+00:00,2025-09-10 13:45:00+00:00,LONG,112707.37578708032,112707.37578708032,114075.01259328496,112251.49685167876,114075.01259328496,Take profit,forward-validation,2025,0.0407353913955421,23.152300724984972,55.711220587695834,4.61903467614502,51.09218591155022,0.04,EXECUTABLE,22.73433486883708,18.57040686256563,18.23515741606243,1.8052886454469674
S22,91,2025-09-10 17:15:00+00:00,2025-09-10 17:15:00+00:00,2025-09-10 17:15:00+00:00,LONG,114047.06984754169,114047.06984754169,113592.72060983333,113592.72060983333,115410.11756066675,Stop loss,forward-validation,2025,0.0409737696756279,23.28003118976385,-18.616401018158903,4.66363017160435,-23.28003118976385,0.04,EXECUTABLE,22.726765317481956,18.616401018159465,18.173969508334412,2.3765684322844205
S22,92,2025-09-14 08:45:00+00:00,2025-09-14 08:45:00+00:00,2025-09-14 11:30:00+00:00,LONG,116028.23059555895,116028.23059555895,115824.07761776414,115824.07761776414,116640.68952894346,Stop loss,forward-validation,2025,0.0725502814689501,23.22183111178944,-14.811356001739307,8.410475110051188,-23.22183111178944,0.07,EXECUTABLE,22.40553923310347,14.811356001738238,14.290708445637138,3.515191695075026
S22,93,2025-09-16 08:15:00+00:00,2025-09-16 08:15:00+00:00,2025-09-16 08:30:00+00:00,LONG,115986.95264430968,115986.95264430968,115754.18942276126,115754.18942276126,116685.24230895494,Stop loss,forward-validation,2025,0.0664415699994565,23.16377653400997,-15.46515387780831,7.698622656201655,-23.16377653400997,0.06,EXECUTABLE,20.91802755491731,15.465153877808287,13.965793292905145,9.695089985846494
S22,94,2025-09-16 17:00:00+00:00,2025-09-16 17:00:00+00:00,2025-09-17 05:45:00+00:00,LONG,116101.9903015987,116101.9903015987,117112.84482557912,115765.0387936052,117112.84482557912,Take profit,forward-validation,2025,0.0510192784981742,23.105867092674945,51.57306848009651,5.949226311629635,45.62384216846688,0.05,EXECUTABLE,22.644251127053693,17.191022826699818,16.847575399674678,1.9978300912480984
S22,95,2025-09-20 12:00:00+00:00,2025-09-20 12:00:00+00:00,2025-09-20 18:00:00+00:00,LONG,115988.8801529556,115988.8801529556,115834.47938817758,115834.47938817758,116452.08244728968,Stop loss,forward-validation,2025,0.080076388934791,23.219926698096103,-12.36385569219421,9.281788751392844,-21.64564444358589,0.08,EXECUTABLE,23.19777603058989,12.363855692193031,12.352061182240723,0.095395079382532
S22,96,2025-09-22 09:15:00+00:00,2025-09-22 09:15:00+00:00,2025-09-22 11:00:00+00:00,SHORT,112494.94104481318,112494.94104481318,112932.2358207473,112932.2358207473,111183.05671701084,Stop loss,forward-validation,2025,0.0421190187055659,23.165812586987144,-18.418426847415414,4.747385739571733,-23.165812586987148,0.04,EXECUTABLE,22.000334574675982,18.418426847415393,17.491791037364745,5.031025818476332
S22,97,2025-09-22 15:30:00+00:00,2025-09-22 15:30:00+00:00,2025-09-23 08:00:00+00:00,SHORT,112655.32052160664,112655.32052160664,113178.71791357348,113178.71791357348,111085.12834570608,Stop loss,forward-validation,2025,0.0363152203523208,23.107898055519676,-19.007291621106177,4.100606434414028,-23.10789805551968,0.03,EXECUTABLE,19.089432335532766,19.007291621105637,15.701921759005053,17.390009728846966
S22,98,2025-09-23 19:45:00+00:00,2025-09-23 19:45:00+00:00,2025-09-23 21:15:00+00:00,SHORT,111636.92611278532,111636.92611278532,112049.29554885876,112049.29554885876,110399.81780456495,Stop loss,forward-validation,2025,0.0439709588152812,23.050128310380877,-18.1322794902665,4.9178488201150135,-23.050128310380877,0.04,EXECUTABLE,20.968501876170397,18.132279490265837,16.494777442937483,9.030867013755394
S22,99,2025-09-25 10:00:00+00:00,2025-09-25 10:00:00+00:00,2025-09-25 17:30:00+00:00,SHORT,111602.21792645533,111601.0,109809.61511746397,112198.12829417868,109809.61511746397,Take profit,forward-validation,2025,0.0324839793463997,22.99250298960492,58.1913095257533,3.596148924274686,54.59516060147862,0.03,EXECUTABLE,21.234316225010083,19.397103175251047,17.91384882536033,7.646782803028119
S22,100,2025-09-26 10:45:00+00:00,2025-09-26 10:45:00+00:00,2025-09-26 12:30:00+00:00,SHORT,108825.72598582935,108825.72598582935,109304.09605668252,109304.09605668252,107390.61577326996,Stop loss,forward-validation,2025,0.0393728524939171,23.128990891108625,-18.834794237205944,4.294196653902111,-23.12899089110863,0.03,EXECUTABLE,17.623049456232767,18.834794237206484,14.35110212559506,23.805368166721376
S22,101,2025-09-27 09:00:00+00:00,2025-09-27 09:00:00+00:00,2025-09-27 10:30:00+00:00,SHORT,109312.39040164514,109312.39040164514,109428.43839341943,109428.43839341943,108964.24642632226,Stop loss,forward-validation,2025,0.0844228850146291,23.07116841388085,-9.79710626573971,9.23336591868521,-19.030472184424923,0.08,EXECUTABLE,21.862478080329044,9.797106265739705,9.283839341943386,5.238964546002767
S22,102,2025-10-01 14:00:00+00:00,2025-10-01 14:00:00+00:00,2025-10-01 23:15:00+00:00,LONG,116912.65656550752,116912.65656550752,118419.50504812037,116410.37373796992,118419.50504812037,Take profit,forward-validation,2025,0.0371981624929,23.02359223341979,56.051994708412295,4.376961993754572,51.67503271465773,0.03,EXECUTABLE,18.568330280680634,18.683998236137235,15.06848482612826,19.350855016760338
S22,103,2025-10-02 12:30:00+00:00,2025-10-02 12:30:00+00:00,2025-10-02 14:45:00+00:00,LONG,119232.50790848372,119232.50790848372,118789.96836606506,118789.96836606506,120560.12653573976,Stop loss,forward-validation,2025,0.0412300732487368,23.152779815206436,-18.245937749384343,4.906842065822692,-23.152779815206436,0.04,EXECUTABLE,22.462031222237314,18.245937749383703,17.70158169674629,2.9834369716393527
S22,104,2025-10-02 16:00:00+00:00,2025-10-02 16:00:00+00:00,2025-10-03 15:45:00+00:00,LONG,120013.07024512516,120013.07024512516,122363.12392200278,119229.7190194993,122363.12392200278,Take profit,forward-validation,2025,0.0255765206469548,23.094897865668425,60.10619638811222,3.0995698672229395,57.00662652088965,0.02,EXECUTABLE,18.059452405163764,20.03539879603702,15.667024512517091,21.803280922883282
S22,105,2025-10-03 19:30:00+00:00,2025-10-03 19:30:00+00:00,2025-10-03 20:00:00+00:00,LONG,122955.96402650829,122955.96402650829,122355.14389396684,122355.14389396684,124758.42442413264,Stop loss,forward-validation,2025,0.0321191366420808,23.237414431970645,-19.29782393441166,3.9395904975589886,-23.23741443197065,0.03,EXECUTABLE,21.704270595050374,19.297823934411642,18.024603976243235,6.59773849370664
S22,106,2025-10-06 13:15:00+00:00,2025-10-06 13:15:00+00:00,2025-10-07 02:15:00+00:00,LONG,124870.55737298436,124870.55737298436,124333.77050806252,124333.77050806252,126480.91796774985,Stop loss,forward-validation,2025,0.0350464248488679,23.179320895890715,-18.81246052134283,4.366860374547882,-23.179320895890715,0.03,EXECUTABLE,19.841670865871052,18.812460521342793,16.103605947655304,14.399257187087699
S22,107,2025-10-08 10:45:00+00:00,2025-10-08 11:00:00+00:00,2025-10-08 13:00:00+00:00,LONG,123139.85969647784,123139.85969647784,122494.56121408862,122494.56121408862,125075.7551436455,Stop loss,forward-validation,2025,0.0301014193682561,23.12137259365099,-19.424400236097135,3.696972357553858,-23.121372593650992,0.03,EXECUTABLE,23.043470785335103,19.424400236097085,19.35895447167655,0.33692553502329137
S22,108,2025-10-08 16:15:00+00:00,2025-10-08 16:15:00+00:00,2025-10-09 02:30:00+00:00,LONG,122772.07855505252,122772.07855505252,121916.68577978991,121916.68577978991,125338.25688084029,Stop loss,forward-validation,2025,0.0235887211475007,23.063569162166864,-20.177621647256306,2.8859475149105567,-23.063569162166864,0.02,EXECUTABLE,19.55474314860051,20.177621647256302,17.107855505252083,15.213716441261738
S22,109,2025-10-11 07:15:00+00:00,2025-10-11 07:15:00+00:00,2025-10-11 13:00:00+00:00,SHORT,111134.79059213914,111134.79059213914,112609.83763144349,112609.83763144349,106709.64947422611,Stop loss,forward-validation,2025,0.0144972144865061,23.005910239261446,-21.384073306481017,1.6218369327804258,-23.005910239261446,0.01,EXECUTABLE,15.869193534161461,21.384073306480964,14.750470393043507,31.02123163516739
S22,110,2025-10-11 19:15:00+00:00,2025-10-11 19:15:00+00:00,2025-10-12 06:15:00+00:00,SHORT,111419.3211735402,111419.3211735402,112192.7153058392,112192.7153058392,109099.1387766432,Stop loss,forward-validation,2025,0.0259245272944181,22.948395463663296,-20.049877292128247,2.898518171535048,-22.948395463663296,0.02,EXECUTABLE,17.704003010773814,20.049877292128215,15.467882645979989,22.852980990298445
S22,111,2025-10-14 09:45:00+00:00,2025-10-14 09:45:00+00:00,2025-10-14 14:15:00+00:00,SHORT,111504.68559889989,111504.68559889989,112076.25760440048,112076.25760440048,109789.9695823981,Stop loss,forward-validation,2025,0.0334976315528357,22.891024475004137,-19.14630844617432,3.7447160288298225,-22.89102447500414,0.03,EXECUTABLE,20.50087431306736,19.14630844617431,17.147160165017848,10.441429410670121
S22,112,2025-10-16 18:15:00+00:00,2025-10-16 18:15:00+00:00,2025-10-16 19:00:00+00:00,SHORT,107733.83118054458,107733.83118054458,108770.67527782166,108770.67527782166,104623.29888871335,Stop loss,forward-validation,2025,0.0199405027391114,22.833796913816627,-20.67519256178511,2.158604352031515,-22.833796913816627,0.01,EXECUTABLE,11.450963505062642,20.675192561785035,10.368440972770768,49.85081303699555
S23,1,2025-10-27 16:15:00+00:00,2025-10-27 16:15:00+00:00,2025-10-27 19:30:00+00:00,LONG,115341.02642960665,115341.02642960665,114813.8942815734,114813.8942815734,116922.42287370635,Stop loss,forward-validation,2025,0.0389281002237256,24.999999999999996,-20.52025308978578,4.479746910214223,-25.000000000000004,0.03,EXECUTABLE,19.26628825166494,20.520253089785758,15.813964440997223,22.93484699334023
S23,2,2025-10-28 13:15:00+00:00,2025-10-28 13:15:00+00:00,2025-10-28 14:45:00+00:00,LONG,114852.0370973788,114852.0370973788,114345.85161048477,114345.85161048477,116370.59355806094,Stop loss,forward-validation,2025,0.0401709494387097,24.9375,-20.333951600629277,4.603548399371309,-24.9375,0.04,EXECUTABLE,24.831377249918443,20.333951600628655,20.247419475761127,0.42555488754508763
S23,3,2025-10-30 15:45:00+00:00,2025-10-30 15:45:00+00:00,2025-10-30 16:00:00+00:00,SHORT,107460.67227257528,107460.67227257528,108064.31090969882,108064.31090969882,105649.75636120472,Stop loss,forward-validation,2025,0.0349664278646044,24.875156249999996,-21.10708686126796,3.768069388731535,-24.875156250000003,0.03,EXECUTABLE,21.342033861440388,21.10708686126845,18.109159113706262,14.203417872237923
S23,4,2025-11-02 16:00:00+00:00,2025-11-02 16:00:00+00:00,2025-11-02 23:45:00+00:00,SHORT,110083.03153269988,110083.03153269988,110587.87386920051,110587.87386920051,108568.50452319792,Stop loss,forward-validation,2025,0.0403346297524475,24.812968359374995,-20.362628726114067,4.450339633261514,-24.812968359374995,0.04,EXECUTABLE,24.607111568063274,20.362628726113464,20.193693460025244,0.8296338766496048
S23,5,2025-11-03 08:30:00+00:00,2025-11-03 08:30:00+00:00,2025-11-03 09:00:00+00:00,SHORT,107183.97922170996,107183.97922170996,107751.08311316022,107751.08311316022,105482.66754735912,Stop loss,forward-validation,2025,0.0366913496608408,24.75093593847656,-20.807807175225427,3.9431287632516696,-24.75093593847656,0.03,EXECUTABLE,20.237142678530766,20.80780717522488,17.01311674350771,18.236858885521478
S23,6,2025-11-03 14:30:00+00:00,2025-11-03 14:30:00+00:00,2025-11-04 05:45:00+00:00,SHORT,107493.62425145664,107493.62425145664,104859.98802330652,108371.50299417337,104859.98802330652,Take profit,forward-validation,2025,0.0250444060033201,24.689058598630375,65.95785496284466,2.6591350410403978,63.2987199218039,0.02,EXECUTABLE,19.716226126790456,21.98595165428188,17.557574854334526,20.141847255835778
S23,7,2025-11-06 12:45:00+00:00,2025-11-06 12:45:00+00:00,2025-11-06 13:15:00+00:00,SHORT,102402.3890426543,102402.3890426543,103054.4438293828,103054.4438293828,100446.22468246872,Stop loss,forward-validation,2025,0.0329197911324197,24.84730539843488,-21.46550738599692,3.381798012437967,-24.847305398434887,0.03,EXECUTABLE,22.643496094935763,21.465507385996883,19.561643601855174,8.86940965291928
S23,8,2025-11-06 14:45:00+00:00,2025-11-06 14:45:00+00:00,2025-11-07 19:30:00+00:00,SHORT,102157.78119884674,102157.78119884674,103155.875204613,103155.875204613,99163.49918154794,Stop loss,forward-validation,2025,0.0225166189932314,24.785187134938795,-22.473702447266827,2.3114846876719666,-24.785187134938795,0.02,EXECUTABLE,22.015016679359665,22.4737024472668,19.96188011532504,11.17671793437508
S23,9,2025-11-08 14:15:00+00:00,2025-11-08 14:15:00+00:00,2025-11-08 14:30:00+00:00,SHORT,101541.47759811077,101541.47759811077,102004.08960755696,102004.08960755696,100153.64156977224,Stop loss,forward-validation,2025,0.0438056171455946,24.72322416710145,-20.265004572754247,4.458219594347198,-24.72322416710145,0.04,EXECUTABLE,22.5753917219612,20.265004572754204,18.504480377847795,8.687509487529999
S23,10,2025-11-13 15:45:00+00:00,2025-11-13 15:45:00+00:00,2025-11-14 04:30:00+00:00,SHORT,101537.9126968805,101537.9126968805,96946.6031500882,103068.34921247794,96946.6031500882,Take profit,forward-validation,2025,0.0151043163303847,24.661416106683696,69.34859176546634,1.4989864570179363,67.8496053084484,0.01,EXECUTABLE,16.32739646552118,23.11619725515543,15.304365155974374,33.79375947070552
S23,11,2025-11-14 11:30:00+00:00,2025-11-14 11:30:00+00:00,2025-11-14 15:45:00+00:00,SHORT,96330.67085825566,96330.67085825566,96993.31656697736,96993.31656697736,94342.73373209052,Stop loss,forward-validation,2025,0.032702210237493,24.831040119954817,-21.669979279589597,3.161060840365221,-24.831040119954817,0.03,EXECUTABLE,22.779231073029514,21.669979279589537,19.879371261650956,8.263081357097157
S23,12,2025-11-14 18:45:00+00:00,2025-11-14 18:45:00+00:00,2025-11-15 03:00:00+00:00,SHORT,95169.3164423127,95169.3164423127,96398.73423074918,96398.73423074918,91481.06307700327,Stop loss,forward-validation,2025,0.0186907097939556,24.768962519654934,-22.97869109919294,1.7902714204619947,-24.768962519654934,0.01,EXECUTABLE,13.252018137730106,22.97869109919288,12.294177884364762,46.497483989431444
S23,13,2025-11-16 13:30:00+00:00,2025-11-16 13:30:00+00:00,2025-11-16 17:45:00+00:00,SHORT,95318.4411487926,95318.4411487926,93753.05838068156,95840.2354048296,93753.05838068156,Take profit,forward-validation,2025,0.0400195932267175,24.7070401133558,62.64598162391697,3.783282250967535,58.86269937294943,0.04,EXECUTABLE,24.69494377255301,20.881993874638393,20.87177024147997,0.048959085132371793
S23,14,2025-11-17 16:15:00+00:00,2025-11-17 16:15:00+00:00,2025-11-19 17:30:00+00:00,SHORT,93051.65251340828,93051.65251340828,88939.44021453262,94422.38994636683,88939.44021453262,Take profit,forward-validation,2025,0.016971410317677,24.854196861788168,69.79004223761709,1.5443227544241485,68.24571948319269,0.01,EXECUTABLE,14.644744541884453,23.26334741253896,13.707374329585582,41.07737770275786
S23,15,2025-11-19 19:45:00+00:00,2025-11-19 19:45:00+00:00,2025-11-19 20:15:00+00:00,SHORT,88556.70808050298,88556.70808050298,89189.16767798807,89189.16767798807,86659.32928804774,Stop loss,forward-validation,2025,0.0346924752920741,25.02481116049615,-21.94158895898638,3.083222201509769,-25.02481116049615,0.03,EXECUTABLE,21.639976060929865,21.94158895898633,18.97378792455245,13.525916650710002
S23,16,2025-11-20 15:15:00+00:00,2025-11-20 15:15:00+00:00,2025-11-20 17:00:00+00:00,SHORT,90240.89355110742,90240.89355110742,87236.29681771882,91242.42579557028,87236.29681771882,Take profit,forward-validation,2025,0.0228534702129824,24.962249132594913,68.66546194852101,2.0279848417888964,66.63747710673212,0.02,EXECUTABLE,21.845478082724238,22.888487316173254,20.030644889257093,12.485938399680874
S23,17,2025-11-21 07:30:00+00:00,2025-11-21 07:30:00+00:00,2025-11-21 07:30:00+00:00,SHORT,85049.75714904575,85049.75714904575,83015.11438473193,85727.97140381702,83015.11438473193,Take profit,forward-validation,2025,0.0329082506324753,25.12884282536174,66.95653403559156,2.7653604574741646,64.19117357811739,0.03,EXECUTABLE,22.908093571431138,22.318844678530475,20.346427643138156,8.837451327799585
S23,18,2025-11-25 14:45:00+00:00,2025-11-25 14:45:00+00:00,2025-11-25 17:00:00+00:00,SHORT,86497.02699791,86497.02699791,87272.89200836001,87272.89200836001,84169.43196655996,Stop loss,forward-validation,2025,0.0293124562620157,25.28932075930703,-22.742509184044383,2.546811575262656,-25.28932075930704,0.02,EXECUTABLE,17.254999399062974,22.742509184044334,15.517300209000242,31.769621006081184
S23,19,2025-11-25 19:00:00+00:00,2025-11-25 19:00:00+00:00,2025-11-25 23:00:00+00:00,SHORT,87169.59463810203,87169.59463810203,87737.62144759185,87737.62144759185,85465.51420963257,Stop loss,forward-validation,2025,0.0384848986829596,25.22609745740876,-21.860454212420528,3.3656432449882265,-25.22609745740876,0.03,EXECUTABLE,19.66441252598002,21.860454212420525,17.040804284694605,22.04734577284092
S23,20,2025-11-26 12:15:00+00:00,2025-11-26 12:15:00+00:00,2025-11-26 14:00:00+00:00,SHORT,86552.51824287085,86552.51824287085,87181.92702851661,87181.92702851661,84664.29188593356,Stop loss,forward-validation,2025,0.0351303574639311,25.16303221376524,-22.11135563067444,3.05167658309081,-25.163032213765245,0.03,EXECUTABLE,21.488280248443694,22.11135563067443,18.88226356937288,14.603772447230357
S23,21,2025-11-27 16:15:00+00:00,2025-11-27 16:15:00+00:00,2025-11-28 02:00:00+00:00,LONG,91250.43880272652,91250.43880272652,90789.24478909398,90789.24478909398,92634.0208436241,Stop loss,forward-validation,2025,0.0454536306658877,25.10012463323083,-20.962942360971336,4.137182272258835,-25.10012463323083,0.04,EXECUTABLE,22.08855421713814,20.962942360971983,18.447760545301715,11.998228933515254
S23,22,2025-11-30 12:45:00+00:00,2025-11-30 12:45:00+00:00,2025-11-30 18:00:00+00:00,LONG,91470.18200867642,91470.18200867642,91189.2719652943,91189.2719652943,92312.91213882276,Stop loss,forward-validation,2025,0.0672614167390592,25.03737432164775,-18.894407494111636,6.142966827536124,-25.037374321647757,0.06,EXECUTABLE,22.334386222146016,18.894407494111633,16.854602602926896,10.795812950580386
S23,23,2025-12-01 11:15:00+00:00,2025-12-01 11:15:00+00:00,2025-12-01 12:30:00+00:00,SHORT,86467.43596436846,86467.43596436846,85648.97542989533,86740.25614252617,85648.97542989533,Take profit,forward-validation,2025,0.0694855635781635,24.97478088584363,56.871191504349994,5.979802923390734,50.89138858095926,0.06,EXECUTABLE,21.565441452669333,18.957063834783323,16.369210689462488,13.65112850742486
S23,24,2025-12-01 15:15:00+00:00,2025-12-01 15:15:00+00:00,2025-12-01 21:15:00+00:00,SHORT,85577.57086883232,85577.57086883232,86374.71652467069,86374.71652467069,83186.13390131723,Stop loss,forward-validation,2025,0.028424175884357,25.10200935729603,-22.658208327000818,2.4438010302952176,-25.102009357296037,0.02,EXECUTABLE,17.662435990702342,22.658208327000803,15.942913116767304,29.637361936650453
S23,25,2025-12-03 10:00:00+00:00,2025-12-03 10:15:00+00:00,2025-12-03 11:15:00+00:00,LONG,93228.2949723953,93228.2949723953,92742.8201104188,92742.8201104188,94684.71955832484,Stop loss,forward-validation,2025,0.0432860287221909,25.039254333902797,-21.01427881941651,4.024975514486282,-25.039254333902797,0.04,EXECUTABLE,23.13841678071635,21.014278819416504,19.418994479060057,7.591430351073747
S23,26,2025-12-07 08:15:00+00:00,2025-12-07 08:15:00+00:00,2025-12-07 08:30:00+00:00,SHORT,89214.35329967106,89214.35329967106,89439.58680131575,89439.58680131575,88538.65279473699,Stop loss,forward-validation,2025,0.079401763557473,24.97665619806804,-17.883937242813285,7.092718955254753,-24.97665619806804,0.07,EXECUTABLE,22.01923301866276,17.883937242813275,15.766345115128207,11.840749041635279
S23,27,2025-12-07 09:30:00+00:00,2025-12-07 09:45:00+00:00,2025-12-07 12:45:00+00:00,SHORT,89110.5828798915,89110.5828798915,89443.66848043399,89443.66848043399,88111.32607826404,Stop loss,forward-validation,2025,0.0589877207688049,24.914214557572866,-19.64796039690992,5.266254160662949,-24.914214557572866,0.05,EXECUTABLE,21.118136311132496,19.647960396909895,16.654280027124333,15.236596111301138
S23,28,2025-12-08 10:45:00+00:00,2025-12-08 10:45:00+00:00,2025-12-08 11:30:00+00:00,LONG,92206.83407730036,92206.83407730036,91927.66369079852,91927.66369079852,93044.34523680597,Stop loss,forward-validation,2025,0.0669434525283151,24.851929021178933,-18.68862951609797,6.163299505081937,-24.851929021178933,0.06,EXECUTABLE,22.27425812315309,18.68862951609699,16.75022319011012,10.372115966648465
S23,29,2025-12-13 11:45:00+00:00,2025-12-13 11:45:00+00:00,2025-12-14 11:00:00+00:00,SHORT,90359.72134732654,90359.72134732654,89722.54155722466,90572.11461069384,89722.54155722466,Take profit,forward-validation,2025,0.081852559623345,24.789799198625985,52.15479676010523,7.370097080750842,44.78469967935439,0.08,EXECUTABLE,24.228734507704495,17.384932253368394,16.991461069383657,2.2632885665027414
S23,30,2025-12-14 14:45:00+00:00,2025-12-14 14:45:00+00:00,2025-12-15 02:00:00+00:00,SHORT,88929.78095379967,88929.78095379967,89471.87618480131,89471.87618480131,87303.49526079473,Stop loss,forward-validation,2025,0.03944545601116,24.90176094782437,-21.383193588334997,3.518567359489374,-24.90176094782437,0.03,EXECUTABLE,18.938881787128363,21.383193588334954,16.26285693004931,23.945612413474628
S23,31,2025-12-16 07:45:00+00:00,2025-12-16 07:45:00+00:00,2025-12-16 10:00:00+00:00,SHORT,85868.63053356082,85868.63053356082,86413.47786575674,86413.47786575674,84234.08853697307,Stop loss,forward-validation,2025,0.0393660280933959,24.83950654545481,-21.448475385836304,3.3910311596185085,-24.83950654545481,0.03,EXECUTABLE,18.929651591867295,21.448475385836286,16.345419965877518,23.79215924749888
S23,32,2025-12-17 09:00:00+00:00,2025-12-17 09:15:00+00:00,2025-12-17 10:00:00+00:00,SHORT,86285.3437665304,86285.3437665304,86595.62493387841,86595.62493387841,85354.50026448634,Stop loss,forward-validation,2025,0.0624553957996193,24.777407779091178,-19.378733115888355,5.3986746632028195,-24.777407779091178,0.06,EXECUTABLE,23.803299101893334,19.378733115888334,18.61687004088104,3.931439018491123
S23,33,2025-12-17 18:45:00+00:00,2025-12-17 18:45:00+00:00,2025-12-18 02:15:00+00:00,SHORT,85749.37350539476,85749.37350539476,86778.50597842097,86778.50597842097,82661.97608631612,Stop loss,forward-validation,2025,0.0221584577256315,24.715464259643444,-22.80398839762595,1.9114758620174892,-24.715464259643444,0.02,EXECUTABLE,22.30792825536243,22.803988397625943,20.582649460524262,9.741010644142134
S23,34,2025-12-18 19:15:00+00:00,2025-12-18 19:15:00+00:00,2025-12-19 03:15:00+00:00,SHORT,85413.71897930525,85413.71897930525,86612.12408277896,86612.12408277896,81818.50366888414,Stop loss,forward-validation,2025,0.0191944329019387,24.653675598994337,-23.002706347967024,1.6509692510273115,-24.653675598994337,0.01,EXECUTABLE,12.84418025004752,23.002706347966953,11.984051034737059,47.901560566605916
S23,35,2025-12-24 08:00:00+00:00,2025-12-24 08:00:00+00:00,2025-12-24 11:00:00+00:00,SHORT,86840.72225668507,86840.72225668507,87141.11097325975,87141.11097325975,85939.55610696101,Stop loss,forward-validation,2025,0.0634830520322083,24.59204140999685,-19.069592524199056,5.522448885797794,-24.59204140999685,0.06,EXECUTABLE,23.2427779913795,19.069592524199035,18.02332299448113,5.486585664534793
S23,36,2025-12-27 13:30:00+00:00,2025-12-27 13:30:00+00:00,2025-12-27 14:30:00+00:00,SHORT,87352.76665966224,87352.76665966224,87435.93336135104,87435.93336135104,87103.26655459586,Stop loss,forward-validation,2025,0.1123287206324952,24.53056130647186,-9.342009199926723,9.81689552718871,-19.15890472711543,0.11,EXECUTABLE,24.022010831407126,9.342009199926721,9.148337185767451,2.073130201592921
S23,37,2025-12-31 14:00:00+00:00,2025-12-31 14:00:00+00:00,2025-12-31 14:30:00+00:00,LONG,88936.99028850591,88936.99028850591,88611.03884597633,88611.03884597633,89914.84461609465,Stop loss,forward-validation,2025,0.0590334247047161,24.48266404465407,-19.242029939963473,5.240634104690603,-24.482664044654076,0.05,EXECUTABLE,20.736272854840983,19.24202993996346,16.29757212647892,15.302220309767034
S23,38,2026-01-02 08:15:00+00:00,2026-01-02 08:15:00+00:00,2026-01-02 14:15:00+00:00,LONG,88969.20577026847,88969.20577026847,88663.17691892612,88663.17691892612,89887.2923242955,Stop loss,forward-validation,2026,0.0618507382500059,24.421457384542435,-18.9281103813253,5.493347003217135,-24.421457384542435,0.06,EXECUTABLE,23.690702561216497,18.928110381325276,18.36173108054063,2.992265415693285
S23,39,2026-01-02 16:30:00+00:00,2026-01-02 16:30:00+00:00,2026-01-05 14:45:00+00:00,LONG,90144.13308985192,90144.13308985192,93383.1294376308,89064.4676405923,93383.1294376308,Take profit,forward-validation,2026,0.0208338612616095,24.360403741081083,67.48080053648538,1.911790762610286,65.56900977387508,0.02,EXECUTABLE,23.38539499249708,22.493600178828384,21.59330898519256,4.002432631852326
S23,40,2026-01-05 15:45:00+00:00,2026-01-05 15:45:00+00:00,2026-01-06 07:45:00+00:00,LONG,93958.8819175218,93958.8819175218,93135.47232991282,93135.47232991282,96429.1106803487,Stop loss,forward-validation,2026,0.026745346355196,24.524326265515768,-22.022374612791076,2.501951652724694,-24.524326265515768,0.02,EXECUTABLE,18.3391352946538,22.02237461279102,16.46819175217941,25.220635641106725
S23,41,2026-01-13 08:45:00+00:00,2026-01-13 08:45:00+00:00,2026-01-13 12:00:00+00:00,LONG,92088.96539076556,92088.96539076556,91806.13843693776,91806.13843693776,92937.44625224896,Stop loss,forward-validation,2026,0.0652739582737669,24.463015449851984,-18.461234782852205,6.001780666999778,-24.463015449851984,0.06,EXECUTABLE,22.486470344498912,18.46123478285218,16.969617229667783,8.079727985312745
S23,42,2026-01-14 08:00:00+00:00,2026-01-14 08:00:00+00:00,2026-01-14 11:45:00+00:00,LONG,95215.50123570635,95215.50123570635,94790.9950571746,94790.9950571746,96489.01977130164,Stop loss,forward-validation,2026,0.0469709627162222,24.401857911227353,-19.939463884620892,4.462394026606462,-24.401857911227353,0.04,EXECUTABLE,20.780377067127702,19.939463884620892,16.980247141270084,14.841004554958081
S23,43,2026-01-14 19:30:00+00:00,2026-01-14 19:30:00+00:00,2026-01-15 00:30:00+00:00,LONG,97605.76710660904,97605.76710660904,96601.93157356388,96601.93157356388,100617.2737057445,Stop loss,forward-validation,2026,0.0221091675490011,24.340853266449287,-22.193967991736024,2.1468852747129397,-24.340853266449287,0.02,EXECUTABLE,22.018787647705004,22.193967991736262,20.076710660903192,9.539787259409472
S23,44,2026-01-15 14:15:00+00:00,2026-01-15 14:15:00+00:00,2026-01-15 14:15:00+00:00,LONG,97117.8345282521,97117.8345282521,96713.66188699155,96713.66188699155,98330.35245203377,Stop loss,forward-validation,2026,0.0484545274717952,24.280001133283164,-19.583994349307357,4.6960067839758075,-24.280001133283164,0.04,EXECUTABLE,20.043535578726893,19.583994349307318,16.166905650421977,17.44837461621409
S23,45,2026-01-20 13:15:00+00:00,2026-01-20 13:15:00+00:00,2026-01-20 14:30:00+00:00,SHORT,90790.19438101648,90790.19438101648,91250.22247593408,91250.22247593408,89410.11009626366,Stop loss,forward-validation,2026,0.0439513214783273,24.219301130449953,-20.21884268878567,4.00045844166428,-24.219301130449953,0.04,EXECUTABLE,22.041932133842806,20.21884268878564,18.40112379670376,8.990222240020074
S23,46,2026-01-20 17:45:00+00:00,2026-01-20 17:45:00+00:00,2026-01-23 17:15:00+00:00,SHORT,89557.83781407926,89557.83781407926,90487.64874368296,90487.64874368296,86768.4050252682,Stop loss,forward-validation,2026,0.0236889146926661,24.158752877623822,-22.02621179169064,2.1325410859331972,-24.158752877623833,0.02,EXECUTABLE,20.396673457651634,22.026211791690613,18.596218592074003,15.572324610583188
S23,47,2026-01-25 16:00:00+00:00,2026-01-25 16:00:00+00:00,2026-01-25 18:30:00+00:00,SHORT,88265.54853305253,88265.54853305253,87142.77652884038,88639.80586778991,87142.77652884038,Take profit,forward-validation,2026,0.0520809046134686,24.098355995429767,58.47498165404608,4.567712122978375,53.90726953106771,0.05,EXECUTABLE,23.135500596890278,19.491660551348666,18.712866736869184,3.9955231747845987
S23,48,2026-01-27 13:15:00+00:00,2026-01-27 13:15:00+00:00,2026-01-27 13:30:00+00:00,SHORT,87782.25042900757,87782.25042900757,87932.9982839697,87932.9982839697,87330.00686412118,Stop loss,forward-validation,2026,0.1015614739378975,24.23312416925744,-15.310174342930328,8.922949826327109,-24.23312416925744,0.1,EXECUTABLE,23.86054793186188,15.310174342930326,15.074785496213009,1.537466794596043
S23,49,2026-01-27 17:45:00+00:00,2026-01-27 17:45:00+00:00,2026-01-27 18:45:00+00:00,SHORT,87201.95250889481,87201.95250889481,87976.18996442074,87976.18996442074,84879.24014231702,Stop loss,forward-validation,2026,0.0280480358960838,24.172541358834287,-21.71583994468388,2.456701414150418,-24.172541358834295,0.02,EXECUTABLE,17.236530535251756,21.71583994468388,15.484749110518607,28.69375925608931
S23,50,2026-01-29 08:15:00+00:00,2026-01-29 08:15:00+00:00,2026-01-29 08:30:00+00:00,SHORT,87830.06892983147,87830.06892983147,88318.72428067416,88318.72428067416,86364.1028773034,Stop loss,forward-validation,2026,0.041808334167146,24.11211000543721,-20.42986620059506,3.682243804842159,-24.112110005437216,0.04,EXECUTABLE,23.069189897917617,20.42986620059506,19.54621403370751,4.325295908505799
S23,51,2026-01-29 10:00:00+00:00,2026-01-29 10:00:00+00:00,2026-01-29 14:45:00+00:00,SHORT,87745.30509727578,87745.30509727578,86906.88155641253,88024.77961089686,86906.88155641253,Take profit,forward-validation,2026,0.0654721766161141,24.05182973042362,54.89341414650664,5.717429405490407,49.17598474101623,0.06,EXECUTABLE,22.04157335851023,18.2978047155022,16.76847081726504,8.358018472792427
S23,52,2026-01-30 09:30:00+00:00,2026-01-30 09:45:00+00:00,2026-01-30 10:45:00+00:00,SHORT,82133.47958474315,82133.47958474315,82752.08166102738,82752.08166102738,80277.67335589048,Stop loss,forward-validation,2026,0.0344839127683371,24.17476969227616,-21.331820036897422,2.8429496553787343,-24.17476969227616,0.03,EXECUTABLE,21.031345707213312,21.33182003689738,18.558062288526706,13.002911817055175
S23,53,2026-01-30 15:30:00+00:00,2026-01-30 15:30:00+00:00,2026-01-30 18:45:00+00:00,SHORT,82464.13800128447,82464.13800128447,83569.4479948621,83569.4479948621,79148.2080205516,Stop loss,forward-validation,2026,0.0202926779404962,24.114332768045468,-22.429699724082724,1.6846330439627435,-24.114332768045468,0.02,EXECUTABLE,23.766535731514026,22.429699724082695,22.106199871552526,1.442283474632644
S23,54,2026-01-31 13:00:00+00:00,2026-01-31 13:00:00+00:00,2026-01-31 14:15:00+00:00,SHORT,82575.14822462248,82575.14822462248,81623.37159395954,82892.40710151012,81623.37159395954,Take profit,forward-validation,2026,0.0601362216592299,24.054046936125353,57.23625043162127,4.937139291963854,52.29911113965741,0.06,EXECUTABLE,23.99955927304268,19.078750143873744,19.03553261325869,0.22652181243082437
S23,55,2026-02-03 14:45:00+00:00,2026-02-03 14:45:00+00:00,2026-02-03 17:30:00+00:00,SHORT,77588.52846281516,77588.52846281516,75118.45540504242,78411.8861487394,75118.45540504242,Take profit,forward-validation,2026,0.0268315115401143,24.184794713974497,66.27579375455466,2.0486795999532355,64.22711415460142,0.02,EXECUTABLE,18.02715786460048,22.091931251518204,16.467153718484916,25.460777824241788
S23,56,2026-02-04 13:30:00+00:00,2026-02-04 13:30:00+00:00,2026-02-04 14:45:00+00:00,SHORT,75633.36451624491,75633.36451624491,74150.83225991856,76127.54193502036,74150.83225991856,Take profit,forward-validation,2026,0.0427068262629216,24.345362499361,63.31424750010647,3.1984038343254384,60.11584366578103,0.04,EXECUTABLE,22.802314880043273,21.104749166702153,19.767096751017963,6.338158322178311
S23,57,2026-02-05 11:00:00+00:00,2026-02-05 11:15:00+00:00,2026-02-05 15:15:00+00:00,SHORT,70498.18126622733,70498.18126622733,66930.90025963719,71687.27493509071,66930.90025963719,Take profit,forward-validation,2026,0.019438118176437,24.49565210852545,69.34122977465859,1.3356813637894795,68.00554841086911,0.01,EXECUTABLE,12.601863969640446,23.113743258219447,11.890936688633811,48.55469079243454
S23,58,2026-02-05 18:00:00+00:00,2026-02-05 18:00:00+00:00,2026-02-06 00:00:00+00:00,SHORT,65979.22044621022,65979.22044621022,61143.527139363665,67591.11821515908,61143.527139363665,Take profit,forward-validation,2026,0.0146934632008782,24.665665979552625,71.05308165488336,0.9339367068215848,70.11914494806177,0.01,EXECUTABLE,16.786829382795478,23.68436055162764,16.118977689488528,31.942525303344958
S23,59,2026-02-07 17:00:00+00:00,2026-02-07 17:00:00+00:00,2026-02-07 18:30:00+00:00,SHORT,68764.51655218173,68764.51655218173,69514.93379127313,69514.93379127313,66513.26483490752,Stop loss,forward-validation,2026,0.0303102345841908,24.840963841922775,-22.74532255288123,2.0956412890415423,-24.840963841922775,0.03,EXECUTABLE,24.586708927893927,22.74532255288121,22.512517172742083,1.0235307923107007
S23,60,2026-02-09 14:00:00+00:00,2026-02-09 14:00:00+00:00,2026-02-09 14:30:00+00:00,SHORT,68536.35090418698,68536.35090418698,69272.59638325206,69272.59638325206,66327.61446699174,Stop loss,forward-validation,2026,0.0307754615757641,24.778861432317964,-22.65829445129743,2.1205669810205405,-24.77886143231797,0.03,EXECUTABLE,24.154498581264004,22.65829445129743,22.087364371952425,2.5197398708547203
S23,61,2026-02-11 13:15:00+00:00,2026-02-11 13:15:00+00:00,2026-02-11 13:30:00+00:00,SHORT,66809.57420533778,66809.57420533778,67241.70317864887,67241.70317864887,65513.18728540451,Stop loss,forward-validation,2026,0.0495175516450692,24.71691427873717,-21.39796875326264,3.318945525474531,-24.71691427873717,0.04,EXECUTABLE,19.966184480123346,21.397968753262617,17.285158932443593,19.2205618591341
S23,62,2026-02-12 18:30:00+00:00,2026-02-12 18:30:00+00:00,2026-02-12 19:15:00+00:00,SHORT,65111.13810609754,65111.13810609754,65859.44757560983,65859.44757560983,62866.20969756069,Stop loss,forward-validation,2026,0.03029648645286,24.65512199304033,-22.67114770562583,1.9839742874144957,-24.65512199304033,0.03,EXECUTABLE,24.4138428705942,22.67114770562581,22.44928408536856,0.9786166238164973
S23,63,2026-02-15 17:45:00+00:00,2026-02-15 17:45:00+00:00,2026-02-16 12:15:00+00:00,SHORT,68789.58728735744,68789.58728735744,69074.65085057027,69074.65085057027,67934.39659771897,Stop loss,forward-validation,2026,0.0694739665453906,24.59348418805773,-19.80449645395765,4.788987734100077,-24.59348418805773,0.06,EXECUTABLE,21.23974093690734,19.80449645395765,17.103813792769504,13.636714609062695
S23,64,2026-02-16 19:00:00+00:00,2026-02-16 19:15:00+00:00,2026-02-16 20:15:00+00:00,SHORT,67792.13205654996,67792.13205654996,68153.47177380016,68153.47177380016,66708.11290479936,Stop loss,forward-validation,2026,0.0571425229464076,24.53200047758758,-20.647863084418063,3.8841373931695142,-24.53200047758758,0.05,EXECUTABLE,21.465625958268827,20.64786308441804,18.066985862510048,12.499488258693747
S23,65,2026-02-17 07:30:00+00:00,2026-02-17 07:30:00+00:00,2026-02-17 07:30:00+00:00,SHORT,68166.28114363001,68166.28114363001,68412.87542547997,68412.87542547997,67426.49829808013,Stop loss,forward-validation,2026,0.0777133209239113,24.470670476393607,-19.16366056340743,5.307009912986186,-24.470670476393614,0.07,EXECUTABLE,22.041870209416093,19.16366056340743,17.26159972949725,9.925352349133764
S23,66,2026-02-17 10:30:00+00:00,2026-02-17 10:30:00+00:00,2026-02-17 12:30:00+00:00,SHORT,67758.19600324414,67758.19600324414,68180.21598702343,68180.21598702343,66492.13605190627,Stop loss,forward-validation,2026,0.049816392503353,24.409493800202632,-21.02351315620779,3.385980643994843,-24.409493800202632,0.04,EXECUTABLE,19.599567590976964,21.023513156207766,16.88079935117159,19.705145254530997
S23,67,2026-02-17 17:45:00+00:00,2026-02-17 17:45:00+00:00,2026-02-17 18:15:00+00:00,SHORT,66915.35029825868,66915.35029825868,67537.59880696528,67537.59880696528,65048.604772138875,Stop loss,forward-validation,2026,0.0353145083678085,24.348470065702127,-21.974400167575645,2.3740698981264816,-24.348470065702127,0.03,EXECUTABLE,20.68424949777641,21.97440016757564,18.667455261198047,15.0490792975417
S23,68,2026-02-18 13:45:00+00:00,2026-02-18 13:45:00+00:00,2026-02-18 15:30:00+00:00,SHORT,67198.81770096399,67198.81770096399,67605.72919614402,67605.72919614402,65978.0832154239,Stop loss,forward-validation,2026,0.0512057639835383,24.287598890537865,-20.8362139843773,3.4513849061605733,-24.287598890537872,0.05,EXECUTABLE,23.7156884314292,20.836213984377263,20.345574759001465,2.354742688588596
S23,69,2026-02-19 12:00:00+00:00,2026-02-19 12:00:00+00:00,2026-02-19 17:15:00+00:00,SHORT,66451.21437700241,66451.21437700241,66845.14249199037,66845.14249199037,65269.43003203855,Stop loss,forward-validation,2026,0.052601230760894,24.226879893311526,-20.72110367968534,3.505776213626186,-24.226879893311526,0.05,EXECUTABLE,23.02881467112251,20.721103679685324,19.696405749397673,4.945189919069081
S23,70,2026-02-20 17:15:00+00:00,2026-02-20 17:15:00+00:00,2026-02-20 22:30:00+00:00,SHORT,67033.54061016627,67033.54061016627,67991.83755933495,67991.83755933495,64158.64976266022,Stop loss,forward-validation,2026,0.0235582819583606,24.166312693578245,-22.575829728352566,1.5904829652256895,-24.166312693578252,0.02,EXECUTABLE,20.516192765068645,22.57582972835256,19.165938983373636,15.104165764930922
S23,71,2026-02-23 17:15:00+00:00,2026-02-23 17:15:00+00:00,2026-02-24 04:00:00+00:00,SHORT,65030.357886671554,65030.357886671554,63148.72618674487,65657.56845331378,63148.72618674487,Take profit,forward-validation,2026,0.0348072186003611,24.105896911844297,65.49436590471726,2.2307786996687367,63.26358720504852,0.03,EXECUTABLE,20.776635894366645,21.831455301572404,18.816316999266856,13.810981726391757
S23,72,2026-02-24 13:00:00+00:00,2026-02-24 13:00:00+00:00,2026-02-24 14:30:00+00:00,SHORT,62948.14109051581,62948.14109051581,63363.43563793674,63363.43563793674,61702.25744825303,Stop loss,forward-validation,2026,0.0507138443952365,24.26405587985692,-21.061183056095057,3.2028728237618633,-24.26405587985692,0.05,EXECUTABLE,23.922516789257667,21.061183056095025,20.76472737104632,1.4075927466140725
S23,73,2026-03-01 19:45:00+00:00,2026-03-01 20:00:00+00:00,2026-03-01 22:00:00+00:00,SHORT,65773.06372010321,65773.06372010321,66179.74511958717,66179.74511958717,64553.01952165133,Stop loss,forward-validation,2026,0.0512070160277795,24.20339574015728,-20.824940941575004,3.378454798582275,-24.20339574015728,0.05,EXECUTABLE,23.632890195190324,20.824940941575004,20.334069974198066,2.357130177483302
S23,74,2026-03-03 18:30:00+00:00,2026-03-03 18:30:00+00:00,2026-03-03 21:00:00+00:00,LONG,68631.77600498822,68631.77600498822,67886.89598004713,67886.89598004713,70866.41607981148,Stop loss,forward-validation,2026,0.0296909587836054,24.14288725080688,-22.11620211925677,2.0266851315501193,-24.142887250806886,0.02,EXECUTABLE,16.262787218672084,22.11620211925672,14.897600498821703,32.6394268849159
S23,75,2026-03-04 07:45:00+00:00,2026-03-04 07:45:00+00:00,2026-03-04 08:45:00+00:00,LONG,68978.72802261836,68978.72802261836,71056.64836189388,68286.08790952653,71056.64836189388,Take profit,forward-validation,2026,0.0316345715450405,24.082530032679863,65.73411963770621,2.2149795665362673,63.51914007116995,0.03,EXECUTABLE,22.838175631737354,21.911373212568705,20.779203392755154,5.167041831792285
S23,76,2026-03-04 13:00:00+00:00,2026-03-04 13:00:00+00:00,2026-03-04 19:00:00+00:00,LONG,71366.99892556736,71366.99892556736,73889.98280907776,70526.00429773056,73889.98280907776,Take profit,forward-validation,2026,0.0265821192838611,24.24132788285779,67.06625854273285,1.9306192076419917,65.13563933509087,0.02,EXECUTABLE,18.238822588969057,22.355419514244208,16.819892556736015,24.761454169898812
S23,77,2026-03-05 10:30:00+00:00,2026-03-05 10:30:00+00:00,2026-03-05 13:15:00+00:00,LONG,73428.28682531783,73428.28682531783,72480.85269872866,72480.85269872866,76270.58920508534,Stop loss,forward-validation,2026,0.0239165399111753,24.404166981195516,-22.65934610177946,1.7448208794160551,-24.404166981195516,0.02,EXECUTABLE,20.407773927023925,22.659346101779413,18.948682531783415,16.37586342222207
S23,78,2026-03-10 07:15:00+00:00,2026-03-10 07:15:00+00:00,2026-03-10 13:30:00+00:00,LONG,70444.591535461,70444.591535461,69776.633858156,69776.633858156,72448.46456737602,Stop loss,forward-validation,2026,0.0329822550209854,24.343156563742525,-22.03075045609885,2.31240610764368,-24.343156563742532,0.03,EXECUTABLE,22.142048700054495,22.030750456098804,20.0387303191502,9.041998550699171
S23,79,2026-03-11 16:45:00+00:00,2026-03-11 16:45:00+00:00,2026-03-11 23:45:00+00:00,LONG,70802.79770888759,70802.79770888759,70211.8091644496,70211.8091644496,72575.76334220156,Stop loss,forward-validation,2026,0.0367081649119197,24.28229867233317,-21.694104950285173,2.588193722047998,-24.28229867233317,0.03,EXECUTABLE,19.8448754362398,21.694104950285144,17.72965633313972,18.274312889287092
S23,80,2026-03-12 11:30:00+00:00,2026-03-12 11:30:00+00:00,2026-03-12 12:00:00+00:00,LONG,70643.7394435363,70643.7394435363,70331.04222585482,70331.04222585482,71581.83109658072,Stop loss,forward-validation,2026,0.0632112887295947,24.221592925652335,-19.7659941118046,4.45559881384773,-24.221592925652335,0.06,EXECUTABLE,22.991076510970203,19.765994111804595,18.761833060888456,5.08024562405609
S23,81,2026-03-15 09:00:00+00:00,2026-03-15 09:00:00+00:00,2026-03-15 13:00:00+00:00,LONG,71717.34952250952,71717.34952250952,71492.60190996187,71492.60190996187,72391.59236015248,Stop loss,forward-validation,2026,0.0815280173015525,24.161038943338205,-18.3232272442677,5.837811699070513,-24.161038943338212,0.08,EXECUTABLE,23.70820706111112,18.32322724426769,17.97980900381226,1.8742235517646977
S23,82,2026-03-16 11:00:00+00:00,2026-03-16 11:00:00+00:00,2026-03-16 14:30:00+00:00,LONG,73802.30056489122,73802.30056489122,73169.79774043513,73169.79774043513,75699.80903825951,Stop loss,forward-validation,2026,0.034137416674552,24.100636345979854,-21.592012466288782,2.5086238796910725,-24.100636345979854,0.03,EXECUTABLE,21.179666208262788,21.59201246628878,18.975084733682888,12.119888021978742
S23,83,2026-03-16 18:15:00+00:00,2026-03-16 18:30:00+00:00,2026-03-17 10:00:00+00:00,LONG,74357.01320952598,74357.01320952598,73701.9471618961,73701.9471618961,76322.21135241562,Stop loss,forward-validation,2026,0.0329728874172924,24.04038475511491,-21.599419039390774,2.440965715724134,-24.04038475511491,0.03,EXECUTABLE,21.872865834467774,21.59941903939073,19.651981428896395,9.016157364893962
S23,84,2026-03-22 07:45:00+00:00,2026-03-22 07:45:00+00:00,2026-03-22 21:00:00+00:00,SHORT,68921.35387857658,68921.35387857658,68020.66205722536,69221.58448569366,68020.66205722536,Take profit,forward-validation,2026,0.0649340616590473,23.980283793227127,58.4855782634201,4.446100653244802,54.039477610175304,0.06,EXECUTABLE,22.15812457795263,19.49519275447336,18.013836427024508,7.598572356300215
S23,85,2026-03-24 16:45:00+00:00,2026-03-24 17:00:00+00:00,2026-03-24 20:15:00+00:00,SHORT,69331.46114697402,69331.46114697402,70043.15541210391,70043.15541210391,67196.37835158435,Stop loss,forward-validation,2026,0.0308624919090798,24.11538248725256,-21.964658499309735,2.1507239879428264,-24.11538248725256,0.03,EXECUTABLE,23.441447202282884,21.96465849930968,21.35082795389666,2.794628222570883
S23,86,2026-03-26 15:15:00+00:00,2026-03-26 15:15:00+00:00,2026-03-27 10:45:00+00:00,SHORT,68871.73101816322,68871.73101816322,66773.69629061157,69571.0759273471,66773.69629061157,Take profit,forward-validation,2026,0.0312986578189787,24.05509403103443,65.66567102997358,2.1227599070232506,63.54291112295033,0.03,EXECUTABLE,23.056989379699253,21.888557009991143,20.980347275516543,4.149244438818156
S23,87,2026-03-27 17:45:00+00:00,2026-03-27 18:00:00+00:00,2026-03-27 23:45:00+00:00,SHORT,65544.75293025673,65544.75293025673,66287.98827897308,66287.98827897308,63315.04688410768,Stop loss,forward-validation,2026,0.0299251064178199,24.2139513088418,-22.24139690382224,1.9725544050195576,-24.2139513088418,0.02,EXECUTABLE,16.18303438641929,22.24139690382223,14.864706974326982,33.16648662579079
S23,88,2026-03-30 19:15:00+00:00,2026-03-30 19:15:00+00:00,2026-03-30 21:15:00+00:00,SHORT,66227.47267798461,66227.47267798461,66783.10928806155,66783.10928806155,64560.5628477538,Stop loss,forward-validation,2026,0.0388230022594826,24.153416430569695,-21.57148136846824,2.5819350621014583,-24.153416430569695,0.03,EXECUTABLE,18.664257031798854,21.57148136846819,16.66909830230812,22.726223491197317
S23,89,2026-04-02 08:45:00+00:00,2026-04-02 08:45:00+00:00,2026-04-02 14:30:00+00:00,SHORT,66483.10917937681,66483.10917937681,66808.56328249272,66808.56328249272,65506.74687002911,Stop loss,forward-validation,2026,0.0614461530640061,24.09303288949327,-19.997902635368565,4.095130254124701,-24.09303288949327,0.06,EXECUTABLE,23.525996360810232,19.997902635368565,19.527246186954144,2.3535290525017905
S23,90,2026-04-05 12:15:00+00:00,2026-04-05 12:15:00+00:00,2026-04-05 15:15:00+00:00,SHORT,66879.4503560744,66879.4503560744,67008.19857570235,67008.19857570235,66493.20569719057,Stop loss,forward-validation,2026,0.122809286491718,24.032800307269536,-15.811476989586964,8.221323317682572,-24.032800307269536,0.12,EXECUTABLE,23.483045291260044,15.811476989586955,15.449786355353426,2.287519593974241
S23,91,2026-04-06 08:30:00+00:00,2026-04-06 08:30:00+00:00,2026-04-06 09:15:00+00:00,LONG,69241.05537676933,69241.05537676933,69865.88602830935,69032.77849292266,69865.88602830935,Take profit,forward-validation,2026,0.0864150169853352,23.972718306501367,53.99475136578878,6.010464352148958,47.98428701363982,0.08,EXECUTABLE,22.193104062521527,17.99825045526291,16.66215070773382,7.423497916367749
S23,92,2026-04-06 16:00:00+00:00,2026-04-06 16:00:00+00:00,2026-04-06 17:00:00+00:00,LONG,69994.74517676698,69994.74517676698,69617.01929293205,69617.01929293205,71127.9228282718,Stop loss,forward-validation,2026,0.0538345673998,24.092679024035466,-20.33470955196096,3.75796947207451,-24.092679024035466,0.05,EXECUTABLE,22.376588303489346,20.334709551960948,18.886294191746856,7.122872134037506
S23,93,2026-04-08 12:00:00+00:00,2026-04-08 12:00:00+00:00,2026-04-08 13:15:00+00:00,LONG,71746.71238846694,71746.71238846694,72846.39821547116,71380.1504461322,72846.39821547116,Take profit,forward-validation,2026,0.0548529000287411,24.03244732647537,60.32095673168568,3.965675720401264,56.355281011284426,0.05,EXECUTABLE,21.906268687601898,20.106985577228542,18.3280971167369,8.84711660859926
S23,94,2026-04-08 17:00:00+00:00,2026-04-08 17:00:00+00:00,2026-04-08 18:45:00+00:00,LONG,71698.22197016444,71698.22197016444,71191.11211934229,71191.11211934229,73219.55152263088,Stop loss,forward-validation,2026,0.0417822949825529,24.17333552900358,-21.188213375609415,2.985122153394168,-24.17333552900358,0.04,EXECUTABLE,23.14218071467609,21.188213375609365,20.284394032885903,4.265670383345698
S23,95,2026-04-09 19:45:00+00:00,2026-04-09 19:45:00+00:00,2026-04-09 23:15:00+00:00,LONG,72171.93402190902,72171.93402190902,71701.26391236392,71701.26391236392,73583.94435054432,Stop loss,forward-validation,2026,0.0444390049218076,24.112902190181075,-20.916111314622395,3.1967908755586807,-24.112902190181075,0.04,EXECUTABLE,21.70426834048944,20.916111314622373,18.82680438180396,9.988983618373604
S23,96,2026-04-11 18:30:00+00:00,2026-04-11 18:30:00+00:00,2026-04-11 23:00:00+00:00,LONG,73282.59950505769,73282.59950505769,73052.60197976923,73052.60197976923,73972.59208092307,Stop loss,forward-validation,2026,0.0793383468923666,24.05261993470562,-18.247623445721835,5.804996488983786,-24.05261993470562,0.07,EXECUTABLE,21.22155882216127,18.247623445721818,16.099826770192305,11.770281658420922
S23,97,2026-04-14 13:15:00+00:00,2026-04-14 13:15:00+00:00,2026-04-14 14:00:00+00:00,LONG,74641.42946351705,74641.42946351705,75619.87141627292,74315.28214593176,75619.87141627292,Take profit,forward-validation,2026,0.0598875458525893,23.992488384868853,58.59648730976389,4.499390273154075,54.09709703660981,0.05,EXECUTABLE,20.031283669500638,19.532162436587935,16.3073658792644,16.510187071160132
S23,98,2026-04-16 19:45:00+00:00,2026-04-16 19:45:00+00:00,2026-04-17 01:15:00+00:00,LONG,75341.95161372673,75341.95161372673,74743.19354509309,74743.19354509309,77138.22581962767,Stop loss,forward-validation,2026,0.0358084122390012,24.12773112746038,-21.4405757530617,2.687155374398678,-24.12773112746038,0.03,EXECUTABLE,20.21401923639162,21.4405757530617,17.962742059009322,16.220803648688143
S23,99,2026-04-17 12:00:00+00:00,2026-04-17 12:00:00+00:00,2026-04-17 13:00:00+00:00,LONG,75640.14508147007,75640.14508147007,76500.3213035211,75353.41967411972,76500.3213035211,Take profit,forward-validation,2026,0.0664437808674982,24.067411799641732,57.15336040539099,5.054393904781666,52.09896650060932,0.06,EXECUTABLE,21.733331383688252,19.051120135130333,17.203524441020562,9.6980948154476
S23,100,2026-04-20 09:15:00+00:00,2026-04-20 09:15:00+00:00,2026-04-21 08:45:00+00:00,LONG,75115.81591137643,75115.81591137643,76676.05458202279,74595.73635449431,76676.05458202279,Take profit,forward-validation,2026,0.0406727552947017,24.197659215893257,63.45920565253017,3.086896802151546,60.37230885037863,0.04,EXECUTABLE,23.79741332060226,21.15306855084334,20.80318227528478,1.6540686506904434
S23,101,2026-04-22 08:15:00+00:00,2026-04-22 08:15:00+00:00,2026-04-22 14:00:00+00:00,LONG,78186.6997050767,78186.6997050767,78908.19528122712,77946.20117969322,78908.19528122712,Take profit,forward-validation,2026,0.0764320996835795,24.348589988019203,55.145421797590856,6.003546336687314,49.14187546090354,0.07,EXECUTABLE,22.29954830781018,18.381807265863618,16.834896776843234,8.415442870479396
S23,102,2026-04-22 15:45:00+00:00,2026-04-22 15:45:00+00:00,2026-04-22 16:30:00+00:00,LONG,79364.9369090933,79364.9369090933,78818.25236362677,78818.25236362677,81004.9905454929,Stop loss,forward-validation,2026,0.0391057490185673,24.47144467667146,-21.3785086273437,3.0929360493277596,-24.47144467667146,0.03,EXECUTABLE,18.773284203086725,21.3785086273437,16.400536363995926,23.284936990323136
S23,103,2026-04-26 08:00:00+00:00,2026-04-26 08:00:00+00:00,2026-04-26 09:30:00+00:00,LONG,78140.79973453603,78140.79973453603,77970.80106185585,77970.80106185585,78650.7957525766,Stop loss,forward-validation,2026,0.0984068771751854,24.410266064979783,-16.729038502383727,7.681227562596057,-24.410266064979783,0.09,EXECUTABLE,22.324902577054484,16.729038502383723,15.299880541216844,8.54297729641329
S23,104,2026-04-26 11:15:00+00:00,2026-04-26 11:15:00+00:00,2026-04-26 12:30:00+00:00,LONG,78107.8323168377,78107.8323168377,77980.67073264923,77980.67073264923,78489.31706940309,Stop loss,forward-validation,2026,0.1186576410714145,24.349240399817333,-15.088693614707124,9.260546785110208,-24.349240399817333,0.11,EXECUTABLE,22.57264192845274,15.088693614707118,13.987774260730948,7.296319894143066
S23,105,2026-05-01 18:00:00+00:00,2026-05-01 18:15:00+00:00,2026-05-01 20:15:00+00:00,LONG,78597.65972644603,78597.65972644603,78138.36109421586,78138.36109421586,79975.55562313655,Stop loss,forward-validation,2026,0.0451736547752647,24.288367298817786,-20.748197851117144,3.540169447700648,-24.288367298817793,0.04,EXECUTABLE,21.5066657056202,20.748197851117105,18.371945289206923,11.452814258671818
S23,106,2026-05-02 16:00:00+00:00,2026-05-02 16:00:00+00:00,2026-05-02 18:00:00+00:00,LONG,78499.00365511196,78499.00365511196,78354.98537955216,78354.98537955216,78931.05848179133,Stop loss,forward-validation,2026,0.1089150889662464,24.227646380570743,-15.6857632953602,8.541883085210545,-24.227646380570743,0.1,EXECUTABLE,22.24452700771247,15.685763295360193,14.401827555979253,8.185357098692947
S23,107,2026-05-02 19:00:00+00:00,2026-05-02 19:00:00+00:00,2026-05-02 21:30:00+00:00,LONG,78485.42418321638,78485.42418321638,78812.78693146216,78376.30326713446,78812.78693146216,Take profit,forward-validation,2026,0.1231672123384525,24.16707726461932,40.32035712488753,9.68699108441017,30.633366040477355,0.12,EXECUTABLE,23.545627254964916,13.440119041629176,13.094509929831256,2.571473591323381
S23,108,2026-05-03 09:30:00+00:00,2026-05-03 09:30:00+00:00,2026-05-03 20:30:00+00:00,LONG,78524.29736388609,78524.29736388609,79080.75782217742,78338.81054445564,79080.75782217742,Take profit,forward-validation,2026,0.091860450520395,24.243660679720517,51.11670839542712,7.238835686841757,43.877872708585365,0.09,EXECUTABLE,23.752653604615308,17.038902798475704,16.69381374873992,2.0253008883098667
S23,109,2026-05-05 07:30:00+00:00,2026-05-05 07:30:00+00:00,2026-05-05 07:45:00+00:00,LONG,81092.76517475638,81092.76517475638,80865.93930097445,80865.93930097445,81773.24279610216,Stop loss,forward-validation,2026,0.0791193693375628,24.353355361491975,-17.9463200830677,6.407035278424274,-24.353355361491975,0.07,EXECUTABLE,21.54636582138549,17.94632008306768,15.877811164734887,11.526089520070625
S23,110,2026-05-05 10:45:00+00:00,2026-05-05 11:00:00+00:00,2026-05-05 13:00:00+00:00,LONG,80838.8693748966,80838.8693748966,81376.9099983457,80659.52250041357,81376.9099983457,Take profit,forward-validation,2026,0.0933980737724984,24.29247197308824,50.25195784149961,7.575320664482709,42.6766371770169,0.09,EXECUTABLE,23.408646337861807,16.750652613833193,16.14121870347284,3.6382696508019285
S23,111,2026-05-05 19:45:00+00:00,2026-05-05 19:45:00+00:00,2026-05-05 21:30:00+00:00,LONG,81673.28622820866,81673.28622820866,81398.85508716539,81398.85508716539,82496.57965133847,Stop loss,forward-validation,2026,0.0685432892806096,24.399163566030783,-18.810413088136713,5.58875047789407,-24.399163566030783,0.06,EXECUTABLE,21.3580327020575,18.810413088136702,16.465868462596262,12.464078351469531
S23,112,2026-05-06 09:45:00+00:00,2026-05-06 10:00:00+00:00,2026-05-06 13:45:00+00:00,LONG,82064.53079051485,82064.53079051485,81637.87683794058,81637.87683794058,83344.49264823766,Stop loss,forward-validation,2026,0.047862180651166,24.33816565711571,-20.420588553643736,3.917577103471976,-24.33816565711571,0.04,EXECUTABLE,20.340206255539922,20.420588553643725,17.066158102970803,16.426707985722466
S23,113,2026-05-09 08:15:00+00:00,2026-05-09 08:15:00+00:00,2026-05-10 15:30:00+00:00,LONG,80385.91036582318,80409.0,81181.92438987807,80151.35853670731,81181.92438987807,Take profit,forward-validation,2026,0.0771148100345647,24.277320242972927,59.60391749652917,6.230526718817579,53.373390777711585,0.07,EXECUTABLE,22.037432449699192,19.867972498843056,18.034902430488295,9.226256320122772
S23,114,2026-05-11 15:30:00+00:00,2026-05-11 15:30:00+00:00,2026-05-12 01:30:00+00:00,LONG,81399.99314709917,81399.99314709917,80751.0274116033,80751.0274116033,83346.8903535868,Stop loss,forward-validation,2026,0.0334374994031954,24.410753719917196,-21.69979139333763,2.7109623265795704,-24.410753719917203,0.03,EXECUTABLE,21.901237373256823,21.69979139333763,19.468972064876287,10.280372230427325
S23,115,2026-05-16 09:15:00+00:00,2026-05-16 09:15:00+00:00,2026-05-17 10:00:00+00:00,SHORT,78211.60501011214,78211.60501011214,78457.57995955145,78457.57995955145,77473.68016179418,Stop loss,forward-validation,2026,0.0750817465657928,24.3497268356174,-18.468228815336605,5.881498020280805,-24.349726835617407,0.07,EXECUTABLE,22.701667934690512,18.468228815336584,17.218246460752272,6.7682849670255845
S23,116,2026-05-17 17:15:00+00:00,2026-05-17 17:15:00+00:00,2026-05-17 18:00:00+00:00,SHORT,77850.69473008461,77850.69473008461,78158.22107966155,78158.22107966155,76928.11568135377,Stop loss,forward-validation,2026,0.0630010677413211,24.28885251852836,-19.37448838193842,4.914364136589939,-24.28885251852836,0.06,EXECUTABLE,23.131848448909192,19.37448838193842,18.451580974616807,4.763518855971327
S23,117,2026-05-18 10:15:00+00:00,2026-05-18 10:15:00+00:00,2026-05-18 11:30:00+00:00,SHORT,76731.38450187346,76731.38450187346,76972.4619925062,76972.4619925062,76008.15202997523,Stop loss,forward-validation,2026,0.0762060046334119,24.22813038723204,-18.37155236817009,5.856578019061965,-24.22813038723205,0.07,EXECUTABLE,22.255058971595254,18.371552368170082,16.87542434429197,8.143721302889196
S23,118,2026-05-18 14:15:00+00:00,2026-05-18 14:15:00+00:00,2026-05-18 22:15:00+00:00,SHORT,76618.98364771812,76618.98364771812,77160.06540912748,77160.06540912748,74995.73836349006,Stop loss,forward-validation,2026,0.0391079013074037,24.167560061263963,-21.1605721244332,3.00698793683076,-24.167560061263963,0.03,EXECUTABLE,18.53913857813333,21.16057212443317,16.23245284228062,23.289158975348656
S23,119,2026-05-21 12:30:00+00:00,2026-05-21 12:30:00+00:00,2026-05-21 12:30:00+00:00,SHORT,77010.82354360961,77010.82354360961,77235.21582556155,77235.21582556155,76337.64669775381,Stop loss,forward-validation,2026,0.0799532926861938,24.107141161110803,-17.940901795426043,6.16623936568476,-24.107141161110803,0.07,EXECUTABLE,21.1060711145565,17.94090179542604,15.707459736635503,12.448884031904939
S23,120,2026-05-21 16:45:00+00:00,2026-05-21 16:45:00+00:00,2026-05-21 17:00:00+00:00,SHORT,76941.58666305711,76941.58666305711,77247.29334777159,77247.29334777159,76024.46660891369,Stop loss,forward-validation,2026,0.0628181887548113,24.046873308208028,-19.203940224001432,4.842933084206595,-24.046873308208028,0.06,EXECUTABLE,22.96806748319332,19.20394022400143,18.342401082868456,4.4862623559732135
S23,121,2026-05-22 08:45:00+00:00,2026-05-22 09:00:00+00:00,2026-05-22 12:15:00+00:00,SHORT,77118.72743107725,77118.72743107725,77482.10027569099,77482.10027569099,76028.60889723603,Stop loss,forward-validation,2026,0.0544320665346818,23.986756124937507,-19.779134854911664,4.207621270025847,-23.986756124937507,0.05,EXECUTABLE,22.033662923356186,19.77913485491165,18.168642230686967,8.142381535078913
S23,122,2026-05-22 13:30:00+00:00,2026-05-22 13:30:00+00:00,2026-05-22 18:45:00+00:00,SHORT,77217.23974208551,77215.0,76404.48690502609,77485.17103165797,76404.48690502609,Take profit,forward-validation,2026,0.0692962706882764,23.92678923462516,56.16553482570484,5.322628773782416,50.84290605192243,0.06,EXECUTABLE,20.716949697559798,18.721844941901594,16.21026189947821,13.415253946485684
S23,123,2026-05-23 12:15:00+00:00,2026-05-23 12:15:00+00:00,2026-05-23 13:00:00+00:00,SHORT,74608.13222316864,74608.13222316864,74770.99110732549,74770.99110732549,74119.55557069807,Stop loss,forward-validation,2026,0.1012589091732833,24.053896499754966,-16.49091295890137,7.562983540853595,-24.053896499754966,0.1,EXECUTABLE,23.754844582210332,16.49091295890137,16.285888415685623,1.2432576881990065
S23,124,2026-05-26 07:15:00+00:00,2026-05-26 07:15:00+00:00,2026-05-26 10:15:00+00:00,SHORT,76584.33139634502,76584.33139634502,76929.51441461995,76929.51441461995,75548.78234152024,Stop loss,forward-validation,2026,0.0568653483985926,23.99376175850558,-19.628952595481405,4.3648091630241765,-23.99376175850558,0.05,EXECUTABLE,21.096997059020413,19.62895259548139,17.25915091374627,12.07299100758259
S23,125,2026-05-27 17:15:00+00:00,2026-05-27 17:15:00+00:00,2026-05-27 20:15:00+00:00,SHORT,74815.22191630316,74815.22191630316,75262.75233478742,75262.75233478742,73472.63066085035,Stop loss,forward-validation,2026,0.0458001886394014,23.933777354109314,-20.496977588449724,3.436799765659587,-23.933777354109314,0.04,EXECUTABLE,20.902776224392532,20.496977588449724,17.90121673937072,12.664115174433055
S23,126,2026-06-01 10:30:00+00:00,2026-06-01 10:30:00+00:00,2026-06-01 13:00:00+00:00,SHORT,72569.75128068091,72569.75128068091,71748.94049089451,72843.35487727638,71748.94049089451,Take profit,forward-validation,2026,0.0689380398846734,23.873942910724043,56.58508696406486,4.974523864726381,51.61056309933848,0.06,EXECUTABLE,20.778608980466647,18.86169565468827,16.41621579572791,12.96532349864583
S23,127,2026-06-02 18:30:00+00:00,2026-06-02 18:30:00+00:00,2026-06-02 21:00:00+00:00,SHORT,67165.44084149967,67165.44084149967,67609.34663400134,67609.34663400134,65833.72346399467,Stop loss,forward-validation,2026,0.046945607656177,24.00296931847239,-20.83942717108763,3.163542147384758,-24.00296931847239,0.04,EXECUTABLE,20.451727449576747,20.839427171087614,17.75623170006671,14.795010657963259
S23,128,2026-06-03 16:00:00+00:00,2026-06-03 16:00:00+00:00,2026-06-04 00:15:00+00:00,SHORT,65960.77918619999,65960.77918619999,63931.20697919988,66637.30325520002,63931.20697919988,Take profit,forward-validation,2026,0.0322323869111468,23.942961895176207,65.4179566401376,2.093364377370249,63.324592262767354,0.03,EXECUTABLE,22.28469330662208,21.80598554671252,20.295722070001066,6.925912490752529
S23,129,2026-06-04 07:15:00+00:00,2026-06-04 07:15:00+00:00,2026-06-04 14:00:00+00:00,SHORT,63639.40772491937,63639.40772491937,64334.88910032249,64334.88910032249,61552.96359871001,Stop loss,forward-validation,2026,0.0317343940137807,24.10127337583312,-22.07067999628875,2.030593379544375,-24.101273375833127,0.03,EXECUTABLE,22.784055714472235,22.070679996288742,20.864441262093603,5.465344676276274
S23,130,2026-06-04 17:30:00+00:00,2026-06-04 17:30:00+00:00,2026-06-04 18:15:00+00:00,SHORT,63020.489971382136,63020.489971382136,63720.40011447146,63720.40011447146,60920.759542114174,Stop loss,forward-validation,2026,0.0314969626716461,24.041020192393535,-22.045043650390873,1.9959765420026712,-24.041020192393542,0.03,EXECUTABLE,22.898417643967473,22.045043650390813,20.99730429267962,4.752720721841808
S23,131,2026-06-05 11:15:00+00:00,2026-06-05 11:15:00+00:00,2026-06-05 14:00:00+00:00,SHORT,62183.62388506169,62183.62388506169,60630.70216098702,62701.26445975324,60630.70216098702,Take profit,forward-validation,2026,0.0413404924158561,23.98091764191257,64.19854875652689,2.5386023572325773,61.65994639929431,0.04,EXECUTABLE,23.20332075455852,21.39951625217563,20.70562298766221,3.242565188560631
S23,132,2026-06-05 18:15:00+00:00,2026-06-05 18:15:00+00:00,2026-06-05 18:45:00+00:00,SHORT,60539.308384939206,60539.308384939206,59105.01415902732,61017.40646024317,59105.01415902732,Take profit,forward-validation,2026,0.044787758458455,24.135067507910797,64.23882334849839,2.679300509512333,61.55952283898605,0.04,EXECUTABLE,21.55505730906218,21.412941116166085,19.123923012158485,10.689881841030536
S23,133,2026-06-09 11:15:00+00:00,2026-06-09 11:15:00+00:00,2026-06-09 12:00:00+00:00,SHORT,62478.463321072464,62478.463321072464,62833.11671571014,62833.11671571014,61414.503137159445,Stop loss,forward-validation,2026,0.0582037664352549,24.288966315008267,-20.64216334696144,3.646802968046829,-24.288966315008267,0.05,EXECUTABLE,20.865459232803254,20.642163346961404,17.732669731883654,14.094906460015189
S23,134,2026-06-09 13:30:00+00:00,2026-06-09 13:30:00+00:00,2026-06-10 09:15:00+00:00,SHORT,62219.06808954664,62219.06808954664,60680.00943274633,62732.087641813414,60680.00943274633,Take profit,forward-validation,2026,0.0420998243610585,24.228243899220743,64.79409913265991,2.5870147889123283,62.20708434374758,0.04,EXECUTABLE,23.01980520529809,21.598033044219925,20.52078209067084,4.987727129334041
S23,135,2026-06-15 11:00:00+00:00,2026-06-15 11:00:00+00:00,2026-06-15 13:15:00+00:00,LONG,65936.95949786746,65936.95949786746,66841.00196587942,65635.61200853014,66841.00196587942,Take profit,forward-validation,2026,0.0664165578448023,24.38376161008011,60.04338887087426,4.4093275790359385,55.63406129183832,0.06,EXECUTABLE,22.028026505431153,20.014462956958088,18.080849360239224,9.661081593231735
S23,136,2026-06-15 15:45:00+00:00,2026-06-15 15:45:00+00:00,2026-06-15 19:15:00+00:00,LONG,66892.84009918792,66892.84009918792,66512.84960324834,66512.84960324834,68032.81158700665,Stop loss,forward-validation,2026,0.0548986172927853,24.522846763309705,-20.860952811482647,3.661893951827061,-24.522846763309705,0.05,EXECUTABLE,22.33466703953987,20.860952811482633,18.99952479697895,8.923024903632804
S23,137,2026-06-19 09:15:00+00:00,2026-06-19 09:15:00+00:00,2026-06-19 12:45:00+00:00,SHORT,62255.41765305241,62255.41765305241,62637.019387790344,62637.019387790344,61110.61244883862,Stop loss,forward-validation,2026,0.0550876081443605,24.46153964640143,-21.02152683045135,3.44001281595008,-24.46153964640143,0.05,EXECUTABLE,22.202397662917626,21.02152683045135,19.080086736896558,9.235485648656416
S23,138,2026-06-23 13:30:00+00:00,2026-06-23 13:30:00+00:00,2026-06-23 13:30:00+00:00,SHORT,61937.74577119005,61937.74577119005,62246.95691523978,62246.95691523978,61010.112339040854,Stop loss,forward-validation,2026,0.0657154756150699,24.400385797285423,-20.31995739670803,4.080428400577395,-24.40038579728543,0.06,EXECUTABLE,22.27820972357682,20.319957396708023,18.552668642983917,8.697305408772271
S23,139,2026-06-23 18:00:00+00:00,2026-06-23 18:00:00+00:00,2026-06-23 22:00:00+00:00,SHORT,62241.539473853954,62241.539473853954,62657.572104584186,62657.572104584186,60993.44158166326,Stop loss,forward-validation,2026,0.050867901707774,24.339384832792213,-21.162706967212063,3.1766778655801486,-24.339384832792213,0.05,EXECUTABLE,23.924109325972545,21.162706967212035,20.80163153651156,1.7061873571273312
S23,140,2026-06-25 19:15:00+00:00,2026-06-25 19:15:00+00:00,2026-06-25 20:00:00+00:00,SHORT,59118.30353647735,59118.30353647735,59585.54585409057,59585.54585409057,57716.57658363771,Stop loss,forward-validation,2026,0.046104826866844,24.27853637071023,-21.5421261584202,2.736410212290033,-24.27853637071023,0.04,EXECUTABLE,21.06376969233995,21.542126158420178,18.68969270452857,13.241188139531324
S23,141,2026-06-28 16:45:00+00:00,2026-06-28 16:45:00+00:00,2026-06-29 03:00:00+00:00,SHORT,59511.26774001916,59511.26774001916,59847.54903992336,59847.54903992336,58502.42384030656,Stop loss,forward-validation,2026,0.0611622302983438,24.217840029783453,-20.567714309767112,3.6501257200163377,-24.217840029783453,0.06,EXECUTABLE,23.757642497650295,20.56771430976709,20.17687799425199,1.900241852977802
S23,142,2026-06-30 08:15:00+00:00,2026-06-30 08:15:00+00:00,2026-06-30 12:15:00+00:00,SHORT,59328.68788777332,59328.68788777332,58825.1062043731,59496.54844890672,58825.1062043731,Take profit,forward-validation,2026,0.1062918884838401,24.157295429708995,53.52664813448046,6.279394952792519,47.247253181687945,0.1,EXECUTABLE,22.727317930174614,17.842216044826042,16.786056113339875,5.919443688119874
S23,143,2026-07-03 07:45:00+00:00,2026-07-03 07:45:00+00:00,2026-07-03 08:45:00+00:00,LONG,61777.16063662533,61777.16063662533,61596.51745349865,61596.51745349865,62319.09018600538,Stop loss,forward-validation,2026,0.1001750148211465,24.275413562663218,-18.09593354705445,6.179480015608769,-24.275413562663218,0.1,EXECUTABLE,24.233002217174406,18.095933547054436,18.064318312668185,0.17470905440739593
S23,144,2026-07-03 10:45:00+00:00,2026-07-03 11:00:00+00:00,2026-07-04 17:45:00+00:00,LONG,61982.412406511474,61982.412406511474,63235.00850418356,61564.88037395411,63235.00850418356,Take profit,forward-validation,2026,0.0505204217106804,24.21472502875656,63.281683087546625,3.163018454966046,60.118664632580575,0.05,EXECUTABLE,23.965283947379824,21.093894362515517,20.87660162786815,1.0301214698102523
S23,145,2026-07-04 19:30:00+00:00,2026-07-04 19:30:00+00:00,2026-07-04 23:00:00+00:00,LONG,63337.50441248843,63337.50441248843,63043.04235004629,63043.04235004629,64220.89059981484,Stop loss,forward-validation,2026,0.0681248778488855,24.365021690338008,-20.06019203500148,4.3048296553365235,-24.365021690338008,0.06,EXECUTABLE,21.459140149404266,20.060192035001467,17.667723746528207,11.926447584842792
S23,146,2026-07-09 13:45:00+00:00,2026-07-09 13:45:00+00:00,2026-07-10 09:30:00+00:00,LONG,62914.76232340812,62914.76232340812,64410.867174529914,62416.06070636752,64410.867174529914,Take profit,forward-validation,2026,0.0432945076925013,24.30410913611216,64.77312298568124,2.75625022287553,62.01687276280571,0.04,EXECUTABLE,22.45468114221951,21.591040995227036,19.948064681623947,7.60952801658007
S23,147,2026-07-11 17:30:00+00:00,2026-07-11 17:30:00+00:00,2026-07-11 23:00:00+00:00,LONG,64260.79019532108,64260.79019532108,64097.43921871567,64097.43921871567,64750.84312513732,Stop loss,forward-validation,2026,0.1074985342683019,24.459151318019178,-17.559990556377482,6.899160761641695,-24.459151318019178,0.1,EXECUTABLE,22.753009131243058,17.55999055637748,16.335097660541216,6.975475823313615
S23,148,2026-07-19 10:45:00+00:00,2026-07-19 10:45:00+00:00,2026-07-19 11:00:00+00:00,LONG,64627.28511601763,64627.28511601763,64516.24953592945,64516.24953592945,64960.3918562822,Stop loss,forward-validation,2026,0.1389349807908869,24.39800343972413,-15.426726186657383,8.971277253067754,-24.39800343972413,0.13,EXECUTABLE,22.828955163840057,15.426726186656373,14.434625411463495,6.4310519496418745
S23,149,2026-07-20 15:45:00+00:00,2026-07-20 15:45:00+00:00,2026-07-21 14:00:00+00:00,LONG,65251.4643390365,65251.4643390365,66919.55942458403,64695.432643853994,66919.55942458403,Take profit,forward-validation,2026,0.0391897050757803,24.33700843112482,65.37215444096633,2.589871720430122,62.782282720536195,0.03,EXECUTABLE,18.630154310218614,21.790718146988656,16.68095085547524,23.449283575904335
S23,150,2026-07-27 10:30:00+00:00,2026-07-27 10:30:00+00:00,2026-07-27 11:15:00+00:00,LONG,65337.56420339349,65337.56420339349,65157.16318642602,65157.16318642602,65878.7672542959,Stop loss,forward-validation,2026,0.0997114822083459,24.49396413792616,-17.98805279371969,6.50591134420647,-24.49396413792616,0.09,EXECUTABLE,22.108354259614448,17.98805279371969,16.236091527072567,9.739582637086752
S23,151,2026-07-28 08:15:00+00:00,2026-07-28 08:30:00+00:00,2026-07-28 09:30:00+00:00,SHORT,63360.38133690215,63360.38133690215,63486.04465239138,63486.04465239138,62983.39139043447,Stop loss,forward-validation,2026,0.129214542270605,24.43272922758134,-16.237527791146974,8.19520143643437,-24.43272922758134,0.12,EXECUTABLE,22.690383418064737,16.237527791146974,15.079597858707128,7.131196000607753
S23,152,2026-07-31 12:15:00+00:00,2026-07-31 12:30:00+00:00,2026-07-31 14:00:00+00:00,SHORT,63627.26899494033,63627.26899494033,63081.55391904521,63809.1740202387,63081.55391904521,Take profit,forward-validation,2026,0.0992237002052397,24.37164740451239,54.147869088096805,6.286259129088059,47.861609959008746,0.09,EXECUTABLE,22.106092212536595,18.049289696032254,16.371452276853525,9.295863978223851
S23,153,2026-08-03 12:00:00+00:00,2026-08-03 12:00:00+00:00,2026-08-03 13:15:00+00:00,SHORT,62449.11292062179,62449.11292062179,62721.85831751282,62721.85831751282,61630.876729948715,Stop loss,forward-validation,2026,0.0730362239412057,24.491301429409916,-19.920293886266073,4.5710075431433115,-24.491301429409916,0.07,EXECUTABLE,23.473161775707116,19.920293886266588,19.092177782372385,4.1571480251359265
S24,1,2026-08-14 19:00:00+00:00,2026-08-14 19:00:00+00:00,2026-08-15 02:15:00+00:00,SHORT,62821.09154523622,62821.09154523622,62992.293819055136,62992.293819055136,62307.48472377946,Stop loss,forward-validation,2026,0.1067878790532626,25.0,-18.282327710218265,6.717672289781735,-25.0,0.1,EXECUTABLE,23.410896650106466,18.282327710218258,17.12022738189189,6.3564133995741345
S24,2,2026-08-31 18:45:00+00:00,2026-08-31 19:00:00+00:00,2026-08-31 21:00:00+00:00,LONG,79211.621842226,79211.621842226,78770.53263109602,78770.53263109602,80534.88947561593,Stop loss,forward-validation,2026,0.0479493273592787,24.9375,-21.14993097911727,3.7875690208827337,-24.9375,0.04,EXECUTABLE,20.80321153466553,21.14993097911723,17.643568445199055,16.57860036224349
S24,3,2026-09-03 12:45:00+00:00,2026-09-03 12:45:00+00:00,2026-09-03 14:45:00+00:00,LONG,78404.24907704603,78404.24907704603,80017.66523273653,77866.44369181586,80017.66523273653,Take profit,forward-validation,2026,0.0403856328591769,24.87515625,65.15883251278126,3.198984634081433,61.959847878699826,0.04,EXECUTABLE,24.63762926458395,21.719610837593738,21.512215409206693,0.9548763554642958
S24,4,2026-09-09 12:45:00+00:00,2026-09-09 12:45:00+00:00,2026-09-09 13:30:00+00:00,LONG,79588.14962437566,79588.14962437566,79261.12150249741,79261.12150249741,80569.2339900104,Stop loss,forward-validation,2026,0.0615817100792776,25.030055869696746,-20.13895098927691,4.891104880419834,-25.030055869696746,0.06,EXECUTABLE,24.387165446501058,20.138950989276896,19.62168731269485,2.5684737842475935
S24,5,2026-09-09 19:45:00+00:00,2026-09-09 19:45:00+00:00,2026-09-10 12:30:00+00:00,SHORT,78269.35743843805,78269.35743843805,77240.94901500878,78612.1602462478,77240.94901500878,Take profit,forward-validation,2026,0.0592708891163741,24.96748073002251,60.95468163142128,4.608617065127806,56.34606456629347,0.05,EXECUTABLE,21.062178332604955,20.318227210473744,17.140140390487797,15.641555668536334
S24,6,2026-09-10 16:15:00+00:00,2026-09-10 16:15:00+00:00,2026-09-10 17:30:00+00:00,SHORT,76866.83629945961,76866.83629945961,77327.85480216159,77327.85480216159,75483.78079135368,Stop loss,forward-validation,2026,0.0466597405985398,25.10834589143824,-21.511003747201432,3.5973421442368103,-25.10834589143824,0.04,EXECUTABLE,21.524633930111474,21.511003747201425,18.440740108079044,14.27299104776466
S24,7,2026-09-11 11:15:00+00:00,2026-09-11 11:15:00+00:00,2026-09-11 12:00:00+00:00,SHORT,76722.70920022432,76722.70920022432,77033.61319910277,77033.61319910277,75789.99720358897,Stop loss,forward-validation,2026,0.0645867128639042,25.04557502670964,-20.08026730380204,4.965307722907612,-25.04557502670965,0.06,EXECUTABLE,23.266929604686798,20.08026730380203,18.654239932706986,7.101635399171391
